frame,track_id,mu_CV,mu_CA,dominant,nu_CV_norm,nu_CA_norm,L_CV,L_CA,ax,ay,P_trace
7,42,0.7,0.3,CV,6.7263,6.7263,-8.06134008741031,-8.06134008741031,0.0,0.0,71.6296
8,42,0.6489,0.3511,CV,1.861,1.861,-6.720345481885666,-6.737321898040522,1.04492,-0.24337,98.202
9,42,0.6,0.4,CV,13.2822,13.2526,-15.00329962765749,-14.88878442417981,14.08887,-2.37422,148.8634
10,42,0.5446,0.4554,CV,12.8313,12.3505,-11.953662832108634,-11.685167640009144,18.46171,-0.13634,202.4781
11,42,0.6037,0.3963,CV,4.6256,4.264,-10.818387487039244,-10.872963631872286,14.22025,2.27425,226.1949
12,42,0.6165,0.3835,CV,6.9672,6.7839,-19.024732791624025,-19.0467073370879,10.53507,2.83265,221.0561
13,42,0.6115,0.3885,CV,5.233,4.7652,-12.161914841720863,-12.143754308224445,9.458,1.85723,208.5023
14,42,0.6375,0.3625,CV,7.1763,7.5588,-9.807752086107138,-9.908052285640391,2.74301,0.5535,193.7881
14,44,0.7,0.3,CV,3.8184,3.8184,-6.187809762841004,-6.187809762841004,0.0,0.0,27.1581
15,42,0.6271,0.3729,CV,4.3316,4.2307,-8.750470292872944,-8.767528506609676,2.51582,0.09147,178.335
15,44,0.6353,0.3647,CV,10.0957,10.0957,-10.422705171353734,-10.380631891580048,3.36647,2.60136,35.2758
16,42,0.623,0.377,CV,2.4629,2.3472,-9.146625165385558,-9.16173545795336,1.79053,-0.00163,166.0262
16,44,0.589,0.411,CV,6.1169,5.9983,-6.949151902162203,-6.809226142864419,7.93372,6.24483,54.125
16,45,0.7,0.3,CV,12.466,12.466,-11.265128071706714,-11.265128071706714,0.0,0.0,29.4255
17,42,0.6194,0.3806,CV,4.2277,4.1442,-7.378201935436898,-7.383847513869867,1.44106,-0.15436,157.1978
17,44,0.5072,0.4928,CV,6.8952,6.5022,-7.694498375264882,-7.2921735393326035,13.60354,7.21195,72.8555
18,42,0.6191,0.3809,CV,1.6655,1.5883,-7.362220257701012,-7.371799486174437,0.99683,-0.14053,149.8049
18,44,0.4349,0.5651,CA,7.5523,6.8928,-7.752389219525789,-7.17811202533168,19.04858,7.63921,88.7323
19,42,0.6111,0.3889,CV,15.6434,15.6157,-10.159815360438232,-10.136293865006426,1.73432,-0.08437,138.6065
19,44,0.4147,0.5853,CA,7.3508,6.5529,-8.1321890202323,-7.5780800771648105,24.31442,7.49323,95.1448
20,42,0.6147,0.3853,CV,3.4192,3.352,-7.123791584125631,-7.127135476698305,1.22802,-0.00935,131.6552
20,44,0.6096,0.3904,CV,2.0606,2.9027,-5.6158751232128825,-5.8804797010106045,13.76,4.43827,90.1347
21,42,0.6165,0.3835,CV,2.2962,2.2301,-7.191228407587605,-7.1971496654699685,0.92776,-0.00306,126.8081
21,44,0.659,0.341,CV,3.5994,4.1046,-6.511620442724691,-6.709118344859626,2.34955,0.70238,75.9705
22,42,0.6183,0.3817,CV,11.0468,11.0865,-9.516779257636625,-9.527487231606834,0.0339,-0.24787,126.815
22,44,0.6404,0.3596,CV,3.8334,3.8926,-6.432409921635462,-6.474354709460794,-1.43951,-1.11714,63.4689
23,42,0.6187,0.3813,CV,3.7066,3.7272,-7.225849255993155,-7.235691821747982,-0.05931,-0.11248,122.4744
23,44,0.631,0.369,CV,2.1264,2.07,-10.877418354819094,-10.906759508177096,-1.13743,-1.0527,53.4405
24,42,0.6185,0.3815,CV,2.2641,2.2656,-7.094477060949709,-7.102561460987108,-0.0805,-0.01386,121.1388
24,44,0.6267,0.3733,CV,3.6656,3.6956,-7.850443842333339,-7.875471145622764,0.40133,-0.53146,46.637
24,45,0.5,0.5,CA,19.9434,19.9434,-10.539412235153417,-10.530617436086708,0.59782,1.61781,78.0112
25,42,0.618,0.382,CV,6.3611,6.3645,-8.868166150006338,-8.874570009934207,-0.2483,0.08604,117.2514
25,44,0.6177,0.3823,CV,3.9312,3.8948,-6.88582356582048,-6.878831543376166,0.85107,-0.43721,41.2906
25,45,0.5808,0.4192,CV,5.4137,5.4737,-9.053682315264524,-9.077421848510074,-0.11877,1.04041,68.9803
26,42,0.6151,0.3849,CV,12.8654,12.8649,-9.48757506507518,-9.482418173588327,0.54602,0.23692,111.5518
26,44,0.6189,0.3811,CV,3.8471,3.8664,-5.665468501049277,-5.677076359384509,-0.0539,-0.5277,37.6459
26,45,0.6,0.4,CV,9.6208,9.6158,-12.656332710990615,-12.642497192540834,-1.05394,0.66246,65.5378
27,42,0.6155,0.3845,CV,4.8512,4.8023,-7.187656046475282,-7.188451573242547,0.47635,0.24301,107.698
27,44,0.6119,0.3881,CV,5.5106,5.4965,-6.934320583310168,-6.914542959614233,-0.72941,-0.58835,34.2899
27,45,0.5993,0.4007,CV,10.4339,10.3825,-14.665367484864017,-14.62070692287054,-1.59991,0.19627,63.5135
28,42,0.6177,0.3823,CV,2.1243,2.1091,-8.01246514186989,-8.022164652882452,0.16793,0.15411,104.9099
28,44,0.6051,0.3949,CV,5.7746,5.7347,-7.528148777522434,-7.490028239977337,-1.07124,-0.43316,31.8072
28,45,0.5871,0.4129,CV,13.7556,13.6664,-14.722314963507866,-14.628158843325092,-2.15215,0.11788,62.7925
29,42,0.619,0.381,CV,4.0601,4.0837,-8.317707837535902,-8.329725307001045,-0.17215,0.1215,103.6589
29,44,0.5994,0.4006,CV,6.5752,6.525,-7.499948646642494,-7.448275730297753,-1.24568,-0.22364,30.2941
29,45,0.5952,0.4048,CV,8.064,7.9562,-11.127306817211378,-11.084406740967903,-1.93726,-0.12856,62.9242
30,42,0.619,0.381,CV,0.9141,0.9022,-6.745245422652362,-6.755336839679707,-0.14243,0.05768,101.2644
30,44,0.5987,0.4013,CV,5.7192,5.6554,-6.560075493843652,-6.5136252519024955,-1.2387,-0.14121,29.3823
30,45,0.5766,0.4234,CV,23.5513,23.4634,-17.188776785945624,-17.057249096902886,-2.4152,0.22099,68.354
31,42,0.6182,0.3818,CV,5.2099,5.2041,-7.202105938370255,-7.208433769239607,-0.41343,-0.14024,99.0523
31,44,0.5996,0.4004,CV,5.4351,5.3722,-6.569786064135837,-6.528009074499165,-1.22406,-0.10084,28.1671
31,45,0.566,0.434,CV,32.8333,32.707,-25.65021460122928,-25.502851081311853,-2.48508,0.49115,81.6888
32,42,0.6187,0.3813,CV,6.8125,6.8348,-7.800527440252554,-7.810345020445288,0.2341,-0.06221,97.2325
32,44,0.6048,0.3952,CV,3.4984,3.4361,-5.8098371976011505,-5.7885117566521345,-1.05958,-0.06881,27.2579
32,45,0.5783,0.4217,CV,22.9487,22.773,-20.6670785964857,-20.58543034597978,-2.2701,0.56437,95.7044
33,42,0.6173,0.3827,CV,6.5414,6.5302,-10.083646422929405,-10.086806556608648,0.57734,0.00129,96.3179
33,44,0.6061,0.3939,CV,4.0263,3.9718,-6.375066008634516,-6.351530945998979,-1.00397,-0.0487,26.5713
34,42,0.617,0.383,CV,4.2342,4.2048,-8.388788579844183,-8.39274211633192,0.62033,0.04354,94.6742
34,44,0.6097,0.3903,CV,3.0517,3.0073,-6.533426387027838,-6.523120541595964,-0.84498,-0.0811,25.6405
35,42,0.6172,0.3828,CV,3.1681,3.1374,-9.725897613131655,-9.731265836708438,0.57559,0.0216,94.0112
35,44,0.6141,0.3859,CV,2.605,2.5903,-5.106609107226508,-5.109525244793341,-0.61399,-0.01071,25.5903
36,42,0.6184,0.3816,CV,7.0616,7.0884,-10.21578253676938,-10.225892245717002,-0.06901,-0.09552,94.6801
36,44,0.6157,0.3843,CV,1.6412,1.6103,-4.9257054144158205,-4.929001493299532,-0.47899,0.01016,25.3936
37,42,0.617,0.383,CV,7.4844,7.4761,-11.502013513382192,-11.504497505944633,-0.47136,-0.19299,95.4427
37,44,0.6152,0.3848,CV,2.7365,2.7109,-5.771640380632257,-5.770401082511097,-0.48726,0.0137,25.0669
38,42,0.6163,0.3837,CV,6.6715,6.6518,-9.62818504342879,-9.629729113139913,-0.6829,-0.12992,94.327
38,44,0.6161,0.3839,CV,2.2902,2.2741,-5.638152801886177,-5.641538869945605,-0.41471,-0.03266,24.4499
39,42,0.6162,0.3838,CV,11.9998,12.0186,-16.60438140799875,-16.606389725163943,0.02829,-0.03906,89.0781
39,44,0.6184,0.3816,CV,3.1437,3.158,-6.4452516844470065,-6.45671670931954,-0.07685,0.06961,23.7074
39,45,0.5,0.5,CA,54.8472,54.8572,-17.963270360419607,-17.937436203790575,0.21388,0.60743,122.2136
40,42,0.6158,0.3842,CV,5.9494,5.9232,-11.182707815708904,-11.183124798274534,-0.34792,0.03713,86.2549
40,44,0.6131,0.3869,CV,6.8562,6.8546,-7.689930949510044,-7.676094513748388,0.39177,0.3381,22.9289
40,45,0.5643,0.4357,CV,13.8797,13.8356,-10.118415883278187,-10.07487162805967,2.22305,0.23297,118.1524
41,42,0.614,0.386,CV,9.1819,9.1662,-11.164404808565816,-11.157837780667158,-1.02152,-0.09202,85.1885
41,44,0.6065,0.3935,CV,8.5341,8.5217,-10.24760652630602,-10.21370122070391,0.73719,0.32857,23.6562
41,45,0.573,0.427,CV,13.3792,13.261,-12.76487835223222,-12.663802647053032,3.80423,-1.30119,117.4617
42,42,0.6098,0.3902,CV,10.0225,9.9733,-10.716975956519857,-10.695701742202948,-1.43995,-0.15821,84.5747
42,44,0.5982,0.4018,CV,8.5318,8.4903,-9.243636706851488,-9.184802779340846,0.896,0.61044,23.454
42,45,0.5703,0.4297,CV,11.6144,11.4035,-14.24237306515143,-14.117604641987082,4.42551,-2.4277,115.3863
43,42,0.6006,0.3994,CV,34.9893,35.0671,-44.063175627987945,-44.00944521021601,1.90072,-0.21956,84.9162
43,44,0.6033,0.3967,CV,4.1743,4.1175,-6.3885775266504075,-6.363264738235351,0.78138,0.57587,23.535
43,45,0.5786,0.4214,CV,11.8458,11.6921,-10.568546728979303,-10.481690157323762,4.00517,-3.06354,115.5868
44,42,0.6105,0.3895,CV,2.8167,2.7254,-29.706002299064917,-29.707011081947385,1.3311,-0.17797,84.6547
44,44,0.5982,0.4018,CV,7.6692,7.6205,-8.32508990202355,-8.270884453870115,0.79199,0.81511,24.0168
44,45,0.5812,0.4188,CV,13.0571,12.9245,-12.645794082234664,-12.557661806384317,2.72111,-3.72954,109.2333
45,42,0.6145,0.3855,CV,7.5733,7.5714,-23.521062693153414,-23.524525577261574,0.71166,-0.15813,87.0909
45,44,0.5986,0.4014,CV,6.6037,6.5445,-7.086373351033834,-7.041392151725233,0.79775,0.80195,25.0026
45,45,0.5461,0.4539,CV,15.7503,15.5436,-17.248272135295164,-17.013500529525288,3.23286,-4.3922,100.1469
46,42,0.6161,0.3839,CV,3.1612,3.1197,-20.226569547905246,-20.230861258410453,0.46135,-0.11584,88.6042
46,44,0.5991,0.4009,CV,6.6455,6.5857,-7.065288372342918,-7.0218901973996894,0.89061,0.78503,25.3129
46,45,0.5554,0.4446,CV,15.8565,15.7826,-12.792107870472904,-12.645932858717932,5.00908,-2.89795,97.098
47,42,0.6175,0.3825,CV,2.3801,2.3772,-23.346978119608384,-23.35484752193614,0.34021,-0.1793,88.2694
47,44,0.6004,0.3996,CV,5.9163,5.8522,-6.951853445752658,-6.912935028854994,0.91598,0.7534,25.9386
47,45,0.5925,0.4075,CV,12.5785,12.6169,-17.74825002848088,-17.74041281064096,2.20333,-3.42457,90.4428
48,42,0.6165,0.3835,CV,6.7948,6.7787,-14.887946447202069,-14.88948533071407,0.64258,-0.05999,88.5261
48,44,0.605,0.395,CV,5.3482,5.2991,-7.003266526497022,-6.981734782482997,0.75268,0.65109,27.5571
48,45,0.5861,0.4139,CV,10.9954,10.8837,-14.636807224503542,-14.548190776045843,1.31665,-3.7383,85.7582
49,42,0.6144,0.3856,CV,8.5804,8.5455,-9.405124380282247,-9.399481721138109,0.88367,-0.16766,90.8636
49,44,0.6037,0.3963,CV,7.3349,7.2803,-7.6651108609660525,-7.631326404062433,0.67759,0.75947,29.4465
49,45,0.5775,0.4225,CV,11.3203,11.1646,-14.091438801075313,-13.977036814086453,0.71306,-3.92933,81.4453
50,42,0.6163,0.3837,CV,2.7602,2.7219,-9.59746937289925,-9.602868356449157,0.69417,-0.04731,91.8341
50,44,0.6108,0.3892,CV,5.5524,5.541,-6.469257786107934,-6.467020674409691,0.35492,0.73885,29.4196
50,45,0.589,0.411,CV,10.0818,9.9988,-11.165656574983092,-11.111202804242877,-0.44813,-3.10373,77.5475
51,42,0.6162,0.3838,CV,6.2303,6.2069,-17.18860159750476,-17.19048483120898,0.69434,-0.29491,91.6959
51,44,0.6168,0.3832,CV,3.9778,4.0016,-5.850120569404492,-5.862722760849091,-0.06539,0.39299,30.0372
51,45,0.5887,0.4113,CV,9.3189,9.1813,-8.675269983286361,-8.602739939763508,-0.60197,-2.93601,75.2595
52,42,0.6177,0.3823,CV,3.2964,3.2954,-13.583469593918636,-13.592012612639085,0.41972,-0.12591,91.1235
52,44,0.6167,0.3833,CV,5.9464,5.9541,-6.664494690991285,-6.668105311839771,-0.40586,0.01299,30.3884
52,45,0.5885,0.4115,CV,8.8196,8.6721,-8.438262554982483,-8.365387501165026,-0.66809,-2.90194,71.8085
53,42,0.5633,0.4367,CV,40.5169,40.4914,-40.98412889139404,-40.76539469067899,3.47226,-0.22984,87.7809
53,44,0.6136,0.3864,CV,6.4715,6.4542,-6.977209929093369,-6.967501550125519,-0.64825,-0.20033,31.5392
53,45,0.5961,0.4039,CV,5.6516,5.4998,-7.108853075536941,-7.06743149401068,-0.4724,-2.5856,69.0861
54,42,0.584,0.416,CV,8.1304,7.9404,-12.833345720793297,-12.778835690715992,3.10923,-0.35991,88.0589
54,44,0.6095,0.3905,CV,7.1224,7.0848,-7.434672852035027,-7.412635777103883,-0.85081,-0.32059,32.4768
54,45,0.6079,0.3921,CV,4.753,4.7045,-6.523996897702428,-6.521125815396929,-0.31087,-1.80821,68.3438
55,42,0.6118,0.3882,CV,3.4656,3.6182,-9.287369696523905,-9.318588367766987,1.57949,-0.3169,88.9549
55,44,0.6093,0.3907,CV,5.5695,5.5213,-6.8936336477772855,-6.87653224471872,-0.83699,-0.42557,33.1387
55,45,0.6179,0.3821,CV,3.1369,3.2042,-6.811274861999434,-6.832957995656696,-0.05954,-0.90861,65.2712
56,42,0.6196,0.3804,CV,6.9877,7.063,-8.948797341350161,-8.971811167934852,0.29528,-0.27132,89.8224
56,44,0.6058,0.3942,CV,7.9029,7.8625,-8.034979777813621,-8.003899726253872,-0.99528,-0.36553,32.5587
56,45,0.6188,0.3812,CV,4.5774,4.591,-6.529190515959895,-6.540064235348305,0.15934,-0.40552,64.3229
57,42,0.6194,0.3806,CV,4.8879,4.9007,-7.133538437323662,-7.144252249201576,-0.26478,-0.11731,89.38
57,44,0.6042,0.3958,CV,6.1997,6.1402,-7.045213957772443,-7.012378522650399,-1.10736,-0.3853,32.6227
57,45,0.6187,0.3813,CV,5.3644,5.3743,-9.457651542948446,-9.466501931825924,0.3428,-0.12309,61.0219
58,42,0.6156,0.3844,CV,9.1712,9.1523,-7.943417980489501,-7.938592829278033,-0.79754,-0.05047,90.4568
58,44,0.6045,0.3955,CV,5.3615,5.2961,-6.942742407744944,-6.913420985304084,-1.12938,-0.36014,32.5516
58,45,0.6192,0.3808,CV,4.4653,4.4827,-6.318083125819942,-6.329206727779244,-0.03772,0.18489,59.1474
59,42,0.6139,0.3861,CV,8.2999,8.2625,-9.728619613885481,-9.721996740565949,-1.06288,-0.03456,89.0476
59,44,0.6162,0.3838,CV,4.4854,4.5233,-6.07883273671316,-6.098381096460434,-0.60958,0.0425,33.6266
59,45,0.6149,0.3851,CV,8.55,8.5421,-10.272431994600627,-10.264729858287296,-0.53915,0.5043,57.1403
59,46,0.7,0.3,CV,17.1041,17.1041,-11.75327894801828,-11.75327894801828,0.0,0.0,132.889
60,42,0.6137,0.3863,CV,5.9438,5.8852,-9.995722223898726,-9.990749164798554,-1.06853,-0.03439,88.8472
60,44,0.6161,0.3839,CV,6.6911,6.6971,-7.550843067369182,-7.552605703008739,-0.20867,0.40596,35.009
60,46,0.6423,0.3577,CV,20.1808,20.1808,-18.117147239467684,-18.105363697151105,-6.15893,2.10937,183.2489
60,45,0.5977,0.4023,CV,14.2966,14.2614,-17.364090499306847,-17.290867603097208,-1.14709,0.88012,52.5183
61,42,0.6133,0.3867,CV,6.5132,6.4545,-10.798905774626153,-10.792561896201253,-1.10295,-0.01421,89.32
61,44,0.6169,0.3831,CV,2.6213,2.6044,-5.771353624202395,-5.7765150651262145,-0.06765,0.40663,35.2221
61,46,0.6138,0.3862,CV,15.439,15.2365,-20.80857014785878,-20.761823049875304,-11.48366,6.61959,276.16
62,42,0.6129,0.3871,CV,7.1015,7.0434,-12.308037777202504,-12.300442190997172,-1.12873,-0.14201,90.1098
62,44,0.6169,0.3831,CV,2.5448,2.5265,-5.659112390772134,-5.663528092620719,-0.06066,0.31913,36.1272
62,46,0.5897,0.4103,CV,15.0175,14.4177,-32.0630742320498,-31.95825155871443,-14.43001,9.80637,363.4364
63,42,0.6135,0.3865,CV,5.9555,5.895,-12.632760647361065,-12.628483073797916,-1.07464,-0.02977,91.0232
63,44,0.6172,0.3828,CV,2.216,2.198,-5.7053569648423395,-5.7105208817864295,0.00325,0.31985,36.8243
64,42,0.6153,0.3847,CV,3.6633,3.6076,-10.71895435396128,-10.721210246159293,-0.85643,-0.05007,92.3835
64,44,0.6162,0.3838,CV,5.0122,5.0023,-6.410234194396416,-6.410934465942926,0.19295,0.42398,36.8508
64,46,0.5,0.5,CA,41.5595,40.8937,-94.11215535946079,-93.54929920009917,-23.09762,15.7475,458.399
65,42,0.6168,0.3832,CV,2.4163,2.3789,-9.469608760348004,-9.475578417208723,-0.6023,-0.04859,94.0842
65,44,0.6162,0.3838,CV,3.2272,3.2054,-5.87617690686295,-5.878366753144016,0.27144,0.38855,37.0891
66,42,0.6184,0.3816,CV,4.2458,4.2721,-11.08196427465803,-11.092581108746241,-0.23992,-0.07511,93.1223
66,44,0.6143,0.3857,CV,5.3348,5.309,-6.7313689013317735,-6.725412335814349,0.39766,0.51812,37.4686
67,42,0.6186,0.3814,CV,3.5704,3.5808,-11.556878017363431,-11.566110560915051,0.09813,-0.07701,93.23
67,44,0.6154,0.3846,CV,3.6812,3.6617,-6.07843795448952,-6.080277758126913,0.30604,0.40531,36.9848
68,42,0.6181,0.3819,CV,4.6417,4.6344,-10.838524669131363,-10.845449348663397,0.17345,-0.01221,91.8848
68,44,0.6181,0.3819,CV,2.2573,2.2692,-5.655112420808248,-5.666369156679085,0.0727,0.14752,36.8614
69,42,0.6171,0.3829,CV,5.7809,5.7599,-13.913312714256351,-13.916386306245862,0.37805,-0.14633,90.0176
69,44,0.617,0.383,CV,4.7523,4.7477,-6.134249067945747,-6.1371164015976,-0.13138,-0.1307,36.0583
70,42,0.618,0.382,CV,4.5334,4.5349,-8.741541883671978,-8.750096106823179,0.50607,-0.11879,90.9887
70,44,0.6168,0.3832,CV,3.2758,3.2598,-5.679452532797995,-5.6830912936385785,-0.15289,-0.32926,35.6042
71,42,0.6182,0.3818,CV,2.6838,2.6599,-8.392275069313946,-8.400230954574608,0.42349,-0.16924,90.0822
71,44,0.6174,0.3826,CV,2.0098,1.9877,-5.548663608695923,-5.555173469659948,-0.18361,-0.33274,35.269
72,42,0.6186,0.3814,CV,1.1848,1.1694,-9.267993137385961,-9.277578827912157,0.32926,-0.10124,89.6208
72,44,0.6138,0.3862,CV,5.6628,5.6419,-6.982520459583927,-6.972906264436436,-0.47747,-0.45559,34.5063
73,42,0.619,0.381,CV,1.0543,1.0717,-9.350258527700705,-9.36077356126688,0.13289,-0.05304,89.378
73,44,0.6136,0.3864,CV,4.1035,4.0734,-5.926266282439469,-5.92088300352609,-0.55452,-0.43983,34.3163
74,42,0.6187,0.3813,CV,3.669,3.6748,-7.887219634017949,-7.896091919585382,-0.08317,0.04706,90.0651
74,44,0.6139,0.3861,CV,3.7277,3.6965,-5.742968154132241,-5.739586368472626,-0.50065,-0.43919,34.4501
74,48,0.7,0.3,CV,17.8136,17.8136,-15.746225308508206,-15.746225308508206,0.0,0.0,53.2518
75,42,0.6186,0.3814,CV,3.4679,3.4719,-9.489053901566187,-9.49765891130101,0.16795,0.10383,89.7763
75,44,0.6121,0.3879,CV,5.2227,5.1874,-6.305354665418171,-6.293440263396599,-0.56208,-0.47484,34.7458
75,48,0.6417,0.3583,CV,12.8404,12.8404,-28.22508122485822,-28.210766135430227,5.11284,-0.54196,70.3459
76,42,0.6183,0.3817,CV,2.9367,2.9325,-7.593204634945781,-7.600994720907247,0.04962,0.14236,90.7258
76,44,0.6133,0.3867,CV,3.3629,3.3217,-5.74083076264332,-5.736823457845497,-0.52608,-0.40706,34.8026
76,48,0.5148,0.4852,CV,20.2777,20.1376,-90.2089177180675,-89.75895055117367,19.31414,-2.32657,114.5665
77,42,0.6185,0.3815,CV,1.9782,1.9842,-8.21199017890013,-8.220992072729322,0.00896,0.15503,90.1734
77,44,0.6118,0.3882,CV,5.4477,5.4151,-6.946524748026211,-6.934666041765293,-0.56902,-0.51513,34.3911
77,48,0.2995,0.7005,CA,19.946,19.1157,-111.42233775026493,-110.24923925398673,36.47422,-5.97181,194.4064
78,42,0.6186,0.3814,CV,1.544,1.5419,-7.22705106536998,-7.235864079976789,-0.05999,0.13287,89.6872
78,44,0.6135,0.3865,CV,3.4359,3.4026,-5.905270741181315,-5.902433857445084,-0.46768,-0.48738,33.8218
78,48,0.0727,0.9273,CA,33.0256,31.4276,-107.81642972370636,-105.25099375277142,83.60003,-18.11189,294.4005
79,42,0.6184,0.3816,CV,3.3403,3.336,-7.538032477143258,-7.546122094501585,0.002,0.14467,88.328
79,44,0.6144,0.3856,CV,2.9162,2.8802,-5.905269710916514,-5.904028024193401,-0.45724,-0.43188,33.5696
79,48,0.0732,0.9268,CA,32.1848,30.0508,-92.22329870975128,-89.98518040047786,140.8128,-29.71458,340.9151
80,42,0.6188,0.3812,CV,0.5252,0.5391,-6.7804456917066975,-6.790494472852761,0.01451,0.05897,88.2846
80,44,0.6151,0.3849,CV,5.779,5.7769,-6.782201782594388,-6.782617811194989,-0.43912,-0.22343,34.9216
80,48,0.3617,0.6383,CA,6.1475,3.798,-55.42917918116307,-55.1609325186658,140.56272,-32.49302,345.0989
81,42,0.6184,0.3816,CV,4.4897,4.4888,-8.610871131987333,-8.618606801110449,0.32939,0.07478,88.264
81,48,0.5987,0.4013,CV,2.2293,4.6063,-58.98857882690499,-59.28221576226804,91.41424,-22.6462,381.2434
81,44,0.6159,0.3841,CV,5.5038,5.5042,-6.592765652064632,-6.59525492636038,-0.43711,-0.23061,33.6114
82,42,0.6183,0.3817,CV,2.5687,2.5513,-7.545685671685914,-7.553563474812473,0.34373,0.10619,87.4026
82,48,0.6946,0.3054,CV,4.7246,6.7532,-48.596568433218714,-48.97271653642079,26.79706,-7.65148,315.2959
82,44,0.6144,0.3856,CV,8.0786,8.0801,-10.513811226523199,-10.508749815252326,-0.49,0.04998,35.1181
83,42,0.6189,0.3811,CV,2.9761,2.9954,-6.739127208466562,-6.749832225323551,0.00398,0.08007,87.4345
83,44,0.6183,0.3817,CV,5.7414,5.77,-6.607846598409915,-6.621814686784269,-0.10682,-0.17597,34.2337
83,48,0.6766,0.3234,CV,6.2798,6.7737,-35.69200503063499,-35.8415303029455,-1.4357,-1.39469,233.9406
84,42,0.6187,0.3813,CV,2.919,2.9167,-6.718706689939541,-6.7275440241981,0.0865,0.14613,86.0737
84,44,0.6187,0.3813,CV,1.803,1.8092,-6.166266037523675,-6.175789379172717,-0.09958,-0.0348,34.4017
84,48,0.649,0.351,CV,4.3045,4.1882,-57.58314589014773,-57.63601074767355,-4.72127,-0.30553,177.8531
85,42,0.6188,0.3812,CV,2.8749,2.88,-6.8048619840133355,-6.814272021226403,-0.13135,0.14687,85.9345
85,44,0.6165,0.3835,CV,5.6782,5.6731,-7.235702499553487,-7.235516586273392,-0.34202,0.12792,35.4872
85,48,0.6183,0.3817,CV,5.9339,5.7505,-61.005081320599274,-60.967297961366526,-7.85763,0.84689,139.7839
86,42,0.6187,0.3813,CV,2.5567,2.5596,-6.738102678595304,-6.747313212710033,0.04944,0.15536,86.2514
86,48,0.4763,0.5237,CA,13.489,13.1597,-57.16954217629238,-56.60058935778419,-16.24985,3.09172,117.3014
86,44,0.6123,0.3877,CV,7.6648,7.642,-7.449285742407853,-7.434750345758157,-0.58817,0.32405,36.4873
87,42,0.6186,0.3814,CV,3.0118,3.0133,-6.799126275976516,-6.807879865390971,-0.1703,0.1365,85.6952
87,48,0.2976,0.7024,CA,15.0347,14.2886,-86.28520818727235,-85.15805702767189,-27.16499,5.54746,107.9941
88,42,0.6188,0.3812,CV,1.7887,1.7976,-7.099405603632172,-7.1089294674623,-0.00264,0.04512,85.7173
88,48,0.3705,0.6295,CA,8.4528,7.5493,-14.90821732316519,-14.361596722196893,-32.93462,7.22938,105.7289
89,42,0.6186,0.3814,CV,2.5059,2.5059,-6.814198053429706,-6.8229925661403765,-0.11352,0.13723,85.0704
89,48,0.3369,0.6631,CA,17.7543,17.1481,-32.50073599736058,-31.70456348351345,-40.8551,9.86536,118.8224
90,42,0.6184,0.3816,CV,3.2862,3.282,-9.19404353375284,-9.202170346963458,-0.16057,0.1004,83.3742
90,48,0.305,0.695,CA,18.8071,17.8291,-59.23152834497693,-58.33628638137335,-53.85005,13.99393,145.6084
90,44,0.5,0.5,CA,13.3961,13.3853,-9.544562620888476,-9.534963291324306,-0.70537,-0.05577,43.0405
91,42,0.6183,0.3817,CV,3.8717,3.8699,-7.032557057525777,-7.040450901943327,-0.34703,0.00699,83.5432
91,48,0.376,0.624,CA,12.8089,11.5668,-92.15124211077199,-91.6176935217775,-61.11544,16.7861,177.7188
91,44,0.5722,0.4278,CV,6.9714,6.9441,-7.4633563182930605,-7.451847241939637,-0.84658,-0.32716,39.7406
92,42,0.6183,0.3817,CV,3.4272,3.426,-7.082153809513452,-7.090349763849326,-0.23647,0.01302,84.8082
92,48,0.4337,0.5663,CA,16.4871,15.6933,-114.02422295528814,-113.63101065883988,-61.41776,18.71509,215.811
92,44,0.6001,0.3999,CV,3.5079,3.4719,-5.9944422197221146,-5.993898460551587,-0.79389,-0.32787,40.6732
93,42,0.6182,0.3818,CV,3.1273,3.1202,-7.082764752220669,-7.090227248418912,-0.07397,0.02522,86.0542
93,48,0.4259,0.5741,CA,12.444,10.799,-94.54473649082576,-94.03819952771367,-67.73488,21.31785,246.0727
94,42,0.6185,0.3815,CV,5.1174,5.132,-7.652607398838576,-7.661612559627898,-0.04243,0.18064,83.9907
94,48,0.2497,0.7503,CA,26.8024,25.4608,-62.11533921215138,-60.81833015552047,-95.0783,32.32402,278.606
94,44,0.5,0.5,CA,9.0354,9.0133,-8.422227209564983,-8.41010189863918,-0.93254,0.26171,44.4579
95,42,0.6183,0.3817,CV,2.8054,2.7979,-6.728062092140271,-6.735996028928713,0.09357,0.23228,83.0658
95,48,0.5614,0.4386,CV,3.7948,5.7748,-55.364954947496855,-55.66213952940152,-64.70204,22.15805,267.9782
95,44,0.564,0.436,CV,12.61,12.5769,-10.748854666992024,-10.704117938389672,-1.21639,0.80086,46.157
96,42,0.6186,0.3814,CV,1.9294,1.9268,-6.567403712578342,-6.576718564354183,-0.06918,0.19741,82.8076
96,48,0.6171,0.3829,CV,2.0646,1.3491,-44.008857243269496,-44.095287512175595,-40.66635,13.95263,236.963
96,44,0.5893,0.4107,CV,9.0063,8.9503,-8.792166319147896,-8.758714006288958,-1.45029,0.79955,45.8295
97,42,0.6185,0.3815,CV,3.2079,3.2006,-6.814765549349348,-6.823060686106946,-0.11375,0.11259,81.1484
97,48,0.6366,0.3634,CV,8.2921,8.3069,-40.500629955216674,-40.58889750307609,-22.33646,7.00248,220.4433
97,44,0.595,0.405,CV,8.1876,8.1041,-8.51021740633616,-8.463414708817641,-1.67866,0.72961,46.4123
98,42,0.6185,0.3815,CV,2.9497,2.9431,-7.260472357307596,-7.2691465091917395,-0.28543,0.01223,80.2657
98,48,0.5673,0.4327,CV,13.8605,13.3589,-29.15680338400693,-28.925998235138533,-27.21805,9.23509,194.4726
98,44,0.5974,0.4026,CV,7.9838,7.8933,-11.291211442993625,-11.246019501048979,-1.64738,0.89394,48.1529
99,42,0.6183,0.3817,CV,3.7277,3.7201,-11.061512926631414,-11.069118966734283,-0.40825,0.04034,80.3598
99,48,0.6287,0.3713,CV,10.4419,10.7398,-18.15329870701988,-18.28060429223447,-11.86615,3.38735,174.561
100,42,0.6179,0.3821,CV,3.3781,3.3566,-14.227166496000397,-14.23334188368531,-0.47265,0.04758,80.0868
100,48,0.6193,0.3807,CV,11.5172,11.4714,-10.301912469647975,-10.298885621425075,-6.39161,1.25464,142.5102
101,42,0.6181,0.3819,CV,2.8435,2.831,-15.444109172917404,-15.451880572418451,-0.40254,0.04774,78.3923
101,48,0.6223,0.3777,CV,7.6252,7.6643,-7.543755548917393,-7.56711697245014,-1.04634,-0.96641,119.5064
102,42,0.617,0.383,CV,5.1378,5.1166,-18.768996341356512,-18.771639828366457,-0.6112,0.06991,77.6373
102,48,0.6168,0.3832,CV,7.928,7.8988,-10.353727556742369,-10.34945602606821,-2.74559,-0.54683,104.6238
103,42,0.6162,0.3838,CV,5.2974,5.2702,-14.790769292554987,-14.791881466544671,-0.67301,0.05299,75.467
103,48,0.6094,0.3906,CV,10.5744,10.5304,-11.137189632647914,-11.109894361198311,-1.08139,-1.42248,93.5831
104,42,0.6152,0.3848,CV,5.467,5.4304,-15.019427936045306,-15.017450192774582,-0.82941,-0.00884,74.0888
104,48,0.6044,0.3956,CV,9.2549,9.1964,-8.99838540530042,-8.96087637208078,0.53166,-1.83706,85.4488
105,42,0.6023,0.3977,CV,30.5327,30.5786,-25.84663277365336,-25.791894227162036,1.65381,-0.09553,76.4601
105,48,0.595,0.405,CV,10.8691,10.7668,-9.41522531143613,-9.346280354272226,0.82741,-2.1433,78.8237
106,42,0.6007,0.3993,CV,11.6171,11.5202,-9.286134545473821,-9.243695305465277,1.77405,-0.04884,78.0841
106,48,0.5857,0.4143,CV,12.4399,12.3397,-13.171072030316953,-13.077402946651354,0.40291,-2.42852,72.2067
107,42,0.6111,0.3889,CV,1.8161,1.7289,-6.884429464626519,-6.88816677014157,1.2083,-0.04692,77.796
107,48,0.6062,0.3938,CV,3.406,3.3777,-12.373358209996447,-12.378395566454998,-0.09751,-1.63678,68.5505
108,42,0.6123,0.3877,CV,5.6969,5.6333,-7.290220855329128,-7.283654896358282,1.1456,-0.06818,77.8016
108,48,0.6057,0.3943,CV,7.0833,7.0241,-10.159983721530994,-10.13270616287077,0.43146,-1.56779,63.5206
109,42,0.6159,0.3841,CV,3.109,3.0907,-6.911864692986652,-6.918716699577825,0.79192,0.04413,76.9852
109,48,0.6049,0.3951,CV,9.2028,9.1642,-11.7815678480777,-11.751941190379666,0.77012,-1.47185,62.3339
110,42,0.6159,0.3841,CV,6.4139,6.397,-7.382307667941437,-7.383701252761343,0.71469,-0.09845,79.2541
110,48,0.5969,0.4031,CV,11.7574,11.6779,-10.367241364634534,-10.305259287504477,0.86998,-1.63896,62.5814
111,42,0.6185,0.3815,CV,3.9192,3.9524,-7.028885004004615,-7.041462315644746,0.30604,0.00265,78.2207
111,48,0.5978,0.4022,CV,12.9203,12.8694,-9.957034444696518,-9.910657799813636,1.43229,-1.14162,60.9562
112,42,0.6186,0.3814,CV,2.628,2.6258,-7.39727284966024,-7.406274493769716,0.18657,-0.13449,77.1972
112,48,0.5952,0.4048,CV,10.9685,10.8812,-10.136254803424913,-10.07763774975708,1.65475,-1.05827,59.2826
113,42,0.6187,0.3813,CV,2.0538,2.0497,-9.558444440664239,-9.567874071786994,0.05476,-0.21969,77.0138
113,48,0.5881,0.4119,CV,12.825,12.7321,-13.443874648864167,-13.359722679712743,2.06925,-0.94317,57.9958
114,42,0.6182,0.3818,CV,5.2373,5.2378,-8.905814160187216,-8.912753341462345,-0.35065,-0.15234,76.2245
114,48,0.5753,0.4247,CV,14.0986,13.9823,-22.338552718808316,-22.21214157716293,2.60564,-1.04824,56.9791
115,42,0.6178,0.3822,CV,3.416,3.3943,-10.478189403722185,-10.484342858259815,-0.38039,-0.21053,74.8879
115,48,0.5408,0.4592,CV,19.4908,19.3467,-39.28836742196347,-39.04071602052249,3.76104,-1.31647,57.4585
116,42,0.618,0.382,CV,4.136,4.1331,-6.686336002877316,-6.69383021312535,-0.40997,-0.16763,75.5852
116,48,0.5313,0.4687,CV,14.9259,14.7166,-47.162859460512486,-46.927384732911655,4.43858,-1.7316,57.4805
117,42,0.5988,0.4012,CV,28.3251,28.347,-36.527897265935536,-36.45449269324612,1.82955,-0.31189,73.4788
117,48,0.5036,0.4964,CV,18.8052,18.5918,-68.90399616612233,-68.57094318512219,5.94938,-1.51704,60.2073
118,42,0.6085,0.3915,CV,3.3539,3.2552,-12.81924032391464,-12.814656271737466,1.38583,-0.21653,72.3267
118,48,0.4913,0.5087,CA,17.796,17.504,-47.62746102356567,-47.28507244372181,7.34938,-1.49856,65.1765
119,42,0.617,0.383,CV,2.5727,2.6354,-8.744952201082754,-8.761857466085122,0.6568,-0.19235,72.1529
119,48,0.4968,0.5032,CA,21.6831,21.4137,-35.484718419815344,-35.18204472567579,8.20999,-1.04585,74.9472
120,42,0.6192,0.3808,CV,6.7753,6.8115,-7.336175640696758,-7.34992094553489,-0.14041,0.01238,71.759
120,48,0.4297,0.5703,CA,35.5413,35.159,-26.869254715021633,-26.288554536482565,11.71707,-0.73128,89.8075
121,42,0.6168,0.3832,CV,7.1878,7.1789,-7.311467291219482,-7.311986567437231,-0.56066,0.10728,72.1138
121,48,0.4654,0.5346,CA,27.9214,27.4481,-15.903745530448134,-15.562962673698188,13.15244,-0.33772,111.3328
122,42,0.6159,0.3841,CV,5.0631,5.0289,-7.3412817408185935,-7.341193135669609,-0.66964,0.13723,72.0641
122,48,0.4581,0.5419,CA,31.3586,30.7757,-16.599487426648786,-16.178751772957938,16.46452,0.25999,132.8112
123,42,0.6147,0.3853,CV,5.9901,5.952,-7.327309609466499,-7.323797967570284,-0.80422,0.08698,71.965
123,48,0.4849,0.5151,CA,24.0379,23.3913,-13.190172723448342,-12.88734163024711,18.1225,1.1101,158.4969
124,42,0.6149,0.3851,CV,4.7951,4.7533,-7.981830758637525,-7.980870309517233,-0.80745,0.07684,71.4591
124,48,0.5184,0.4816,CV,18.8389,18.1719,-11.802055054363844,-11.594983215040948,18.14598,1.91907,187.5287
125,42,0.616,0.384,CV,3.4707,3.4357,-6.666892182724338,-6.670162914830628,-0.66833,0.00826,72.1849
125,48,0.5408,0.4592,CV,19.3602,18.8264,-11.288747770979825,-11.123429987110908,17.42053,2.70845,209.1569
126,42,0.6177,0.3823,CV,1.5483,1.5442,-7.443650053692329,-7.452534969896869,-0.43587,0.04756,71.7506
126,48,0.5743,0.4257,CV,19.5306,19.3569,-11.249408413718909,-11.187815539877196,13.19484,2.94317,217.099
127,42,0.6181,0.3819,CV,3.5558,3.5549,-8.120276461856069,-8.128362623635496,-0.28575,-0.00654,70.1364
127,48,0.5966,0.4034,CV,16.3523,16.3314,-10.231415676535342,-10.213282857678768,7.09734,2.47179,212.4499
128,42,0.6183,0.3817,CV,3.5037,3.5002,-8.672524314313193,-8.680668135567208,-0.03306,-0.00389,68.5464
128,48,0.58,0.42,CV,16.9891,16.7789,-11.829259114527202,-11.709732445970726,5.44084,2.60471,197.2228
129,42,0.6186,0.3814,CV,1.547,1.5284,-7.341909635494033,-7.3512580414519055,-0.04837,-0.04346,67.375
129,48,0.4384,0.5616,CA,35.8795,35.6839,-24.465349760620352,-23.799487029220774,16.23037,4.57179,202.0801
130,42,0.6191,0.3809,CV,2.1108,2.119,-6.920096099145851,-6.931091480660586,-0.0573,-0.15785,67.0092
130,48,0.4762,0.5238,CA,15.3682,14.5026,-14.922333604859723,-14.61271796307884,18.36704,4.78943,203.3253
130,49,0.7,0.3,CV,3.0936,3.0936,-6.200335953995522,-6.200335953995522,0.0,0.0,28.1786
131,42,0.619,0.381,CV,3.6031,3.6104,-6.610396840922607,-6.620021930230721,0.19098,-0.03062,66.839
131,48,0.5625,0.4375,CV,13.0732,13.0506,-23.283340569115495,-23.26640528443246,13.17682,2.9454,194.2091
131,49,0.6472,0.3528,CV,3.2682,3.2682,-5.833570095379775,-5.843195317950368,1.41685,-0.23476,37.846
132,42,0.6183,0.3817,CV,3.1569,3.1457,-6.378727052147513,-6.385708787417459,0.30578,-0.02741,66.6299
132,48,0.5932,0.4068,CV,10.0664,10.0078,-16.031420184489704,-16.016289006080555,8.00423,1.10851,178.4194
132,49,0.6381,0.3619,CV,2.6445,2.6132,-5.415901683583357,-5.465650925522846,2.66461,-0.84864,54.3487
133,42,0.6182,0.3818,CV,2.4763,2.4664,-6.8293623754329245,-6.83711220441708,0.30866,-0.10767,65.5406
133,48,0.4466,0.5534,CA,20.8586,20.4832,-21.71352881196814,-21.061763468402688,16.23935,2.18743,160.8155
133,49,0.6459,0.3541,CV,2.7751,2.8588,-5.478483659558138,-5.5759602209245465,0.25287,-0.63859,65.8656
134,42,0.6186,0.3814,CV,0.5787,0.5755,-6.129332481900876,-6.138787207060307,0.18603,-0.08638,64.6407
134,48,0.6258,0.3742,CV,15.8341,16.5923,-17.05875245215784,-17.346718655691593,-1.12433,-1.52512,146.8004
134,49,0.647,0.353,CV,1.1351,1.1537,-5.3349534513467525,-5.425335510108473,0.55078,-0.74448,69.1625
135,42,0.6187,0.3813,CV,1.6083,1.6042,-6.287961454537718,-6.297112602174397,0.1658,-0.01205,63.5032
135,48,0.5363,0.4637,CV,19.4189,19.4041,-19.625617205577484,-19.285570167285982,-10.62643,-2.44363,132.5413
135,49,0.6345,0.3655,CV,3.9083,3.8802,-6.065483503465156,-6.0998793160948495,1.65275,-0.99609,67.5423
136,42,0.6189,0.3811,CV,1.2022,1.2076,-6.150391141418148,-6.1604743707643355,0.02132,0.01584,62.573
136,48,0.4442,0.5558,CA,19.0678,18.5531,-18.845967753244167,-18.267404070960076,-15.3126,-2.77973,130.3757
136,49,0.6258,0.3742,CV,3.469,3.4011,-5.6446623669759886,-5.660578941937145,1.31215,-0.81834,62.968
137,42,0.6183,0.3817,CV,4.6275,4.6301,-6.762275543657098,-6.769453421485572,-0.29989,0.0619,62.4013
137,48,0.4368,0.5632,CA,18.6041,17.9499,-22.942208915648585,-22.4653594015789,-18.63658,-2.72807,139.7596
137,49,0.6261,0.3739,CV,0.915,0.8294,-5.05277257771836,-5.082854348823442,0.92588,-0.44727,58.0929
138,42,0.6183,0.3817,CV,2.1408,2.1272,-8.377554108033891,-8.385350400484253,-0.31606,-0.02259,61.8046
138,48,0.4669,0.5331,CA,15.9872,15.238,-22.950870982842815,-22.606058814050517,-20.71408,-2.42182,154.3009
138,49,0.626,0.374,CV,6.8633,6.9315,-7.117660215348165,-7.1469188580943985,-0.25144,0.15461,54.8323
139,42,0.6184,0.3816,CV,1.3012,1.2879,-7.0186188898211315,-7.027247750749757,-0.2557,-0.07355,61.0924
139,48,0.4861,0.5139,CA,18.6108,17.9091,-34.17586283927713,-33.86512874849416,-22.07926,-1.99777,178.272
139,49,0.624,0.376,CV,2.676,2.6998,-5.446438696608921,-5.467164824642797,-0.0338,-0.02848,49.8179
140,42,0.6177,0.3823,CV,3.6434,3.6312,-6.6797910738997235,-6.68529369629618,-0.37872,-0.01883,61.0891
140,48,0.5156,0.4844,CV,13.2713,12.3616,-30.020704895526777,-29.800560412580417,-22.44625,-1.77789,199.7899
140,49,0.6217,0.3783,CV,1.0649,1.0596,-5.14310887578084,-5.157101758092545,-0.11631,-0.01861,45.9718
141,42,0.6188,0.3812,CV,3.8867,3.9073,-6.415291340966505,-6.426381804454411,0.01702,-0.06283,60.0059
141,48,0.5564,0.4436,CV,9.8317,9.1412,-30.22972612365558,-30.131637783366806,-19.59116,-1.35776,216.7218
141,49,0.6199,0.3801,CV,2.4923,2.4912,-5.330831244726543,-5.340601564813903,-0.24029,0.01334,43.3171
142,42,0.6188,0.3812,CV,1.6798,1.6835,-6.127841353896727,-6.137198235619906,0.0277,0.02816,59.9118
142,48,0.5818,0.4182,CV,13.6353,13.3445,-30.084657095583275,-30.031102994642932,-15.70471,-1.22289,220.7053
142,49,0.6195,0.3805,CV,0.741,0.7417,-5.107742083548825,-5.118646524598109,-0.15277,-0.02046,40.5099
143,42,0.6187,0.3813,CV,1.9764,1.976,-6.660293880301055,-6.669276085363666,0.14691,-0.02077,59.4125
143,48,0.5929,0.4071,CV,11.1001,10.7992,-31.074762561562906,-31.03035442025547,-12.44896,-0.9253,216.9103
143,49,0.6182,0.3818,CV,3.135,3.1317,-5.475285562810843,-5.481071973953007,-0.19938,-0.0011,39.1016
144,42,0.6187,0.3813,CV,1.421,1.4165,-6.585765613045238,-6.59479725254041,0.15721,0.04492,58.6932
144,48,0.5831,0.4169,CV,19.9804,19.8026,-30.368671750325227,-30.26716874875646,-10.34019,-1.32917,201.0045
144,49,0.6167,0.3833,CV,3.5819,3.5678,-6.1091333501502465,-6.110525951032523,-0.27423,0.06085,38.2063
145,42,0.6188,0.3812,CV,1.1364,1.1339,-6.917127912469901,-6.926548070020788,0.09065,0.10363,58.0937
145,48,0.5421,0.4579,CV,24.6914,24.503,-24.769550724350047,-24.51602389453699,-9.00075,-2.5224,178.9166
145,49,0.6174,0.3826,CV,1.7127,1.7037,-5.551782672852921,-5.558202175477381,-0.2622,0.02803,36.8157
146,42,0.6188,0.3812,CV,1.2758,1.2774,-6.1156339526825505,-6.125159460981427,0.02579,0.093,58.0343
146,48,0.5562,0.4438,CV,10.5737,10.2875,-13.746229965664014,-13.609105541075728,-7.23631,-2.7948,159.1438
146,49,0.6171,0.3829,CV,2.1766,2.1621,-5.375833360640431,-5.3802851961838405,-0.26084,0.06731,36.1644
147,42,0.6187,0.3813,CV,2.927,2.9299,-6.612915872800431,-6.621918701332583,0.07626,0.0336,56.5542
147,49,0.6179,0.3821,CV,0.4115,0.4036,-5.767502308897503,-5.775475211866625,-0.16415,0.02594,35.6237
148,42,0.6188,0.3812,CV,3.444,3.4538,-6.239832047871121,-6.24927658899447,-0.06054,0.01715,56.9919
148,49,0.6181,0.3819,CV,2.0878,2.091,-5.759647026280197,-5.76744558709409,0.00194,0.02015,35.5223
149,42,0.6185,0.3815,CV,2.2811,2.2767,-6.127359547158454,-6.135726161570218,-0.19135,0.01335,56.8192
149,49,0.6158,0.3842,CV,6.3327,6.327,-8.095515923689394,-8.093340353597743,0.23351,0.13897,36.5622
150,42,0.6176,0.3824,CV,4.0658,4.0542,-6.665042185224435,-6.669616170239549,-0.36371,0.00162,56.9643
150,49,0.6176,0.3824,CV,3.0854,3.0991,-10.274429720794117,-10.283338580803346,-0.03287,0.05994,36.7064
151,42,0.6185,0.3815,CV,1.2761,1.2958,-6.198010373550047,-6.208150741602326,-0.13135,-0.00838,56.7573
151,49,0.6156,0.3844,CV,8.5547,8.5595,-17.39194388106374,-17.389354893667218,0.45548,-0.13017,36.296
151,48,0.5,0.5,CA,43.2418,43.1237,-73.31909177756243,-73.14187674045232,-4.72948,-1.98291,95.0389
152,42,0.6183,0.3817,CV,2.3791,2.3719,-6.143549580901021,-6.15108217376702,-0.23805,-0.01502,56.5713
152,49,0.5913,0.4087,CV,18.8833,18.859,-31.67916121313157,-31.578297670617054,1.52192,-0.22025,36.0157
152,48,0.5932,0.4068,CV,11.6404,11.8039,-108.9043323686753,-108.97923785069864,-1.45037,-1.54673,84.3186
153,42,0.6182,0.3818,CV,3.1441,3.1456,-6.416266513708813,-6.424068950088583,-0.0649,-0.06282,57.5069
153,49,0.5586,0.4414,CV,19.8989,19.8181,-31.80137875021451,-31.60211424007657,2.41714,-0.52053,37.281
153,48,0.5982,0.4018,CV,15.4227,15.4741,-119.70407224667625,-119.66478536086844,1.67079,-0.84597,78.841
154,42,0.6184,0.3816,CV,1.1716,1.1702,-6.331000067449091,-6.3396526623154115,0.02951,-0.06111,57.7935
154,49,0.5323,0.4677,CV,18.6103,18.4751,-26.137552879506185,-25.880244039706113,3.26992,-0.83024,38.4409
154,48,0.5352,0.4648,CV,23.1483,23.0467,-129.2848841437189,-128.9814233267546,4.22787,-0.60047,75.2749
155,42,0.6175,0.3825,CV,7.0547,7.0625,-9.578135387265597,-9.582780846795565,-0.29202,0.04554,55.7824
155,49,0.5155,0.4845,CV,16.8226,16.6442,-17.495046289260067,-17.208152210056767,4.15974,-1.20469,40.5667
155,48,0.3843,0.6157,CA,34.6631,34.4247,-141.64468834152808,-140.82021744086393,8.14042,-0.51313,74.6898
156,42,0.618,0.382,CV,2.1418,2.1306,-6.613306088696493,-6.621170249804819,-0.32194,0.07283,55.7192
156,49,0.4538,0.5462,CA,20.9916,20.7696,-37.27024502712256,-36.76032041868569,6.1851,-1.9157,42.4682
156,48,0.0978,0.9022,CA,58.0055,57.5901,-128.16970437987754,-125.8096784354618,20.20212,-0.77896,80.4514
157,42,0.6168,0.3832,CV,5.2906,5.2779,-7.078914137459557,-7.081060331870676,-0.52516,0.12419,56.5687
157,49,0.4678,0.5322,CA,12.0028,11.6893,-21.316926397657667,-20.95146253107595,7.43107,-2.57372,45.5868
157,48,0.2393,0.7607,CA,26.8906,26.3055,-94.38631352094336,-93.49463913317584,29.55736,-0.75686,88.2685
158,42,0.6168,0.3832,CV,3.533,3.5076,-6.838099770833684,-6.8417980364702755,-0.55288,0.06787,56.1005
158,49,0.4204,0.5796,CA,14.8911,14.5305,-15.846685652325853,-15.269319834068128,10.40598,-3.71059,51.5027
158,48,0.264,0.736,CA,21.0057,20.1441,-72.96945994863151,-72.00918647504976,39.13717,-0.79382,107.9783
159,42,0.6165,0.3835,CV,3.7205,3.6932,-8.275160142996725,-8.2777576599921,-0.57342,0.07562,55.2374
159,49,0.4009,0.5991,CA,12.9207,12.406,-11.668884855683691,-11.078230446414508,14.05234,-4.84912,59.2934
159,48,0.2344,0.7656,CA,20.8828,19.6091,-47.90196654113886,-46.74845929403118,56.24032,-0.44737,144.9197
160,42,0.6161,0.3839,CV,3.8935,3.8622,-10.91982413005951,-10.921036117517755,-0.63081,0.09409,54.8209
160,49,0.4636,0.5364,CA,7.9983,7.5019,-10.086471075973753,-9.778751460435974,15.18662,-5.18746,65.0599
160,48,0.2664,0.7336,CA,17.2611,15.6346,-17.4963814754961,-16.555309759734026,74.79456,0.74596,198.7916
161,42,0.6161,0.3839,CV,4.2821,4.2601,-20.656981179930867,-20.65919070928112,-0.60752,0.1057,55.5232
161,49,0.5679,0.4321,CV,8.1447,8.2063,-11.956362931323708,-11.97935345592081,9.39631,-3.65393,64.9179
161,48,0.2336,0.7664,CA,30.5733,29.1244,-19.006913195063092,-17.845643135124465,101.00134,3.78065,296.7262
162,42,0.6151,0.3849,CV,5.0406,5.0069,-20.67345874065564,-20.67110459711836,-0.70436,0.06454,55.8223
162,48,0.6268,0.3732,CV,16.1521,18.8803,-9.910723052265448,-10.50242715962924,45.2696,4.29302,335.97
163,42,0.6148,0.3852,CV,4.6175,4.5793,-24.356661906725037,-24.354521501080605,-0.73518,0.02265,55.8422
163,48,0.659,0.341,CV,14.5554,15.7792,-10.826831692626023,-10.998651917592468,-1.08895,2.44618,315.9061
164,42,0.6166,0.3834,CV,3.0703,3.0562,-28.071765237341175,-28.077908719565492,-0.54758,0.0375,54.8422
164,48,0.6312,0.3688,CV,13.0538,12.9125,-23.7531265939827,-23.75549323379792,-3.32552,2.25682,289.0832
164,49,0.5,0.5,CA,59.6643,59.4045,-69.50272814061445,-64.95955375504359,29.2181,-7.5354,55.4021
165,42,0.6147,0.3853,CV,5.8154,5.7873,-24.833230591421717,-24.828597842412538,-0.718,0.06309,53.6319
165,48,0.6129,0.3871,CV,15.1124,14.9115,-30.81036079556558,-30.776572830530018,-5.46022,2.13349,270.7756
165,49,0.7271,0.2729,CV,11.5975,12.7393,-10.085864716953775,-10.763357429099099,4.20796,-0.56266,69.904
166,42,0.6161,0.3839,CV,2.9039,2.873,-30.39520910828944,-30.399388809390018,-0.587,0.18952,53.0424
166,48,0.595,0.405,CV,23.2009,22.964,-42.73857127656495,-42.657070591109736,-6.64812,2.16845,269.1086
166,49,0.6506,0.3494,CV,10.0652,10.265,-10.893142759050036,-10.8759944755305,-5.38485,1.75264,65.5108
167,42,0.6152,0.3848,CV,4.5028,4.469,-29.937974468589967,-29.936204238091307,-0.69429,0.21822,52.3605
167,48,0.604,0.396,CV,27.5918,27.5796,-67.34478952000131,-67.32691317316528,-2.67583,2.75655,253.116
167,49,0.5748,0.4252,CV,9.1398,8.9064,-10.321475132522583,-10.100448287531037,-7.75425,2.25174,62.1196
168,42,0.6143,0.3857,CV,4.6861,4.6471,-28.19636662878249,-28.19198647431969,-0.756,0.21497,51.0384
168,48,0.5919,0.4081,CV,22.4468,22.2557,-58.834291441093384,-58.75303838277539,-4.79975,2.79662,248.5823
168,49,0.562,0.438,CV,6.1621,5.7672,-7.976534656184978,-7.815504318024974,-7.71142,2.15189,60.8728
169,42,0.6155,0.3845,CV,3.4302,3.3999,-34.44914892697326,-34.45141028465005,-0.70851,0.03575,50.34
169,48,0.5672,0.4328,CV,30.1712,29.8738,-44.73835240966628,-44.573323409314355,-7.35483,2.79347,250.2764
169,49,0.576,0.424,CV,5.3806,5.1059,-8.378081652747776,-8.292857578477673,-6.73374,1.80517,58.7013
170,42,0.6155,0.3845,CV,3.9521,3.9221,-29.402258598252416,-29.402509469155106,-0.64937,0.17253,48.7362
170,48,0.5631,0.4369,CV,25.0252,24.6303,-36.42590283234705,-36.28039992227091,-8.02418,2.75777,245.8629
170,49,0.6121,0.3879,CV,4.3532,4.4301,-14.091648513044902,-14.135641829413226,-3.69549,1.10134,55.1951
171,42,0.6149,0.3851,CV,7.1593,7.1552,-46.485629295184,-46.48360402283018,-0.66157,-0.01762,49.5724
171,48,0.5664,0.4336,CV,19.7993,19.3556,-24.458392207307973,-24.33238344547027,-8.26171,2.6704,247.8137
171,49,0.625,0.375,CV,5.398,5.5131,-8.988215391385266,-9.033990299896942,-0.57122,0.45268,50.8633
172,42,0.6179,0.3821,CV,3.3537,3.3679,-50.79162281506918,-50.80285447689933,-0.39567,0.10339,47.9352
172,48,0.5513,0.4487,CV,27.9585,27.5419,-13.680365097769819,-13.487996472659233,-9.83102,2.15012,249.9771
172,49,0.6182,0.3818,CV,5.5809,5.5694,-8.636404702743974,-8.634190440880825,0.48474,0.47639,46.4413
173,42,0.4712,0.5288,CA,70.4947,70.5148,-168.12899582150283,-167.54009587489128,3.8062,0.31662,53.1379
173,48,0.546,0.454,CV,28.5162,28.172,-16.53262873801746,-16.34080511128772,-10.09116,1.30085,240.3494
173,49,0.6128,0.3872,CV,6.1323,6.1332,-6.779570298737238,-6.764604867714127,-0.80135,0.80972,42.4157
174,42,0.4719,0.5281,CA,29.0992,28.8565,-67.0096433969103,-66.63583465935754,5.09815,0.30882,57.4069
174,48,0.5358,0.4642,CV,25.0524,24.7443,-26.58390704233254,-26.358924286632014,-9.3747,0.46921,226.7544
174,49,0.6004,0.3996,CV,7.6733,7.6234,-7.936376576946781,-7.87708823964047,-1.31225,1.13921,40.2283
175,42,0.5472,0.4528,CV,8.3348,8.1088,-28.812234725038252,-28.739491673520483,4.41273,0.37226,62.0026
175,48,0.4631,0.5369,CA,25.6387,25.2371,-79.73197361770882,-79.23041927308375,-10.99378,-1.77463,210.0223
175,49,0.5523,0.4477,CV,14.6704,14.5844,-15.13913935696169,-14.901092587586081,-2.70195,1.3456,38.1676
176,48,0.5561,0.4439,CV,13.252,13.3731,-24.447257606428007,-24.422911944233874,-3.33131,-4.63083,190.9886
176,49,0.5366,0.4634,CV,11.6883,11.5302,-14.686354267154453,-14.455561638173792,-3.26722,1.47327,37.8392
177,48,0.5783,0.4217,CV,13.1451,13.0991,-11.880455612739556,-11.813039389039378,-3.69598,-5.78938,170.399
177,49,0.4883,0.5117,CA,16.6843,16.5115,-19.23911096531373,-18.837428078543162,-4.69696,1.54076,37.2878
177,42,0.5,0.5,CA,60.9932,60.8181,-101.12282398037348,-100.04292316880986,9.99975,0.37709,64.0971
178,48,0.5502,0.4498,CV,14.9067,14.7311,-11.208290071948415,-10.994370853425027,-0.58002,-6.88859,142.7808
178,49,0.4102,0.5898,CA,19.1517,18.9259,-23.235330834763715,-22.58665876507935,-7.18914,1.633,38.449
178,42,0.5963,0.4037,CV,3.1301,3.4995,-32.59800863161694,-32.68567554735882,6.09318,0.29759,67.0635
179,48,0.578,0.422,CV,9.3021,9.2152,-11.333256516149687,-11.273197278458872,-0.78753,-6.2734,126.7056
179,49,0.3426,0.6574,CA,18.5595,18.2272,-21.956439542197295,-21.12998557383662,-11.13519,2.06699,42.2625
179,42,0.6354,0.3646,CV,11.9194,12.2115,-32.529029103488654,-32.64282788167396,-0.50762,-0.14183,68.5198
180,48,0.5334,0.4666,CV,14.1058,13.854,-31.2434156600275,-30.962335582260305,-0.26365,-7.77373,113.0818
180,49,0.2857,0.7143,CA,17.4872,17.0319,-19.562289726334,-18.566340402299737,-17.52912,2.80151,47.8396
180,42,0.6073,0.3927,CV,12.706,12.6874,-26.911378491443834,-26.84775689947358,-2.63458,-0.08459,70.3413
181,49,0.2504,0.7496,CA,15.0002,14.3771,-16.92080945511087,-15.824217191525115,-26.84506,3.78034,57.9918
181,42,0.5712,0.4288,CV,15.034,14.9049,-17.143235990413523,-16.971840712984694,-4.26411,-0.05789,68.0558
182,49,0.2853,0.7147,CA,10.4559,9.5814,-11.557893902872772,-10.689277706136249,-36.28909,4.80016,70.4985
182,42,0.5664,0.4336,CV,9.4223,9.1926,-10.229570019076778,-10.0915425447483,-4.50041,-0.06464,67.017
183,49,0.3638,0.6362,CA,6.875,5.8707,-7.099008523004986,-6.540598586356582,-41.69018,4.77445,83.8027
183,42,0.5729,0.4271,CV,11.752,11.604,-12.72327672602475,-12.618707263981918,-4.22102,-0.27368,70.1276
184,49,0.5657,0.4343,CV,0.6733,1.5951,-6.048069888675657,-6.202900971299354,-29.2707,3.13172,88.7729
184,42,0.5906,0.4094,CV,7.1721,7.0294,-7.6677600605696306,-7.626768985184321,-3.55733,0.09904,68.9931
185,49,0.6596,0.3404,CV,2.5014,3.4615,-5.289096824892449,-5.553679693705746,-9.25911,0.97739,80.1101
185,42,0.5943,0.4057,CV,6.5622,6.3956,-8.039099583782379,-7.9874423951281734,-3.22371,0.1444,67.7344
186,49,0.644,0.356,CV,5.4659,5.7348,-7.103813799113256,-7.160708890573492,3.89098,-0.22024,68.0435
186,42,0.5966,0.4034,CV,6.8289,6.6787,-8.128424940394293,-8.080643248901747,-2.93946,0.16918,68.409
186,51,0.7,0.3,CV,10.2067,10.2067,-22.888705268916432,-22.888705268916432,0.0,0.0,37.1448
187,49,0.5444,0.4556,CV,9.5088,9.3406,-9.48227607883221,-9.14760903025229,10.49412,-0.69796,61.9632
187,42,0.6,0.4,CV,6.2201,6.0694,-9.387084202632353,-9.350097787336807,-2.60215,0.06438,68.9688
187,51,0.6315,0.3685,CV,14.1132,14.1132,-30.12771520777513,-30.069420912331346,6.56218,-1.23199,53.9061
188,49,0.5367,0.4633,CV,6.2581,5.8383,-6.908667222183755,-6.689709376585109,11.01841,-0.50259,59.6311
188,42,0.6035,0.3965,CV,6.2862,6.1621,-8.725023245394615,-8.69765674000543,-2.21286,-0.04756,70.054
188,51,0.5352,0.4648,CV,14.0628,13.8456,-26.906396046392693,-26.553496303418637,14.03186,-4.43303,91.5855
189,49,0.5898,0.4102,CV,2.5922,2.4489,-5.315151157561857,-5.323164570325802,7.81687,-0.18118,56.6837
189,42,0.6112,0.3888,CV,2.4017,2.2877,-9.048823337628933,-9.048820727503935,-1.55802,-0.05019,70.6382
189,51,0.4548,0.5452,CA,12.7679,12.0305,-25.30388648774085,-24.769673353403505,20.07752,-4.79281,141.6923
190,49,0.6222,0.3778,CV,1.8055,2.0156,-5.128417620292287,-5.194893267520813,3.85671,0.07094,52.6529
190,42,0.6121,0.3879,CV,4.841,4.7609,-8.699829771793727,-8.692024870400342,-1.36881,0.02927,70.8105
190,51,0.454,0.546,CA,11.0037,9.8891,-29.04578625149535,-28.62328599194838,25.01996,-3.57125,189.2162
191,49,0.6276,0.3724,CV,1.9934,2.065,-5.118426817512567,-5.160412689102053,1.72447,0.10107,47.6365
191,42,0.6116,0.3884,CV,6.1204,6.05,-10.757712391374831,-10.746845986968907,-1.27127,0.09058,72.2894
191,51,0.4417,0.5583,CA,13.4232,12.238,-30.046208534078215,-29.575354688205643,30.43008,-1.59939,230.9341
192,49,0.6266,0.3734,CV,0.9454,0.9987,-5.099261977676955,-5.1288019010188375,0.76281,0.06928,43.8261
192,42,0.6154,0.3846,CV,1.717,1.6558,-11.814368591073922,-11.819868599892768,-0.87137,0.10906,73.1625
192,51,0.5451,0.4549,CV,6.7202,6.0934,-18.078625683588918,-18.04041560844138,25.76949,0.04273,251.1464
193,49,0.6163,0.3837,CV,4.4295,4.401,-6.174102273981106,-6.1611595596977695,1.45829,-0.00159,41.025
193,42,0.6149,0.3851,CV,5.8961,5.8586,-14.825191412142491,-14.822947149664136,-0.89945,0.1236,72.855
193,51,0.592,0.408,CV,4.8674,4.3117,-14.508022903095927,-14.513120278241875,18.93242,0.86515,253.8464
194,49,0.6002,0.3998,CV,7.4936,7.425,-13.352469229280484,-13.287555454191093,1.97041,0.09049,39.6162
194,42,0.6164,0.3836,CV,2.2897,2.2447,-14.688330201579634,-14.693455969187266,-0.69659,0.05227,73.7851
195,49,0.6011,0.3989,CV,5.3504,5.2621,-10.192501823741175,-10.154946792345603,1.75357,0.24536,38.3513
195,42,0.6156,0.3844,CV,5.4468,5.4112,-15.078444544974799,-15.078007616808414,-0.78184,0.0383,74.1235
196,49,0.6164,0.3836,CV,3.0067,3.0794,-7.918226333395163,-7.943469019588667,0.77019,0.24523,37.1749
196,42,0.6148,0.3852,CV,5.9201,5.8783,-13.34958143757763,-13.34671393803491,-0.88363,0.00593,75.0102
196,51,0.5,0.5,CA,14.7445,14.5007,-15.174624344228382,-15.182395248956965,6.27691,1.47815,255.1194
197,49,0.6113,0.3887,CV,5.5815,5.5428,-6.601168921474287,-6.5823918408370785,0.99422,0.16041,36.6034
197,42,0.6151,0.3849,CV,4.6332,4.5854,-11.260785437790664,-11.260589948956497,-0.85016,0.00081,76.0497
197,51,0.5792,0.4208,CV,9.4469,9.4729,-18.527696706007205,-18.5449509320748,3.50505,1.52959,239.4517
198,49,0.6192,0.3808,CV,8.5948,8.6487,-8.444503513254151,-8.466662176609168,-0.14357,-0.02241,35.6192
198,42,0.6164,0.3836,CV,2.6934,2.6493,-10.665082660320312,-10.669819048645628,-0.68526,0.04808,77.055
198,51,0.6041,0.3959,CV,20.2568,20.3215,-24.75635642527633,-24.762168561197917,0.72864,1.6501,221.6504
199,49,0.6101,0.3899,CV,9.5974,9.5894,-9.197844812730414,-9.16979139044162,-0.71094,-0.33081,33.6533
199,42,0.6171,0.3829,CV,3.708,3.6881,-8.732099248236748,-8.73772412931377,-0.52862,0.17481,77.0272
200,49,0.5981,0.4019,CV,8.8681,8.8222,-8.931167527192015,-8.866392323324913,-1.12139,-0.5632,32.2502
200,42,0.6168,0.3832,CV,4.1539,4.123,-8.70019427359069,-8.70361677487687,-0.59822,0.15255,77.5405
201,49,0.5797,0.4203,CV,9.9928,9.9221,-11.11650013539732,-10.993586994351507,-1.52002,-0.89836,30.7324
201,42,0.617,0.383,CV,3.5441,3.5123,-7.590134897074909,-7.594704631049859,-0.58825,0.17265,78.7005
202,49,0.5937,0.4063,CV,3.8238,3.7373,-5.676566804143416,-5.638226381136385,-1.18685,-0.88438,29.3653
202,42,0.6167,0.3833,CV,4.4642,4.4333,-7.8752336104720815,-7.878312528972873,-0.64812,0.07783,79.1696
203,49,0.5869,0.4131,CV,8.2314,8.1775,-9.146857301020795,-9.060168220356635,-1.63495,-0.79334,29.0233
203,42,0.6163,0.3837,CV,4.7224,4.6876,-7.170563821405589,-7.172473916616438,-0.69654,0.02949,79.2498
204,49,0.5996,0.4004,CV,3.235,3.1504,-5.42303535808468,-5.398795946285146,-1.3317,-0.65315,28.4838
204,42,0.6169,0.3831,CV,2.9068,2.869,-6.729895465674263,-6.7350664817586114,-0.61985,0.03925,79.9725
205,49,0.6108,0.3892,CV,1.4383,1.3885,-5.622963848481107,-5.627049555249918,-0.93749,-0.3828,27.7635
205,42,0.6175,0.3825,CV,2.2723,2.2382,-6.675274354469845,-6.681892703775845,-0.52734,0.03426,80.6874
206,49,0.6134,0.3866,CV,2.666,2.6314,-6.626683221440706,-6.624940504172577,-0.74376,-0.22942,27.4042
206,42,0.6172,0.3828,CV,4.2912,4.2676,-6.9219587266627105,-6.926462071402686,-0.54571,-0.09127,80.3788
207,49,0.6163,0.3837,CV,1.1033,1.0715,-5.132529227192266,-5.139372195183148,-0.51145,-0.13092,26.9374
207,42,0.6173,0.3827,CV,3.478,3.451,-6.766853842622493,-6.772165654328524,-0.56857,-0.03859,81.1053
207,52,0.7,0.3,CV,8.2398,8.2398,-8.33317610394651,-8.33317610394651,0.0,0.0,78.1248
208,49,0.611,0.389,CV,6.3326,6.3166,-7.6421359975359,-7.6222592630688,-0.73449,-0.04597,25.3915
208,42,0.6172,0.3828,CV,3.4525,3.4219,-7.015850770220695,-7.020881177424004,-0.57663,-0.05764,81.8319
208,52,0.6135,0.3865,CV,24.2086,24.2086,-17.990500835772167,-17.855548173034467,-10.42284,-6.34173,102.8625
209,42,0.6181,0.3819,CV,1.7329,1.7258,-8.648594878908286,-8.657224369412479,-0.37847,-0.05015,83.1496
209,52,0.3742,0.6258,CA,16.7705,16.3596,-16.07881453935522,-15.097243748345312,-29.08915,-20.54653,193.4303
209,49,0.6163,0.3837,CV,1.3022,1.3015,-4.500337210950637,-4.51088090588088,-0.4237,0.05388,24.4669
210,42,0.6179,0.3821,CV,2.6611,2.6415,-8.44076012681841,-8.447595891940491,-0.36613,-0.06034,84.6152
211,42,0.6178,0.3822,CV,2.7982,2.7774,-8.350655645694147,-8.357123585154174,-0.38932,-0.08097,85.6811
212,42,0.6178,0.3822,CV,2.9831,2.9654,-7.818983623769197,-7.825557050916922,-0.4096,-0.06482,86.166
213,42,0.6185,0.3815,CV,1.5343,1.5539,-6.9293931022358315,-6.938941790785861,-0.15014,-0.06569,87.3965
213,53,0.7,0.3,CV,13.5928,13.5928,-21.212767375101397,-21.212767375101397,0.0,0.0,44.2084
214,42,0.6181,0.3819,CV,6.1257,6.1321,-7.727661728865855,-7.734488260516511,0.26851,-0.11157,89.7286
214,53,0.622,0.378,CV,21.5816,21.5816,-41.31822079000054,-41.21934226432853,-9.03664,-3.7284,62.8698
215,42,0.6177,0.3823,CV,4.2936,4.2787,-7.527045950152267,-7.532667526345924,0.42612,-0.03564,91.4869
215,53,0.0343,0.9657,CA,50.0414,49.7718,-114.30502155641237,-110.48883714602806,-51.33976,-14.47341,155.3102
216,42,0.6149,0.3851,CV,10.3587,10.3367,-9.686168740530931,-9.680836653298558,0.91057,0.03673,92.4377
216,53,0.0521,0.9479,CA,34.5784,33.3267,-54.2454811101293,-51.70056015438815,-102.48189,-27.62489,253.9843
217,42,0.6152,0.3848,CV,5.3771,5.3294,-8.400705151933966,-8.400705469410973,0.89424,-0.02207,93.5171
217,53,0.033,0.967,CA,29.5249,27.2398,-31.606980987592266,-28.558065288328123,-156.65382,-43.68867,315.5856
218,42,0.6169,0.3831,CV,1.9536,1.9073,-7.475216318667894,-7.4817552965280205,0.66367,-0.00353,95.3412
218,53,0.3525,0.6475,CA,4.585,2.0076,-6.509404610819266,-6.258973141650923,-157.12453,-41.32714,303.5592
219,42,0.6184,0.3816,CV,6.5598,6.5857,-7.456038285083476,-7.466498732771765,0.05458,0.02814,94.7223
219,53,0.8264,0.1736,CV,12.8522,17.489,-15.380486093104196,-16.847195667853455,-7.53685,-0.65747,283.5293
220,42,0.6181,0.3819,CV,4.9464,4.94,-7.195575481257592,-7.202427493757546,-0.28115,-0.02074,94.4651
221,42,0.6186,0.3814,CV,1.458,1.4532,-8.161202392613779,-8.17102654203411,-0.25461,0.04051,95.593
222,42,0.6185,0.3815,CV,3.37,3.3642,-7.757173437551393,-7.765585981390318,-0.34956,0.04362,97.3171
222,53,0.5,0.5,CA,45.5791,45.72,-25.072940128243296,-24.101040225657528,29.75948,9.27642,130.204
223,42,0.6173,0.3827,CV,6.1133,6.0943,-9.094483442485064,-9.097963865335789,-0.61227,0.02175,98.7679
223,53,0.3756,0.6244,CA,11.1358,10.0122,-9.083363474912785,-8.273002271223827,36.32122,11.02341,137.9466
224,42,0.616,0.384,CV,6.9451,6.9114,-9.187635139769185,-9.187219655232486,-0.81876,-0.03235,99.9903
224,53,0.3615,0.6385,CA,10.1823,8.8484,-9.986610906426343,-9.291577660302222,46.08139,13.76039,148.9542
225,42,0.615,0.385,CV,7.2009,7.1564,-9.903746720006733,-9.901073977845195,-0.94002,-0.1097,101.7881
225,53,0.4637,0.5363,CA,6.7512,5.6327,-10.574368778867829,-10.322577692434404,45.19388,13.164,156.4996
226,42,0.6159,0.3841,CV,4.4222,4.3757,-11.477526574779649,-11.480185270390802,-0.82576,-0.17081,102.6023
226,53,0.4833,0.5167,CA,8.9597,7.8924,-8.172766054235737,-7.855460864944975,44.84814,12.87071,168.8363
227,42,0.6163,0.3837,CV,4.6,4.5616,-10.946308485221621,-10.949609966109712,-0.77053,-0.10822,102.6845
227,53,0.5298,0.4702,CV,7.5659,6.6265,-7.74451409930818,-7.585444895196918,39.7451,10.90787,179.9387
228,42,0.6175,0.3825,CV,2.2849,2.2571,-12.689536187742174,-12.697145829452671,-0.54211,-0.10343,102.8581
228,53,0.5339,0.4661,CV,8.3968,7.3396,-11.31789612019788,-11.108755125509454,37.27774,10.06341,190.0784
229,42,0.6177,0.3823,CV,4.6168,4.6038,-15.640228554014884,-15.64695636510153,-0.33004,-0.2254,101.7479
229,53,0.5745,0.4255,CV,6.3829,5.6492,-13.464869867257665,-13.413974326765128,29.48191,7.58504,194.7141
230,42,0.6175,0.3825,CV,4.3722,4.3433,-13.196594345716523,-13.201888251254122,-0.28173,-0.2645,100.1911
230,53,0.6184,0.3816,CV,4.0728,4.1471,-14.14033682153733,-14.213070755656425,17.53818,4.16393,186.3737
231,42,0.6175,0.3825,CV,9.7875,9.8043,-12.343390539491667,-12.349071944529577,0.46118,-0.4813,101.7733
231,53,0.6277,0.3723,CV,6.6417,6.6383,-13.636432173020104,-13.684186865598367,10.04058,1.89294,173.7417
232,42,0.6177,0.3823,CV,3.7357,3.7151,-8.552347430111599,-8.559251784819713,0.40065,-0.39867,103.4451
232,53,0.631,0.369,CV,8.1303,8.2057,-9.382522860734069,-9.430711575913303,4.50094,0.4516,154.7009
233,42,0.6183,0.3817,CV,2.2583,2.252,-7.459599718031336,-7.468465664162085,0.36952,-0.16619,103.2376
233,53,0.6192,0.3808,CV,15.2846,15.2947,-11.720798634892176,-11.713683819717026,0.61465,-0.78799,132.9081
234,42,0.6185,0.3815,CV,2.2264,2.2283,-7.085608706281034,-7.0946008890236625,0.25361,0.03277,103.7368
234,53,0.5905,0.4095,CV,16.8158,16.738,-25.288806363047335,-25.179424584796955,-0.28384,-1.31069,111.1107
235,42,0.6183,0.3817,CV,2.851,2.8362,-7.179176524987138,-7.186650269205007,0.32977,0.0546,104.5108
235,53,0.5625,0.4375,CV,11.9019,11.791,-12.067321853641335,-11.885367233761652,-3.8201,-2.58081,95.5737
236,42,0.6173,0.3827,CV,6.453,6.4384,-8.663761979055755,-8.667430520924073,0.60561,-0.01395,103.9313
236,53,0.5681,0.4319,CV,9.5393,9.38,-11.362743772705,-11.244490503369772,-4.3735,-3.07637,86.3374
237,42,0.6166,0.3834,CV,5.6168,5.5842,-9.196440812194165,-9.198603959361845,0.74791,-0.03673,104.1431
237,53,0.5744,0.4256,CV,8.8164,8.6312,-12.530853809791836,-12.430137986990145,-4.22788,-2.98348,80.3778
238,42,0.6168,0.3832,CV,4.0111,3.9721,-10.82141045003035,-10.825664925350049,0.71752,-0.05448,105.0313
238,53,0.5794,0.4206,CV,8.9396,8.7972,-17.75407249832055,-17.664500702496674,-3.31464,-3.10711,72.3825
239,42,0.6152,0.3848,CV,8.0713,8.0355,-10.948638615240464,-10.94576896247482,0.93153,-0.27562,105.0882
239,53,0.5667,0.4333,CV,12.2205,12.143,-16.88798303415956,-16.73948381002384,-2.3294,-2.78921,62.5191
240,42,0.6165,0.3835,CV,3.127,3.0783,-10.034486879294803,-10.039520565743999,0.74265,-0.25138,104.865
240,53,0.4696,0.5304,CA,19.5721,19.4774,-39.85347086309144,-39.333014806852695,-4.12564,-5.59237,60.4165
241,42,0.6173,0.3827,CV,5.4842,5.4775,-9.359699195019715,-9.366232105339964,0.50651,0.01176,102.6097
241,53,0.3996,0.6004,CA,15.3446,15.0127,-15.399997406879125,-14.733954922238413,-7.23858,-7.47339,57.8923
242,42,0.6186,0.3814,CV,3.0487,3.067,-16.42388414972798,-16.43478186242296,0.31392,-0.11878,103.5084
242,53,0.398,0.602,CA,12.4591,12.1028,-21.575842581158533,-21.00238057618987,-10.25712,-8.46858,57.0117
243,42,0.6182,0.3818,CV,4.0414,4.0238,-15.278288367152392,-15.285183851884648,0.48056,-0.10142,103.5141
243,53,0.5,0.5,CA,8.1244,7.9716,-38.71897451527972,-38.56136382152397,-9.99096,-6.19622,56.7375
244,42,0.6181,0.3819,CV,3.4124,3.3952,-17.42619556254177,-17.433434589496656,0.45775,-0.07767,104.3041
244,53,0.5358,0.4642,CV,11.6806,11.6184,-39.009151027694784,-38.85027391873906,-8.11225,-2.96755,57.6948
245,42,0.6164,0.3836,CV,7.4285,7.4029,-18.838103380442504,-18.838353535405744,0.76632,-0.15048,104.5329
245,53,0.5454,0.4546,CV,10.6351,10.5011,-30.943195295102072,-30.771552585015808,-6.45132,-0.72269,57.289
245,55,0.7,0.3,CV,5.6078,5.6078,-6.872025525473832,-6.872025525473832,0.0,0.0,18.1826
246,42,0.6178,0.3822,CV,1.3657,1.3565,-17.98970123322122,-17.998536191135184,0.48975,-0.01434,104.6993
246,53,0.496,0.504,CA,14.9254,14.6931,-18.70888971948613,-18.32512825372028,-7.81383,-0.25958,58.7054
247,42,0.6186,0.3814,CV,3.6074,3.6298,-17.368581615538204,-17.378748603093584,0.06994,-0.04172,105.5397
247,53,0.5001,0.4999,CV,12.3716,12.0873,-12.985828414968957,-12.689708535740511,-8.34798,0.42905,60.8335
248,42,0.6177,0.3823,CV,7.3299,7.3284,-21.13984426638241,-21.144663615574366,-0.33486,-0.0496,108.168
248,53,0.5072,0.4928,CV,11.3554,11.072,-10.13834969042113,-9.864672724576998,-9.23395,0.7706,61.1178
249,42,0.6177,0.3823,CV,10.657,10.6785,-14.300024308321195,-14.30634951289964,0.07887,-0.35854,104.3863
249,53,0.5902,0.4098,CV,4.571,4.6953,-15.47670210083768,-15.528731171131861,-5.28819,1.24835,62.0649
250,42,0.6172,0.3828,CV,5.7094,5.6912,-9.293309437289468,-9.297390027716004,-0.00449,-0.21109,101.3085
250,53,0.6172,0.3828,CV,7.7098,7.8279,-23.14616399447735,-23.19119610114887,-1.05107,1.34671,57.9866
251,42,0.6174,0.3826,CV,5.6956,5.6859,-21.989439811754686,-21.99527208187556,0.38172,-0.38903,100.6454
251,55,0.5,0.5,CA,36.5557,36.5557,-24.603814460085008,-23.719018957197207,-9.14964,2.23334,52.7319
252,42,0.6187,0.3813,CV,9.3054,9.3408,-22.653518980997855,-22.664744534844118,-0.21882,-0.04578,103.2594
252,55,0.5755,0.4245,CV,2.6896,2.5833,-5.351586203006019,-5.353437172707015,-6.56425,1.64566,53.243
253,42,0.6188,0.3812,CV,6.2357,6.2508,-26.372769854882545,-26.382181607052033,0.05995,-0.25021,100.4421
253,55,0.6294,0.3706,CV,3.4334,3.731,-5.5582858475707635,-5.676407497402274,-2.53475,0.87963,51.502
253,53,0.5,0.5,CA,58.8997,58.8582,-73.22717497245253,-71.11357252188051,-10.42275,2.69607,45.5058
254,42,0.6146,0.3854,CV,13.5753,13.5767,-15.349441349704154,-15.341003483458467,-0.98327,-0.12773,97.9099
254,55,0.6319,0.3681,CV,4.3761,4.4885,-5.8108409043839515,-5.860510630881631,0.01048,0.34341,48.1258
254,53,0.6626,0.3374,CV,7.5487,8.0126,-16.373000185566205,-16.74581632860869,-3.36502,1.44668,43.8919
255,55,0.6187,0.3813,CV,5.4034,5.4041,-6.292777098230005,-6.282277573659057,1.23109,-0.22935,44.7248
255,53,0.5957,0.4043,CV,13.5646,13.7161,-47.19390732171637,-47.04099242099316,4.31853,-0.2552,39.054
255,42,0.6127,0.3873,CV,8.8929,8.8473,-10.17107419812668,-10.160815087844568,-1.24844,0.02279,97.9621
256,55,0.6096,0.3904,CV,4.6157,4.5514,-6.01679495757238,-5.987431966185698,1.46891,-0.3853,41.3193
256,53,0.5637,0.4363,CV,5.3718,5.1926,-37.845399112006966,-37.66070685777644,4.78051,-0.49647,35.8097
256,42,0.608,0.392,CV,12.7205,12.6626,-9.194873304929315,-9.16795326782632,-1.55418,0.46244,98.6058
257,42,0.605,0.395,CV,12.0778,11.9894,-8.853529318236498,-8.820658350985212,-1.7468,0.56063,99.5305
257,55,0.6176,0.3824,CV,0.7905,0.8221,-5.079985539544167,-5.097837888590977,0.83242,-0.2724,38.9614
257,53,0.62,0.38,CV,2.6615,2.8643,-18.82989251575545,-18.925104624709284,2.06555,-0.21194,32.7617
258,42,0.6117,0.3883,CV,4.781,4.7211,-9.598347944497887,-9.598302462792468,-1.25596,0.55255,97.9975
258,55,0.6191,0.3809,CV,1.6838,1.6884,-5.1743555774353265,-5.186959550922854,0.51811,-0.07876,37.2133
258,53,0.6031,0.3969,CV,3.8599,3.7733,-13.871839706795964,-13.81352580999484,2.38853,-0.22402,29.4698
259,42,0.6157,0.3843,CV,4.5983,4.5881,-10.565509128181526,-10.572433234835657,-0.79684,0.35708,95.2553
259,55,0.6132,0.3868,CV,5.8455,5.8229,-6.578762688470777,-6.5638702376568805,0.78005,0.07726,35.5785
259,53,0.6098,0.3902,CV,2.5579,2.5103,-6.841605258428175,-6.836332249665398,1.73116,-0.30238,27.3549
260,42,0.6169,0.3831,CV,2.8111,2.7626,-10.376571295629024,-10.382282686221401,-0.69303,0.28023,94.0033
260,55,0.6102,0.3898,CV,5.4148,5.3771,-6.918990731273261,-6.900462429853613,0.82345,0.19916,34.6045
260,53,0.5685,0.4315,CV,9.0829,9.0058,-22.205801353958016,-22.019777478863915,2.59403,-0.27117,26.3669
261,42,0.6128,0.3872,CV,10.7419,10.7106,-13.744620293601878,-13.73163764625993,-1.20761,0.3275,94.8564
261,55,0.611,0.389,CV,3.9713,3.9301,-5.982011365182049,-5.971359397754698,0.75843,0.19802,33.3301
261,53,0.6028,0.3972,CV,3.2113,3.2282,-11.866148592776181,-11.88217009600617,1.52983,-0.19824,25.7929
262,42,0.6102,0.3898,CV,9.5244,9.4577,-16.922232461562622,-16.903993038143927,-1.45622,0.22668,94.1726
262,55,0.6129,0.3871,CV,2.8758,2.8359,-5.511504160089863,-5.5073561813185,0.65814,0.16562,32.7383
262,53,0.6167,0.3833,CV,1.7982,1.8528,-28.380725224376746,-28.404943255839576,0.74357,-0.16974,24.6351
263,42,0.6091,0.3909,CV,8.6145,8.5355,-17.037468982611117,-17.01892152810646,-1.5438,0.16616,93.2747
263,55,0.6138,0.3862,CV,3.1964,3.1651,-5.602923110581209,-5.599995976829231,0.61615,0.04537,32.2203
263,53,0.6139,0.3861,CV,3.4157,3.3858,-22.08513238008041,-22.077057073471863,0.68147,-0.09702,24.3462
264,42,0.6149,0.3851,CV,2.0576,2.0157,-18.424680412577885,-18.43205105991038,-1.02041,0.06937,91.8453
264,55,0.6108,0.3892,CV,6.1234,6.0935,-6.754445616263773,-6.737454264683818,0.75474,0.02988,32.496
264,53,0.6173,0.3827,CV,1.0047,1.005,-12.803104330169806,-12.813501230298996,0.43189,-0.01169,23.6428
265,42,0.6149,0.3851,CV,5.4046,5.3544,-15.841807128737123,-15.840296532209637,-1.0216,0.02309,91.6384
265,55,0.6034,0.3966,CV,9.2358,9.1959,-8.700257819942298,-8.656822086142471,1.07157,-0.00053,32.222
265,53,0.6186,0.3814,CV,4.2253,4.2441,-7.6342561364295385,-7.645053691349479,-0.08374,0.01511,23.3387
266,42,0.6149,0.3851,CV,5.1466,5.092,-17.406506442890844,-17.405209013863782,-1.00099,0.01008,91.305
266,55,0.5948,0.4052,CV,10.3918,10.3346,-9.83454444787447,-9.766007721636297,1.38373,-0.02615,32.4637
266,53,0.6144,0.3856,CV,5.6221,5.6141,-6.494901581947467,-6.485811815467696,-0.43117,0.09638,23.3854
267,42,0.6173,0.3827,CV,2.5498,2.5397,-19.712475812883323,-19.72131879693862,-0.64963,-0.04395,89.4458
267,55,0.5799,0.4201,CV,13.7389,13.667,-13.117305460201266,-13.000003677401015,1.84245,0.22132,33.2518
267,53,0.6123,0.3877,CV,5.0973,5.0754,-7.2362482155170795,-7.224723412675385,-0.42857,0.23158,23.9567
268,42,0.6179,0.3821,CV,1.9288,1.8973,-19.848369694227763,-19.856254128421774,-0.52316,-0.06382,88.5181
268,55,0.5792,0.4208,CV,12.4419,12.36,-11.13825492236429,-11.039925544172979,1.87572,0.63997,35.1396
268,53,0.6027,0.3973,CV,10.1382,10.1084,-14.188720407053857,-14.139852877063934,-0.76241,0.41514,24.6278
269,42,0.6135,0.3865,CV,10.2516,10.2233,-15.238289045384711,-15.226755128286714,-1.0878,-0.11947,87.5313
269,55,0.579,0.421,CV,11.207,11.0979,-10.232119738070331,-10.133838080691401,2.01648,0.76508,36.6176
269,53,0.5973,0.4027,CV,9.4609,9.4108,-13.64034414221225,-13.583355768898375,-0.93708,0.52689,25.4149
270,42,0.6142,0.3858,CV,5.2659,5.213,-15.004849632890773,-15.002479654762272,-1.00463,-0.14294,85.4247
270,55,0.5815,0.4185,CV,10.0115,9.9002,-8.806218751633946,-8.718617269578594,2.10127,0.83841,37.3603
270,53,0.5946,0.4054,CV,9.461,9.4066,-22.25090080026812,-22.190499224725944,-1.01941,0.73238,25.7008
271,42,0.6171,0.3829,CV,1.0864,1.0522,-13.063721753192018,-13.072873747301456,-0.66741,-0.08307,84.4646
271,55,0.5889,0.4111,CV,7.4383,7.3202,-7.3141207862761854,-7.253484685089591,1.99465,0.81606,39.1653
271,53,0.604,0.396,CV,4.2989,4.2434,-23.635428561145915,-23.61821195778171,-0.7633,0.68233,26.8021
272,42,0.612,0.388,CV,10.4582,10.4222,-11.398251094751693,-11.38126642548346,-1.2158,-0.12799,83.2037
272,55,0.5884,0.4116,CV,9.4073,9.3081,-8.698460486441697,-8.624873526501679,2.08076,0.85313,39.4204
273,42,0.5961,0.4039,CV,18.7387,18.6748,-13.566887511959758,-13.49129522624801,-2.158,-0.0559,83.4121
273,55,0.5859,0.4141,CV,8.6196,8.501,-9.768563835331747,-9.685163654253238,2.24515,0.89529,40.4935
274,42,0.6023,0.3977,CV,7.5024,7.3845,-8.958471275282385,-8.931895118763613,-1.9204,-0.1229,83.3327
274,55,0.603,0.397,CV,3.9795,3.9157,-7.4161886026087664,-7.407734252970129,1.57814,0.72941,40.6219
275,42,0.6094,0.3906,CV,4.1707,4.0715,-12.234142058988708,-12.228215358407734,-1.51187,-0.08849,82.4061
275,55,0.6155,0.3845,CV,3.5783,3.611,-8.096810885732626,-8.115663717545145,0.77321,0.25303,40.2275
276,42,0.608,0.392,CV,8.3267,8.2496,-8.501296512681112,-8.479146103752749,-1.6138,-0.09336,80.9073
276,55,0.6177,0.3823,CV,5.0248,5.0365,-11.287371602630195,-11.297117590892361,0.32751,-0.32394,39.8901
277,42,0.6059,0.3941,CV,9.0245,8.9404,-7.903363896424786,-7.8742358169535445,-1.76856,-0.10378,80.6812
277,55,0.6152,0.3848,CV,6.8717,6.8709,-10.914622554663563,-10.910563187174638,-0.1629,-0.70614,40.2862
278,42,0.6113,0.3887,CV,3.5839,3.4885,-6.667833591333533,-6.664771070938376,-1.38864,-0.08139,80.0783
279,42,0.6098,0.3902,CV,7.8557,7.7898,-11.469628439137313,-11.452222231288722,-1.4357,-0.34757,78.8125
280,42,0.6182,0.3818,CV,5.4252,5.4862,-7.52740168960056,-7.547429633302437,-0.441,-0.26651,76.6081
281,42,0.6187,0.3813,CV,6.99,7.0133,-7.8225502552790145,-7.8324769015720666,0.34486,-0.18059,75.5948
281,55,0.5,0.5,CA,11.2918,11.2826,-14.510479417359585,-14.505303890368818,-0.41856,-0.34698,40.0162
282,42,0.6157,0.3843,CV,7.4846,7.4654,-7.40798521336271,-7.404264028419652,0.82199,-0.0935,74.3125
282,55,0.5732,0.4268,CV,5.2101,5.1886,-8.228119528351144,-8.22070288622418,-0.74947,-0.35157,37.7829
283,42,0.6157,0.3843,CV,4.8607,4.8293,-6.6369302145583395,-6.637740823813823,0.75039,-0.13975,71.3241
283,55,0.5916,0.4084,CV,8.9216,8.8916,-9.344690932413092,-9.307327863138763,-1.22463,-0.32553,38.5258
284,42,0.6154,0.3846,CV,4.9635,4.9325,-6.982761820526361,-6.982538997204482,0.78449,-0.27479,70.1668
284,55,0.6093,0.3907,CV,2.3815,2.3716,-7.843220805932825,-7.85265527047443,-0.86477,-0.03644,37.9188
285,42,0.6183,0.3817,CV,2.7323,2.7536,-10.996115892956432,-11.008187538837436,0.38018,-0.14574,69.6121
285,55,0.6158,0.3842,CV,1.4835,1.4726,-9.43494803678557,-9.44561140842562,-0.5623,0.09526,37.2358
286,42,0.6184,0.3816,CV,5.7319,5.7431,-8.40444326759671,-8.412857614542514,0.20805,0.05626,65.8085
286,55,0.6175,0.3825,CV,2.4948,2.487,-8.76341657502293,-8.771922486284522,-0.35271,0.26592,36.6592
287,42,0.6176,0.3824,CV,3.806,3.7885,-9.688591829992854,-9.693427441453613,0.13445,0.13724,62.4028
287,55,0.6161,0.3839,CV,5.5917,5.5905,-8.631718452427437,-8.631613853953311,-0.2799,0.10179,34.4195
288,42,0.6183,0.3817,CV,3.0448,3.0388,-14.161995426085767,-14.170983775552342,-0.1481,0.01712,59.5954
289,42,0.616,0.384,CV,5.0832,5.0621,-19.187933357074527,-19.186458787379525,-0.3922,0.1774,55.7596
290,42,0.6194,0.3806,CV,6.9888,7.0254,-18.87669129277371,-18.892768176387122,0.2256,-0.10925,54.2971
291,42,0.6174,0.3826,CV,5.1907,5.1825,-28.307677595722467,-28.31004974302543,0.30113,-0.10985,53.3845
293,56,0.7,0.3,CV,8.3291,8.3291,-7.82319452895174,-7.82319452895174,0.0,0.0,38.3416
294,56,0.6431,0.3569,CV,8.2851,8.2851,-7.892110175795659,-7.883619523017973,4.21903,0.86035,53.1697
295,56,0.5628,0.4372,CV,12.5686,12.4456,-10.631850574028165,-10.37312595467016,13.31476,2.86773,85.3783
296,56,0.2662,0.7338,CA,19.6045,19.0928,-17.29570054345305,-15.888983045387421,29.54924,8.72502,140.3211
297,56,0.3131,0.6869,CA,10.8012,9.4963,-9.064815722292984,-8.306449024706938,42.42784,13.46533,182.6704
298,56,0.4624,0.5376,CA,6.1944,5.2718,-10.397623286283409,-10.208411537384181,41.71058,12.69733,194.2236
299,56,0.5832,0.4168,CV,7.8148,8.0326,-19.55288103183555,-19.64039355711669,25.65161,7.68769,196.4136
300,56,0.5928,0.4072,CV,6.1735,5.6128,-27.73884188291308,-27.69179633187961,19.4482,7.25139,187.6105
301,56,0.6465,0.3535,CV,7.1387,7.8799,-26.628280910096926,-26.795135320744805,2.55597,2.10405,172.9228
302,56,0.6188,0.3812,CV,11.8744,11.9188,-24.136005054361085,-24.104275615740978,-5.06302,0.35311,152.4069
303,56,0.5751,0.4249,CV,13.2433,13.009,-21.889139670816043,-21.716781855482246,-8.28551,-0.56691,142.5635
303,42,0.5,0.5,CA,122.8265,122.8267,-50.12615008995148,-50.03178086062252,-1.61436,0.13576,48.7539
304,56,0.5453,0.4547,CV,15.8844,15.5254,-21.22688345063529,-20.997605894676,-9.9363,-1.48513,140.6929
304,42,0.5848,0.4152,CV,9.0543,9.1289,-9.777677470722853,-9.817799009902426,-0.35326,0.18176,44.9196
305,56,0.5543,0.4457,CV,11.8849,11.4247,-15.772609358471968,-15.623185307386443,-9.69212,-1.7615,141.6956
305,42,0.6033,0.3967,CV,9.0206,9.0351,-8.482729056405564,-8.477091662305767,0.73119,0.26261,44.4953
306,56,0.5682,0.4318,CV,12.4883,12.12,-14.608414312822468,-14.502508361650941,-8.70371,-1.77461,146.7328
306,42,0.598,0.402,CV,10.2128,10.172,-9.26510287299421,-9.210093178259989,1.4729,0.14873,44.4218
307,56,0.5806,0.4194,CV,8.996,8.5573,-11.916957413665775,-11.84120994905731,-7.71962,-1.47183,149.5064
307,42,0.5861,0.4139,CV,11.2343,11.1513,-10.184681924524334,-10.087973577739152,2.00948,0.12822,44.1149
308,56,0.5873,0.4127,CV,12.3183,12.0708,-11.076687132355522,-11.010865003546826,-6.77718,-1.38199,146.5297
308,42,0.5823,0.4177,CV,10.0819,9.9725,-9.009919687321878,-8.915331020899298,2.1894,0.01802,44.7021
309,56,0.5984,0.4016,CV,7.8337,7.612,-9.480303391670066,-9.450373700093754,-5.2514,-1.34891,144.9792
309,42,0.5926,0.4074,CV,6.0485,5.9253,-9.683464364522708,-9.636776032264374,1.96518,0.04827,44.973
310,56,0.6052,0.3948,CV,6.8294,6.6434,-8.10375615936287,-8.086090751158608,-3.98253,-1.38639,143.894
310,42,0.5934,0.4066,CV,8.9787,8.9033,-17.198719483412184,-17.140211726136044,1.99064,0.24381,43.4052
311,56,0.6096,0.3904,CV,6.655,6.5202,-7.876383854493796,-7.867107029805867,-2.92879,-1.16421,140.0249
311,42,0.5908,0.4092,CV,8.4192,8.3248,-8.34242835156748,-8.272244414609444,2.11784,0.10887,44.0084
312,56,0.6121,0.3879,CV,7.8531,7.7803,-7.718745479636224,-7.7133259415039,-1.93287,-0.95459,133.9051
312,42,0.612,0.388,CV,6.2033,6.2528,-11.249956191205335,-11.272053372740967,0.98862,0.11459,45.6173
313,56,0.6013,0.3987,CV,17.1216,17.0703,-11.591243694528341,-11.537161298712094,-0.75586,-1.13475,122.3182
313,42,0.617,0.383,CV,5.2889,5.3129,-7.781162574309404,-7.793047470026699,0.24495,0.00842,46.6224
314,42,0.6168,0.3832,CV,3.9521,3.9392,-6.220423834085624,-6.224175143841036,0.44507,-0.0149,46.6801
314,56,0.5911,0.4089,CV,17.2862,17.2474,-13.658083818717717,-13.577174677712268,-2.79041,-0.14019,115.289
315,56,0.602,0.398,CV,10.1541,10.1276,-11.455498139575457,-11.434978344609014,-1.20107,0.53054,105.4726
315,42,0.6185,0.3815,CV,5.8756,5.9014,-9.826538231548545,-9.837735007541145,-0.13787,0.10582,46.4615
316,56,0.6107,0.3893,CV,14.4968,14.5649,-22.3147306884534,-22.31464165513121,1.35039,0.16956,98.8691
316,42,0.6185,0.3815,CV,1.5903,1.586,-10.178560917815734,-10.18704387363584,-0.0643,0.16415,46.675
317,56,0.5973,0.4027,CV,14.1569,14.1004,-22.4073743939665,-22.3383968447602,2.37793,-0.41137,93.4208
317,42,0.6179,0.3821,CV,3.8592,3.8553,-10.963867337773276,-10.969836164922082,-0.21954,0.21504,46.169
318,56,0.5648,0.4352,CV,18.6824,18.5551,-38.61030477482795,-38.42785512684986,3.52638,-0.45194,85.5867
318,42,0.6177,0.3823,CV,4.3536,4.353,-12.517175757523734,-12.52322894449653,0.07741,0.22685,45.2481
319,56,0.5232,0.4768,CV,19.7452,19.5608,-31.73197836379888,-31.42884670889132,5.0216,-0.56246,81.123
319,42,0.618,0.382,CV,3.2638,3.2618,-16.38784108399727,-16.395534542840938,-0.19101,0.14516,44.8295
320,56,0.4729,0.5271,CA,21.5976,21.3421,-26.480990620916668,-26.03694662721191,7.14926,-0.59552,79.6551
320,42,0.6186,0.3814,CV,0.6861,0.6707,-10.14974026595517,-10.159661677694615,-0.1237,0.11693,44.5441
321,56,0.4579,0.5421,CA,17.2113,16.8522,-17.454126019629346,-17.02179697958416,9.25467,-0.80685,79.3471
321,42,0.6156,0.3844,CV,7.8329,7.834,-17.154372639369072,-17.150651254319442,0.47916,0.07979,43.1025
322,56,0.4901,0.5099,CA,10.4036,9.9737,-12.09481498452844,-11.813037870516066,10.23133,-1.09489,79.9183
322,42,0.6155,0.3845,CV,3.7979,3.7726,-10.896636221398374,-10.896611680000154,0.3542,0.02152,41.3461
323,56,0.5045,0.4955,CV,10.1727,9.7538,-11.6659077270332,-11.395752125057633,11.10567,-1.44957,82.8411
323,42,0.6191,0.3809,CV,1.7992,1.8318,-7.877261649726242,-7.892856814267201,0.10177,-0.02545,40.8479
324,56,0.54,0.46,CV,6.5577,6.1157,-24.402624887385194,-24.254104599389485,10.45857,-1.75826,83.9133
324,42,0.618,0.382,CV,6.2919,6.3039,-15.26938222259719,-15.275159092878013,-0.2928,0.07678,41.2811
325,56,0.5805,0.4195,CV,5.6552,5.4837,-32.78826795263632,-32.75342500655109,7.88747,-1.96919,82.3371
325,42,0.618,0.382,CV,2.9501,2.9447,-8.953713180148668,-8.960861563860997,-0.28863,0.17344,40.0568
326,56,0.6077,0.3923,CV,6.6079,6.6197,-34.864921968798534,-34.883937938311846,4.25359,-2.03767,78.2382
326,42,0.6182,0.3818,CV,2.3555,2.3552,-5.8271769060896546,-5.835343344501669,-0.19147,0.08739,39.9573
327,56,0.6112,0.3888,CV,7.4134,7.3932,-22.894938326996765,-22.88863165263244,1.73316,-2.01954,72.9051
327,42,0.6176,0.3824,CV,2.7133,2.7004,-6.143034981922549,-6.148286333296017,-0.28323,0.06123,39.8334
328,56,0.6151,0.3849,CV,3.2908,3.2157,-10.114779629111538,-10.119912857682301,1.47791,-1.49081,67.9991
328,42,0.6187,0.3813,CV,3.7447,3.7621,-6.3815997184824536,-6.3923452112324615,0.06917,-0.01462,39.1127
329,56,0.6181,0.3819,CV,4.3116,4.3086,-6.342998439999119,-6.354931380136991,0.40883,-1.02518,63.9187
329,42,0.6165,0.3835,CV,6.5607,6.5629,-7.13587961197306,-7.135597368492055,-0.05314,0.21785,36.9395
330,56,0.6164,0.3836,CV,7.7145,7.7165,-8.608206647545295,-8.608593693692612,-0.21496,-0.37818,62.2744
330,42,0.6081,0.3919,CV,12.9736,12.9808,-14.437124141754019,-14.404811193795119,0.98619,0.01764,36.8786
331,56,0.6036,0.3964,CV,15.6725,15.6371,-21.08991793612109,-21.038897572246608,-0.74466,0.12298,64.5289
331,42,0.6057,0.3943,CV,7.2776,7.2316,-8.673954648712442,-8.643884464672961,1.0973,-0.06784,37.4334
332,56,0.596,0.404,CV,20.426,20.3592,-29.61836859292251,-29.554497066132253,-0.51563,0.38031,71.0696
332,42,0.6189,0.3811,CV,6.6132,6.6735,-7.794770305507085,-7.823956589140339,0.167,0.04632,36.5918
333,56,0.593,0.407,CV,22.9626,22.867,-29.286678929259967,-29.221609194104186,-0.55192,0.50585,81.3602
333,42,0.6179,0.3821,CV,5.0313,5.0372,-6.243632837816036,-6.249277297109735,-0.13068,-0.0518,37.1349
334,56,0.6009,0.3991,CV,14.2419,14.1446,-19.79857760195843,-19.770668834983006,-0.67283,0.55634,88.7083
334,42,0.6172,0.3828,CV,3.6552,3.6452,-9.308674876752383,-9.312438456090414,-0.31737,-0.00235,37.2405
335,56,0.6071,0.3929,CV,12.8018,12.7445,-17.51965862824359,-17.50625819075213,-0.88191,0.57791,92.9008
335,42,0.6178,0.3822,CV,3.5707,3.574,-8.467360374134051,-8.47472597329207,-0.28322,0.06837,36.0451
336,56,0.6122,0.3878,CV,12.167,12.1593,-16.515358102889998,-16.51420489909081,-0.93323,0.5716,93.2964
336,42,0.6184,0.3816,CV,3.1823,3.1892,-6.48703444443848,-6.496105400390543,0.0039,0.0506,35.0652
337,56,0.6135,0.3865,CV,10.5447,10.523,-20.590703342363106,-20.587608692805595,-0.78315,0.66665,93.9556
337,42,0.6187,0.3813,CV,2.1397,2.1438,-8.653786547920529,-8.66360927057081,0.1554,0.04382,34.9288
338,56,0.6122,0.3878,CV,26.9967,27.0327,-14.42149495833986,-14.410705099858976,0.91775,0.84698,106.2773
338,42,0.6182,0.3818,CV,2.7404,2.7352,-6.760646632971822,-6.767798816605684,0.23301,-0.11385,34.3167
339,56,0.6088,0.3912,CV,18.9064,18.868,-16.38423638390008,-16.36133667928268,1.4429,1.07448,108.202
340,56,0.5918,0.4082,CV,26.4738,26.4139,-56.05737177862639,-55.96845822701247,2.09249,0.92299,100.5447
341,56,0.5615,0.4385,CV,22.0944,21.9487,-90.27378747192262,-90.08562599060488,3.34062,0.25873,97.5402
341,59,0.7,0.3,CV,16.3416,16.3416,-13.04194806777215,-13.04194806777215,0.0,0.0,53.2519
342,56,0.3211,0.6789,CA,43.0603,42.8423,-82.56627580339335,-81.42641966208714,10.46587,-0.89047,100.5592
342,59,0.6284,0.3716,CV,22.2174,22.2174,-17.78901735588569,-17.717190192128356,3.98219,-8.17253,70.0558
342,60,0.7,0.3,CV,7.5468,7.5468,-7.379462907659238,-7.379462907659238,0.0,0.0,26.7298
343,56,0.4436,0.5564,CA,11.1995,10.7757,-72.00533072593946,-71.7291236173539,11.98932,-2.41073,107.1796
343,59,0.4562,0.5438,CA,21.6014,21.351,-21.641201074313265,-20.976241087429404,9.76798,-22.68727,124.1026
343,60,0.6399,0.3601,CV,9.1582,9.1582,-10.287431926592902,-10.265148897629501,-4.36585,0.65534,35.8804
344,56,0.5371,0.4629,CV,10.5356,10.4284,-83.77671008495147,-83.703550243247,10.01951,-3.50189,111.6484
344,59,0.276,0.724,CA,19.4636,18.4169,-21.930473587904558,-20.72624190051143,13.45397,-41.76168,217.0538
344,60,0.4955,0.5045,CA,13.5881,13.4681,-14.001455804366566,-13.47705429284252,-15.51324,0.48885,60.6303
345,56,0.5986,0.4014,CV,11.6839,11.8613,-49.71098950257854,-49.754927321015586,4.11848,-2.71042,114.486
345,60,0.4755,0.5245,CA,6.6667,6.0119,-8.331082169654191,-7.937287150647753,-19.47529,2.24183,88.1212
346,56,0.6134,0.3866,CV,5.6974,5.6674,-61.17389690125967,-61.190385675646766,2.17834,-2.37011,109.1926
346,60,0.5948,0.4052,CV,1.5121,1.3419,-9.084905785922533,-9.201338019392225,-14.07496,0.45764,98.3165
347,56,0.6094,0.3906,CV,6.9752,6.8598,-31.46209611887422,-31.439751223463947,2.59226,-1.80481,106.1824
347,60,0.4141,0.5859,CA,10.6848,10.1204,-13.844160005688696,-13.057629550121476,-22.98679,2.07051,102.0404
348,56,0.5902,0.4098,CV,14.8858,14.7739,-19.597181860167886,-19.50077702210981,3.83876,-1.15565,104.4063
348,60,0.5267,0.4733,CV,3.443,2.8168,-10.718496608180839,-10.644956269464878,-20.26,2.05427,102.7356
349,56,0.6017,0.3983,CV,8.4631,8.3651,-9.596409827408113,-9.576155144923547,2.72783,-0.78415,105.3818
349,60,0.6531,0.3469,CV,7.6862,8.4424,-7.37717417265571,-7.669135096984432,-1.13511,-0.7094,92.2818
350,56,0.6031,0.3969,CV,10.5002,10.3863,-8.8017625770579,-8.770511814353803,2.34641,-0.2937,106.8637
350,60,0.6422,0.3578,CV,1.5344,1.5087,-6.271556506069971,-6.330284945027428,-1.49265,-0.1951,79.0501
351,56,0.6082,0.3918,CV,10.3103,10.2505,-8.575443491133093,-8.563259701991981,1.60052,0.21933,109.5727
351,60,0.6041,0.3959,CV,7.5218,7.4539,-7.51227732245602,-7.424920468141087,-4.49241,0.00386,70.7031
351,59,0.5,0.5,CA,40.2461,40.1497,-15.914525956238979,-15.897685045804781,-1.11124,-4.50564,166.5395
352,56,0.6088,0.3912,CV,12.3158,12.2557,-9.003349479243816,-8.98617872646751,1.44306,0.66637,110.0156
352,60,0.6101,0.3899,CV,3.301,3.1711,-5.885902915579652,-5.880364325038571,-3.22885,-0.06346,65.2316
352,59,0.5769,0.4231,CV,7.602,7.7079,-10.919031080238842,-10.926940292377306,-2.71685,1.18229,141.1651
353,56,0.611,0.389,CV,12.0144,11.9882,-10.215739426692796,-10.20695078177125,1.36312,0.5779,105.6958
353,60,0.6221,0.3779,CV,4.9023,4.9988,-7.01227857411341,-7.0486642160488735,-0.93077,-0.06805,61.4569
353,59,0.5757,0.4243,CV,8.5715,8.4604,-10.911400741809366,-10.80309389362797,-3.39916,4.72494,118.4488
354,56,0.6173,0.3827,CV,10.2509,10.3059,-15.789419617117662,-15.804165860356747,0.02863,0.383,103.3485
354,60,0.6219,0.3781,CV,3.7779,3.8188,-5.971968227314962,-5.989517576676076,0.15187,-0.06874,57.5544
354,59,0.5592,0.4408,CV,8.0776,7.8001,-7.586057927252236,-7.41235229753975,-3.88542,5.86594,98.3923
355,56,0.5976,0.4024,CV,23.0522,23.0375,-42.62004861408012,-42.54258266300165,-1.74998,-0.06416,96.3651
355,60,0.6212,0.3788,CV,4.7441,4.7666,-7.170348713467024,-7.185543887300211,-0.19312,-0.05998,53.0274
355,59,0.5471,0.4529,CV,7.2279,6.9114,-7.622176427724412,-7.423445306385423,-4.15175,6.37755,83.672
356,56,0.5832,0.4168,CV,14.8382,14.7238,-37.10473336124553,-36.9969846884069,-2.5896,-0.67904,92.1426
356,60,0.6196,0.3804,CV,3.3243,3.3309,-6.640006807661964,-6.649138378403571,0.25595,-0.08401,50.0181
356,59,0.5382,0.4618,CV,8.1083,7.8336,-9.438937673367974,-9.222007214429626,-4.36636,6.77726,75.2377
357,56,0.5461,0.4539,CV,20.7146,20.5703,-26.76227302950248,-26.524620222233047,-4.18928,-1.65998,89.9966
357,60,0.6142,0.3858,CV,6.3921,6.3755,-8.371739394228369,-8.360564391624546,0.74035,-0.21922,47.3387
357,59,0.5796,0.4204,CV,3.1356,2.8844,-9.592643959952618,-9.556480601471144,-3.19289,5.45506,67.7598
358,56,0.4396,0.5604,CA,35.6777,35.4658,-34.02284465549165,-33.41128790523012,-7.75271,-1.95856,93.5212
358,60,0.6162,0.3838,CV,3.6302,3.6217,-6.107495258907447,-6.11249455218918,0.45303,-0.08205,44.2034
358,59,0.5657,0.4343,CV,6.9425,6.7236,-32.19266646940484,-32.03955637592938,-3.75603,5.33272,61.5084
359,56,0.5096,0.4904,CV,11.1329,10.7477,-47.61736000763942,-47.43955892557189,-7.683,-2.59815,94.758
359,60,0.6189,0.3811,CV,3.9974,4.0227,-13.536555119183896,-13.55043253965446,-0.06475,-0.10234,42.5275
359,59,0.6178,0.3822,CV,4.8615,5.0275,-20.357828670815277,-20.441044408520234,-1.34489,2.64634,56.437
360,60,0.6186,0.3814,CV,2.3078,2.3038,-9.1168627279222,-9.125108331232704,0.05654,-0.02583,40.34
360,59,0.6205,0.3795,CV,7.6793,7.7345,-16.63789531092194,-16.655794044565084,0.6049,0.67205,50.2797
361,60,0.6189,0.3811,CV,1.0151,1.0158,-15.249340924320432,-15.25934093707945,0.04081,0.05054,38.7897
361,59,0.6142,0.3858,CV,4.6782,4.6343,-10.530558260225469,-10.518182304311026,0.65421,0.80978,45.3219
362,60,0.6174,0.3826,CV,4.555,4.5533,-14.33292065308003,-14.33623201255012,0.34985,-0.01985,37.4961
362,59,0.5948,0.4052,CV,9.646,9.5983,-10.205261472295447,-10.120765912437486,1.34944,0.67342,41.3404
363,60,0.6161,0.3839,CV,3.7284,3.7102,-15.160701398439556,-15.16067705069059,0.46596,0.02232,36.3675
363,59,0.5882,0.4118,CV,7.3983,7.3186,-7.9776090115719285,-7.894317422818425,1.50538,0.74712,37.7232
364,60,0.6157,0.3843,CV,3.4018,3.3815,-15.86061039664422,-15.860824034264123,0.45747,0.07625,34.8088
364,59,0.5911,0.4089,CV,5.5166,5.4315,-6.511562405957788,-6.450091354278002,1.41405,0.8153,34.9651
365,60,0.6151,0.3849,CV,4.3018,4.2889,-18.995175094747104,-18.993489589948204,0.31565,0.25174,32.9137
365,59,0.5941,0.4059,CV,5.0744,4.9942,-6.200176933790294,-6.147064314147652,1.26575,0.90049,32.754
366,60,0.6155,0.3845,CV,2.8135,2.7905,-23.878835526149256,-23.879748199063705,0.40095,0.20664,31.6544
366,59,0.5988,0.4012,CV,4.1084,4.0296,-5.7466171624553475,-5.708496197140291,1.11376,0.84909,30.9308
367,60,0.6175,0.3825,CV,5.4201,5.436,-51.632347734745935,-51.64121243317767,-0.13549,-0.08139,30.0537
367,59,0.6105,0.3895,CV,8.1901,8.216,-9.371018869398277,-9.374703735042036,0.00724,0.80074,29.7452
367,61,0.7,0.3,CV,14.992,14.992,-17.8546704304505,-17.8546704304505,0.0,0.0,31.7943
368,59,0.6038,0.3962,CV,8.4725,8.4593,-9.784005706411714,-9.742779646360832,-0.67413,0.74984,27.5132
368,61,0.623,0.377,CV,11.9935,11.9935,-27.865366688346676,-27.770722428530597,-8.56341,-1.40317,44.1942
368,60,0.6193,0.3807,CV,1.6656,1.6793,-61.39623539018869,-61.40974688227361,-0.0448,-0.06081,29.1468
369,59,0.6066,0.3934,CV,3.4374,3.3874,-8.886072110046076,-8.86596526982315,-0.55743,0.74542,25.9989
369,61,0.1231,0.8769,CA,22.6174,22.3981,-32.110599263931284,-29.66546492910925,-37.06308,-6.45698,106.1153
369,60,0.5084,0.4916,CV,37.3639,37.3628,-81.94290446382972,-81.50074192193202,-2.4986,0.10168,30.4486
370,61,0.1312,0.8688,CA,18.728,17.5268,-18.8192025000348,-17.157342114762805,-72.5359,-13.2418,167.537
370,60,0.5463,0.4537,CV,8.7195,8.5677,-21.11147953290638,-20.983051090925333,-2.47651,0.0589,30.9521
371,61,0.3186,0.6814,CA,7.0329,5.2692,-9.78525536699022,-9.242172758324326,-80.26262,-16.87209,196.4418
372,61,0.1666,0.8334,CA,16.0377,14.3781,-21.996741754629177,-20.341061058829226,-106.45224,-25.69734,238.3612
376,60,0.5,0.5,CA,13.1208,13.0977,-15.744004033407213,-15.733418383608441,-0.69238,0.09584,36.2451
376,61,0.5,0.5,CA,71.9018,75.2317,-21.780526254790317,-21.242733390992527,81.21033,16.02855,204.2101
377,60,0.579,0.421,CV,7.5731,7.6091,-13.214452132817001,-13.230780137663553,0.04123,0.07115,32.864
377,61,0.5541,0.4459,CV,3.5693,1.443,-45.06304688365758,-44.97795278655513,62.29352,12.10884,172.1563
378,60,0.5987,0.4013,CV,8.2338,8.2295,-8.619806586675224,-8.603345397729386,0.67354,0.16468,31.5867
378,61,0.6921,0.3079,CV,3.5433,4.9848,-63.02921571597873,-63.45893971806011,16.18328,3.51875,113.0582
379,60,0.6044,0.3956,CV,6.0421,6.0115,-6.976657524098955,-6.955261787084664,0.99342,0.01149,31.7354
379,61,0.6712,0.3288,CV,2.5847,2.6222,-81.73105202958918,-81.85957608314821,6.53085,1.74416,78.8579
380,60,0.6017,0.3983,CV,7.1829,7.1328,-7.469643730449487,-7.4284617568402656,1.24962,0.06605,32.2025
380,61,0.6463,0.3537,CV,4.4636,4.4283,-73.99535863587516,-74.0447924123045,3.96628,1.01217,63.1439
381,60,0.5928,0.4072,CV,9.0051,8.9369,-8.83816603353547,-8.763728207685784,1.58183,0.01999,32.0921
381,61,0.5853,0.4147,CV,6.1139,5.9677,-58.76949574671451,-58.59793562271115,8.16433,1.80767,53.8712
382,60,0.6006,0.3994,CV,4.2939,4.2081,-7.085596342642843,-7.056775122108043,1.38518,0.01856,32.0878
382,61,0.5138,0.4862,CV,7.9177,7.5875,-12.65141659680666,-12.280937361089315,10.81537,2.33299,51.2187
383,60,0.6097,0.3903,CV,2.4069,2.3513,-8.2510165231541,-8.248701198602646,1.01538,0.10502,32.3171
383,61,0.4514,0.5486,CA,11.086,10.6775,-15.26562619822569,-14.748692355381053,13.92775,3.08913,54.1153
384,60,0.6121,0.3879,CV,3.0646,3.0148,-9.792442026223181,-9.787185515515027,0.86409,0.00347,32.4296
384,61,0.5045,0.4955,CV,6.8712,6.427,-14.774722736269124,-14.559630071652236,13.73201,3.26366,58.1885
385,60,0.6177,0.3823,CV,1.6329,1.6644,-13.703414729983976,-13.718133810347869,0.43386,0.00193,31.9714
385,61,0.5925,0.4075,CV,5.972,6.0898,-22.6422984617627,-22.708090974772666,8.19254,2.30181,61.0441
386,60,0.6182,0.3818,CV,6.5708,6.5924,-12.725979713914908,-12.734459883300023,-0.26838,0.12163,31.6298
386,61,0.6114,0.3886,CV,7.4986,7.4954,-35.89562423487144,-35.912475501165126,4.6038,1.70229,61.8545
386,62,0.7,0.3,CV,9.0838,9.0838,-11.376720884026433,-11.376720884026433,0.0,0.0,13.9772
387,60,0.6187,0.3813,CV,1.0066,1.0037,-17.62389676364911,-17.63392538989443,-0.14386,0.13162,31.37
387,61,0.6209,0.3791,CV,6.1111,6.153,-37.90029430886442,-37.929521923568416,1.78031,1.14642,59.8561
387,62,0.6409,0.3591,CV,7.5486,7.5486,-12.086240944092538,-12.068180344280265,-2.22967,-0.93131,19.2887
388,61,0.6117,0.3883,CV,11.3987,11.3717,-33.231785309616996,-33.20811164206613,1.00355,1.36591,55.7719
388,62,0.6124,0.3876,CV,5.0935,5.0278,-15.994783990523196,-15.944317996434343,-4.61383,-1.17516,28.7043
389,61,0.6098,0.3902,CV,7.7141,7.689,-20.007162189128547,-19.988941112483893,-0.34815,1.09197,52.7378
389,62,0.6109,0.3891,CV,2.9363,2.7443,-18.037273566706318,-18.02287645977048,-4.75071,-1.36088,36.5389
390,61,0.6049,0.3951,CV,7.3241,7.2653,-16.232522766209275,-16.196785331064625,-1.05556,0.95251,50.216
390,62,0.6391,0.3609,CV,1.7123,1.8595,-12.315403807986588,-12.42331438314063,-2.05508,-0.45251,40.5544
390,60,0.5,0.5,CA,4.5963,4.6014,-8.081978472521932,-8.092450212144776,0.20897,-0.0842,32.8756
391,61,0.6051,0.3949,CV,5.7422,5.665,-14.108394417829668,-14.080505751329651,-1.18908,0.85303,48.562
391,62,0.6282,0.3718,CV,5.7855,5.8451,-12.334042391518249,-12.353339846878004,1.00088,-0.02723,41.9913
391,60,0.5772,0.4228,CV,0.7345,0.7271,-5.427932205023267,-5.436851605015416,0.1552,-0.114,31.0098
392,61,0.6035,0.3965,CV,8.6654,8.6293,-14.785804081926182,-14.751248373768036,-0.56036,1.1939,45.625
392,62,0.6133,0.3867,CV,4.7065,4.6286,-6.946583870883034,-6.918730395903861,1.90967,0.09865,41.5909
392,60,0.603,0.397,CV,4.5135,4.5132,-7.110024505063568,-7.113990651344421,0.22468,-0.176,31.8387
393,61,0.6026,0.3974,CV,6.6559,6.5955,-9.928865830873939,-9.892652063774396,-0.93606,1.08051,44.0806
393,62,0.5745,0.4255,CV,11.1708,11.1473,-12.477964767990999,-12.311205411860042,2.6846,-0.48621,38.0477
393,60,0.6124,0.3876,CV,2.3218,2.3043,-8.211677445501412,-8.217554564243315,0.23966,-0.07774,32.4557
394,61,0.6033,0.3967,CV,6.6886,6.6312,-8.38125967192176,-8.349505339031936,-1.19676,0.80052,43.2779
394,62,0.5737,0.4263,CV,4.4761,4.3145,-6.135334774193732,-6.022459603665787,2.74314,-0.51562,35.7295
394,60,0.6168,0.3832,CV,2.2894,2.2981,-10.017775328850906,-10.028158261417605,-0.01539,-0.0581,32.6269
395,61,0.6101,0.3899,CV,2.9936,2.9333,-5.626558463290223,-5.621959153814649,-0.83193,0.71471,41.9102
395,62,0.5869,0.4131,CV,3.3604,3.2357,-5.071850441684656,-5.014213189125758,2.27386,-0.33478,32.3766
395,60,0.6176,0.3824,CV,3.6646,3.6674,-6.16207450040535,-6.169248423713632,0.23996,-0.08425,32.5276
396,61,0.6118,0.3882,CV,5.9849,5.9634,-7.696785579423022,-7.689631186823659,-0.78226,0.4928,42.4512
396,62,0.6035,0.3965,CV,1.7036,1.6045,-6.994036167275453,-6.985911702587215,1.6564,-0.14721,28.9481
396,60,0.6179,0.3821,CV,1.9012,1.8907,-7.969643100770054,-7.976907165999297,0.26247,-0.07486,32.4175
397,61,0.6126,0.3874,CV,4.2241,4.1764,-6.949593348983535,-6.942904279991759,-0.74191,0.3642,42.5961
397,62,0.6231,0.3769,CV,2.4168,2.4902,-9.285891956427731,-9.33618385899693,0.70999,0.09851,26.2921
397,60,0.6144,0.3856,CV,6.114,6.0994,-9.15365258016607,-9.145678810132098,0.58035,-0.15797,32.3222
398,61,0.615,0.385,CV,2.086,2.043,-5.791587329023083,-5.794167033174886,-0.55396,0.31617,42.3208
398,60,0.6176,0.3824,CV,6.9595,6.9849,-11.826986469780449,-11.838012944094888,-0.10537,-0.01814,31.3096
399,61,0.617,0.383,CV,1.2084,1.1952,-10.67953313723974,-10.68706228736869,-0.37073,0.15961,42.5595
399,60,0.6172,0.3828,CV,3.5718,3.5659,-9.355096963984357,-9.359465700898015,0.1715,0.03694,30.514
400,61,0.6173,0.3827,CV,1.9521,1.9324,-18.189516107363673,-18.19526879802384,-0.32764,0.15607,42.694
400,60,0.6189,0.3811,CV,0.8035,0.8152,-4.854175304368503,-4.866506700977825,0.04343,-0.01164,30.2032
401,61,0.6103,0.3897,CV,11.2119,11.1943,-24.49447788482318,-24.470143337278582,-0.62308,0.65214,43.6991
401,60,0.6108,0.3892,CV,10.3382,10.3396,-10.225306384420845,-10.200576027656554,0.74714,-0.20326,30.6866
402,61,0.5972,0.4028,CV,18.7056,18.6647,-27.642310780448913,-27.57344716608916,-1.15123,0.67343,48.0392
402,60,0.6169,0.3831,CV,4.1695,4.1925,-6.474071849899881,-6.487301904876295,0.23455,-0.2309,31.085
403,61,0.5833,0.4167,CV,24.6473,24.5668,-29.663749279255217,-29.556767351969214,-1.65543,0.55419,54.9886
403,60,0.6175,0.3825,CV,1.9917,1.982,-6.116771463579712,-6.123408467399067,0.22886,-0.21331,30.6258
404,61,0.5787,0.4213,CV,23.9208,23.8069,-22.147834885659126,-22.042420633181624,-2.07841,0.55062,60.8711
404,60,0.6186,0.3814,CV,2.9036,2.9168,-5.5575007819455475,-5.567959458951661,-0.04242,-0.11571,30.056
405,61,0.5644,0.4356,CV,31.5777,31.4694,-23.974476515612626,-23.8175699129974,-2.98607,0.88484,61.9522
405,60,0.6141,0.3859,CV,7.5658,7.5634,-12.223050226636733,-12.21295777403503,-0.57161,-0.03669,29.6156
406,61,0.5631,0.4369,CV,21.8063,21.6458,-14.34481050436465,-14.203357158145334,-3.60592,0.79281,66.0815
406,60,0.6175,0.3825,CV,0.4086,0.4311,-8.416818643712451,-8.427799497337825,-0.31896,-0.02485,29.4493
407,61,0.5451,0.4549,CV,26.0335,25.8748,-18.470855712739727,-18.25842948539502,-4.73846,0.72176,66.7965
407,60,0.6189,0.3811,CV,1.8486,1.8648,-10.90906174719923,-10.920887569022337,-0.06956,-0.04068,29.4576
408,61,0.5548,0.4452,CV,14.6046,14.411,-10.648836354600743,-10.501866754961394,-4.8898,0.14615,68.8925
409,61,0.5058,0.4942,CV,20.2503,20.0475,-17.55132767740841,-17.193240580123085,-6.15448,-0.47061,68.783
411,61,0.5,0.5,CA,75.7335,75.4343,-137.81528614536182,-131.29438617097753,-29.50478,2.33334,69.4366
412,61,0.456,0.544,CA,9.11,8.3829,-15.036106623988585,-14.557243699982516,-27.36363,1.0731,99.4038
413,61,0.6133,0.3867,CV,9.8608,10.3624,-31.615314933976777,-31.836890816199293,-10.65693,-1.25399,102.3844
414,61,0.6121,0.3879,CV,7.1077,7.016,-46.52021355244033,-46.50931699030945,-6.18037,-1.37364,93.3655
415,61,0.6191,0.3809,CV,6.0565,6.0959,-60.292849153639494,-60.31358631290516,-1.28741,-1.29671,85.1073
416,61,0.6085,0.3915,CV,7.5978,7.5736,-48.36709073333536,-48.3325465933821,2.14297,-0.96856,79.274
417,61,0.6144,0.3856,CV,9.2671,9.3613,-10.471604559352347,-10.477702034326299,-1.31346,-0.93868,72.9417
418,61,0.6036,0.3964,CV,8.2022,8.1446,-7.7332065307565685,-7.684937027108171,-2.44164,-0.74286,66.2605
419,61,0.5949,0.4051,CV,8.7306,8.6317,-22.424322118685218,-22.35585661628601,-2.81243,-0.46939,63.8606
420,61,0.6156,0.3844,CV,15.1548,15.2689,-20.388693024477504,-20.41997586562835,-0.06477,-0.14861,64.5053
421,61,0.5893,0.4107,CV,22.5308,22.5185,-19.679266401159982,-19.569918235745305,2.07116,0.20421,64.6907
421,66,0.7,0.3,CV,4.9142,4.9142,-6.151284966233494,-6.151284966233494,0.0,0.0,16.7951
422,61,0.547,0.453,CV,28.9601,28.8278,-23.837588465178975,-23.594734091348766,3.38434,0.41925,68.5642
422,66,0.646,0.354,CV,3.8611,3.8611,-7.109810151038829,-7.114320721857253,-1.38196,0.76537,22.1692
423,61,0.5218,0.4782,CV,30.5712,30.3591,-21.895281202163602,-21.61253734745803,4.55816,0.58009,74.1313
423,66,0.6337,0.3663,CV,2.716,2.6853,-6.208158084759324,-6.24062437530759,-2.63104,0.35569,32.4681
424,61,0.5061,0.4939,CV,33.2284,32.9627,-22.334623497725175,-22.02551406377197,5.85996,0.72657,83.3795
424,66,0.6374,0.3626,CV,1.4555,1.3436,-5.869369348492704,-5.936495136379012,-2.5006,0.14554,39.694
425,61,0.4981,0.5019,CA,34.15,33.8174,-20.67457594938021,-20.355774386053607,7.39896,0.96509,95.9106
425,66,0.6465,0.3535,CV,1.7652,1.8739,-6.132712584251728,-6.233852714539543,-0.63159,0.03431,41.9434
426,61,0.4903,0.5097,CA,34.2792,33.885,-19.877861771971407,-19.539623569165045,9.35959,1.47724,108.8764
426,66,0.6407,0.3593,CV,2.1893,2.2215,-4.870546907882049,-4.932703878564969,0.46571,-0.00847,41.7635
427,61,0.4941,0.5059,CA,29.1069,28.6251,-16.526475070875538,-16.214392345387505,11.194,2.04999,125.5915
427,66,0.635,0.365,CV,0.29,0.2738,-4.815763170661805,-4.861785512647802,0.27653,-0.01763,40.0066
428,61,0.4973,0.5027,CA,26.433,25.8762,-14.448366725702215,-14.143855351460207,13.25361,2.40653,144.5467
428,66,0.6299,0.3701,CV,1.4849,1.5004,-5.357548872918418,-5.390099523462061,0.04267,-0.01738,37.2628
429,61,0.4912,0.5088,CA,26.3103,25.7154,-13.959468365391281,-13.625867037259109,15.85305,2.95626,163.9081
429,66,0.6257,0.3743,CV,1.2233,1.2315,-4.6532856521650015,-4.675800577272126,-0.08308,-0.01421,35.1288
430,61,0.4532,0.5468,CA,28.7925,28.109,-15.417165862629577,-14.93972262545486,20.68691,4.03964,186.5608
430,66,0.6229,0.3771,CV,1.4009,1.4047,-4.712313074566467,-4.7289123812189455,0.01397,-0.0826,32.6606
431,61,0.4557,0.5443,CA,23.1935,22.471,-13.000710821961002,-12.587673274022833,24.45304,4.20101,209.9203
431,66,0.621,0.379,CV,1.492,1.4955,-4.790602017819373,-4.8033740781254455,-0.08549,-0.06484,30.9795
432,61,0.4985,0.5015,CA,19.0903,18.6615,-12.049580505622135,-11.804447437437458,22.84316,4.13924,222.432
432,66,0.62,0.38,CV,1.2172,1.2212,-4.72582628134256,-4.736969609812292,0.03913,-0.03966,29.4747
433,61,0.5622,0.4378,CV,9.3332,9.0758,-8.06388684977702,-8.013884281842468,16.79592,2.3386,220.0454
433,66,0.6193,0.3807,CV,0.1713,0.1731,-4.58784802403911,-4.59776556139355,0.01214,-0.02023,28.1587
434,61,0.1064,0.8936,CA,42.1889,41.5044,-100.07424878725242,-97.5538181888323,49.87269,6.41041,242.9536
434,66,0.6189,0.3811,CV,0.9612,0.9625,-4.988156961855528,-4.99719561003167,-0.03342,0.0376,27.0685
435,61,0.3288,0.6712,CA,14.7304,13.5016,-68.88007238204511,-68.41875652144395,60.46655,5.41243,249.2731
435,66,0.6186,0.3814,CV,1.3363,1.3377,-5.344603297453317,-5.353127454644834,0.06635,0.03967,26.1683
436,61,0.4946,0.5054,CA,8.559,8.0775,-40.228678485285805,-40.14680796412547,52.3794,2.3707,257.5158
436,66,0.618,0.382,CV,2.4493,2.4472,-5.246508233514225,-5.252684114273834,0.1676,-0.01661,25.0811
437,61,0.1891,0.8109,CA,24.341,22.5956,-15.057560914784407,-13.306856519454225,88.76801,4.21488,307.5682
437,66,0.6179,0.3821,CV,1.3704,1.3605,-4.642052788311838,-4.648809464510666,0.18967,-0.02198,24.2871
438,61,0.698,0.302,CV,19.3408,22.027,-11.156331833155086,-12.129731857566894,16.5483,-2.03302,295.2321
438,66,0.6181,0.3819,CV,3.4324,3.439,-5.610281057008319,-5.61789146862664,-0.10863,-0.06422,23.3359
439,61,0.5989,0.4011,CV,21.473,22.0993,-13.596945886546575,-13.40359895961269,-25.50433,-3.21882,246.4538
439,66,0.6176,0.3824,CV,3.4926,3.4954,-6.598878540566793,-6.604487092259558,0.17022,-0.15115,22.6248
440,61,0.4834,0.5166,CA,15.5386,14.5804,-13.827101431352599,-13.31509628651933,-32.91395,-3.70053,229.8091
440,66,0.6159,0.3841,CV,4.4752,4.4745,-6.57579862533029,-6.574766114967651,0.01622,0.04506,21.0882
441,61,0.5405,0.4595,CV,6.8103,5.8169,-19.406917377741976,-19.29051177787425,-28.55362,-3.68729,227.6739
441,66,0.6119,0.3881,CV,5.7312,5.7281,-8.319736148049184,-8.304430570586202,-0.4452,0.25728,20.1348
442,61,0.6094,0.3906,CV,12.3476,12.5577,-55.53358111909771,-55.61785288115741,-14.89534,-3.16412,206.9911
442,66,0.6116,0.3884,CV,3.8545,3.8372,-5.532316864319704,-5.521558724185531,-0.5686,0.22211,19.676
443,61,0.5863,0.4137,CV,9.1002,8.6812,-62.86386797558812,-62.75148043197238,-15.1842,-3.45356,185.5082
443,66,0.5787,0.4213,CV,12.2818,12.2502,-17.395979055728986,-17.24885546448467,-1.26367,0.41777,19.5383
444,61,0.6002,0.3998,CV,9.2257,9.0602,-68.23689742673974,-68.21593868775402,-10.57358,-3.35221,168.8275
444,66,0.56,0.44,CV,10.1025,10.0291,-12.538657799750752,-12.36382283797802,-1.66056,0.47799,19.1237
445,61,0.5715,0.4285,CV,14.5231,14.2297,-32.42276901653979,-32.262964539874865,-11.00274,-4.04896,157.8852
445,66,0.538,0.462,CV,12.609,12.5247,-18.193045667240945,-17.95643368011814,-2.10519,0.59804,20.1467
446,61,0.6001,0.3999,CV,12.68,12.6849,-21.717279162367614,-21.717551476553005,-5.70186,-3.47388,147.7343
447,61,0.6023,0.3977,CV,12.847,12.7746,-27.46435529887738,-27.431865095706648,-3.07466,-3.11572,134.0746
448,61,0.5818,0.4182,CV,12.1063,11.9174,-31.92770422764694,-31.8073212575925,-4.78993,-3.55287,123.1011
448,66,0.5,0.5,CA,15.9773,15.899,-15.03323219267989,-14.87331753192401,-1.8507,0.51156,24.0292
449,61,0.572,0.428,CV,10.0523,9.7679,-20.619918185598273,-20.48915056020381,-5.34445,-3.6919,115.1339
449,66,0.5518,0.4482,CV,7.6025,7.5006,-8.665832036760364,-8.571315039959426,-1.94891,0.68794,23.6129
450,61,0.5873,0.4127,CV,8.9783,8.8342,-15.189349639276497,-15.135982008063307,-4.07071,-3.20241,104.7508
450,66,0.5744,0.4256,CV,6.3132,6.2057,-7.245749156783379,-7.168528840772009,-1.89718,0.74271,24.6753
451,61,0.5856,0.4144,CV,7.2723,7.0499,-9.686256065499993,-9.603374160477344,-4.35872,-2.81557,97.7064
451,66,0.5722,0.4278,CV,8.8282,8.7231,-9.375352598575551,-9.256630792115303,-2.11571,0.94014,25.7145
452,61,0.6072,0.3928,CV,3.7025,3.6564,-6.834538398162322,-6.8440524602988555,-2.71085,-2.14821,92.0103
452,66,0.5799,0.4201,CV,6.7139,6.5938,-7.089622279418926,-7.005173016071659,-2.01255,0.97739,27.3688
453,61,0.6039,0.3961,CV,6.1986,6.057,-11.808547080716878,-11.77244301174819,-2.72158,-1.74559,86.5081
453,66,0.5951,0.4049,CV,3.814,3.6958,-6.3832312805998255,-6.350571588618207,-1.63358,0.86847,28.621
454,61,0.5946,0.4054,CV,12.0296,11.9283,-21.450549030080968,-21.380628412303462,-2.97,-1.23969,84.4594
454,66,0.5801,0.4199,CV,10.5852,10.4869,-10.48566351068241,-10.368636185561979,-2.02532,0.9781,30.6823
455,61,0.5825,0.4175,CV,12.862,12.7204,-28.364406672664504,-28.257844842010105,-3.40414,-1.25843,79.2055
455,66,0.5826,0.4174,CV,7.9809,7.8536,-8.293126871180624,-8.208512966441235,-2.00829,1.04729,32.379
456,61,0.5869,0.4131,CV,8.3072,8.1487,-45.34186558005065,-45.27165083978621,-3.2103,-0.9497,75.2323
456,66,0.5881,0.4119,CV,8.6386,8.535,-9.585488286107264,-9.519666879034805,-1.81888,0.95187,35.5632
457,66,0.5794,0.4206,CV,13.0675,12.9699,-10.802092013565638,-10.692447041988128,-2.14937,1.22753,36.3653
457,61,0.5731,0.4269,CV,11.7338,11.58,-75.15981698833662,-75.02619676603747,-3.54138,-1.57248,71.3979
458,66,0.5683,0.4317,CV,12.5251,12.4019,-10.880964095628325,-10.739000493752435,-2.51039,1.47459,37.042
458,67,0.7,0.3,CV,4.9056,4.9056,-6.675445076653086,-6.675445076653086,0.0,0.0,31.3991
459,66,0.5868,0.4132,CV,5.2413,5.0895,-6.4036632736515715,-6.3536489329181975,-2.13554,1.35082,39.1752
459,67,0.6465,0.3535,CV,4.681,4.681,-10.073125027357806,-10.07978101186496,-1.12726,-0.31144,43.6266
459,61,0.5,0.5,CA,28.393,28.3083,-26.919664365466843,-26.55509546230026,-4.22419,0.37662,59.7178
460,66,0.5884,0.4116,CV,7.6406,7.5125,-7.495656498962861,-7.425134902237565,-2.19232,1.2742,40.478
460,67,0.6358,0.3642,CV,3.2812,3.2318,-11.313482150883061,-11.354533038394045,-2.9945,0.18766,63.9591
460,61,0.5447,0.4553,CV,8.8824,8.813,-11.844348425060794,-11.721235673392783,-3.85065,1.66361,55.2048
461,67,0.6355,0.3645,CV,3.9916,3.9497,-11.314484976330318,-11.370075559540485,-4.238,0.23005,76.5552
461,61,0.5299,0.4701,CV,10.5323,10.391,-16.06455315577268,-15.817846625255932,-4.46312,2.20562,51.7998
461,66,0.6104,0.3896,CV,1.8588,1.9085,-6.697344551099407,-6.716080776838251,-1.34764,0.66135,42.199
462,61,0.5192,0.4808,CV,11.8563,11.6805,-16.018838971676225,-15.750180172531742,-4.83321,2.31622,51.0453
462,67,0.6253,0.3747,CV,3.9768,3.7837,-18.73092621462741,-18.743302790530837,-4.94141,-0.16287,82.131
463,61,0.536,0.464,CV,9.2213,8.9954,-16.12633494117796,-15.940916101523332,-4.61866,2.44294,51.3008
464,61,0.5609,0.4391,CV,13.3072,13.2214,-12.655189213886647,-12.546097559564974,-2.99489,2.47098,54.1233
465,61,0.5789,0.4211,CV,17.9871,17.9736,-14.197562846987882,-14.125534953534139,-0.43168,2.07223,57.1974
466,61,0.5706,0.4294,CV,22.1524,22.1148,-19.450466806046297,-19.318519651799868,1.59211,1.95229,56.0001
467,61,0.4421,0.5579,CA,33.7827,33.6784,-54.23841236633657,-53.60150298365615,5.30971,1.73262,54.2336
468,61,0.1557,0.8443,CA,87.2622,87.0915,-213.61051738437118,-211.70020472328187,12.71134,-2.28706,70.4937
469,61,0.2224,0.7776,CA,68.0494,67.5745,-88.96434222501144,-87.89525559324503,22.17105,-7.33322,87.1689
470,61,0.3228,0.6772,CA,29.3719,28.8907,-23.122234184832806,-22.469773965147272,26.05214,-11.35179,96.3159
471,61,0.3759,0.6241,CA,16.9796,16.4737,-24.884415170066944,-24.325747992354803,28.33125,-14.00416,114.1449
472,61,0.6021,0.3979,CV,9.166,9.8763,-37.21606109236899,-37.503774215397215,9.20899,-6.72306,119.5706
473,61,0.6163,0.3837,CV,6.6008,6.6162,-51.22670732783839,-51.25008898207812,3.82514,-1.63405,103.0572
474,61,0.6033,0.3967,CV,6.8142,6.725,-52.18554841642757,-52.133544822018614,3.18647,0.83063,85.0375
475,61,0.586,0.414,CV,8.1069,8.129,-44.91888055316982,-44.81401042166813,-1.96048,3.90799,71.2537
476,61,0.5315,0.4685,CV,9.6856,9.5462,-53.06939918135635,-52.76891282122888,-5.45034,4.82447,63.1798
477,61,0.545,0.455,CV,8.2887,8.1024,-15.115606538258007,-14.948323766983153,-4.50451,4.91848,59.0273
478,61,0.5689,0.4311,CV,5.81,5.6298,-12.161829306464007,-12.072289806778349,-3.41634,4.58094,54.2869
479,61,0.5771,0.4229,CV,4.3464,4.1202,-5.853341648149746,-5.7624574535723445,-3.16911,4.17583,50.1923
480,61,0.5837,0.4163,CV,3.8108,3.6009,-12.229682320277877,-12.153783485632319,-2.92161,3.67634,46.3395
481,61,0.5979,0.4021,CV,3.454,3.3458,-23.86203314264522,-23.83549176952683,-2.17164,2.87693,41.933
484,68,0.7,0.3,CV,12.8253,12.8253,-9.384014485219332,-9.384014485219332,0.0,0.0,59.1816
485,68,0.6207,0.3793,CV,27.5098,27.5098,-20.164150702380848,-20.059604291061895,-11.18626,2.64445,82.8792
486,68,0.3522,0.6478,CA,32.1847,31.8567,-24.900934996051333,-23.813473551187506,-33.37853,5.88096,163.1376
487,68,0.0666,0.9334,CA,39.3401,37.8886,-32.847058903641255,-30.113342670073997,-80.29822,16.91343,327.9489
