frame,track_id,mu_CV,mu_CA,dominant,nu_CV_norm,nu_CA_norm,L_CV,L_CA,ax,ay,P_trace
2,1,0.6465,0.3535,CV,3.0381,3.0381,-7.423234475905667,-7.429865583044325,0.3184,-0.0796,80.037
2,2,0.6463,0.3537,CV,1.3915,1.3915,-3.2576324888422477,-3.2631608319225784,0.32361,-0.08091,4.668
3,1,0.6368,0.3632,CV,5.0539,5.0686,-9.528634267206243,-9.573735642133325,0.92166,-0.37088,108.9946
3,2,0.6412,0.3588,CV,0.2914,0.2851,-3.789793517191998,-3.854502537380281,0.3515,-0.08788,6.4854
4,1,0.6449,0.3551,CV,2.4028,2.3098,-13.386191444725135,-13.481093040739895,1.96088,0.97574,128.4677
4,2,0.6351,0.3649,CV,1.6622,1.671,-2.856376809817979,-2.9022926264093085,-0.96315,-0.94308,7.7571
5,1,0.6505,0.3495,CV,1.9389,1.9792,-13.573091433832866,-13.680623283740285,-0.17468,0.28019,131.2618
5,2,0.6214,0.3786,CV,1.4908,1.4397,-3.345278849566538,-3.3413514640574435,-0.8101,-1.4143,8.1248
6,1,0.6378,0.3622,CV,4.8615,4.8255,-11.294436432140909,-11.338067402301569,-2.33209,-0.25471,124.3066
6,2,0.5626,0.4374,CV,3.7387,3.7238,-7.111514531679887,-6.884505119140314,0.82185,-2.02986,8.2764
7,1,0.6269,0.3731,CV,4.4228,4.3155,-10.08102509246348,-10.096791334226996,-2.71533,-0.22012,115.095
7,2,0.5824,0.4176,CV,1.2647,1.144,-2.4897892421684,-2.4295647639632705,0.81162,-1.73787,8.0704
8,1,0.6134,0.3866,CV,6.0718,5.9408,-14.1761696609768,-14.150722318866606,-2.67755,-0.44173,102.8373
8,2,0.6254,0.3746,CV,1.4236,1.491,-2.648856778313505,-2.740134881311819,0.09767,-0.86259,7.5736
9,1,0.6172,0.3828,CV,2.6182,2.5153,-9.053985389353858,-9.064713450032357,-2.05693,-0.12088,93.0824
9,2,0.6303,0.3697,CV,0.9579,0.9925,-2.245378738208598,-2.2937982201742426,-0.07565,-0.26413,6.9744
10,1,0.614,0.386,CV,5.0012,4.9284,-7.0272607272644745,-7.018680658696717,-1.86767,-0.02832,85.1699
10,2,0.6265,0.3735,CV,0.8586,0.8678,-2.1689041038883805,-2.1938860710728814,-0.09377,0.01492,6.4125
10,3,0.7,0.3,CV,2.0257,2.0257,-4.4873590764218525,-4.4873590764218525,0.0,0.0,8.1682
10,4,0.7,0.3,CV,46.0843,46.0843,-17.20582728199016,-17.20582728199016,0.0,0.0,238.1556
11,1,0.6128,0.3872,CV,4.0327,3.9397,-6.6337312336466585,-6.6247991654371,-1.60153,0.03518,78.0092
11,2,0.6199,0.3801,CV,1.7553,1.754,-3.050645848370417,-3.053187165019368,-0.08407,0.17916,5.7508
11,3,0.6473,0.3527,CV,1.6584,1.6584,-5.44068014667757,-5.450690493172066,-0.60012,-0.15003,10.7408
11,4,0.6438,0.3562,CV,23.1135,23.1135,-25.151149153498643,-25.145934238706708,6.94635,-2.74998,301.1345
12,1,0.6143,0.3857,CV,3.181,3.1128,-6.437436164019899,-6.43656145802077,-1.23829,-0.04936,72.499
12,2,0.6193,0.3807,CV,0.4656,0.4526,-1.7491937095570618,-1.7593519111742595,-0.05929,0.15287,5.2544
12,3,0.6204,0.3796,CV,3.4648,3.4498,-7.856133357060316,-7.8298127519152905,-2.98815,-1.32374,15.8917
12,4,0.5629,0.4371,CV,47.5697,47.5299,-25.034904317758638,-24.77541348582578,23.44856,7.01875,497.1195
13,1,0.6166,0.3834,CV,1.672,1.6198,-7.068899859833552,-7.075546938171694,-0.86883,0.03713,67.6237
13,2,0.6158,0.3842,CV,1.7571,1.7532,-3.546004440368672,-3.5417070929343852,-0.16246,0.18241,4.9209
13,3,0.5758,0.4242,CV,3.9078,3.7745,-6.8455712111642715,-6.673738681209782,-4.86423,-1.7547,20.6926
13,4,0.4976,0.5024,CA,35.3172,33.9452,-34.14586294839829,-33.7433208378713,36.37029,10.12895,740.9047
14,1,0.6181,0.3819,CV,1.4424,1.4332,-6.536363463323472,-6.546072621530899,-0.52622,0.07146,63.9275
14,2,0.6161,0.3839,CV,0.7671,0.7555,-2.4299619187247403,-2.4324244980830647,-0.13008,0.15875,4.6205
14,3,0.5382,0.4618,CV,3.905,3.645,-7.648500922593156,-7.389557982279351,-5.88057,-2.32953,24.5422
14,4,0.5088,0.4912,CV,27.0406,25.4171,-46.542741875331714,-46.27928715683222,44.31952,7.16267,943.3071
15,1,0.6181,0.3819,CV,2.2457,2.2342,-6.3711082438503865,-6.378622855341268,-0.34088,0.01282,61.347
15,2,0.6111,0.3889,CV,1.9797,1.9688,-3.7226935436609816,-3.7035314176014404,-0.17962,0.21015,4.3683
15,3,0.4848,0.5152,CA,5.0905,4.8157,-7.889112699684851,-7.471192472227418,-7.40221,-3.17397,26.8155
15,4,0.4198,0.5802,CA,41.1603,39.0888,-40.96612541749138,-40.32748350782491,63.74937,7.36831,1134.0827
16,1,0.6184,0.3816,CV,2.0412,2.0421,-6.5584104709388935,-6.567323620736979,-0.28588,-0.0012,57.9649
16,2,0.5984,0.4016,CV,3.6184,3.6044,-8.168991727209283,-8.103937304922043,-0.31305,0.27473,4.2424
16,3,0.5277,0.4723,CV,2.6056,2.2662,-4.672903245619143,-4.503396064626054,-7.15558,-3.03313,27.3816
16,4,0.442,0.558,CA,28.4375,25.3856,-26.83914668500536,-26.417965950832148,74.82115,10.49268,1312.7643
17,1,0.6186,0.3814,CV,1.1219,1.1223,-5.6591049576708325,-5.668242802378093,-0.16423,-0.07031,55.6832
17,2,0.6018,0.3982,CV,2.8309,2.8212,-5.179302304147302,-5.1472114991527675,-0.15556,0.36215,4.0607
17,3,0.5329,0.4671,CV,3.1367,2.8426,-4.692526198527226,-4.482037551398443,-7.245,-3.27454,27.0721
17,4,0.4809,0.5191,CA,24.2273,20.9297,-14.62639625606671,-14.33028832246315,79.92908,10.15971,1436.3618
18,1,0.6183,0.3817,CV,1.961,1.9522,-5.8237484340404295,-5.831251724494647,-0.20751,-0.05925,54.0942
18,2,0.6073,0.3927,CV,1.505,1.491,-2.8278892043774295,-2.814124536859731,-0.05691,0.32475,3.9252
18,3,0.6119,0.3881,CV,1.3149,1.4877,-3.766617368204106,-3.8722428917557092,-4.02545,-1.98191,25.7982
18,4,0.5809,0.4191,CV,7.0592,6.7591,-9.963641139652088,-10.01494057365419,55.92416,6.79204,1506.3859
19,1,0.6186,0.3814,CV,0.7741,0.7776,-6.510836504023683,-6.520164909431992,-0.12486,-0.05664,52.1385
19,2,0.6153,0.3847,CV,0.8929,0.8974,-1.9866681942970268,-1.9981896402851214,0.00943,0.18223,3.7538
19,3,0.6271,0.3729,CV,0.6996,0.7344,-3.6470087753276528,-3.70218792556033,-2.24109,-1.21679,23.3536
19,4,0.6413,0.3587,CV,22.1118,24.2802,-10.652621784475052,-10.814480393945939,13.31916,1.35161,1425.4226
20,1,0.6182,0.3818,CV,3.3407,3.3396,-5.894970426594934,-5.902085925460231,-0.18293,0.06507,49.6329
20,2,0.6175,0.3825,CV,0.5165,0.5148,-1.6648837937872327,-1.6739331410737355,0.04483,0.10954,3.6257
20,3,0.6333,0.3667,CV,1.5527,1.6439,-4.1513137720388,-4.2100998281275634,-0.5723,-0.436,21.2202
20,4,0.6338,0.3662,CV,17.0747,17.5432,-11.161525525882741,-11.201545863310486,-3.99553,-0.62389,1304.8164
21,1,0.6151,0.3849,CV,6.5469,6.5355,-9.113810624116871,-9.1085352772059,-0.56514,0.2314,47.7085
21,2,0.6171,0.3829,CV,1.1729,1.1712,-2.171370519705749,-2.175515244478679,-0.04542,0.12868,3.5204
21,3,0.6238,0.3762,CV,3.0763,3.0945,-4.665775231180886,-4.674932436260194,0.56928,-0.00685,19.1002
21,4,0.6205,0.3795,CV,17.0771,16.8025,-13.19409202438541,-13.188359813878744,-9.24324,-0.93664,1192.6894
22,1,0.6181,0.3819,CV,1.4967,1.5157,-6.409754404177245,-6.421597173739875,-0.25983,0.19649,46.4713
22,2,0.6183,0.3817,CV,0.7584,0.7603,-2.01971476254724,-2.029471344586739,-0.02542,0.072,3.486
22,3,0.6095,0.3905,CV,3.3012,3.2695,-5.090401749418645,-5.0533590911167625,1.0652,0.3081,17.586
22,4,0.6167,0.3833,CV,13.6056,13.2132,-17.72297418078933,-17.720946342159547,-8.64202,-0.58073,1118.1885
23,1,0.6184,0.3816,CV,4.2406,4.2498,-6.207105306309629,-6.215798395814044,0.14689,0.22703,45.0752
23,2,0.6186,0.3814,CV,1.1224,1.1257,-3.21103692176405,-3.2202835397420184,0.00884,-0.02815,3.4351
23,3,0.5925,0.4075,CV,4.2981,4.2373,-5.977259437279022,-5.889999081971151,1.37775,0.46074,16.3887
23,4,0.6103,0.3897,CV,22.4289,22.0763,-18.23811073063188,-18.214683406586587,-8.4376,0.03794,1031.778
24,1,0.6182,0.3818,CV,3.9954,3.9998,-6.283619037169608,-6.290919943055767,0.09,0.05999,44.9568
24,2,0.6142,0.3858,CV,2.4235,2.4219,-4.410575594696207,-4.401016811303563,0.12345,-0.12663,3.3799
24,3,0.5739,0.4261,CV,5.8768,5.8036,-8.182927937730122,-8.044430405400298,1.63482,0.55001,15.9089
24,4,0.6011,0.3989,CV,28.6911,28.288,-15.389280239650713,-15.336836028471488,-8.95693,0.74267,958.4724
25,1,0.5949,0.4051,CV,29.0649,29.0523,-31.406134874515132,-31.316332162173317,-0.15949,0.69995,51.4613
25,2,0.6133,0.3867,CV,1.833,1.8282,-3.291189240580559,-3.283952749047339,0.04214,-0.19381,3.3369
25,3,0.5935,0.4065,CV,2.1802,2.1001,-4.292774264696029,-4.262302633010408,1.26828,0.51263,15.3229
25,4,0.603,0.397,CV,21.431,21.053,-15.173828894403982,-15.142951160784758,-7.32698,0.99238,887.003
26,2,0.6135,0.3865,CV,1.6602,1.6554,-3.845365248620317,-3.8405273914922358,-0.06031,-0.18739,3.3042
26,3,0.596,0.404,CV,4.0509,4.0065,-5.723547108097039,-5.674497962193947,1.13969,0.47673,14.2811
26,4,0.6078,0.3922,CV,13.6579,13.2972,-16.083625882351384,-16.06999108237696,-5.6443,1.09334,827.0183
26,1,0.5996,0.4004,CV,11.7209,11.6387,-12.931178467953835,-12.895157618217432,-0.14385,0.81967,55.4729
27,1,0.6044,0.3956,CV,10.8022,10.7396,-16.743781560584143,-16.720921047463875,0.00823,0.58668,59.7497
27,2,0.6159,0.3841,CV,1.2784,1.2783,-3.1786071095360295,-3.18348993529702,0.0465,-0.14104,3.2779
27,3,0.6036,0.3964,CV,2.1782,2.1318,-4.629676056633169,-4.60863140698296,0.88522,0.40923,13.4912
27,4,0.6091,0.3909,CV,16.1961,15.919,-14.490658752669706,-14.47547166427076,-5.45411,0.70835,783.5027
27,5,0.7,0.3,CV,1.5125,1.5125,-5.433155440050222,-5.433155440050222,0.0,0.0,14.4252
28,2,0.6169,0.3831,CV,0.7023,0.6982,-2.198035319093869,-2.20369897779608,0.07463,-0.0955,3.2557
28,3,0.6118,0.3882,CV,0.8354,0.7891,-3.301106872789007,-3.303417516493607,0.63514,0.27512,12.8563
28,4,0.6129,0.3871,CV,25.7926,25.7685,-19.2081178477264,-19.206867412556047,-4.32276,-0.06952,773.4065
28,5,0.6474,0.3526,CV,2.277,2.277,-4.545706616428387,-4.556215895656833,-0.96738,0.49775,19.3195
28,1,0.6124,0.3876,CV,5.1624,5.1561,-13.597476938682458,-13.600893987949192,0.15074,0.52535,61.5031
29,2,0.6177,0.3823,CV,1.2661,1.2682,-3.412485483891893,-3.419895529541716,0.07496,0.00776,3.2966
29,3,0.615,0.385,CV,1.0278,0.9988,-3.411364792174626,-3.41515994580971,0.45119,0.22459,12.1434
29,4,0.6191,0.3809,CV,21.4557,21.6196,-27.903016852817895,-27.92243940304854,-1.37391,0.62908,727.7865
29,5,0.6163,0.3837,CV,5.3333,5.3206,-7.169167403271556,-7.125507124253984,-3.60686,0.25672,29.511
30,2,0.6128,0.3872,CV,2.654,2.6507,-5.417681750505947,-5.403352705844583,0.15563,0.13489,3.3178
30,3,0.6198,0.3802,CV,1.629,1.6479,-3.6559742634592336,-3.675032704237361,0.1622,0.14779,11.7543
30,4,0.6158,0.3842,CV,19.5266,19.4554,-21.209149152927722,-21.205610330675967,-1.60807,1.10062,679.9
30,5,0.6398,0.3602,CV,1.597,1.6623,-8.737809365905655,-8.840755176121956,-1.09625,-0.41179,36.3944
31,2,0.6033,0.3967,CV,3.3555,3.3461,-6.465749549382031,-6.418900996303936,0.2411,0.24179,3.2032
31,3,0.6196,0.3804,CV,1.5421,1.5481,-3.6588521825827343,-3.6702825227366507,-0.03112,0.09487,11.343
31,4,0.6183,0.3817,CV,11.565,11.6139,-25.117111669680654,-25.12889065141548,-0.89645,-0.2674,651.564
32,2,0.5895,0.4105,CV,3.5065,3.4884,-7.353825352679735,-7.263572338996736,0.31752,0.38101,3.1717
32,3,0.6188,0.3812,CV,1.3652,1.365,-3.571284687464874,-3.5796028867866316,0.08048,0.09713,10.9461
32,4,0.6182,0.3818,CV,8.2003,8.1504,-22.10009656455708,-22.10767559477172,-1.10274,0.15842,623.7195
32,1,0.5,0.5,CA,46.586,46.5965,-23.589022651298244,-23.477094405324145,1.66712,-0.92843,61.7076
33,2,0.582,0.418,CV,3.0409,3.0143,-5.936793536071926,-5.835737477644645,0.3872,0.45508,3.1839
33,3,0.6183,0.3817,CV,2.0614,2.0639,-3.9137180677146923,-3.9207648568561706,-0.09504,0.09308,10.6107
33,4,0.5851,0.4149,CV,92.292,92.3495,-34.474741996811666,-34.34410875651168,5.82522,-3.07611,608.9595
33,1,0.5663,0.4337,CV,5.7232,5.6205,-6.954156564562255,-6.91849024678253,2.05812,-0.8535,60.4225
34,2,0.5887,0.4113,CV,2.2318,2.2046,-3.995197329725996,-3.9329275242046875,0.42334,0.39461,3.2591
34,3,0.6173,0.3827,CV,1.6367,1.6308,-3.666972047703723,-3.670920243142887,-0.16917,0.07005,10.3313
34,4,0.5855,0.4145,CV,33.8676,33.5199,-20.395227795888488,-20.31520069399462,6.08858,-3.36539,582.3401
35,2,0.6153,0.3847,CV,1.2912,1.3211,-3.457857027423362,-3.4969402477204765,0.1695,0.1544,3.2922
35,3,0.6183,0.3817,CV,0.8483,0.8513,-3.6793930344926324,-3.6889442331233324,-0.10393,0.00287,9.9889
35,4,0.5265,0.4735,CV,78.4299,78.0819,-41.53188903980945,-41.21216894926181,11.46736,-4.08713,567.4366
36,2,0.618,0.382,CV,2.0612,2.0691,-3.614501195056818,-3.6255210829629005,-0.0565,0.06243,3.3494
36,3,0.6138,0.3862,CV,3.6488,3.6431,-5.858574627467407,-5.8477150886150735,-0.31985,-0.00763,9.635
36,4,0.5661,0.4339,CV,21.814,21.251,-16.603817039338132,-16.52921499539981,10.0493,-4.02838,572.2986
37,2,0.6175,0.3825,CV,1.567,1.5688,-2.9725587928226833,-2.977682282729681,-0.1073,-0.06359,3.3105
37,3,0.6165,0.3835,CV,0.588,0.5736,-3.588483824790889,-3.595375455076515,-0.22577,-0.02742,9.3879
37,4,0.5909,0.4091,CV,30.171,30.0757,-12.023911228242955,-11.993907130505626,6.41663,-5.11534,545.2646
38,2,0.6128,0.3872,CV,2.3123,2.3076,-4.8030892516416985,-4.788880709144106,-0.10175,-0.20169,3.3452
38,3,0.6115,0.3885,CV,3.7739,3.7642,-6.5187444706561735,-6.500817595618559,-0.39076,0.08218,9.2938
38,4,0.607,0.393,CV,14.1666,14.0836,-10.43446608565297,-10.43513402344488,3.24227,-4.50688,529.6985
39,2,0.6053,0.3947,CV,2.7517,2.7399,-4.9409528280734305,-4.90262326768163,-0.18287,-0.28757,3.3129
39,3,0.6025,0.3975,CV,6.7148,6.7025,-12.66258547830976,-12.614103982371196,-0.4224,0.24481,9.8747
39,4,0.6081,0.3919,CV,20.6627,20.5421,-14.602287765384066,-14.583854762041247,0.82802,-4.42156,502.7857
40,2,0.6144,0.3856,CV,2.2037,2.2114,-4.91219330994028,-4.9228395423559554,0.05373,-0.19013,3.2936
40,3,0.6114,0.3886,CV,2.1688,2.1633,-7.0798022328961006,-7.082148606253332,-0.19854,0.24205,10.0441
40,4,0.6132,0.3868,CV,10.114,9.9874,-14.81444013823575,-14.816137717003407,-0.31015,-3.39101,480.9108
40,7,0.7,0.3,CV,32.775,32.775,-16.650221903718062,-16.650221903718062,0.0,0.0,243.5424
41,2,0.6105,0.3895,CV,1.9662,1.956,-3.3352274565693367,-3.3159647104995074,0.0809,-0.25034,3.2265
41,4,0.6095,0.3905,CV,17.3584,17.2021,-20.84899183101838,-20.82725160192266,-0.46381,-3.41973,444.4613
41,7,0.5907,0.4093,CV,56.5665,56.5665,-30.4647633288522,-30.234593268745733,28.70881,-3.35142,320.4084
41,1,0.5,0.5,CA,20.1381,20.1358,-10.390161560274112,-10.387775833102529,0.2788,-0.35237,58.8646
42,2,0.6109,0.3891,CV,1.9261,1.9203,-3.4418318809387234,-3.4300497739921654,-0.05247,-0.26542,3.2493
42,4,0.6172,0.3828,CV,7.1789,7.2337,-15.366965886955558,-15.383488097872284,-0.59888,-2.11526,423.9905
42,7,0.2829,0.7171,CA,34.5757,33.7291,-31.250137064147992,-29.886533188004208,81.1122,1.64517,672.9048
43,2,0.6134,0.3866,CV,1.1787,1.1703,-3.0654510892325106,-3.0637716924478573,-0.07162,-0.20517,3.3193
43,4,0.6186,0.3814,CV,4.405,4.3488,-14.280299325524464,-14.291059007860316,-0.20185,-1.58085,401.4092
43,7,0.4472,0.5528,CA,17.6252,17.0569,-21.030480336308905,-20.82255138569894,79.75796,13.80982,923.4903
44,2,0.6172,0.3828,CV,0.4643,0.4665,-1.9099546497768787,-1.9203601930489966,-0.06035,-0.11796,3.2805
44,4,0.6188,0.3812,CV,9.4209,9.4314,-11.845584706646491,-11.855491736807966,0.6477,-0.94632,380.6234
45,2,0.6185,0.3815,CV,1.2806,1.2853,-2.4350062797501857,-2.44544004820563,0.05222,-0.04586,3.2506
45,4,0.6165,0.3835,CV,14.4993,14.4674,-11.09628880935833,-11.095700495147952,1.37677,-0.4595,366.3104
46,2,0.616,0.384,CV,2.4954,2.4984,-4.465778064462123,-4.463807790674746,-0.14378,0.00155,3.1764
46,4,0.6187,0.3813,CV,4.9639,5.0236,-16.826737967332726,-16.839095351462745,0.57468,-0.00364,350.2058
46,1,0.5,0.5,CA,6.446,6.4488,-8.344180776170415,-8.352284643567785,-0.05324,-0.14699,56.7137
47,2,0.616,0.384,CV,0.8801,0.8727,-1.93621079246544,-1.9380836678084563,-0.14467,0.03151,3.1341
47,4,0.619,0.381,CV,7.9203,7.9524,-21.044404860663953,-21.05493966115447,-0.15473,0.24936,332.8288
47,1,0.5766,0.4234,CV,4.2388,4.2419,-6.479936119714352,-6.486444464933404,-0.31464,0.01499,53.6417
47,8,0.7,0.3,CV,2.6362,2.6362,-4.597903032277058,-4.597903032277058,0.0,0.0,7.3564
48,2,0.6157,0.3843,CV,2.9292,2.9355,-6.700799885877716,-6.701152995778097,0.10234,0.12334,3.1642
48,4,0.6177,0.3823,CV,10.4324,10.4176,-17.781817071369613,-17.78637839070349,-0.73973,0.55464,320.2185
48,8,0.6453,0.3547,CV,2.7042,2.7042,-5.793258461732301,-5.794560886329286,0.8211,1.40549,10.072
48,1,0.6016,0.3984,CV,6.3343,6.3232,-7.674989201936999,-7.674184560349336,-0.56967,-0.15202,52.1541
49,2,0.6143,0.3857,CV,1.4622,1.4549,-3.4063815759425653,-3.401467771896384,0.12221,0.12148,3.2307
49,4,0.6158,0.3842,CV,13.7255,13.6875,-12.071944828495873,-12.07012935641157,-0.78933,0.92116,316.417
49,8,0.6421,0.3579,CV,1.3105,1.3086,-3.7515324607254357,-3.8215367103095215,-0.56992,1.54161,14.6073
49,1,0.6066,0.3934,CV,9.0344,9.027,-12.900975652659294,-12.884177361367213,0.13384,-0.31915,49.4301
50,2,0.6105,0.3895,CV,2.1555,2.1455,-3.878759436717229,-3.8597566633237133,0.17672,0.16496,3.2591
50,4,0.6138,0.3862,CV,14.8853,14.8121,-10.459097912166747,-10.451936733012602,-0.74332,1.13968,316.7899
50,8,0.6494,0.3506,CV,0.7134,0.6579,-10.11156382023465,-10.218300033660277,-0.62777,1.28966,17.0921
50,1,0.6175,0.3825,CV,1.7789,1.8349,-9.383960381327663,-9.40593200489841,-0.01162,-0.14795,49.0287
51,2,0.6179,0.3821,CV,1.2021,1.2147,-2.4608582136909973,-2.4786951064250573,0.04149,0.06914,3.2066
51,4,0.6091,0.3909,CV,25.1735,25.08,-11.442119628629651,-11.418073226534496,-0.77434,1.46047,328.3852
51,8,0.6261,0.3739,CV,3.0999,3.1004,-7.216603845015716,-7.2114268367372425,-2.25273,-0.28963,17.7932
51,1,0.6196,0.3804,CV,1.991,1.9968,-7.608491705917026,-7.623037471622501,-0.17538,0.02386,47.9836
51,7,0.5,0.5,CA,60.3903,60.6176,-44.34091970601892,-44.354119985757094,-1.04815,-1.97877,454.1644
52,4,0.6073,0.3927,CV,24.8875,24.7529,-12.427085836410644,-12.402235658156815,-0.88631,1.42735,347.0277
52,8,0.6058,0.3942,CV,2.5143,2.4092,-4.131623221073395,-4.075436397965038,-2.25628,-0.89015,17.6989
52,1,0.6181,0.3819,CV,4.4034,4.3975,-7.035300495610077,-7.040734735673354,-0.44917,0.18864,46.8886
52,7,0.5777,0.4223,CV,6.9335,6.8721,-27.683140475546658,-27.694009315118315,-2.78969,-2.0184,397.7641
52,2,0.6183,0.3817,CV,0.5795,0.5793,-1.908640595875505,-1.9171005443856326,-0.00681,0.06108,3.1853
52,10,0.7,0.3,CV,36.4331,36.4331,-13.581121289764974,-13.581121289764974,0.0,0.0,204.9317
53,2,0.6167,0.3833,CV,1.6308,1.63,-2.885691892630662,-2.8868738536334346,-0.12107,0.04838,3.1823
53,4,0.6069,0.3931,CV,25.7561,25.6071,-15.624707630291317,-15.600886517276265,-1.14831,1.51882,367.7824
53,8,0.5859,0.4141,CV,3.3926,3.2968,-6.0911897967888216,-5.982199286727771,-1.95046,-1.57939,17.1
53,1,0.6183,0.3817,CV,3.5369,3.5354,-6.433499247104117,-6.441826995333266,-0.23837,0.11927,44.3567
53,10,0.6407,0.3593,CV,27.2076,27.2076,-32.667297668094754,-32.64866338419795,5.76764,-2.86292,249.8248
53,7,0.6059,0.3941,CV,8.3699,8.3287,-18.72213728525177,-18.737631999308075,-2.26904,-1.45583,354.8102
54,4,0.6078,0.3922,CV,25.5622,25.4245,-17.490327218037635,-17.470889653487948,-1.51008,1.74896,384.4675
54,8,0.5583,0.4417,CV,4.007,3.8765,-6.6638012390073165,-6.471348825534919,-2.09087,-1.91471,16.4219
54,1,0.6183,0.3817,CV,2.0771,2.061,-5.788848780611735,-5.796924842012984,-0.1046,0.08081,42.1196
54,10,0.5053,0.4947,CV,63.0638,63.2332,-28.251150354093582,-27.7648917141011,15.81407,18.32821,453.2027
54,7,0.6186,0.3814,CV,6.2297,6.308,-10.483682980192444,-10.511352430670136,-0.55947,-1.10726,308.1019
54,2,0.6189,0.3811,CV,0.7646,0.7715,-1.9694769451091518,-1.9822897575589438,-0.01846,0.01463,3.1788
55,2,0.6189,0.3811,CV,0.26,0.2606,-3.005252015008029,-3.0151671066031693,0.00293,0.00946,3.1728
55,4,0.6084,0.3916,CV,26.5743,26.4499,-17.766537904085773,-17.74822537216924,-1.91825,2.03571,395.7395
55,8,0.5965,0.4035,CV,1.2814,1.2188,-4.267369026560951,-4.271946162648931,-1.32372,-1.49018,15.6173
55,10,0.4557,0.5443,CA,38.2985,37.2458,-35.867253047214255,-35.37965209718159,37.21718,23.10851,696.005
55,7,0.6206,0.3794,CV,5.444,5.4488,-12.016388889522561,-12.033765688218846,-0.02867,-0.71488,269.1895
55,1,0.6195,0.3805,CV,2.7767,2.7934,-7.1707361395144815,-7.183799662216028,-0.13783,0.08598,41.2555
56,2,0.6168,0.3832,CV,1.7874,1.7873,-5.816951050236381,-5.817517468539293,0.10046,-0.06256,3.1056
56,4,0.6114,0.3886,CV,20.735,20.6509,-11.007756408719713,-11.001227998983095,-0.8233,2.27773,416.9056
56,1,0.618,0.382,CV,3.9839,3.9799,-7.173635958405294,-7.178602953005028,-0.29987,-0.03971,38.9294
56,10,0.3666,0.6334,CA,45.4131,44.5724,-50.605807532408996,-49.81972011001961,59.64202,14.30075,918.7467
56,7,0.6199,0.3801,CV,6.7067,6.7028,-15.681466268949432,-15.692908471988966,0.11132,-0.83776,244.4501
56,8,0.5906,0.4094,CV,3.2252,3.1586,-6.4178808382597206,-6.342148055397576,-1.26701,-1.37368,14.3077
57,4,0.6111,0.3889,CV,23.1245,22.9919,-11.832103989719878,-11.819986047820636,-0.54724,2.38341,451.4558
57,8,0.6218,0.3782,CV,1.5348,1.6195,-3.4167525748280414,-3.4806442652207865,-0.53318,-0.5881,13.454
57,1,0.6174,0.3826,CV,2.5687,2.5514,-5.678688775261155,-5.683424827221525,-0.26233,-0.07133,36.5891
57,10,0.4664,0.5336,CA,25.4335,24.5641,-36.663150981871986,-36.41519566800867,59.91057,22.23008,1072.0202
57,2,0.6157,0.3843,CV,1.2522,1.2472,-2.242960703586286,-2.2422740163653696,0.08342,-0.12864,3.0694
58,4,0.6133,0.3867,CV,13.3552,13.2029,-10.941663471011706,-10.93922422357029,-0.43358,2.16865,477.0837
58,1,0.6193,0.3807,CV,1.2015,1.2227,-5.854419655485071,-5.868160452959199,-0.07335,-0.01543,35.0985
58,10,0.5418,0.4582,CV,14.2786,12.4621,-38.15784272896649,-38.07132345840371,54.367,14.68314,1089.9118
58,2,0.615,0.385,CV,1.4736,1.4696,-2.8208815537409695,-2.81898605153581,0.14612,-0.09489,3.1061
58,8,0.6095,0.3905,CV,2.773,2.741,-4.784710822961016,-4.750279110468866,-0.76956,-0.60934,12.4246
59,4,0.615,0.385,CV,13.2123,13.1239,-10.295268704630772,-10.296661384527665,-0.81771,1.84572,495.0524
59,8,0.6079,0.3921,CV,2.434,2.4012,-4.058650159765902,-4.035871152144292,-0.73203,-0.45001,11.8098
59,1,0.5663,0.4337,CV,28.3223,28.3214,-68.70310382820733,-68.49419478387969,-1.80084,-0.31167,36.5922
59,10,0.6058,0.3942,CV,17.1328,17.4164,-46.013703245776405,-46.08069319126423,33.88263,2.76856,1041.7171
59,2,0.6162,0.3838,CV,0.6984,0.6906,-2.7141761367220525,-2.7180003532126005,0.10722,-0.09704,3.1188
60,4,0.6149,0.3851,CV,20.9158,20.8591,-10.590831645052447,-10.589367444127857,-0.96821,1.97286,499.441
60,8,0.6196,0.3804,CV,2.8857,2.9172,-5.047929805905293,-5.077016487795088,-0.19784,-0.16155,11.4425
60,10,0.4629,0.5371,CA,43.0453,41.8164,-23.585943175068245,-22.98162338246137,54.98386,7.27684,1002.1243
60,2,0.6176,0.3824,CV,0.3686,0.3658,-2.0128357067563956,-2.0210840681106834,0.05519,-0.07985,3.1131
61,4,0.6135,0.3865,CV,22.9407,22.8562,-11.35269709379357,-11.345566744103492,-0.63817,2.1315,496.5874
61,8,0.6204,0.3796,CV,1.8281,1.8395,-4.838569252904112,-4.853422098348799,-0.03873,-0.10558,10.6698
61,10,0.5619,0.4381,CV,13.2862,12.8021,-17.94696469955787,-17.94654412725218,41.34375,3.15113,976.9228
61,1,0.5,0.5,CA,21.4945,21.5885,-20.5429799495564,-20.551611745130504,0.77593,0.27743,36.1579
61,2,0.6188,0.3812,CV,0.8506,0.8555,-2.759448135523305,-2.770518389265278,0.01358,0.00706,3.1074
61,11,0.7,0.3,CV,17.1132,17.1132,-10.339765323710635,-10.339765323710635,0.0,0.0,266.0782
62,4,0.6122,0.3878,CV,19.6019,19.4627,-11.540284829612416,-11.529808091770843,-0.54934,2.0808,493.8122
62,8,0.6197,0.3803,CV,0.5943,0.5986,-5.178042394528241,-5.189050305527585,0.00907,-0.02537,10.2213
62,10,0.6266,0.3734,CV,15.9168,17.1135,-13.926341777279749,-14.052550730503182,13.81712,-1.32426,885.8803
62,11,0.6414,0.3586,CV,27.2976,27.2976,-12.60723965084539,-12.591429508335558,10.58168,-5.9718,352.3054
62,1,0.5715,0.4285,CV,4.3887,4.3479,-8.467294723990808,-8.453141314892186,1.00093,0.24,34.2383
62,2,0.6181,0.3819,CV,0.8867,0.8861,-2.0838569119426698,-2.090462322407789,-0.01261,0.03617,3.1628
63,4,0.6095,0.3905,CV,20.8147,20.6369,-13.21342555192997,-13.193389401141026,-0.68336,2.30805,486.4798
63,8,0.6185,0.3815,CV,1.5357,1.5352,-5.189004514536151,-5.1958790041964384,0.12049,0.01787,9.8558
63,10,0.6248,0.3752,CV,8.2795,7.9804,-9.944652049755007,-9.967906378395346,9.23743,-1.37305,781.7145
63,11,0.5721,0.4279,CV,29.9068,29.5883,-14.814524733657588,-14.596345064505039,32.61056,-8.81685,548.1209
63,2,0.6168,0.3832,CV,1.7616,1.7621,-3.617077238434458,-3.6191377345623685,-0.11738,0.00169,3.1341
64,4,0.6158,0.3842,CV,5.6965,5.6148,-10.267630946344841,-10.277849843306019,-0.92664,1.63839,491.1554
64,8,0.6178,0.3822,CV,1.5488,1.546,-6.204838756879585,-6.210442776431398,0.10951,0.10242,9.4235
64,10,0.6216,0.3784,CV,16.4551,16.4698,-13.965620691052983,-13.978005639709496,1.93368,-2.24445,679.8556
64,11,0.517,0.483,CV,22.5215,21.0747,-12.878985005327763,-12.540685557854427,44.6864,-13.08145,758.9026
64,2,0.6162,0.3838,CV,1.259,1.2556,-4.096964465023861,-4.098389900793629,-0.1194,-0.0406,3.0584
65,4,0.617,0.383,CV,25.6921,25.7594,-14.04525209079881,-14.051591961337483,1.75935,0.94073,496.9855
65,8,0.618,0.382,CV,0.9064,0.9024,-4.23651536070615,-4.243859794145789,0.06976,0.1178,9.1929
65,10,0.5092,0.4908,CV,58.5611,58.5145,-30.071477814131413,-29.62920730369331,20.44832,-0.17399,628.4125
65,11,0.5003,0.4997,CV,19.7095,17.7406,-11.673976811052114,-11.348653700242517,50.34976,-17.74583,894.6153
66,4,0.6175,0.3825,CV,9.8704,9.8081,-9.64920742557891,-9.65580184632076,1.1208,0.79951,484.67
66,8,0.6161,0.3839,CV,2.2161,2.2101,-4.750117548689836,-4.749398912859464,0.13343,0.16571,8.7806
66,10,0.5818,0.4182,CV,73.034,74.1262,-53.53248207408005,-53.54694913703495,-12.9262,-2.05325,562.132
66,11,0.535,0.465,CV,13.6367,11.6693,-10.475779206349003,-10.31338664757566,46.72598,-17.68296,904.1466
67,4,0.6191,0.3809,CV,12.323,12.3763,-9.542148001226181,-9.55454168861101,-0.36298,0.62806,478.5358
67,8,0.6144,0.3856,CV,2.4934,2.485,-4.060254585529144,-4.0548842058585635,0.19174,0.22052,8.6794
67,10,0.6029,0.3971,CV,45.3106,45.8965,-30.292882757983847,-30.289894119967457,7.37009,-0.97766,521.374
67,11,0.6078,0.3922,CV,3.9075,3.1315,-11.440642567316228,-11.525842337777416,32.89494,-11.61815,822.9469
68,4,0.6162,0.3838,CV,18.9438,18.9075,-11.459239221200507,-11.457063847055476,-1.52341,0.1743,461.4177
68,8,0.6082,0.3918,CV,4.2484,4.2339,-6.707900950987675,-6.6790230116229345,0.3125,0.29715,8.7769
68,10,0.61,0.39,CV,7.9244,7.6302,-20.637594540876606,-20.633479191180257,6.08739,-0.57778,483.9302
68,11,0.65,0.35,CV,9.0695,10.2399,-12.640385398995177,-12.800730194896328,10.8955,-2.07833,704.9918
69,4,0.6158,0.3842,CV,10.4194,10.313,-11.559037082630152,-11.559724715852088,-1.60132,-0.0465,445.1758
69,8,0.6073,0.3927,CV,3.4687,3.4486,-5.576438251919113,-5.553162132961544,0.23808,0.39089,8.7823
69,10,0.6226,0.3774,CV,18.4303,18.73,-26.658435553278302,-26.697002830185067,0.12455,-0.38726,451.0581
69,11,0.6429,0.3571,CV,5.3198,5.5624,-15.022942292381334,-15.08943936079249,3.33161,0.59773,592.5676
70,4,0.6173,0.3827,CV,8.4035,8.3632,-11.208768123053115,-11.216156281588932,-0.99305,-0.67554,430.0753
70,8,0.6013,0.3987,CV,4.9189,4.8957,-6.913146567743,-6.865771675841062,0.39217,0.44363,8.7655
70,10,0.6121,0.3879,CV,28.0403,28.0329,-19.74916194578,-19.724424766573293,-3.03673,0.32644,435.3531
70,11,0.6266,0.3734,CV,14.5165,14.4898,-18.99624702257092,-19.003164430093427,-0.42834,2.21807,521.7734
71,4,0.6161,0.3839,CV,12.3711,12.305,-13.175293577755447,-13.175596856259137,-0.53033,-1.16304,408.1446
71,8,0.5966,0.4034,CV,5.0794,5.0557,-7.365138702392644,-7.307296985403525,0.49626,0.46869,8.3771
71,10,0.6052,0.3948,CV,23.7257,23.5484,-16.33359423265224,-16.29581638133158,-3.78216,0.3368,428.994
71,11,0.6148,0.3852,CV,15.3814,15.1951,-28.984238287420325,-28.964885065577256,-1.22376,2.49134,475.0512
71,2,0.5,0.5,CA,3.6865,3.6871,-5.461428171260098,-5.463183063691869,0.09007,-0.01109,3.6941
72,4,0.6172,0.3828,CV,11.1484,11.1377,-10.075176393730532,-10.081816572814473,0.32913,-1.41702,394.7737
72,10,0.6051,0.3949,CV,68.0896,68.3123,-41.585807055245624,-41.55773786211584,3.69246,-0.38331,401.7044
72,11,0.6107,0.3893,CV,13.2614,13.0389,-23.605414859019348,-23.586712291545005,-1.65914,2.57339,441.2593
72,8,0.6076,0.3924,CV,1.3458,1.3194,-4.051267046010618,-4.046346724955402,0.32594,0.38051,8.2275
72,2,0.5743,0.4257,CV,1.6467,1.6414,-3.740554534446413,-3.737574361325328,0.1323,-0.03116,3.4387
72,12,0.7,0.3,CV,0.4114,0.4114,-4.900661380838257,-4.900661380838257,0.0,0.0,2.3332
73,4,0.6142,0.3858,CV,32.3577,32.3942,-14.014933606709706,-14.007150908151797,0.61838,-0.67499,409.3429
73,8,0.6132,0.3868,CV,0.8359,0.8085,-2.9755805889481266,-2.977932607135002,0.2518,0.28575,8.1427
73,10,0.6113,0.3887,CV,7.4341,7.2681,-14.663767514680874,-14.66184632003096,2.76134,-0.54404,391.5857
73,11,0.6161,0.3839,CV,15.5309,15.5617,-20.31457273497935,-20.324485668933306,-2.20525,1.82662,399.0721
73,12,0.6396,0.3604,CV,2.8027,2.8027,-10.462395561097932,-10.438761811724689,1.30865,-0.03272,3.227
73,2,0.6,0.4,CV,1.6207,1.6134,-3.505451281262377,-3.501133962111449,0.17588,-0.05503,3.4814
74,4,0.6154,0.3846,CV,12.5467,12.4926,-9.667471734636017,-9.66918932860189,0.07874,-1.07645,405.7918
74,8,0.6062,0.3938,CV,4.6189,4.6076,-7.901799699231216,-7.866314113718156,0.42816,0.32445,8.4182
74,10,0.6188,0.3812,CV,14.7003,14.8471,-12.20556255447086,-12.226004579670676,0.42551,-0.29813,386.0437
74,11,0.6124,0.3876,CV,11.556,11.4044,-20.382467225628147,-20.36898409087086,-2.3862,1.76428,378.3094
74,2,0.61,0.39,CV,4.1389,4.1487,-8.051713791069298,-8.051967584137477,-0.16956,-0.02751,3.4164
74,12,0.5908,0.4092,CV,2.3465,2.3128,-6.637973861621588,-6.4991231388076685,2.83944,-0.04061,4.9175
75,4,0.6144,0.3856,CV,25.0276,25.0324,-11.187296742797809,-11.183017695022624,-0.19943,-1.89328,380.5623
75,8,0.6056,0.3944,CV,3.0171,2.988,-4.870101619854472,-4.842343958902798,0.39514,0.38769,8.4688
75,10,0.6171,0.3829,CV,19.8372,19.8582,-12.35651353682324,-12.358801641708128,-1.11427,0.16299,384.8906
75,11,0.6101,0.3899,CV,14.6462,14.4985,-21.731137046674338,-21.7131695186159,-2.38933,1.47955,369.4389
75,12,0.6093,0.3907,CV,1.3032,1.2631,-6.873313490293572,-6.883956515600371,2.23945,0.89699,6.3046
75,2,0.6117,0.3883,CV,1.5628,1.5532,-2.8309365295362516,-2.8231979604544306,-0.2211,-0.01946,3.4267
76,4,0.6136,0.3864,CV,13.455,13.3643,-10.298093415840636,-10.292065801995056,-0.05834,-2.0465,366.3852
76,8,0.5949,0.4051,CV,6.0149,5.987,-8.527002338742054,-8.4559726065248,0.48362,0.47971,8.94
76,10,0.6158,0.3842,CV,14.4806,14.433,-10.64486369373053,-10.643987266099753,-1.58362,0.2374,375.4269
76,11,0.6107,0.3893,CV,11.7963,11.6242,-21.998747168873926,-21.986615144411104,-2.13998,1.32402,362.1737
76,12,0.5222,0.4778,CV,2.7449,2.6366,-6.226590135533312,-5.854426967152501,3.57456,0.81057,7.4158
77,4,0.6161,0.3839,CV,22.4005,22.4501,-18.16453191659888,-18.170049365531344,0.00227,-1.01796,378.5505
77,8,0.6047,0.3953,CV,2.3868,2.3547,-4.260409540814181,-4.245541435221717,0.32197,0.44326,9.1871
77,10,0.6172,0.3828,CV,9.1307,9.1321,-15.633627983890953,-15.640676430118148,-0.90522,0.53653,377.8167
77,11,0.6125,0.3875,CV,10.0672,9.9328,-18.25504318967225,-18.249968904790297,-1.96226,1.00512,354.3761
77,12,0.6385,0.3615,CV,1.2531,1.4402,-6.340922432894447,-6.5756275414831045,1.2416,0.39635,7.5466
78,4,0.6158,0.3842,CV,12.998,12.9406,-19.24708971017271,-19.24778331277417,-0.06221,-0.46918,388.2126
78,8,0.6131,0.3869,CV,4.4671,4.4777,-6.1646286193076065,-6.170665880714802,-0.06512,0.35214,9.0774
78,10,0.6155,0.3845,CV,15.7472,15.6905,-16.28889109490209,-16.286561030531864,-1.09819,0.86949,386.8878
78,11,0.6114,0.3886,CV,17.587,17.4853,-16.39490093335006,-16.382354270129674,-2.10957,0.48637,357.9209
78,12,0.6326,0.3674,CV,1.2805,1.2776,-2.491075358326209,-2.530015855803235,0.9093,-0.17141,7.0273
78,15,0.7,0.3,CV,9.129,9.129,-9.364752076398068,-9.364752076398068,0.0,0.0,127.5938
79,4,0.6165,0.3835,CV,8.5439,8.4938,-17.350168444023147,-17.35449379799372,-0.00984,-0.77174,387.7645
79,8,0.6149,0.3851,CV,1.3878,1.3717,-3.66554678033037,-3.6669232948783304,-0.01874,0.29706,9.3017
79,10,0.6159,0.3841,CV,11.7164,11.6644,-14.451957393808113,-14.45386064321972,-1.3104,0.67043,385.332
79,11,0.6117,0.3883,CV,15.5328,15.4129,-13.633864669659523,-13.623998071055253,-2.12293,0.15528,362.8766
79,15,0.6475,0.3525,CV,6.2642,6.2642,-9.080891824435078,-9.09191810936117,-1.73989,2.11568,169.8587
79,12,0.5728,0.4272,CV,4.6261,4.6655,-18.88323005591932,-18.6810153447676,-1.43353,-0.44258,6.4206
80,4,0.6025,0.3975,CV,53.6469,53.673,-20.459056737770993,-20.40324988125269,-1.67378,-2.30287,344.2278
80,8,0.6163,0.3837,CV,2.1406,2.1385,-4.930784240410237,-4.935570383837879,0.00759,0.23023,9.1747
80,10,0.6153,0.3847,CV,13.2225,13.1521,-12.469582579348092,-12.468538374811569,-1.58122,0.55621,384.4895
80,11,0.6163,0.3837,CV,17.8398,17.8965,-10.13572123933478,-10.145126481259934,-1.14863,0.48604,348.4319
80,15,0.6312,0.3688,CV,9.1386,9.0616,-10.330435280483954,-10.350010443835531,-3.66744,7.06188,243.2132
80,12,0.5581,0.4419,CV,2.4876,2.4264,-11.456027262171188,-11.281879514298907,-1.43652,-0.76188,5.9553
80,16,0.7,0.3,CV,7.3334,7.3334,-7.9503536770294145,-7.9503536770294145,0.0,0.0,29.4255
81,4,0.6099,0.3901,CV,16.112,16.0847,-9.949807175291093,-9.945672096673542,-2.52906,-1.25483,340.8349
81,8,0.6181,0.3819,CV,0.9913,0.9935,-4.139136972007668,-4.149271707241472,0.02274,0.09439,9.1338
81,10,0.6163,0.3837,CV,10.5213,10.4815,-10.819498886509678,-10.823382128498647,-1.26547,0.35158,379.0107
81,11,0.6179,0.3821,CV,10.1544,10.1876,-9.114197843142568,-9.1233509656554,-0.16889,0.07902,342.0713
81,12,0.6052,0.3948,CV,1.4662,1.4863,-6.734661364702793,-6.775700750216933,-0.89153,-0.42022,5.6653
81,15,0.6417,0.3583,CV,3.4612,3.1041,-9.170048018740504,-9.259487868374446,-2.66944,4.89269,286.6497
81,16,0.6394,0.3606,CV,8.5295,8.5295,-8.510784011397043,-8.486534897995957,5.14187,0.54626,40.5044
81,2,0.5,0.5,CA,1.7463,1.7445,-4.26515936382318,-4.27306450785127,-0.06915,-0.02789,3.982
82,4,0.5969,0.4031,CV,28.5988,28.455,-15.972050884872752,-15.902679379427234,-4.47164,-1.06521,332.4339
82,8,0.6188,0.3812,CV,1.0462,1.048,-4.003970515768639,-4.014206586597779,0.03187,-0.01881,9.1514
82,10,0.6136,0.3864,CV,18.4151,18.3409,-10.333382107860944,-10.324517590949819,-1.75176,0.4857,369.4465
82,11,0.6173,0.3827,CV,10.6957,10.6719,-9.03340792612771,-9.037934202029536,0.43048,0.21786,336.0242
82,15,0.6231,0.3769,CV,8.7948,8.4897,-8.895217270828866,-8.888817082398502,-6.07854,2.52164,291.832
82,16,0.5868,0.4132,CV,7.5361,7.4081,-8.07728744242566,-7.922170444554384,10.30508,3.56247,63.0754
82,2,0.5764,0.4236,CV,0.7779,0.7758,-2.6975357121914922,-2.7034007221026015,-0.06436,-0.0256,3.6167
82,12,0.6074,0.3926,CV,1.3427,1.3126,-6.032435691429441,-6.013764981088203,-0.76577,-0.23923,5.3107
83,4,0.5885,0.4115,CV,27.2988,27.0841,-17.115466168721888,-17.03040287516201,-5.52524,-0.53323,329.277
83,8,0.6184,0.3816,CV,1.8306,1.8322,-5.007175748408192,-5.015097961709812,-0.06555,-0.11639,9.2542
83,10,0.6122,0.3878,CV,15.3463,15.2292,-9.586151335787576,-9.575236784062378,-2.09284,0.68417,362.8909
83,11,0.6181,0.3819,CV,5.3203,5.3018,-9.330431442030594,-9.339071750362981,0.61333,0.32036,335.7807
83,15,0.6314,0.3686,CV,6.4637,6.4176,-7.479430060090978,-7.5363666283469515,-5.89988,3.53023,280.0512
83,16,0.5084,0.4916,CV,7.9606,7.5143,-8.216856916566947,-7.82254815884604,15.90667,4.2279,85.942
83,2,0.604,0.396,CV,0.466,0.4626,-2.324641949396663,-2.3341584542920057,-0.05339,-0.05086,3.5779
83,12,0.6041,0.3959,CV,1.3845,1.346,-5.526184752363367,-5.490521616139552,-0.70808,-0.21009,4.9983
84,4,0.5793,0.4207,CV,29.0205,28.7337,-18.787517537887574,-18.6769876087758,-6.44215,-0.03313,327.1333
84,8,0.6179,0.3821,CV,1.3268,1.3199,-3.8885110865807238,-3.8944508757790497,-0.05488,-0.15407,9.1942
84,10,0.6108,0.3892,CV,15.3199,15.1826,-9.674967427285313,-9.660334626924914,-2.30675,0.97822,354.9284
84,11,0.618,0.382,CV,8.4037,8.384,-10.310088049606534,-10.31701706116839,0.70282,-0.25233,331.7703
84,15,0.6248,0.3752,CV,7.7927,7.675,-8.189169939711476,-8.20541316394988,-4.7143,3.37187,259.9765
84,16,0.5584,0.4416,CV,3.4039,2.6178,-6.326102080139889,-6.24647060894411,14.81084,4.08127,98.4545
84,2,0.6143,0.3857,CV,0.2021,0.1982,-2.098827048906659,-2.110833249388663,-0.04285,-0.04299,3.5654
84,12,0.6163,0.3837,CV,0.3547,0.3722,-4.328978865251237,-4.349551759790026,-0.40774,-0.10196,4.7316
85,4,0.556,0.444,CV,37.762,37.4166,-21.27656575091629,-21.084444948591795,-8.39783,-0.10141,322.9894
85,8,0.6148,0.3852,CV,2.8083,2.7989,-5.37614731152179,-5.369936768384166,-0.12351,-0.26739,9.0467
85,10,0.6111,0.3889,CV,12.6403,12.4892,-9.334412833444146,-9.323155692719535,-2.43827,0.93483,347.7622
85,11,0.5651,0.4349,CV,78.3088,78.2674,-91.846214411071,-91.63443325721373,6.31912,-0.6752,326.4487
85,16,0.6291,0.3709,CV,0.7135,1.1233,-6.341143144412769,-6.483210827297744,8.42543,2.77158,95.763
85,2,0.6179,0.3821,CV,0.1352,0.1332,-1.9931563523750802,-2.005502272569994,-0.03419,-0.02891,3.5397
85,15,0.6271,0.3729,CV,4.7162,4.7116,-9.621194406481498,-9.657181820494392,-3.27361,1.14344,236.7299
86,4,0.547,0.453,CV,31.6646,31.2183,-22.609275908154363,-22.41480330211177,-9.80021,0.00392,321.259
86,8,0.6101,0.3899,CV,3.4595,3.4437,-5.271591644419672,-5.250285442656283,-0.0864,-0.42108,8.8811
86,10,0.6091,0.3909,CV,15.8003,15.6504,-9.76070362610095,-9.740641730451905,-2.7741,1.15101,339.8143
86,11,0.613,0.387,CV,56.1791,56.5035,-30.328765160127542,-30.39228577662397,-1.36365,-0.97116,315.8024
86,16,0.6495,0.3505,CV,2.3472,2.6578,-6.409409459792647,-6.535658865949179,2.68022,1.3781,85.5056
86,2,0.6157,0.3843,CV,1.713,1.7104,-2.9140927908614387,-2.911784848647888,-0.14419,-0.07564,3.4418
87,4,0.5355,0.4645,CV,31.1347,30.628,-23.64546687061057,-23.417823731269934,-11.61958,0.2775,320.9479
87,8,0.6106,0.3894,CV,2.6534,2.6373,-4.410573238215245,-4.398212445919919,0.07393,-0.42727,8.7938
87,10,0.6069,0.3931,CV,16.4643,16.2992,-9.865456962271796,-9.83921500096211,-3.13545,0.91134,328.9512
87,11,0.6122,0.3878,CV,18.2468,18.2066,-21.572519430690527,-21.562575703005383,-2.51208,-0.67884,316.483
87,16,0.6394,0.3606,CV,1.7927,1.7688,-9.958093600112942,-10.010230021697684,1.93732,0.52832,74.6081
87,2,0.6174,0.3826,CV,0.4994,0.4927,-1.6359163025039307,-1.643803289706893,-0.12413,-0.03146,3.3706
88,4,0.5113,0.4887,CV,33.0423,32.4531,-24.36933324916734,-24.061049961802844,-14.59523,0.69494,322.8845
88,8,0.6088,0.3912,CV,3.1746,3.1565,-5.411015721057537,-5.390527239948753,0.20898,-0.4439,8.8286
88,10,0.6041,0.3959,CV,17.2562,17.0758,-10.4810036923776,-10.445968683931476,-3.50022,0.7116,316.4038
88,11,0.6008,0.3992,CV,73.5525,73.6837,-30.3044800022355,-30.247983149229768,2.98106,0.77264,344.6086
88,16,0.6344,0.3656,CV,3.0074,3.0828,-7.808185257465173,-7.853675340563014,0.02697,0.24319,65.5315
88,2,0.6186,0.3814,CV,0.7134,0.7155,-2.0592906038073426,-2.0700759693181223,-0.0818,-0.01103,3.3705
89,4,0.5134,0.4866,CV,25.1185,24.3972,-23.161338685172797,-22.896548135778886,-16.59404,1.26362,331.0532
89,8,0.6119,0.3881,CV,1.565,1.5392,-4.044772788720454,-4.0396663013553304,0.19322,-0.36947,8.8175
89,10,0.6006,0.3994,CV,18.3013,18.1086,-10.515692504742006,-10.470189462238425,-3.98461,0.45768,305.0717
89,11,0.582,0.418,CV,59.2281,59.1523,-28.60988284754047,-28.492541064576606,5.44545,-0.46096,319.3125
89,16,0.6271,0.3729,CV,3.6724,3.6817,-20.145002448287176,-20.166399266159125,0.14418,0.29982,59.6216
89,2,0.6188,0.3812,CV,0.3133,0.3125,-1.8968514164090589,-1.906704819626829,-0.04726,-0.00142,3.3459
90,4,0.5034,0.4966,CV,26.5935,25.8003,-20.98920643978257,-20.681363985130655,-19.51513,1.76184,345.2218
90,8,0.6161,0.3839,CV,0.4033,0.3871,-3.180468780912086,-3.188626455527256,0.14323,-0.23276,8.7704
90,10,0.5987,0.4013,CV,17.395,17.1842,-9.915832063897096,-9.867790855768531,-4.23169,0.73846,295.4139
90,11,0.6028,0.3972,CV,21.4404,21.4415,-12.6975304835092,-12.693684863535026,3.7149,0.75739,329.4303
90,16,0.6215,0.3785,CV,3.7541,3.7448,-22.255589594052267,-22.26420907319291,-0.32602,0.16792,55.0862
90,2,0.6094,0.3906,CV,4.2523,4.2544,-9.39261845629824,-9.362476650620604,0.24618,0.04847,3.3732
91,4,0.4701,0.5299,CA,29.5057,28.5523,-20.241705372825393,-19.814975651604826,-24.96391,2.02642,359.39
91,8,0.61,0.39,CV,4.7749,4.7707,-9.7501554299551,-9.726334064296731,0.40919,-0.07009,8.4232
91,10,0.5875,0.4125,CV,25.877,25.6611,-12.307828138958508,-12.215979123414375,-5.26761,0.70859,289.7197
91,11,0.6118,0.3882,CV,23.8981,23.9396,-12.114825626721679,-12.118252671671597,1.36492,1.01822,351.218
91,16,0.6215,0.3785,CV,4.4194,4.4436,-29.61366448936732,-29.630516600553957,-0.16627,-0.0905,49.7176
91,2,0.6175,0.3825,CV,2.8271,2.8396,-5.8936797511870544,-5.911415389663614,-0.03037,0.09042,3.3167
91,15,0.5,0.5,CA,53.7816,53.789,-23.303429980616265,-23.2776962472604,0.49278,-0.41822,234.2254
92,4,0.4738,0.5262,CA,22.1473,20.9627,-14.158656628139461,-13.793920240289513,-29.21627,2.34,381.0131
92,10,0.5857,0.4143,CV,20.5349,20.2499,-10.988943993325652,-10.90610295708814,-5.55804,0.6732,280.9209
92,16,0.6199,0.3801,CV,1.507,1.4976,-28.631940975455002,-28.6418864899876,-0.21572,-0.09762,46.1591
92,15,0.5746,0.4254,CV,8.9831,8.9214,-13.099848718530785,-13.098049892505095,0.62334,-0.34764,206.9204
92,8,0.6162,0.3838,CV,0.6605,0.6628,-5.204994315848509,-5.216375552894311,0.22746,-0.0218,8.236
92,11,0.615,0.385,CV,15.1491,15.1403,-11.493908648308196,-11.497579254763657,-0.00871,0.66718,364.2735
92,2,0.6176,0.3824,CV,0.9197,0.9186,-2.7468844681538043,-2.753082738286765,-0.08092,0.04898,3.2764
93,4,0.5288,0.4712,CV,12.4394,11.284,-10.33833376867463,-10.188690823677867,-27.47446,2.57712,403.5316
93,8,0.6189,0.3811,CV,2.4616,2.4737,-5.564519795918642,-5.578181471306712,0.00253,0.09986,8.2869
93,10,0.6021,0.3979,CV,6.5052,6.2253,-9.31577272433558,-9.303625495234238,-4.18751,0.67054,271.7848
93,16,0.6187,0.3813,CV,2.0996,2.0875,-27.090074142373076,-27.09729423377663,-0.27021,-0.15286,43.3102
93,2,0.6179,0.3821,CV,0.8086,0.8084,-2.016366890265221,-2.0236892868700456,-0.06788,0.00188,3.3163
93,15,0.6014,0.3986,CV,11.3889,11.3767,-9.952825617656824,-9.954267401345376,0.83556,-0.25613,203.8843
94,4,0.5783,0.4217,CV,7.7149,6.983,-9.034169742049688,-9.006538247065418,-21.18012,2.00387,414.1884
94,8,0.6185,0.3815,CV,1.0118,1.008,-3.6685806647018397,-3.6766852569783883,-0.05183,0.11372,8.1602
94,10,0.6043,0.3957,CV,11.143,10.927,-10.112075232541214,-10.084932407405482,-3.85569,0.70361,263.1063
94,16,0.6164,0.3836,CV,4.0505,4.0351,-18.675435913701097,-18.674715221321975,-0.40383,-0.22352,40.2726
94,2,0.6185,0.3815,CV,0.5074,0.509,-2.3915580124294062,-2.400991196991076,-0.04523,-0.01108,3.2711
94,15,0.6093,0.3907,CV,19.0847,19.0667,-10.449775191283617,-10.444849237336618,1.32064,0.14172,204.0982
95,4,0.6226,0.3774,CV,7.5001,8.2004,-9.217689886978885,-9.302797885316131,-9.75561,0.47297,398.458
95,8,0.6188,0.3812,CV,1.0667,1.0692,-3.558104112209962,-3.5678600219677703,0.04722,0.07151,8.027
95,10,0.5995,0.4005,CV,16.7516,16.5562,-10.808845754644274,-10.758450773795815,-4.21994,0.60921,256.9184
95,16,0.6172,0.3828,CV,2.7593,2.7538,-18.5482935056329,-18.55439817248795,-0.37036,-0.13697,38.8078
95,2,0.6185,0.3815,CV,0.4564,0.4559,-2.1971030293803295,-2.205808516916311,-0.02549,-0.03568,3.2396
95,15,0.6099,0.3901,CV,18.7819,18.7194,-12.221748838946695,-12.207442370549387,1.80924,0.40552,207.6735
96,4,0.5013,0.4987,CV,38.1264,37.7334,-20.4584629450216,-19.982819665033862,-22.70406,0.55256,386.6474
96,8,0.6172,0.3828,CV,2.7569,2.759,-4.796486332994352,-4.798991387864922,-0.15546,0.0566,7.7336
96,10,0.6052,0.3948,CV,11.1307,10.959,-14.55104902006772,-14.53186257646577,-3.43541,0.73643,254.0899
96,16,0.6116,0.3884,CV,8.6519,8.6379,-21.623152661492554,-21.604442459846148,-0.65191,0.0697,38.6967
96,15,0.6077,0.3923,CV,20.1662,20.0683,-13.600580416261336,-13.57640573402767,2.39805,0.52131,216.213
96,2,0.6168,0.3832,CV,1.5798,1.579,-2.7691707782731116,-2.7705647793181107,-0.11133,0.0176,3.1648
97,4,0.5095,0.4905,CV,18.98,17.8887,-11.41426444508405,-11.148160621924625,-24.54444,0.06977,390.2977
97,8,0.6175,0.3825,CV,0.8438,0.8339,-3.2689232025222448,-3.27506834527001,-0.15265,0.04977,7.5479
97,10,0.6029,0.3971,CV,17.2374,17.0708,-16.135166767388377,-16.09781760400877,-3.3456,0.75264,255.4488
97,16,0.6143,0.3857,CV,2.3034,2.2673,-19.54496157984498,-19.54589457927289,-0.48483,0.04578,38.221
97,15,0.5932,0.4068,CV,35.8489,35.7348,-26.712969950935253,-26.63153642935014,3.80209,-0.12565,213.7747
97,2,0.6176,0.3824,CV,0.4128,0.4062,-1.6306143875794818,-1.6378928545183278,-0.09153,0.02206,3.1218
98,4,0.5546,0.4454,CV,9.9744,8.9282,-9.211191621342639,-9.11452933096301,-21.55779,-0.1812,390.4721
98,8,0.6183,0.3817,CV,0.9313,0.9312,-3.917359837944491,-3.9266083760245984,-0.10632,0.07081,7.4992
98,10,0.6075,0.3925,CV,12.0465,11.9102,-13.855082092237026,-13.840462087581002,-2.95887,0.10259,250.0389
98,16,0.6164,0.3836,CV,1.0843,1.0656,-16.9746375421258,-16.9806961506782,-0.3337,-0.00558,37.6062
98,15,0.5743,0.4257,CV,34.1442,33.9736,-31.538825922326605,-31.401103030561295,4.35997,-1.13976,203.394
98,2,0.6186,0.3814,CV,0.6621,0.6649,-2.1799772324447284,-2.1905010082754766,-0.05364,0.01464,3.1501
99,4,0.597,0.403,CV,4.8948,4.5554,-8.874869592637575,-8.886879119610086,-14.83298,0.172,383.6525
99,8,0.6172,0.3828,CV,1.9801,1.9778,-4.2180510667388065,-4.221273859145644,-0.06321,0.10899,7.6007
99,10,0.619,0.381,CV,24.0628,24.2152,-15.274396364080138,-15.301243369699659,0.29221,0.1604,246.3927
99,16,0.617,0.383,CV,2.7053,2.6998,-13.736596120160858,-13.742085850169126,-0.30639,-0.07147,36.7521
99,15,0.5947,0.4053,CV,23.6963,23.6821,-21.641382155342594,-21.614923067500964,4.51334,-0.13878,218.8797
99,2,0.619,0.381,CV,0.4642,0.4659,-3.1558014378088552,-3.166140852076029,-0.02285,0.00689,3.0925
100,4,0.6212,0.3788,CV,8.2859,8.6365,-8.743236780432518,-8.795051291616224,-6.94909,0.29993,372.4494
100,8,0.6153,0.3847,CV,3.2061,3.2049,-5.283228639644447,-5.280150200809054,0.13861,0.15577,7.6181
100,10,0.6182,0.3818,CV,6.3652,6.341,-10.782422069334997,-10.789065253743141,0.61976,0.28549,243.3513
100,16,0.6176,0.3824,CV,1.4863,1.4763,-13.900132106789028,-13.906991078710204,-0.22439,-0.12269,36.4508
100,15,0.5793,0.4207,CV,27.0168,26.7682,-16.85266101714643,-16.732916580337914,5.81207,-0.58376,222.4639
101,4,0.5903,0.4097,CV,21.3962,21.102,-10.946174956917636,-10.83272353013403,-10.76632,0.26092,353.3444
101,8,0.6067,0.3933,CV,5.4672,5.455,-10.12706708225277,-10.090830738921685,0.28644,0.19744,8.0585
101,10,0.6185,0.3815,CV,2.9485,2.93,-8.81654579887888,-8.825669707381376,0.53747,0.22884,238.266
101,16,0.6181,0.3819,CV,2.0034,2.0047,-10.41868756875541,-10.426827307027942,-0.05975,-0.17837,36.2574
101,15,0.5858,0.4142,CV,24.6267,24.4508,-12.051595524290558,-11.981507002484227,5.54427,0.33865,236.8404
102,4,0.6244,0.3756,CV,16.6605,17.1656,-9.938457313533783,-10.01371726466912,-2.37411,0.06102,342.8928
102,8,0.6099,0.3901,CV,2.3364,2.3137,-5.255225006039266,-5.244697469616306,0.24913,0.21287,8.2756
102,10,0.6186,0.3814,CV,7.2759,7.2887,-8.840007756742107,-8.848880149466842,0.22925,-0.27934,237.4929
102,16,0.6177,0.3823,CV,3.1052,3.101,-8.940793857389375,-8.946659766990926,-0.2406,-0.12548,36.0695
102,15,0.5999,0.4001,CV,10.6725,10.4059,-9.83622038322534,-9.814935436358928,4.32893,0.4091,248.9108
103,4,0.62,0.38,CV,16.2601,16.3313,-9.599237814231273,-9.605300870515585,1.28689,-0.03125,333.6843
103,8,0.6153,0.3847,CV,2.9321,2.9399,-6.617668194876606,-6.625646627587635,0.00927,0.21014,8.2633
103,10,0.615,0.385,CV,19.7,19.6879,-10.331150122499706,-10.324641775959453,-0.59571,-0.80759,244.4862
103,16,0.6174,0.3826,CV,2.6131,2.6001,-7.832091660346604,-7.837188949242071,-0.30461,-0.08469,35.7189
103,15,0.6042,0.3958,CV,16.6451,16.4741,-15.284372098939306,-15.260091056297988,3.50198,0.71546,263.8801
104,4,0.6118,0.3882,CV,17.993,17.8959,-9.973616761953236,-9.95191175405748,2.87425,-0.06792,328.3199
104,8,0.6158,0.3842,CV,2.3899,2.3874,-4.1406188617168755,-4.142513301424704,-0.06165,0.21041,8.1345
104,10,0.61,0.39,CV,24.1348,24.0703,-11.602735955210777,-11.580825106308843,-1.5072,-0.68708,254.6573
104,16,0.6175,0.3825,CV,2.0039,1.9879,-9.109474859017904,-9.115443615996767,-0.31851,-0.05631,35.6979
104,15,0.6085,0.3915,CV,12.8932,12.7226,-16.01492531012508,-16.00245244742488,2.71176,0.90232,278.5332
105,4,0.6157,0.3843,CV,6.6358,6.5858,-8.801201531564095,-8.807814070046067,1.71934,0.04225,325.6668
105,8,0.6175,0.3825,CV,0.8325,0.8305,-4.404868657121506,-4.413198028579819,-0.07073,0.11339,8.1486
105,10,0.6081,0.3919,CV,22.0094,21.9023,-10.789551836022454,-10.766967499496173,-1.85951,-0.29042,266.9325
105,16,0.618,0.382,CV,1.3808,1.3696,-8.8210836516829,-8.828831634560284,-0.26497,0.00853,35.8643
105,15,0.5973,0.4027,CV,43.7389,43.6844,-19.534188971917505,-19.46867994510974,3.09341,2.52149,263.4717
106,4,0.6189,0.3811,CV,7.715,7.8043,-9.091182204474809,-9.105676651365767,0.70605,0.0799,313.807
106,8,0.617,0.383,CV,2.1344,2.1323,-5.834694502161076,-5.838403593923314,-0.16853,-0.01022,8.1127
106,10,0.6108,0.3892,CV,13.5733,13.4581,-9.519571298814496,-9.510866481464596,-1.78926,-0.45053,273.6339
106,16,0.618,0.382,CV,3.9895,3.9942,-9.704046612624872,-9.711255687531464,-0.0661,-0.10274,34.8614
106,15,0.6079,0.3921,CV,17.1772,17.1438,-10.14793974157223,-10.143156119323669,1.6724,2.53177,276.6384
106,2,0.5,0.5,CA,2.5405,2.5407,-4.696699983357957,-4.701624583303006,0.06448,-0.03654,3.3114
107,4,0.6188,0.3812,CV,2.0308,2.0255,-8.890484377211806,-8.899834543500274,0.48308,-0.00094,307.0542
107,8,0.6131,0.3869,CV,3.5139,3.5078,-6.793616162843685,-6.781649625672974,-0.25531,-0.23895,8.1151
107,10,0.6138,0.3862,CV,12.8317,12.7934,-10.185262265182988,-10.185523605164311,-1.5066,-0.7307,272.8576
107,16,0.6186,0.3814,CV,1.5935,1.5969,-8.12205215353625,-8.131616566491124,-0.13659,-0.071,34.9176
107,15,0.613,0.387,CV,16.3183,16.3024,-10.18512863338891,-10.186065477483547,0.33896,2.00748,296.6024
107,2,0.5767,0.4233,CV,0.1666,0.1632,-1.7739845971497192,-1.7807830690397017,0.05495,-0.0289,3.0428
108,4,0.6182,0.3818,CV,6.2003,6.178,-8.60668542330097,-8.613680540099399,0.70535,0.18437,303.7256
108,8,0.6098,0.3902,CV,3.681,3.6678,-5.87394154159222,-5.853853546113132,-0.30052,-0.3267,8.4174
108,10,0.6175,0.3825,CV,4.5965,4.684,-9.745721671418181,-9.757106376201437,-0.60433,-0.36646,277.9688
108,16,0.6186,0.3814,CV,1.8728,1.8746,-7.7864378592645584,-7.795490854614236,-0.13866,0.00292,35.3657
108,15,0.6132,0.3868,CV,26.0474,26.0633,-16.167768603420278,-16.162195677702172,0.47316,1.71648,281.7877
108,2,0.6041,0.3959,CV,0.319,0.3173,-1.643647738488392,-1.6532344282932245,0.03737,-0.04413,3.0238
109,4,0.6169,0.3831,CV,11.1355,11.1004,-9.031455752613951,-9.033502773352454,1.19113,-0.00976,302.2582
109,8,0.6,0.4,CV,5.2116,5.1868,-7.64857390414481,-7.592442918584681,-0.42421,-0.48511,8.522
109,10,0.6067,0.3933,CV,47.2317,47.2662,-50.19454864010133,-50.154851253806925,2.98471,0.05663,277.304
109,16,0.6188,0.3812,CV,0.3583,0.3625,-6.463460896438462,-6.472961535291269,-0.0774,-0.00527,35.275
109,15,0.6092,0.3908,CV,23.3773,23.323,-12.767001132742031,-12.744108644310238,2.15179,1.80588,285.2132
109,2,0.6143,0.3857,CV,0.3417,0.3436,-3.0405827517943815,-3.0524575549092523,0.02199,-0.00259,3.0216
109,17,0.7,0.3,CV,5.6525,5.6525,-9.191528214187594,-9.191528214187594,0.0,0.0,83.547
110,4,0.6177,0.3823,CV,4.8216,4.8081,-9.221044669964812,-9.228778622159037,0.75817,0.02639,304.7312
110,8,0.6055,0.3945,CV,2.9806,2.9581,-4.568017881489126,-4.549274774777861,-0.23504,-0.50343,8.6787
110,10,0.6118,0.3882,CV,15.8179,15.7807,-41.47019704056082,-41.468096542368535,2.28952,0.2686,293.8168
110,16,0.6185,0.3815,CV,2.3555,2.3557,-5.813676730352976,-5.821872624324141,-0.06479,-0.02936,34.5466
110,15,0.6141,0.3859,CV,5.3531,5.2193,-9.876016029580038,-9.879772914601789,1.51298,1.48057,292.142
110,2,0.6175,0.3825,CV,0.5574,0.5573,-2.8043622503477956,-2.814822842378318,0.01144,-0.04524,3.0122
110,17,0.6386,0.3614,CV,15.8511,15.8511,-11.981829308106494,-11.954032452849582,7.65514,1.74335,110.7632
111,4,0.6171,0.3829,CV,8.5931,8.5485,-9.47464821946993,-9.478292762931884,0.94407,0.0984,307.5316
111,8,0.5973,0.4027,CV,5.4171,5.3947,-8.26167451537712,-8.200375040914032,-0.43363,-0.56696,8.4126
111,10,0.6175,0.3825,CV,6.3649,6.4743,-30.19289287756006,-30.20703753426389,0.9983,0.34936,300.3462
111,16,0.6183,0.3817,CV,2.6137,2.6127,-6.099734614482317,-6.107339263614207,-0.20896,0.04685,34.5855
111,15,0.6171,0.3829,CV,7.5503,7.5472,-10.461755017368198,-10.470935993465021,0.98434,0.68919,290.1956
111,17,0.6228,0.3772,CV,7.9278,7.8176,-9.261100807596812,-9.258054933245264,11.29559,-2.80505,165.5234
111,2,0.6152,0.3848,CV,2.2908,2.2916,-6.3407745454028515,-6.336793124246519,0.10288,0.06231,3.1121
112,4,0.6179,0.3821,CV,1.0515,1.0045,-9.530253890309805,-9.538254042229301,0.59953,0.08296,309.2081
112,8,0.5999,0.4001,CV,2.891,2.8559,-5.638705812435397,-5.60051714561835,-0.46024,-0.50307,8.2547
112,10,0.6183,0.3817,CV,12.9644,13.0066,-29.362439332004723,-29.37178161186825,-0.21829,0.30879,309.3883
112,16,0.6187,0.3813,CV,1.6223,1.6263,-5.362837330355929,-5.372547828714559,-0.05442,0.04979,34.2162
112,15,0.6134,0.3866,CV,18.3656,18.3168,-11.488019070726342,-11.477014419497857,1.36345,-0.04073,279.707
112,17,0.5538,0.4462,CV,13.3492,12.8874,-14.207584243916706,-13.942472203137555,19.26216,-3.884,217.5043
113,4,0.6169,0.3831,CV,12.3282,12.3046,-9.83013815220777,-9.832848574685816,1.07929,0.01979,307.0981
113,8,0.6042,0.3958,CV,2.2142,2.1801,-4.071352923010448,-4.047280639890407,-0.43615,-0.4822,8.3075
113,10,0.6171,0.3829,CV,18.1755,18.1865,-21.745006053763568,-21.747834230051787,-1.03349,0.02822,304.415
113,16,0.6181,0.3819,CV,2.6412,2.6345,-5.442410213728383,-5.449051053383177,-0.17431,0.03459,33.5313
113,15,0.6002,0.3998,CV,26.3567,26.2566,-16.528383047670978,-16.467696346155428,1.55414,-1.04039,260.871
113,17,0.5579,0.4421,CV,8.3699,7.4187,-13.760457131914386,-13.613473399222645,20.40779,-3.91508,248.5722
114,4,0.6156,0.3844,CV,14.2877,14.2437,-11.297223472091709,-11.296075436363502,1.39298,0.02871,316.0372
114,8,0.6115,0.3885,CV,1.5593,1.5427,-4.262192466927803,-4.2621279514238815,-0.26466,-0.41385,8.4028
114,10,0.6172,0.3828,CV,7.2054,7.1537,-16.413945572905384,-16.419238796893527,-1.14148,0.11163,308.5512
114,16,0.6182,0.3818,CV,3.4264,3.4309,-6.277723567191494,-6.285593164411138,-0.20694,0.11596,34.0832
114,15,0.6087,0.3913,CV,6.9189,6.7572,-9.649217970662752,-9.643641849488628,1.39687,-1.18659,253.3972
114,17,0.6056,0.3944,CV,3.0617,2.3073,-12.378197750116119,-12.421217150527553,15.10673,-2.08234,251.8308
115,4,0.614,0.386,CV,17.6068,17.5394,-12.627574915212197,-12.621319847167271,1.54594,0.40785,331.0697
115,8,0.6125,0.3875,CV,1.6656,1.6403,-6.5178004788657,-6.511436314254883,-0.22595,-0.37939,8.4015
115,10,0.6172,0.3828,CV,10.6519,10.6269,-14.696203310281348,-14.700986755369492,-1.10357,0.37877,320.4873
115,16,0.6186,0.3814,CV,0.4484,0.4503,-5.922895392351085,-5.932505255803783,-0.11916,0.05126,34.1607
115,15,0.6144,0.3856,CV,9.5174,9.497,-8.4247494894875,-8.430424334330635,0.99602,-1.63778,248.8001
115,17,0.6244,0.3756,CV,6.9783,6.9929,-14.093780338969168,-14.146463758326043,9.04313,1.07727,233.0515
116,4,0.6129,0.3871,CV,17.5519,17.4554,-11.839932479117904,-11.831503941272286,1.783,0.68275,342.123
116,8,0.6118,0.3882,CV,2.0767,2.0545,-8.019295297824735,-8.008502686701554,-0.22094,-0.38061,8.262
116,10,0.6141,0.3859,CV,20.9441,20.8884,-18.908866503494878,-18.900890654147794,-1.37788,0.73542,340.1992
116,16,0.6131,0.3869,CV,10.7004,10.6971,-14.484451039166775,-14.46990936605254,0.04197,0.28848,36.7062
116,15,0.6172,0.3828,CV,8.5259,8.527,-8.337250962992835,-8.346432743771357,0.15007,-1.47634,243.9385
117,4,0.6135,0.3865,CV,15.347,15.2646,-11.375665996073524,-11.371386830162939,1.9013,0.64005,344.5272
117,8,0.6124,0.3876,CV,1.7138,1.6905,-6.965516884248448,-6.958094516882408,-0.2155,-0.34995,8.1659
117,10,0.6139,0.3861,CV,14.7927,14.6928,-18.920276196207556,-18.915699885454266,-1.60593,0.49089,354.1245
117,16,0.6175,0.3825,CV,7.7004,7.7306,-9.340061847389885,-9.352624113987586,0.26375,-0.01852,35.4202
117,15,0.6158,0.3842,CV,11.0016,10.956,-11.232297627579172,-11.231394424635658,0.39976,-1.41518,242.1105
118,4,0.6102,0.3898,CV,24.1776,24.0714,-13.226529029635337,-13.207511276822508,2.6347,0.62522,355.6536
118,8,0.6148,0.3852,CV,2.2462,2.2427,-3.988842669251472,-3.9907963941844597,-0.09946,-0.27401,8.3706
118,10,0.6159,0.3841,CV,6.8336,6.7623,-17.18745620387355,-17.191728009876716,-1.3451,0.20304,361.1906
118,16,0.6173,0.3827,CV,3.2853,3.2792,-6.522675346610054,-6.527446775734257,0.26468,-0.10914,34.5982
118,15,0.6156,0.3844,CV,8.5861,8.5201,-9.76061985117262,-9.760859631326632,0.03471,-1.29874,240.2316
119,4,0.6077,0.3923,CV,25.4878,25.3609,-12.282081475398483,-12.257438027412983,3.21564,0.37509,357.8206
119,8,0.6158,0.3842,CV,1.1281,1.1121,-4.618363031423646,-4.621194845028519,-0.08943,-0.21306,8.4682
119,10,0.6162,0.3838,CV,12.8837,12.8499,-16.212866124876786,-16.215651881018857,-1.41582,-0.11425,362.9443
119,16,0.6187,0.3813,CV,2.3597,2.3756,-5.893014495964468,-5.904050121643617,0.07164,0.01756,35.3418
119,15,0.6134,0.3866,CV,14.1673,14.1073,-9.294287303794949,-9.285682634421828,-0.2373,-1.67544,234.4389
120,4,0.6065,0.3935,CV,22.1743,22.0115,-12.568422405933001,-12.542411335725568,3.42574,0.95635,363.0139
120,8,0.6175,0.3825,CV,0.7039,0.7027,-4.2890083011487485,-4.297347375874052,-0.014,-0.14074,8.4744
120,10,0.616,0.384,CV,12.7104,12.6554,-16.001024790863866,-16.002328858590225,-1.43297,-0.09255,362.6704
120,16,0.6185,0.3815,CV,2.4,2.401,-6.573927136104448,-6.582336899055182,-0.05714,0.05534,36.2326
120,15,0.6115,0.3885,CV,15.0034,14.9296,-9.407722447717166,-9.394147468644807,-0.79006,-1.79274,229.4931
121,4,0.604,0.396,CV,24.1511,23.9652,-13.308887029152164,-13.274005537682644,3.73795,1.54466,368.6674
121,8,0.6171,0.3829,CV,2.9244,2.9281,-8.46490832168022,-8.46916820527592,0.05955,-0.1085,8.0752
121,10,0.6155,0.3845,CV,11.8376,11.7525,-11.073195843360898,-11.072962949474418,-1.63992,0.00939,365.2191
121,16,0.6175,0.3825,CV,3.7592,3.7509,-7.147128984488855,-7.151243978495908,-0.0417,0.1673,37.4886
121,15,0.6121,0.3879,CV,12.2048,12.1286,-9.055934491924114,-9.048010544308372,-1.08876,-1.50035,231.4598
121,17,0.5,0.5,CA,32.2182,32.2767,-14.984717555118394,-14.979090178365139,-1.51082,0.41342,130.9355
122,4,0.6013,0.3987,CV,24.9567,24.7649,-12.287232974100295,-12.24499037396532,3.93926,1.61012,362.1652
122,8,0.6184,0.3816,CV,0.4214,0.4216,-4.5313511643371145,-4.541464386686563,0.00752,-0.06944,7.9983
122,10,0.615,0.385,CV,13.3629,13.281,-10.340646475009663,-10.338793516223074,-1.51917,-0.27526,361.4379
122,16,0.6181,0.3819,CV,0.3846,0.38,-7.198924337136431,-7.207372281798561,-0.04281,0.09405,38.039
122,15,0.6124,0.3876,CV,11.8402,11.7493,-10.37516727158934,-10.367252598449678,-1.08806,-1.35494,236.2668
122,17,0.5738,0.4262,CV,5.182,5.1253,-8.025372169386435,-8.020333691724188,-1.73809,0.08899,114.6623
123,4,0.6058,0.3942,CV,16.9984,16.8287,-14.953917878425933,-14.934554896617747,3.67838,1.73628,372.653
123,8,0.619,0.381,CV,1.0873,1.0919,-3.595173055728954,-3.6059863590960033,-0.05341,-0.01248,8.0547
123,10,0.616,0.384,CV,12.1921,12.1515,-11.273230139512151,-11.276463625002474,-1.78849,-0.27702,369.7767
123,16,0.6185,0.3815,CV,2.1646,2.1748,-7.044101089320799,-7.053290816794658,-0.04698,-0.02538,37.9694
123,15,0.613,0.387,CV,11.9868,11.9122,-14.112103854494933,-14.106587437308733,-0.67383,-1.58391,236.9224
123,17,0.5937,0.4063,CV,7.1817,7.0984,-7.185071655419075,-7.155468417263469,-2.24079,-0.06091,102.6346
124,4,0.6045,0.3955,CV,19.9433,19.7279,-13.993216740239106,-13.961676065515615,4.0395,1.41556,376.4038
124,8,0.6189,0.3811,CV,1.0172,1.0191,-3.5395736357368075,-3.549215375508373,0.00272,0.05507,8.0413
124,10,0.6155,0.3845,CV,18.7586,18.7358,-10.528382495409335,-10.52791340880633,-1.707,0.49726,387.2049
124,16,0.6184,0.3816,CV,1.3789,1.377,-6.475150604679394,-6.483492085005681,-0.05056,-0.10145,38.3924
124,15,0.6136,0.3864,CV,12.2972,12.2401,-18.76015348266033,-18.756268909096434,-0.16984,-1.67814,234.5274
124,17,0.6103,0.3897,CV,4.7748,4.7719,-6.542941246883351,-6.55347835325117,-1.54805,-0.20368,94.5497
125,4,0.6016,0.3984,CV,22.6878,22.4784,-12.178922137951279,-12.137176955113768,4.44515,0.91314,370.4391
125,8,0.6177,0.3823,CV,1.7719,1.7692,-3.583827853658591,-3.5883650386854398,0.06313,0.12311,8.0937
125,10,0.6158,0.3842,CV,9.8618,9.7617,-9.384601787084069,-9.386235516626943,-1.50736,0.67629,395.4315
125,16,0.5575,0.4425,CV,48.2084,48.2073,-90.68953222858612,-90.44601084896958,-2.19671,0.33106,44.8015
125,15,0.6109,0.3891,CV,23.9326,23.9109,-11.46352024811608,-11.44739650683838,1.42086,-1.55212,236.0329
125,17,0.6169,0.3831,CV,2.8382,2.8332,-7.227580049699354,-7.241516047829872,-0.96129,-0.34838,84.6864
126,4,0.6002,0.3998,CV,20.969,20.7464,-10.61845797702455,-10.574893441671698,4.61688,0.19553,363.2779
126,8,0.6169,0.3831,CV,1.534,1.5263,-4.357971801001119,-4.360988763413875,0.1051,0.14623,8.1104
126,10,0.6172,0.3828,CV,3.0981,3.0114,-9.282586057759646,-9.289741491651126,-1.07961,0.48761,399.531
126,16,0.6164,0.3836,CV,28.096,28.2442,-24.67778640612704,-24.766897629462296,0.17488,-0.22407,41.7478
126,15,0.614,0.386,CV,6.2773,6.1709,-8.727017664365729,-8.727800464555358,1.23892,-1.1415,238.4594
126,17,0.5642,0.4358,CV,40.0254,40.0587,-62.12117135727257,-61.90734121528382,2.3112,-1.09075,86.3089
127,4,0.6005,0.3995,CV,18.1508,17.9057,-10.075193329337587,-10.035075174985282,4.75498,-0.09376,361.1725
127,8,0.6162,0.3838,CV,1.6532,1.6434,-4.265023024301239,-4.266140052618219,0.12931,0.17277,8.1082
127,10,0.618,0.382,CV,4.3722,4.3676,-9.85421588517256,-9.862702320702423,-0.79617,0.13381,402.4245
127,16,0.6121,0.3879,CV,8.1823,8.1679,-8.098843563988519,-8.083477118886144,0.64288,-0.37383,40.2279
127,15,0.616,0.384,CV,6.3923,6.3416,-9.191771229595552,-9.196282806995148,0.86244,-0.90735,244.3645
127,19,0.7,0.3,CV,0.675,0.675,-2.4205580208064363,-2.4205580208064363,0.0,0.0,2.6158
128,4,0.5955,0.4045,CV,22.1801,21.9187,-11.163745557803884,-11.102535098911044,5.32921,-0.08749,355.4919
128,8,0.6157,0.3843,CV,1.6299,1.6184,-4.122614250647876,-4.12297006067976,0.14169,0.19088,8.1147
128,10,0.6138,0.3862,CV,26.4206,26.3803,-24.815368367471038,-24.804793795483423,-2.21795,-0.2944,406.3366
128,16,0.6163,0.3837,CV,1.4447,1.41,-5.573479793449131,-5.582083260751889,0.50596,-0.3129,40.9552
128,15,0.605,0.395,CV,33.3641,33.3403,-22.812835595643065,-22.76826201936047,1.28008,-1.90832,225.3718
128,19,0.6485,0.3515,CV,0.135,0.135,-1.4739738677354652,-1.489113600491362,0.0,0.06818,3.5323
129,4,0.6023,0.3977,CV,12.1714,11.8859,-9.220249972693258,-9.194613483001987,4.62802,-0.25348,349.6784
129,8,0.6156,0.3844,CV,1.5506,1.5379,-3.9749141030271518,-3.9753441132249874,0.14642,0.19992,8.1292
129,10,0.6113,0.3887,CV,22.5236,22.4258,-29.113225214934587,-29.09824189896239,-2.51832,-0.94576,401.1772
129,16,0.6184,0.3816,CV,1.3463,1.3275,-5.906137869670879,-5.917550268096585,0.2756,-0.28081,41.1379
129,15,0.6104,0.3896,CV,9.265,9.1789,-19.242969384898096,-19.237264195973612,0.48353,-1.40835,217.5133
129,19,0.6423,0.3577,CV,0.7419,0.7426,-2.0533954649412007,-2.1193587547880157,0.0,-0.24755,5.0165
130,4,0.6186,0.3814,CV,12.4733,12.6942,-15.098075496683535,-15.130992066576084,1.46336,-0.39285,340.9136
130,8,0.6156,0.3844,CV,1.5698,1.5574,-3.5575128491331176,-3.5580923741367196,0.14488,0.19993,8.2452
130,10,0.609,0.391,CV,20.4714,20.3221,-31.212263805772643,-31.191421580715513,-2.89214,-1.3373,399.7565
130,16,0.6194,0.3806,CV,4.261,4.2791,-6.921164979306935,-6.933636861681361,0.1429,-0.12773,42.4333
130,15,0.6054,0.3946,CV,24.7454,24.7406,-12.74745711348512,-12.712667072737105,2.79494,-0.26017,215.0025
130,19,0.6505,0.3495,CV,0.2204,0.195,-1.7405037544184492,-1.8516764367880831,0.0,-0.21212,5.8635
131,4,0.6179,0.3821,CV,12.2888,12.282,-13.131152893816779,-13.137140680019657,1.52938,0.00939,340.7668
131,8,0.6168,0.3832,CV,2.2708,2.2727,-4.031960359094841,-4.037619879126521,-0.04278,0.1944,8.221
131,10,0.6094,0.3906,CV,16.5704,16.4049,-25.703457729313122,-25.687514623132635,-2.63933,-1.69655,395.7504
131,16,0.6183,0.3817,CV,3.5531,3.5465,-7.228529725761936,-7.235150794316533,0.02596,-0.00938,43.7411
131,15,0.616,0.384,CV,5.5157,5.5762,-7.8517753439068345,-7.869076584986586,1.51664,0.37886,210.6361
131,19,0.6303,0.3697,CV,2.0273,2.0466,-4.127314887522105,-4.138720872489696,0.86232,0.32249,6.2727
132,4,0.6181,0.3819,CV,4.6721,4.6,-12.698901888013967,-12.706665209160072,1.2911,0.06095,332.6911
132,8,0.617,0.383,CV,1.0538,1.0434,-3.692777869550395,-3.697614186025047,-0.03191,0.18756,8.2133
132,10,0.6107,0.3893,CV,20.1594,20.0785,-15.405258958450128,-15.394554365718133,-2.88475,-1.25967,408.2242
132,16,0.6188,0.3812,CV,2.1266,2.138,-6.355423238591847,-6.365693910450084,0.04454,-0.11542,43.5236
132,15,0.6169,0.3831,CV,17.1801,17.2283,-9.968577110074126,-9.974252410715506,0.0433,1.17174,211.5152
132,19,0.6291,0.3709,CV,0.6318,0.572,-2.512669899237684,-2.5489800251441004,0.65362,0.27452,6.2377
133,4,0.6165,0.3835,CV,20.6235,20.6493,-20.522748986290416,-20.5233716425234,0.24137,-0.68568,308.9205
133,8,0.617,0.383,CV,1.2622,1.2534,-3.447986570741162,-3.452411818044946,-0.07698,0.17942,8.2314
133,10,0.6085,0.3915,CV,33.2885,33.2207,-13.05480731529151,-13.032829372199046,-2.64268,-0.5182,441.5245
133,16,0.6185,0.3815,CV,1.9369,1.9344,-6.32424462413752,-6.332437394683094,-0.05357,-0.16598,43.6247
133,15,0.6115,0.3885,CV,18.5606,18.5121,-10.237357349272909,-10.21870056206511,-0.96936,1.43659,213.4418
133,19,0.6317,0.3683,CV,1.0168,1.0336,-2.722841672655317,-2.77207830311145,0.34696,-0.12118,5.9671
134,4,0.6038,0.3962,CV,24.4553,24.3782,-21.35119119766471,-21.301024679329938,1.23418,-1.4787,282.2466
134,8,0.617,0.383,CV,1.3952,1.3882,-3.9334148994945606,-3.9378985091971725,-0.02456,0.19256,8.3452
134,10,0.6082,0.3918,CV,23.4749,23.2835,-10.769050833516442,-10.748787394053645,-2.78254,-0.61494,462.6032
134,16,0.618,0.382,CV,2.8053,2.7999,-6.97429046221333,-6.980900964435813,-0.14386,-0.12265,44.7406
134,15,0.6093,0.3907,CV,16.4552,16.3744,-9.726625150843947,-9.706896728336428,-1.55072,1.45943,208.8033
134,19,0.6281,0.3719,CV,0.6935,0.694,-2.4300336316475635,-2.4597845957396927,0.1534,-0.1927,5.6179
135,4,0.6147,0.3853,CV,12.6429,12.7012,-16.830034136655215,-16.844179764423135,1.81983,-0.34824,272.5009
135,8,0.6178,0.3822,CV,0.7277,0.7224,-3.6667001285045098,-3.6744410626206183,-0.05864,0.13306,8.4132
135,10,0.6018,0.3982,CV,50.4287,50.3695,-17.575418975721377,-17.52896637622586,-3.88306,-1.94061,436.4758
135,16,0.618,0.382,CV,1.8315,1.8198,-6.2208339408076405,-6.2278009484627646,-0.16164,-0.15525,45.4578
135,15,0.6068,0.3932,CV,17.1967,17.0879,-10.300839566228756,-10.27362117800805,-1.63875,1.57231,213.2056
135,19,0.6239,0.3761,CV,1.8065,1.8175,-4.727079913330025,-4.7445806402390085,-0.1606,-0.08815,5.1842
136,4,0.6154,0.3846,CV,17.7257,17.7532,-13.117513099040206,-13.118472569211525,1.45007,0.38297,270.1499
136,8,0.6156,0.3844,CV,3.5516,3.553,-6.040468658316994,-6.037816228790175,-0.10739,0.04575,7.9391
136,10,0.5833,0.4167,CV,46.6137,46.3994,-17.085733523410177,-16.97221935295964,-6.0066,-2.23292,421.6837
136,16,0.6183,0.3817,CV,1.5221,1.5241,-6.05124339240568,-6.059665688510812,-0.07091,-0.15123,45.6502
136,15,0.6088,0.3912,CV,14.8973,14.8006,-13.578059644879549,-13.562967201198905,-1.00603,1.67592,220.8522
136,19,0.623,0.377,CV,1.4729,1.4831,-3.2926503603078414,-3.312220554906199,0.00959,0.0782,4.8926
137,4,0.6082,0.3918,CV,24.4611,24.3925,-15.450550542942821,-15.420225832550466,1.33743,-0.09717,276.3933
137,8,0.618,0.382,CV,0.4366,0.4358,-2.9103425555810953,-2.921085512457923,-0.03141,0.03018,7.8393
137,10,0.5717,0.4283,CV,34.8941,34.552,-16.57689117982932,-16.443001376071344,-7.13898,-3.02928,411.7653
137,16,0.6179,0.3821,CV,2.6368,2.6288,-6.294345743698164,-6.3009113859999974,-0.15554,-0.20507,45.9608
137,15,0.6113,0.3887,CV,12.706,12.6265,-15.567063707725293,-15.559524080244984,-0.55985,1.78153,221.4974
137,19,0.6192,0.3808,CV,1.3635,1.3614,-3.0880426551385662,-3.092832359830174,-0.10104,0.10951,4.6176
138,4,0.607,0.393,CV,19.9322,19.8161,-10.503995436266889,-10.479475944073506,1.84525,-0.43054,276.1991
138,8,0.6181,0.3819,CV,2.2478,2.2521,-3.8760051194840557,-3.8837839894493893,0.1573,0.00343,7.8747
138,10,0.459,0.541,CA,61.0011,60.5772,-36.33379058737238,-35.76332033141803,-12.69654,-6.18999,386.707
138,16,0.6177,0.3823,CV,2.6241,2.6121,-6.574829197581135,-6.5810296126906405,-0.25423,-0.18739,46.5918
138,15,0.6112,0.3888,CV,13.9372,13.8502,-14.995341967718916,-14.98369546475027,-0.83287,1.83857,221.0654
139,4,0.6018,0.3982,CV,31.0536,30.9721,-13.285300971055648,-13.240764277410527,2.9233,-0.84482,266.7026
139,8,0.6183,0.3817,CV,1.6015,1.6029,-3.8533705120035204,-3.861596074741116,0.09156,-0.09176,7.9302
139,10,0.545,0.455,CV,7.4028,6.642,-17.45822387880581,-17.394914069548022,-11.32223,-5.688,380.8159
139,16,0.6182,0.3818,CV,0.8528,0.8382,-6.59560258732616,-6.604005070029487,-0.1895,-0.13345,47.1113
139,15,0.6099,0.3901,CV,15.5366,15.4406,-9.522881248414265,-9.506160762598382,-1.3461,1.81803,223.5446
140,4,0.6066,0.3934,CV,12.4028,12.2423,-11.054785966975953,-11.037934755753604,2.5385,-0.69184,268.9683
140,8,0.6166,0.3834,CV,2.035,2.0288,-4.126874210296562,-4.127854316167953,0.08968,-0.11544,8.1046
140,10,0.6054,0.3946,CV,14.3484,14.6326,-16.91250805366136,-16.973599170695806,-7.22207,-2.41516,370.2293
140,16,0.6181,0.3819,CV,2.8872,2.8818,-6.539436180597072,-6.546690465289789,-0.10348,-0.15495,46.8161
140,15,0.607,0.393,CV,20.8532,20.7526,-10.658028782960079,-10.630580373439592,-1.89936,1.74492,234.3717
140,19,0.5,0.5,CA,1.6536,1.6558,-3.3873742720059257,-3.3978418382650135,-0.04662,-0.05442,4.2211
141,4,0.6083,0.3917,CV,14.5011,14.3674,-15.705777165033124,-15.688927582705851,2.51299,-0.80172,268.1557
141,8,0.6161,0.3839,CV,2.21,2.2055,-4.4899318858696216,-4.491214893784009,0.0137,-0.20194,8.0828
141,10,0.6132,0.3868,CV,6.0314,5.7842,-23.46234208104271,-23.467971939142164,-5.27721,-2.55013,340.7784
141,16,0.616,0.384,CV,5.6709,5.6555,-6.659983178285069,-6.65850826728771,-0.23879,-0.2683,45.6724
141,15,0.6059,0.3941,CV,19.5455,19.4074,-11.206758559303854,-11.179123840892892,-2.27849,1.51471,244.5699
141,19,0.575,0.425,CV,2.1258,2.1269,-4.078943564015393,-4.078746423098897,-0.13732,0.07655,3.9471
142,4,0.6117,0.3883,CV,9.1633,9.0365,-18.051275061130937,-18.046118301923258,2.13658,-0.75882,265.8413
142,8,0.6167,0.3833,CV,0.9865,0.9755,-3.676867720864372,-3.6811529798961264,0.02828,-0.16567,8.153
142,10,0.607,0.393,CV,31.5354,31.6259,-15.775769228445334,-15.74379679145001,-1.76426,0.2796,339.735
142,16,0.6164,0.3836,CV,2.8188,2.7884,-5.943132793312699,-5.946747406141463,-0.27909,-0.28897,45.2831
142,15,0.6044,0.3956,CV,21.4265,21.2753,-11.31681384571105,-11.284768992251767,-2.6298,1.34602,255.1372
143,4,0.6035,0.3965,CV,24.6801,24.5662,-22.269455890989278,-22.224912067552342,3.1985,-0.90152,261.2096
143,8,0.6176,0.3824,CV,1.0463,1.0451,-3.3406606208597793,-3.3480696073875222,-0.02885,-0.13408,8.118
143,10,0.6,0.4,CV,22.4077,22.2216,-11.600171240877955,-11.548011198976564,-0.0472,1.03584,340.396
143,16,0.6151,0.3849,CV,4.6318,4.6042,-6.262802774515624,-6.260158818563419,-0.17488,-0.37313,43.9702
143,15,0.6073,0.3927,CV,16.2014,16.0609,-10.785468508255924,-10.767568797183047,-2.56806,1.20331,258.5758
144,4,0.5945,0.4055,CV,26.9892,26.8228,-19.86870601496159,-19.798967063086877,4.23186,-0.67443,264.3208
144,8,0.6178,0.3822,CV,1.6356,1.6364,-4.2048099236983045,-4.211851367415427,0.00437,-0.08727,7.912
144,10,0.6049,0.3951,CV,14.8154,14.6081,-9.921640285284917,-9.900255443562461,-0.56979,0.69782,339.6598
144,16,0.6172,0.3828,CV,1.3452,1.3069,-5.455319343959988,-5.4632473078445685,-0.12068,-0.28496,43.1317
144,15,0.6088,0.3912,CV,15.2664,15.1347,-11.406080405983,-11.390122287402706,-2.54863,1.01815,260.3209
145,4,0.5963,0.4037,CV,18.7776,18.5453,-19.949911447016355,-19.900527473484615,4.25637,-0.57747,267.4988
145,8,0.6183,0.3817,CV,0.9122,0.911,-3.659420309143202,-3.668133525499968,0.05128,-0.02253,7.8333
145,10,0.6018,0.3982,CV,25.0454,24.8475,-11.68949859458986,-11.647770632451625,-0.35613,0.87739,355.5375
145,16,0.6191,0.3809,CV,0.7125,0.7379,-5.636392027885297,-5.649634267721344,-0.0308,-0.15232,42.6451
145,15,0.6048,0.3952,CV,22.5471,22.4307,-13.335051305616638,-13.300540906566603,-2.90285,1.02282,254.8537
146,4,0.6046,0.3954,CV,10.7709,10.5554,-17.84564881794703,-17.828480179169212,3.50207,-0.34904,271.6079
146,8,0.6171,0.3829,CV,2.5609,2.5616,-4.213773301827928,-4.216745349595191,0.18382,0.05103,7.9846
146,10,0.6132,0.3868,CV,9.8573,9.9264,-9.655405777607871,-9.666264114431035,-0.74451,0.28379,354.2291
146,16,0.6194,0.3806,CV,2.3336,2.3421,-5.701885431067372,-5.713126262522923,0.14227,-0.05009,42.2249
146,15,0.5983,0.4017,CV,22.1205,21.9479,-11.032274467598908,-10.976217450656982,-3.78579,0.93771,253.4411
147,4,0.5898,0.4102,CV,33.8763,33.747,-25.661236208249864,-25.570280087089102,4.59788,-1.10062,256.1604
147,8,0.6114,0.3886,CV,4.2954,4.2869,-8.168869474441653,-8.149694947176913,0.27603,0.18479,8.3497
147,10,0.6162,0.3838,CV,9.0898,9.0925,-9.828706998733653,-9.835271383634659,-0.89919,-0.13708,352.9495
147,16,0.6194,0.3806,CV,0.9369,0.9446,-5.539679685330162,-5.550620640564807,0.0179,-0.01247,41.4317
147,15,0.5317,0.4683,CV,54.6504,54.4341,-35.922887952794625,-35.604977687966546,-8.31056,1.34067,254.1637
148,4,0.591,0.409,CV,17.5179,17.2966,-31.14170673332337,-31.077284974498113,4.3313,-1.38296,245.4391
148,8,0.61,0.39,CV,3.3383,3.3203,-6.646967519144047,-6.6301420928917345,0.2491,0.28624,8.5597
148,10,0.617,0.383,CV,6.3429,6.3004,-9.035077026566903,-9.040759586382281,-0.87542,-0.29705,357.3207
148,16,0.6192,0.3808,CV,0.2725,0.2723,-5.462240359426189,-5.472344884172722,0.02073,-0.02248,40.7232
148,15,0.5311,0.4689,CV,29.2301,28.7648,-23.39241990965455,-23.16930053711021,-9.86028,1.31655,261.2965
149,4,0.5867,0.4133,CV,18.2265,17.9939,-22.916916223130332,-22.83337983324185,5.23096,-1.36381,241.562
149,8,0.6088,0.3912,CV,4.7105,4.7039,-8.245620183971168,-8.22592518547339,0.11283,0.42727,8.254
149,10,0.6182,0.3818,CV,14.4759,14.526,-9.589621820083247,-9.599219218078916,0.25566,-0.45341,355.9454
149,16,0.619,0.381,CV,1.1304,1.1312,-5.413264787239755,-5.422956068849409,-0.00088,0.05801,39.9138
149,15,0.5277,0.4723,CV,26.8081,26.3207,-26.157999464957975,-25.922047332356577,-11.18229,2.08927,258.9259
150,4,0.5893,0.4107,CV,37.1416,37.1228,-17.515861254700976,-17.4492249354666,4.6317,0.30191,258.5247
150,8,0.6072,0.3928,CV,3.5567,3.5419,-8.401813852763581,-8.377173038443354,0.18702,0.38662,7.8965
150,10,0.6183,0.3817,CV,4.5971,4.5889,-12.064894388810842,-12.073217356493593,0.45072,-0.23162,361.322
150,16,0.6187,0.3813,CV,2.0873,2.0893,-5.514222864765976,-5.522986127198997,0.02638,0.05909,39.8978
151,4,0.5792,0.4208,CV,37.5722,37.3365,-14.998366780367753,-14.886194354978684,4.52183,1.09107,281.8996
151,8,0.5989,0.4011,CV,4.3824,4.3659,-8.46818747848359,-8.411316803335453,0.45779,0.24939,7.527
151,10,0.6176,0.3824,CV,10.4256,10.3989,-9.269986704048174,-9.274976754494109,0.79435,-0.58299,367.4885
151,16,0.6186,0.3814,CV,1.2665,1.2641,-5.456362267458448,-5.465104242732719,0.09944,0.04328,39.5167
152,4,0.5676,0.4324,CV,49.2629,48.9539,-23.051250379583138,-22.906532491652523,5.03295,1.71973,313.2681
152,8,0.6127,0.3873,CV,1.7651,1.7713,-5.494974441800425,-5.507699755059423,0.38542,0.14343,7.5872
152,10,0.6157,0.3843,CV,17.6364,17.5926,-9.987311974172108,-9.985206006070174,1.55576,-0.43998,377.6718
152,16,0.6186,0.3814,CV,0.4063,0.4012,-5.3879806546486995,-5.3969269946491565,0.06813,0.05004,39.1166
153,4,0.5842,0.4158,CV,26.5723,26.2343,-14.994660922632145,-14.934859988797768,4.93671,1.53121,327.9847
153,8,0.6074,0.3926,CV,3.4739,3.4602,-7.0954506384487335,-7.066077463315101,0.52387,-0.04815,7.5628
153,10,0.6184,0.3816,CV,10.3703,10.4543,-12.617378888406938,-12.629784969560275,0.33711,-0.22321,380.0914
153,16,0.6186,0.3814,CV,1.0486,1.0467,-5.4186407877792675,-5.427498764158872,0.06858,0.08212,38.6164
154,4,0.5951,0.4049,CV,24.71,24.484,-12.388904101182817,-12.349731848787195,4.71775,1.53197,332.7019
154,8,0.5913,0.4087,CV,5.285,5.2582,-9.64059916920959,-9.5515143638053,0.73999,-0.09415,7.6603
154,10,0.6181,0.3819,CV,7.4639,7.4464,-10.580083147687372,-10.587176157635161,0.50116,-0.15949,380.0418
154,16,0.6182,0.3818,CV,3.0524,3.0508,-5.636145006266664,-5.64322821425137,0.12483,0.03873,37.4242
155,4,0.6035,0.3965,CV,20.3919,20.2447,-10.376605444031913,-10.356697662137456,3.95974,1.72286,335.4966
155,8,0.5775,0.4225,CV,5.496,5.4542,-11.00337647896444,-10.881606807030627,0.93654,-0.10554,7.6271
155,10,0.6174,0.3826,CV,11.006,10.9736,-10.385610847631305,-10.3901334346672,0.46744,-0.33914,375.9345
155,16,0.6175,0.3825,CV,3.0337,3.0227,-5.565598233137743,-5.570550677892294,0.28279,0.04088,36.5456
156,4,0.61,0.39,CV,11.7585,11.6093,-9.784588864992894,-9.77935425309786,2.9732,1.6022,341.509
156,8,0.5631,0.4369,CV,5.8104,5.7649,-11.036675114736173,-10.875899326512972,1.13428,-0.22706,7.3596
156,10,0.6187,0.3813,CV,6.7237,6.7792,-10.64050300475386,-10.651745548797638,0.28126,0.04863,385.4154
156,16,0.6172,0.3828,CV,3.3145,3.3049,-5.838576519321247,-5.843192154279345,0.40716,0.0247,36.3721
157,4,0.6162,0.3838,CV,11.4697,11.5057,-9.831814907265109,-9.843094572659917,1.09477,1.51821,347.2742
157,8,0.5955,0.4045,CV,0.9887,0.9493,-2.761776050920056,-2.7554151818852652,0.79831,-0.2206,7.2617
157,10,0.618,0.382,CV,15.9087,15.9259,-13.56495618342298,-13.571095115484836,-0.88338,0.0517,394.8922
157,16,0.6178,0.3822,CV,1.854,1.842,-5.905658767977702,-5.913167376325388,0.32481,0.05853,36.2851
158,4,0.599,0.401,CV,41.0506,40.9736,-15.220643124839967,-15.15063913363051,4.39835,1.79237,351.4942
158,8,0.5905,0.4095,CV,3.8522,3.8197,-6.06109973570344,-5.986283165793257,0.88313,-0.25148,7.4503
158,10,0.6177,0.3823,CV,7.5768,7.5327,-9.840566671253955,-9.846604459107525,-0.99724,-0.0758,398.206
158,16,0.6183,0.3817,CV,1.0844,1.0743,-5.742051721469075,-5.750684263595317,0.21718,0.08971,36.0129
158,20,0.7,0.3,CV,18.1373,18.1373,-10.116601039429172,-10.116601039429172,0.0,0.0,147.644
159,4,0.5929,0.4071,CV,28.3229,28.0638,-11.989023415531467,-11.919336583914008,5.10433,2.25542,362.1198
159,8,0.5796,0.4204,CV,5.0574,5.0131,-7.689211533153387,-7.576841672552267,0.98316,-0.27335,7.8307
159,10,0.6178,0.3822,CV,12.9044,12.9109,-9.756756192497617,-9.763355507336037,-0.42547,-0.4466,391.5372
159,16,0.618,0.382,CV,1.9535,1.943,-5.647073859197747,-5.653959515557277,0.17773,0.15384,35.918
159,20,0.6341,0.3659,CV,33.6659,33.6659,-23.08544386285767,-23.038282361191747,-11.28288,0.36369,209.2517
159,21,0.7,0.3,CV,4.4698,4.4698,-8.576658029851808,-8.576658029851808,0.0,0.0,88.6329
160,4,0.5943,0.4057,CV,22.6655,22.3588,-11.384464565519218,-11.32922937587959,5.02109,2.49661,367.4981
160,8,0.5879,0.4121,CV,3.2996,3.244,-4.914294521917021,-4.852416955048629,0.89902,-0.20414,8.1412
160,10,0.6149,0.3851,CV,20.0955,20.059,-15.356491390360683,-15.351101100291945,0.34897,-0.91232,378.2405
160,16,0.6181,0.3819,CV,1.1517,1.1375,-5.529129010966514,-5.536765253663816,0.16024,0.13567,35.7781
160,20,0.5804,0.4196,CV,25.2852,24.9203,-20.80575394754363,-20.632431452083594,-19.75104,0.88126,336.4688
160,21,0.6445,0.3555,CV,11.4414,11.4414,-8.976819354457412,-8.974762910455372,-0.32676,-1.64467,125.8291
161,4,0.594,0.406,CV,24.3793,24.1214,-13.699526914407928,-13.641282817185866,4.89486,2.6161,360.4284
161,8,0.5999,0.4001,CV,2.2695,2.2297,-4.0063155103259165,-3.9817962887962555,0.76209,-0.1678,8.1025
161,10,0.6172,0.3828,CV,3.3427,3.2404,-15.083410007270798,-15.091669755285077,0.22379,-0.61391,375.4421
161,16,0.6177,0.3823,CV,2.4771,2.4686,-6.002752682995866,-6.008690693817161,0.10412,0.14551,36.2326
161,20,0.563,0.437,CV,17.9386,16.9979,-15.43734904997301,-15.27200445308842,-24.94185,-0.43329,462.0241
162,4,0.5976,0.4024,CV,18.1265,17.8695,-16.662819517872535,-16.619787728945056,4.31768,2.40447,351.5354
162,8,0.6118,0.3882,CV,0.4468,0.4259,-3.4824105442141264,-3.490108143133754,0.48997,-0.08716,8.2029
162,10,0.6181,0.3819,CV,4.1577,4.0866,-14.399453879625325,-14.408333432895093,0.063,-0.42046,370.8453
162,16,0.6158,0.3842,CV,5.2401,5.2256,-6.5872800040297,-6.5854260133921025,0.21694,0.19324,37.5091
162,20,0.5635,0.4365,CV,20.1788,19.5856,-11.23629545464876,-11.098677819543564,-25.67416,-5.98848,543.5557
163,4,0.6017,0.3983,CV,13.6276,13.3595,-15.447302591777778,-15.41608981238425,4.22684,1.79404,346.0821
163,8,0.6175,0.3825,CV,0.5967,0.6162,-4.517577511836665,-4.53201652751382,0.2574,-0.01798,8.2822
163,10,0.6169,0.3831,CV,10.475,10.4114,-16.49946674431209,-16.50196349768463,0.23165,-0.51881,358.0411
163,16,0.6167,0.3833,CV,2.8583,2.8485,-5.878641081486612,-5.883589262141742,0.29142,0.0767,37.8165
163,20,0.5866,0.4134,CV,9.6937,8.5938,-9.48075267961985,-9.436613089854507,-21.72454,-6.03922,575.4559
164,4,0.5872,0.4128,CV,28.5977,28.3705,-12.751644905144495,-12.654157455371646,6.08688,1.3795,342.0753
164,8,0.6188,0.3812,CV,1.1355,1.1414,-3.7315484976156954,-3.7427631154678656,0.10407,0.04942,8.4082
164,10,0.6195,0.3805,CV,8.7739,8.8523,-10.217763837460236,-10.232739318408017,0.00155,0.19144,357.2043
164,16,0.6174,0.3826,CV,3.1903,3.1909,-5.899932680718835,-5.906558458315253,0.29498,-0.03246,37.3549
164,20,0.5674,0.4326,CV,16.1386,15.1711,-9.76686218901992,-9.6104515697355,-22.34018,-6.51065,565.0115
165,4,0.6046,0.3954,CV,8.5,8.3157,-11.457911202159965,-11.45424990669352,4.52682,0.69916,341.6502
165,8,0.618,0.382,CV,2.3528,2.3557,-4.113210845786479,-4.119106692831636,-0.09234,0.12082,8.4769
165,10,0.6184,0.3816,CV,12.4356,12.4407,-9.496326046334962,-9.503024890813126,0.48523,0.67503,358.9999
165,16,0.6177,0.3823,CV,2.4907,2.4847,-5.79745868268383,-5.804214285923026,0.23617,-0.0689,36.952
165,20,0.5973,0.4027,CV,13.6337,13.4686,-9.33709928324725,-9.331830541860004,-13.60336,-6.24765,522.6581
166,4,0.6111,0.3889,CV,9.2551,9.1098,-11.980331096243113,-11.978098427941728,3.43058,0.02325,339.1283
166,8,0.6081,0.3919,CV,5.4774,5.4699,-8.119475142257812,-8.084968487708732,-0.42701,0.2176,8.5236
166,10,0.6172,0.3828,CV,10.5696,10.5235,-9.147194326345117,-9.150360029095328,0.69759,1.0044,354.4077
166,16,0.6183,0.3817,CV,1.7753,1.7737,-5.450269112270223,-5.459239657732795,0.07501,-0.07865,36.7367
166,20,0.6135,0.3865,CV,5.5793,5.208,-9.075486880895337,-9.094084643082367,-10.72981,-4.04213,476.4026
167,4,0.6115,0.3885,CV,12.1718,12.025,-15.737363182027053,-15.72747852663617,3.01188,-0.5011,331.8167
167,8,0.6055,0.3945,CV,3.4742,3.4476,-5.32105681389579,-5.290323215637288,-0.49904,0.22257,8.5855
167,10,0.6165,0.3835,CV,9.719,9.6531,-9.379093667246476,-9.381021125412648,0.68222,1.20255,350.8608
167,16,0.6189,0.3811,CV,0.8859,0.8899,-5.377455709227007,-5.387811728405455,-0.01317,-0.07771,36.8986
167,20,0.6243,0.3757,CV,16.9729,17.1548,-15.972836216584845,-16.013587464389083,-5.08566,-2.12052,446.1779
168,4,0.6089,0.3911,CV,17.4417,17.3021,-11.710960192755289,-11.689325067289893,3.12983,-0.55476,332.7629
168,8,0.6025,0.3975,CV,3.9154,3.8863,-5.522467721647091,-5.483015719476304,-0.58675,0.20526,8.7609
168,10,0.6167,0.3833,CV,9.3559,9.3107,-12.085015562706996,-12.088801871081492,0.19079,1.30683,346.4147
168,16,0.6188,0.3812,CV,1.3573,1.352,-5.47298585554347,-5.482390600585918,0.04096,-0.124,36.7655
168,20,0.6198,0.3802,CV,24.7804,24.873,-15.715911705596259,-15.721555267769508,-3.6287,0.16281,382.082
169,4,0.608,0.392,CV,16.1555,15.9879,-12.885633966938975,-12.864086580337457,3.10978,-0.78889,329.1389
169,8,0.6055,0.3945,CV,2.615,2.581,-4.270585325822525,-4.248203880364067,-0.55112,0.18317,8.8984
169,10,0.6165,0.3835,CV,9.0482,8.9843,-12.091327144569167,-12.093950083935345,0.35629,1.32616,340.7382
169,16,0.6183,0.3817,CV,2.4298,2.421,-5.498645571925823,-5.505898078687811,0.10941,-0.19064,36.2147
169,20,0.6195,0.3805,CV,9.7136,9.6971,-22.103661622970495,-22.114316211785997,-1.67196,1.35562,342.5082
170,4,0.6096,0.3904,CV,12.5768,12.4126,-11.943884458765234,-11.930623219301205,2.77594,-0.91634,324.4184
170,8,0.6091,0.3909,CV,2.0008,1.9696,-3.8644669658777384,-3.8526557723891295,-0.48373,0.16141,8.9986
170,10,0.6133,0.3867,CV,21.0754,21.0385,-10.662171821474077,-10.651946342876432,1.61327,1.12196,329.7726
170,16,0.6183,0.3817,CV,1.7393,1.7257,-5.3061416481379595,-5.314002845122202,0.1598,-0.16158,35.6834
171,4,0.6103,0.3897,CV,12.9458,12.7924,-11.384793639743965,-11.371728541946919,2.60219,-1.01209,322.4485
171,8,0.6076,0.3924,CV,3.0748,3.0475,-5.402159415433029,-5.378617971749021,-0.52573,0.17073,9.0937
171,10,0.612,0.388,CV,14.5969,14.4917,-9.651543425638765,-9.640401407963235,1.98345,1.27105,325.1346
171,16,0.6191,0.3809,CV,1.5824,1.5963,-5.339869456659153,-5.351382583471639,0.08381,-0.01488,35.7213
172,4,0.6116,0.3884,CV,11.3369,11.1922,-10.107887262403011,-10.09958489003087,2.3351,-1.00442,322.9769
172,8,0.6101,0.3899,CV,2.1024,2.0739,-4.0865716296490575,-4.075615493409833,-0.46304,0.17692,9.2855
172,10,0.612,0.388,CV,12.2713,12.1427,-9.379833878708423,-9.370515504438819,2.06504,1.26039,319.8545
172,16,0.6186,0.3814,CV,2.6772,2.6781,-5.5713219791777755,-5.579504448776865,0.05382,-0.05966,36.2248
173,4,0.6155,0.3845,CV,7.4753,7.4444,-8.971377484043543,-8.977580312632156,1.41846,-0.7796,327.9504
173,8,0.6091,0.3909,CV,2.8671,2.8402,-4.60546475370638,-4.586695846730368,-0.49011,0.1808,9.4259
173,10,0.6136,0.3864,CV,9.2447,9.1259,-9.328887451241872,-9.326278350695146,1.94753,0.98703,316.2398
173,16,0.6182,0.3818,CV,2.8813,2.8792,-5.6440840747617536,-5.651161778035379,0.22154,-0.05969,35.9565
174,4,0.612,0.388,CV,19.7018,19.6121,-14.286138331501654,-14.271683276363056,2.13251,-0.83344,331.7225
174,8,0.6104,0.3896,CV,2.4548,2.4307,-5.802764038986119,-5.791253116956055,-0.41877,0.24843,9.5273
174,10,0.6179,0.3821,CV,9.7309,9.7945,-15.487465136377665,-15.500607384780581,0.64054,0.79737,316.7948
174,16,0.6185,0.3815,CV,0.9645,0.9658,-5.364064977948532,-5.373273006663692,0.15118,-0.00241,35.5128
174,22,0.7,0.3,CV,7.9241,7.9241,-8.847368569678784,-8.847368569678784,0.0,0.0,167.3747
174,23,0.7,0.3,CV,1.5117,1.5117,-3.4446060464664283,-3.4446060464664283,0.0,0.0,3.1424
175,4,0.6147,0.3853,CV,6.5839,6.4679,-9.547902646326461,-9.549989756189241,1.70923,-0.6105,331.8056
175,8,0.6107,0.3893,CV,2.9444,2.925,-5.694214149270095,-5.681882201644059,-0.33543,0.32544,9.8291
175,10,0.6173,0.3827,CV,14.2677,14.2719,-24.33521219845011,-24.339696417110396,-0.39252,1.09198,309.4649
175,16,0.6187,0.3813,CV,1.6977,1.7039,-5.396403718130657,-5.40597300497294,0.00019,0.07504,35.3007
175,22,0.6467,0.3533,CV,10.1572,10.1572,-9.176254616888546,-9.18362015669833,1.98951,-4.33193,223.4832
175,23,0.6472,0.3528,CV,1.2475,1.2475,-4.255180834372917,-4.264721661062828,0.58905,-1e-05,4.3299
176,4,0.616,0.384,CV,6.1022,6.0077,-9.376467562779562,-9.380108041943622,1.41825,-0.40327,335.1155
176,8,0.6097,0.3903,CV,3.6066,3.5895,-5.609829484256448,-5.592624679082564,-0.27241,0.41448,9.7087
176,10,0.615,0.385,CV,19.4529,19.4351,-20.590324263601282,-20.58585856599447,0.54418,1.39428,314.7505
176,16,0.6187,0.3813,CV,0.9236,0.9218,-5.375599095517209,-5.384744096927226,0.01728,0.08555,35.3677
176,22,0.6321,0.3679,CV,9.38,9.2483,-10.35065214951484,-10.375272723426512,4.14614,-10.40466,324.8118
176,23,0.642,0.358,CV,0.5392,0.5252,-1.8549254453332193,-1.9215632853857325,0.67513,0.31832,6.2684
177,4,0.6167,0.3833,CV,6.8896,6.8284,-9.048854424757486,-9.053577970020424,1.20812,-0.09814,341.2909
177,8,0.6085,0.3915,CV,3.3899,3.3714,-5.315245615502457,-5.294822427353772,-0.2262,0.41016,9.3661
177,10,0.6149,0.3851,CV,16.1233,16.098,-16.91039691342054,-16.908905730178247,0.90253,1.41403,303.1398
177,16,0.6186,0.3814,CV,1.5662,1.5629,-5.495237713764265,-5.503776104571135,-0.02934,0.14796,35.1539
177,22,0.6202,0.3798,CV,12.6545,12.4419,-9.521720992706074,-9.517340574574282,8.70839,-9.96817,405.9952
177,23,0.645,0.355,CV,1.4455,1.4771,-2.875893061020946,-2.9633873984952874,-0.80819,-0.0492,7.3445
178,4,0.6168,0.3832,CV,9.1937,9.1489,-9.17325591769195,-9.177426816625829,1.23842,0.13742,341.3882
178,8,0.6078,0.3922,CV,2.689,2.6638,-6.511940434584105,-6.490040141647242,-0.1978,0.3917,9.0616
178,10,0.5972,0.4028,CV,60.5311,60.567,-41.74512565427687,-41.66946805452787,-3.52306,1.5621,309.5243
178,16,0.6186,0.3814,CV,0.9889,0.9852,-5.327153642209077,-5.336058266198026,0.01818,0.12939,35.1848
178,22,0.6062,0.3938,CV,11.4953,10.7893,-9.696201949997715,-9.65035631424402,10.32963,-11.13649,447.4196
178,23,0.6459,0.3541,CV,0.4187,0.3749,-2.0760980796397894,-2.1633252139978763,-0.68876,-0.08046,7.5834
179,4,0.6136,0.3864,CV,19.8265,19.7618,-10.307854928949679,-10.298032413090626,2.06362,0.29044,339.9047
179,8,0.6113,0.3887,CV,1.9608,1.9435,-5.430760622759175,-5.4249586891221195,-0.31192,0.26424,8.8983
179,10,0.6017,0.3983,CV,18.3134,18.1068,-30.969284435716915,-30.938769080591875,-3.33602,1.18845,317.4947
179,16,0.6188,0.3812,CV,1.2603,1.2644,-5.306295904008116,-5.31591635741635,-0.02205,0.05072,34.7827
179,22,0.5646,0.4354,CV,20.0662,19.3947,-15.23642743943056,-15.039813919669726,15.6116,-10.77966,465.9037
179,23,0.6434,0.3566,CV,0.7366,0.7538,-2.0181615008638616,-2.092907130747035,-0.37702,0.09969,7.3952
180,4,0.6062,0.3938,CV,29.0706,28.9595,-15.928522578240665,-15.892374282915135,3.32014,0.45722,344.4557
180,8,0.6092,0.3908,CV,2.4633,2.4396,-7.107361967918269,-7.087077055104559,-0.41644,0.25159,8.6449
180,10,0.6039,0.3961,CV,20.6613,20.4858,-16.463654433046162,-16.43558769185603,-3.0947,0.93009,330.8874
180,16,0.6187,0.3813,CV,1.1667,1.1641,-5.355808908020155,-5.364999578936788,0.02676,0.05241,34.3271
180,22,0.5785,0.4215,CV,11.6991,10.8799,-16.457156982738837,-16.378087645845362,14.26362,-9.34609,461.6172
181,4,0.6169,0.3831,CV,11.9708,12.1275,-12.761065885625474,-12.780938836442811,1.25213,0.38658,353.8267
181,8,0.6094,0.3906,CV,2.178,2.1544,-6.26096664180406,-6.2448721527021664,-0.46592,0.18628,8.4189
181,10,0.604,0.396,CV,23.5597,23.3875,-12.44406046824867,-12.412974821909181,-3.4064,0.42839,339.4082
181,16,0.6185,0.3815,CV,2.9309,2.934,-5.840161058689869,-5.8482555543563075,0.03023,0.13904,34.8513
181,22,0.5851,0.4149,CV,10.4373,9.6371,-14.28934547010435,-14.21752706598483,12.97259,-7.85752,444.3175
182,4,0.6185,0.3815,CV,17.2871,17.3539,-18.4046365587055,-18.415509707699282,-0.43181,0.37461,352.8962
182,8,0.615,0.385,CV,1.1048,1.0961,-3.8459693284022913,-3.853081661976988,-0.34009,0.1186,8.2938
182,10,0.6134,0.3866,CV,8.9046,8.9278,-10.970482619848445,-10.979090009398197,-2.07992,-0.29689,343.4018
182,16,0.6181,0.3819,CV,2.6142,2.6098,-5.635319042842676,-5.642135622887788,-0.10979,0.12257,35.3243
182,22,0.6214,0.3786,CV,11.0105,11.3928,-16.10833980032255,-16.178393334976008,6.41182,-3.27835,428.4205
183,4,0.6168,0.3832,CV,14.9176,14.8925,-31.751503903283147,-31.753036723630334,-1.29577,0.37219,356.9569
183,8,0.6148,0.3852,CV,1.559,1.5421,-3.9777088670130856,-3.9756912137169067,-0.32711,0.0744,8.1282
183,10,0.6174,0.3826,CV,17.2832,17.3544,-19.084428194529952,-19.095716002345647,-0.4949,-0.89795,339.2218
183,16,0.6183,0.3817,CV,1.3155,1.3112,-5.514695598161144,-5.52287131034136,-0.14933,0.06473,35.2692
183,22,0.6184,0.3816,CV,7.7625,7.5308,-13.674233587940806,-13.67814076694009,5.2536,-1.96598,401.2659
184,4,0.6113,0.3887,CV,26.8162,26.7456,-38.066248685868054,-38.0470383613943,-2.53713,0.34416,367.2207
184,8,0.6186,0.3814,CV,1.4282,1.4401,-4.632977538087312,-4.647311216908505,-0.11351,0.0387,8.0436
184,10,0.5902,0.4098,CV,60.685,60.6507,-49.7583037258215,-49.650244379764075,-5.01123,-1.21528,341.1734
184,16,0.6185,0.3815,CV,1.4844,1.4878,-5.387336836365795,-5.396351307880368,-0.1098,0.03492,34.8492
184,22,0.6056,0.3944,CV,17.6776,17.4488,-13.293812012201082,-13.248334024823402,5.72747,-1.35499,383.115
185,4,0.5954,0.4046,CV,52.0778,52.0598,-38.105968561011196,-38.02848071085036,-2.93051,-1.44729,327.4976
185,8,0.6188,0.3812,CV,0.7927,0.795,-4.160676583721807,-4.17045636948889,-0.02888,-0.0038,7.9321
185,10,0.6053,0.3947,CV,18.7759,18.7229,-40.403079320494776,-40.39786284364477,-3.54215,-0.73645,363.5717
185,16,0.6186,0.3814,CV,0.6541,0.6492,-5.272609874342319,-5.281583904950709,-0.10865,0.01918,34.9055
185,22,0.6057,0.3943,CV,13.0861,12.8402,-16.104494764318556,-16.078003112194516,5.08752,-0.97479,361.7011
186,8,0.6164,0.3836,CV,2.6089,2.6062,-4.398110342387468,-4.397143676150597,-0.17725,0.03466,7.9121
186,10,0.6125,0.3875,CV,24.3216,24.3476,-36.66959891060076,-36.67231799442387,-1.55082,-0.20235,394.3913
186,16,0.6187,0.3813,CV,0.6677,0.6664,-5.3359536465471615,-5.345286377082318,-0.06742,0.05748,34.9911
186,22,0.6065,0.3935,CV,11.8504,11.624,-16.371609142250634,-16.348736845491537,4.4268,-0.88133,341.7464
187,8,0.6172,0.3828,CV,0.8923,0.8865,-3.9526370729433085,-3.958977650471193,-0.14867,0.05365,7.7756
187,10,0.6142,0.3858,CV,23.7918,23.7824,-33.72422699926379,-33.72358712457642,0.08686,0.04222,420.9857
187,16,0.618,0.382,CV,3.2044,3.202,-5.7585332955573625,-5.7648015567417765,-0.11831,0.11493,35.8148
187,22,0.609,0.391,CV,10.0178,9.8194,-13.206911940437202,-13.192998556100271,3.71483,-0.44229,330.3156
188,8,0.6133,0.3867,CV,3.8341,3.8285,-7.3213750254926016,-7.309723150339391,-0.16771,0.11887,8.1319
188,10,0.615,0.385,CV,42.3017,42.3859,-26.725692299839118,-26.7259380912789,1.35679,-1.08849,395.2134
188,16,0.6183,0.3817,CV,0.9742,0.9676,-5.536366921717965,-5.544693098538285,-0.12757,0.04968,36.1048
188,22,0.612,0.388,CV,8.1417,7.9801,-11.983498985313172,-11.978772846246873,2.92279,-0.06829,320.9081
189,8,0.5986,0.4014,CV,8.2958,8.2794,-16.765485099786844,-16.69809968551832,-0.38415,0.265,8.8947
189,10,0.6047,0.3953,CV,34.8345,34.7448,-20.853852794189347,-20.809519840590895,2.45725,-1.84415,376.3198
189,16,0.6186,0.3814,CV,2.3173,2.3262,-5.611979176065849,-5.621387674448128,-0.03336,-0.02743,35.6041
189,22,0.6154,0.3846,CV,4.6434,4.5369,-9.159656505560992,-9.164509546158449,2.01494,0.0997,314.2599
190,8,0.6012,0.3988,CV,5.0231,4.9982,-9.470154475971132,-9.435485194695437,-0.40401,0.35295,9.0347
190,10,0.6043,0.3957,CV,18.928,18.7382,-15.95589681952401,-15.924904180302978,3.28083,-1.72517,375.9322
190,16,0.618,0.382,CV,3.2212,3.2173,-5.699856199761205,-5.705947773150115,-0.18089,-0.08836,35.0704
190,22,0.6153,0.3847,CV,8.3061,8.2089,-8.723947723409053,-8.723483935183898,1.78885,0.25824,307.3583
191,8,0.6017,0.3983,CV,5.0655,5.0428,-10.625715708273834,-10.589204519207204,-0.36154,0.48639,9.0372
191,10,0.6003,0.3997,CV,20.4609,20.2286,-13.785911824714908,-13.73901707621549,3.85698,-1.87773,368.7402
191,16,0.6182,0.3818,CV,1.8001,1.7917,-5.601818583096746,-5.609799981591728,-0.23933,-0.02714,35.1001
191,22,0.616,0.384,CV,6.6567,6.5785,-10.227209802810037,-10.23008454912542,1.45391,0.36266,300.4983
192,8,0.595,0.405,CV,6.1398,6.1077,-15.416364822015034,-15.351180072594477,-0.49415,0.59904,9.5445
192,10,0.5971,0.4029,CV,18.8746,18.6085,-12.295484707601428,-12.241105058832925,4.3309,-1.82103,357.0671
192,16,0.6182,0.3818,CV,1.8589,1.8467,-5.679484068948848,-5.687064927788244,-0.25909,0.04274,34.9234
192,22,0.6161,0.3839,CV,7.978,7.911,-8.678788847050047,-8.680764426698019,1.2622,0.58466,295.92
193,8,0.5953,0.4047,CV,4.8733,4.8307,-7.385145435067999,-7.3312943524978635,-0.55519,0.62341,10.0095
193,10,0.5969,0.4031,CV,15.7944,15.5101,-10.330201806046922,-10.279919811658987,4.45225,-1.45085,341.7566
193,16,0.6183,0.3817,CV,1.6619,1.6506,-5.832948244711176,-5.841122454885425,-0.20897,0.0172,34.3501
193,22,0.6154,0.3846,CV,10.1061,10.0364,-8.842315406606374,-8.841378640632463,1.331,0.65633,290.0398
194,8,0.6063,0.3937,CV,2.0161,1.9816,-4.486565123278402,-4.47788976133477,-0.46693,0.45139,10.2372
194,10,0.6086,0.3914,CV,18.8075,18.8206,-11.393993455158043,-11.392665266425974,3.84024,0.28867,339.594
194,16,0.6186,0.3814,CV,1.9936,1.9956,-5.434200265280742,-5.443630289546395,-0.20246,0.02959,34.5731
194,22,0.6127,0.3873,CV,17.3966,17.3429,-11.64645585777776,-11.635189976647915,1.24501,0.98776,275.6084
195,8,0.6112,0.3888,CV,4.0456,4.0452,-7.4600812046457206,-7.456040913701978,-0.24173,0.3315,9.9047
195,10,0.6031,0.3969,CV,19.1444,18.9949,-10.258903889993416,-10.217281482913346,3.88634,0.20897,313.8587
195,16,0.6186,0.3814,CV,1.7463,1.7458,-5.550117801699225,-5.559093434920581,-0.10658,0.09133,34.8369
195,22,0.6162,0.3838,CV,3.9463,3.8897,-9.570730829295567,-9.578066699099443,0.72382,0.90173,270.7089
196,8,0.6112,0.3888,CV,3.7516,3.7475,-8.61078722999695,-8.59913255001882,-0.01335,0.0485,9.572
196,16,0.6178,0.3822,CV,2.9385,2.9299,-5.861483480426147,-5.866770054353246,-0.10867,0.13847,35.4458
196,22,0.6165,0.3835,CV,8.1139,8.0651,-9.425345281304702,-9.428842046161456,0.53736,1.16663,267.6379
196,10,0.5922,0.4078,CV,20.2488,20.0653,-10.913105949401317,-10.834273724186167,3.90065,1.19557,285.4268
197,8,0.6126,0.3874,CV,3.2834,3.2828,-6.161917560806735,-6.156295353336484,0.29766,-0.19748,9.5715
197,16,0.6186,0.3814,CV,1.3853,1.4011,-5.54212935915691,-5.552281750038775,-0.04226,0.03873,35.1315
197,22,0.6152,0.3848,CV,10.3176,10.2458,-8.7795318064085,-8.77713623462042,0.56813,1.43119,261.6399
198,8,0.6075,0.3925,CV,3.5531,3.5352,-5.204073052932243,-5.175194416157259,0.37476,-0.44808,9.5368
198,16,0.6185,0.3815,CV,0.9623,0.9587,-5.44123943873748,-5.449579255810561,-0.02253,0.0437,35.3576
198,22,0.6078,0.3922,CV,25.4718,25.4291,-18.63778238118572,-18.606227313722684,2.25275,1.07939,252.2715
199,8,0.6007,0.3993,CV,5.0278,5.009,-9.24438491819442,-9.19449129607361,0.35452,-0.62706,9.8499
199,16,0.6179,0.3821,CV,4.8325,4.8383,-6.2122376118864455,-6.218184970385251,0.02997,-0.09518,34.1422
199,22,0.614,0.386,CV,2.9887,2.8516,-9.704392567481353,-9.709746671339392,1.55065,0.76147,246.5976
199,27,0.7,0.3,CV,13.7739,13.7739,-12.510507659881808,-12.510507659881808,0.0,0.0,64.7274
200,8,0.602,0.398,CV,3.4832,3.4481,-6.781507832456224,-6.747121241888326,0.21659,-0.64595,10.0105
200,16,0.6189,0.3811,CV,2.3057,2.3201,-5.472520001007815,-5.483536726766699,-0.02583,-0.00089,34.542
200,22,0.6187,0.3813,CV,12.7794,12.8558,-9.865759673565757,-9.881795240930131,-0.10527,0.3474,239.8658
200,27,0.6239,0.3761,CV,26.25,26.25,-37.47091906699237,-37.37976868469415,11.16427,-0.36826,92.0611
200,28,0.7,0.3,CV,15.2967,15.2967,-10.666236061661788,-10.666236061661788,0.0,0.0,172.3977
201,8,0.6009,0.3991,CV,3.7819,3.7459,-6.0295491481015,-5.988385470272849,0.19005,-0.69031,9.9335
201,16,0.6173,0.3827,CV,5.127,5.1264,-6.708726884750273,-6.7118196761810385,-0.17336,0.19544,35.6652
201,22,0.6169,0.3831,CV,12.8739,12.8669,-9.015063168579571,-9.016638184396086,-1.07534,0.32585,235.0854
201,27,0.5228,0.4772,CV,19.0902,18.8125,-21.039682526535085,-20.64847889184709,22.90404,-1.6573,150.9673
201,28,0.5802,0.4198,CV,74.7327,74.7327,-121.2990020801721,-121.02550395555527,30.48517,0.1003,238.516
202,8,0.5993,0.4007,CV,4.0074,3.9722,-8.06919979963413,-8.023333978488658,0.09136,-0.74829,9.9215
202,16,0.6186,0.3814,CV,4.5489,4.5669,-6.3208281411840925,-6.331635290768595,-0.02435,0.01515,34.4684
202,22,0.6123,0.3877,CV,20.924,20.8924,-12.69538109677379,-12.679952039081499,-1.63703,0.32147,241.4248
202,27,0.363,0.637,CA,17.3693,16.5213,-29.878275305727193,-28.980718059968048,35.75648,-7.11468,234.6674
202,28,0.4761,0.5239,CA,28.0808,27.2004,-75.26685910126983,-74.7530368706964,47.93634,-3.16219,430.2094
203,8,0.6049,0.3951,CV,2.2986,2.2588,-5.008943404851296,-4.988716208433737,0.09471,-0.64907,10.0505
203,16,0.6142,0.3858,CV,7.1737,7.1682,-7.8396592735965385,-7.829715701585765,0.23138,-0.2057,32.5178
203,22,0.6116,0.3884,CV,13.701,13.6073,-10.5322511675794,-10.521066897076448,-1.8605,0.14158,240.3776
203,27,0.5294,0.4706,CV,3.4635,2.2626,-20.482391070084038,-20.49176079240469,32.09588,-6.62378,270.1446
203,28,0.4846,0.5154,CA,15.91,13.9402,-53.855674864494055,-53.52603638160918,56.38889,-3.46866,647.5947
204,8,0.6087,0.3913,CV,2.6437,2.6207,-6.086610935585179,-6.073703423979438,0.21841,-0.52983,10.017
204,16,0.6051,0.3949,CV,7.2023,7.1696,-7.734880828208793,-7.693637269680978,0.28392,-0.48397,30.4326
204,22,0.6141,0.3859,CV,9.1072,9.0487,-9.620912488535094,-9.620829132274201,-1.58709,-0.14565,234.6443
204,27,0.541,0.459,CV,11.538,11.117,-10.953720336993715,-10.773736222301547,29.67306,-2.27463,268.928
204,28,0.5801,0.4199,CV,5.2602,3.1627,-39.327159572263284,-39.37004134400836,44.59045,-1.50127,743.3206
205,8,0.6133,0.3867,CV,1.1665,1.1409,-3.651197608642879,-3.652260825825537,0.12432,-0.41656,9.9871
205,22,0.6161,0.3839,CV,5.4433,5.4,-9.748913959085483,-9.754099425237548,-1.11661,-0.33189,235.8591
205,27,0.5413,0.4587,CV,12.3627,11.8038,-9.769845495471877,-9.574014987768093,24.61161,1.30016,264.4208
205,28,0.6455,0.3545,CV,5.2548,6.7372,-33.87571186985976,-34.05672930463464,19.55132,0.14444,718.098
206,8,0.6113,0.3887,CV,3.5148,3.5044,-6.8674992695724795,-6.853565945290069,0.22482,-0.34038,9.5382
206,22,0.6165,0.3835,CV,6.3588,6.2984,-9.163051170122367,-9.166481783480947,-0.99568,-0.41763,238.0142
206,27,0.6038,0.3962,CV,2.9474,2.7156,-10.784400442856244,-10.844114035399754,16.22087,1.78082,246.1253
206,28,0.6417,0.3583,CV,7.2666,7.2489,-27.630987407808803,-27.698918378467255,9.83855,0.01049,657.2628
207,8,0.6133,0.3867,CV,1.4538,1.4299,-4.7855585451009315,-4.782724086494317,0.2229,-0.28436,9.3097
207,22,0.6151,0.3849,CV,11.8365,11.7824,-8.954563089404703,-8.951794978762056,-1.28816,-0.63131,236.8625
207,27,0.5975,0.4025,CV,9.1693,8.7861,-9.296260046821818,-9.238243004292212,12.61917,2.24176,234.1321
207,28,0.6313,0.3687,CV,7.3624,7.1058,-22.966608743788072,-22.99546179680351,6.06499,-0.23644,602.6475
208,8,0.614,0.386,CV,2.4548,2.4466,-4.0935458107901255,-4.090581019532499,0.30991,-0.23964,9.3416
208,22,0.6166,0.3834,CV,5.2039,5.1572,-8.651715244059746,-8.657199654580173,-0.86691,-0.64799,239.428
208,27,0.609,0.391,CV,7.1609,6.9359,-11.969280756591605,-11.968802193719291,9.07916,2.31636,216.7373
208,28,0.6259,0.3741,CV,4.4108,4.0978,-18.93653968781618,-18.957443849213615,4.2271,-0.23484,556.9966
209,8,0.6152,0.3848,CV,1.2348,1.2139,-5.588205083343255,-5.5896879507721025,0.26898,-0.20243,9.1772
209,22,0.6172,0.3828,CV,6.9138,6.8909,-8.680234702307125,-8.686258269727055,-0.63259,-0.67676,236.6833
209,27,0.6224,0.3776,CV,1.7739,1.8983,-9.408195784809063,-9.447403514474095,4.94956,1.51844,202.7613
209,28,0.6235,0.3765,CV,12.0854,12.1094,-14.452770699876268,-14.471458060963906,3.70051,-0.40786,506.0572
210,8,0.6162,0.3838,CV,1.2715,1.2588,-4.145242700393443,-4.148865469114051,0.20218,-0.19383,9.1029
210,22,0.618,0.382,CV,4.4917,4.478,-9.176741936087705,-9.18502786810298,-0.29726,-0.50631,233.6886
210,27,0.623,0.377,CV,1.3685,1.2214,-9.405128693588235,-9.427168271311565,3.15057,0.89498,190.3569
210,28,0.6169,0.3831,CV,15.7892,15.7105,-12.550421928798857,-12.54488685704143,3.47276,-0.76328,458.9893
210,16,0.5,0.5,CA,23.2622,23.2715,-14.04733367217472,-14.012120433660172,-0.17709,0.38037,35.6465
211,8,0.6146,0.3854,CV,2.2269,2.2149,-4.594919797209515,-4.59061090593287,0.25206,-0.19506,8.8114
211,22,0.6187,0.3813,CV,2.3667,2.3838,-12.37267268291276,-12.38285197528952,-0.08236,-0.35687,235.0661
211,27,0.6165,0.3835,CV,12.6942,12.6616,-11.410378388839094,-11.403660948088254,2.93768,0.68914,171.827
211,28,0.617,0.383,CV,7.8707,7.7613,-9.952085023058984,-9.956523716057411,2.40799,-0.67493,420.6442
211,16,0.5738,0.4262,CV,3.4685,3.4264,-6.1774110626072005,-6.172672188650605,-0.15109,0.35883,32.0571
212,8,0.6163,0.3837,CV,0.9325,0.9191,-3.2207551688928913,-3.2257048815601213,0.19804,-0.16106,8.7053
212,22,0.6187,0.3813,CV,3.1326,3.124,-11.609166591218973,-11.61828969719922,-0.19378,-0.32117,236.7026
212,27,0.6139,0.3861,CV,7.1742,7.0766,-10.68648163865359,-10.678417338187678,2.41971,0.55893,157.6326
212,28,0.62,0.38,CV,3.1127,3.231,-9.16358938833508,-9.180961180332693,1.22606,-0.36651,394.4745
212,16,0.6033,0.3967,CV,4.1488,4.1732,-6.2161974713229435,-6.226338044201759,-0.1909,0.16954,30.8833
213,8,0.6168,0.3832,CV,1.1528,1.1424,-3.6363410434151198,-3.640948567395983,0.13795,-0.17789,8.6103
213,22,0.6174,0.3826,CV,11.7329,11.7261,-12.935902964719745,-12.939695323710538,-0.67523,-0.06343,242.7795
213,27,0.6142,0.3858,CV,4.6504,4.5351,-8.507016210066254,-8.50435673161408,2.02075,0.36137,146.0964
213,28,0.6193,0.3807,CV,6.1087,6.1021,-10.787198685987084,-10.797031883166264,0.97519,-0.27467,376.1853
213,16,0.6111,0.3889,CV,4.0432,4.0273,-6.043384505549033,-6.043179498114245,-0.21563,0.21161,32.3906
214,8,0.6168,0.3832,CV,1.2391,1.229,-3.60412398073934,-3.6080974961641736,0.09066,-0.19439,8.5006
214,22,0.6156,0.3844,CV,20.4141,20.428,-12.734130945946497,-12.731798569724017,-0.77578,-0.70821,230.1323
214,27,0.6152,0.3848,CV,5.9522,5.9053,-7.263526276593849,-7.264658098034348,1.68359,0.49339,139.4573
214,28,0.6157,0.3843,CV,16.8462,16.8069,-18.359137295659814,-18.354488752187606,1.42668,-0.05726,370.027
214,16,0.6162,0.3838,CV,3.1548,3.1739,-5.877419330938886,-5.887307648721669,-0.11663,0.04943,32.8272
215,8,0.6172,0.3828,CV,1.0413,1.033,-3.181732642717285,-3.1874264475729817,0.05754,-0.17892,8.3021
215,22,0.6031,0.3969,CV,25.7147,25.6547,-14.327106418492953,-14.275350022199039,-0.59264,-1.5848,212.0824
215,27,0.6171,0.3829,CV,3.9557,3.9263,-7.037073716994358,-7.04458530315024,1.09573,0.40127,130.5456
215,28,0.6158,0.3842,CV,8.072,7.9883,-16.37168463413083,-16.373081630520627,1.13362,-0.00083,365.679
215,16,0.6152,0.3848,CV,7.4478,7.4508,-7.383635008183742,-7.381813548832734,0.09947,-0.19733,31.883
216,8,0.6136,0.3864,CV,3.1284,3.1228,-5.621032686283278,-5.610691940204742,0.03649,-0.21723,7.7733
216,22,0.6147,0.3853,CV,7.0886,7.1315,-8.247026627295503,-8.262179622082346,-1.01452,-0.93461,209.7545
216,27,0.6185,0.3815,CV,5.9385,5.9599,-7.608002772423598,-7.6187316674448,0.48905,0.41172,127.2105
216,28,0.6172,0.3828,CV,0.9204,0.853,-14.260001182525123,-14.267027074908633,0.72279,-0.00335,359.6047
216,16,0.6126,0.3874,CV,5.6929,5.6675,-6.586629187065579,-6.574914456795669,0.19683,-0.39841,31.453
217,8,0.6172,0.3828,CV,0.3794,0.3724,-2.695321238086089,-2.705592944579035,0.02192,-0.16249,7.5769
217,22,0.6133,0.3867,CV,11.7798,11.7248,-8.735221762179766,-8.727322390381318,-1.8074,-0.57599,204.3155
217,27,0.6189,0.3811,CV,3.7484,3.7716,-7.103726596120738,-7.114103671834946,0.01489,0.2588,123.0705
217,28,0.618,0.382,CV,2.4239,2.4719,-13.248695834382007,-13.256922481653623,0.31699,7e-05,355.3254
217,16,0.6104,0.3896,CV,5.107,5.0686,-7.168626125130701,-7.1519192212854925,0.05164,-0.49038,30.8687
218,8,0.6187,0.3813,CV,1.0445,1.0477,-4.370221867209143,-4.381588898612984,0.01266,-0.13126,7.4934
218,22,0.611,0.389,CV,11.3582,11.264,-9.074657437096707,-9.05914864960484,-2.17951,-0.27661,197.2153
218,27,0.6185,0.3815,CV,3.2542,3.253,-7.078392362900235,-7.0861851556867546,-0.21116,0.15683,119.9816
218,28,0.6181,0.3819,CV,4.095,4.1042,-13.047921670343788,-13.055629362363739,0.18073,0.18194,352.4697
218,16,0.6127,0.3873,CV,2.8655,2.8182,-6.269464967464163,-6.26545920380333,-0.04622,-0.48662,30.4752
219,8,0.6176,0.3824,CV,1.6271,1.6233,-3.2821146809698356,-3.2864530446537965,0.11104,-0.1365,7.3552
219,22,0.6034,0.3966,CV,19.9602,19.8747,-11.280382719553714,-11.23648977082699,-2.79572,0.17823,196.7711
219,27,0.6175,0.3825,CV,6.1015,6.0906,-7.46187649222153,-7.466117891276819,-0.45186,0.21977,116.3399
219,28,0.6181,0.3819,CV,2.8178,2.8057,-13.4509661237711,-13.458554606119035,0.26501,0.1701,353.865
219,16,0.6169,0.3831,CV,0.7873,0.742,-5.625597771345609,-5.636018826174076,-0.03576,-0.34231,30.128
219,30,0.7,0.3,CV,20.7309,20.7309,-11.473124041244215,-11.473124041244215,0.0,0.0,75.3478
220,8,0.6178,0.3822,CV,0.7085,0.6991,-2.8288969517118208,-2.835677356223481,0.09482,-0.11661,7.2058
220,22,0.597,0.403,CV,19.5386,19.3817,-11.418793316895396,-11.359292911762639,-3.25837,0.31887,194.7137
220,27,0.6166,0.3834,CV,6.6522,6.634,-7.607919114705328,-7.610136369387226,-0.48879,0.12582,111.47
220,28,0.6181,0.3819,CV,5.1464,5.1333,-14.423768308554859,-14.431058116613972,0.37079,0.25364,353.7402
220,16,0.6196,0.3804,CV,2.6195,2.6388,-5.179470510128336,-5.194968973861797,0.17542,-0.13897,30.0173
221,8,0.6178,0.3822,CV,0.7435,0.7365,-2.8353337276002333,-2.842219587572772,0.05929,-0.11891,7.0729
221,22,0.5979,0.4021,CV,15.2867,15.1095,-12.17726210729688,-12.131122636829485,-3.28984,0.28125,190.7546
221,27,0.6175,0.3825,CV,2.6177,2.5933,-6.911040031279985,-6.918164756338382,-0.31105,0.2157,108.7229
221,28,0.617,0.383,CV,14.1224,14.1085,-11.917377312744946,-11.920194398364789,0.4145,0.21785,343.2735
221,16,0.6185,0.3815,CV,5.0537,5.0643,-6.178218961593827,-6.185101020136994,0.11717,0.08172,30.7505
222,8,0.6168,0.3832,CV,1.5901,1.5846,-3.4445191703190776,-3.447045826910787,0.12063,-0.09834,7.0475
222,22,0.6002,0.3998,CV,13.944,13.7901,-16.572618003381606,-16.534534294767056,-3.20708,0.05399,184.4107
222,27,0.6176,0.3824,CV,3.4256,3.3977,-7.021504979549775,-7.027607024752531,-0.38601,0.21562,106.2354
222,28,0.6181,0.3819,CV,2.4386,2.4357,-11.893339670939303,-11.90261012833979,0.18056,0.29203,343.9731
222,16,0.6184,0.3816,CV,1.2785,1.2668,-5.210047331933825,-5.218173042182156,0.03407,0.08326,30.793
223,8,0.6177,0.3823,CV,1.8447,1.8488,-3.508005193979911,-3.5158498643790006,0.00446,0.01033,7.09
223,22,0.6013,0.3987,CV,15.249,15.1237,-14.9350281148845,-14.89830204738809,-3.07761,0.54123,185.9391
223,27,0.6157,0.3843,CV,7.5466,7.5197,-7.655098463903558,-7.653144668434605,-0.54469,0.09097,101.2955
223,28,0.6185,0.3815,CV,2.8425,2.8126,-12.52455526589064,-12.53355072144418,0.05069,0.18275,343.6806
223,16,0.6148,0.3852,CV,6.2787,6.2654,-6.832823444904751,-6.825817501815797,0.01406,0.21903,32.0899
223,30,0.5,0.5,CA,47.0199,47.0199,-30.8425116347044,-30.451156666133283,-12.82652,-1.21338,261.5876
224,8,0.6174,0.3826,CV,1.4042,1.4018,-4.2716217767284075,-4.276822724198818,-0.02911,0.08239,7.0844
224,22,0.5984,0.4016,CV,16.459,16.29,-14.803543915996233,-14.75317274453089,-3.30431,0.72485,185.6324
224,27,0.6132,0.3868,CV,7.7997,7.7538,-7.708033387604874,-7.698553456042223,-0.73751,-0.03232,96.0928
224,28,0.6186,0.3814,CV,7.8293,7.8472,-14.399330485794748,-14.408452608377694,-0.43683,0.0844,347.9618
224,16,0.6173,0.3827,CV,3.4645,3.4771,-5.831315289550214,-5.840131410656124,0.1604,0.0205,32.1599
224,30,0.5461,0.4539,CV,13.1916,12.3809,-30.849947050759226,-30.732468103406156,-13.06972,-1.95314,286.7455
225,8,0.615,0.385,CV,2.7641,2.7593,-4.326762215765246,-4.322255014627879,-0.11928,0.1886,7.0689
225,22,0.5972,0.4028,CV,15.8239,15.6424,-14.01554981209653,-13.964279467695867,-3.46477,0.678,184.1743
225,27,0.6157,0.3843,CV,3.718,3.6804,-6.754664776078772,-6.759316309319804,-0.74073,-0.151,93.2015
225,28,0.6185,0.3815,CV,4.3362,4.3294,-16.076584848424332,-16.085078877999074,-0.34416,0.19448,353.299
225,16,0.6177,0.3823,CV,0.9867,0.9791,-5.34850316129788,-5.355538175817155,0.14874,-0.00989,32.3274
225,30,0.5816,0.4184,CV,8.8748,8.2841,-36.02021662487423,-35.980999589871,-11.32894,-0.98841,305.9124
226,8,0.6135,0.3865,CV,2.3503,2.3382,-4.1164321653552545,-4.108974182388253,-0.11017,0.24872,7.161
226,22,0.5925,0.4075,CV,19.2741,19.1091,-14.298577214925931,-14.229584840307968,-3.91082,0.33445,178.9881
226,27,0.6157,0.3843,CV,6.1652,6.1407,-8.659717059430228,-8.660563817742734,-0.89717,-0.19427,91.4567
226,28,0.6177,0.3823,CV,11.3088,11.2947,-15.442057968014396,-15.447067047661946,-0.36581,0.81578,355.3822
226,16,0.6182,0.3818,CV,1.3035,1.3086,-5.387290997935434,-5.395649088826477,0.06377,0.06691,32.6739
226,30,0.6019,0.3981,CV,5.5709,5.0051,-41.0362373576919,-41.02939864811664,-8.67962,-0.75327,314.1657
227,8,0.6147,0.3853,CV,1.4734,1.4612,-3.349370700403568,-3.349468151549093,-0.08127,0.24009,7.1338
227,22,0.6003,0.3997,CV,9.4654,9.2633,-9.752355588747152,-9.722977931177631,-3.42494,0.34756,178.137
227,27,0.6128,0.3872,CV,8.133,8.0848,-9.392596996794984,-9.381171246614809,-1.15757,-0.20281,89.0752
227,28,0.6163,0.3837,CV,17.8561,17.8477,-14.593109499552174,-14.593673262985938,-0.41421,0.74401,341.6232
227,16,0.6182,0.3818,CV,2.5747,2.5773,-5.545881539775121,-5.553685954892009,0.11414,-0.04862,32.6088
227,30,0.6151,0.3849,CV,6.78,6.6954,-53.868462053442535,-53.88701219409684,-5.86149,-0.4865,308.759
228,8,0.6165,0.3835,CV,1.458,1.4562,-3.3054198620966444,-3.3111673449299754,0.03845,0.18875,7.1279
228,22,0.6079,0.3921,CV,7.4528,7.3132,-8.602907337307482,-8.593393375481684,-2.68418,0.41233,179.3115
228,27,0.6118,0.3882,CV,6.9913,6.9292,-13.291786054952007,-13.280445388628817,-1.22607,-0.14678,86.5988
228,28,0.6164,0.3836,CV,10.2548,10.2082,-17.88964129867617,-17.89257884772877,0.17684,0.62457,334.2313
228,16,0.6182,0.3818,CV,3.3817,3.3885,-5.971128767102883,-5.979049533381343,0.00084,0.0274,33.8859
228,30,0.6175,0.3825,CV,6.1625,6.0156,-59.63433288204146,-59.643907271382645,-4.15033,-0.10061,298.5917
229,8,0.616,0.384,CV,1.798,1.7911,-3.676251075418361,-3.6773567345822498,-0.04132,0.21091,7.2398
229,22,0.604,0.396,CV,16.539,16.4171,-10.294654113531244,-10.25807070899333,-2.7342,0.654,184.2868
229,27,0.61,0.39,CV,8.3328,8.2752,-14.76327313831533,-14.745909331407315,-1.29031,-0.29991,82.7805
229,28,0.6172,0.3828,CV,5.7876,5.7107,-17.880505749438477,-17.886552825248238,0.25306,0.51003,329.2204
229,16,0.6181,0.3819,CV,1.8804,1.8739,-5.699485366401423,-5.706580832611499,-0.06956,0.01325,35.0385
229,30,0.6179,0.3821,CV,4.2487,4.051,-59.60889383901622,-59.61619561765329,-3.0939,-0.05344,289.1007
230,8,0.6136,0.3864,CV,2.8532,2.8449,-4.7179373289641635,-4.709294951002768,-0.14498,0.268,7.1298
230,22,0.6023,0.3977,CV,15.5636,15.4012,-12.634500466907781,-12.596116089447916,-2.87935,0.5513,187.2492
230,27,0.6057,0.3943,CV,9.5128,9.4428,-14.36391415294646,-14.33129459966516,-1.51598,-0.38178,78.7905
230,28,0.6172,0.3828,CV,9.8841,9.8511,-20.74876310924067,-20.75373322648195,-0.49374,0.63341,322.4034
230,16,0.6181,0.3819,CV,4.5163,4.5257,-6.19436814980942,-6.2019979703389705,0.10351,-0.12635,34.6147
230,30,0.6172,0.3828,CV,5.3245,5.1779,-53.0469024048126,-53.05096812163818,-2.4504,-0.03779,279.0039
231,8,0.608,0.392,CV,3.4212,3.405,-6.130349875080124,-6.101890762392872,-0.23003,0.37295,7.0029
231,22,0.6089,0.3911,CV,13.584,13.5384,-11.137895234511483,-11.129809169069322,-2.39561,0.05937,180.1501
231,27,0.6084,0.3916,CV,5.7263,5.6496,-22.60537572545742,-22.590009689331083,-1.33555,-0.23879,74.6456
231,28,0.6144,0.3856,CV,14.3483,14.277,-20.885533053677673,-20.8785200176802,-1.08562,0.87293,309.7473
231,16,0.618,0.382,CV,2.1731,2.1671,-5.770809948229173,-5.777949463322646,0.19918,-0.0515,34.8411
231,30,0.6156,0.3844,CV,12.5236,12.4801,-44.82022199494475,-44.81848614697245,-1.88721,-0.32418,261.9146
232,8,0.6132,0.3868,CV,1.4004,1.3899,-3.186494013368806,-3.188379749753553,-0.17561,0.28847,7.1368
232,22,0.6153,0.3847,CV,2.5411,2.5143,-10.085704859135085,-10.095179742131002,-1.48264,-0.1055,177.953
232,28,0.6161,0.3839,CV,6.1904,6.1056,-25.24697916028589,-25.251727100856833,-1.07643,0.85312,302.2281
232,16,0.6183,0.3817,CV,1.5187,1.514,-5.658270881683083,-5.66663013063831,0.20344,0.00206,35.6555
232,30,0.6135,0.3865,CV,9.721,9.6153,-21.252804229463266,-21.24439028450441,-1.97942,-0.28269,249.4432
233,8,0.615,0.385,CV,1.237,1.222,-3.1813459368006893,-3.182913207976405,-0.10689,0.261,7.2127
233,22,0.6173,0.3827,CV,2.7184,2.6549,-12.475955968120832,-12.483958500898423,-1.0885,-0.14614,177.6918
233,28,0.6037,0.3963,CV,25.3745,25.2867,-16.373551620792206,-16.32349243727222,-2.25797,1.17865,280.1478
233,16,0.6183,0.3817,CV,2.4187,2.4169,-5.704503042289476,-5.712577203800815,0.13779,-0.0816,35.585
233,30,0.5881,0.4119,CV,33.5421,33.4384,-43.75794648522606,-43.646827299161274,-4.33283,-0.26936,242.8213
234,8,0.614,0.386,CV,2.0769,2.0637,-3.958753300716497,-3.953525164390303,-0.05402,0.29158,7.3185
234,22,0.6119,0.3881,CV,17.9642,17.9464,-13.39066274857602,-13.373115344685237,-0.95656,-0.76537,165.6815
234,28,0.6082,0.3918,CV,15.3886,15.3339,-14.41895543542895,-14.40589635829846,-2.75406,0.76538,274.1293
234,16,0.6172,0.3828,CV,3.6642,3.6528,-6.216642829779131,-6.220196900971377,0.17206,-0.17647,35.0292
234,30,0.5924,0.4076,CV,15.9372,15.6983,-39.36072743133152,-39.304664211483626,-4.19519,-0.12598,237.4902
235,8,0.6116,0.3884,CV,2.878,2.8628,-5.941936332286755,-5.928022163963579,-0.10558,0.31546,7.5689
235,22,0.613,0.387,CV,6.9804,6.898,-9.458117320227153,-9.453162017640562,-0.57753,-0.81742,157.7812
235,28,0.6087,0.3913,CV,11.6839,11.5354,-10.97006015810838,-10.952391465412791,-2.78738,0.58259,264.6075
235,16,0.6189,0.3811,CV,1.6682,1.6883,-5.647142829485085,-5.6591791909321545,0.06007,-0.08838,35.6797
235,30,0.6027,0.3973,CV,8.7886,8.5718,-34.917861540962015,-34.89863197981353,-3.39815,-0.24034,232.239
236,8,0.6086,0.3914,CV,3.5134,3.4956,-7.639933608295616,-7.616963568081663,-0.16476,0.39587,7.6316
236,22,0.6168,0.3832,CV,8.4515,8.4701,-10.642075511694598,-10.651708800053907,0.56483,-0.47187,151.5043
236,28,0.6112,0.3888,CV,10.2644,10.1591,-9.225997455167818,-9.218083860088255,-2.47252,0.0144,256.486
236,16,0.619,0.381,CV,1.7927,1.7994,-5.614449644324114,-5.624505398058657,-0.04594,0.00885,36.3194
236,30,0.6038,0.3962,CV,13.0989,12.9311,-26.962359961675283,-26.93245481034778,-3.22378,-0.28122,225.0428
237,8,0.6108,0.3892,CV,2.127,2.1064,-7.071621791866728,-7.0622397248330095,-0.20441,0.3264,7.7793
237,22,0.6177,0.3823,CV,7.7665,7.7719,-11.480165538488002,-11.488016768353592,0.98116,-0.08058,147.0552
237,28,0.612,0.388,CV,9.3744,9.2522,-8.66257216180878,-8.654391461732247,-2.24403,-0.18587,248.7173
237,16,0.6188,0.3812,CV,2.0733,2.0764,-5.65156647302218,-5.660747810432467,0.06903,-0.06144,36.1606
237,30,0.6046,0.3954,CV,13.2494,13.1067,-28.886468349930183,-28.858109340039224,-2.94307,-0.53807,215.7747
237,27,0.5,0.5,CA,29.2993,29.311,-17.929613772487258,-17.91103269587071,0.8785,-0.20971,70.781
238,8,0.6139,0.3861,CV,1.2242,1.2058,-4.738518412910706,-4.739202125033964,-0.1409,0.25882,8.0107
238,22,0.6166,0.3834,CV,6.1113,6.062,-12.086744351046708,-12.088247664177707,1.03256,-0.24873,138.9067
238,28,0.6125,0.3875,CV,8.837,8.7197,-8.398829845946553,-8.391734785647241,-2.10119,-0.10377,239.5472
238,16,0.6183,0.3817,CV,2.4846,2.4792,-6.093032099658101,-6.100205361747353,0.19735,-0.09929,36.1061
238,30,0.6095,0.3905,CV,7.0546,6.9017,-25.22222612095478,-25.213351180354408,-2.35479,-0.56111,208.8839
238,27,0.5776,0.4224,CV,5.8969,5.9251,-7.114286019967783,-7.12483298276381,0.39952,-0.3739,62.3042
239,8,0.6174,0.3826,CV,1.9309,1.9392,-4.370854569851636,-4.381678757170054,-0.06485,0.13419,7.8633
239,22,0.6121,0.3879,CV,14.1535,14.1331,-12.301861530752088,-12.286238372857476,1.42887,0.37194,136.7655
239,28,0.6123,0.3877,CV,9.5847,9.4748,-8.492668148873367,-8.483761088557797,-2.06471,-0.04311,232.2895
239,16,0.6184,0.3816,CV,1.3152,1.3056,-5.450310896585184,-5.458657725462137,0.14743,-0.14228,36.1595
239,30,0.609,0.391,CV,10.4961,10.369,-20.467166035693133,-20.44903663304295,-2.46879,-0.40798,203.6849
239,27,0.6037,0.3963,CV,6.5273,6.5382,-6.998955244360211,-7.0052851696332405,-0.21111,-0.3954,61.3329
240,8,0.6169,0.3831,CV,1.6724,1.6661,-3.5758433424098133,-3.5791246761701343,-0.10863,0.1067,7.7388
240,22,0.6084,0.3916,CV,11.8443,11.7609,-9.614905347683045,-9.59048201802155,1.73063,0.30204,133.4525
240,28,0.6106,0.3894,CV,13.0382,12.9422,-9.937737768493486,-9.922346009072527,-2.15141,0.2548,229.0921
240,16,0.6187,0.3813,CV,1.6257,1.6318,-5.4729513319869305,-5.482742470816042,-0.0243,-0.0998,36.2034
240,30,0.5817,0.4183,CV,30.7004,30.5666,-16.340255213535613,-16.209280463231753,-4.47903,-0.29511,197.1963
240,27,0.6124,0.3876,CV,3.7589,3.7408,-8.044709110015635,-8.049587209022018,-0.28946,-0.31551,61.7289
241,8,0.6088,0.3912,CV,4.5255,4.5188,-7.191187068520608,-7.161119525946097,-0.40124,-0.03395,7.5494
241,22,0.6072,0.3928,CV,11.4618,11.3707,-8.594358737148745,-8.570378005100437,1.69016,0.40933,132.7968
241,28,0.6099,0.3901,CV,13.1299,13.0326,-10.58841406682264,-10.572329765728329,-2.27166,-0.11386,220.8918
241,16,0.6188,0.3812,CV,0.9287,0.9273,-5.401044203134667,-5.410412074074834,-0.07666,-0.04977,36.2294
241,30,0.6046,0.3954,CV,4.5715,4.4864,-7.685803561926569,-7.690037589197049,-3.04313,0.04665,195.0434
241,27,0.6119,0.3881,CV,8.6666,8.6431,-7.872060595575997,-7.861856219771923,-0.75637,-0.32586,62.2203
242,8,0.6143,0.3857,CV,0.9342,0.9193,-2.9484076068932294,-2.953472709874576,-0.30464,-0.07326,7.5562
242,22,0.6098,0.3902,CV,7.8721,7.7741,-8.54738965715364,-8.535972219079541,1.42897,0.46261,132.5363
242,28,0.6094,0.3906,CV,18.4099,18.3584,-13.345837892715647,-13.328904514001428,-1.95671,0.03206,226.5868
242,16,0.6188,0.3812,CV,0.978,0.9815,-5.466643365049241,-5.47618927409804,0.00651,-0.05857,36.447
242,30,0.6186,0.3814,CV,10.1269,10.2738,-9.359595500097118,-9.389273953153385,-0.87985,0.19799,189.3771
242,27,0.612,0.388,CV,6.3615,6.3129,-7.238623440598292,-7.2295669635280255,-0.8535,-0.27398,62.8422
243,8,0.6189,0.3811,CV,1.8662,1.8801,-3.505601320404818,-3.5223064359080922,-0.03236,-0.10701,7.5353
243,22,0.6134,0.3866,CV,4.705,4.6288,-8.997310732006122,-8.99733893526751,1.01684,0.38857,132.7904
243,28,0.6106,0.3894,CV,15.8207,15.7482,-11.413076792743727,-11.401739705620239,-1.28787,0.09077,236.4138
243,16,0.6187,0.3813,CV,1.5638,1.5654,-5.564923986234324,-5.5737755759641106,0.00115,0.01511,36.9784
243,30,0.6188,0.3812,CV,11.9351,11.9778,-10.777160163370016,-10.786771572566133,0.56252,0.26463,185.4518
243,27,0.6036,0.3964,CV,19.1736,19.1423,-16.870526660357676,-16.82587168704174,-0.9335,0.18993,69.0752
244,8,0.6175,0.3825,CV,2.608,2.6103,-4.290066044186586,-4.293634861819098,0.17952,-0.06874,7.5624
244,22,0.6093,0.3907,CV,16.5552,16.5146,-10.999843998097564,-10.976912222693585,1.68694,0.29488,128.7273
244,28,0.6147,0.3853,CV,13.2425,13.2485,-10.576955449076678,-10.581055264338241,-1.18176,-0.51326,230.8237
244,16,0.6168,0.3832,CV,6.4609,6.4636,-7.81787210804851,-7.819103682012969,0.3477,-0.16652,36.2188
244,30,0.6156,0.3844,CV,11.7758,11.7449,-11.087356391136233,-11.083085499515212,1.20514,0.32973,184.4783
244,27,0.6085,0.3915,CV,10.2778,10.2409,-18.83551793838412,-18.823903311060292,-1.06147,-0.12303,70.2246
245,8,0.616,0.384,CV,2.1923,2.186,-5.03736096340137,-5.036742012849112,0.2016,-0.00595,7.7284
245,22,0.5946,0.4054,CV,22.4811,22.3973,-15.022989293078606,-14.945165100335426,2.67085,0.68517,124.0159
245,28,0.6156,0.3844,CV,6.7698,6.7065,-9.790892841375868,-9.792869847834176,-0.88161,-0.4928,233.751
245,16,0.6168,0.3832,CV,3.1028,3.0883,-6.8342072369907045,-6.83810411637028,0.24097,-0.23957,35.4764
245,30,0.615,0.385,CV,7.7464,7.6758,-10.501992117202093,-10.49997994208476,1.22095,0.4083,182.9755
245,27,0.6102,0.3898,CV,12.3416,12.3282,-15.100156711753128,-15.088509522596658,-1.03196,-0.56711,67.7446
246,8,0.6143,0.3857,CV,2.7358,2.7272,-5.07917651355077,-5.073703555347569,0.1753,0.10038,7.9904
246,22,0.5917,0.4083,CV,16.119,15.9844,-10.504062730520584,-10.435556089263105,3.00562,0.88085,125.2242
246,28,0.6163,0.3837,CV,15.3805,15.3942,-9.652468680902688,-9.655897779161538,-0.46445,-0.9775,226.5449
246,16,0.6177,0.3823,CV,1.3666,1.344,-6.240083439626009,-6.2475783159126745,0.21823,-0.18842,35.181
246,30,0.6173,0.3827,CV,2.4158,2.4069,-9.330623741130927,-9.339428387412752,0.81091,0.16509,179.5378
246,27,0.6078,0.3922,CV,11.0103,10.9591,-13.178641104026712,-13.154513911573403,-1.27453,-0.52946,71.1
247,8,0.6106,0.3894,CV,3.7743,3.7586,-6.285849815278603,-6.2673592726027465,0.21654,0.15637,8.4253
247,22,0.6059,0.3941,CV,4.6204,4.4866,-8.136468673405027,-8.131641585741448,2.2681,0.42755,124.7145
247,28,0.6135,0.3865,CV,14.5007,14.4508,-9.54653837131102,-9.53745980787761,-0.33776,-1.39892,218.4646
247,16,0.619,0.381,CV,1.4969,1.5127,-5.733056147883311,-5.744856617804155,0.05724,-0.12042,35.348
247,30,0.6178,0.3822,CV,4.2205,4.202,-9.927337296776123,-9.934653459825007,0.63441,0.10137,175.178
247,27,0.6042,0.3958,CV,12.2248,12.1468,-12.194235508078679,-12.15841204167682,-1.5676,-0.63793,74.1764
248,8,0.6107,0.3893,CV,3.1044,3.0859,-5.501432742776609,-5.488556122782059,0.25833,0.18723,8.7046
248,22,0.6045,0.3955,CV,16.39,16.361,-11.459372919309937,-11.427637242710496,1.68943,1.05232,115.6293
248,28,0.6162,0.3838,CV,4.6823,4.6224,-8.665557307705726,-8.671879818768886,-0.55105,-0.96647,215.6202
248,16,0.6191,0.3809,CV,0.3408,0.3423,-5.747958574628804,-5.758289705297366,0.01707,-0.06789,35.1052
248,30,0.618,0.382,CV,3.1125,3.0798,-9.839396695963835,-9.8468533864447,0.5499,0.16617,172.3758
248,27,0.6049,0.3951,CV,9.8863,9.7953,-9.588327300839588,-9.56060542806775,-1.52136,-0.79986,76.6474
249,8,0.6097,0.3903,CV,3.8234,3.8066,-5.465422351161435,-5.4486280686488575,0.36017,0.13151,8.9973
249,22,0.6152,0.3848,CV,6.9104,6.9459,-8.960684785278856,-8.975770168075488,0.60067,1.1324,113.6862
249,28,0.6179,0.3821,CV,3.1925,3.1516,-8.277141158565627,-8.286654589405282,-0.28434,-0.84753,213.4357
249,16,0.6189,0.3811,CV,1.8533,1.8557,-5.780030329950357,-5.789268256857002,-0.08171,-0.03228,35.2247
249,30,0.6178,0.3822,CV,4.4867,4.4546,-8.755667596071964,-8.761974577105317,0.62338,0.14006,169.3837
249,27,0.589,0.411,CV,22.0248,21.9656,-14.870717939728307,-14.776066634801195,-2.13085,-1.19772,72.2626
250,8,0.6126,0.3874,CV,3.058,3.0508,-4.686633881190064,-4.683104664792065,0.3055,0.18586,8.9293
250,22,0.6142,0.3858,CV,7.1296,7.0768,-7.5413512783086025,-7.536521521721853,0.29191,1.36088,110.6608
250,28,0.6181,0.3819,CV,7.1499,7.1392,-8.10637320521204,-8.114158529337239,0.34643,-0.68973,207.8899
250,16,0.6189,0.3811,CV,1.7055,1.7093,-6.213770369490055,-6.2233175404436665,-0.02154,-0.05777,34.6177
250,30,0.6177,0.3823,CV,4.2519,4.2162,-8.103176542761311,-8.109462932301444,0.66794,0.17265,166.9843
250,27,0.6015,0.3985,CV,7.437,7.3635,-7.412685763321884,-7.393406037304283,-1.98856,-0.76849,74.6394
251,8,0.6124,0.3876,CV,2.6557,2.6399,-4.393096845358571,-4.384852896562999,0.31472,0.19525,8.9051
251,22,0.6179,0.3821,CV,8.1366,8.1716,-7.701662137416172,-7.7139787951988055,-0.51287,0.60198,108.2251
251,28,0.6189,0.3811,CV,4.2953,4.306,-8.035141014565625,-8.046023401134606,0.33173,-0.47605,206.1862
251,16,0.6186,0.3814,CV,2.0538,2.052,-5.869966783828359,-5.878360145977235,0.10675,-0.06418,34.0153
251,30,0.6171,0.3829,CV,7.0242,6.9978,-7.946294405959007,-7.950073285785968,0.74449,0.41747,166.6951
251,27,0.6073,0.3927,CV,5.8595,5.7598,-9.341408498740563,-9.327647408710794,-1.78209,-0.46252,76.7342
252,8,0.6152,0.3848,CV,1.078,1.0599,-4.554706008211821,-4.558398564939968,0.23211,0.16436,9.0168
252,22,0.6174,0.3826,CV,6.2399,6.2282,-7.80726128358268,-7.812294159204354,-0.49396,0.54172,101.6479
252,28,0.6189,0.3811,CV,4.1684,4.1659,-8.246929306862166,-8.256414679977192,0.0999,-0.3729,205.0898
252,16,0.6187,0.3813,CV,3.1728,3.1819,-5.986401918959698,-5.995716842928459,-0.08062,-0.01472,34.4423
252,30,0.6163,0.3837,CV,7.4593,7.4163,-8.209997208632398,-8.211204046201596,0.80467,0.54715,167.1786
252,27,0.5956,0.4044,CV,14.083,13.9975,-17.28401193034254,-17.21326916945161,-2.31076,-0.64514,74.3427
253,8,0.6145,0.3855,CV,2.2683,2.2551,-7.1954711009282715,-7.192151577357903,0.26011,0.10469,8.9327
253,22,0.6171,0.3829,CV,6.5326,6.5262,-7.798487093374053,-7.802623433590028,-0.78489,0.16045,98.727
253,28,0.6188,0.3812,CV,1.9262,1.9179,-8.143155624319173,-8.15263933699814,-0.05465,-0.26574,202.1825
253,16,0.6185,0.3815,CV,1.509,1.5041,-5.565343818234515,-5.573665060871124,-0.13383,-0.0607,34.423
253,30,0.6164,0.3836,CV,6.7418,6.7063,-7.9385722188127,-7.941623347732607,0.88097,0.38284,164.155
253,27,0.5726,0.4274,CV,15.8239,15.6978,-24.77795370150544,-24.629422496704045,-3.04314,-0.94217,71.0166
254,8,0.6176,0.3824,CV,0.3436,0.3356,-3.293400114066036,-3.3040385197195743,0.18082,0.05023,9.0179
254,22,0.6117,0.3883,CV,12.6953,12.6701,-9.514755609374195,-9.496719113349778,-1.07003,-0.25628,99.3252
254,28,0.618,0.382,CV,7.5532,7.5463,-8.21982217143283,-8.225957078143052,-0.50805,-0.1483,201.014
254,16,0.6183,0.3817,CV,1.564,1.5563,-5.331780207271502,-5.339467648015606,-0.18381,-0.04406,34.273
254,30,0.6154,0.3846,CV,8.5857,8.5402,-8.236383408171225,-8.234872572016037,1.03365,0.38454,160.1114
254,27,0.5525,0.4475,CV,14.6321,14.4637,-26.453703961263113,-26.25739452800639,-4.15136,-1.04577,70.7504
255,8,0.6182,0.3818,CV,2.0153,2.0177,-5.10761102865748,-5.11607165935119,-0.01404,0.01052,8.8705
255,22,0.6102,0.3898,CV,9.3604,9.2972,-9.976546010041144,-9.960093192804942,-1.28849,-0.23648,97.0235
255,28,0.6174,0.3826,CV,6.5012,6.4702,-8.196893398295627,-8.201442333549027,-0.64947,-0.02867,201.4615
255,16,0.6178,0.3822,CV,2.6208,2.6131,-5.556099989835256,-5.561930006101726,-0.21323,0.00322,34.7911
255,30,0.6125,0.3875,CV,12.6214,12.5673,-11.625457854474416,-11.613315791077529,1.51723,0.46748,160.1523
255,27,0.5431,0.4569,CV,12.3589,12.1255,-27.17820595566835,-26.9731205089913,-4.92347,-1.11205,70.0767
256,8,0.6186,0.3814,CV,0.8281,0.822,-6.902842280582745,-6.912178568801676,-0.05855,-0.01276,8.7689
256,22,0.6115,0.3885,CV,6.8296,6.7626,-10.421636147814898,-10.412771616792748,-1.09862,-0.25588,96.9038
256,28,0.618,0.382,CV,3.1285,3.1153,-8.130963615512387,-8.13903854912039,-0.54696,-0.01919,198.6852
256,16,0.618,0.382,CV,1.1583,1.1442,-5.416540464745651,-5.423852013759968,-0.18394,0.02152,35.096
256,30,0.6137,0.3863,CV,7.0632,6.9836,-8.98126029336296,-8.978430446298805,1.32308,0.60953,159.1205
256,27,0.563,0.437,CV,8.3207,8.1015,-19.333666430006936,-19.222580376676078,-4.8081,-0.67453,70.0524
257,8,0.6189,0.3811,CV,0.6949,0.6914,-6.178418934201314,-6.188670475334471,-0.05958,-0.05305,8.6933
257,22,0.6081,0.3919,CV,11.7643,11.6971,-13.491037939035394,-13.466094004671703,-1.39875,-0.25542,97.4139
257,28,0.6183,0.3817,CV,5.9015,5.9104,-8.402038282392436,-8.410628851198561,-0.2675,-0.23801,193.728
257,16,0.6184,0.3816,CV,0.5865,0.5956,-5.359700621313848,-5.368805488134893,-0.10305,0.00633,35.0311
257,30,0.6142,0.3858,CV,8.4328,8.3756,-11.670067946311224,-11.667486951357471,1.20312,0.5986,161.296
257,27,0.5695,0.4305,CV,8.4614,8.2375,-14.302040582268788,-14.188680687691026,-4.75648,-0.50291,69.8763
258,8,0.619,0.381,CV,0.9612,0.9624,-4.47623569825368,-4.486397455536698,-0.04963,-0.08086,8.7031
258,22,0.6032,0.3968,CV,15.3966,15.3304,-16.98452973208981,-16.944161649224508,-1.87506,-0.03111,95.4532
258,28,0.6114,0.3886,CV,26.1209,26.1309,-20.199691892380407,-20.178742408623837,1.74531,-0.5128,190.4189
258,16,0.6183,0.3817,CV,1.862,1.8586,-5.448893537362698,-5.456693403615468,-0.16704,0.01008,34.8748
258,30,0.615,0.385,CV,6.4267,6.3563,-14.476690341182028,-14.476688114143824,1.0176,0.5931,163.2349
258,27,0.5808,0.4192,CV,6.2619,6.0289,-9.111023068712292,-9.034238665851234,-4.33678,-0.31612,68.6563
259,8,0.6186,0.3814,CV,1.4127,1.4131,-4.4667603624863395,-4.4749717737129915,0.05772,-0.09461,8.6656
259,22,0.6026,0.3974,CV,11.3421,11.2438,-16.16564448351553,-16.129924983147614,-1.9832,0.10114,95.6246
259,28,0.6112,0.3888,CV,10.6021,10.5062,-14.943064593176222,-14.931428772369353,1.87484,-0.39079,188.6227
259,16,0.6187,0.3813,CV,0.7573,0.7634,-5.311324900359862,-5.320906478767713,-0.05692,-0.00642,34.8874
259,30,0.6167,0.3833,CV,3.4632,3.4164,-12.646652238431079,-12.65263591067561,0.7347,0.53211,162.5089
259,27,0.5889,0.4111,CV,5.6317,5.4259,-6.9886118899804615,-6.929049668579278,-3.85402,-0.16333,67.3441
260,8,0.6182,0.3818,CV,1.4242,1.423,-4.287903163950764,-4.294970245131637,-0.03796,-0.12254,8.6035
260,22,0.5934,0.4066,CV,17.1194,17.0138,-21.27181820896935,-21.198922289347472,-2.58797,0.08639,95.5829
260,28,0.6101,0.3899,CV,11.681,11.5831,-21.237805611449957,-21.221837155099863,1.98541,-0.42675,183.4596
260,16,0.6184,0.3816,CV,2.1674,2.1644,-5.464954244448247,-5.472889970651243,-0.17637,0.0485,34.9562
260,30,0.6163,0.3837,CV,11.1377,11.1341,-14.003946546044801,-14.006066917431536,0.81319,0.11574,156.4659
260,27,0.6027,0.3973,CV,3.2976,3.1396,-6.098656964472384,-6.084141057684024,-2.92232,0.0436,65.4816
261,8,0.6177,0.3823,CV,1.5817,1.5789,-6.6676526141003425,-6.673342093841464,-0.05442,-0.1216,8.3477
261,22,0.5932,0.4068,CV,12.8476,12.7098,-23.7542810507615,-23.693890352321507,-2.7284,0.17154,95.8803
261,28,0.6143,0.3857,CV,7.2876,7.2507,-15.203260631960074,-15.206497679495634,1.52109,-0.35487,184.4507
261,16,0.618,0.382,CV,2.5513,2.5439,-5.571633820521542,-5.578141650586361,-0.25664,0.05409,35.4163
261,30,0.6181,0.3819,CV,7.2031,7.2272,-10.107080001018666,-10.117359107120263,0.08842,-0.3219,154.2655
261,27,0.6,0.4,CV,6.3536,6.2241,-7.1993882303242085,-7.153434120323838,-2.75363,0.22186,63.793
262,8,0.6186,0.3814,CV,0.4201,0.4242,-4.265837335958932,-4.276189061378296,-0.04694,-0.06151,8.2953
262,22,0.5487,0.4513,CV,30.2082,30.0647,-26.36456393106735,-26.1228358943018,-4.596,0.54996,95.5865
262,28,0.6167,0.3833,CV,9.9601,9.9721,-14.653294655285151,-14.66030126834548,0.84172,0.2183,187.7476
262,16,0.6178,0.3822,CV,2.4577,2.447,-5.6578247103492085,-5.664002143811277,-0.30413,0.00114,35.2822
262,30,0.6157,0.3843,CV,12.1526,12.1407,-10.658488708600986,-10.655698419859016,-0.7757,-0.70031,151.4388
263,8,0.6176,0.3824,CV,2.0989,2.0984,-3.825881472902583,-3.8304400199503745,-0.12863,-0.03119,8.4445
263,22,0.5085,0.4915,CV,26.7066,26.4635,-24.67469958194924,-24.33635722077935,-6.42078,0.98349,94.8392
263,28,0.6174,0.3826,CV,5.3343,5.3126,-15.616185584624088,-15.622743035180957,0.41688,0.38018,188.6146
263,16,0.6184,0.3816,CV,0.9555,0.957,-5.358529357943271,-5.367765481747358,-0.18246,-0.00291,35.6122
264,8,0.6177,0.3823,CV,0.7762,0.7681,-3.289913828254369,-3.2964832338804415,-0.11156,-0.01529,8.4974
264,22,0.507,0.493,CV,18.5406,18.2153,-18.25673591542642,-17.97029271431645,-7.73809,1.5127,98.9144
264,28,0.6176,0.3824,CV,4.1165,4.0835,-12.571984664280826,-12.578245011160481,0.20823,0.28122,190.2885
264,16,0.6184,0.3816,CV,2.0887,2.0878,-5.475533221435574,-5.483980811648001,-0.15165,-0.06615,35.2495
265,8,0.6181,0.3819,CV,0.4516,0.4488,-4.110469074844298,-4.118664059681882,-0.07571,0.01471,8.4949
265,22,0.4781,0.5219,CA,20.4542,20.0545,-19.218327669398946,-18.818175656998697,-10.27597,1.7059,103.1426
265,28,0.6161,0.3839,CV,11.9472,11.9221,-10.753084820458316,-10.752701144678543,0.22275,-0.11786,197.8909
265,16,0.6181,0.3819,CV,2.5696,2.5659,-5.549838043453249,-5.557002510360617,-0.23971,-0.02739,35.6617
265,30,0.5,0.5,CA,17.3881,17.3538,-11.316471014817775,-11.310156445595394,-1.00937,-0.92082,156.7863
266,8,0.6183,0.3817,CV,1.4369,1.4397,-3.4605824143128663,-3.469004198493961,-0.04455,0.04064,8.2976
266,22,0.4682,0.5318,CA,16.5849,16.093,-19.761536814410015,-19.363058380532962,-12.80946,1.62674,107.5337
266,28,0.6153,0.3847,CV,10.3198,10.2673,-10.465061501797665,-10.463749974806156,0.23069,0.07531,207.2687
266,16,0.6172,0.3828,CV,4.0399,4.0333,-5.968238637224412,-5.972027856949744,-0.33275,0.04657,34.9369
266,30,0.5744,0.4256,CV,8.0099,7.9562,-7.985784057703845,-7.983259269086061,-1.18609,-0.88282,150.0979
267,8,0.618,0.382,CV,1.3231,1.3211,-3.5500102315253836,-3.5566508360099363,-0.11782,0.03391,8.3075
267,22,0.4598,0.5402,CA,14.0892,13.4945,-16.91676853095068,-16.49880517509245,-15.81449,1.74043,114.7942
267,28,0.6176,0.3824,CV,11.5035,11.5479,-12.675909803098131,-12.68554339736418,0.19671,0.45088,203.4523
267,16,0.6181,0.3819,CV,0.9406,0.926,-5.323491407203613,-5.3322320324091255,-0.23955,0.08174,34.7434
267,30,0.5885,0.4115,CV,25.9883,25.9301,-15.153313136029242,-15.101153159978676,-2.02565,-0.98801,159.7829
268,8,0.6183,0.3817,CV,0.7672,0.7643,-3.1646871200034967,-3.173143755539174,-0.09609,-0.00216,8.23
268,22,0.5179,0.4821,CV,8.6443,8.1492,-12.639023809155795,-12.465880811916655,-15.24035,0.66871,119.3191
268,28,0.6166,0.3834,CV,12.4898,12.4821,-14.845625594992953,-14.847347037351803,0.34512,0.69464,198.1133
268,16,0.6183,0.3817,CV,1.401,1.3865,-5.291200868695026,-5.299392498358899,-0.23472,0.04785,34.4837
268,30,0.606,0.394,CV,4.964,4.8441,-12.757088849622235,-12.75706368526451,-1.6149,-0.64732,161.6912
268,32,0.7,0.3,CV,11.699,11.699,-11.85218987155541,-11.85218987155541,0.0,0.0,62.2506
269,8,0.6186,0.3814,CV,0.4915,0.4904,-3.0605876344364016,-3.070102291653692,-0.05655,-0.03449,8.1703
269,28,0.616,0.384,CV,8.4092,8.3591,-15.551124465020857,-15.55204768777525,0.52013,0.7919,196.5277
269,16,0.619,0.381,CV,1.3918,1.4041,-5.289813996511566,-5.300805770581664,-0.09155,0.00823,34.6329
269,30,0.5899,0.4101,CV,33.6872,33.641,-19.86958944775796,-19.77705361894178,-2.89704,-1.69872,150.2648
269,32,0.6455,0.3545,CV,8.2479,8.2479,-9.729324958894093,-9.731725235801557,-3.263,-0.7139,85.334
270,8,0.6189,0.3811,CV,0.2709,0.2734,-3.8744788561251045,-3.884690611565799,-0.02378,-0.00674,8.1315
270,28,0.6092,0.3908,CV,22.8356,22.801,-12.449548418722584,-12.422415393118406,2.12001,0.86045,198.6349
270,16,0.6188,0.3812,CV,1.335,1.3339,-5.342689048864069,-5.351877597486925,-0.05929,0.05024,34.8417
270,30,0.5306,0.4694,CV,38.5399,38.3628,-24.734280487725663,-24.424457192906633,-5.74683,-2.93891,149.1623
270,32,0.5308,0.4692,CV,22.1682,22.0805,-27.853771652964596,-27.462142736002765,-20.0982,1.07652,138.5813
270,22,0.5,0.5,CA,18.5997,18.7631,-15.015818800429546,-15.041604819610276,-4.07598,0.65032,135.5926
271,8,0.6141,0.3859,CV,4.3175,4.3185,-6.559901727621914,-6.549092244223621,0.29809,-0.04875,8.0007
271,28,0.6119,0.3881,CV,7.9548,7.8333,-8.716859289896062,-8.711415756257216,1.8139,0.89065,199.863
271,16,0.6186,0.3814,CV,2.0088,2.0082,-5.635568109877644,-5.643983882112698,-0.14993,-0.0422,34.6485
271,30,0.4636,0.5364,CA,40.0445,39.7083,-25.981374799526563,-25.489352805305572,-9.17588,-4.48491,158.0969
271,32,0.3085,0.6915,CA,26.0119,25.2585,-17.552569597787695,-16.39899497360845,-35.59566,9.77119,238.9845
272,8,0.6149,0.3851,CV,1.8159,1.8059,-3.7514494589213028,-3.751224577079809,0.27713,-0.04189,8.1067
272,28,0.6162,0.3838,CV,8.717,8.7311,-9.179654351266569,-9.188304047091426,0.90924,0.86848,205.0699
272,16,0.6186,0.3814,CV,1.3437,1.3411,-5.302322935768176,-5.311062029476238,-0.14587,0.02582,34.3008
272,30,0.4021,0.5979,CA,36.5333,36.0391,-43.16364298172045,-42.516632404890636,-13.66731,-6.85488,159.1696
273,8,0.6169,0.3831,CV,0.6059,0.5943,-3.387060474315,-3.394029741465727,0.19223,-0.02701,8.1605
273,28,0.6138,0.3862,CV,21.1044,21.0941,-14.94604844778903,-14.938200232405475,0.10893,0.72157,220.1706
273,16,0.6186,0.3814,CV,1.0273,1.0221,-5.259159083618444,-5.268127632911443,-0.1208,0.01415,33.9211
273,30,0.4148,0.5852,CA,20.8398,20.1897,-13.332413884859665,-12.825104202701752,-18.42181,-7.6905,170.774
274,8,0.6181,0.3819,CV,0.169,0.1679,-3.2905445842261165,-3.2997605150193423,0.11305,-0.01402,8.1564
274,28,0.6125,0.3875,CV,16.2356,16.1575,-14.925747387595242,-14.915897471135114,-0.28445,0.57511,235.5755
274,16,0.6186,0.3814,CV,1.9603,1.963,-5.433956401365505,-5.442908133955681,-0.09522,0.05959,34.2825
274,30,0.0619,0.9381,CA,49.7537,48.9026,-50.12319484093078,-47.223532342154584,-45.86362,-19.17573,190.8961
275,8,0.6176,0.3824,CV,1.1875,1.1814,-3.483011635151942,-3.4884507184470674,0.14764,-0.00518,8.1538
275,28,0.6156,0.3844,CV,6.0882,6.0661,-12.401717571792414,-12.407017490701552,-0.4481,0.48487,239.7749
275,16,0.6186,0.3814,CV,1.2556,1.2525,-5.5481493375167545,-5.556834501541095,-0.03004,0.10148,34.4583
276,8,0.6178,0.3822,CV,1.2758,1.2739,-3.4039619735842934,-3.410677327436356,0.10187,0.06715,8.2542
276,28,0.6169,0.3831,CV,15.141,15.1663,-12.632007935863673,-12.637843330164523,-0.48925,0.70441,234.338
276,16,0.6186,0.3814,CV,2.994,3.0006,-5.773019094651836,-5.7818736379000155,0.07377,-0.00974,33.6497
277,8,0.6164,0.3836,CV,2.0957,2.0888,-4.413571477754571,-4.414213694748885,0.13669,0.08511,8.5146
277,28,0.6157,0.3843,CV,13.0352,13.002,-12.712860143302962,-12.71182052557416,-0.4087,0.98159,231.5758
277,16,0.6185,0.3815,CV,2.8564,2.8609,-6.152234100751566,-6.160575999129156,0.05792,0.1385,34.0217
277,30,0.5,0.5,CA,13.8234,15.0912,-30.451020168098992,-30.64343731088241,-10.17533,-3.59087,196.6344
278,8,0.615,0.385,CV,2.5355,2.5259,-6.306228117858744,-6.303001965564643,0.17555,0.16686,8.6753
278,28,0.6086,0.3914,CV,22.0296,21.9651,-13.008859886713473,-12.979852605875156,-0.03323,1.7888,223.7153
278,30,0.3661,0.6339,CA,26.1844,26.5542,-41.53895706820647,-40.68785744600078,30.08752,11.52924,192.1162
279,8,0.6162,0.3838,CV,1.4596,1.4528,-6.712550712928342,-6.716629726923025,0.11971,0.17876,8.6708
279,28,0.5994,0.4006,CV,20.6349,20.5152,-17.150880537830865,-17.094034033047258,0.44733,1.64033,211.6529
279,30,0.0467,0.9533,CA,34.608,33.3732,-45.21835039694743,-42.08841345112735,78.18392,27.38001,214.5795
280,8,0.6162,0.3838,CV,1.5022,1.491,-4.922935713156777,-4.92507925722378,0.14301,0.16939,8.8214
280,28,0.5991,0.4009,CV,12.7696,12.6002,-10.003169793130315,-9.958403765857561,-0.37111,1.80545,202.3373
281,8,0.6163,0.3837,CV,2.3363,2.3335,-4.620962776821788,-4.62355578818368,0.08689,0.18301,8.6471
281,28,0.6212,0.3788,CV,17.8774,18.0805,-10.540296458866273,-10.589055525706824,-0.36564,0.18708,205.9301
281,16,0.5,0.5,CA,5.8612,5.8597,-7.319690182149911,-7.327420526472627,0.1975,0.16185,36.3582
281,30,0.5,0.5,CA,32.4916,29.5371,-23.79432314844188,-21.753899222294702,131.09355,43.69519,205.1967
282,8,0.6167,0.3833,CV,1.2799,1.2696,-3.422994830537231,-3.4271986162207178,0.12688,0.14574,8.6011
282,28,0.614,0.386,CV,18.1627,18.1479,-10.316183130547751,-10.301533385226907,-1.46092,-0.73336,205.5571
282,16,0.5671,0.4329,CV,16.191,16.2014,-24.051129887800933,-24.018946862334545,-0.82823,0.4109,36.5638
282,30,0.7339,0.2661,CV,6.9927,10.2722,-10.904096075628347,-11.616475172362765,29.80824,10.18146,244.383
283,8,0.6179,0.3821,CV,0.6324,0.6237,-3.203336934150782,-3.2118665831625317,0.06914,0.13204,8.6181
283,28,0.6065,0.3935,CV,20.8238,20.7373,-11.000025573645782,-10.964721215712476,-1.4783,-0.6732,212.6748
283,16,0.6022,0.3978,CV,8.9084,8.9477,-8.143012636935245,-8.158515377840075,0.14401,0.25668,37.4461
283,30,0.4558,0.5442,CA,17.2519,18.0245,-13.5493146166079,-12.722818769160124,-50.8136,-15.97372,192.6344
283,33,0.7,0.3,CV,0.675,0.675,-2.4205496194893703,-2.4205496194893703,0.0,0.0,2.6158
284,8,0.6174,0.3826,CV,2.2785,2.2788,-4.029565191086594,-4.034607722885958,-0.09533,0.1732,8.7192
284,28,0.6052,0.3948,CV,17.0991,16.9505,-9.986530271808707,-9.956668324641406,-1.54789,-0.77134,220.2358
284,16,0.5991,0.4009,CV,16.3355,16.3296,-20.977892654702043,-20.928953122956145,-0.90281,0.53532,39.7697
284,33,0.6484,0.3516,CV,0.2025,0.2025,-1.4847636697255855,-1.4997944278125632,0.0,-0.10226,3.5323
285,8,0.6137,0.3863,CV,3.5299,3.5222,-6.023582853867579,-6.013548269379287,-0.03304,0.32195,8.9682
285,28,0.608,0.392,CV,16.4236,16.3325,-9.734816605458256,-9.718802331266785,-1.68515,-1.05331,220.0272
285,33,0.6384,0.3616,CV,1.0051,1.0031,-2.285882580197731,-2.335282335838904,0.0,-0.71914,5.1719
286,8,0.6079,0.3921,CV,4.5297,4.511,-11.320090541336766,-11.290869063092208,-0.03422,0.45288,9.3216
286,28,0.6081,0.3919,CV,15.4921,15.3684,-9.584033857564537,-9.564215611459781,-1.79239,-1.07625,225.7613
286,30,0.5,0.5,CA,32.5864,31.1232,-20.64383154427164,-19.95465222533658,-51.0873,-14.2379,131.7065
286,16,0.5,0.5,CA,20.0398,20.0951,-14.603472857623899,-14.587336529576701,0.96045,-0.08801,41.6657
287,8,0.6072,0.3928,CV,3.6697,3.6439,-10.677802217174746,-10.654341118797879,0.03172,0.47635,9.6473
287,28,0.6033,0.3967,CV,25.5085,25.3907,-12.119008062686053,-12.078870299296533,-2.56678,-1.16091,233.0218
287,16,0.5697,0.4303,CV,6.0456,5.9921,-6.738958174979368,-6.717149859092262,1.24237,-0.21454,40.6043
288,8,0.6094,0.3906,CV,3.4647,3.4482,-8.38758498590433,-8.374542608341189,0.17827,0.42524,9.7539
288,28,0.6033,0.3967,CV,20.0564,19.9017,-11.054372737485414,-11.021386696845338,-2.73344,-1.30888,239.3261
288,16,0.5997,0.4003,CV,2.3635,2.3018,-5.519728873025043,-5.521244249115009,1.00783,-0.23816,40.8255
