frame,track_id,mu_CV,mu_CA,dominant,nu_CV_norm,nu_CA_norm,L_CV,L_CA,ax,ay,P_trace
2,74,0.6464,0.3536,CV,3.844,3.844,-16.350184315965535,-16.356096247207965,-0.63403,0.0,50.5612
2,75,0.6463,0.3537,CV,1.2169,1.2169,-2.921960201168599,-2.9275824614567583,0.16181,0.24272,3.781
3,74,0.6063,0.3937,CV,10.1657,10.1532,-10.36724707647389,-10.2829356407868,-8.25611,-0.26932,71.8004
3,75,0.637,0.363,CV,1.0983,1.1029,-2.2697062337731575,-2.315931570354035,0.17225,-0.57119,5.3441
4,74,0.5566,0.4434,CV,8.1629,7.8317,-9.338418882812753,-9.10912295936705,-12.6461,-1.47112,94.7642
4,75,0.6329,0.3671,CV,1.6208,1.6324,-2.7386017993780105,-2.781287320585161,1.25773,0.31418,6.3957
5,74,0.5548,0.4452,CV,5.6574,5.0349,-6.589814144568978,-6.4258556030946465,-13.53317,-1.84788,108.4673
5,75,0.618,0.382,CV,1.4296,1.3795,-2.6072117921670612,-2.5924924880475206,1.37257,0.75253,6.9037
6,74,0.5431,0.4569,CV,6.1577,5.5063,-6.9780411345947435,-6.769533480060659,-14.54337,-1.86285,113.5324
6,75,0.6241,0.3759,CV,0.9314,0.8927,-2.2402259169385053,-2.273230435552191,1.16728,0.22988,6.8813
7,74,0.5684,0.4316,CV,5.3728,4.9188,-9.508816286974998,-9.41981082845394,-12.59705,-1.86673,113.8776
7,75,0.6244,0.3756,CV,0.9466,0.922,-2.0677087351460943,-2.0929083983739365,0.87985,0.06834,6.4661
7,76,0.7,0.3,CV,0.7564,0.7564,-3.1109948355222903,-3.1109948355222903,0.0,0.0,3.8117
8,74,0.5845,0.4155,CV,4.0339,3.4934,-13.03743465628618,-12.977802374363042,-10.60808,-1.42704,109.5542
8,75,0.6232,0.3768,CV,0.5311,0.4917,-1.7329331548139624,-1.7529103872699967,0.63798,0.09415,5.9919
8,76,0.6478,0.3522,CV,1.0833,1.0833,-2.4370982579271923,-2.449235400393924,1e-05,-0.59108,5.1757
9,74,0.59,0.41,CV,4.3139,3.8732,-12.227950316501026,-12.167342178008852,-9.10859,-0.9247,103.7118
9,75,0.6256,0.3744,CV,0.7404,0.7508,-1.838063640293794,-1.869991208816105,0.30787,0.15831,5.5133
9,76,0.6444,0.3556,CV,0.7964,0.8016,-2.6623904358160395,-2.73859604262031,-2e-05,0.03141,7.3467
10,74,0.5506,0.4494,CV,9.5485,9.1553,-12.904477030004038,-12.674860386280791,-10.41143,-0.83714,100.8464
10,75,0.6243,0.3757,CV,0.6867,0.6935,-1.792170654788707,-1.8149177113697628,0.09477,0.13744,5.0731
10,76,0.6413,0.3587,CV,1.6901,1.7132,-3.3017748995884384,-3.369606201030736,-1e-05,-1.13237,8.8011
11,74,0.6042,0.3958,CV,6.5363,6.6172,-10.183954579185686,-10.231993295037466,-6.32813,-0.61354,93.5591
11,75,0.6012,0.3988,CV,4.1589,4.1603,-9.335987814854567,-9.263243797686464,-0.42027,0.18324,4.7078
11,76,0.6309,0.3691,CV,1.2663,1.2066,-2.706548272953887,-2.7341213260100914,1e-05,-1.0693,9.3995
12,74,0.6164,0.3836,CV,2.247,2.1734,-10.520010026001966,-10.540532995194084,-4.1731,-0.35319,88.2221
12,75,0.6033,0.3967,CV,1.442,1.4155,-2.4981779725759012,-2.4684464357921225,-0.40049,0.15297,4.4111
12,76,0.6361,0.3639,CV,0.2223,0.1644,-2.352909099734748,-2.4183409282048145,1e-05,-0.61993,9.3097
12,77,0.7,0.3,CV,16.8421,16.8421,-34.359155023290114,-34.359155023290114,0.0,0.0,36.2402
13,74,0.6251,0.3749,CV,2.517,2.6424,-7.341408171174583,-7.3810662092189165,-1.86979,-0.30855,81.4142
13,75,0.6019,0.3981,CV,1.9483,1.9269,-3.42086826054657,-3.382096499539164,-0.40846,0.13581,4.2374
13,77,0.6259,0.3741,CV,19.5486,19.5486,-54.37485827133732,-54.29221569554466,7.18273,-0.40711,52.8403
13,76,0.6353,0.3647,CV,1.3989,1.4294,-2.8849937272185535,-2.9393078159442108,0.18323,0.0183,8.873
14,74,0.6236,0.3764,CV,3.6502,3.6655,-6.072898754672048,-6.093385587827719,-0.81841,-0.25577,73.941
14,75,0.6143,0.3857,CV,0.3828,0.3988,-1.8592380324982023,-1.8747256359224733,-0.22662,0.07067,4.072
14,76,0.629,0.371,CV,0.8864,0.8851,-2.5573708365593526,-2.5856271742995167,0.13396,0.18462,8.3283
14,77,0.2086,0.7914,CA,35.689,35.4994,-113.46326641959551,-111.64428855908275,33.28658,1.50145,113.7345
15,74,0.6192,0.3808,CV,3.8557,3.8204,-6.023301427466451,-6.0272799581377,-0.88317,-0.248,67.1659
15,75,0.6193,0.3807,CV,1.2063,1.218,-2.2606021683622655,-2.2785173489878447,-0.05491,0.01115,3.8511
15,76,0.6024,0.3976,CV,4.0283,4.0263,-7.243431318906012,-7.168908334404826,-0.02995,0.57347,7.4173
15,77,0.0355,0.9645,CA,34.6964,33.472,-167.3158920430053,-164.1228929733661,87.7912,5.47263,210.8777
16,74,0.6178,0.3822,CV,2.8917,2.8547,-5.694272069250132,-5.698775918447096,-0.93884,-0.08746,62.1143
16,75,0.6179,0.3821,CV,1.5945,1.5966,-3.1726641125211374,-3.177422928704617,0.05925,-0.07745,3.6888
16,76,0.6014,0.3986,CV,1.5884,1.5496,-2.87065990915377,-2.831243561417562,-0.04597,0.58419,6.774
16,77,0.0617,0.9383,CA,25.2174,23.3401,-119.58480459627371,-117.21618321055405,131.1713,7.41942,273.0895
17,74,0.6193,0.3807,CV,0.5816,0.5696,-5.443651571932622,-5.456750267988727,-0.55426,-0.0638,57.5646
17,75,0.6152,0.3848,CV,1.485,1.4797,-2.9325071674283976,-2.9280653909272347,0.12316,-0.11895,3.5618
17,76,0.6173,0.3827,CV,1.3589,1.3779,-3.463122816094363,-3.491981096142597,-0.03282,0.34374,6.3681
17,77,0.1884,0.8116,CA,13.651,10.7941,-97.13568773662819,-95.99171318799182,153.09267,9.86552,303.6095
18,74,0.6202,0.3798,CV,2.7956,2.822,-9.539012791550617,-9.553588389082588,-0.09992,-0.09493,54.3191
18,75,0.6151,0.3849,CV,1.1708,1.1646,-3.0312656643610945,-3.030401762451034,0.10147,-0.13219,3.5153
18,76,0.6198,0.3802,CV,0.1416,0.1454,-2.353279498833721,-2.3690617799091447,-0.02064,0.20062,5.8637
18,77,0.3856,0.6144,CA,5.9002,2.3961,-80.29235221790253,-79.96303830576623,146.88368,8.29402,360.3014
19,74,0.6174,0.3826,CV,6.3148,6.3143,-10.393612247425349,-10.394845078113164,-0.36947,0.04258,52.9847
19,75,0.6161,0.3839,CV,0.9101,0.9053,-2.1908320254111135,-2.194097271000966,0.11559,-0.08945,3.3938
19,77,0.6786,0.3214,CV,3.857,8.0775,-54.17815732281336,-54.78541626559698,63.86515,2.80856,347.0013
19,76,0.615,0.385,CV,1.9653,1.9602,-3.81658004871419,-3.808599758148583,-0.13228,0.18904,5.2913
20,74,0.6182,0.3818,CV,0.6337,0.628,-7.790828486675803,-7.799652336303681,-0.2519,0.03196,50.7471
20,75,0.6179,0.3821,CV,0.5447,0.5469,-1.8396629765458754,-1.8493821662051142,0.08084,-0.0188,3.2998
20,77,0.6979,0.3021,CV,8.0064,9.6555,-52.378314664444574,-52.65106767606305,-6.41985,-1.22583,268.3007
20,76,0.6157,0.3843,CV,0.901,0.8909,-2.0339238963484823,-2.035662480446505,-0.10479,0.12332,4.8084
21,74,0.618,0.382,CV,2.4265,2.422,-7.389664133437489,-7.396599141041848,-0.27286,0.03021,48.4449
21,75,0.6183,0.3817,CV,1.2405,1.2437,-2.386058254032029,-2.394636237274553,-0.0036,0.06222,3.23
21,77,0.6495,0.3505,CV,5.0619,4.8286,-34.920097309297844,-34.94293135868888,-12.95113,-1.51376,209.3119
22,74,0.6185,0.3815,CV,0.8244,0.834,-6.078701510358572,-6.088028479650882,-0.1231,0.00961,46.8629
22,75,0.6163,0.3837,CV,1.3759,1.3728,-3.0495338038364945,-3.0490225961874775,-0.02497,0.12212,3.1097
22,77,0.6361,0.3639,CV,4.2015,3.9903,-30.695850260648804,-30.733414631252533,-9.23664,-1.07792,170.7881
23,74,0.618,0.382,CV,3.3153,3.3134,-5.802419623134164,-5.809018655811778,-0.07532,-0.10733,44.7164
23,75,0.6171,0.3829,CV,0.4873,0.4801,-1.467603383966384,-1.4733376843925625,-0.02529,0.10632,3.0267
23,77,0.516,0.484,CV,13.6831,13.3197,-21.75397020764014,-21.31749593841638,-18.59333,-1.6706,149.3293
24,74,0.6172,0.3828,CV,3.6807,3.6703,-6.61230704258017,-6.6158986104161155,0.04283,-0.05946,42.325
24,77,0.4036,0.5964,CA,14.2225,13.3626,-10.3343427220829,-9.618650982073762,-26.89541,-2.2816,142.9106
24,75,0.6158,0.3842,CV,1.1393,1.1344,-2.1502215572289094,-2.1496786716317593,-0.07469,0.10577,2.9046
25,74,0.6185,0.3815,CV,3.6358,3.6491,-5.8605856848784885,-5.87121440037774,0.21386,-0.09536,41.7354
25,77,0.3608,0.6392,CA,12.7813,11.6861,-18.86926894633541,-18.13183329561143,-36.45491,-2.92317,143.2435
25,75,0.6084,0.3916,CV,2.1284,2.1208,-3.904399285111886,-3.874462959423886,-0.17955,0.16673,2.7633
25,79,0.7,0.3,CV,6.3321,6.3321,-6.785597601328376,-6.785597601328376,0.0,0.0,19.446
26,74,0.6175,0.3825,CV,3.6495,3.6403,-5.745310591316187,-5.749556397748454,0.26687,-0.16425,39.6859
26,77,0.4202,0.5798,CA,7.2591,5.9157,-47.00637551571407,-46.57942392303029,-40.75536,-3.26652,145.6026
26,79,0.6452,0.3548,CV,4.8647,4.8647,-7.345830996614176,-7.346515220183075,0.42283,1.97625,25.503
27,74,0.615,0.385,CV,5.8757,5.8655,-7.99616718720525,-7.991240821569603,0.60159,-0.02601,38.5792
27,79,0.6292,0.3708,CV,3.2914,3.2325,-9.824787694154452,-9.839107794953408,0.49146,3.57806,36.7653
28,74,0.6148,0.3852,CV,3.9411,3.9185,-10.475590682257717,-10.473603763688843,0.55793,0.08801,36.6163
28,79,0.6424,0.3576,CV,1.5599,1.5002,-11.813707720524047,-11.909046323956304,-0.96692,2.5482,43.7973
28,76,0.5,0.5,CA,190.8473,190.8471,-1773.7182478306142,-1768.6718885010077,-2.77349,-0.11776,9.8202
29,74,0.6112,0.3888,CV,5.3941,5.3625,-15.196688598210635,-15.179860588652836,0.77175,0.04743,34.8213
29,79,0.641,0.359,CV,2.2136,2.1419,-18.6681894317032,-18.737597254794068,-1.77,1.29224,44.9078
29,76,0.3741,0.6259,CA,38.821,38.6397,-86.04490231358811,-85.22790451849903,-3.30289,-0.16516,11.2953
30,74,0.6137,0.3863,CV,2.7755,2.7421,-23.699086363753885,-23.698186659778365,0.69107,0.04568,33.6976
30,79,0.6444,0.3556,CV,1.28,1.3189,-21.917114015193366,-22.003637435960503,-1.08818,0.12621,42.7984
30,76,0.5564,0.4436,CV,9.9525,10.0783,-49.11671159359871,-49.21921879646555,-2.18399,-0.13362,13.2049
31,74,0.614,0.386,CV,4.0656,4.0442,-41.340617843215284,-41.337161193901245,0.63342,0.18395,33.0325
31,76,0.6175,0.3825,CV,25.5371,25.6374,-91.44055908399056,-91.53576633314448,0.27408,-0.02587,15.3706
32,74,0.6096,0.3904,CV,5.9338,5.9002,-40.081488876871305,-40.05933782471821,0.83029,0.22587,31.7044
32,76,0.558,0.442,CV,35.5631,35.5538,-112.74340683067368,-112.50339183605055,2.37374,0.08979,18.2993
33,74,0.5908,0.4092,CV,24.4395,24.4833,-44.39951178743618,-44.30517021734511,-1.39088,0.04903,31.5237
33,76,0.4004,0.5996,CA,46.2886,46.1578,-115.60881584517459,-114.8190345371702,5.0972,0.11499,22.0176
34,74,0.5821,0.4179,CV,10.194,10.121,-18.963635398243085,-18.86138027289956,-1.70027,-0.122,30.6362
34,76,0.2552,0.7448,CA,46.6478,46.3705,-106.35455318800454,-105.12246992295708,10.12616,0.11619,28.7831
35,74,0.607,0.393,CV,1.2105,1.235,-17.105052209834575,-17.118841724704268,-1.03346,-0.14072,30.1769
35,76,0.1341,0.8659,CA,52.1479,51.7274,-108.59465848626361,-106.7719154219256,21.74839,0.2165,40.767
36,74,0.6134,0.3866,CV,2.8561,2.8417,-7.5665775254924945,-7.570597239604188,-0.69122,-0.01507,30.2972
36,76,0.0672,0.9328,CA,50.6716,50.0371,-98.89625575043209,-96.47955615556582,43.81004,0.34441,59.9033
37,74,0.5563,0.4437,CV,22.3534,22.3157,-87.86454931641725,-87.6235981269657,-2.18864,0.12287,30.9932
37,76,0.0527,0.9473,CA,37.0266,35.9846,-65.03790272670786,-62.457234958710956,71.49908,0.5046,88.022
38,74,0.5886,0.4114,CV,5.2143,5.1488,-55.66425595118619,-55.63918887278189,-1.60712,0.25364,32.2385
38,76,0.0185,0.9815,CA,37.9641,36.3344,-53.805465230008494,-50.162023762575416,117.30752,0.74658,126.5661
38,82,0.7,0.3,CV,3.0296,3.0296,-7.930762926375445,-7.930762926375445,0.0,0.0,6.5758
39,74,0.6166,0.3834,CV,6.626,6.7166,-31.828418383762845,-31.87287780643161,-0.40786,0.14574,32.0578
39,76,0.071,0.929,CA,18.4421,16.0126,-38.14586371935305,-35.95278395477132,143.97481,0.48189,157.985
39,82,0.6393,0.3607,CV,5.0996,5.0996,-9.534829770546297,-9.509942545071594,-2.17017,-0.1468,8.9795
40,74,0.6161,0.3839,CV,7.9694,7.9859,-22.61343768302597,-22.61465060379705,0.40372,0.16651,32.4846
40,76,0.3836,0.6164,CA,5.3778,4.4168,-18.586071248935163,-18.414855664736855,138.76397,2.17269,199.4719
41,74,0.6117,0.3883,CV,6.9436,6.9235,-11.678104872797167,-11.661700718105159,0.79545,0.12044,32.28
41,76,0.7548,0.2452,CV,8.6823,12.7106,-7.799892011743609,-8.786711264654752,31.53539,1.03075,238.4926
42,74,0.6036,0.3964,CV,8.5423,8.5059,-8.595621381707755,-8.55130542040673,1.11995,0.04316,31.0718
42,76,0.6036,0.3964,CV,17.7497,18.4143,-17.273858264652404,-17.012292752957343,-32.70666,0.02654,179.0802
42,82,0.5,0.5,CA,26.5721,26.5227,-65.09397055335033,-60.08557611987139,-16.75038,-0.3263,19.3115
43,74,0.6049,0.3951,CV,4.9122,4.855,-6.284550409068173,-6.2580769895185435,1.13426,0.15383,31.0031
43,76,0.2264,0.7736,CA,27.3912,28.4816,-45.17539072753141,-43.493978898039074,59.11562,1.50123,189.9689
43,82,0.1231,0.8769,CA,7.2704,6.4456,-43.28062091645374,-41.01517369469073,-27.24867,-0.0268,34.2608
44,74,0.6113,0.3887,CV,2.8208,2.7823,-7.227526756107674,-7.225859373063479,0.81826,0.1264,30.1902
44,76,0.4733,0.5267,CA,3.8868,3.3467,-31.08336186361859,-31.05947196087371,52.1911,1.78103,179.9335
44,82,0.6391,0.3609,CV,4.4809,5.1537,-24.953750606160003,-25.753739846271536,-12.47324,-0.00081,28.7726
45,74,0.6119,0.3881,CV,3.1701,3.124,-9.67528573075453,-9.666766625416054,0.7622,0.1024,29.1996
45,76,0.4566,0.5434,CA,8.0685,6.5715,-8.996678796433923,-8.558646174102329,55.47748,1.94905,172.2525
45,82,0.6297,0.3703,CV,5.4377,5.7884,-22.528252533215927,-22.5541731530808,6.5563,-0.12465,21.9965
46,74,0.6133,0.3867,CV,3.8535,3.8322,-7.997017361538293,-7.993201612504361,0.73076,0.23348,28.994
46,76,0.6213,0.3787,CV,18.3626,20.2034,-19.42278488799584,-19.67747176303135,-27.38452,-0.23786,167.6625
47,74,0.6135,0.3865,CV,2.9702,2.9299,-9.054242756391655,-9.049291995383552,0.69622,0.20343,28.4348
47,76,0.5023,0.4977,CV,10.7573,9.9559,-13.821526266041648,-13.351755240732395,-36.74216,-0.47553,155.5545
48,74,0.6151,0.3849,CV,2.234,2.2033,-8.038460219732888,-8.04019167700132,0.57733,0.11536,28.0044
48,76,0.5108,0.4892,CV,6.6918,5.3909,-16.204145283712272,-15.94200117388894,-36.35971,-0.24478,157.4353
49,74,0.6156,0.3844,CV,2.6931,2.6709,-8.294253982949002,-8.295695189018764,0.46172,0.13861,27.9154
49,76,0.6436,0.3564,CV,9.6045,10.5876,-8.230510320008207,-8.503678507367052,-8.67263,0.15558,155.6285
50,74,0.616,0.384,CV,2.2344,2.2081,-7.738432262329269,-7.740496378175437,0.42138,0.15037,27.5014
50,76,0.6368,0.3632,CV,7.2557,7.5223,-8.816804238018916,-8.86651027858806,3.35762,0.44387,133.8048
51,74,0.6164,0.3836,CV,2.0391,2.0167,-8.76822869455166,-8.77155517478694,0.34684,0.17362,27.3016
51,76,0.633,0.367,CV,3.8193,3.8944,-10.83093424317075,-10.874343685470183,0.15234,0.34944,120.4106
52,74,0.617,0.383,CV,2.0038,1.9898,-7.5004383463882505,-7.505679616740999,0.32964,0.12306,26.7616
52,76,0.6258,0.3742,CV,4.7358,4.7312,-12.049763490820236,-12.067820985115612,1.73941,0.38136,107.9584
53,74,0.6177,0.3823,CV,2.2873,2.2843,-11.876199697784077,-11.883536567412712,0.22559,0.09057,25.8611
53,76,0.6179,0.3821,CV,4.8392,4.7575,-13.270518774720234,-13.265607640253307,2.44847,0.2784,98.756
54,74,0.6178,0.3822,CV,1.6192,1.6066,-12.098218149273752,-12.105246987887817,0.18196,0.12397,25.1655
54,76,0.6139,0.3861,CV,4.3468,4.2261,-9.262788355141947,-9.252751264083813,2.40853,0.151,92.1585
55,74,0.6186,0.3814,CV,2.2196,2.2251,-6.36041343352965,-6.370303904822738,0.10504,0.15512,25.1677
55,76,0.6186,0.3814,CV,13.1663,13.2741,-10.34818736544575,-10.364083030906485,-0.70489,0.04908,84.481
56,74,0.6189,0.3811,CV,1.1305,1.1328,-6.839580783918861,-6.849806246040197,-0.00711,0.12363,24.6725
56,76,0.6066,0.3934,CV,19.2401,19.2881,-15.226323909450517,-15.184621764075704,1.94947,0.26423,82.9481
57,74,0.6186,0.3814,CV,1.8369,1.8342,-7.49149885911886,-7.499697900254931,0.10802,0.13525,24.0525
57,76,0.6034,0.3966,CV,9.8299,9.7315,-8.15303283704808,-8.115716606083904,1.99852,0.24486,82.9507
58,74,0.6181,0.3819,CV,2.0879,2.0811,-9.577726548488446,-9.584397204130198,0.18557,0.09972,23.2915
58,76,0.6105,0.3895,CV,3.5512,3.456,-7.59999490641483,-7.5969847243761155,1.4671,0.27046,81.3069
59,74,0.6166,0.3834,CV,3.2397,3.2299,-6.950899246671268,-6.95212548906318,0.33063,0.16629,22.9253
59,76,0.5877,0.4123,CV,21.9985,21.9399,-15.636486700702807,-15.528238758960384,2.49451,0.40876,75.1686
60,74,0.6181,0.3819,CV,1.5383,1.5385,-5.809103887090019,-5.818792767434184,0.18377,0.10178,22.1007
60,76,0.6118,0.3882,CV,16.1375,16.213,-12.570432494905837,-12.596176667131145,1.05383,0.29774,79.6986
61,74,0.6178,0.3822,CV,3.4752,3.4785,-5.346250516776902,-5.3522753616158125,0.16691,0.12654,22.2546
61,76,0.6157,0.3843,CV,4.5142,4.5061,-8.048351451782292,-8.054784416742098,0.49137,0.34377,82.0226
62,74,0.6167,0.3833,CV,2.9455,2.9343,-6.440671728425194,-6.442720759642876,0.12778,0.10946,22.5755
62,76,0.6175,0.3825,CV,2.0734,2.0765,-9.982837017504695,-9.99154614288001,0.39221,0.21414,81.2076
63,74,0.6183,0.3817,CV,1.6981,1.7088,-4.763234712087588,-4.77349742189153,0.09313,0.10863,21.9065
63,76,0.6136,0.3864,CV,11.8159,11.7948,-9.230224625137634,-9.219504157019518,0.91443,-0.01268,83.8813
64,74,0.6186,0.3814,CV,0.3861,0.3874,-4.475016545142289,-4.484184012267351,0.06703,0.06361,21.5097
64,76,0.6119,0.3881,CV,11.1069,11.0735,-16.051064727543366,-16.03894259613459,1.17982,0.1188,83.3079
65,74,0.6184,0.3816,CV,1.472,1.4698,-4.842879630072914,-4.850831881163854,0.04952,0.06818,21.6166
65,76,0.6076,0.3924,CV,13.1259,13.067,-11.55489243974413,-11.527165863969381,1.52297,0.19364,86.354
66,74,0.6172,0.3828,CV,2.9209,2.9138,-6.145122359917597,-6.14845084577134,0.08095,0.10024,22.095
66,76,0.5992,0.4008,CV,19.8805,19.8,-11.933495579964472,-11.877141423308505,1.98935,0.23339,93.3302
67,74,0.618,0.382,CV,1.9929,1.9965,-4.870816608524744,-4.879137027335592,0.15564,0.04227,21.8167
67,76,0.5993,0.4007,CV,15.6443,15.5275,-9.772976327836869,-9.729601947841514,2.03314,0.3957,99.8742
68,74,0.6185,0.3815,CV,0.5071,0.5136,-4.608639649858687,-4.617889998505317,0.08266,0.00018,21.6456
68,76,0.6166,0.3834,CV,15.1273,15.2374,-13.269110505827477,-13.297977733191374,0.35754,0.43492,101.5906
69,74,0.6187,0.3813,CV,0.4258,0.4269,-5.077652730309947,-5.086912026036133,0.04325,-0.02726,21.6201
69,76,0.6167,0.3833,CV,12.6809,12.6989,-45.90882054155632,-45.91267236958623,-0.51971,0.13568,107.0738
70,74,0.6175,0.3825,CV,3.3795,3.3776,-5.352887062768705,-5.357040633945779,0.15505,-0.04158,22.2339
70,76,0.6103,0.3897,CV,21.3625,21.3291,-102.28247174953613,-102.25906384165557,-1.30711,0.02454,118.289
71,74,0.6177,0.3823,CV,1.5403,1.5315,-4.914676818124217,-4.92117558338608,0.13365,0.03548,22.6114
72,74,0.6184,0.3816,CV,1.4453,1.4532,-5.442715501746796,-5.452053349592305,0.08567,-0.03835,22.4482
73,74,0.6177,0.3823,CV,2.5497,2.5447,-5.736763059528865,-5.741920636857551,0.17473,-0.05839,22.9327
74,74,0.6182,0.3818,CV,0.7765,0.7769,-4.891118025895843,-4.8997190369989765,0.09358,0.00287,23.3245
75,74,0.6185,0.3815,CV,0.8403,0.8421,-5.845216963822227,-5.854043524193566,0.08161,0.02235,23.3918
76,74,0.6185,0.3815,CV,1.8959,1.8985,-8.173842275283485,-8.182499049253224,-0.00472,0.02733,23.1923
77,74,0.6187,0.3813,CV,0.5403,0.5402,-7.126320775218525,-7.135862998250544,-0.03593,0.02714,23.3612
77,84,0.7,0.3,CV,18.6639,18.6639,-36.72301301065302,-36.72301301065302,0.0,0.0,71.9443
78,74,0.6188,0.3812,CV,0.4142,0.4117,-6.05212581706858,-6.061800104832942,-0.04637,0.02555,23.5307
78,84,0.6064,0.3936,CV,22.8928,22.8928,-78.13116068954156,-77.96614928512345,16.34765,2.37006,100.8598
79,74,0.6182,0.3818,CV,2.4632,2.46,-10.454177619051137,-10.46111275512901,-0.09895,0.07368,23.1271
79,84,0.22,0.78,CA,30.3138,29.977,-31.638982887313013,-29.916604597761854,47.971,0.66888,233.3232
80,74,0.6188,0.3812,CV,0.4593,0.4599,-7.667231912458353,-7.677493023323293,-0.0413,0.0663,23.1059
80,84,0.0185,0.9815,CA,39.3331,38.0988,-42.70282648539943,-38.82575255452568,118.52424,-14.71929,377.5531
81,74,0.619,0.381,CV,0.7918,0.791,-7.156024363774572,-7.1660573785477295,-0.07845,0.02388,23.1135
81,84,0.4681,0.5319,CA,20.5517,21.4969,-16.899007207970627,-17.149861192663053,104.10335,-15.82187,366.5874
82,74,0.619,0.381,CV,1.0462,1.0466,-8.906402059985407,-8.916305053273632,-0.0232,-0.03878,22.8932
82,84,0.7244,0.2756,CV,21.3163,24.232,-17.97609860418735,-18.68549516427486,-14.29685,3.24994,341.2217
83,74,0.6189,0.3811,CV,1.3995,1.4028,-6.041938861375152,-6.051609283027459,-0.06219,-0.01218,23.0517
83,84,0.3834,0.6166,CA,27.8591,27.9553,-39.52123392949756,-38.41144506101023,-50.33154,3.2868,286.6672
84,74,0.6187,0.3813,CV,1.2,1.199,-5.676441786150124,-5.685264859871637,-0.01393,0.00041,23.2768
84,84,0.1178,0.8822,CA,20.2081,18.5083,-23.99923345586371,-21.84864655029665,-95.47577,5.78118,300.1044
85,74,0.6181,0.3819,CV,2.0565,2.0519,-5.196832509866816,-5.203324177794494,-0.00655,0.07074,23.6722
85,84,0.1521,0.8479,CA,20.1824,18.0197,-20.20114409322015,-18.719286022362652,-139.58668,9.41578,288.1809
86,74,0.6179,0.3821,CV,1.2246,1.215,-4.920527505250461,-4.927373411417134,-0.00931,0.04725,24.0604
86,84,0.2187,0.7813,CA,19.4759,17.5416,-25.87775789288672,-24.792189152421052,-162.22964,10.97267,335.0484
87,74,0.6181,0.3819,CV,1.9359,1.9383,-5.071144266889578,-5.078984401565282,0.11155,0.03013,24.1192
87,84,0.6162,0.3838,CV,6.3222,9.9974,-10.882330585965626,-11.449436932738994,-99.64183,6.47065,349.0229
88,74,0.6181,0.3819,CV,1.2077,1.2029,-4.898941199178048,-4.906517788649728,0.1416,0.0187,24.2242
88,84,0.5622,0.4378,CV,23.6771,26.4182,-15.749148997949574,-15.527921732243234,73.51412,-3.98638,339.5969
89,74,0.6176,0.3824,CV,2.5002,2.4943,-5.188277147520367,-5.193778931863014,0.23389,-0.0339,24.2266
89,84,0.6463,0.3537,CV,6.3262,6.7768,-9.251420108723625,-9.462259369296875,37.7289,-1.86534,282.7261
90,74,0.616,0.384,CV,3.904,3.8916,-7.868174095857253,-7.867342825806788,0.40437,-0.05768,24.4905
91,74,0.614,0.386,CV,4.3916,4.3701,-11.21236789561965,-11.205594026606914,0.54598,-0.02173,24.5647
91,86,0.7,0.3,CV,1.2169,1.2169,-2.6983202022448367,-2.6983202022448367,0.0,0.0,2.6158
92,74,0.612,0.388,CV,4.6676,4.6395,-12.594422317541579,-12.582127209567178,0.64473,-0.07983,24.3326
92,86,0.6476,0.3524,CV,0.9124,0.9124,-4.055539142188788,-4.066698844869534,-0.26236,0.09837,3.5896
93,74,0.6115,0.3885,CV,4.0181,3.9843,-16.893845194737196,-16.882589321073525,0.6982,-0.0406,24.4734
93,86,0.629,0.371,CV,1.8565,1.8624,-3.671840415385139,-3.682016253637326,1.43583,0.1134,5.276
94,74,0.6088,0.3912,CV,5.243,5.2084,-17.51395221876225,-17.491816248326536,0.79329,-0.01674,23.9454
94,86,0.6304,0.3696,CV,0.931,0.8824,-2.048414183105078,-2.0921188290444834,1.28257,0.07739,6.5274
95,74,0.6098,0.3902,CV,3.6506,3.6091,-24.418971816159427,-24.405077597931417,0.79386,-0.02995,23.8576
95,86,0.6483,0.3517,CV,1.4152,1.4855,-2.5508116844292408,-2.67009903931611,-0.15679,-0.17167,6.8802
96,74,0.6124,0.3876,CV,2.7824,2.7456,-29.663599036041244,-29.659201975718865,0.6992,-0.01861,23.9725
96,86,0.6213,0.3787,CV,2.4105,2.4185,-6.152668958550058,-6.128956518786618,0.94206,-0.40552,6.7932
97,74,0.5994,0.4006,CV,18.9992,19.0369,-33.85296357458533,-33.7902619969793,-1.08924,0.00014,24.4846
97,86,0.6196,0.3804,CV,1.3708,1.3516,-6.0929602172747455,-6.101820163481966,0.70701,-0.2799,6.685
98,74,0.6012,0.3988,CV,5.2739,5.2115,-10.804629411915649,-10.768808004438025,-1.07431,0.03227,24.7829
98,86,0.6248,0.3752,CV,0.4345,0.4369,-5.191037458059143,-5.224785670515006,0.38408,-0.1525,6.389
99,74,0.6092,0.3908,CV,3.0152,2.9774,-6.886590538642774,-6.881588694498251,-0.78286,-0.05511,25.4198
99,86,0.6255,0.3745,CV,0.4608,0.481,-4.8039868469578995,-4.832903699388115,0.16548,-0.06872,6.0418
100,74,0.6158,0.3842,CV,1.774,1.7883,-5.4723049866385445,-5.483109822138671,-0.3967,-0.05414,25.9848
100,86,0.623,0.377,CV,1.5089,1.5175,-5.399536222604326,-5.41691715220775,-0.03841,-0.08827,5.632
101,74,0.6178,0.3822,CV,1.6647,1.6745,-5.20157500677851,-5.2112314898149386,-0.14459,-0.03241,26.4637
101,86,0.6187,0.3813,CV,1.7886,1.7881,-6.033057947908166,-6.035631625788958,-0.01798,-0.01964,5.1402
102,74,0.618,0.382,CV,3.5536,3.5603,-5.662029266385402,-5.669444745828062,0.14365,-0.07468,26.7986
102,86,0.619,0.381,CV,1.0721,1.0735,-6.914181907181553,-6.9248097924740115,-0.09516,0.04071,4.8532
103,74,0.6175,0.3825,CV,2.7102,2.703,-5.573564255145663,-5.578626550708736,0.26522,-0.03361,27.0836
103,86,0.6178,0.3822,CV,1.1602,1.1568,-4.233744239357809,-4.238453000697685,-0.03816,0.10489,4.5165
104,74,0.6167,0.3833,CV,3.0191,3.0046,-5.532945704003841,-5.535463751081973,0.35733,-0.00656,27.5557
104,86,0.618,0.382,CV,0.826,0.8235,-6.055713674490658,-6.06331210706734,-0.08648,0.06078,4.2421
105,74,0.6171,0.3829,CV,2.2374,2.225,-5.326531926665936,-5.3319121912481675,0.32654,0.01068,27.5798
105,86,0.6184,0.3816,CV,1.7458,1.7509,-5.431832066825465,-5.440788564192367,0.02293,0.05848,4.15
106,74,0.5886,0.4114,CV,21.4784,21.4942,-76.87301266056008,-76.75854770856826,-1.38202,0.30186,26.7473
106,86,0.6184,0.3816,CV,1.2905,1.2935,-4.9090579266836585,-4.917460935837718,-0.06148,-0.00163,3.9697
107,74,0.6038,0.3962,CV,2.8107,2.7544,-36.85028944560746,-36.84099857961027,-1.01499,0.17533,26.4702
107,86,0.618,0.382,CV,0.7263,0.7244,-3.969157214773183,-3.9756829186264806,-0.06753,0.03252,3.8185
108,74,0.6185,0.3815,CV,4.3852,4.4388,-23.742769926568037,-23.773112571692636,-0.17403,0.0586,26.5288
108,86,0.6179,0.3821,CV,0.587,0.5841,-3.525601224125,-3.5323105134740755,-0.05556,0.05272,3.7062
109,74,0.6165,0.3835,CV,6.3225,6.3332,-21.188328896790974,-21.18861621777267,0.47533,-0.04659,26.5893
109,86,0.6181,0.3819,CV,0.879,0.8802,-3.1341981179111587,-3.141943060411039,0.00184,0.04003,3.6772
110,74,0.6093,0.3907,CV,7.27,7.2476,-24.603871617901675,-24.576626610201586,0.81617,-0.00491,27.1748
110,86,0.6165,0.3835,CV,1.963,1.9636,-3.3967964497795524,-3.397557013116206,-0.12213,0.02432,3.5719
111,74,0.6012,0.3988,CV,9.9109,9.8719,-28.795610266014748,-28.745099745312714,0.93448,0.10569,29.0349
111,86,0.6105,0.3895,CV,2.6935,2.6873,-4.822737737606474,-4.800561253269038,-0.24556,0.01188,3.5597
112,74,0.6093,0.3907,CV,6.3157,6.3075,-16.71325005994125,-16.70833360972559,0.81702,-0.11696,28.2119
112,86,0.6133,0.3867,CV,0.8617,0.8485,-2.1837371112791764,-2.182028480873024,-0.20395,0.00318,3.5488
113,74,0.6027,0.3973,CV,8.2897,8.2524,-10.002052551031916,-9.957705860178322,1.0711,-0.18118,27.3553
113,86,0.6148,0.3852,CV,0.7944,0.7836,-2.1269025675151205,-2.1276970974708647,-0.17569,-0.00231,3.5281
114,74,0.6083,0.3917,CV,2.9926,2.9349,-8.74003630070887,-8.729001103509244,0.91609,-0.14213,27.4156
114,86,0.6177,0.3823,CV,0.9278,0.9335,-2.2809895296465355,-2.2917862920317775,-0.06384,0.01618,3.5746
115,74,0.6123,0.3877,CV,2.3813,2.3339,-9.074017162655439,-9.0714083963895,0.74711,-0.14331,27.3062
115,86,0.6185,0.3815,CV,1.259,1.2634,-3.2805553239390255,-3.2900463139069056,0.03636,-0.00904,3.5327
116,74,0.6182,0.3818,CV,1.8288,1.8607,-14.929200481741498,-14.9457811917702,0.35077,-0.00606,27.4739
116,86,0.6155,0.3845,CV,2.0381,2.0368,-3.985194593674177,-3.9813440276217444,0.11102,-0.03991,3.3781
117,74,0.6188,0.3812,CV,1.7717,1.7733,-16.604712930759362,-16.614817514098945,0.19964,-0.01658,27.807
117,86,0.6178,0.3822,CV,1.2431,1.2469,-2.782761223049719,-2.7925728726006662,-0.00468,-0.08949,3.3705
118,74,0.619,0.381,CV,0.8857,0.8915,-15.007752145160605,-15.018245284721411,0.08783,-0.05121,27.6794
118,86,0.6183,0.3817,CV,0.569,0.5673,-1.7805392420414337,-1.789341035248382,0.03451,-0.07539,3.3632
119,74,0.6187,0.3813,CV,1.2744,1.2708,-14.936294536450468,-14.944889038927752,0.06326,-0.03292,27.8786
119,86,0.6158,0.3842,CV,2.1728,2.1727,-5.4915309535590335,-5.489133047325486,0.13285,-0.02586,3.4591
120,74,0.6181,0.3819,CV,2.0384,2.0322,-14.903717460695741,-14.910432674581655,0.10464,0.0118,28.3496
121,74,0.6181,0.3819,CV,1.7731,1.7707,-11.939145209625206,-11.946641079670325,0.06006,0.11165,28.587
122,74,0.6181,0.3819,CV,1.4595,1.4538,-12.98597969653307,-12.993315205893964,0.05117,0.15219,28.7316
122,86,0.5,0.5,CA,1.0858,1.0865,-3.5200554686988923,-3.5305744654177524,-0.0023,-0.04876,3.8955
123,74,0.618,0.382,CV,1.6377,1.6312,-10.510271397883713,-10.51738448867967,0.00856,0.1893,28.8996
123,86,0.5759,0.4241,CV,1.6758,1.6763,-3.149493839961713,-3.153115561411788,0.04504,-0.08976,3.5643
124,74,0.6182,0.3818,CV,1.5499,1.548,-6.966191687411361,-6.974148128402987,0.10214,0.12458,29.2711
124,86,0.6041,0.3959,CV,0.3674,0.3673,-1.8427237530881038,-1.8533469320320528,0.0486,-0.06755,3.5933
125,74,0.618,0.382,CV,2.1057,2.1003,-6.274857527836704,-6.281719707644614,0.19814,0.07603,29.5681
125,86,0.6136,0.3864,CV,0.7907,0.7886,-2.076453353082769,-2.0853846651060386,0.0998,-0.03529,3.6318
126,74,0.6182,0.3818,CV,0.9744,0.9637,-5.612145749263217,-5.620093600345104,0.17561,0.06572,29.8063
126,88,0.7,0.3,CV,0.6782,0.6782,-2.183927850431778,-2.183927850431778,0.0,0.0,1.8825
127,74,0.6172,0.3828,CV,3.9009,3.8952,-6.260288198998952,-6.263697830156237,0.25817,0.0645,30.9653
127,88,0.6471,0.3529,CV,0.8909,0.8909,-1.6253511113527046,-1.6343464501351432,-0.0,0.14496,2.5765
128,74,0.6165,0.3835,CV,5.104,5.1014,-6.290673218236955,-6.292547883844901,0.39046,-0.06547,30.5682
128,88,0.6417,0.3583,CV,0.4423,0.4526,-1.4865891532507993,-1.5522965548957102,-0.0,-0.09278,3.6788
129,74,0.6164,0.3836,CV,2.5856,2.5642,-5.407242108795398,-5.410107089265667,0.39864,-0.09901,30.6478
129,88,0.6451,0.3549,CV,0.4342,0.4291,-1.435097688541432,-1.5234964047014135,-0.0,-0.37192,4.3912
130,74,0.6181,0.3819,CV,1.1896,1.1986,-5.357917949065275,-5.367965069623024,0.23164,-0.0078,31.3
130,88,0.6332,0.3668,CV,1.2146,1.2072,-2.057069485212262,-2.088850450042403,0.38602,-0.65108,4.7411
131,74,0.6178,0.3822,CV,4.1177,4.1206,-7.87292979273216,-7.878994441106181,0.07426,0.1223,32.6697
131,88,0.5979,0.4021,CV,2.1106,2.0852,-4.483337254499574,-4.383717559863806,0.58579,-1.02663,4.6746
132,74,0.6178,0.3822,CV,2.4253,2.4203,-7.633339566548074,-7.640070858698255,0.04841,0.22122,33.1184
132,88,0.6174,0.3826,CV,0.3497,0.303,-1.8277407272964488,-1.8620828586508378,0.3873,-0.67973,4.4812
133,74,0.618,0.382,CV,2.2895,2.2876,-6.620667625474219,-6.62807679185339,0.0156,0.21906,32.9929
133,88,0.6132,0.3868,CV,1.166,1.1435,-2.046487299171375,-2.0341696189529923,0.37102,-0.61255,4.2613
134,74,0.6178,0.3822,CV,2.6401,2.634,-5.9924589129665815,-5.9989229601211544,-0.0585,0.19505,32.7784
134,88,0.6176,0.3824,CV,0.9781,0.9721,-1.8099165635167809,-1.822719775546088,0.21477,-0.3965,4.0635
135,74,0.6182,0.3818,CV,1.8889,1.8839,-5.444029404282741,-5.452183619129526,-0.17095,0.12049,33.0594
135,88,0.6097,0.3903,CV,1.477,1.4541,-2.600679698176247,-2.5732032420775868,0.1941,-0.37866,3.9159
135,86,0.5,0.5,CA,2.1199,2.1199,-5.355669453226618,-5.360307508729219,-0.00925,-0.02423,3.8223
136,74,0.6183,0.3817,CV,4.9968,5.0089,-6.61065461629234,-6.618844725962563,0.22842,-0.04229,33.7163
136,88,0.6156,0.3844,CV,0.3436,0.3273,-1.7865141351272196,-1.7957183777173893,0.1101,-0.24886,3.7573
137,74,0.6177,0.3823,CV,3.2341,3.2284,-5.911396949504386,-5.917021150878389,0.23026,-0.05508,34.8998
137,88,0.6181,0.3819,CV,0.4013,0.4004,-1.7744334695964004,-1.785606747037334,0.09371,-0.14311,3.6093
138,74,0.6178,0.3822,CV,1.7136,1.7002,-6.751711839838437,-6.758487216122919,0.23521,-0.07637,35.4058
138,88,0.6151,0.3849,CV,1.2709,1.2627,-2.3885573380867027,-2.3833554487692616,0.10129,-0.18094,3.4852
139,74,0.6177,0.3823,CV,2.3981,2.389,-8.662161337480367,-8.668334733565386,0.27936,-0.04938,35.5144
139,88,0.617,0.383,CV,0.5352,0.5324,-1.6923345095925668,-1.6997015822909503,0.05235,-0.11903,3.4428
140,74,0.6177,0.3823,CV,3.5867,3.5869,-11.950402805493049,-11.956931591034863,0.18422,0.0529,34.9477
140,88,0.6163,0.3837,CV,1.2732,1.2701,-2.415899996653077,-2.4171818149384436,0.09736,-0.10707,3.3273
141,74,0.6176,0.3824,CV,4.1067,4.1075,-14.809386415756407,-14.815178229017047,0.3171,0.06837,36.0345
141,88,0.6172,0.3828,CV,0.858,0.857,-2.052825703837208,-2.059244385772845,0.10018,-0.03206,3.2401
141,86,0.5,0.5,CA,2.7183,2.7186,-6.545770005426563,-6.551605195280151,0.05493,-0.0018,4.0518
141,89,0.7,0.3,CV,31.8926,31.8926,-40.93355339865305,-40.93355339865305,0.0,0.0,22.7453
142,74,0.6165,0.3835,CV,4.0393,4.0235,-15.38882393871961,-15.390505551592552,0.45736,-0.00568,36.4476
142,88,0.6182,0.3818,CV,0.9084,0.9116,-2.4501760176414473,-2.4595729751604805,0.04676,0.03307,3.2369
142,89,0.4894,0.5106,CA,32.7811,32.7811,-67.80339178661946,-67.16377917015379,-15.57087,-5.29112,32.2282
142,86,0.5765,0.4235,CV,0.3,0.2971,-3.460268842995725,-3.466519913166861,0.04277,0.00872,3.7025
143,74,0.6153,0.3847,CV,4.6178,4.5964,-20.493703777745758,-20.49151779040148,0.55266,-0.10415,36.216
143,86,0.6039,0.3961,CV,1.295,1.2985,-2.7345565213023666,-2.743217362997669,-0.02439,-0.05001,3.612
143,88,0.6175,0.3825,CV,1.0765,1.0749,-2.2161955306741676,-2.2207359698965305,0.04186,0.07685,3.1566
144,74,0.6155,0.3845,CV,4.0543,4.036,-13.951433978550305,-13.952115780273669,0.54698,-0.05915,37.2782
144,86,0.6129,0.3871,CV,1.0231,1.0216,-3.295785137202248,-3.302111108698158,-0.08928,-0.035,3.5958
144,88,0.6169,0.3831,CV,1.4039,1.4039,-2.414813854855018,-2.418153041029959,-0.04734,0.05512,3.0369
145,74,0.6163,0.3837,CV,2.8102,2.7884,-18.331755947475735,-18.335652134585132,0.47631,-0.11225,37.3972
145,86,0.6144,0.3856,CV,1.4128,1.4079,-3.63259642010585,-3.6321809337716595,-0.13651,-0.06097,3.5338
146,74,0.6168,0.3832,CV,2.7538,2.7362,-17.50771450560581,-17.512365828796895,0.39935,-0.12487,37.0346
146,86,0.6171,0.3829,CV,1.0924,1.0937,-2.231561940575841,-2.2402037588804182,-0.05077,-0.11223,3.5602
146,90,0.7,0.3,CV,45.8916,45.8916,-80.70453753477183,-80.70453753477183,0.0,0.0,31.7943
147,74,0.6178,0.3822,CV,1.1397,1.1212,-12.676860813139353,-12.68516092143842,0.28635,-0.07387,37.0091
147,90,0.0518,0.9482,CA,64.0305,64.0305,-296.14943580678414,-292.64429892473004,-49.96507,1.89203,67.4646
147,86,0.6188,0.3812,CV,0.3292,0.3358,-1.8483286450317264,-1.8604736299938274,-0.01696,-0.0472,3.5689
148,74,0.6187,0.3813,CV,0.6996,0.7047,-9.468148016935624,-9.478602558080517,0.14144,-0.02219,37.0601
148,86,0.6188,0.3812,CV,0.6902,0.6907,-1.9960906402561394,-2.0053467063363093,-0.05294,-0.00248,3.5555
148,90,0.0,1.0,CA,72.2842,71.1512,-356.9610927755288,-329.3149246221432,-245.14768,-4.37382,160.385
149,74,0.6187,0.3813,CV,1.7909,1.7878,-8.074430107430935,-8.083649934112323,0.02909,-0.03534,36.6483
149,86,0.6187,0.3813,CV,0.4079,0.4069,-1.8719762146846795,-1.8810871145281414,-0.0428,0.02483,3.5402
149,90,0.0,1.0,CA,47.4913,42.5953,-179.31975559109586,-150.29502405199906,-379.60868,-13.18932,203.5672
150,74,0.619,0.381,CV,1.6911,1.6975,-5.8078611798344655,-5.818159108434208,-0.0935,-0.00686,36.7947
150,86,0.6184,0.3816,CV,0.8055,0.8048,-2.038149649228058,-2.0459287924792893,-0.02553,0.04086,3.4616
150,90,0.3746,0.6254,CA,7.8389,7.7838,-15.294014470544091,-15.186827493480136,-370.88182,-2.10881,173.583
150,88,0.5,0.5,CA,5.8126,5.8119,-7.855361097215372,-7.837201015923442,-0.11019,0.16911,2.9773
151,74,0.6186,0.3814,CV,2.3343,2.3326,-5.553357171575988,-5.561572492406552,-0.17587,-0.00303,37.2559
151,86,0.6119,0.3881,CV,3.6699,3.6716,-7.58483585583201,-7.565799987153275,0.22307,0.07092,3.5409
151,90,0.8235,0.1765,CV,17.2314,25.6731,-20.798016660196016,-22.213753261666294,20.40296,15.23366,274.8292
151,88,0.5711,0.4289,CV,1.56,1.5504,-3.4609044296872056,-3.4449215741077586,-0.15978,0.18848,2.6858
152,74,0.6183,0.3817,CV,1.5814,1.5719,-5.828930544179272,-5.836645965792713,-0.17433,0.01705,37.6275
152,90,0.4435,0.5565,CA,19.8139,19.6822,-18.114412820589155,-17.09546931281488,-29.42367,13.20655,177.7436
152,88,0.603,0.397,CV,1.2462,1.252,-2.0883868838760824,-2.101411574872365,-0.07506,0.12543,2.7225
152,86,0.6115,0.3885,CV,1.7225,1.7107,-3.006239044369986,-2.9949618122808195,0.21625,0.0716,3.6594
153,74,0.6185,0.3815,CV,3.1949,3.2014,-5.774908273492248,-5.783542202526794,-0.10855,-0.03352,36.7118
153,90,0.2003,0.7997,CA,21.2232,22.2547,-69.19628499753625,-67.59014942238139,61.0163,7.87521,171.9391
153,88,0.6124,0.3876,CV,0.8491,0.8456,-1.6987666846140792,-1.7046215189290925,-0.10326,0.06248,2.7365
153,86,0.618,0.382,CV,3.2311,3.2445,-7.752302768771421,-7.769130418201346,-0.07258,0.01887,3.575
154,74,0.6184,0.3816,CV,1.6985,1.6919,-5.80530301646986,-5.81336318492693,-0.14118,-0.11056,36.4949
154,90,0.7789,0.2211,CV,18.3205,20.2054,-76.86384625163913,-78.24272270013294,-19.20197,-2.97258,130.8458
154,88,0.6174,0.3826,CV,0.4699,0.4745,-1.4420459434958586,-1.4548172682559313,-0.0323,0.0173,2.714
154,86,0.6181,0.3819,CV,0.5105,0.5075,-2.3285892019937116,-2.3361439727246887,-0.06616,0.01581,3.5381
155,74,0.6186,0.3814,CV,0.8494,0.839,-5.948669290381146,-5.957734413068994,-0.13464,-0.09749,36.4524
155,90,0.4737,0.5263,CA,16.7721,16.6328,-48.82400319094557,-47.99873029324227,-29.75536,-6.18754,105.878
155,88,0.6155,0.3845,CV,1.6851,1.6831,-4.744486025354993,-4.741845256545239,-0.0157,-0.05466,2.7973
155,86,0.6166,0.3834,CV,2.3031,2.3053,-3.9456476189160483,-3.9466865539834437,0.04627,0.11467,3.6611
156,74,0.6187,0.3813,CV,1.4401,1.4363,-6.849134723650858,-6.858306039379402,-0.06946,-0.0668,35.9373
156,86,0.6129,0.3871,CV,3.0176,3.017,-5.175756488454258,-5.16345767391154,-0.1284,0.18623,3.6054
156,90,0.4916,0.5084,CA,10.8212,10.576,-45.11691645459895,-44.81847274464384,-23.56913,-8.63909,100.6963
156,88,0.6099,0.3901,CV,2.9762,2.9734,-5.674401942746951,-5.650989291851318,-0.05617,-0.21808,2.7875
157,74,0.6183,0.3817,CV,2.0687,2.0597,-6.80336594037177,-6.811040907129206,-0.05972,-0.11682,35.1959
157,86,0.615,0.385,CV,0.8202,0.8105,-2.0820813316519073,-2.0841501354084175,-0.12823,0.13087,3.5753
157,90,0.1847,0.8153,CA,25.0151,25.6296,-34.55024087161152,-32.77535961148373,34.64935,-0.39733,103.5063
157,88,0.6134,0.3866,CV,0.731,0.7198,-1.7820056863070408,-1.7817974566178636,-0.05446,-0.17478,2.7728
158,74,0.6188,0.3812,CV,1.0972,1.0971,-8.892420903940128,-8.902565566071724,-0.11463,-0.06276,34.9374
158,88,0.6152,0.3848,CV,1.1702,1.1676,-2.1367712662472353,-2.1390339861358463,-0.09139,-0.11943,2.7178
158,86,0.6166,0.3834,CV,1.0349,1.0327,-2.539070145672286,-2.5447553730606254,-0.14087,0.03603,3.5751
159,74,0.6187,0.3813,CV,2.1213,2.1213,-11.510078019024277,-11.519027116275907,-0.16063,-0.07771,35.0746
159,88,0.6173,0.3827,CV,0.4699,0.4682,-1.5376861438571279,-1.5459303210582336,-0.07504,-0.07414,2.7469
159,90,0.5,0.5,CA,67.0044,68.4667,-89.66547458663986,-81.70594396041213,-135.55686,-15.84598,79.7097
159,86,0.618,0.382,CV,0.5471,0.5459,-2.5883900646072995,-2.5974797769484335,-0.09838,-0.01546,3.5721
160,74,0.6183,0.3817,CV,2.1534,2.1466,-11.09838425361744,-11.105970378952666,-0.23597,-0.02886,34.5881
160,88,0.6178,0.3822,CV,1.0087,1.0096,-2.2379655649516286,-2.2453200114945355,-0.00583,-0.06552,2.822
160,90,0.001,0.999,CA,45.3121,49.2562,-65.09343413939014,-57.88053986330382,338.04375,40.05884,252.222
161,74,0.6181,0.3819,CV,1.9041,1.8953,-11.300784978282723,-11.308065477074205,-0.23899,-0.02756,34.5889
161,90,0.3172,0.6828,CA,30.7866,30.4045,-32.78219544213598,-32.419651910704495,330.89015,42.75693,219.6809
161,88,0.6156,0.3844,CV,1.9465,1.9461,-3.3514475626697466,-3.3487686936325485,-0.08289,-0.11485,2.739
162,74,0.6176,0.3824,CV,2.6122,2.6,-10.72787825684469,-10.7331476145529,-0.31711,0.01033,34.3507
162,88,0.6176,0.3824,CV,0.45,0.4498,-1.8502070657133431,-1.8590764776529252,-0.07268,-0.06156,2.7543
162,90,0.821,0.179,CV,31.7486,37.0206,-40.79926320784757,-42.278432780899934,51.05391,10.41941,422.1477
163,74,0.6181,0.3819,CV,0.9708,0.9575,-11.507760695048251,-11.515925674698762,-0.24224,-0.02442,34.125
163,90,0.692,0.308,CV,26.2625,26.682,-31.42787900974748,-31.449358947590678,-19.13101,-0.12234,283.5141
163,88,0.6189,0.3811,CV,1.0108,1.0158,-2.249006074772486,-2.260477499733264,1e-05,0.02153,2.7726
164,74,0.6182,0.3818,CV,2.1264,2.1251,-12.374854217568721,-12.3827206243053,-0.15212,0.00504,34.5613
164,88,0.6183,0.3817,CV,0.732,0.7309,-1.9666039753383293,-1.9737923588159092,0.01693,0.06097,2.7741
165,74,0.6186,0.3814,CV,1.3196,1.3285,-9.941302509837659,-9.950966891048488,-0.03784,-0.04984,34.369
165,88,0.6172,0.3828,CV,1.115,1.1126,-2.168369790405383,-2.171597912671846,-0.02956,0.10197,2.7747
166,74,0.6185,0.3815,CV,1.8439,1.8455,-9.643244503289434,-9.651733401108427,0.09455,-0.01652,34.406
166,88,0.6171,0.3829,CV,0.8392,0.8358,-1.890393695889889,-1.894985713978186,0.01749,0.10702,2.776
167,74,0.6181,0.3819,CV,2.2198,2.2141,-9.423829790630677,-9.43078998989922,0.19129,0.0033,34.6842
167,88,0.6131,0.3869,CV,2.0362,2.0312,-3.4798205834242566,-3.4678188497009206,-0.02127,0.19033,2.8358
168,74,0.6184,0.3816,CV,0.9095,0.9058,-9.516279626068513,-9.52497597699552,0.14982,-0.03021,34.6364
168,88,0.6122,0.3878,CV,1.747,1.7406,-2.9576179161064715,-2.947513435406566,-0.0231,0.20445,2.7561
169,74,0.6183,0.3817,CV,1.7086,1.7036,-9.376065641699899,-9.38404451430782,0.15609,-0.08944,34.4296
169,88,0.6089,0.3911,CV,1.9283,1.9181,-3.3630805428463457,-3.3404477327192654,-0.01459,0.26757,2.7788
169,86,0.5,0.5,CA,2.6589,2.659,-5.302649934465013,-5.306816254583331,0.04619,-0.00951,3.9083
170,74,0.6181,0.3819,CV,1.8631,1.8543,-9.086007752274973,-9.09333134512146,0.20359,-0.11263,34.5793
170,88,0.6085,0.3915,CV,1.5988,1.5852,-2.7676410216758303,-2.748313486474729,-0.05571,0.27482,2.8072
170,86,0.5769,0.4231,CV,0.5978,0.6001,-2.4119213402137882,-2.419770265119742,-0.00836,-0.00145,3.5958
171,74,0.6181,0.3819,CV,1.8006,1.7907,-10.307559041647924,-10.314876854755614,0.23005,-0.07315,34.8986
171,88,0.6061,0.3939,CV,1.8867,1.8717,-3.242674392712253,-3.213563010159113,-0.04643,0.31294,2.8211
171,86,0.6022,0.3978,CV,1.8652,1.8657,-3.8286388867127625,-3.829639045521155,0.16219,0.00946,3.5732
171,92,0.7,0.3,CV,10.2812,10.2812,-9.07400962565535,-9.07400962565535,0.0,0.0,20.1829
172,74,0.6169,0.3831,CV,3.8386,3.8261,-9.48397771819512,-9.486363208696012,0.3857,-0.03094,35.2769
172,88,0.6103,0.3897,CV,0.9263,0.9095,-1.9294305722373601,-1.9219444545907807,-0.02749,0.26365,2.8328
172,86,0.6122,0.3878,CV,0.7412,0.7342,-1.9068699681627077,-1.9131292549565202,0.15207,0.04835,3.5613
172,92,0.6306,0.3694,CV,10.9152,10.9152,-12.22000281170877,-12.15765687860918,-5.18541,-2.17227,27.3768
173,74,0.6157,0.3843,CV,4.3523,4.3341,-7.7383401799343075,-7.737570309444049,0.49869,0.09067,35.3112
173,88,0.6116,0.3884,CV,1.7518,1.7456,-3.5669842266497636,-3.5584260649513597,0.03406,0.22287,2.9534
173,92,0.4813,0.5187,CA,10.465,10.3088,-12.873199237171107,-12.305950946309293,-13.74956,-4.91582,46.9264
173,86,0.6158,0.3842,CV,2.6384,2.6468,-4.653935375689903,-4.660481485975549,-0.13925,-0.01091,3.5359
174,74,0.6155,0.3845,CV,3.5009,3.4752,-6.415226323147374,-6.415054428061434,0.53325,0.05787,35.1899
174,88,0.6122,0.3878,CV,2.0086,2.0053,-3.4528109661172692,-3.444976829367172,-0.00259,0.22498,2.8456
174,92,0.1843,0.8157,CA,12.2867,11.6502,-16.659529398960856,-14.896649385001272,-29.06981,-10.33374,83.5366
174,86,0.6159,0.3841,CV,1.1735,1.1676,-2.61137743564961,-2.6127982660391718,-0.15447,0.01419,3.5641
175,74,0.617,0.383,CV,1.5284,1.5091,-6.318353398548201,-6.325085022536492,0.39907,0.02282,35.6211
175,86,0.6186,0.3814,CV,0.7824,0.7882,-2.404391698825459,-2.4172050043426765,-0.06016,0.04665,3.4971
175,88,0.6046,0.3954,CV,2.4405,2.4311,-4.6561695799728255,-4.615433798104979,0.05249,0.27186,2.6892
176,74,0.616,0.384,CV,3.8764,3.8553,-6.05431777914744,-6.054506994290452,0.49361,-0.02547,36.1369
176,92,0.5,0.5,CA,13.1277,11.8459,-31.32393070580612,-30.374782996898062,-42.85451,-13.0366,87.9259
176,86,0.6128,0.3872,CV,2.7879,2.7849,-5.839150397766122,-5.823710748719563,-0.16,0.087,3.6267
177,74,0.616,0.384,CV,3.0023,2.9752,-5.805154275125467,-5.806787972096037,0.49698,-0.0399,36.4375
177,92,0.558,0.442,CV,2.8453,2.0892,-15.744976389255182,-15.67567750293966,-33.07309,-9.10081,89.7129
177,86,0.6093,0.3907,CV,2.4705,2.4583,-6.430432005884314,-6.4085673754149255,-0.21469,0.07547,3.7843
178,74,0.616,0.384,CV,2.9561,2.929,-5.729186256674159,-5.730979105527175,0.49282,-0.01984,36.8752
178,92,0.6487,0.3513,CV,4.6296,4.9986,-6.811184099461531,-7.038448645083426,-13.30398,-3.07619,77.3977
178,86,0.6169,0.3831,CV,3.8805,3.8946,-7.533860749630678,-7.549417238773692,0.09189,0.07162,3.6398
179,74,0.6177,0.3823,CV,0.7505,0.7403,-6.577100598572128,-6.58575372551724,0.32051,-0.02013,37.0017
179,86,0.6163,0.3837,CV,1.2802,1.2765,-2.8537188083223803,-2.8553578584931723,0.13658,0.0264,3.5889
179,92,0.6584,0.3416,CV,3.5701,3.8251,-7.816267695026947,-7.952793409720444,-1.07349,-0.50996,61.0935
180,74,0.6175,0.3825,CV,3.0038,2.9938,-8.003988640354219,-8.009450711653583,0.32129,-0.00118,36.521
180,86,0.0,1.0,CA,1080.8396,1080.8469,-439817.2518918097,-436952.2753131193,-79.87981,-2.0858,4.0401
181,74,0.6162,0.3838,CV,6.7406,6.7417,-7.876611580289518,-7.876871303060596,0.34208,0.24205,38.1786
181,86,0.2569,0.7431,CA,723.7333,725.3315,-192466.53010659936,-192465.87328558328,9.14032,0.37418,4.331
182,74,0.6157,0.3843,CV,4.0531,4.0285,-6.349217802876937,-6.349240210405254,0.29219,0.26017,39.8207
182,86,1.0,0.0,CV,257.0265,256.3737,-15606.201126077181,-18563.673973062687,336.04502,13.25795,9.443
182,93,0.7,0.3,CV,0.0488,0.0488,-4.884486020663764,-4.884486020663764,0.0,0.0,13.571
183,74,0.6151,0.3849,CV,5.1195,5.0992,-7.2795542842029395,-7.277832228903372,0.473,0.17779,40.6165
183,86,0.75,0.25,CV,6.5147,6.5147,-17.08854962534471,-17.08854962534471,0.0,0.0,6.9827
184,74,0.6169,0.3831,CV,1.1025,1.0808,-5.77009930772336,-5.776769036712496,0.34764,0.09166,41.241
184,86,0.6393,0.3607,CV,62.4944,62.4944,-1313.5025175508806,-1313.4002781332383,-0.24418,-0.00879,5.6861
184,92,0.5,0.5,CA,34.9251,34.9175,-17.72252183627809,-17.3776451919654,-5.58469,-1.24232,28.8258
185,74,0.6158,0.3842,CV,6.941,6.9397,-7.090551118474591,-7.0902793160000215,0.44141,-0.04559,40.0544
185,86,0.3673,0.6327,CA,66.5776,66.5713,-1549.9004176670194,-1548.8511756155908,-0.98181,-0.02811,5.0156
186,74,0.6183,0.3817,CV,2.965,2.9842,-5.899720969314943,-5.911498796610227,0.04035,-0.03536,40.2789
186,86,0.0308,0.9692,CA,61.443,61.4066,-1349.5136808919358,-1345.9499258453386,-3.21939,-0.11962,4.656
186,88,0.5,0.5,CA,3.1121,3.1123,-5.526166898896653,-5.528762405032312,-0.03174,-0.02649,2.5618
187,74,0.6183,0.3817,CV,2.9393,2.9372,-5.88492287922648,-5.8931158908218695,-0.18948,0.00407,40.4761
187,86,0.0046,0.9954,CA,51.0292,50.9569,-1009.8322787202629,-1004.820192892414,-8.02307,-0.23149,4.6948
187,88,0.5761,0.4239,CV,0.6147,0.6136,-1.7646374188879836,-1.768988769096405,-0.01842,-0.05191,2.3173
188,74,0.6167,0.3833,CV,4.6647,4.6511,-6.690872835315631,-6.691839513782486,-0.19414,-0.04289,39.2636
188,88,0.6022,0.3978,CV,1.5498,1.5512,-2.7833473094276213,-2.785627368017881,-0.05194,0.01928,2.1936
189,74,0.6192,0.3808,CV,3.1937,3.2194,-5.735230226398482,-5.74959967957975,-0.06945,0.10089,39.8905
189,88,0.6068,0.3932,CV,1.805,1.8026,-4.088044810618529,-4.071460037534471,0.03836,0.14569,2.1006
189,94,0.7,0.3,CV,8.6718,8.6718,-9.025326996669627,-9.025326996669627,0.0,0.0,69.3614
190,74,0.6188,0.3812,CV,3.661,3.666,-6.513912088213648,-6.52251785445919,0.16047,0.07751,40.6749
190,94,0.6457,0.3543,CV,8.7982,8.7982,-9.129304616794643,-9.132275810555313,-0.50899,0.95621,95.859
190,88,0.6168,0.3832,CV,0.6511,0.6587,-1.0683044334026868,-1.0871182610077181,0.05909,0.06709,2.0906
191,74,0.6181,0.3819,CV,2.6891,2.679,-6.306626418389544,-6.313160008183918,0.27237,0.09531,40.6397
191,88,0.6196,0.3804,CV,0.6346,0.6397,-1.597190492432441,-1.612821809752662,-0.00432,0.00781,2.0619
192,74,0.6185,0.3815,CV,1.0455,1.0444,-6.117633470420125,-6.126827800592958,0.19578,0.02272,40.33
192,88,0.6161,0.3839,CV,1.5508,1.5507,-3.058908241364085,-3.055552339427392,-0.1152,-0.05447,2.0192
193,74,0.6182,0.3818,CV,3.6911,3.6939,-6.175009927669832,-6.182457664192933,0.06026,-0.12473,39.3284
193,86,0.5,0.5,CA,185.2327,185.0942,-1583.7950907498164,-1482.0691840726124,-65.34071,-1.87731,7.3516
193,88,0.6101,0.3899,CV,2.3853,2.3834,-5.147175442314781,-5.123848288103805,-0.04101,-0.15941,2.0722
194,74,0.6175,0.3825,CV,3.1433,3.1305,-5.7066032888571385,-5.711375898055143,0.01077,-0.14788,38.2079
194,86,0.1729,0.8271,CA,6.3612,3.6067,-6.192611344438952,-4.324878140311827,-76.69053,-2.1755,34.3674
194,88,0.6108,0.3892,CV,1.2437,1.2346,-2.040360207823439,-2.0287734210462762,-0.04558,-0.17514,2.048
194,95,0.7,0.3,CV,2.356,2.356,-8.136045401781116,-8.136045401781116,0.0,0.0,4.8616
195,74,0.6178,0.3822,CV,1.9839,1.9649,-5.430568372527411,-5.437482810874214,-0.03438,-0.19159,37.388
195,95,0.6463,0.3537,CV,1.9827,1.9827,-9.865621196122172,-9.871151133061842,0.42819,0.72278,6.527
195,86,0.8998,0.1002,CV,7.4737,9.3605,-9.188024892463803,-11.540866140353533,3.80556,0.00385,17.7491
195,88,0.6145,0.3855,CV,0.9054,0.9034,-1.7223524679814166,-1.7255546965807338,-0.06336,-0.09295,2.0687
196,74,0.6186,0.3814,CV,1.0357,1.0245,-5.204229516378627,-5.214487174600766,0.00615,-0.08088,36.5659
196,86,0.6859,0.3141,CV,3.1578,3.1703,-4.545593254092019,-4.407456955151261,6.11422,0.10621,10.881
196,88,0.6048,0.3952,CV,2.8516,2.8443,-5.986135135160183,-5.943006569065881,-0.11917,-0.20065,2.1378
197,74,0.6194,0.3806,CV,1.7473,1.7601,-5.264384442572274,-5.276502978262579,0.0767,0.00036,36.2466
197,86,0.6012,0.3988,CV,1.7356,1.5641,-2.7565355636205884,-2.5914787088693974,5.50033,0.10118,8.8741
197,88,0.6177,0.3823,CV,1.9065,1.9198,-3.519613154366854,-3.545063656254693,-0.04192,-0.00521,2.1243
198,74,0.6184,0.3816,CV,3.7386,3.7396,-6.197025594656029,-6.203688191759149,0.1472,-0.00085,36.6
198,86,0.5929,0.4071,CV,1.5556,1.4388,-3.244365168788197,-3.1712133067947015,4.53307,0.04116,7.9219
198,88,0.6181,0.3819,CV,1.0459,1.0484,-1.760363018490404,-1.7685744538401964,0.00408,-0.03279,2.0684
199,74,0.6177,0.3823,CV,2.5822,2.569,-6.198654936553347,-6.203945311330579,0.22296,-0.0388,36.5679
199,86,0.6072,0.3928,CV,0.7784,0.6726,-1.967977678073955,-1.9665643100978314,3.2994,0.02264,7.3228
199,88,0.6152,0.3848,CV,1.8177,1.8182,-3.431255269508687,-3.4262622272399454,-0.01786,0.10274,2.0054
200,74,0.6185,0.3815,CV,1.0277,1.0409,-5.37402686159348,-5.383824644787712,0.12027,0.01485,35.9323
200,86,0.5999,0.4001,CV,1.0751,0.9587,-2.1585977304426693,-2.1059245622304723,2.89871,0.03043,6.5942
200,88,0.6071,0.3929,CV,4.3672,4.3742,-13.782088104188896,-13.747555429227294,-0.00021,-0.23935,2.1155
201,74,0.618,0.382,CV,2.3072,2.3002,-5.779302758768047,-5.785713586640738,0.19499,-0.03807,35.9612
201,88,0.5962,0.4038,CV,4.3415,4.3332,-10.753129820362728,-10.685097612254102,0.01684,-0.22343,2.4382
201,86,0.6291,0.3709,CV,0.8964,0.9716,-2.5361112692636505,-2.617180332268856,1.23738,0.04043,6.0907
202,74,0.6178,0.3822,CV,2.2217,2.2125,-6.429238004127595,-6.435615570385902,0.24023,-0.09858,35.7826
202,88,0.6041,0.3959,CV,1.5386,1.5183,-3.012995348623499,-2.993610897568116,0.02952,-0.18299,2.6182
202,86,0.6125,0.3875,CV,1.2046,1.1562,-2.6752672004647478,-2.642944329320764,1.37008,0.02851,5.5576
203,74,0.6179,0.3821,CV,1.4435,1.4302,-5.452618779379513,-5.459794145502772,0.23887,-0.07383,35.626
203,88,0.6169,0.3831,CV,2.0337,2.0486,-3.467640203521068,-3.4907941141415177,0.03802,-0.05853,2.496
203,86,0.6246,0.3754,CV,0.9617,0.9978,-2.186785644992517,-2.2302612847244583,0.57661,-0.00272,5.2241
204,74,0.6183,0.3817,CV,1.5179,1.5147,-5.5786356789834155,-5.587176676821148,0.16704,-0.08337,35.1393
204,88,0.6169,0.3831,CV,1.7613,1.7642,-2.9924304055344315,-2.996707666304299,0.04611,0.04587,2.4424
204,86,0.623,0.377,CV,1.826,1.8483,-3.731983601680878,-3.7505503409759564,-0.13312,-0.04726,4.9007
205,74,0.6184,0.3816,CV,1.2781,1.2691,-5.361062661342926,-5.369542775458687,0.14555,-0.07256,34.6648
205,88,0.6163,0.3837,CV,1.0081,1.0032,-1.8713994540956158,-1.8728684237334103,0.05421,0.0938,2.4677
205,86,0.622,0.378,CV,1.0877,1.0969,-2.240523078855968,-2.257245023249263,0.09856,-0.03183,4.5486
206,74,0.6185,0.3815,CV,1.3141,1.3071,-5.283034718422718,-5.291893468588308,0.17615,-0.00917,34.391
206,88,0.6145,0.3855,CV,1.7461,1.7436,-3.2080061489823484,-3.2030985116939457,0.16848,0.08292,2.5561
206,86,0.5804,0.4196,CV,4.9686,4.9637,-19.358805209494907,-19.20324751485863,0.82109,-0.02683,4.3169
207,74,0.6185,0.3815,CV,1.7187,1.7124,-5.3950586582120446,-5.403375317539128,0.21588,-0.02763,34.362
207,88,0.6154,0.3846,CV,0.7988,0.789,-1.9745558011281863,-1.9757427618924335,0.16088,0.0632,2.6136
207,86,0.6033,0.3967,CV,0.6985,0.6777,-3.2624004781816986,-3.2630109659935904,0.56377,-0.01212,4.2294
207,95,0.5,0.5,CA,133.1902,133.1902,-207.46251716431354,-206.78482796255514,-1.68044,0.77989,9.5019
208,74,0.6176,0.3824,CV,3.3622,3.3539,-5.619792289306617,-5.624459639501458,0.29576,-0.08314,33.4432
208,88,0.6164,0.3836,CV,0.8631,0.8583,-2.4335168979552297,-2.437652745481161,0.126,0.0461,2.5876
208,86,0.6187,0.3813,CV,2.2013,2.225,-6.435356242556232,-6.467262855669695,0.12882,-0.06428,4.1903
208,95,0.5338,0.4662,CV,9.5098,9.4894,-22.208388476391697,-22.041644111562743,-1.6521,0.07587,8.5518
209,74,0.6182,0.3818,CV,1.0328,1.0206,-5.0786400139563685,-5.087502002783614,0.25004,-0.02583,33.0638
209,88,0.616,0.384,CV,1.6564,1.6565,-2.7965743895430277,-2.797676818966564,0.13908,-0.0413,2.6883
209,86,0.6189,0.3811,CV,1.1886,1.1928,-7.060143028753878,-7.070039633907125,-0.02703,-0.04681,4.1184
209,95,0.521,0.479,CV,10.5508,10.5308,-30.762802552999446,-30.495967224911873,-1.42057,-0.84561,8.7409
210,74,0.6182,0.3818,CV,3.1251,3.1271,-5.53607525740693,-5.543757160143006,0.19842,0.03475,33.545
210,88,0.6169,0.3831,CV,0.8631,0.8606,-1.9310200011781782,-1.9367021875644341,0.11075,0.02186,2.7606
210,86,0.6168,0.3832,CV,1.9721,1.9726,-3.7469369437887137,-3.7476774293843933,-0.13916,-0.04076,3.9066
210,95,0.5209,0.4791,CV,8.5487,8.5089,-17.604447535129502,-17.355549412179,-0.83496,-1.46419,8.9107
211,74,0.6177,0.3823,CV,2.3538,2.3408,-5.4490279706976015,-5.45464248812821,0.24777,-0.01408,33.6877
211,88,0.6164,0.3836,CV,1.3093,1.3072,-2.5080898621243004,-2.510182833264148,0.124,-0.0345,2.7339
211,86,0.6155,0.3845,CV,1.3395,1.3333,-3.1911504526886585,-3.18941158942924,-0.14546,-0.01348,3.7194
211,95,0.5482,0.4518,CV,4.2483,4.1744,-7.233732526907935,-7.095028907313947,-0.57081,-1.53316,8.9842
212,74,0.6179,0.3821,CV,1.246,1.2326,-5.39537978802189,-5.402629568415301,0.17494,-0.0264,33.8123
212,88,0.6149,0.3851,CV,1.3193,1.313,-2.4514385285588354,-2.4477072442102017,0.14265,-0.08,2.7342
212,86,0.6167,0.3833,CV,0.5795,0.5698,-2.311990216338947,-2.3172897349227926,-0.12631,-0.01655,3.6036
212,95,0.5836,0.4164,CV,4.6884,4.6765,-7.238220220608092,-7.204061454098911,-0.12133,-1.12728,9.5793
213,74,0.6176,0.3824,CV,2.0291,2.016,-5.490132921627098,-5.4958706398662995,0.21307,-0.02737,34.0802
213,88,0.6136,0.3864,CV,1.5203,1.5143,-2.5773846740683215,-2.5705905463652763,0.10848,-0.13914,2.6942
213,86,0.6162,0.3838,CV,1.0301,1.0234,-2.518271252231204,-2.5198674759587787,-0.16168,0.00373,3.5077
213,95,0.6024,0.3976,CV,5.2462,5.2486,-30.443471936161135,-30.435715618561336,-0.27854,-0.55451,10.3465
214,74,0.6179,0.3821,CV,1.0924,1.0792,-5.793784240658564,-5.801014357105169,0.15401,-0.02514,34.4468
214,88,0.6182,0.3818,CV,0.7291,0.7373,-1.7656008492776056,-1.7802253377960775,0.01503,-0.0752,2.7331
214,86,0.6173,0.3827,CV,0.5278,0.5205,-2.0610239510047577,-2.0679211109977853,-0.13312,0.02218,3.4177
214,95,0.6,0.4,CV,8.6681,8.6597,-38.514250386043955,-38.46871115662946,-0.41149,-0.00794,11.3946
215,74,0.6181,0.3819,CV,2.4362,2.4373,-5.791939751733908,-5.7996773483138995,0.18653,-0.0666,34.081
215,88,0.6184,0.3816,CV,0.9714,0.973,-2.011513382289162,-2.020235601808348,-0.06144,-0.02988,2.7582
215,86,0.6179,0.3821,CV,0.8298,0.8293,-3.3555407707908347,-3.36353621937805,-0.09589,0.03288,3.3956
215,95,0.5862,0.4138,CV,12.132,12.1163,-51.149398002624075,-51.05021675712035,-0.73447,0.4744,11.5861
216,74,0.6179,0.3821,CV,2.8039,2.8002,-5.696034531306938,-5.7026987862571294,0.15,-0.08522,33.3755
216,88,0.6176,0.3824,CV,1.7543,1.7572,-3.035358573621285,-3.0401555668876212,0.08454,-0.05101,2.7635
216,86,0.6178,0.3822,CV,0.78,0.777,-8.200466613428459,-8.206858319511682,-0.0672,0.06104,3.3567
216,95,0.5522,0.4478,CV,13.787,13.7377,-48.19326122665461,-47.975961981668654,-1.1785,0.82418,12.1025
217,74,0.6183,0.3817,CV,1.1626,1.153,-5.25141649054891,-5.2601234667616925,0.14384,-0.11799,33.3255
217,88,0.6186,0.3814,CV,1.0086,1.0127,-2.0264043078032845,-2.0365701418149764,-0.00461,-0.02954,2.8221
217,86,0.6138,0.3862,CV,2.1681,2.164,-4.38953340161161,-4.37927129017473,-0.17994,0.06029,3.3122
217,95,0.5435,0.4565,CV,12.1919,12.1584,-22.681276008525064,-22.478187531661554,-1.40257,0.78765,10.9977
218,74,0.6181,0.3819,CV,2.1475,2.1366,-5.322906403880997,-5.329987304213887,0.23354,-0.11771,33.1259
218,88,0.0,1.0,CA,261.5817,261.5822,-31261.067226812047,-31066.147474452162,17.31555,2.42128,3.0853
218,86,0.6152,0.3848,CV,0.737,0.7269,-2.4839914941710877,-2.485470481001663,-0.1533,0.05287,3.2776
218,95,0.5922,0.4078,CV,7.1649,7.2108,-14.31648793640634,-14.324632214258878,-0.09866,-0.35497,10.7563
219,74,0.6183,0.3817,CV,1.5656,1.5554,-5.190253263210469,-5.198731222343757,0.15828,-0.10794,32.541
219,86,0.6174,0.3826,CV,0.5414,0.5419,-3.7551813069984488,-3.7639215800487693,-0.10068,-0.00088,3.25
219,95,0.5525,0.4475,CV,5.4811,5.4355,-14.298159387634724,-14.072982646441485,0.32438,-1.00348,10.263
220,74,0.6188,0.3812,CV,0.9361,0.9343,-5.06175530478267,-5.07190303815984,0.15724,-0.04418,32.3495
220,86,0.6158,0.3842,CV,1.3573,1.3523,-6.34989100495175,-6.3487142060413975,-0.14813,0.02032,3.2284
220,88,0.5,0.5,CA,68.4708,67.8426,-1333.6318415727085,-1256.1785968760398,171.31488,23.74277,7.5234
221,74,0.6188,0.3812,CV,3.3297,3.339,-5.763729361481993,-5.773232473897531,-0.07886,-0.01335,32.719
221,86,0.6167,0.3833,CV,0.9314,0.9286,-2.2243048161585444,-2.229243763471691,-0.10862,0.05225,3.1499
221,88,0.6238,0.3762,CV,13.4953,18.2305,-29.168841613476317,-29.37207032539368,-151.82025,-21.45739,32.9911
222,74,0.619,0.381,CV,0.5236,0.5305,-5.323445513446804,-5.333442610671028,-0.02984,-0.02199,32.4053
222,86,0.6171,0.3829,CV,0.7969,0.7932,-1.9578599116977595,-1.9630525104332082,-0.10664,0.05134,3.1627
222,88,0.0001,0.9999,CA,14.0158,11.1692,-27.463871659902622,-17.942583771572828,-254.16014,-36.27237,84.6813
223,74,0.6183,0.3817,CV,2.3856,2.3832,-5.589208887978254,-5.596460686391209,-0.00422,-0.10218,32.6899
223,86,0.6162,0.3838,CV,1.6198,1.6185,-3.3509949944930506,-3.352036468250225,-0.06349,0.06424,3.2859
223,88,0.9256,0.0744,CV,6.7227,10.3441,-14.562811904525867,-17.48850375144346,-174.88918,-25.77249,26.4308
224,74,0.6179,0.3821,CV,2.769,2.7648,-5.699230235270147,-5.705345038658459,0.09446,0.00124,33.2551
224,86,0.6165,0.3835,CV,0.8601,0.8547,-2.618334714543675,-2.621946137061822,-0.02501,0.07431,3.3516
224,88,0.8173,0.1827,CV,2.2624,2.258,-13.142176116320343,-13.675917046406987,-19.61215,-2.9548,31.6492
225,74,0.6184,0.3816,CV,2.2824,2.2911,-5.4783015538349735,-5.487515738527413,0.11794,0.03069,32.7037
225,86,0.6148,0.3852,CV,2.3696,2.369,-5.919188231712086,-5.915095889179937,0.08454,0.14158,3.3135
225,88,0.6649,0.3351,CV,5.2747,5.4918,-12.178438491090562,-12.081908348439503,14.87362,2.11229,21.6864
226,74,0.6179,0.3821,CV,3.5622,3.5629,-5.658092287051038,-5.664325476318811,0.06908,-0.0617,31.672
226,88,0.1719,0.8281,CA,7.8748,7.5567,-35.601490450202405,-33.485104203451726,30.70653,4.30526,22.226
226,86,0.6123,0.3877,CV,2.0825,2.0762,-3.9469855556000732,-3.9349504271288023,0.05226,0.21254,3.2499
227,74,0.6186,0.3814,CV,1.0537,1.0542,-5.0490101308553275,-5.058917997325667,-0.03695,-0.02857,31.4461
227,86,0.6152,0.3848,CV,0.8116,0.8052,-2.299136122967221,-2.3028200470286158,-0.00767,0.16653,3.2392
228,74,0.6189,0.3811,CV,2.1838,2.1915,-5.32418523886367,-5.334405038216443,-0.06993,-0.02993,31.864
228,86,0.6183,0.3817,CV,0.6178,0.6245,-1.858183023437975,-1.870660083994238,-0.00615,0.07724,3.3015
229,74,0.6181,0.3819,CV,3.2372,3.2345,-5.741617849408771,-5.747938170169407,-0.24812,-0.08615,31.399
229,86,0.6172,0.3828,CV,1.5959,1.5961,-3.070102581066119,-3.073617408566972,0.10607,0.05426,3.2716
230,74,0.6174,0.3826,CV,2.9464,2.936,-5.654992034736756,-5.6596135951478495,-0.25495,-0.13851,30.4694
230,86,0.6185,0.3815,CV,0.2256,0.2272,-1.9218185610029055,-1.932229490937435,0.05795,0.02545,3.2494
231,74,0.6182,0.3818,CV,0.8916,0.8732,-5.268168718717182,-5.276942914248457,-0.19255,-0.12059,29.9652
232,74,0.6184,0.3816,CV,1.3544,1.3429,-5.243670739854989,-5.252229203347982,-0.20989,-0.11768,29.5891
232,86,0.5,0.5,CA,2.9847,2.9819,-4.997247804835477,-4.9816497741275985,0.22771,-0.01047,3.3662
233,74,0.6187,0.3813,CV,1.6767,1.6793,-5.388286215370364,-5.398084789576133,-0.15289,-0.06353,29.5673
233,86,0.5794,0.4206,CV,0.9626,0.9749,-2.074554098164085,-2.0926566586235955,0.09344,0.00667,3.305
234,74,0.618,0.382,CV,2.9061,2.9021,-5.553065888750168,-5.559048601541175,-0.11848,0.00661,29.9466
234,86,0.6058,0.3942,CV,0.3734,0.3773,-1.741890474464872,-1.7542614041812137,0.03219,-0.00072,3.3186
235,74,0.6176,0.3824,CV,3.2834,3.2819,-5.626009691727119,-5.631653164075605,0.09411,-0.04844,30.219
235,86,0.6146,0.3854,CV,0.498,0.4982,-2.035419697054782,-2.046408326156241,0.00944,-0.04026,3.3176
236,74,0.6181,0.3819,CV,4.3123,4.3235,-6.437010078172891,-6.445366894451697,0.14008,-0.05221,28.9212
236,86,0.6113,0.3887,CV,2.6229,2.6207,-4.843955030190486,-4.828001866928105,0.00182,-0.23547,3.3122
237,74,0.6187,0.3813,CV,2.1319,2.1409,-5.86382760741067,-5.873590971851562,0.03269,0.05484,29.0348
237,86,0.612,0.388,CV,1.7688,1.7617,-3.016112458183065,-3.0079327735019525,-0.04936,-0.2077,3.425
238,74,0.6188,0.3812,CV,0.7522,0.7517,-5.449428900183403,-5.458892144090779,0.06768,0.01178,28.9916
238,86,0.6154,0.3846,CV,1.5398,1.5406,-3.6655439335775024,-3.6704835476815125,0.04786,-0.16898,3.3588
239,74,0.6184,0.3816,CV,2.118,2.1164,-5.3272501767980955,-5.33492503493182,0.05046,0.01811,29.3735
239,86,0.618,0.382,CV,1.1063,1.1107,-3.7134709340644823,-3.7243551840953186,-0.0466,-0.08219,3.3158
240,74,0.6185,0.3815,CV,1.4019,1.4016,-5.187180716216345,-5.195767311782563,0.04969,-0.07893,29.3907
240,86,0.6174,0.3826,CV,1.7049,1.7069,-3.069442863470943,-3.0742057697044034,0.09907,-0.06084,3.3018
240,98,0.7,0.3,CV,1.0142,1.0142,-2.6368592945382496,-2.6368592945382496,0.0,0.0,2.408
241,74,0.6171,0.3829,CV,4.1547,4.1503,-5.933010430789667,-5.935855162164416,0.02945,0.00529,30.4376
241,86,0.6173,0.3827,CV,0.8987,0.8952,-3.274043395033618,-3.279260755300733,0.09813,-0.05766,3.3483
241,98,0.6446,0.3554,CV,1.8482,1.8482,-3.754622312666494,-3.7529009537378903,0.06986,0.83281,3.1896
242,74,0.6185,0.3815,CV,2.741,2.7578,-5.886803751888962,-5.897472291626046,-0.03147,-0.02078,29.9567
242,86,0.618,0.382,CV,0.9008,0.9013,-3.1102976651251737,-3.1182837663605483,0.02128,-0.0803,3.368
242,98,0.6348,0.3652,CV,0.9155,0.8999,-2.35697264613752,-2.3963508361568273,0.70606,0.95259,4.6244
243,74,0.6184,0.3816,CV,1.333,1.3313,-5.586248867695695,-5.594423623262953,-0.08579,-0.06808,29.9061
243,86,0.6187,0.3813,CV,0.7327,0.7361,-1.9812316684676399,-1.9914777582548941,-0.00481,-0.03067,3.305
243,98,0.6303,0.3697,CV,1.4222,1.4175,-4.534035134879794,-4.568613343232405,0.56061,0.88979,5.7457
243,99,0.7,0.3,CV,0.675,0.675,-3.459433556090952,-3.459433556090952,0.0,0.0,5.4575
244,74,0.6184,0.3816,CV,1.362,1.3584,-5.294739390441125,-5.303196251051796,-0.12597,-0.03804,29.889
244,86,0.6186,0.3814,CV,0.6316,0.6319,-1.8464455196005092,-1.8552431428891434,0.03641,-0.00265,3.2735
244,98,0.6395,0.3605,CV,0.5675,0.5553,-3.742741277828425,-3.8238445671234844,0.31652,0.31971,6.1836
244,99,0.6459,0.3541,CV,2.2632,2.2632,-3.7872775353576946,-3.791172269106949,0.58144,0.64603,7.543
245,74,0.6188,0.3812,CV,1.525,1.5311,-5.478244912845324,-5.488089689503588,0.01968,0.02634,29.9107
245,86,0.6188,0.3812,CV,0.606,0.6076,-2.5113019402901573,-2.521063197732499,-0.01853,0.01324,3.2588
245,98,0.6336,0.3664,CV,1.3753,1.3813,-4.24186522150435,-4.2836392516317865,0.39969,-0.31746,6.1613
245,99,0.6131,0.3869,CV,3.1982,3.1802,-4.852594407544347,-4.797793069782738,1.88905,2.55928,11.1226
246,74,0.6186,0.3814,CV,1.6968,1.6949,-5.440106117554789,-5.448801208909768,0.11477,0.07924,29.9595
246,86,0.6182,0.3818,CV,1.2294,1.2305,-4.12090174646343,-4.127866690127532,0.06925,-0.02747,3.2444
246,98,0.5944,0.4056,CV,3.136,3.1285,-6.195407139510702,-6.080792434609298,0.21214,-1.01841,5.8157
246,99,0.5815,0.4185,CV,2.7233,2.6059,-4.252038619193847,-4.1143940846626625,1.61097,4.04995,14.2238
246,100,0.7,0.3,CV,3.7125,3.7125,-6.249373771489707,-6.249373771489707,0.0,0.0,2.408
247,74,0.6185,0.3815,CV,1.6048,1.5985,-5.504906436409334,-5.513159348847347,0.17039,0.04049,29.8025
247,86,0.6182,0.3818,CV,0.7489,0.7482,-3.1010993285345445,-3.1087195885133845,0.06174,-0.01871,3.2898
247,98,0.5996,0.4004,CV,1.2089,1.157,-2.204844499459858,-2.1692943296225153,0.10979,-0.91774,5.5597
247,99,0.5901,0.4099,CV,1.8984,1.7447,-3.453219892219987,-3.3975119867440453,1.57858,3.5658,15.5422
248,74,0.6185,0.3815,CV,1.1377,1.129,-5.358785312470995,-5.3675618998438015,0.14972,0.01683,29.5284
248,86,0.6177,0.3823,CV,1.0377,1.0364,-4.457721101777722,-4.463280856915912,0.03697,0.0183,3.3729
248,98,0.5889,0.4111,CV,2.0593,2.0157,-4.256836884429848,-4.16941487381009,0.27514,-0.92024,5.251
248,99,0.5482,0.4518,CV,2.9373,2.7866,-4.801645947674346,-4.56242978817588,0.73315,4.22321,15.4579
248,100,0.5,0.5,CA,6.9998,6.9998,-21.883460849281278,-21.310897050633205,2.09351,-4.03946,5.7394
249,74,0.6186,0.3814,CV,1.6168,1.6155,-5.450043306662297,-5.458963054565862,0.16393,0.0517,29.7386
249,86,0.6176,0.3824,CV,0.6654,0.6619,-3.888465453402668,-3.8944330033654455,0.05637,0.00856,3.4142
249,98,0.6189,0.3811,CV,1.1018,1.1398,-2.3015729895927945,-2.355337257587869,0.08741,-0.42627,4.8468
249,100,0.2067,0.7933,CA,5.9381,5.7499,-16.035835054937714,-14.38854274500008,3.89602,-8.74243,10.1472
250,74,0.6179,0.3821,CV,3.0545,3.0505,-5.544644515049168,-5.550695456471434,0.23095,-0.03407,29.079
250,86,0.6184,0.3816,CV,0.9972,1.0011,-2.742629757942091,-2.752004004661858,-0.0046,0.03319,3.3722
250,98,0.6184,0.3816,CV,0.8674,0.8588,-1.835352108357735,-1.8429900384950588,0.01893,-0.33843,4.5664
251,74,0.6181,0.3819,CV,2.2356,2.2328,-5.234744474213956,-5.242436436135327,0.25505,0.02908,29.2156
251,86,0.6172,0.3828,CV,1.3807,1.3793,-4.721022391419283,-4.724165372185042,-0.0247,0.08472,3.3024
251,98,0.6121,0.3879,CV,1.4563,1.4404,-2.6227504168563587,-2.604307861123613,0.05642,-0.3739,4.2311
252,74,0.6186,0.3814,CV,0.814,0.8108,-4.975097404143893,-4.984733640247014,0.16553,0.02985,28.9265
252,86,0.6176,0.3824,CV,0.7164,0.7133,-3.6775535610969694,-3.6843511952860983,0.02129,0.07874,3.2835
252,98,0.6188,0.3812,CV,0.6482,0.6602,-2.1271450427771748,-2.146285518259384,0.02609,-0.18895,4.0278
253,74,0.6182,0.3818,CV,1.873,1.8639,-5.053907473511377,-5.061115740807353,0.22125,0.01575,28.4748
253,86,0.6178,0.3822,CV,0.8374,0.8352,-3.4235064024586954,-3.4303991296222938,-0.03523,0.08666,3.2785
253,98,0.62,0.38,CV,0.547,0.5552,-2.056029969571438,-2.0705856916595855,-0.00225,-0.06936,3.8382
254,74,0.6188,0.3812,CV,0.6246,0.6335,-4.880086678294734,-4.890542202371507,0.11184,0.027,28.3754
254,86,0.6186,0.3814,CV,0.375,0.3749,-2.9129765487499997,-2.9230982890090247,-0.04432,0.04155,3.2691
254,98,0.6177,0.3823,CV,1.4384,1.4374,-2.5625644784324235,-2.565529533123522,-0.01761,-0.02923,3.7963
255,74,0.6187,0.3813,CV,1.1852,1.1794,-4.991505487179892,-5.000285155798454,0.14521,0.03941,28.2489
255,86,0.6181,0.3819,CV,0.9301,0.9288,-2.100397389651741,-2.1070821960077306,-0.08969,-0.00165,3.256
255,98,0.618,0.382,CV,1.0821,1.0843,-2.2465884073656595,-2.2543471267977613,-0.02739,0.051,3.6661
256,74,0.6174,0.3826,CV,3.3262,3.3192,-5.42875775191595,-5.4325864982116245,0.31593,-0.02417,27.9047
256,86,0.6165,0.3835,CV,1.2385,1.234,-2.3789671947215694,-2.3797300328736455,-0.12966,0.01848,3.1805
256,98,0.6185,0.3815,CV,0.9422,0.9455,-2.0331049359618873,-2.0423141576997876,0.01179,0.02351,3.4918
257,74,0.6189,0.3811,CV,2.0378,2.0544,-5.1010770269282695,-5.11282895813613,0.04988,-0.01282,27.8308
257,86,0.6178,0.3822,CV,0.6344,0.6339,-1.8277560143751275,-1.8363764187047062,-0.10093,-0.00549,3.1935
257,98,0.6166,0.3834,CV,1.5055,1.5042,-2.6180847020746265,-2.618737817356746,-0.04344,0.08046,3.3218
258,74,0.6188,0.3812,CV,0.6658,0.6647,-4.961777382930869,-4.971258142393379,0.0561,-0.03654,27.5568
258,86,0.6173,0.3827,CV,0.8463,0.8414,-2.0136405000453004,-2.0180136920479006,-0.11469,0.01786,3.1962
258,98,0.6167,0.3833,CV,1.3797,1.3799,-2.42139551760321,-2.4253231649710916,-0.05156,0.10764,3.3275
259,74,0.6188,0.3812,CV,0.9055,0.9034,-5.101319511400048,-5.1106135395209895,0.04609,-0.06053,27.154
259,86,0.6178,0.3822,CV,0.5235,0.5201,-1.8160606547967646,-1.8234111995289153,-0.08258,0.04327,3.1825
259,98,0.6163,0.3837,CV,0.9327,0.9263,-2.030467945153659,-2.0322460611889053,-0.04784,0.11884,3.3119
260,74,0.6186,0.3814,CV,2.0509,2.0522,-5.390474037148559,-5.398876947631008,0.05781,-0.07506,27.4133
260,86,0.618,0.382,CV,0.7313,0.7311,-1.9248615095877815,-1.9325059981838226,-0.04864,0.01499,3.2294
260,98,0.6156,0.3844,CV,1.0957,1.0888,-2.476706436712456,-2.476135946710209,-0.04113,0.14072,3.271
261,74,0.6188,0.3812,CV,2.1102,2.1172,-6.1168774362737155,-6.126564541751632,-0.06967,0.00986,26.975
261,86,0.6184,0.3816,CV,1.1552,1.1581,-3.490502743478619,-3.499370216424527,-0.02328,0.02861,3.1272
261,98,0.6138,0.3862,CV,1.6205,1.6142,-3.106473828199583,-3.099501287710217,-0.03558,0.18242,3.1775
261,100,0.5,0.5,CA,27.6344,27.6355,-17.39983942222717,-17.38433668420818,0.19815,0.09701,5.2563
262,74,0.6181,0.3819,CV,2.5253,2.5214,-5.7537871194154055,-5.760201418657703,-0.21465,0.04517,26.6596
262,86,0.6185,0.3815,CV,0.3799,0.378,-2.598849512192573,-2.6076461854111486,-0.00627,0.02373,3.0742
262,98,0.6148,0.3852,CV,1.0017,0.9947,-2.258463919086635,-2.258403972530899,0.01729,0.16704,3.1236
262,100,0.5771,0.4229,CV,2.4116,2.4194,-4.7870115910333695,-4.795732658997721,-0.08208,0.18464,4.6815
263,74,0.617,0.383,CV,3.3301,3.3216,-5.695069648611838,-5.697971332473616,-0.30294,-0.06454,25.9692
263,86,0.6161,0.3839,CV,2.0401,2.0407,-4.4541300218081314,-4.452659834409378,-0.14433,-0.00837,3.1093
263,98,0.6128,0.3872,CV,1.5744,1.5668,-2.679372679699962,-2.669478787597764,-0.03502,0.19636,3.0308
264,74,0.6186,0.3814,CV,1.0199,1.0301,-4.727460446061349,-4.738475993265697,-0.16337,-0.07,25.8836
264,86,0.6148,0.3852,CV,1.2935,1.2858,-3.168914819870869,-3.1654120363011113,-0.17353,0.01109,3.1228
264,98,0.6153,0.3847,CV,0.805,0.799,-1.9475968585282295,-1.950854543431169,-0.04185,0.16594,3.027
265,74,0.6159,0.3841,CV,4.7821,4.7744,-5.9987711348723,-5.996258833555249,-0.44104,0.02152,25.7818
265,86,0.6175,0.3825,CV,0.8894,0.8929,-2.0703928732240993,-2.0801269239567133,-0.07376,0.012,3.1777
265,98,0.6096,0.3904,CV,2.4136,2.4071,-4.386471927629552,-4.3623033489178376,0.061,0.25718,3.0164
266,74,0.6157,0.3843,CV,2.6943,2.6718,-5.345023817973438,-5.345682406108764,-0.44002,0.03209,25.7735
266,86,0.6169,0.3831,CV,1.5752,1.5754,-3.743527942245487,-3.7470071969181316,0.02062,0.04985,3.2694
266,98,0.0,1.0,CA,317.3307,317.3165,-32129.506927522303,-31979.267219243477,2.11444,15.99014,3.7989
267,74,0.6176,0.3824,CV,1.186,1.1842,-5.020971631958591,-5.029730620508605,-0.25621,-0.00015,25.8674
267,86,0.6178,0.3822,CV,0.7214,0.7224,-2.1982262728418562,-2.2061759549191033,0.04683,0.04411,3.2556
267,98,0.0,1.0,CA,168.241,167.9186,-5564.668695913169,-5531.782184925996,3.13431,25.60474,5.0179
268,74,0.6169,0.3831,CV,3.1433,3.1349,-5.318202670699308,-5.32152678067327,-0.34045,-0.03276,25.3302
268,86,0.617,0.383,CV,1.1242,1.1211,-3.0515980257739863,-3.05467239063844,0.0906,0.0288,3.3167
268,98,0.0,1.0,CA,59.6958,59.1814,-586.6583253986547,-575.1185484325165,3.35159,30.27594,6.208
269,74,0.6151,0.3849,CV,4.574,4.5648,-6.28396882251817,-6.280444063891176,-0.34315,-0.1623,24.1742
269,86,0.6175,0.3825,CV,1.1586,1.1595,-3.2319026051827437,-3.238574309272347,0.0411,0.08081,3.3082
269,98,0.3332,0.6668,CA,4.6078,4.4089,-10.192941973537703,-9.90454420319459,2.85085,30.47732,7.2855
270,74,0.6187,0.3813,CV,2.306,2.3262,-5.542983998580082,-5.55740734453361,-0.14949,0.05582,24.0739
270,86,0.6171,0.3829,CV,1.0928,1.0902,-2.321529825292564,-2.3256440984974995,0.02716,0.08999,3.2501
270,98,0.9679,0.0321,CV,21.9333,22.8361,-68.8456978292948,-72.18679219323482,-3.21916,-23.91529,15.1253
271,74,0.6164,0.3836,CV,6.5645,6.5719,-7.335981111531414,-7.335297274428263,0.15917,0.13009,25.054
271,86,0.6171,0.3829,CV,1.1681,1.1667,-2.2933303829729748,-2.298201782220107,-0.02837,0.03375,3.178
271,98,0.3374,0.6626,CA,25.1453,25.0996,-73.62719615594654,-71.91266177456991,-1.62044,-13.17398,16.2959
272,74,0.617,0.383,CV,3.0921,3.089,-5.780910724310131,-5.7861919450276025,-0.06879,0.10812,25.3579
272,86,0.619,0.381,CV,0.4499,0.4558,-2.6847116199287697,-2.69740835641596,-0.02138,0.00555,3.2062
272,98,0.0113,0.9887,CA,23.6971,23.1914,-66.8887410968829,-62.34625531616222,-4.80071,-37.8993,23.6177
272,101,0.7,0.3,CV,6.6342,6.6342,-10.73749592160842,-10.73749592160842,0.0,0.0,42.7028
273,74,0.6181,0.3819,CV,0.6273,0.6377,-5.098354697882229,-5.1074878964712696,-0.00754,0.04826,25.1676
273,86,0.6183,0.3817,CV,0.9519,0.9502,-5.434499528037502,-5.441452514661469,-0.05756,-0.03583,3.1571
273,98,0.0248,0.9752,CA,15.7383,14.9801,-34.39657735804234,-31.115400287937067,-7.96597,-60.77556,28.0742
273,101,0.6216,0.3784,CV,17.4407,17.4407,-28.805304208356127,-28.704588125532013,8.74556,-0.35137,56.1643
274,74,0.6183,0.3817,CV,1.5883,1.5914,-5.585378466976129,-5.593769707660102,-0.02957,-0.06917,25.1323
274,86,0.6188,0.3812,CV,0.7407,0.7422,-4.581528457906874,-4.591875849116999,0.01678,-0.03934,3.1155
274,98,0.136,0.864,CA,7.5953,6.499,-19.898984540478647,-18.41930634253729,-9.73047,-70.67251,32.2315
274,101,0.1616,0.8384,CA,21.9338,21.664,-48.27965169226811,-46.15433553625226,37.40547,0.97455,125.4669
274,102,0.7,0.3,CV,0.3535,0.3535,-3.0355064818717743,-3.0355064818717743,0.0,0.0,2.9145
275,74,0.6185,0.3815,CV,0.4503,0.4482,-5.055443567718072,-5.064174383896129,-0.0416,-0.05663,25.1865
275,86,0.6181,0.3819,CV,1.1205,1.1203,-2.8571825647622786,-2.8633824688182545,0.03626,-0.08349,3.1436
275,98,0.5966,0.4034,CV,7.4812,8.0702,-44.25673937882992,-44.858360711500204,-8.80411,-52.16569,40.6347
275,101,0.1312,0.8688,CA,14.48,13.1765,-35.58797905618861,-33.871537557776094,70.64407,-1.73174,180.9409
275,102,0.648,0.352,CV,0.7344,0.7344,-2.384544017108627,-2.3975033163758104,-0.34086,-0.13634,3.9373
276,74,0.6183,0.3817,CV,1.8641,1.8644,-5.634197376665226,-5.64209962112514,0.06393,-0.0179,25.6004
276,86,0.6117,0.3883,CV,2.6493,2.6451,-5.287614834302667,-5.267925866397171,0.17913,-0.14257,3.1508
276,98,0.6716,0.3284,CV,8.8691,9.9813,-76.56064385669515,-76.83383322880714,1.99561,19.81599,41.3886
276,101,0.2122,0.7878,CA,12.7675,12.246,-15.856043587619654,-14.761508109949105,84.59002,5.6161,192.6566
276,102,0.6345,0.3655,CV,1.3935,1.3927,-2.8374476294929414,-2.870490981591658,-0.40137,0.17703,5.576
277,74,0.6185,0.3815,CV,1.092,1.0943,-5.303891682898631,-5.312795764517316,0.00946,-0.07289,25.6981
277,86,0.6157,0.3843,CV,1.0571,1.0576,-4.2370025298899225,-4.243908204646444,0.07283,-0.11385,3.2024
277,98,0.6321,0.3679,CV,4.0276,3.8951,-57.59214841471641,-57.57920010356123,0.78754,13.45133,32.6144
277,102,0.6468,0.3532,CV,0.8039,0.8145,-2.841768333213092,-2.948585994876859,-0.91724,0.16361,6.6044
277,101,0.5421,0.4579,CV,7.7141,8.6804,-12.020180654467193,-12.291976149071075,56.40298,7.07678,177.2149
278,74,0.6186,0.3814,CV,1.7354,1.7396,-5.039659777469494,-5.048644645948117,0.04704,0.04911,25.5953
278,86,0.6174,0.3826,CV,0.3455,0.3429,-2.223227811794671,-2.2310955341946324,0.03248,-0.07407,3.2298
278,98,0.6327,0.3673,CV,3.1723,3.1342,-53.1342643835036,-53.18341969227621,-0.09712,7.3112,26.7589
278,102,0.6509,0.3491,CV,0.2422,0.2315,-1.6406460056799361,-1.7468585232903133,-0.59413,0.09386,6.7755
279,74,0.6186,0.3814,CV,1.1701,1.1672,-4.90283191616084,-4.91147401422705,0.02388,0.10652,25.6218
279,86,0.6179,0.3821,CV,0.9146,0.9157,-3.529918103898269,-3.5377749745118616,0.06168,-0.04185,3.1782
279,98,0.6394,0.3606,CV,3.2347,3.3201,-36.320211967722955,-36.39726582765977,-0.65417,1.26168,23.057
279,102,0.6405,0.3595,CV,1.0265,1.0278,-2.1028062304840414,-2.1575583162709346,-0.28018,0.33928,6.5938
280,74,0.6184,0.3816,CV,1.7707,1.7682,-5.0875863931227325,-5.095723911920596,0.13647,0.08487,25.6942
280,86,0.6181,0.3819,CV,0.4104,0.407,-1.8698985042640377,-1.8776089326062473,0.05234,-0.04276,3.1594
280,98,0.6254,0.3746,CV,2.9526,2.9904,-34.62013858368029,-34.62696195747896,-0.56712,-2.24844,19.9803
280,102,0.6352,0.3648,CV,0.671,0.6735,-1.928374238638204,-1.975457303370194,-0.11448,0.32743,6.1112
281,74,0.6175,0.3825,CV,4.4806,4.4835,-5.9675977665088435,-5.972066985740286,0.12089,-0.08151,26.7703
281,86,0.6186,0.3814,CV,0.905,0.9084,-2.2141560063467254,-2.2238924399741444,-0.01045,-0.00245,3.2176
281,98,0.6035,0.3965,CV,3.1527,3.0713,-17.376044955345794,-17.31116694306165,-0.39128,-3.03359,18.3125
281,102,0.6255,0.3745,CV,1.3253,1.3216,-2.5152096890090174,-2.5287370112766006,-0.16485,0.19142,5.809
282,74,0.6186,0.3814,CV,1.8038,1.8179,-5.182325155679548,-5.192751838615722,0.04267,0.02671,26.7269
282,86,0.6185,0.3815,CV,0.5453,0.5452,-2.036284992513285,-2.044802121194564,0.02493,0.01129,3.2511
282,98,0.543,0.457,CV,7.0718,6.957,-9.299204101847113,-9.019258069963943,-0.72989,-4.24608,17.999
282,102,0.6248,0.3752,CV,0.386,0.3935,-1.87330697592431,-1.8982008351729036,-0.10115,0.13733,5.3847
283,74,0.6186,0.3814,CV,0.8494,0.8513,-4.989580678709564,-4.99836298808155,-0.02979,0.01506,26.8495
283,86,0.6185,0.3815,CV,0.2232,0.2216,-1.9213381952496693,-1.930006058284764,0.02602,0.01526,3.2649
283,98,0.4808,0.5192,CA,7.844,7.6473,-10.248935018119193,-9.807831109199872,-1.09107,-5.65358,17.9971
283,102,0.6222,0.3778,CV,1.6076,1.6152,-3.0605058341666314,-3.0756701047209125,-0.03891,0.02635,4.8618
284,74,0.6186,0.3814,CV,0.6274,0.6252,-5.111780366827713,-5.1204942141304555,-0.01443,0.02625,27.266
284,86,0.6186,0.3814,CV,0.6298,0.6311,-2.03694683229778,-2.0457130704378557,-0.02563,0.01587,3.2785
284,98,0.426,0.574,CA,8.0714,7.8092,-10.468225049871714,-9.895022293280768,-1.56164,-7.60164,19.3077
284,102,0.6201,0.3799,CV,0.6736,0.6687,-1.9138002406065358,-1.9238142138188348,-0.07236,-0.0103,4.4799
285,74,0.6182,0.3818,CV,2.0795,2.0773,-5.3287135875647476,-5.335996756142256,0.08053,0.06001,27.9233
285,86,0.6184,0.3816,CV,0.7701,0.7701,-2.8131648212577085,-2.821192131734911,-0.02928,0.01549,3.2302
285,98,0.4725,0.5275,CA,5.2293,4.9204,-6.99724467169765,-6.69011819079928,-1.72867,-8.26987,21.7195
285,102,0.6205,0.3795,CV,0.7953,0.8006,-1.775683171783765,-1.7901483191691594,-0.04033,0.03816,4.2293
286,74,0.6174,0.3826,CV,3.0014,2.9928,-5.660738863243221,-5.664982672582338,0.16009,0.06566,28.918
286,86,0.6187,0.3813,CV,0.5037,0.506,-2.033734937830693,-2.043521742405299,-0.0201,-0.00924,3.2724
286,98,0.5385,0.4615,CV,3.6439,3.4182,-8.631894759544252,-8.523309705188137,-1.30121,-7.34874,23.9808
286,102,0.6191,0.3809,CV,0.7803,0.7791,-1.8244449587863543,-1.832700970445777,-0.00875,0.07702,3.9944
286,101,0.5,0.5,CA,46.5376,46.6585,-14.73691064827514,-14.74102311249057,-1.9819,-0.19297,76.2234
287,74,0.6175,0.3825,CV,2.0886,2.0796,-5.41448501985746,-5.420417315103423,0.21329,0.08372,29.3815
287,86,0.6188,0.3812,CV,0.3645,0.3649,-3.0341869901347716,-3.043560996861621,-0.01085,0.0149,3.3044
287,98,0.5814,0.4186,CV,3.3185,3.2028,-11.028316485074175,-10.99930747984418,-0.74181,-5.5672,25.6194
287,102,0.6183,0.3817,CV,0.8151,0.8136,-2.0012880565860764,-2.008222457958845,-0.03671,0.07384,3.7234
288,74,0.617,0.383,CV,4.8929,4.8944,-6.366781194504354,-6.370330882011488,0.20619,0.16958,28.5843
288,86,0.6188,0.3812,CV,0.2405,0.2412,-2.7948486660829195,-2.804249462274801,-0.00402,-0.00371,3.3165
288,98,0.5921,0.4079,CV,3.8184,3.6959,-8.95521544770557,-8.907954919593013,-0.55945,-4.58792,25.4495
288,102,0.6166,0.3834,CV,1.6534,1.6537,-3.442480188773833,-3.443282934819577,0.08629,0.06128,3.4595
289,74,0.6181,0.3819,CV,2.4113,2.417,-5.261850383988757,-5.271031628893359,0.15855,-0.0723,28.8164
289,86,0.6186,0.3814,CV,0.7051,0.7056,-2.0465791869232794,-2.0551737819427824,0.00051,-0.00313,3.2638
289,98,0.6136,0.3864,CV,4.1778,4.194,-7.695508383967393,-7.722026733781373,0.04927,-2.61867,25.6252
289,102,0.6173,0.3827,CV,0.6046,0.6004,-1.9584187139530251,-1.9645410230084073,0.09529,0.02353,3.2685
290,74,0.6172,0.3828,CV,4.0333,4.0296,-6.40047322057444,-6.404212669527092,-0.04428,-0.09506,28.2239
290,86,0.6182,0.3818,CV,1.3125,1.3145,-2.4598425310854877,-2.4669226106502946,-0.04289,-0.02149,3.361
290,98,0.6138,0.3862,CV,1.6984,1.5855,-7.054520517777474,-7.050638402792347,0.01095,-2.08262,25.0404
290,102,0.6156,0.3844,CV,2.4643,2.4679,-4.584741271285994,-4.5828045889390765,0.02597,-0.12721,3.2286
290,101,0.5,0.5,CA,10.0352,10.0709,-19.381328750833568,-19.38825896799585,0.90759,-0.1561,42.1914
291,74,0.6184,0.3816,CV,5.2723,5.2901,-7.616337217733792,-7.626445372107114,-0.15606,-0.02904,29.477
291,86,0.6147,0.3853,CV,3.0419,3.0447,-5.564873304084962,-5.558014721309494,0.05355,0.1691,3.3009
291,98,0.6191,0.3809,CV,2.2691,2.2731,-6.185921258803063,-6.204093457596164,0.09178,-1.18309,24.9053
291,102,0.6165,0.3835,CV,0.6399,0.6343,-1.6787423605117886,-1.6831503836563546,0.01071,-0.08989,3.1663
291,101,0.5635,0.4365,CV,5.3581,5.3191,-12.993462156534257,-12.946571223581387,1.71931,-0.29946,36.2812
292,74,0.6171,0.3829,CV,4.0758,4.0674,-7.082755079280246,-7.085368066773679,-0.08149,-0.07935,30.9526
292,86,0.6154,0.3846,CV,0.954,0.946,-2.139789709741227,-2.140740996433357,0.05844,0.15807,3.3279
292,98,0.622,0.378,CV,3.6721,3.7165,-6.171377985651635,-6.193909481534041,0.23001,-0.14537,24.0916
292,102,0.6174,0.3826,CV,0.6921,0.6913,-1.7583437541173326,-1.7652123285641146,0.01103,-0.08587,3.0302
292,101,0.5877,0.4123,CV,5.1788,5.1473,-21.90237713367208,-21.86288806134027,1.32148,-0.81357,31.0755
293,74,0.6187,0.3813,CV,2.4459,2.466,-6.25637301755838,-6.267761312804673,0.01318,-0.01219,30.5954
293,86,0.617,0.383,CV,0.8201,0.8183,-2.0851809522994067,-2.0919923041530515,0.09105,0.08603,3.3582
293,98,0.6059,0.3941,CV,9.1882,9.1888,-11.022863593381135,-10.973352041585406,0.24085,0.71816,21.6594
293,102,0.6172,0.3828,CV,0.8079,0.8053,-1.7547801539152563,-1.7594104065600864,-0.03089,-0.08954,2.9404
293,101,0.6131,0.3869,CV,6.5579,6.609,-15.197165734978238,-15.228483827735866,0.19501,-0.40236,28.72
294,74,0.6184,0.3816,CV,2.5355,2.5385,-5.525164037536904,-5.533278356988435,0.06651,-0.04707,30.1268
294,86,0.6186,0.3814,CV,0.4507,0.4567,-1.9001317091665086,-1.9113483480059543,0.02398,0.04229,3.3687
294,98,0.5823,0.4177,CV,6.9188,6.8664,-9.226792913189007,-9.102877207714103,0.27918,1.41633,20.1899
294,102,0.6178,0.3822,CV,0.6482,0.648,-1.607920384585774,-1.6156657173899045,0.02336,-0.06946,2.877
294,101,0.6011,0.3989,CV,6.9336,6.9115,-9.771247990024941,-9.71469763434136,0.93084,-0.56776,26.2945
295,74,0.6182,0.3818,CV,2.5337,2.5323,-5.945910874349508,-5.953402889107696,0.16965,0.09827,30.3077
295,86,0.6184,0.3816,CV,0.8633,0.8632,-2.111679922509266,-2.1195164287143173,0.04938,0.01674,3.3128
295,98,0.586,0.414,CV,4.0631,3.986,-8.849816584622168,-8.77577729703078,0.06256,1.50905,19.1814
295,102,0.6158,0.3842,CV,1.4117,1.4088,-2.746570422601766,-2.7447138852090873,0.08477,-0.09802,2.7664
295,101,0.614,0.386,CV,3.8512,3.873,-8.90755579173221,-8.922741228860328,0.20934,-0.52155,24.1672
296,74,0.6174,0.3826,CV,3.3918,3.3845,-6.80398575368968,-6.808486983723296,0.10629,0.24715,29.9394
296,86,0.6178,0.3822,CV,1.092,1.0911,-2.260609475146359,-2.266600165063112,-0.01405,0.02747,3.2256
296,98,0.6018,0.3982,CV,2.2768,2.2228,-5.168287950405652,-5.154415127008151,0.06852,1.23861,18.5299
296,102,0.6166,0.3834,CV,1.9096,1.913,-3.302442819401739,-3.3069487062811462,0.02895,-0.05123,2.8491
296,101,0.6152,0.3848,CV,2.5802,2.5659,-5.813999771626353,-5.815343675131507,-0.03041,-0.38077,22.8769
297,74,0.6188,0.3812,CV,1.3172,1.3336,-5.583882054850911,-5.595500067868842,0.04568,0.11474,30.2985
297,86,0.619,0.381,CV,0.4903,0.4945,-2.510159679033232,-2.52187311953733,-0.02472,0.01573,3.2412
297,98,0.6103,0.3897,CV,2.5585,2.5357,-4.497326366324403,-4.495833087506487,0.17097,0.90857,18.083
297,102,0.6167,0.3833,CV,0.883,0.8796,-1.9789634274729508,-1.9828968222803152,0.01216,-0.00655,2.8999
297,101,0.6149,0.3851,CV,3.0862,3.072,-5.053293535486909,-5.051393204399333,-0.21862,-0.35862,21.6028
298,74,0.6189,0.3811,CV,1.8743,1.8788,-6.559168799311696,-6.568722474815088,0.02723,0.01614,30.9016
298,86,0.6191,0.3809,CV,0.255,0.2558,-2.350298186478095,-2.3607618879377785,-0.02161,0.00311,3.2435
298,98,0.6173,0.3827,CV,0.7088,0.7281,-4.538940483959121,-4.554498626541658,0.13029,0.50631,17.5206
298,102,0.6176,0.3824,CV,1.9403,1.9454,-3.566233555138149,-3.573765028418731,0.05241,-0.01622,2.7167
298,101,0.612,0.388,CV,4.1766,4.1548,-12.252190569207915,-12.238641921834951,-0.30767,-0.32957,21.1846
299,74,0.6186,0.3814,CV,2.6393,2.6429,-7.3333172332177305,-7.341976833478936,0.09318,0.06991,30.381
299,86,0.6186,0.3814,CV,0.7991,0.799,-2.3364758831945354,-2.3443787499989694,-0.01578,0.01765,3.2871
299,98,0.6188,0.3812,CV,0.688,0.6903,-5.010339366890026,-5.0221325305382205,0.12433,0.28063,16.9658
299,102,0.617,0.383,CV,1.0032,1.001,-2.5533122980113148,-2.5567323156889117,0.09734,-0.03807,2.6942
299,101,0.6046,0.3954,CV,7.5422,7.523,-23.45933954032081,-23.419217383062854,-0.60968,-0.46011,20.1201
300,74,0.6174,0.3826,CV,4.0592,4.056,-8.512844149533102,-8.516453053053382,0.08637,-0.10871,29.3668
300,86,0.6184,0.3816,CV,0.8077,0.8084,-1.9901674778875882,-1.9984221110289198,-0.05639,0.01046,3.2424
300,98,0.619,0.381,CV,2.0889,2.0966,-6.435992352558403,-6.446281718126729,0.11921,0.0403,16.7589
300,102,0.6145,0.3855,CV,1.5083,1.5034,-3.148175397639466,-3.142160051427253,0.13214,-0.1069,2.689
300,101,0.5886,0.4114,CV,9.0634,9.0315,-34.85287364890046,-34.75692231427618,-0.92378,-0.60235,18.5175
301,74,0.6138,0.3862,CV,5.9388,5.9294,-17.789266465198462,-17.779739438759023,0.29665,0.24347,28.2171
301,86,0.6176,0.3824,CV,1.8373,1.8402,-3.583233425331071,-3.588202728033214,0.09176,0.02346,3.2124
301,98,0.6188,0.3812,CV,0.6641,0.6631,-6.704960445599822,-6.714179671019114,0.0722,-0.01677,16.5051
301,102,0.6101,0.3899,CV,2.0558,2.048,-3.656424230269223,-3.6354614294353382,0.14824,-0.18263,2.7276
301,101,0.5797,0.4203,CV,8.1856,8.1456,-64.01632029625318,-63.90713704515124,-1.32695,-0.36975,18.2427
302,74,0.6176,0.3824,CV,3.0012,3.0127,-9.711767893084186,-9.723364282675561,0.30027,0.21279,28.4197
302,86,0.6185,0.3815,CV,0.3621,0.3646,-1.7028534702953333,-1.7128177921042125,0.04805,-0.01051,3.2004
302,98,0.6179,0.3821,CV,2.014,2.0103,-7.595032942168778,-7.600674094740414,0.15788,-0.0657,16.2416
302,102,0.6101,0.3899,CV,1.5458,1.5341,-3.047881807113183,-3.0334238446709536,0.1514,-0.16495,2.8022
302,101,0.5313,0.4687,CV,11.5768,11.5089,-61.814518819454506,-61.522213561428806,-2.09504,-0.41206,17.1019
303,74,0.6178,0.3822,CV,3.8624,3.866,-9.281701490462295,-9.288506128083341,0.20322,0.1196,29.0989
303,86,0.6179,0.3821,CV,1.3462,1.3474,-2.696125620737796,-2.702187851818389,-0.02335,-0.06602,3.2502
303,98,0.6184,0.3816,CV,1.4008,1.4051,-5.890092778901266,-5.8990369877615425,0.0275,-0.09834,16.0314
303,102,0.6109,0.3891,CV,1.4867,1.4761,-3.507797012029688,-3.496565057775781,0.15046,-0.17488,2.7814
303,101,0.4595,0.5405,CA,12.3772,12.2751,-67.26770628760585,-66.75799500431489,-3.31454,-0.42066,17.2164
304,74,0.6187,0.3813,CV,0.8299,0.8387,-9.376320303674522,-9.386666484125463,0.06937,0.0657,28.8635
304,86,0.6172,0.3828,CV,1.0844,1.0815,-2.440253216400392,-2.4440391354204234,-0.0783,-0.06408,3.2766
304,98,0.6183,0.3817,CV,1.7296,1.7313,-5.281199319180683,-5.289251705878601,0.01916,-0.02504,15.5934
304,102,0.6147,0.3853,CV,0.5308,0.5215,-2.387237905021661,-2.3909924054526175,0.09845,-0.13818,2.7724
305,74,0.6187,0.3813,CV,0.4288,0.4245,-7.685046235176202,-7.69409103110069,0.05624,0.05694,28.5856
305,86,0.6178,0.3822,CV,0.6126,0.6119,-2.095412176723654,-2.103134498538223,-0.02456,-0.0707,3.2856
305,98,0.6181,0.3819,CV,1.7996,1.798,-4.267723944501866,-4.274713237703596,-0.10419,-0.0448,15.324
305,102,0.6165,0.3835,CV,0.7776,0.7748,-1.976248165944565,-1.9818185683363407,0.09411,-0.07688,2.8353
306,74,0.6182,0.3818,CV,2.2995,2.2961,-10.580602351707691,-10.587529206158028,0.18405,0.05953,28.4439
306,86,0.6181,0.3819,CV,1.0672,1.0694,-2.4289768432274617,-2.436914616220232,-0.00636,0.01031,3.3572
306,98,0.6181,0.3819,CV,1.5662,1.5642,-4.434526994547692,-4.442194724786489,-0.11797,0.06842,15.1427
306,102,0.6156,0.3844,CV,1.4806,1.4776,-2.695296902014615,-2.694808699850377,0.14357,-0.0049,2.8761
307,74,0.6186,0.3814,CV,1.5183,1.5241,-10.135742141354982,-10.145377764629508,0.07336,0.03948,27.9773
307,86,0.6186,0.3814,CV,0.4923,0.4955,-2.116152182374739,-2.1256600978938636,-0.00047,0.00214,3.3407
307,98,0.6153,0.3847,CV,3.7376,3.7306,-5.7870399642664765,-5.782604642302236,-0.1545,0.27778,14.7201
307,102,0.6172,0.3828,CV,0.5168,0.514,-1.836967786835896,-1.8441434796252816,0.09872,0.0283,2.8978
308,74,0.6185,0.3815,CV,2.6716,2.6758,-6.619008581788986,-6.627199260810829,0.03536,-0.07239,28.4054
308,86,0.6183,0.3817,CV,0.7446,0.7446,-2.1017994205864197,-2.109538079008062,-0.0446,0.02008,3.3368
308,98,0.6064,0.3936,CV,5.4708,5.4519,-13.030093365247545,-12.992571386602734,-0.30483,0.46653,13.9451
308,102,0.6177,0.3823,CV,1.0666,1.0674,-2.091526200798681,-2.098512834229189,0.04309,0.06787,2.8587
309,74,0.6162,0.3838,CV,5.2203,5.2129,-6.437466648668641,-6.436235321069912,0.02205,-0.15876,29.7443
309,86,0.6185,0.3815,CV,0.2767,0.2745,-2.707505004529672,-2.716269336583739,-0.04087,0.01547,3.3504
309,98,0.5126,0.4874,CV,14.4894,14.4634,-82.2257828342726,-81.81947027736611,-1.59706,0.54404,12.7381
309,102,0.6187,0.3813,CV,0.5729,0.5772,-1.7763442172987207,-1.7871875189055448,0.00107,0.02331,2.9046
309,103,0.7,0.3,CV,1.5483,1.5483,-3.8098552320278936,-3.8098552320278936,0.0,0.0,4.8615
310,74,0.6167,0.3833,CV,1.9963,1.9777,-5.439654743876391,-5.444000173120221,-0.03982,-0.11618,30.5015
310,86,0.6177,0.3823,CV,1.0926,1.0909,-2.2241779653272276,-2.229415841979092,-0.07609,-0.01764,3.3011
310,98,0.2025,0.7975,CA,21.3314,21.2484,-120.49552890518396,-118.80415602706836,-4.52401,1.44799,13.5653
310,102,0.6187,0.3813,CV,0.6399,0.641,-1.8644959223461732,-1.873513683522055,0.02017,-0.02524,2.9405
310,103,0.6369,0.3631,CV,5.8162,5.8162,-10.034850342425187,-9.99976062663331,0.21507,-1.02535,7.0861
311,74,0.6181,0.3819,CV,3.8517,3.8665,-5.962394789580813,-5.971827990403767,-0.13938,0.00853,29.8788
311,86,0.6173,0.3827,CV,1.5849,1.5863,-3.3382249343960257,-3.342971457627077,0.04756,0.03016,3.2191
311,98,0.0978,0.9022,CA,27.6742,27.4812,-135.2827771899786,-133.17777825574044,-10.79256,3.81173,15.6389
311,102,0.6167,0.3833,CV,1.6653,1.6642,-2.903363827382429,-2.904159568995764,0.00123,-0.07756,3.0729
311,103,0.6192,0.3808,CV,2.2671,2.2106,-4.164634606875886,-4.148705933441565,0.08523,-1.54131,10.7615
312,74,0.6182,0.3818,CV,1.9439,1.9435,-5.404742805978912,-5.412524484474859,-0.09111,0.03579,29.6044
312,86,0.6179,0.3821,CV,0.499,0.4937,-2.1273064864940254,-2.135150585192767,0.06133,0.02713,3.18
312,98,0.0256,0.9744,CA,34.0469,33.7527,-147.60782148818961,-144.23154729003787,-22.48604,8.33573,18.833
312,102,0.6175,0.3825,CV,0.5815,0.5794,-2.050534052284477,-2.0572867773856793,-0.01919,-0.03472,3.1622
312,103,0.6122,0.3878,CV,2.129,2.0288,-4.265019530371014,-4.245886478049668,-0.15422,-1.59091,13.9709
312,105,0.7,0.3,CV,21.3533,21.3533,-24.48156986536527,-24.48156986536527,0.0,0.0,24.4458
313,74,0.6182,0.3818,CV,1.6975,1.6911,-5.325669747683318,-5.333588873292498,-0.04433,0.0833,29.5175
313,86,0.6188,0.3812,CV,0.3994,0.3993,-1.9835821672386516,-1.994335177843467,0.04721,-0.0134,3.1502
313,98,0.0276,0.9724,CA,23.7813,23.2753,-65.74721274320082,-62.553577843858264,-33.73812,12.87416,23.2838
313,102,0.6179,0.3821,CV,0.5029,0.5031,-2.0319757204192146,-2.039611639612274,-0.03376,-0.00143,3.2093
313,103,0.5977,0.4023,CV,2.9404,2.8156,-5.284865020267734,-5.215340102739699,-0.57151,-1.581,16.5523
313,105,0.6067,0.3933,CV,13.1196,13.1196,-20.04166434949566,-19.878201970911153,9.82647,0.85341,34.6206
314,74,0.6187,0.3813,CV,0.6326,0.6249,-5.25264244141621,-5.262323639980772,-0.00984,0.04429,29.5522
314,86,0.6189,0.3811,CV,1.099,1.102,-2.1801333960750537,-2.189838223614255,-0.02072,-0.04656,3.1748
314,98,0.0332,0.9668,CA,17.2591,16.484,-49.58135477138825,-46.57683082193886,-46.60895,18.06439,28.8529
314,102,0.6181,0.3819,CV,0.9481,0.9496,-2.2287723946715796,-2.2364201379925475,-0.044,0.02215,3.1927
314,103,0.6023,0.3977,CV,2.1558,2.0118,-4.530110429424929,-4.501392255901297,-0.67372,-1.5123,18.104
314,105,0.2483,0.7517,CA,13.6053,13.3314,-25.48067912973719,-23.915843047704854,28.38946,4.22765,75.0044
314,101,0.5,0.5,CA,31.5085,31.5114,-30.87199844035044,-30.853722433000918,0.3668,0.1845,14.1475
315,74,0.6189,0.3811,CV,0.7018,0.6983,-5.472359984235581,-5.482376782972736,0.03759,0.04813,29.5882
315,86,0.6171,0.3829,CV,1.3499,1.3477,-2.549853312128846,-2.5521003833838733,-0.07306,-0.04219,3.2344
315,98,0.1176,0.8824,CA,7.5702,6.5516,-43.96189071364175,-42.30404616419537,-54.89671,21.3863,35.0898
315,102,0.6173,0.3827,CV,1.1561,1.154,-2.3164669262617315,-2.3205121513515126,-0.05141,0.03835,3.1482
315,103,0.616,0.384,CV,2.6469,2.644,-4.653676571280791,-4.6757416386105435,-0.45138,-1.36798,18.3008
315,105,0.02,0.98,CA,20.0996,19.0062,-31.429852474409646,-27.588275795018763,78.7092,7.8823,125.1755
315,101,0.5763,0.4237,CV,6.6136,6.6294,-11.87424353224919,-11.87951700795908,-0.23078,0.18393,12.903
316,74,0.6185,0.3815,CV,2.9139,2.9154,-5.615390679574852,-5.623171435518898,0.14276,0.12922,30.1297
316,86,0.6186,0.3814,CV,1.1349,1.1405,-2.3273068854059096,-2.338456646872182,0.02566,-0.00912,3.1908
316,98,0.6789,0.3211,CV,4.0675,5.2011,-15.762133406936027,-16.747382292591354,-38.41522,14.65371,41.0547
316,103,0.6233,0.3767,CV,2.4161,2.4437,-4.331040207409655,-4.363830679657141,-0.21739,-0.78093,17.6613
316,101,0.5851,0.4149,CV,7.0973,7.0844,-12.071332117428803,-12.002580391260226,-0.82608,0.1814,12.6068
316,105,0.445,0.555,CA,1.1746,1.4657,-6.536247935823988,-6.6916896745214345,75.04229,5.48555,110.1229
317,74,0.6185,0.3815,CV,2.1322,2.1323,-5.743847065946773,-5.752432750552523,0.03979,0.17812,29.8447
317,86,0.6186,0.3814,CV,0.4507,0.4517,-2.6524688689531466,-2.661439588627224,-0.00526,-0.02392,3.1614
317,98,0.3749,0.6251,CA,11.9113,13.0315,-20.790406251898663,-19.713886718195553,41.15634,-15.61185,54.1088
317,103,0.6201,0.3799,CV,1.6266,1.5931,-3.804965542538611,-3.813200889591709,-0.09975,-0.63117,16.8792
317,101,0.5665,0.4335,CV,8.3424,8.2994,-17.206184237792677,-17.04824388191395,-1.30104,0.15205,12.7929
318,74,0.6184,0.3816,CV,2.3493,2.3503,-6.817225161526495,-6.825462008307774,0.18063,0.05777,29.8378
318,86,0.6181,0.3819,CV,0.7964,0.7953,-2.8383115721135277,-2.8449550641393513,-0.00883,-0.04357,3.2115
318,98,0.0745,0.9255,CA,9.565,8.0546,-15.082778826735408,-12.43842971304781,74.75987,-28.72292,65.6828
318,103,0.6208,0.3792,CV,0.7496,0.7248,-3.5910942286636125,-3.6069347223768498,-0.03097,-0.40935,16.0282
318,101,0.5648,0.4352,CV,6.6177,6.5468,-21.8840610867811,-21.74662623885642,-1.45466,0.07174,13.1577
318,102,0.5,0.5,CA,1.9104,1.9072,-3.4961509835838553,-3.5005200738170705,-0.10555,0.03646,3.3846
319,74,0.6188,0.3812,CV,0.9463,0.9542,-5.334964547754914,-5.344903313267389,0.06928,0.00791,30.0743
319,86,0.6182,0.3818,CV,0.2723,0.2688,-1.8342232468070945,-1.8421541597718183,-0.00558,-0.03615,3.2405
319,103,0.6213,0.3787,CV,0.2967,0.3036,-3.532563278990272,-3.5496376714642786,-0.0308,-0.25014,15.315
319,101,0.5783,0.4217,CV,4.5842,4.5148,-27.722509042728095,-27.642335200150562,-1.41519,0.07683,12.9787
319,102,0.5739,0.4261,CV,1.3538,1.3462,-2.6890722538147993,-2.684398895392648,-0.16853,0.01888,3.157
320,74,0.6184,0.3816,CV,1.9568,1.9533,-5.77745224795052,-5.785137191303914,0.14179,-0.05767,30.368
320,86,0.6183,0.3817,CV,0.9433,0.945,-2.0948043000354786,-2.1029578798445905,0.04325,-0.02411,3.1895
320,103,0.621,0.379,CV,0.7606,0.7728,-3.6245235014139245,-3.63960466083435,-0.00659,-0.07791,14.6118
320,101,0.6035,0.3965,CV,0.8259,0.7843,-19.8972074162775,-19.901816139208044,-0.95064,0.06232,12.9931
320,102,0.5854,0.4146,CV,3.7841,3.7802,-9.3301402592285,-9.26625441406065,-0.35422,-0.27823,3.1883
321,74,0.6181,0.3819,CV,1.9387,1.9319,-6.375703599125359,-6.382823972206927,0.1852,-0.10719,30.3342
321,86,0.6178,0.3822,CV,1.3599,1.361,-7.12885186217345,-7.1348577657161005,-0.05284,-0.06144,3.1706
321,103,0.6197,0.3803,CV,1.5639,1.5663,-3.8476262181020178,-3.8576644681923598,-0.06233,0.05752,13.9773
321,101,0.6166,0.3834,CV,1.2039,1.2398,-23.33859505160692,-23.361349931006572,-0.47559,0.04501,12.8295
321,102,0.6027,0.3973,CV,1.096,1.0788,-2.064259005786031,-2.054965740328833,-0.2422,-0.28096,3.2107
322,74,0.6183,0.3817,CV,1.1605,1.156,-5.671716130571411,-5.679951899516771,0.13779,-0.06895,30.7116
322,86,0.6181,0.3819,CV,0.4463,0.4425,-3.2967452992532627,-3.3045726232136996,-0.05658,-0.0502,3.169
322,103,0.6179,0.3821,CV,1.9908,1.9855,-3.9567341203699993,-3.9609846497100993,-0.06616,0.11825,13.1879
322,101,0.6182,0.3818,CV,0.7141,0.6992,-11.433998804485427,-11.444096371563102,-0.33421,0.00717,12.6341
322,102,0.6113,0.3887,CV,1.1989,1.1938,-2.182124807831499,-2.183820457963252,-0.08614,-0.26252,3.2001
322,106,0.7,0.3,CV,10.932,10.932,-10.379840218059142,-10.379840218059142,0.0,0.0,227.8554
323,74,0.6182,0.3818,CV,3.2274,3.2313,-7.05728971162741,-7.06507700749534,0.05988,-0.09155,30.0161
323,86,0.6176,0.3824,CV,0.8188,0.8149,-2.1130799423576763,-2.118307137286632,-0.08684,-0.05505,3.1671
323,103,0.6183,0.3817,CV,2.29,2.2954,-4.2259250076654915,-4.234318877562979,-0.03427,0.13141,13.0736
323,101,0.6184,0.3816,CV,0.9554,0.9422,-16.267385805329443,-16.275928438199607,-0.26956,0.03064,12.437
323,106,0.6426,0.3574,CV,21.9138,21.9138,-22.513409353318615,-22.50290753527773,-10.46076,2.68226,311.3323
323,102,0.6171,0.3829,CV,1.9209,1.9293,-3.4270282116819666,-3.4404014750622514,-0.14678,-0.02461,3.1139
324,74,0.618,0.382,CV,1.9388,1.9285,-7.187999541376365,-7.194948839264217,0.04436,-0.1227,29.5214
324,86,0.6189,0.3811,CV,0.5849,0.5904,-1.9374461897042412,-1.9491353699405565,-0.01508,-0.01209,3.1631
324,103,0.6167,0.3833,CV,2.613,2.6084,-4.3696250198925695,-4.370885539339551,-0.02597,0.22789,12.5284
324,101,0.619,0.381,CV,1.4989,1.5014,-19.098306764668948,-19.10937409848155,-0.13381,0.00376,11.9911
324,106,0.5999,0.4001,CV,21.1514,20.853,-31.556772453866163,-31.451322221616813,-24.64002,5.93459,473.9251
324,102,0.6181,0.3819,CV,0.6273,0.6242,-2.8549441992374165,-2.8639519666044038,-0.10983,0.03166,3.0487
325,74,0.619,0.381,CV,2.0096,2.0224,-5.490591280004575,-5.5019079213005195,-0.05617,-0.01658,29.8664
325,86,0.6189,0.3811,CV,0.306,0.307,-1.8023632758511912,-1.8121604749915259,0.00914,0.00437,3.1573
325,103,0.6166,0.3834,CV,1.4351,1.4237,-3.8298477020372856,-3.83311778526386,-0.003,0.23291,12.2199
325,101,0.6171,0.3829,CV,3.0817,3.0819,-20.442182928481827,-20.444145952354095,0.00561,-0.21909,11.5508
325,106,0.5765,0.4235,CV,16.8882,16.0155,-44.75830928353207,-44.61941610163191,-30.26855,4.46975,606.9951
325,102,0.6192,0.3808,CV,0.8674,0.8709,-1.7910186971220385,-1.802988782701875,-0.00525,0.06585,2.9921
326,74,0.619,0.381,CV,1.2745,1.277,-6.78430883932664,-6.794251648710541,0.0532,-0.03734,29.826
326,86,0.615,0.385,CV,2.2815,2.2809,-4.176390191004064,-4.169654913836193,0.16433,0.01096,3.092
326,103,0.6167,0.3833,CV,1.7191,1.712,-4.081825580620728,-4.085572005144154,-0.00606,0.21414,12.2188
326,101,0.6183,0.3817,CV,1.5159,1.5162,-17.47014737686515,-17.4797718737365,0.0837,-0.07564,11.1107
326,102,0.6142,0.3858,CV,2.7305,2.7325,-9.415372497490932,-9.404957090378453,0.1755,-0.04915,2.9936
326,106,0.4744,0.5256,CA,24.6304,23.2375,-57.11468697886384,-56.59945299061132,-44.00684,1.33363,712.3893
327,74,0.6188,0.3812,CV,1.4817,1.4818,-5.744661966012451,-5.75365263778599,0.07496,-0.00583,30.0551
327,86,0.6158,0.3842,CV,0.7565,0.748,-1.9746354357079485,-1.9770773430343211,0.15069,-0.01257,3.0577
327,103,0.6159,0.3841,CV,2.3025,2.2933,-4.5154590314891205,-4.515856986729278,0.04793,0.20994,12.3761
327,101,0.6165,0.3835,CV,2.9939,2.993,-5.081087885266928,-5.081358053984177,0.27118,-0.06801,10.9781
327,106,0.3942,0.6058,CA,24.4073,22.2071,-51.308476698443975,-50.613128938529854,-62.55634,1.92058,792.3664
327,102,0.6149,0.3851,CV,1.0814,1.0748,-3.272471938743671,-3.2720125329041005,0.16434,0.01424,2.9753
328,74,0.6181,0.3819,CV,2.5257,2.5213,-5.428304768662027,-5.434764526612541,0.04934,-0.03996,30.7302
328,86,0.6176,0.3824,CV,0.7462,0.7468,-1.888168734527675,-1.8969769465714406,0.10217,0.01515,3.0946
328,103,0.6158,0.3842,CV,2.7542,2.7495,-4.561037308778289,-4.561998954042334,0.0795,0.25109,12.0369
328,101,0.6149,0.3851,CV,2.6737,2.6635,-4.976440713567839,-4.97269871129166,0.27362,-0.10619,11.0224
328,106,0.4637,0.5363,CA,13.6429,11.0205,-47.811963822113725,-47.51423575091045,-66.88535,0.11156,786.4447
328,105,0.5,0.5,CA,447.8586,447.8662,-299.80556507752664,-299.3939182933094,-1.13342,2.27032,53.1574
328,102,0.6151,0.3849,CV,0.8973,0.8884,-2.8745455932691018,-2.874032712992724,0.15867,0.00151,2.9456
329,74,0.6183,0.3817,CV,1.014,1.0095,-5.425467053860663,-5.433598613892381,0.0632,-0.07668,30.8899
329,86,0.6188,0.3812,CV,0.7595,0.764,-1.949715712200287,-1.9608141282978893,0.01184,0.02022,3.1061
329,103,0.6157,0.3843,CV,2.4397,2.4331,-4.2529232459189386,-4.253691055817243,0.12182,0.20095,11.6103
329,101,0.618,0.382,CV,2.9713,2.9838,-13.349393656788964,-13.36133425215709,-0.02661,-0.11442,10.8311
329,106,0.5192,0.4808,CV,10.4336,8.1224,-35.96912390406284,-35.79534801098298,-63.36767,0.05228,736.4401
329,102,0.6171,0.3829,CV,0.3863,0.3824,-2.3728951923456916,-2.3803848176500306,0.10641,0.02237,2.9204
330,74,0.618,0.382,CV,2.156,2.1518,-5.568582831567029,-5.575331136560863,0.16502,-0.01719,31.1667
330,86,0.6184,0.3816,CV,0.5841,0.5826,-1.8422229647170785,-1.849956291053056,0.03267,0.04123,3.0995
330,103,0.6152,0.3848,CV,2.0405,2.0267,-3.961772383200803,-3.9605890311510024,0.15901,0.19503,11.3031
330,101,0.6174,0.3826,CV,1.5112,1.5049,-5.175888573768418,-5.180450793797405,-0.03835,-0.08922,10.8753
330,102,0.0,1.0,CA,278.6901,278.6843,-35899.354350127,-35680.481756921334,18.4185,3.13053,3.2372
330,106,0.6168,0.3832,CV,1.4245,3.2743,-31.292634065118705,-31.438975465059688,-37.46526,-0.36587,647.9944
330,110,0.7,0.3,CV,21.8631,21.8631,-21.260141771089582,-21.260141771089582,0.0,0.0,21.3768
331,74,0.6176,0.3824,CV,2.3179,2.3076,-5.4471081929939364,-5.452571740917536,0.23457,-0.03847,31.6327
331,86,0.6173,0.3827,CV,1.2687,1.2673,-2.977138289745838,-2.9806075236470386,-0.02026,0.07932,3.1538
331,103,0.6114,0.3886,CV,3.8825,3.8738,-5.568047792841791,-5.5515410886282845,0.24966,-0.00534,10.6684
331,101,0.618,0.382,CV,1.7522,1.7564,-3.8947221731909276,-3.902989912298862,0.08194,-0.02199,10.7716
331,102,0.0,1.0,CA,88.3901,88.0164,-3269.046099914317,-3229.608418302103,27.30826,4.72908,3.6875
331,106,0.6529,0.3471,CV,8.7725,9.8633,-26.02103579095106,-26.180585319182068,-9.1221,-0.03251,547.8648
331,110,0.6193,0.3807,CV,13.182,13.182,-29.196079316394062,-29.085377911848106,-7.34652,0.26587,29.1156
332,74,0.6184,0.3816,CV,1.1373,1.1512,-5.799603454792446,-5.809291356351744,0.08098,-0.0066,31.7812
332,86,0.6179,0.3821,CV,0.5986,0.5983,-1.8853676564320077,-1.893379537362138,-0.02991,0.06705,3.1242
332,103,0.6158,0.3842,CV,0.8534,0.8399,-3.1761900684423536,-3.1838979723046394,0.2241,-0.03601,10.3949
332,101,0.6181,0.3819,CV,1.3246,1.3251,-3.901223378920638,-3.9086362499943585,0.02379,0.05749,10.7921
332,102,0.0047,0.9953,CA,10.8526,10.3259,-51.752191030690426,-46.80723438761913,28.83731,5.49649,4.2265
332,106,0.6435,0.3565,CV,5.2292,5.4723,-21.173470940168873,-21.238378316104004,-0.02884,-0.21594,453.2758
332,110,0.2698,0.7302,CA,15.4257,15.2191,-21.463462641867224,-19.992185258531997,-24.0659,-0.43989,61.3464
333,74,0.6186,0.3814,CV,1.3886,1.3931,-5.861435273512539,-5.870442762066557,-0.03929,0.00666,31.9633
333,86,0.6181,0.3819,CV,0.7588,0.7593,-1.9404405338314334,-1.9481855348933728,0.01841,0.04469,3.1673
333,103,0.6175,0.3825,CV,2.9717,2.9799,-4.545570585935747,-4.553904321849409,-0.00668,-0.23604,10.2401
333,101,0.6175,0.3825,CV,1.5979,1.5935,-3.9194533642918152,-3.9244467603997477,-0.01145,0.0522,11.0363
333,102,0.9995,0.0005,CV,18.5384,19.1261,-130.788055707891,-138.8555104617684,23.18415,4.37475,4.4543
333,106,0.6358,0.3642,CV,2.7013,2.7199,-19.043503120830124,-19.088672098197815,0.16209,-0.40743,378.4591
334,74,0.6187,0.3813,CV,0.4648,0.4655,-6.226252150309456,-6.2354414081082705,-0.00454,0.0121,32.199
334,86,0.6181,0.3819,CV,0.4004,0.3972,-1.8354885374952585,-1.842974741997138,0.02102,0.04805,3.2033
334,103,0.6173,0.3827,CV,2.6432,2.6454,-4.280734716703062,-4.285570156310806,-0.15698,-0.13769,10.2285
334,101,0.6147,0.3853,CV,4.2626,4.2583,-6.46233653987697,-6.4563792013745305,-0.22429,0.0692,11.4097
334,102,0.6409,0.3591,CV,29.2668,29.2684,-284.7870733843755,-284.2686680530618,-0.84605,-0.15873,4.1715
334,106,0.6283,0.3717,CV,4.5317,4.5012,-15.733370724985209,-15.758055153275016,1.67044,-0.51134,323.0393
335,74,0.6187,0.3813,CV,1.0102,1.0114,-5.536485494059765,-5.545614245264904,0.00822,-0.05473,32.619
335,86,0.6184,0.3816,CV,0.981,0.9837,-2.135700378981781,-2.144641303989628,-0.03318,0.01051,3.1595
335,103,0.6163,0.3837,CV,2.0106,2.0012,-3.9000402929025393,-3.9009621272899024,-0.09443,-0.17994,10.2306
335,101,0.6172,0.3828,CV,2.1655,2.1727,-8.857468990068744,-8.86630533269032,-0.10703,0.12796,11.266
335,102,0.2324,0.7676,CA,28.7434,28.707,-290.7795458280722,-289.0765952147937,-1.91662,-0.334,4.157
335,106,0.6231,0.3769,CV,5.0356,4.965,-12.442737027479462,-12.456455275780407,1.82146,-0.37387,282.9151
336,74,0.6185,0.3815,CV,2.2748,2.2754,-5.6752097663546905,-5.683385347000428,0.14947,0.01981,32.9351
336,86,0.6187,0.3813,CV,0.5014,0.5024,-2.1025980654634537,-2.1118950265263954,0.00989,-0.00278,3.146
336,103,0.6171,0.3829,CV,3.0063,3.0117,-4.637788730501626,-4.643623937153118,-0.09638,-0.14676,9.5928
336,101,0.6168,0.3832,CV,3.4988,3.5021,-7.454206827129882,-7.457259673725291,0.12238,0.13988,11.0058
336,106,0.6209,0.3791,CV,3.7365,3.6672,-11.415755345152633,-11.427834253206347,1.67977,-0.37285,247.7136
337,74,0.6176,0.3824,CV,3.1575,3.1496,-5.78152351972674,-5.786521830838231,0.29666,-0.0105,33.3757
337,86,0.6186,0.3814,CV,0.6393,0.6396,-1.8428399523750645,-1.8517183628835356,-0.03597,0.0173,3.1482
337,103,0.6187,0.3813,CV,0.8469,0.8538,-3.125519480483706,-3.136893833605826,-0.0624,-0.02155,9.3573
337,101,0.617,0.383,CV,2.2343,2.2323,-6.142028763215645,-6.146694610499387,-0.02875,0.21337,11.0776
337,106,0.6201,0.3799,CV,3.9629,3.9326,-10.191175482558233,-10.203112051336099,1.19371,-0.46106,218.525
337,102,0.5,0.5,CA,48.3245,48.2326,-517.8219678106649,-510.97506838376006,-8.76449,-1.32295,4.4481
338,74,0.6179,0.3821,CV,1.3507,1.335,-5.39178296637101,-5.398998047254543,0.26456,0.01331,33.7162
338,86,0.6189,0.3811,CV,0.4671,0.4688,-2.4682081349907885,-2.4782516501783443,0.0109,0.01386,3.1487
338,103,0.619,0.381,CV,0.9842,0.9881,-3.2259342628599073,-3.2364310056332,-0.03078,0.03221,9.2936
338,101,0.6152,0.3848,CV,4.3336,4.334,-16.88808656069738,-16.88492028365127,-0.2498,0.14874,11.6013
338,106,0.6176,0.3824,CV,5.3829,5.3234,-9.452136495862096,-9.454596981868768,1.38002,-0.44817,194.6951
338,102,0.0,1.0,CA,22.5672,22.2123,-178.793861939928,-166.037433933081,-31.89786,-4.76346,7.9727
339,74,0.618,0.382,CV,1.5425,1.5312,-5.404627950502219,-5.412005400623905,0.24335,-0.04855,33.9845
339,86,0.6189,0.3811,CV,0.1197,0.1192,-1.6483556304069908,-1.6581602510117992,0.01473,0.00623,3.1466
339,103,0.6171,0.3829,CV,2.6537,2.6527,-4.364320454987498,-4.366301804827611,0.03591,0.07391,9.4776
339,101,0.6103,0.3897,CV,4.8089,4.7913,-17.047707347410118,-17.0266381593796,-0.40718,0.2034,12.0569
339,106,0.614,0.386,CV,9.7349,9.6888,-8.52791869090041,-8.51858968223422,1.62769,-0.16959,179.8056
339,102,0.0,1.0,CA,16.1032,15.458,-91.11707611491872,-79.47874615915823,-55.61707,-8.3732,9.6903
340,74,0.6178,0.3822,CV,2.398,2.3885,-5.633347453301874,-5.63974161500246,0.25229,-0.08974,33.8357
340,86,0.6185,0.3815,CV,0.7053,0.7046,-4.027102207630756,-4.035182223211818,0.056,-0.00015,3.143
340,103,0.6175,0.3825,CV,0.9916,0.9849,-3.476677701462388,-3.482872999148713,0.04563,0.09893,9.4281
340,101,0.6133,0.3867,CV,4.7495,4.7528,-15.971092191474394,-15.969950314228376,-0.12167,0.37595,11.9218
340,106,0.6113,0.3887,CV,8.6581,8.5682,-8.308983942223751,-8.293825640770672,1.79968,-0.15411,165.3926
340,102,0.0,1.0,CA,264.4225,263.2989,-22667.284198446785,-21147.78740195083,-462.61225,-73.85187,10.4437
341,74,0.6169,0.3831,CV,3.6482,3.6358,-6.265741354933262,-6.268564541610381,0.40254,-0.0653,34.2651
341,103,0.6163,0.3837,CV,2.234,2.2281,-4.019976601475516,-4.020707634373829,0.05992,0.19489,9.3504
341,101,0.6131,0.3869,CV,3.9143,3.9058,-17.85645112820604,-17.85001597948518,-0.24728,0.27635,12.507
341,106,0.6147,0.3853,CV,6.2995,6.2729,-9.028888309255084,-9.031967177045335,1.37126,-0.21541,149.3375
341,102,1.0,0.0,CV,18.8256,28.1376,-125.21425023885041,-259.76594356348494,-422.49648,-68.58077,7.6504
342,74,0.6186,0.3814,CV,1.3741,1.3936,-5.5239111648296175,-5.535183649706134,0.15606,-0.00936,34.4076
342,103,0.6157,0.3843,CV,1.8789,1.8682,-3.8058896783575804,-3.805891863862559,0.04953,0.2371,9.3227
342,106,0.6125,0.3875,CV,7.6472,7.5831,-7.829601042230739,-7.818571621519311,1.47229,-0.39629,136.5202
342,102,0.75,0.25,CV,78.5822,78.5822,-2482.911478506998,-2482.911478506998,0.0,0.0,6.0395
342,101,0.5742,0.4258,CV,15.5098,15.499,-53.23405207133578,-53.06632592940972,-1.17463,0.13873,12.3025
343,74,0.6188,0.3812,CV,1.0698,1.0699,-6.352153357770296,-6.361680191389796,0.06816,-0.01006,34.2899
343,103,0.616,0.384,CV,1.6542,1.6451,-3.774439500124551,-3.7767430069428887,0.01417,0.20618,9.5202
343,101,0.6064,0.3936,CV,8.4563,8.4893,-16.318878990374298,-16.341505441124994,-0.43791,0.32377,13.529
343,106,0.6077,0.3923,CV,9.876,9.7993,-8.281201953036515,-8.253107948857755,1.84116,-0.46063,125.1913
343,102,0.6212,0.3788,CV,77.6366,77.6366,-2539.356100235515,-2539.1761948238163,0.27026,0.05228,5.1215
344,74,0.6187,0.3813,CV,1.708,1.7072,-6.366155660769687,-6.375284203266043,-0.04848,0.02646,34.0913
344,103,0.6176,0.3824,CV,1.0162,1.018,-3.5271246552605793,-3.535715689699665,0.00383,0.14481,9.4259
344,101,0.6091,0.3909,CV,6.2131,6.2074,-11.176229472631594,-11.163117228500127,-0.05175,0.50418,14.3585
344,106,0.6028,0.3972,CV,11.6227,11.5413,-12.721915980463093,-12.680337239393845,2.18104,-0.22865,117.4713
344,86,0.5,0.5,CA,2.6066,2.6059,-4.5782782860013995,-4.580682367445759,0.07215,0.09377,3.2769
345,74,0.6188,0.3812,CV,1.1786,1.178,-5.66619308388132,-5.675877812419335,0.05,0.03512,34.0176
345,103,0.6176,0.3824,CV,1.4502,1.4465,-3.694771239920502,-3.7006716461124074,-0.0445,0.13707,9.2713
345,101,0.6071,0.3929,CV,6.1649,6.1471,-9.961736522817056,-9.936208096295399,0.12409,0.64922,14.2873
345,106,0.6001,0.3999,CV,10.4807,10.3706,-17.58809373379154,-17.542545776981164,2.33297,-0.03794,109.4232
345,86,0.5775,0.4225,CV,0.62,0.6231,-2.422803109551457,-2.432978980802573,0.04984,0.07064,3.1328
346,74,0.6156,0.3844,CV,7.388,7.3874,-7.471011819004978,-7.4666935139188,0.51112,0.08109,34.7686
346,103,0.6179,0.3821,CV,1.0158,1.0122,-3.413092276857907,-3.4206804700758324,0.00976,0.14197,9.3272
346,101,0.6049,0.3951,CV,5.7655,5.7433,-7.345151105985659,-7.313447345561752,-0.14845,0.73591,14.2243
346,106,0.618,0.382,CV,19.0525,19.1648,-19.27758013392459,-19.311033288414958,-0.37262,0.32911,103.5964
346,86,0.6029,0.3971,CV,1.0813,1.0772,-4.281328239906157,-4.284746117204166,0.07964,0.12625,3.133
347,74,0.6148,0.3852,CV,4.1759,4.1488,-6.089188328169076,-6.086268863139146,0.58743,0.02976,34.8003
347,103,0.6186,0.3814,CV,1.028,1.0313,-3.4517605844138894,-3.4615769187519825,0.06934,0.04841,9.3648
347,101,0.6105,0.3895,CV,2.618,2.5929,-21.062581829984403,-21.05736536004043,0.04011,0.61303,14.5296
347,106,0.6157,0.3843,CV,8.2003,8.1839,-11.08968348927802,-11.087042384925601,-0.63482,-0.12729,99.5113
347,86,0.6143,0.3857,CV,0.6001,0.6038,-2.199485783639671,-2.2131489575033414,0.04879,0.05589,3.0635
347,112,0.7,0.3,CV,29.7788,29.7788,-24.638692614644746,-24.638692614644746,0.0,0.0,35.7456
348,74,0.6142,0.3858,CV,4.4336,4.4079,-6.015840702563146,-6.0117324603142235,0.61808,-0.1015,34.3745
348,103,0.6186,0.3814,CV,0.7447,0.7433,-3.406849157028808,-3.415554767025021,0.06283,0.03207,9.4705
348,101,0.6045,0.3955,CV,6.2577,6.2421,-16.595938850406416,-16.557391721894035,-0.30973,0.60647,14.0238
348,106,0.6153,0.3847,CV,6.0884,6.0569,-9.133733239086151,-9.133073144395244,-0.35204,-0.18064,97.0154
348,86,0.6182,0.3818,CV,0.3986,0.401,-3.571656719718095,-3.5851189272226334,0.01254,0.00937,3.0116
348,112,0.5728,0.4272,CV,30.6717,30.6717,-40.10185755074459,-39.79802871660495,-15.05062,-1.17279,50.6916
349,74,0.6142,0.3858,CV,4.2465,4.2233,-9.253749868308557,-9.250605776847083,0.54588,-0.17161,33.4596
349,103,0.6182,0.3818,CV,1.61,1.6094,-3.692366284980131,-3.699408252503855,0.11438,0.01241,9.3139
349,101,0.6014,0.3986,CV,4.8431,4.814,-12.991589862086881,-12.949081666409231,-0.63868,0.55257,14.0102
349,106,0.6174,0.3826,CV,4.5222,4.531,-11.838681178940973,-11.847476537520066,-0.14638,-0.38881,92.0527
349,86,0.6186,0.3814,CV,0.7269,0.7255,-3.9854076978506545,-3.995065335225698,-0.01366,0.01252,2.907
349,112,0.0193,0.9807,CA,38.9818,38.5425,-59.69337946252703,-55.35723932130422,-57.6655,-0.70386,134.9546
350,74,0.6182,0.3818,CV,1.3765,1.406,-10.549432136719187,-10.563117554411086,0.26242,-0.09575,33.5982
350,103,0.6176,0.3824,CV,1.4542,1.4481,-3.6396354962954742,-3.644691319192763,0.16324,-0.0273,9.2334
350,101,0.5872,0.4128,CV,6.4342,6.3914,-8.470937289928838,-8.37405149691845,-1.04011,0.48596,13.8356
350,106,0.6061,0.3939,CV,19.2787,19.2743,-15.534552010629618,-15.492254463000322,-1.53522,-0.2494,86.7315
350,112,0.0335,0.9665,CA,29.1739,27.9151,-35.101284065180614,-32.11619095201844,-110.61319,2.96906,210.6939
351,74,0.6186,0.3814,CV,2.0234,2.0235,-9.902840219182485,-9.912123295863138,0.21275,-0.03897,34.0217
351,103,0.6168,0.3832,CV,2.1719,2.1684,-3.876164341274623,-3.8790161943819244,0.09716,-0.03641,8.8943
351,101,0.6011,0.3989,CV,9.2226,9.2496,-26.938799830186728,-26.920233075204866,0.02995,0.89556,14.0569
351,106,0.6161,0.3839,CV,6.226,6.2735,-7.297063952721103,-7.313897347181137,-0.68281,0.10396,85.0843
351,112,0.1183,0.8817,CA,13.8409,11.4577,-14.840531032720886,-13.189151193851558,-136.92611,2.88049,243.8297
352,74,0.6181,0.3819,CV,2.1738,2.162,-8.187007686926618,-8.19360009929358,0.24063,-0.04967,34.2892
352,103,0.6165,0.3835,CV,1.9371,1.9316,-3.626034716090853,-3.628457165962888,0.07576,-0.17732,8.7148
352,101,0.6081,0.3919,CV,2.3664,2.3312,-15.279798352557762,-15.270233534383683,-0.11187,0.72593,14.1025
352,106,0.6185,0.3815,CV,9.3635,9.4011,-10.269536787240616,-10.281452281712724,0.32933,-0.03243,81.7192
352,112,0.075,0.925,CA,17.7745,14.5404,-13.61422051544346,-11.337803797656477,-186.25564,7.55259,296.7359
353,74,0.6158,0.3842,CV,5.1096,5.096,-7.447609127987658,-7.44533392307841,0.484,-0.02532,34.3559
353,103,0.6189,0.3811,CV,1.3047,1.313,-3.241475152941677,-3.254682001304894,-0.04645,-0.04343,8.588
353,101,0.6035,0.3965,CV,6.4721,6.4542,-22.348190176512375,-22.309142256245398,-0.39157,0.63309,14.7534
353,106,0.6142,0.3858,CV,9.3045,9.2867,-14.874480670978885,-14.86504076300507,0.92508,-0.1074,78.6583
353,112,0.7104,0.2896,CV,9.0731,12.6489,-8.215009800556825,-9.40941779735003,-125.59412,3.18257,254.7192
354,74,0.6119,0.3881,CV,6.7781,6.7516,-7.157833046768159,-7.142492076583128,0.74359,-0.04467,34.415
354,103,0.6163,0.3837,CV,2.5501,2.5464,-4.34044977591652,-4.339097099958354,-0.23359,-0.03365,8.3562
354,101,0.5645,0.4355,CV,16.0817,16.0789,-41.225429569908215,-41.03236917540314,-1.34712,0.02679,13.7146
354,106,0.6129,0.3871,CV,6.6133,6.567,-12.073262628338693,-12.064315696419962,1.02664,-0.01903,76.9449
354,112,0.3165,0.6835,CA,15.7375,13.7229,-27.48323195209865,-26.100051331264677,-124.69459,-0.37015,320.8485
355,74,0.6095,0.3905,CV,6.2947,6.255,-6.798638864984229,-6.779074497126244,0.88411,-0.06851,34.3389
355,103,0.6093,0.3907,CV,4.399,4.3917,-7.331999518238792,-7.305105867142098,-0.411,0.16009,8.3687
355,106,0.6147,0.3853,CV,3.5305,3.4781,-12.56425659793451,-12.565071399392467,0.87981,-0.07452,74.4111
355,112,0.664,0.336,CV,23.6288,27.6485,-14.168049251356694,-14.80633539711851,101.53247,-4.1079,252.0168
356,74,0.6061,0.3939,CV,7.2014,7.1558,-7.548542250560315,-7.518212723041573,1.04409,-0.18584,34.0209
356,103,0.6132,0.3868,CV,1.2377,1.2173,-3.634010075135216,-3.633825939976859,-0.30444,0.15163,8.336
356,106,0.6159,0.3841,CV,2.8798,2.8334,-10.57749558921082,-10.580739340761571,0.74907,-0.06609,72.076
356,112,0.5727,0.4273,CV,7.2665,5.8037,-7.175298114926802,-6.9257663380066905,75.64913,-3.80892,221.2212
357,74,0.6086,0.3914,CV,4.2573,4.2003,-7.289350538052769,-7.274359110863292,0.97417,-0.16613,33.9727
357,103,0.614,0.386,CV,2.6559,2.6502,-4.269658199421276,-4.266898041032355,-0.27368,-0.01309,8.4504
357,106,0.6169,0.3831,CV,3.4852,3.4665,-13.679450141204851,-13.685194758524835,0.59461,-0.17831,68.8256
357,112,0.6979,0.3021,CV,6.2862,8.471,-7.073812816011057,-7.503742116668633,2.46347,-1.03767,188.4088
358,74,0.6153,0.3847,CV,1.481,1.4783,-5.601018635448786,-5.610659013847023,0.59569,-0.16557,34.365
358,103,0.6114,0.3886,CV,3.2637,3.2484,-4.866097221465381,-4.85155060458715,-0.27939,0.01178,8.796
358,106,0.6177,0.3823,CV,2.0438,2.0154,-10.427811165343014,-10.435293163791066,0.46654,-0.19903,65.9514
358,112,0.6332,0.3668,CV,6.567,6.5933,-6.825814521820609,-6.777960161666082,-16.35918,0.03716,144.6693
359,74,0.6177,0.3823,CV,0.5441,0.5301,-6.355313975507155,-6.365082326477993,0.3686,-0.11605,34.517
359,103,0.6155,0.3845,CV,1.4988,1.4985,-3.6575959498161996,-3.664101740656709,-0.22796,-0.01176,8.666
359,106,0.6183,0.3817,CV,2.1363,2.1236,-11.078878037131778,-11.08788708171884,0.42676,-0.05058,63.7401
359,112,0.5802,0.4198,CV,5.9168,5.3008,-6.5176078182596555,-6.3446687977018446,-19.06573,0.27144,122.974
360,74,0.6168,0.3832,CV,3.2377,3.2192,-5.720994739669582,-5.7235658445067905,0.4304,-0.07041,34.9113
360,103,0.6149,0.3851,CV,2.7799,2.7741,-4.53349668406178,-4.531293636012757,-0.17162,0.08037,8.9969
360,106,0.6179,0.3821,CV,3.2088,3.1932,-10.293700527100292,-10.300077639478296,0.45609,0.08382,61.7795
360,112,0.6225,0.3775,CV,1.2551,1.5077,-6.219117824849164,-6.301143874748879,-10.76211,0.02999,108.9086
361,74,0.6161,0.3839,CV,3.3765,3.3538,-6.349613087058955,-6.350726729715432,0.48387,0.00813,35.1252
361,103,0.6161,0.3839,CV,1.5823,1.5761,-3.9214208781777007,-3.9252862412596263,-0.06905,0.05465,9.3859
361,106,0.6154,0.3846,CV,6.1224,6.0999,-9.621248878581097,-9.617559908641486,0.6199,0.19051,60.7855
361,112,0.6249,0.3751,CV,3.658,3.5576,-7.070823068213903,-7.100771595746279,-7.09596,-0.10583,93.2854
361,101,0.5,0.5,CA,44.6836,44.6909,-67.23771018095928,-66.92922926345244,1.4373,0.32431,13.0982
362,74,0.6144,0.3856,CV,4.9136,4.8898,-6.770393672150753,-6.765160192731097,0.62286,-0.01956,34.8282
362,103,0.6166,0.3834,CV,2.7963,2.7978,-4.509870211034656,-4.513945947528089,-0.01967,0.18362,9.3755
362,106,0.6149,0.3851,CV,4.5648,4.5285,-9.907379916805237,-9.905286749668491,0.64779,0.27987,59.1463
362,112,0.6269,0.3731,CV,1.6238,1.5573,-5.565251188115144,-5.600036376165502,-4.32663,-0.17384,81.7009
362,101,0.5854,0.4146,CV,3.1921,3.2453,-5.089342487421382,-5.132167387595084,0.85794,0.04891,11.8788
363,74,0.613,0.387,CV,4.9868,4.9572,-6.768133519758346,-6.759463115384249,0.69799,-0.01533,34.1461
363,103,0.6125,0.3875,CV,4.6679,4.6641,-6.547151965169397,-6.533031290404997,0.10084,0.31607,9.0078
363,106,0.6158,0.3842,CV,3.0685,3.0332,-10.344697274735513,-10.347108025482704,0.5749,0.28537,57.2409
363,112,0.6288,0.3712,CV,3.7476,3.8017,-7.656076600946355,-7.696224602189833,-1.7334,-0.19112,70.4658
363,101,0.6098,0.3902,CV,1.3825,1.4125,-22.269828125137398,-22.290559420609025,0.44142,-0.01711,11.7273
364,74,0.613,0.387,CV,3.8793,3.8425,-5.908649219134891,-5.902230423787881,0.68512,-0.0309,33.4907
364,103,0.5969,0.4031,CV,6.2317,6.2193,-10.312033527987184,-10.238758959932287,0.39976,0.24341,8.3609
364,106,0.6171,0.3829,CV,2.6119,2.5965,-12.1550380476113,-12.1617250592472,0.44236,0.24337,54.8527
364,112,0.6249,0.3751,CV,4.1723,4.2348,-5.810657443377996,-5.831042483753312,0.68698,-0.13422,62.1026
364,101,0.5975,0.4025,CV,10.3309,10.3509,-39.981340545570646,-39.91455060644185,-0.70442,-0.37082,11.4082
365,74,0.6163,0.3837,CV,1.9643,1.9496,-8.412286161305936,-8.41985493900838,0.41244,0.01051,32.748
365,103,0.5896,0.4104,CV,4.534,4.5108,-7.5741150869793135,-7.493720908437432,0.78876,0.16692,8.2764
365,106,0.6167,0.3833,CV,3.4033,3.3792,-10.182438476347297,-10.18550375903936,0.48751,0.27825,53.4616
365,112,0.5544,0.4456,CV,14.1807,14.1361,-30.128130777952826,-29.862617415536747,4.50296,-0.0963,54.7976
365,101,0.6041,0.3959,CV,2.6733,2.6396,-14.883267093643202,-14.86213347102462,-0.58977,-0.38836,11.4072
366,74,0.6182,0.3818,CV,1.4511,1.4446,-11.905992065648494,-11.916315940677745,0.21087,-0.064,32.0268
366,103,0.5956,0.4044,CV,2.901,2.8693,-4.5529462618299075,-4.508094394257158,0.81049,-0.05596,8.2
366,106,0.6183,0.3817,CV,0.9297,0.9218,-9.214595028104359,-9.2247596298695,0.27665,0.23191,51.78
366,112,0.5959,0.4041,CV,20.0192,20.2553,-24.82456392454386,-24.832159812356025,-2.74209,-0.26732,51.031
366,101,0.6122,0.3878,CV,3.1056,3.1069,-15.432840679680599,-15.436126558150134,-0.20567,-0.42665,11.3413
367,74,0.6195,0.3805,CV,2.8725,2.8894,-7.168576978928752,-7.181768372465538,-0.09172,-0.02276,31.7943
367,103,0.5994,0.4006,CV,2.1835,2.1407,-3.7063133774250794,-3.6683852755577506,0.75848,-0.12132,7.9587
367,106,0.6186,0.3814,CV,1.798,1.7921,-7.406465322219599,-7.415729393133781,0.12314,0.25408,50.3593
367,112,0.4541,0.5459,CA,19.9055,19.7695,-32.39894357065639,-31.773494346087695,-6.39958,-0.50689,46.2578
367,101,0.6105,0.3895,CV,2.8465,2.8214,-15.46594368786413,-15.450157873106424,-0.23644,-0.45828,11.2112
368,74,0.6194,0.3806,CV,1.8941,1.9001,-6.1169965418262455,-6.1278197616176735,0.06348,0.05163,31.421
368,103,0.6015,0.3985,CV,2.7462,2.7194,-4.325809154319992,-4.291122088737469,0.72724,-0.09533,7.9184
368,106,0.6187,0.3813,CV,1.2734,1.2636,-6.244321076132374,-6.253597239787415,0.07627,0.19957,49.1441
368,112,0.6225,0.3775,CV,12.5874,12.8973,-16.657859327462802,-16.92133882659389,-0.7314,-0.15605,44.8513
368,101,0.6108,0.3892,CV,4.5876,4.5854,-7.212948229285409,-7.200988978591354,0.16175,-0.44617,11.0897
369,74,0.6185,0.3815,CV,2.6209,2.6172,-5.718323810267321,-5.725557864111864,0.20583,0.10819,30.5856
369,103,0.6094,0.3906,CV,1.2166,1.1864,-2.9796338492203733,-2.9749545223964984,0.56157,-0.02625,7.6133
369,106,0.6188,0.3812,CV,1.1104,1.1039,-6.447490983549371,-6.457074707266497,0.01246,0.19173,47.5713
369,112,0.6024,0.3976,CV,11.2986,11.3391,-13.48908699639463,-13.424079141501727,2.25325,0.14852,41.7761
369,101,0.6141,0.3859,CV,1.463,1.4433,-14.637657248582382,-14.638736225778576,0.10172,-0.36483,10.8623
370,74,0.6168,0.3832,CV,3.7366,3.7261,-5.71028378205025,-5.7117951408137095,0.39356,0.06678,30.1581
370,106,0.6182,0.3818,CV,2.9245,2.9177,-7.305162403045161,-7.311971423879868,-0.13437,0.23943,46.5667
370,112,0.5999,0.4001,CV,5.8592,5.7816,-6.853394342110791,-6.807486724712984,2.0658,0.37972,40.1872
370,103,0.613,0.387,CV,3.7232,3.7331,-6.618422381985502,-6.6171753220112866,0.14746,0.0058,6.8844
371,74,0.6173,0.3827,CV,1.8047,1.7876,-5.089065627252865,-5.094853260764159,0.3309,0.06559,29.9707
371,106,0.6178,0.3822,CV,2.6785,2.6654,-7.982161139337908,-7.988118460686574,-0.05565,0.27718,45.9111
371,112,0.6136,0.3864,CV,3.7115,3.7317,-5.8245807168045864,-5.840017752790325,1.03206,0.419,38.8223
372,74,0.6186,0.3814,CV,0.9246,0.9431,-5.334053250407657,-5.345098142890054,0.13404,0.02425,29.5088
372,106,0.618,0.382,CV,1.4355,1.4195,-10.283465710339545,-10.291155859228493,-0.0017,0.24773,44.982
372,112,0.6152,0.3848,CV,2.8983,2.8668,-5.43721333449607,-5.439116773455026,0.64199,0.4252,37.6021
373,74,0.6179,0.3821,CV,2.5884,2.583,-5.352625221117095,-5.358521152092139,0.15043,0.07764,29.6662
373,106,0.6179,0.3821,CV,3.8427,3.8438,-8.05466062002076,-8.061414982067902,-0.25684,0.18418,43.5241
373,112,0.6175,0.3825,CV,3.3193,3.3237,-5.521376357555968,-5.530669705731524,0.243,0.43017,35.8285
373,101,0.5,0.5,CA,12.1347,12.1291,-13.941233406950271,-13.885149938071386,0.49149,-0.37096,12.3881
374,74,0.6179,0.3821,CV,1.3837,1.3726,-5.151773881730394,-5.15880794607206,0.11256,0.11014,29.6919
374,106,0.6182,0.3818,CV,1.2068,1.1915,-8.397724138753262,-8.406007500470503,-0.20404,0.17842,42.5473
374,112,0.6178,0.3822,CV,2.391,2.3814,-5.9240698000371665,-5.931012071719855,0.27674,0.31666,34.0977
374,101,0.5735,0.4265,CV,1.9131,1.8823,-7.61431322465844,-7.608049096069583,0.453,-0.30332,11.4515
375,74,0.618,0.382,CV,1.7604,1.7577,-6.081069673287085,-6.088519593214009,-0.01433,0.10402,29.7863
375,106,0.6185,0.3815,CV,3.9252,3.9341,-6.181399329585591,-6.190197747639628,0.14725,0.13145,42.0144
375,112,0.6178,0.3822,CV,1.6353,1.6162,-10.680414989642337,-10.687237928089477,0.21588,0.30238,33.029
375,101,0.5995,0.4005,CV,2.0417,2.0166,-4.97418165520042,-4.968945083016105,0.4335,-0.22978,11.4196
376,74,0.6142,0.3858,CV,8.0954,8.0927,-18.17142286104816,-18.162403198676973,-0.49809,0.06826,30.2263
376,106,0.6133,0.3867,CV,8.5983,8.59,-8.355401708034302,-8.342027996780134,0.70562,0.18653,40.822
376,112,0.6149,0.3851,CV,5.5706,5.5595,-6.51064542962988,-6.504987835067707,0.35563,0.32524,33.2185
376,101,0.6081,0.3919,CV,2.9151,2.898,-6.889547865006608,-6.882176405418017,0.47079,-0.07344,11.6432
377,74,0.6143,0.3857,CV,3.8666,3.8419,-15.860266412256994,-15.857429254743911,-0.50681,0.16303,30.3216
377,106,0.6054,0.3946,CV,8.9924,8.9547,-11.787590125804726,-11.748546933150974,1.11685,0.17333,39.3883
377,112,0.5981,0.4019,CV,14.5069,14.4834,-36.24253856935965,-36.17090959071795,1.12404,0.26612,33.546
377,101,0.6158,0.3842,CV,0.5841,0.6039,-5.544351888813604,-5.556976237293731,0.24619,-0.06067,11.8112
378,74,0.6112,0.3888,CV,10.4768,10.471,-25.040857128264886,-25.024824410066252,-0.23287,0.34813,32.9465
378,106,0.6134,0.3866,CV,16.7106,16.7694,-32.87639385138103,-32.88282919763075,-0.72399,0.18526,38.8886
378,112,0.5553,0.4447,CV,21.3984,21.3506,-78.84691026576314,-78.62449258688608,2.12969,0.23775,30.6682
378,101,0.6176,0.3824,CV,1.301,1.3011,-4.606790004293568,-4.615560924121571,0.12579,-0.05915,12.1499
379,74,0.6124,0.3876,CV,4.5806,4.5407,-28.807530269279834,-28.80105308030116,-0.22821,0.35022,34.8347
379,106,0.611,0.389,CV,6.0247,5.9899,-17.038805077183376,-17.02313186421754,-0.83192,0.17872,38.9993
379,101,0.6163,0.3837,CV,2.6895,2.6814,-4.644835130209798,-4.645391709052013,0.24515,-0.10663,12.3755
380,74,0.6159,0.3841,CV,1.9517,1.9497,-30.980584072171503,-30.98701702520908,-0.10879,0.29351,35.2246
380,106,0.613,0.387,CV,4.5578,4.5305,-10.49880836601947,-10.495097392724151,-0.59611,0.13913,39.6329
380,101,0.615,0.385,CV,2.767,2.7532,-4.7990879905115635,-4.796238301938342,0.32568,-0.05857,12.6406
381,74,0.6173,0.3827,CV,3.1848,3.1906,-31.19578827608668,-31.203249166933247,-0.06542,0.25869,35.225
381,106,0.6166,0.3834,CV,0.6844,0.6736,-11.197132190658053,-11.20579393508868,-0.34673,0.07899,39.3476
381,101,0.6184,0.3816,CV,2.8262,2.8424,-7.497005300613219,-7.51009020866524,0.01674,-0.08648,12.842
381,112,0.5,0.5,CA,69.8484,69.9203,-149.20279831511988,-147.8181083264426,-5.63783,0.63043,35.3053
382,74,0.6175,0.3825,CV,3.5925,3.5906,-32.61539395931978,-32.62143371507499,-0.19287,0.14896,35.3205
382,106,0.6176,0.3824,CV,2.2906,2.2886,-9.089380879895877,-9.096842856652785,-0.11653,0.0728,39.4758
382,101,0.6183,0.3817,CV,1.7339,1.7355,-4.9938999076472586,-5.001929683828037,-0.02609,-0.08197,12.7448
382,112,0.5971,0.4029,CV,6.4975,6.7014,-7.2145382010719565,-7.305535787946184,-3.33225,0.63492,35.3827
383,74,0.6159,0.3841,CV,5.1784,5.1656,-28.22342355812671,-28.222657047501396,-0.48392,0.12319,35.8147
383,106,0.5958,0.4042,CV,20.5178,20.5122,-39.34523535655283,-39.25982406314838,-1.43991,0.02007,39.292
383,101,0.6175,0.3825,CV,3.0881,3.0899,-6.22766798367612,-6.232190961213917,0.19388,-0.07013,13.0079
383,112,0.6274,0.3726,CV,8.2298,8.3813,-15.760459022005643,-15.838508153048238,-0.94926,0.47503,34.6345
384,74,0.6117,0.3883,CV,7.3014,7.2739,-26.928243915859543,-26.911744027515095,-0.83409,0.1739,36.4076
384,106,0.6104,0.3896,CV,1.4825,1.4706,-10.334565208536418,-10.342278196595927,-0.90058,0.1014,39.5074
384,101,0.6171,0.3829,CV,2.332,2.3271,-5.1772495418485125,-5.18128306423541,0.21405,0.03065,13.4803
384,112,0.6158,0.3842,CV,5.2037,5.1653,-8.688226084159883,-8.672045273368186,-1.21227,0.21625,34.778
385,74,0.6091,0.3909,CV,6.964,6.9219,-21.996102529686716,-21.975318718439855,-0.97558,0.29639,37.5765
385,106,0.6175,0.3825,CV,8.8859,8.927,-9.518241893179976,-9.534800516469119,0.05862,0.16074,40.5303
385,101,0.617,0.383,CV,2.5606,2.5576,-8.14655508754062,-8.150752015460313,0.09862,0.07414,14.1492
385,112,0.6176,0.3824,CV,0.8857,0.8378,-6.812069003241402,-6.8209053139813385,-0.78921,0.17746,35.1649
385,115,0.7,0.3,CV,1.1692,1.1692,-2.4495955728030276,-2.4495955728030276,0.0,0.0,2.1372
386,74,0.6072,0.3928,CV,6.8027,6.7474,-18.10289312909033,-18.077815935958178,-1.08619,0.30238,38.0169
386,106,0.6125,0.3875,CV,10.4447,10.441,-9.406808871612736,-9.391490249197556,0.76818,0.15216,40.7053
386,101,0.6067,0.3933,CV,9.6576,9.6507,-11.86346276964425,-11.824441118829753,0.60327,0.05342,14.7372
386,112,0.6173,0.3827,CV,5.8932,5.8966,-6.636555930635698,-6.64136810391275,-0.39562,0.12789,36.9955
386,115,0.6443,0.3557,CV,1.9079,1.9079,-5.049489441014751,-5.0465032084742045,0.65001,-0.35723,2.9296
387,74,0.6071,0.3929,CV,6.1986,6.1396,-16.848045436751654,-16.82533256706259,-1.08358,0.3956,38.8397
387,106,0.6105,0.3895,CV,6.4655,6.4243,-8.3097728389256,-8.293364264492862,0.92536,0.13186,40.627
387,101,0.6063,0.3937,CV,4.9836,4.9515,-7.853805142328113,-7.828659452806921,0.66433,0.02461,15.0187
387,112,0.6123,0.3877,CV,7.578,7.5475,-7.623635736126978,-7.607862659426336,-0.63646,0.0553,39.2031
387,115,0.5972,0.4028,CV,2.5825,2.5638,-6.453987612043359,-6.334985023071653,2.34931,-0.17079,4.4683
388,74,0.6081,0.3919,CV,6.2765,6.2238,-15.77045592521147,-15.75184210515258,-1.07774,0.23664,40.4069
388,106,0.6109,0.3891,CV,5.2423,5.1984,-9.6272829568886,-9.615538335929614,0.92656,0.06455,40.1333
388,101,0.6072,0.3928,CV,5.0308,5.0019,-10.213784293945272,-10.192825932397602,0.62472,0.00134,16.1379
388,112,0.6133,0.3867,CV,4.2275,4.1847,-6.433114663183209,-6.428660132240362,-0.59388,-0.03653,40.5899
389,74,0.6035,0.3965,CV,10.6815,10.6486,-11.305311889935217,-11.26625991333886,-1.16932,0.48739,38.7423
389,106,0.6123,0.3877,CV,4.1947,4.1513,-6.86941630938065,-6.863049132637157,0.86693,0.10519,40.6441
389,101,0.6029,0.3971,CV,7.8011,7.7652,-8.83733290407578,-8.797008990298185,0.71287,-0.01363,17.93
389,112,0.6153,0.3847,CV,7.0937,7.0979,-8.127722435758267,-8.130392041209394,-0.45629,-0.32532,40.0775
390,74,0.5966,0.4034,CV,8.5755,8.5078,-8.339453225677605,-8.278356022870796,-1.35752,0.61573,37.556
390,106,0.6148,0.3852,CV,2.5791,2.5378,-5.775253342727264,-5.777197067805149,0.68899,0.10359,41.2165
390,101,0.6062,0.3938,CV,8.1793,8.1699,-16.72404215026794,-16.703594882344476,0.75981,-0.10366,17.2916
390,112,0.6124,0.3876,CV,8.9692,8.959,-17.2797675890531,-17.267147012728934,-0.43692,-0.39129,38.256
391,74,0.5986,0.4014,CV,6.3182,6.2457,-6.971434238181981,-6.928797458006735,-1.51553,0.55185,37.8863
391,106,0.617,0.383,CV,4.8027,4.811,-6.328929356973928,-6.336476439310126,0.27314,0.20024,42.521
391,101,0.6136,0.3864,CV,1.5019,1.4904,-4.657783240435879,-4.663704469582327,0.47556,-0.15428,17.6085
391,112,0.6068,0.3932,CV,22.9906,23.019,-32.08741306885626,-32.05568302922529,0.57133,-0.66223,43.4323
392,74,0.595,0.405,CV,7.0977,7.0149,-13.485649875151484,-13.424858563041075,-1.65514,0.43815,36.7944
392,106,0.6174,0.3826,CV,2.0644,2.0458,-5.913767167411407,-5.919909493846067,0.15939,0.13493,43.5125
392,101,0.6166,0.3834,CV,6.6627,6.685,-8.650315435299664,-8.658202214291377,-0.23374,0.00026,17.7357
392,112,0.5914,0.4086,CV,21.4439,21.4113,-45.908813865692494,-45.82125598567031,1.60232,-0.7242,44.1139
393,74,0.6015,0.3985,CV,4.802,4.7313,-11.82175538722112,-11.793515377827788,-1.55764,0.24121,36.6215
393,106,0.6182,0.3818,CV,2.6074,2.616,-6.154030140323374,-6.163082512046209,0.18326,0.11385,43.0927
393,101,0.6126,0.3874,CV,4.9349,4.9197,-24.330493396606528,-24.316764482588866,-0.48224,-0.20971,17.8164
394,74,0.6019,0.3981,CV,6.5964,6.5383,-12.523574889123863,-12.48730752364743,-1.51665,0.05994,37.0969
394,106,0.6185,0.3815,CV,3.6495,3.6601,-6.151523180604975,-6.160421946195423,-0.1385,0.03841,43.2836
394,101,0.5346,0.4654,CV,31.9935,32.0233,-78.90622077435604,-78.57902559617696,2.07852,-0.06143,19.9081
395,74,0.6042,0.3958,CV,7.4186,7.3752,-10.651645336881344,-10.624603657488151,-1.21606,-0.11407,38.4687
395,106,0.617,0.383,CV,5.7392,5.7349,-11.02424794712857,-11.026401036263774,-0.20168,0.21357,45.1941
395,101,0.5007,0.4993,CV,17.9868,17.8578,-35.09822048706667,-34.7489142436213,2.91661,-0.25701,21.9399
396,74,0.6074,0.3926,CV,4.6646,4.5923,-7.765801367430743,-7.74864804446271,-1.0574,-0.04422,39.0819
396,106,0.6169,0.3831,CV,2.7943,2.7712,-9.055971505414519,-9.060171324208596,-0.19466,0.19852,46.7135
397,74,0.6099,0.3901,CV,4.9693,4.9239,-7.691225290961057,-7.67997237759851,-0.98622,-0.11427,38.5784
397,106,0.617,0.383,CV,2.5879,2.5677,-9.617571702481685,-9.622286962173348,-0.12898,0.16024,48.2746
397,101,0.5,0.5,CA,25.7406,25.5969,-28.45847601068972,-27.915221848700256,4.42808,-0.48543,25.9332
398,74,0.6092,0.3908,CV,5.6786,5.6265,-6.558956528965977,-6.540928827713021,-0.98111,-0.17602,39.2702
398,106,0.6179,0.3821,CV,6.6854,6.7034,-7.111777559271505,-7.11999598851799,-0.16154,-0.02319,46.8948
398,101,0.5585,0.4415,CV,4.6695,4.4997,-7.676051784741645,-7.608909646303944,3.65985,-0.30897,27.9555
399,74,0.6085,0.3915,CV,6.0439,5.9879,-7.341321570469843,-7.321309394968782,-1.02859,-0.15457,40.0691
399,106,0.6174,0.3826,CV,4.1268,4.119,-6.380053788666353,-6.384712694755748,-0.0288,-0.15923,46.2035
399,101,0.5992,0.4008,CV,0.9526,0.9586,-10.015537079386093,-10.030978559065039,2.37065,-0.27649,29.7712
400,74,0.6094,0.3906,CV,5.5552,5.5016,-9.386312020390605,-9.371228027225161,-0.9957,-0.01014,40.9818
400,106,0.6184,0.3816,CV,1.3445,1.3379,-5.9848565783857,-5.9944806794694125,0.01446,-0.1956,46.7681
400,101,0.6069,0.3931,CV,3.0233,2.9334,-10.649111568326543,-10.637209950058239,1.84797,-0.28145,30.6894
401,74,0.6092,0.3908,CV,6.2493,6.1991,-11.10483006333278,-11.08761316190775,-1.04109,0.03866,41.2008
401,106,0.6186,0.3814,CV,2.4258,2.4227,-5.8711969499396535,-5.880395088883211,-0.17112,-0.11783,46.9376
401,101,0.6081,0.3919,CV,3.7826,3.7039,-13.571397930273026,-13.553319098997207,1.58815,-0.28737,31.1895
402,74,0.6112,0.3888,CV,4.8966,4.8533,-11.908671875793395,-11.900089149499571,-0.93445,0.05391,40.8319
402,106,0.6187,0.3813,CV,1.317,1.3019,-6.00624581647519,-6.015519157009449,-0.15018,-0.11402,46.7252
402,101,0.6153,0.3847,CV,1.1793,1.1392,-8.830289753290323,-8.840497484676995,1.01665,-0.26461,31.8835
403,74,0.6125,0.3875,CV,4.4209,4.3814,-10.327404535602263,-10.321412816584424,-0.81624,0.0311,40.2346
403,106,0.6187,0.3813,CV,1.6106,1.6034,-5.768459178600209,-5.777775173932489,-0.20414,-0.09743,46.8198
403,101,0.617,0.383,CV,2.2416,2.2163,-13.161918493908196,-13.169096450270938,0.69859,-0.21692,31.8079
404,74,0.6156,0.3844,CV,2.2239,2.1943,-8.621325628898752,-8.626543610104239,-0.64902,0.08562,40.6866
404,106,0.6187,0.3813,CV,1.615,1.6072,-5.881133302099085,-5.89030490231416,-0.12891,-0.13211,46.3528
404,101,0.6165,0.3835,CV,2.6032,2.5696,-9.603728307890737,-9.605826094235216,0.64545,-0.09677,31.6463
405,74,0.6177,0.3823,CV,1.8172,1.8118,-6.54407498243809,-6.553665626257862,-0.3944,0.18887,40.9267
405,106,0.6188,0.3812,CV,2.6272,2.6319,-6.343046068515893,-6.352400723657859,0.02683,-0.18515,46.6873
405,101,0.6157,0.3843,CV,5.1887,5.1806,-7.08574369728961,-7.085316148394043,0.60729,-0.07004,32.9628
406,74,0.6189,0.3811,CV,2.3208,2.3351,-7.603445576793682,-7.614667369325816,-0.13978,0.11353,41.5343
406,106,0.6176,0.3824,CV,5.292,5.2911,-8.528339490310612,-8.532526587268041,0.33922,-0.13016,45.6609
406,101,0.61,0.39,CV,7.3719,7.3357,-7.804434231025009,-7.781521785601826,0.84377,-0.13257,34.1733
407,74,0.6189,0.3811,CV,0.92,0.9221,-6.699349835002531,-6.709210768566457,-0.10659,0.07161,41.3675
407,106,0.6137,0.3863,CV,7.1243,7.1049,-16.866748372012488,-16.856583909597656,0.71707,-0.01109,44.6019
407,101,0.5989,0.4011,CV,11.9965,11.9492,-10.612342389111646,-10.551097412909686,1.30105,-0.11579,34.5728
408,74,0.6176,0.3824,CV,4.3773,4.372,-10.55880227103735,-10.56286597968408,-0.35715,0.02497,41.6456
408,106,0.6085,0.3915,CV,7.7904,7.7498,-29.09831076090575,-29.07173231856344,1.04831,-0.01816,43.6514
408,101,0.5872,0.4128,CV,13.6395,13.5721,-16.563128457377953,-16.469792616191796,1.7131,0.1477,35.3058
408,117,0.7,0.3,CV,10.1,10.1,-21.012242272747528,-21.012242272747528,0.0,0.0,8.7182
409,74,0.6168,0.3832,CV,3.594,3.575,-8.294614727740623,-8.297187002019289,-0.44955,-0.03252,41.8712
409,106,0.6066,0.3934,CV,6.9806,6.9293,-47.94467203910625,-47.91784179169083,1.2005,0.08762,43.5046
409,101,0.5512,0.4488,CV,21.2801,21.1857,-20.76755880097962,-20.54457813595544,2.70704,0.22677,36.8399
409,117,0.6458,0.3542,CV,3.0207,3.0207,-24.391274872159567,-24.394973928389017,1.0587,-0.14422,11.3896
410,74,0.6168,0.3832,CV,3.2581,3.242,-7.109059733236073,-7.113052283079752,-0.4328,-0.00783,41.3198
410,106,0.6044,0.3956,CV,7.0103,6.949,-56.73674885349688,-56.70336738535591,1.28851,0.13459,42.1798
410,101,0.5438,0.4562,CV,17.0843,16.938,-15.819804788671632,-15.619327236689475,3.26207,0.17469,40.0764
410,117,0.554,0.446,CV,8.755,8.7282,-50.50618030055363,-50.20784024457126,6.05454,0.27743,18.3528
411,74,0.6177,0.3823,CV,1.5087,1.4934,-6.560615775824617,-6.568180637454317,-0.33794,-0.06645,41.5262
411,106,0.5996,0.4004,CV,7.7677,7.7049,-73.84228823651819,-73.79222462159544,1.41551,0.03431,40.0513
411,101,0.5438,0.4562,CV,15.1841,15.0136,-12.768696616131567,-12.579055549248471,3.76657,0.34883,41.8934
411,117,0.3316,0.6684,CA,10.2622,9.9952,-46.20566941816266,-45.12458563817218,12.62743,0.62868,30.1161
412,74,0.6184,0.3816,CV,0.5493,0.5456,-5.813641940378558,-5.823103632728876,-0.20165,-0.07747,41.7101
412,101,0.5441,0.4559,CV,14.1089,13.9183,-11.780752487188037,-11.592468421954745,4.24637,0.37352,45.8338
412,117,0.5172,0.4828,CV,2.0963,1.925,-26.331676791784258,-26.336056318322512,10.7577,1.8658,38.4307
413,74,0.618,0.382,CV,2.851,2.8437,-5.982702927507068,-5.98914566397171,-0.22968,-0.14048,42.4143
413,101,0.5301,0.4699,CV,16.6235,16.3972,-13.195074858045793,-12.94994828180604,5.14198,0.60191,50.4544
413,117,0.0076,0.9924,CA,24.0053,23.5734,-59.07845216238813,-53.88428084224135,36.94789,1.38318,52.5539
414,74,0.6178,0.3822,CV,2.4839,2.4735,-5.892573606838464,-5.898922958497735,-0.14531,-0.19074,43.2831
414,101,0.5927,0.4073,CV,2.884,3.0181,-9.111855764622288,-9.14156031240744,3.2112,0.44877,54.9472
414,117,0.5104,0.4896,CV,10.8807,11.3183,-20.10002261158111,-20.536161641756923,27.09896,-2.28384,45.1023
415,74,0.6181,0.3819,CV,1.1932,1.1842,-5.961869530349003,-5.969613107662313,-0.05963,-0.13569,43.992
415,101,0.6175,0.3825,CV,7.6672,7.7913,-24.42812289662925,-24.470525290341495,1.09196,0.47988,56.0215
415,117,0.3836,0.6164,CA,7.9621,7.638,-26.638687720924537,-25.84702860595855,27.84117,-1.12917,51.538
416,74,0.6175,0.3825,CV,3.6571,3.6514,-6.196153377850523,-6.201301518655868,-0.14914,0.00843,45.3895
416,101,0.6179,0.3821,CV,9.4252,9.4705,-52.34381560470402,-52.35117779266061,-0.60916,0.35871,57.205
416,118,0.7,0.3,CV,17.8206,17.8206,-13.73449336588586,-13.73449336588586,0.0,0.0,30.2214
417,74,0.6176,0.3824,CV,1.9715,1.9576,-6.062783922963526,-6.06888809589286,-0.08059,-0.00701,46.8478
417,118,0.6379,0.3621,CV,19.2062,19.2062,-16.035818595342498,-16.004741307992617,-2.41073,-0.76565,43.5578
417,101,0.5841,0.4159,CV,21.0504,21.0128,-53.550615737862714,-53.41637253214412,-2.72156,0.14126,59.5546
418,74,0.618,0.382,CV,1.4078,1.4106,-6.1506371662674555,-6.158557549589138,-0.08272,-0.07418,47.5731
418,118,0.6027,0.3973,CV,13.6383,13.5827,-26.573153056847197,-26.48649297316004,-6.33366,-3.18586,62.4953
418,117,0.5,0.5,CA,23.148,24.0897,-15.08862145602897,-14.497002195066756,-25.22663,-0.25164,47.5982
419,74,0.618,0.382,CV,1.5993,1.5903,-6.096813251095622,-6.103841542102486,-0.09947,-0.05314,48.9926
419,118,0.5482,0.4518,CV,13.6038,13.3301,-36.646619944399646,-36.38864876856178,-10.26826,-2.73563,86.6127
419,117,0.5181,0.4819,CV,3.2853,2.6735,-6.750243798293615,-6.520584044175381,-22.40683,-0.29002,50.677
420,74,0.6177,0.3823,CV,2.7486,2.7399,-6.2972157760101855,-6.303272018906454,-0.08324,0.00161,51.1933
420,118,0.5206,0.4794,CV,11.4744,10.904,-47.60741801141952,-47.31816329440571,-12.73776,-3.0288,111.2676
420,117,0.66,0.34,CV,4.0331,4.7832,-15.155313487437727,-15.490145395223589,-2.78754,-0.25177,46.185
421,74,0.6176,0.3824,CV,2.4514,2.4369,-6.35801073519375,-6.363791556774817,-0.07264,-0.01011,53.5334
421,118,0.5184,0.4816,CV,10.1913,9.4887,-64.92415497855632,-64.66584012996043,-14.37667,-3.19588,131.664
421,117,0.5879,0.4121,CV,7.7789,7.836,-24.35337034764159,-24.17229918363178,7.37345,0.07045,40.6167
422,74,0.618,0.382,CV,0.359,0.3482,-6.450025869511046,-6.457728640477587,-0.05553,0.00543,55.1904
422,118,0.5073,0.4927,CV,11.421,10.6745,-75.98390548005466,-75.68446483214244,-16.48567,-3.27308,148.2156
422,117,0.6347,0.3653,CV,3.3068,3.6026,-45.38116365396582,-45.50393698676587,1.41177,0.13761,36.4387
423,74,0.6182,0.3818,CV,2.3975,2.4043,-6.544609700477327,-6.5528297634376,-0.11292,0.00326,56.026
423,118,0.499,0.501,CA,11.8207,10.9854,-71.0119685971973,-70.69523000269196,-18.6559,-3.74997,162.9768
423,117,0.6178,0.3822,CV,5.1349,5.1885,-51.8207914478261,-51.802251023736964,-2.29035,0.07375,32.3858
424,74,0.6184,0.3816,CV,0.8505,0.8549,-6.715205079420282,-6.72373855764167,-0.03297,-0.00264,57.9016
424,118,0.4816,0.5184,CA,13.5492,12.6616,-64.20915886237628,-63.83476374066626,-21.87995,-4.34671,176.5592
424,117,0.5897,0.4103,CV,4.879,4.7656,-40.86127322266163,-40.75045723871142,-3.41825,0.06572,29.8543
425,74,0.6184,0.3816,CV,1.6791,1.6782,-6.92050576090579,-6.928935705770392,-0.09543,-0.07326,59.5885
425,118,0.4789,0.5211,CA,13.0716,12.1129,-57.632214513819854,-57.27179823193482,-24.90163,-4.78146,190.0347
425,117,0.5681,0.4319,CV,5.4413,5.2787,-51.10958394475119,-50.95131380364733,-3.92572,0.05309,27.9698
426,74,0.6186,0.3814,CV,1.8666,1.8701,-6.593238221244783,-6.602140663828025,0.00532,-0.00536,60.6762
426,118,0.4965,0.5035,CA,11.6703,10.7385,-56.79220132922546,-56.50597437323115,-26.37349,-4.8242,200.8024
426,117,0.6001,0.3999,CV,1.9086,1.8579,-39.427599705156496,-39.4331185669806,-2.65516,0.11926,26.5464
427,74,0.6186,0.3814,CV,0.8324,0.8289,-6.638532451366102,-6.647579346273076,0.04734,0.00721,62.0717
427,118,0.5377,0.4623,CV,7.8291,6.9342,-50.96318809638586,-50.816884170748565,-24.24734,-4.38544,206.4829
427,117,0.5905,0.4095,CV,4.3036,4.1875,-48.37543589365231,-48.29413934472382,-2.68646,0.18513,25.4098
428,74,0.6186,0.3814,CV,1.6232,1.6186,-6.758456951947407,-6.767277835399863,0.12229,-0.01888,63.3482
428,118,0.5822,0.4178,CV,3.441,2.4572,-34.4958825141677,-34.47133327797549,-18.72801,-3.40137,207.1259
428,117,0.5776,0.4224,CV,5.5221,5.4026,-68.78542669568232,-68.66475501995104,-2.83523,0.24429,24.1877
429,74,0.6185,0.3815,CV,1.998,1.993,-6.957940865678556,-6.9664673220947915,0.20311,-0.02259,64.9993
429,118,0.5876,0.4124,CV,6.0072,5.265,-26.452088305783956,-26.38484508298057,-16.02029,-2.69739,202.1927
429,117,0.5711,0.4289,CV,5.0871,4.9511,-42.523277401135395,-42.39537165931345,-2.90079,0.29389,23.3927
430,74,0.6188,0.3812,CV,1.9426,1.953,-6.6636054799801725,-6.673237089625206,-0.00112,0.02511,66.3069
430,118,0.5968,0.4032,CV,5.4907,4.9145,-23.67301592109402,-23.635991005980564,-12.82355,-1.98494,195.3367
430,117,0.5576,0.4424,CV,6.2753,6.1482,-26.437627167448888,-26.264080409214994,-3.12595,0.35159,22.2259
431,74,0.6181,0.3819,CV,4.5549,4.552,-6.745363997557938,-6.752062577006813,-0.05335,0.14324,65.9111
431,118,0.6131,0.3869,CV,2.8965,2.6512,-14.660200154882464,-14.678015368028174,-8.4295,-1.12002,189.2018
431,117,0.572,0.428,CV,4.5339,4.4393,-8.83379109657821,-8.738245251635517,-2.68225,0.38553,20.8481
432,74,0.6176,0.3824,CV,6.3971,6.3992,-7.823863970041205,-7.829026614076873,0.31795,-0.20268,66.1494
432,118,0.6273,0.3727,CV,4.3195,4.7042,-8.658368240418106,-8.712180527292999,-3.16451,-0.36338,180.6967
432,117,0.5198,0.4802,CV,6.7301,6.5978,-10.000265999410974,-9.673094924803387,-3.71857,0.5793,19.7339
432,120,0.7,0.3,CV,0.7547,0.7547,-2.29861329291162,-2.29861329291162,0.0,0.0,2.3332
433,74,0.6172,0.3828,CV,4.7366,4.7206,-7.608909985636622,-7.613150102780905,0.47901,-0.29467,67.5206
433,118,0.6251,0.3749,CV,2.9185,2.9827,-7.245864132135557,-7.269602297488791,-1.45946,-0.07487,170.9168
433,117,0.6048,0.3952,CV,11.9494,12.1324,-26.547044736177984,-26.641754048442564,1.64803,0.24452,19.3509
433,120,0.648,0.352,CV,0.6037,0.6037,-1.487276819824846,-1.5005502120371816,0.27269,0.13634,3.1519
434,74,0.6162,0.3838,CV,5.4176,5.3907,-6.946443822871754,-6.947227666532752,0.58866,-0.25784,67.0223
434,118,0.6214,0.3786,CV,4.2146,4.1741,-8.310467697866176,-8.321723002606833,-1.31499,0.04532,162.6204
434,117,0.4227,0.5773,CA,18.2444,18.1697,-35.584328912278835,-34.81845432390924,4.60076,0.28715,20.788
434,120,0.6405,0.3595,CV,0.8451,0.8492,-1.6990353922894879,-1.7581669520532384,-0.30136,0.15146,4.609
434,121,0.7,0.3,CV,41.5666,41.5666,-15.06404700849264,-15.06404700849264,0.0,0.0,574.32
434,122,0.7,0.3,CV,19.6641,19.6641,-21.81764064723018,-21.81764064723018,0.0,0.0,16.7434
435,74,0.6174,0.3826,CV,2.2767,2.2521,-6.500230041765379,-6.5075453629119036,0.51001,-0.0935,67.4025
435,118,0.6206,0.3794,CV,3.7914,3.7948,-12.909247788654836,-12.92227342612546,-0.67974,-0.02844,154.9918
435,120,0.6391,0.3609,CV,0.8924,0.8741,-2.501088043452251,-2.5651789944599868,-0.86197,0.09916,5.5551
435,121,0.6411,0.3589,CV,46.3419,46.3419,-25.364297343948483,-25.347495066327454,-16.01808,-4.0687,780.6785
436,74,0.6155,0.3845,CV,7.7288,7.717,-7.429329228822564,-7.427031435969511,0.32676,-0.13011,64.6768
436,118,0.6191,0.3809,CV,6.4201,6.4124,-10.853245470402248,-10.861137039964964,-0.20468,-0.14253,146.9698
436,120,0.6446,0.3554,CV,0.8077,0.8285,-1.8265838856086418,-1.9167213153398746,-0.18706,0.45392,5.872
436,121,0.5912,0.4088,CV,44.4806,44.0198,-47.03211178580381,-46.892726694971984,-39.76765,-8.84686,1189.8419
437,74,0.6132,0.3868,CV,6.2681,6.2272,-6.922240934507762,-6.912898297355367,0.34388,-0.30482,62.1
437,118,0.6156,0.3844,CV,10.3768,10.3548,-8.526880217741644,-8.522269563310203,0.49858,-0.17251,137.9917
437,120,0.6296,0.3704,CV,1.6291,1.6302,-3.3120616691636204,-3.3290687539958483,0.54783,0.44262,5.8051
437,121,0.5215,0.4785,CV,45.0917,43.3756,-59.97822695100883,-59.63007505158234,-59.2443,-15.59987,1675.4953
437,117,0.5,0.5,CA,17.057,16.9232,-54.32130385267544,-54.00137630641627,4.23381,-0.07797,21.1262
438,74,0.6163,0.3837,CV,4.3973,4.3913,-6.30176814170557,-6.308706244813458,0.60921,-0.09957,61.424
438,118,0.6164,0.3836,CV,11.3253,11.341,-9.503671856706584,-9.50775905316306,0.9977,0.13172,137.9259
438,120,0.6364,0.3636,CV,1.0002,1.0386,-2.6754592377430866,-2.7441687357208293,0.03232,0.15897,5.5304
438,121,0.3687,0.6313,CA,64.514,61.4306,-57.57180304053864,-56.70093417667708,-98.82135,-25.7445,2275.8805
438,117,0.6057,0.3943,CV,4.8298,4.9613,-49.99266684493428,-50.11986386224526,1.82834,-0.12464,21.0236
439,74,0.6183,0.3817,CV,1.0159,0.99,-5.861435240624209,-5.872629894126821,0.42328,-0.12705,60.2448
439,118,0.6123,0.3877,CV,13.4743,13.441,-9.65573969679088,-9.641171849191856,1.20906,-0.16838,129.585
439,120,0.6306,0.3694,CV,0.4256,0.4291,-2.231078233457686,-2.2647125800308627,0.08782,0.05133,5.1747
439,121,0.3306,0.6694,CA,57.0933,52.4385,-57.83969669038442,-57.01777250453283,-144.23295,-36.30725,2802.8214
439,117,0.6093,0.3907,CV,8.5069,8.5773,-24.076830669326007,-24.065267704186788,-1.01965,0.27116,20.7099
440,74,0.6194,0.3806,CV,1.7965,1.8116,-5.942144821757633,-5.954680124025391,0.26189,-0.04274,59.4094
440,118,0.609,0.391,CV,17.077,17.0516,-18.359583302900987,-18.337093714722805,1.74366,0.08802,131.3354
440,120,0.6247,0.3753,CV,0.7587,0.7546,-1.8252149583516548,-1.8422515946747131,0.15707,0.00977,4.8247
440,121,0.3353,0.6647,CA,50.2395,45.0029,-52.31598718543496,-51.56900705133542,-191.03492,-43.86978,3109.6422
440,117,0.5698,0.4302,CV,8.2998,8.2377,-14.017990669958841,-13.838178618118267,-2.17355,0.40706,20.4963
441,74,0.6189,0.3811,CV,4.8537,4.8652,-6.859049789932579,-6.868169777344931,-0.09979,0.10722,59.1866
441,118,0.6018,0.3982,CV,18.7216,18.6277,-18.89386358736989,-18.846224854344605,2.2336,0.33296,133.4088
441,120,0.6207,0.3793,CV,1.8237,1.8296,-3.0741180075151524,-3.0829281705801477,-0.05039,-0.12614,4.4345
441,121,0.4151,0.5849,CA,29.2397,22.7771,-48.682163642226826,-48.26993765900241,-208.3559,-46.17676,3229.2248
441,117,0.5884,0.4116,CV,4.3154,4.2591,-6.749560257025019,-6.703671399820056,-1.92079,0.13615,19.4254
442,74,0.6191,0.3809,CV,3.5794,3.5929,-6.359766967892984,-6.370223433826148,-0.01967,-0.09266,57.0076
442,118,0.5972,0.4028,CV,19.5799,19.4785,-20.01319929522824,-19.957134833663424,2.52756,0.69282,128.9844
442,120,0.6206,0.3794,CV,0.3748,0.3747,-2.2302127075243416,-2.2443677138316187,-0.00159,-0.07356,4.1221
442,121,0.5815,0.4185,CV,7.9964,10.246,-35.0039649844808,-35.151387086158394,-142.62665,-27.87133,3081.8524
442,117,0.606,0.394,CV,1.3513,1.2933,-8.428387649169547,-8.428682968277922,-1.35037,0.13242,19.0688
443,74,0.6187,0.3813,CV,2.8007,2.8,-5.983328591193159,-5.991730228806379,0.1782,-0.13253,55.7785
443,118,0.5904,0.4096,CV,19.7471,19.6391,-18.68872164948606,-18.611198487535482,2.71152,0.97769,121.6481
443,120,0.6192,0.3808,CV,0.7971,0.7956,-1.7028967853759975,-1.7115447585949344,0.06245,-0.06988,3.8605
443,121,0.6545,0.3455,CV,12.1481,16.1174,-31.78657061637301,-32.00499843812817,-54.28649,-7.51706,2652.6482
443,117,0.6108,0.3892,CV,2.6197,2.5866,-11.721388198105714,-11.71578308374093,-0.9949,0.16962,19.0233
444,74,0.6179,0.3821,CV,3.383,3.372,-6.096564353260775,-6.102408253604854,0.33909,-0.15291,54.8941
444,118,0.591,0.409,CV,12.9248,12.7896,-20.44525091120218,-20.380084910382514,2.45664,1.1166,115.6384
444,120,0.6169,0.3831,CV,1.1153,1.1104,-2.655052732396422,-2.6559262459412305,0.10192,-0.09869,3.6394
444,121,0.6553,0.3447,CV,13.0248,14.1414,-33.333792937761956,-33.44798099170703,-14.13692,-0.94958,2141.969
444,117,0.6146,0.3854,CV,1.1629,1.1155,-9.614766373108889,-9.618064582828165,-0.70711,0.14062,18.7157
445,74,0.6184,0.3816,CV,1.055,1.044,-5.837041653029346,-5.846037207019824,0.21713,-0.15873,54.0472
445,118,0.5367,0.4633,CV,23.8078,23.6554,-23.92365260097138,-23.636672260367973,3.27846,2.4347,105.0452
445,120,0.6186,0.3814,CV,0.5782,0.5821,-2.0734891687844166,-2.084920741396517,0.02036,-0.0698,3.454
445,121,0.6419,0.3581,CV,7.955,7.7681,-17.461661259999996,-17.51605173022027,-11.88326,-0.60581,1778.6262
445,117,0.6175,0.3825,CV,1.3439,1.3426,-11.238166771438223,-11.248463654588296,-0.41173,0.16924,18.3219
446,74,0.6184,0.3816,CV,2.691,2.6926,-6.013621633935113,-6.0220534629205105,0.1397,-0.01556,54.0118
446,120,0.6185,0.3815,CV,0.8328,0.8336,-2.262911067749441,-2.271275799013204,0.0394,-0.01264,3.2365
446,121,0.627,0.373,CV,25.7498,26.2092,-27.13284253027517,-27.14291230541635,10.54246,2.93685,1509.6703
446,117,0.6191,0.3809,CV,3.0056,3.0204,-12.693465766240914,-12.70602825546818,-0.04567,0.14884,17.6744
446,122,0.5,0.5,CA,11.8094,11.8094,-31.53303572232236,-31.537995725550708,-0.0013,0.1852,30.8318
447,74,0.6188,0.3812,CV,2.3912,2.4013,-6.076101349086494,-6.085973524057045,0.06913,-0.04418,52.4847
447,121,0.6136,0.3864,CV,16.7144,16.1681,-26.18564065731033,-26.160662111988913,13.46043,2.99787,1305.5348
447,117,0.6185,0.3815,CV,1.6766,1.6719,-11.13344999402823,-11.141100739898127,-0.03839,0.08071,17.0738
447,122,0.5782,0.4218,CV,1.2869,1.2955,-24.633723230228966,-24.646862175646255,-0.0004,0.02087,27.6052
447,120,0.6186,0.3814,CV,1.0062,1.0088,-1.8493689755832037,-1.8582599983466954,-0.02672,-0.04064,3.1341
448,74,0.6185,0.3815,CV,2.9802,2.9817,-6.020686194646194,-6.028631241434636,0.08865,-0.05356,52.6535
448,120,0.6172,0.3828,CV,1.2366,1.2353,-3.806886752817528,-3.809713728133597,0.005,-0.07191,3.0979
448,121,0.5948,0.4052,CV,25.3359,24.6827,-15.340673924185985,-15.257279363737393,16.32409,3.24091,1166.6785
448,117,0.6184,0.3816,CV,1.7665,1.7661,-8.676752554185459,-8.68511864178764,-0.14973,-0.00473,16.7798
448,122,0.606,0.394,CV,1.3985,1.3996,-20.288250557586014,-20.30340912519154,0.06543,-0.11304,25.1759
449,74,0.6184,0.3816,CV,1.4297,1.4191,-5.93420487905149,-5.94222833936933,0.09591,-0.05606,52.7045
449,120,0.6179,0.3821,CV,0.7623,0.7635,-1.9692442169790594,-1.9772244470809641,-0.0394,-0.05044,2.9819
449,121,0.6206,0.3794,CV,17.7751,18.378,-16.271989120961933,-16.324464941173655,6.25118,1.92058,1066.8426
449,117,0.6183,0.3817,CV,1.2535,1.2482,-6.365360243634333,-6.3732996666579025,-0.17371,-0.0204,16.6285
449,122,0.6146,0.3854,CV,1.9173,1.9125,-16.934083639113947,-16.94483551475153,0.17607,-0.21841,22.5787
450,74,0.6182,0.3818,CV,3.8043,3.8077,-6.778569218734576,-6.786179047057643,0.21234,-0.10171,51.223
450,120,0.6168,0.3832,CV,1.1501,1.1482,-3.3197760054275327,-3.322234341152965,-0.08485,-0.02234,2.9522
450,121,0.6199,0.3801,CV,15.3016,15.2829,-16.188481265811863,-16.199957444205907,3.2015,1.95718,985.2278
450,117,0.5974,0.4026,CV,10.1672,10.158,-24.78688818282712,-24.707297587661564,-0.77841,-0.16917,15.4772
451,74,0.6175,0.3825,CV,5.2175,5.2187,-6.756321222198769,-6.761258910616278,0.26092,0.02039,52.2908
451,120,0.6157,0.3843,CV,1.5884,1.5873,-2.883465679370035,-2.8828334909320814,-0.1224,0.00038,2.8071
451,121,0.619,0.381,CV,17.8429,17.8588,-12.85401447467477,-12.862589353305331,0.36215,1.7501,921.6581
451,117,0.6135,0.3865,CV,5.0134,5.0385,-7.022005481755317,-7.040582028535984,-0.43926,0.01717,15.9609
452,74,0.6177,0.3823,CV,3.0846,3.0784,-6.311806626044263,-6.31833137224424,0.08874,-0.07625,53.2639
452,120,0.6185,0.3815,CV,1.2169,1.2231,-3.2924879735835484,-3.3052395251961646,0.00295,-0.03324,2.7728
452,121,0.6182,0.3818,CV,13.0014,12.947,-15.749701408264636,-15.75618933111739,-0.15938,1.73852,856.6771
452,117,0.6172,0.3828,CV,6.9531,6.9779,-14.219011942305864,-14.229610148825842,0.2362,-0.10387,15.5899
452,124,0.7,0.3,CV,0.7573,0.7573,-2.9085787682477484,-2.9085787682477484,0.0,0.0,3.1424
453,74,0.6182,0.3818,CV,2.4995,2.5061,-6.218905810896079,-6.227507982783179,-0.00171,-0.17202,52.7847
453,120,0.6175,0.3825,CV,1.1254,1.1246,-2.7849432790414665,-2.7891567681527953,-0.01924,-0.0657,2.8003
453,121,0.6164,0.3836,CV,19.5792,19.5409,-10.75303248609663,-10.753004653001826,-1.8527,1.26119,814.0743
453,117,0.6185,0.3815,CV,2.7062,2.7158,-4.550632867218537,-4.560987580814414,-0.04401,-0.09104,15.0556
453,124,0.6482,0.3518,CV,0.7883,0.7883,-5.5252988676989325,-5.539473095093539,-0.37434,0.15273,4.2672
454,74,0.6183,0.3817,CV,1.324,1.3178,-6.390431136843589,-6.398532202747018,-0.07084,-0.15115,52.8647
454,120,0.6157,0.3843,CV,1.5602,1.5578,-2.6498000884678614,-2.6479796640413245,-0.10605,-0.06432,2.7976
454,121,0.6177,0.3823,CV,15.4441,15.4846,-13.497647946268142,-13.506215014933929,-0.03326,1.40495,779.7097
454,117,0.6169,0.3831,CV,2.436,2.4279,-4.4933831231720065,-4.495256218685043,-0.09509,-0.16195,14.4849
454,124,0.6239,0.3761,CV,1.8455,1.8375,-8.113134706614,-8.10057153508205,-1.17343,0.91488,6.1138
455,74,0.6184,0.3816,CV,0.7763,0.7708,-6.406768214835765,-6.415412016518094,-0.02651,-0.10957,53.3412
455,120,0.616,0.384,CV,0.8904,0.8854,-1.9036522695500198,-1.9057728027404859,-0.09232,-0.03375,2.8399
455,121,0.6163,0.3837,CV,20.2052,20.1691,-10.691022227012214,-10.691326184995994,1.26513,1.37316,758.486
455,117,0.6145,0.3855,CV,3.2591,3.2486,-5.659916370294644,-5.653942064572817,-0.29155,-0.22831,14.0985
456,74,0.6184,0.3816,CV,1.622,1.6193,-6.404050545953563,-6.41236616754943,-0.03625,-0.02911,54.1634
456,120,0.6172,0.3828,CV,0.2815,0.2759,-2.1964466797309106,-2.203074272861174,-0.06131,-0.02543,2.864
456,121,0.6124,0.3876,CV,29.7843,29.6856,-14.057624878592721,-14.043703520140905,2.52861,1.46988,748.3662
456,117,0.5576,0.4424,CV,17.2818,17.2708,-41.791385683546125,-41.55399986886667,-1.3926,0.03558,14.6256
457,74,0.6185,0.3815,CV,2.4812,2.4856,-6.152221907342603,-6.160956133564296,-0.01028,-0.14029,53.924
457,120,0.618,0.382,CV,0.2841,0.2855,-3.5482426525331197,-3.556681773847332,-0.03364,-0.00352,2.8751
457,121,0.617,0.383,CV,38.1415,38.274,-16.378004900125404,-16.389325888714026,-0.941,1.20871,720.6125
458,74,0.6182,0.3818,CV,2.973,2.9671,-6.200255477634608,-6.207396553463974,0.08763,-0.24186,53.6493
458,120,0.6183,0.3817,CV,0.1561,0.1581,-1.9277997388984076,-1.93643365718044,-0.01378,-0.00541,2.8896
458,121,0.6155,0.3845,CV,19.4674,19.3911,-12.552003080076531,-12.549916714030068,-1.5276,1.4757,712.7559
459,74,0.6186,0.3814,CV,1.5479,1.5468,-6.24759671794839,-6.25689298206956,-0.01938,-0.14272,53.4435
459,120,0.6182,0.3818,CV,0.8221,0.823,-2.1598981065275975,-2.1675387605702747,0.04316,0.00978,2.9073
459,121,0.6146,0.3854,CV,18.7394,18.6287,-11.717019933468489,-11.713471480931345,-1.47152,1.89675,712.0085
460,74,0.6187,0.3813,CV,1.5018,1.4977,-6.032505993544312,-6.041806765178381,-0.11624,-0.09893,53.3986
460,120,0.6182,0.3818,CV,0.5258,0.5248,-1.8164393136747374,-1.8242378943116393,0.0476,-0.02036,2.9264
460,121,0.5968,0.4032,CV,69.5535,69.4696,-24.37533914105326,-24.298843452544872,-5.45399,2.0168,684.0651
461,74,0.6187,0.3813,CV,2.6024,2.6077,-6.286853538324982,-6.296142931907113,-0.08156,-0.07668,54.3569
461,121,0.6112,0.3888,CV,5.9519,5.969,-9.623659547359638,-9.633439357132314,-3.28255,1.52242,681.9561
461,120,0.6172,0.3828,CV,1.8935,1.8959,-3.2479376841603287,-3.2514574462738697,-0.09893,-0.0293,2.946
462,74,0.6187,0.3813,CV,0.6587,0.6523,-6.162949812260967,-6.1721696215527295,-0.053,-0.08685,54.621
462,121,0.6181,0.3819,CV,22.1846,22.3395,-14.886531615961534,-14.90408883750732,-0.31291,1.14577,683.2441
462,117,0.5,0.5,CA,5.8443,5.8552,-8.744909541113042,-8.752466039091633,0.11544,-0.1017,17.198
462,120,0.6183,0.3817,CV,1.578,1.5833,-2.7515353419107633,-2.7612510449788656,0.0383,-0.00771,3.0231
463,74,0.6183,0.3817,CV,3.951,3.9531,-6.853179017217282,-6.860696392189269,0.10759,-0.19418,53.6554
463,121,0.6165,0.3835,CV,24.706,24.6933,-15.33260643695702,-15.333317812255256,1.10328,1.0759,697.1218
463,117,0.5647,0.4353,CV,9.6493,9.6452,-12.522070857434839,-12.480044433640149,0.75469,0.07697,15.5062
463,124,0.5,0.5,CA,306.1515,306.1499,-2784.548865239363,-2760.4417065709904,-9.47277,-2.31142,5.309
463,120,0.6167,0.3833,CV,2.137,2.1389,-5.043112994394973,-5.0444546213354275,-0.11185,-0.02965,3.0757
464,74,0.6185,0.3815,CV,3.3105,3.317,-6.2817412628300175,-6.290400503154887,0.12742,-0.09692,54.7167
464,121,0.6119,0.3881,CV,36.419,36.3189,-12.19766168783977,-12.181484163561361,1.95509,1.07569,734.1349
464,117,0.5767,0.4233,CV,7.4405,7.4024,-20.76244697663191,-20.676084105548117,1.21404,0.03747,15.5709
464,120,0.6179,0.3821,CV,0.2496,0.2496,-1.9797996990313427,-1.988499098563855,-0.0634,-0.03262,3.1083
465,74,0.6185,0.3815,CV,1.4475,1.4416,-6.198027830464535,-6.206550359618075,0.11351,-0.01083,55.4642
465,121,0.6056,0.3944,CV,51.7835,51.601,-19.34782198352548,-19.31160222844222,2.96155,1.31834,792.9046
465,117,0.5739,0.4261,CV,7.167,7.1044,-52.66958490141796,-52.55411639106197,1.52896,0.1115,15.9523
465,120,0.6169,0.3831,CV,2.3154,2.3191,-4.038729798084273,-4.041258936108493,0.11104,-0.00743,3.0785
466,74,0.617,0.383,CV,5.9346,5.9277,-7.225482115685783,-7.227888786732972,0.19725,0.25553,57.0202
466,120,0.6187,0.3813,CV,0.6776,0.6838,-2.012033141462239,-2.0237015119747137,0.02572,-0.00671,3.1374
466,121,0.6,0.4,CV,64.5619,64.3136,-26.84756390244364,-26.797383590175997,4.30939,1.21875,863.8256
466,117,0.5262,0.4738,CV,13.7134,13.6352,-37.5002153217768,-37.1961013842959,2.33971,0.21829,17.2147
467,74,0.6177,0.3823,CV,2.3021,2.2953,-6.58921193974978,-6.596458764984256,0.25633,0.13223,57.53
467,120,0.6188,0.3812,CV,0.292,0.293,-1.9038172715658217,-1.9133194402701517,0.00493,0.01222,3.1857
467,121,0.6003,0.3997,CV,56.9004,56.6151,-27.52440670784566,-27.483764695445267,5.2578,0.88491,916.251
467,117,0.3513,0.6487,CA,24.7555,24.6231,-54.0597791676913,-53.10659300203905,4.7009,0.55819,18.6013
467,124,0.5,0.5,CA,113.0782,113.3171,-669.6958459800179,-605.3301607385237,67.13328,16.19896,8.4317
468,74,0.6164,0.3836,CV,7.6415,7.6407,-11.651169197546192,-11.652103457833084,0.49757,-0.14772,56.3004
468,120,0.6173,0.3827,CV,1.6307,1.6307,-3.6199358507360886,-3.6230630379378903,0.04662,-0.03591,3.3338
468,121,0.6015,0.3985,CV,51.5529,51.2419,-31.904205128292055,-31.868228093338427,5.87486,0.54521,970.6379
468,117,0.4015,0.5985,CA,11.3633,11.1253,-31.06987419503954,-30.578715111301403,6.217,0.67212,20.7808
468,124,0.0092,0.9908,CA,11.0763,8.3421,-11.459552697138301,-6.4730659946774765,122.1305,29.5049,37.8175
469,74,0.6135,0.3865,CV,7.6095,7.5845,-16.717025545925345,-16.707593428826875,0.62222,-0.31341,54.5574
469,120,0.6175,0.3825,CV,0.5609,0.5559,-4.088466720025689,-4.094500118723207,0.04719,-0.02212,3.4355
469,121,0.6051,0.3949,CV,52.1545,51.9941,-32.80063099269671,-32.777742677018665,6.03537,-0.42473,967.0634
469,117,0.2792,0.7208,CA,18.2336,17.9617,-44.86976165931725,-43.75880936702758,10.76586,1.24107,24.5546
469,124,0.9365,0.0635,CV,4.6924,7.2227,-5.771948635316415,-8.855415404224033,83.79378,20.16334,16.1151
470,74,0.6123,0.3877,CV,5.6448,5.5989,-21.063607378842946,-21.05353494139883,0.75529,-0.35785,53.5393
470,120,0.6175,0.3825,CV,1.5813,1.5834,-3.5329353129140886,-3.538812565344995,0.08048,-0.01786,3.3583
470,121,0.5905,0.4095,CV,80.3878,80.1917,-32.64656453389453,-32.557732266513554,7.7748,0.13053,905.6497
470,117,0.1812,0.8188,CA,18.2545,17.8289,-35.03607684926068,-33.53710685853192,19.4229,2.24084,31.087
470,124,0.7014,0.2986,CV,2.9864,3.5045,-4.172591326808915,-4.043324279108682,-21.97053,-5.29658,20.0689
471,74,0.614,0.386,CV,4.7899,4.7597,-18.783523927935327,-18.782034169903405,0.8565,-0.23446,53.7206
471,120,0.6177,0.3823,CV,0.6261,0.6224,-3.9896567406018937,-3.9963271499609396,0.06698,-0.01718,3.3509
471,121,0.5771,0.4229,CV,54.9547,54.5036,-27.815306421795427,-27.692726319883185,11.22911,-1.26899,917.932
471,117,0.1525,0.8475,CA,17.5967,17.0045,-25.269748492372464,-23.701318348155077,32.17824,4.15378,42.1048
471,124,0.6684,0.3316,CV,1.2574,0.9145,-2.583058379770414,-2.6847732287129236,-12.89276,-3.11626,16.7231
472,74,0.6153,0.3847,CV,4.2597,4.2325,-17.545597919937208,-17.547219726432754,0.77159,-0.16407,54.306
472,120,0.6185,0.3815,CV,0.6734,0.6753,-3.6309905654057855,-3.6408727981540756,-0.00407,-0.0174,3.3767
472,121,0.5587,0.4413,CV,53.7219,53.0649,-26.77814087674836,-26.600166322675314,14.80182,-2.5432,932.9387
472,117,0.3264,0.6736,CA,6.4804,5.5897,-7.938967275419881,-7.4016571434840035,36.98844,4.81771,54.3071
472,124,0.6035,0.3965,CV,1.489,1.1129,-2.61982817820025,-2.490920620886895,-11.2251,-2.71996,13.7298
473,74,0.6148,0.3852,CV,4.5321,4.4914,-18.853050572950977,-18.850647795851984,0.76579,-0.14712,54.5584
473,120,0.6185,0.3815,CV,1.2649,1.2679,-4.8330367975047555,-4.841706737669185,-0.01602,0.00652,3.5208
473,121,0.5304,0.4696,CV,53.5054,52.6805,-25.42735481713781,-25.16222545876646,18.48874,-2.29409,916.1366
473,117,0.3099,0.6901,CA,9.6003,8.5823,-9.00425424484467,-8.146765601689776,45.3448,6.63014,77.7557
473,124,0.6161,0.3839,CV,1.1787,0.9979,-2.4978760967576594,-2.518437779023298,-7.77145,-1.85456,11.5723
474,74,0.6153,0.3847,CV,3.4862,3.444,-19.09953149033064,-19.100172092144312,0.68111,-0.11709,54.7207
474,120,0.6183,0.3817,CV,0.5707,0.5685,-4.076154182401717,-4.083903193727859,-0.01304,0.0273,3.6139
474,121,0.5166,0.4834,CV,41.1589,40.1209,-21.47555864570792,-21.196105788831545,23.35504,-2.55979,922.0122
474,117,0.421,0.579,CA,4.8889,3.4248,-6.379046384939224,-6.026351725525867,46.92299,7.10029,99.5851
474,124,0.5696,0.4304,CV,2.0314,1.8336,-3.882620338666314,-3.691806905671731,-7.63241,-1.76159,10.1032
475,74,0.6148,0.3852,CV,4.8663,4.8312,-17.152104900408098,-17.149839655675507,0.65305,-0.09051,55.733
475,120,0.6185,0.3815,CV,0.7675,0.7693,-2.7913902154914596,-2.800193445191118,-0.00732,0.04123,3.5917
475,121,0.4204,0.5796,CA,61.2369,60.1282,-23.39116191254073,-22.744098835437025,34.89625,2.24539,906.481
475,117,0.5772,0.4228,CV,2.125,2.414,-6.006065205569476,-6.127355421914393,31.97305,5.29177,107.6987
475,124,0.5476,0.4524,CV,2.1263,1.9366,-3.9385586868698668,-3.7265906415585093,-7.37822,-1.68746,9.0227
476,74,0.6134,0.3866,CV,6.6548,6.6179,-18.940971660670606,-18.933311220984248,0.74552,0.05163,57.1018
476,121,0.336,0.664,CA,53.2314,51.6812,-19.70516902991746,-18.83487610548427,53.70734,8.17411,931.9755
476,117,0.653,0.347,CV,9.4207,10.4115,-8.102988526753725,-8.32134833151033,-5.45643,-0.09589,101.1713
476,124,0.6151,0.3849,CV,0.7086,0.7577,-2.8165941460002695,-2.9147449167119133,-4.35996,-0.93906,8.2222
476,120,0.6184,0.3816,CV,0.8282,0.8291,-2.182588233691986,-2.190855283830479,0.0436,0.00367,3.6
477,74,0.6121,0.3879,CV,7.1401,7.0957,-17.723709375553305,-17.71291888402184,0.8778,0.03709,58.1801
477,120,0.6176,0.3824,CV,1.2201,1.2185,-2.704655846957405,-2.709443491942653,0.04397,0.06143,3.5616
477,117,0.5904,0.4096,CV,8.8104,8.618,-10.856185405340355,-10.695889678976284,-12.49787,-1.38819,92.3196
477,124,0.6188,0.3812,CV,0.5556,0.4137,-1.789594731992056,-1.804382271578062,-3.12537,-0.66401,7.1561
478,74,0.6118,0.3882,CV,7.752,7.7166,-23.75237634317637,-23.742024532183343,0.98293,-0.0525,57.6198
478,120,0.6186,0.3814,CV,0.7176,0.7209,-2.587992459399627,-2.5984414773726257,-0.01833,0.04773,3.6159
478,117,0.6341,0.3659,CV,5.3538,5.7459,-6.630934029990511,-6.747552808992799,-3.51959,0.0752,85.1027
478,124,0.6212,0.3788,CV,0.9173,0.8732,-3.5427970813297103,-3.56227868840432,-2.13614,-0.43072,6.4621
478,121,0.5,0.5,CA,39.9602,39.7518,-17.24908813748796,-17.172799826712694,36.25412,0.39039,935.3458
479,74,0.6111,0.3889,CV,6.8704,6.8208,-23.06452736341118,-23.05166985634344,1.0607,-0.11783,57.4675
479,117,0.6257,0.3743,CV,4.5558,4.4998,-7.6642513089697015,-7.680377765946208,-3.32953,-0.01619,75.9664
479,120,0.6188,0.3812,CV,0.237,0.2373,-1.942258086949133,-1.952106483357372,-0.02619,0.02329,3.6556
479,124,0.6349,0.3651,CV,1.4415,1.5137,-3.7322794112990443,-3.8071587231861965,-0.36004,0.00075,5.845
480,74,0.6125,0.3875,CV,4.7331,4.6774,-24.228885011959147,-24.223235679126894,0.98427,-0.11198,57.5601
480,117,0.6181,0.3819,CV,5.0706,4.992,-8.460284819028715,-8.456350845853988,-2.91915,0.11328,68.8249
480,120,0.6183,0.3817,CV,1.0363,1.0368,-2.6515171368369193,-2.6589425380817895,0.02604,0.04901,3.7368
481,74,0.6139,0.3861,CV,4.3811,4.3351,-22.690223281039525,-22.688248136643907,0.90635,-0.13897,58.5532
481,120,0.6172,0.3828,CV,2.2446,2.2477,-4.267731962511482,-4.270845665682013,-0.10791,-0.01386,3.6517
481,117,0.6235,0.3765,CV,2.4476,2.5262,-6.885349952412787,-6.9156648631940705,-1.14318,0.26097,63.9883
482,74,0.6138,0.3862,CV,5.0029,4.9538,-19.920623825827363,-19.91613552002042,0.92134,-0.11375,59.2022
482,120,0.6173,0.3827,CV,0.6594,0.653,-2.4250100889545037,-2.4306599073457047,-0.10138,-0.00698,3.6163
482,117,0.6042,0.3958,CV,11.3011,11.2658,-10.018038760948663,-9.959256316227798,-2.04637,0.12702,56.171
483,74,0.6097,0.3903,CV,8.9215,8.8717,-15.049552362161311,-15.028053168650395,1.216,-0.05996,59.8538
483,117,0.5834,0.4166,CV,9.301,9.2073,-12.523433562153075,-12.406419222852033,-2.49449,0.01238,49.6622
483,124,0.5,0.5,CA,352.4006,352.4067,-11475.386574256101,-11152.034970360668,45.71753,8.15229,4.5994
483,120,0.6179,0.3821,CV,0.9197,0.919,-2.490988450571564,-2.498586970220676,-0.06642,0.06395,3.6114
484,74,0.606,0.394,CV,9.6415,9.5749,-13.053160260478087,-13.021882263156396,1.44925,-0.03779,60.6871
484,117,0.5448,0.4552,CV,10.1691,10.0468,-14.351800775200006,-14.108578832604998,-3.02532,0.02893,42.9119
484,124,0.1977,0.8023,CA,21.7115,23.9131,-48.707465667523785,-47.004722266347216,-136.52196,-24.58424,24.7071
484,120,0.6183,0.3817,CV,0.5102,0.507,-2.1957200818656637,-2.204196990464637,-0.03413,0.07515,3.6036
485,74,0.6051,0.3949,CV,8.558,8.4803,-11.36557365887602,-11.336058932788582,1.5333,-0.05105,60.8376
485,117,0.5592,0.4408,CV,4.8497,4.7196,-37.02705497905831,-36.898218969254486,-2.46623,-0.00278,36.8434
485,120,0.6174,0.3826,CV,1.1997,1.1975,-2.525755837613413,-2.5301794757242444,-0.01148,0.11602,3.6556
486,74,0.6034,0.3966,CV,9.0426,8.9598,-12.039837660533266,-12.004610029995892,1.66244,-0.06862,61.4664
486,120,0.6168,0.3832,CV,1.2493,1.246,-2.662832767711754,-2.6659124122966924,0.04989,0.1267,3.6139
487,74,0.6109,0.3891,CV,2.8013,2.7144,-10.392333363952766,-10.391296787128542,1.23458,-0.07917,62.3244
487,120,0.6174,0.3826,CV,0.5128,0.5061,-2.0785403825118474,-2.085034223515008,0.05325,0.10039,3.5848
487,124,0.5,0.5,CA,439.9726,434.9033,-822.3395822943683,-615.5711746188273,-1758.28794,-313.02269,67.4828
488,74,0.6147,0.3853,CV,2.8694,2.8227,-9.952768497352793,-9.956353253822279,0.89815,-0.08268,63.6483
488,124,0.0119,0.9881,CA,179.5351,229.0278,-43.046367139922424,-38.32761571413664,2636.78808,470.28249,66.7296
489,74,0.6124,0.3876,CV,7.6212,7.5794,-14.816880233026643,-14.805423645539214,1.08917,-0.08521,63.0766
489,124,1.0,0.0,CV,49.7849,104.0076,-22.830528947035,-88.45167960932875,247.32039,44.40515,29.6323
490,74,0.6113,0.3887,CV,6.5199,6.461,-10.583808409848213,-10.570859125032651,1.17298,-0.10927,63.1849
490,120,0.5,0.5,CA,22.9423,22.9393,-121.11192531793728,-120.04375522264995,-0.18476,1.4693,3.4886
490,124,0.75,0.25,CV,1.9425,1.9425,-4.449296731790608,-4.449296731790608,-0.0,-0.0,11.4591
491,74,0.6087,0.3913,CV,8.0435,7.9799,-9.39118148897813,-9.369138083167842,1.35624,-0.0562,63.2543
491,120,0.5667,0.4333,CV,1.0483,1.0112,-9.808456648762755,-9.774396743519839,-0.14992,1.10391,3.3464
491,125,0.7,0.3,CV,14.2217,14.2217,-25.192657801855944,-25.192657801855944,0.0,0.0,33.512
492,74,0.605,0.395,CV,9.3136,9.24,-8.58289218450706,-8.549185404138523,1.5878,-0.1021,63.4075
492,125,0.6087,0.3913,CV,18.9381,18.9381,-34.285385389438375,-34.13007676893961,7.14517,1.45777,52.3216
492,120,0.5996,0.4004,CV,5.8961,5.9295,-22.80410115870111,-22.80945841823274,0.52507,0.08279,3.473
493,74,0.6071,0.3929,CV,6.3447,6.2619,-8.900570133292932,-8.881116392597729,1.48018,-0.07748,62.7909
493,125,0.2104,0.7896,CA,30.8856,30.6101,-50.760611087329806,-48.97807899252288,29.9606,12.51877,122.0119
493,120,0.5509,0.4491,CV,4.9579,4.9305,-17.073782902293647,-16.83128699695468,0.84978,-0.19039,3.5391
494,74,0.6078,0.3922,CV,6.3585,6.2817,-11.730844236075313,-11.711242454891638,1.4227,-0.09755,61.6998
494,125,0.1288,0.8712,CA,26.1406,24.8638,-42.53486521092715,-40.728869060225634,63.6154,24.16662,219.6801
494,120,0.5429,0.4571,CV,3.8785,3.835,-19.444274221273467,-19.240773335218286,0.8937,-0.4462,3.7019
495,74,0.6055,0.3945,CV,8.035,7.9621,-10.563246774515147,-10.532952448273218,1.60288,-0.00876,61.6715
495,125,0.1582,0.8418,CA,21.056,19.3133,-30.25871797170428,-28.807866302470806,97.07914,32.91229,292.0054
496,74,0.6064,0.3936,CV,6.9471,6.8688,-7.874065095594942,-7.850780274258005,1.5555,0.13016,62.0839
496,125,0.1545,0.8455,CA,24.1206,23.0558,-100.50742653385845,-98.98690716665777,118.14631,41.82996,326.6333
497,74,0.6077,0.3923,CV,6.2344,6.1564,-9.908597564035867,-9.88954574869071,1.45188,0.21354,61.0006
498,74,0.6062,0.3938,CV,7.2358,7.1586,-9.676271872777248,-9.649075664577218,1.50528,0.31147,60.2812
498,125,0.5,0.5,CA,22.4064,24.5347,-170.29750401990486,-170.079944052384,35.25072,-1.46105,238.0223
499,74,0.607,0.393,CV,6.1461,6.0658,-9.751076437374513,-9.729211860910999,1.44616,0.30512,59.0339
499,125,0.2578,0.7422,CA,19.5059,20.6487,-98.96810718951645,-97.60842592403031,-72.13022,-27.35203,212.7867
500,74,0.6072,0.3928,CV,6.0232,5.9463,-10.943640559406223,-10.921507999162344,1.41684,0.24516,57.385
500,125,0.2639,0.7361,CA,14.8974,13.6368,-44.83799397446762,-43.85138488282177,-88.80221,-33.17892,211.7542
501,74,0.6115,0.3885,CV,3.2335,3.157,-8.161699323520402,-8.157237268563684,1.16269,0.23935,56.2204
501,125,0.5395,0.4605,CV,10.6556,11.3808,-17.849747030374097,-18.03877139502343,-57.111,-24.90557,208.9002
502,74,0.6148,0.3852,CV,2.7944,2.7499,-5.865975308795723,-5.86925093940691,0.84543,0.18147,54.1335
502,125,0.6513,0.3487,CV,7.9742,8.8399,-16.224380733167905,-16.48987374086299,-19.42811,-12.25622,185.9855
502,120,0.5,0.5,CA,31.3122,31.3116,-65.31567530831958,-65.01953917951893,-0.20334,-0.78105,4.0731
503,74,0.6188,0.3812,CV,2.3013,2.3285,-7.7752025610679905,-7.790559403647041,0.31381,0.17766,52.2226
503,125,0.5837,0.4163,CV,14.4903,14.4204,-53.033668519780385,-52.848244267153454,-10.03747,-8.58024,146.2958
503,120,0.5737,0.4263,CV,0.8546,0.8359,-2.3133030949402995,-2.308108054946711,-0.18506,-0.57263,3.848
504,74,0.6193,0.3807,CV,3.1678,3.1771,-13.329640311384285,-13.34131299086325,-0.09176,0.12328,50.1249
504,125,0.5092,0.4908,CV,8.9958,8.6375,-42.03890851042628,-41.6524680304207,-19.56842,-10.86267,119.7014
504,120,0.6056,0.3944,CV,0.7991,0.8147,-2.085792668603234,-2.105655565464905,-0.1393,-0.31422,3.7871
505,74,0.5921,0.4079,CV,21.4456,21.4527,-29.217614178658515,-29.1142423664501,1.7452,0.17712,49.4844
505,125,0.3929,0.6071,CA,12.7189,12.1862,-51.64294129052906,-50.89224309111759,-27.15789,-11.99288,106.0122
505,120,0.6176,0.3824,CV,1.2111,1.2274,-2.346592084079922,-2.3705184885077606,-0.02801,-0.0728,3.7442
506,74,0.5923,0.4077,CV,8.5891,8.4906,-13.828428479033315,-13.766112859064172,1.816,0.16796,48.611
506,125,0.3875,0.6125,CA,10.2419,9.615,-50.310951953894914,-49.7027698873493,-32.18884,-12.23523,99.3957
506,120,0.6193,0.3807,CV,0.5913,0.594,-3.296970698046735,-3.3101841260034353,-0.00415,0.01043,3.6978
507,74,0.6006,0.3994,CV,5.4038,5.314,-15.400349343965324,-15.372344886765323,1.57897,-0.01376,47.7532
507,125,0.4984,0.5016,CA,7.1716,6.9259,-50.0082587307187,-49.859063561626705,-27.63049,-8.54557,90.8414
507,120,0.6183,0.3817,CV,1.1155,1.1138,-3.772430526423597,-3.7791836763799567,-0.0629,0.03399,3.5777
508,74,0.6096,0.3904,CV,2.3674,2.2882,-13.385414519784733,-13.382897715304413,1.17073,-0.05529,46.7643
508,125,0.5664,0.4336,CV,5.423,5.2709,-39.43205559839394,-39.399466570582874,-20.25798,-4.76933,82.0667
508,120,0.6178,0.3822,CV,1.3705,1.3712,-3.298228304114903,-3.303953349972368,-0.00217,0.12721,3.5472
509,74,0.6155,0.3845,CV,0.7629,0.7263,-10.821085747848034,-10.830305004465398,0.74309,-0.05253,45.8927
509,125,0.5782,0.4218,CV,6.0424,5.8259,-31.78646367334884,-31.703737659392786,-15.63375,-2.66792,74.4961
509,120,0.6144,0.3856,CV,1.6148,1.6078,-2.8420039949949225,-2.834345539806982,0.00752,0.19889,3.4433
510,74,0.6186,0.3814,CV,1.2449,1.2759,-11.46105250186082,-11.474572340262696,0.36188,-0.03985,44.6218
510,125,0.5784,0.4216,CV,11.6759,12.1564,-29.75421531821104,-29.65498257529761,7.96974,4.10331,69.1323
510,120,0.614,0.386,CV,2.314,2.3145,-3.9701547927727576,-3.965869448356699,0.14677,0.12919,3.4796
511,74,0.5809,0.4191,CV,21.0089,20.9904,-34.54915344605583,-34.400673284732775,2.02928,-0.05157,43.4097
511,125,0.4283,0.5717,CA,13.7149,13.3651,-12.738909333797906,-12.034695603352445,16.59401,6.14904,71.2374
511,120,0.6083,0.3917,CV,3.362,3.3592,-8.031289373187585,-8.00327881830132,-0.00505,0.28955,3.4286
512,74,0.6057,0.3943,CV,3.1054,3.1109,-11.517352486654852,-11.527327056988398,1.28001,0.06473,43.5039
512,125,0.5462,0.4538,CV,3.5596,3.3094,-6.009009911110848,-5.993973521300067,12.97442,5.19152,72.613
512,120,0.6119,0.3881,CV,1.009,0.9962,-2.310304133430741,-2.30624793853031,-0.04216,0.2342,3.3796
513,74,0.6185,0.3815,CV,8.6426,8.7058,-8.996881200383084,-9.024521933930115,0.03523,0.11981,43.438
513,125,0.6113,0.3887,CV,11.2137,11.3522,-18.852074194622553,-18.936049550742013,4.76556,2.93878,65.6259
513,120,0.612,0.388,CV,1.541,1.5311,-2.9641846089489268,-2.954864721859235,-0.08967,0.21652,3.4126
514,74,0.6147,0.3853,CV,8.2515,8.2505,-8.21066671424838,-8.20322842424945,-0.63508,0.09079,43.0282
514,125,0.6026,0.3974,CV,4.499,4.3473,-9.965192174977062,-9.91750409750715,4.85656,2.72077,57.6055
514,120,0.614,0.386,CV,1.0063,0.9965,-2.2758836595808822,-2.2749497147632587,-0.08064,0.18633,3.3616
515,74,0.6089,0.3911,CV,8.3794,8.344,-10.38688697819418,-10.360384165206204,-1.01505,0.00696,42.6553
515,125,0.5858,0.4142,CV,5.2147,5.0369,-6.2593092950725815,-6.154712657803767,5.12393,2.63838,49.8071
515,120,0.6156,0.3844,CV,0.6675,0.6576,-2.9108709324141726,-2.9138569518207134,-0.05856,0.15644,3.3254
516,74,0.6077,0.3923,CV,6.6838,6.6302,-8.481953011373228,-8.45911319226191,-1.04873,0.00494,43.2669
516,125,0.5899,0.4101,CV,5.0791,4.9731,-6.514458540220518,-6.451411283736599,3.83229,2.58339,43.5116
516,120,0.6115,0.3885,CV,2.8253,2.823,-7.807276803976231,-7.790725945469765,-0.22731,0.0844,3.3694
517,74,0.6103,0.3897,CV,4.3141,4.2548,-7.532105062977619,-7.522217464093561,-0.94285,0.01944,43.3627
517,125,0.5744,0.4256,CV,14.7901,14.9693,-24.119670574462045,-23.987111219343177,-3.73987,-0.80208,41.0199
517,120,0.6134,0.3866,CV,0.995,0.9821,-4.441015947075261,-4.438173936437279,-0.20029,0.06961,3.3918
518,74,0.6147,0.3853,CV,1.6482,1.6065,-6.423990315620593,-6.428633239537773,-0.66149,0.0782,43.3151
518,125,0.4786,0.5214,CA,12.0563,11.8468,-12.469442624093599,-11.973898359235434,-6.49646,-2.17734,38.9849
518,120,0.6162,0.3838,CV,0.8224,0.8197,-3.7658927898401027,-3.7722007220849627,-0.13203,0.06979,3.3316
519,74,0.6179,0.3821,CV,1.5874,1.6145,-6.065714349520029,-6.077457205103983,-0.30741,0.10713,43.0946
519,125,0.2897,0.7103,CA,19.2567,18.9173,-26.304993636797562,-25.136699112223955,-11.79551,-3.84791,41.4165
519,120,0.6171,0.3829,CV,0.8229,0.8201,-3.374617642891739,-3.3807691310798638,-0.07059,0.09705,3.302
519,126,0.7,0.3,CV,28.0817,28.0817,-30.337847098770638,-30.337847098770638,0.0,0.0,112.2019
520,74,0.6181,0.3819,CV,2.1132,2.1033,-5.901722777166126,-5.909335403652124,-0.28541,0.09699,42.5331
520,125,0.2828,0.7172,CA,17.9648,17.4713,-35.06581127670053,-34.12948603534461,-18.08705,-5.56375,48.6051
520,126,0.6231,0.3769,CV,32.7256,32.7256,-105.91610171915116,-105.82175369966095,15.2173,2.24274,150.9592
521,74,0.6186,0.3814,CV,1.6782,1.6811,-6.124436408697966,-6.134085850193034,-0.13251,0.15155,42.6725
521,125,0.4423,0.5577,CA,4.985,4.3091,-8.516738089919713,-8.28914536061981,-18.59353,-5.81383,55.1209
521,126,0.4172,0.5828,CA,38.0582,37.7183,-105.57922038449267,-104.76341590977884,38.23535,-1.44641,291.5192
522,74,0.6178,0.3822,CV,3.6065,3.5991,-7.157952704151732,-7.163382419283897,-0.34006,0.10599,42.506
522,125,0.3969,0.6031,CA,10.1652,9.4813,-14.75027034492193,-14.111886240480262,-23.34852,-7.34657,64.9096
522,126,0.0692,0.9308,CA,54.8701,53.0882,-106.20642375131135,-103.42214188499453,99.31926,2.77102,584.2057
522,120,0.5,0.5,CA,3.856,3.8569,-5.836923773699561,-5.824588798795663,0.17732,0.11776,3.7653
523,74,0.6172,0.3828,CV,3.1308,3.1122,-7.587501497231083,-7.591444483294055,-0.40478,0.14467,42.5359
523,125,0.3171,0.6829,CA,11.4274,10.5319,-20.008447724999613,-19.085358481205656,-33.08417,-10.10137,80.5959
523,126,0.1165,0.8835,CA,49.5723,47.0174,-95.24424343740043,-93.52331731042545,175.25533,5.75967,772.882
523,120,0.578,0.422,CV,0.7272,0.7376,-2.2201366164532432,-2.232552634164625,0.07866,0.07106,3.5855
523,127,0.7,0.3,CV,0.7547,0.7547,-2.5977951638203476,-2.5977951638203476,0.0,0.0,2.9145
524,74,0.6171,0.3829,CV,2.8094,2.7889,-8.732528292473104,-8.736975910873303,-0.41767,0.141,42.0821
524,125,0.5641,0.4359,CV,5.9897,6.4814,-6.830281121523456,-7.044122166493735,-21.00498,-6.78767,85.3534
524,126,0.2211,0.7789,CA,23.4485,19.3789,-64.31536054022321,-63.29422694450146,210.82297,8.51212,903.4835
524,127,0.6475,0.3525,CV,1.0139,1.0139,-2.1603276023334073,-2.1713875709516794,-0.07068,0.38873,3.8801
525,74,0.617,0.383,CV,3.7855,3.7758,-6.450734038496328,-6.454936676443325,-0.35267,0.19316,42.8653
525,125,0.5462,0.4538,CV,5.9807,5.499,-6.913453312863545,-6.703865903781015,-20.12648,-5.9887,79.4793
525,126,0.5442,0.4558,CV,7.1599,9.7815,-25.020474545679132,-25.28843955082268,160.53948,10.8565,951.5043
525,127,0.6366,0.3634,CV,1.0449,1.0312,-2.5231949118970696,-2.5660077044199565,-0.08074,0.79913,5.5267
526,74,0.617,0.383,CV,3.4014,3.3894,-6.041830589042096,-6.046425459061329,-0.19836,0.19096,44.0168
526,125,0.5403,0.4597,CV,4.7447,4.1314,-8.46384851097478,-8.25679556020348,-19.31037,-5.53891,74.4547
526,126,0.6946,0.3054,CV,15.4038,18.9287,-9.40530535450603,-9.860841181387308,30.18653,4.30543,828.9028
526,127,0.6353,0.3647,CV,1.2566,1.2456,-5.684335439986329,-5.737894618687843,-0.0503,1.56658,6.6115
526,120,0.5,0.5,CA,2.6991,2.7002,-4.448611202336529,-4.451279271462356,0.09674,-0.04572,3.7311
527,74,0.6174,0.3826,CV,1.7049,1.683,-6.227574494615476,-6.233588762380866,-0.19101,0.1537,44.5652
527,125,0.6428,0.3572,CV,5.8117,6.3739,-7.383417880234708,-7.610481848918349,-3.48718,-0.93197,65.3338
527,126,0.5605,0.4395,CV,23.2304,23.8923,-14.771465512541802,-14.425860897815518,-51.11012,-1.9973,639.3344
527,120,0.5787,0.4213,CV,0.8107,0.8189,-2.8447898211713643,-2.859892113758023,0.01352,0.0085,3.6174
527,127,0.6417,0.3583,CV,1.1286,1.143,-2.5565317305893904,-2.6398039728030476,0.44243,0.75662,6.9676
528,74,0.6182,0.3818,CV,1.2288,1.2391,-5.808559466959903,-5.817563269815912,-0.13139,0.09528,44.4369
528,125,0.6205,0.3795,CV,5.0768,5.1679,-11.4435633785364,-11.42463724555272,4.15206,1.17025,54.4947
528,126,0.0614,0.9386,CA,42.5912,40.6246,-21.58587201927204,-18.468535453641945,-137.03145,-8.48452,657.273
528,120,0.6033,0.3967,CV,1.3332,1.3303,-2.521441318866834,-2.5246810892817537,0.06086,0.0426,3.4991
528,127,0.6282,0.3718,CV,1.5955,1.5887,-4.805018358506821,-4.820603850318921,0.32439,1.0044,6.6164
529,74,0.6185,0.3815,CV,1.4709,1.4772,-5.8560586232054685,-5.86511541509717,-0.02925,0.06853,44.3312
529,125,0.6266,0.3734,CV,5.0366,5.163,-7.517680689131669,-7.557885410108588,-1.15501,-0.18243,45.3024
529,126,0.1141,0.8859,CA,35.6502,32.201,-46.120829781053416,-44.38829467438438,-222.26467,-14.81061,598.0247
529,120,0.6134,0.3866,CV,0.8898,0.8875,-1.9751472797840783,-1.984702164289796,-0.03037,0.09659,3.4224
529,127,0.6241,0.3759,CV,1.0292,1.0053,-3.8332270476602694,-3.851231549721385,-0.04721,0.82669,6.1537
530,74,0.6186,0.3814,CV,1.5036,1.5049,-5.936753554407334,-5.945521302048684,-0.03741,0.0557,45.1637
530,125,0.6228,0.3772,CV,2.5192,2.4733,-5.855134662211697,-5.870043571882421,-1.22593,-0.0103,38.3095
530,126,0.0853,0.9147,CA,29.9796,25.0858,-40.112926130630086,-37.98228153732363,-298.66657,-20.59028,661.7814
530,127,0.6185,0.3815,CV,0.9478,0.914,-3.521155476423889,-3.5214466235014923,0.08346,0.71938,5.6364
530,120,0.6177,0.3823,CV,1.4648,1.4708,-2.5365929125260274,-2.5494882967220076,0.02846,0.09115,3.4659
531,74,0.6185,0.3815,CV,1.354,1.3486,-6.167051771378244,-6.175419437547004,-0.06498,0.07044,46.0042
531,125,0.6212,0.3788,CV,4.5494,4.6006,-6.888139229753229,-6.90180481036475,0.85536,0.62448,33.5993
531,126,0.2403,0.7597,CA,16.1833,10.6529,-41.906215209014285,-41.03733921700754,-322.80545,-23.53226,705.5036
531,127,0.591,0.409,CV,2.2029,2.1657,-6.698919140529613,-6.592492403966951,0.07889,0.91386,5.087
532,74,0.618,0.382,CV,2.9747,2.9688,-6.372741640356149,-6.37932987774679,-0.21753,0.08518,46.7465
532,125,0.615,0.385,CV,2.5798,2.5249,-6.774589400206926,-6.764516289082214,1.09829,0.64571,29.7277
532,126,0.6634,0.3366,CV,20.7048,24.9848,-26.48022055799272,-27.222194606849726,-169.5278,-13.34325,775.6794
532,127,0.5908,0.4092,CV,1.4047,1.3586,-3.8491187848282107,-3.782147337611527,0.05118,0.83432,4.5745
533,74,0.6175,0.3825,CV,3.4609,3.4494,-6.1682786651263575,-6.173257778293336,-0.3514,0.02929,47.2998
533,125,0.6205,0.3795,CV,2.6317,2.6581,-7.484296573549615,-7.506329522518506,0.27647,0.38991,26.2503
533,126,0.6874,0.3126,CV,10.1977,11.2083,-39.848365440208596,-40.09490990595782,-65.32594,-7.38415,653.9411
533,127,0.615,0.385,CV,0.9787,0.9962,-3.9029189354602565,-3.937565866125548,0.10397,0.46183,4.2255
534,74,0.6164,0.3836,CV,4.5732,4.554,-6.62200449230106,-6.623256405022794,-0.47834,0.01696,48.5016
534,125,0.6188,0.3812,CV,2.197,2.1863,-7.708338023000296,-7.715389593907147,-0.01619,0.31179,23.3391
534,126,0.645,0.355,CV,13.3162,12.787,-24.42894648436986,-24.448317087331986,-43.42005,-5.34825,548.7584
534,127,0.6205,0.3795,CV,1.0894,1.0995,-3.7515626133977817,-3.773865958912247,0.13441,0.17475,3.8925
535,74,0.6165,0.3835,CV,3.0976,3.0707,-6.510987926210058,-6.5143602240135525,-0.47938,0.0382,49.4114
535,125,0.6151,0.3849,CV,5.3289,5.3313,-6.69045937498352,-6.684024409555982,0.21869,0.44094,22.1106
535,126,0.6428,0.3572,CV,16.0108,16.1018,-10.01849034234251,-10.091924853351989,-18.83784,-2.89992,486.1384
535,127,0.6209,0.3791,CV,0.7775,0.7836,-3.1225239022915794,-3.138460102877487,0.08129,0.01448,3.6059
536,74,0.6174,0.3826,CV,1.9549,1.9394,-6.770027372251537,-6.7768337069354665,-0.35656,0.12583,50.0796
536,125,0.612,0.388,CV,3.6409,3.6192,-7.695466188154015,-7.681818651313973,0.45903,0.42637,20.451
536,126,0.6145,0.3855,CV,31.4553,31.9043,-15.409249928175768,-15.364956926916225,16.78933,0.04363,389.1466
536,127,0.6168,0.3832,CV,1.4268,1.424,-2.8131877789096733,-2.8108815037328303,0.0817,-0.09125,3.4349
537,74,0.6177,0.3823,CV,1.9879,1.9689,-7.653586981327129,-7.660191981357592,-0.32439,0.13742,50.7258
537,125,0.6162,0.3838,CV,5.0422,5.0592,-7.887059456822914,-7.895335977765521,-0.04035,0.28459,18.2334
537,126,0.5644,0.4356,CV,14.7829,14.2238,-37.1026290767423,-36.89288375897098,24.3521,1.98518,343.1178
537,127,0.614,0.386,CV,1.4446,1.4383,-2.788297462557386,-2.780299521768467,0.04327,-0.16794,3.2802
538,74,0.6178,0.3822,CV,1.9388,1.921,-8.746692408947183,-8.753684221425964,-0.31743,0.10462,51.3548
538,125,0.6059,0.3941,CV,5.2558,5.2436,-23.815252735717802,-23.774187083679394,0.31203,0.38967,16.1187
538,127,0.6141,0.3859,CV,1.2299,1.2242,-3.1867763312830366,-3.183483959915841,0.0087,-0.18139,3.0858
539,74,0.6181,0.3819,CV,1.4052,1.3883,-7.404449040305239,-7.412329500279535,-0.26656,0.11508,52.1959
539,125,0.5738,0.4262,CV,8.7532,8.7363,-28.212984047014412,-28.05439563424148,1.04247,0.76227,15.087
539,127,0.6123,0.3877,CV,1.3795,1.3707,-2.514037595318405,-2.5027814971917293,0.03079,-0.1985,3.0064
540,74,0.6181,0.3819,CV,1.8077,1.7923,-9.02722733246555,-9.03481998794024,-0.26247,0.13035,52.8817
540,125,0.6006,0.3994,CV,4.9053,4.9179,-7.871748004076954,-7.870621007466772,0.33406,0.78505,14.2402
540,127,0.6113,0.3887,CV,1.3765,1.3659,-2.4998868729256953,-2.4872534699098647,0.05706,-0.20683,2.9358
541,74,0.6179,0.3821,CV,2.4866,2.4711,-11.062709946240858,-11.06936637448491,-0.31036,0.13986,53.6964
541,127,0.6085,0.3915,CV,1.8227,1.8117,-4.441269060993459,-4.418308693492589,0.03143,-0.2525,2.8692
541,125,0.6093,0.3907,CV,1.5944,1.565,-10.687872766815685,-10.68415030842618,0.20201,0.62176,13.0243
542,74,0.6182,0.3818,CV,1.4629,1.4511,-11.491733459893737,-11.500056963373517,-0.26018,0.07478,54.0977
542,125,0.5613,0.4387,CV,10.723,10.7033,-27.26105311257016,-27.046313806908838,1.05121,0.83296,12.5753
542,127,0.6131,0.3869,CV,0.6488,0.6379,-2.66358900960308,-2.664025071023624,0.00047,-0.1929,2.8154
543,74,0.6185,0.3815,CV,0.9894,0.9794,-15.580242156057611,-15.589152767180082,-0.19788,0.03324,54.4936
543,125,0.5471,0.4529,CV,8.6478,8.5849,-61.28398614083652,-61.08243312901401,1.12373,1.02658,12.9531
543,127,0.6129,0.3871,CV,1.154,1.1443,-2.059410931699944,-2.05227184583849,0.02329,-0.19653,2.7714
544,74,0.6184,0.3816,CV,1.9281,1.921,-12.985192897266852,-12.993533994476362,-0.19423,0.1246,55.1706
544,127,0.6101,0.3899,CV,1.8995,1.8912,-3.310181801119306,-3.2916885974595695,-0.03956,-0.22911,2.7921
545,74,0.6157,0.3843,CV,7.7288,7.7199,-10.441993667143507,-10.438875468295983,-0.50535,0.1273,53.6305
545,127,0.6051,0.3949,CV,2.3876,2.3756,-5.228391478350002,-5.193077438704727,-0.10182,-0.27884,2.8001
546,74,0.6125,0.3875,CV,8.5617,8.539,-11.376824224197659,-11.364002772468005,-0.9427,0.15617,54.3095
546,127,0.5912,0.4088,CV,3.6546,3.6389,-7.939266820507047,-7.853429796588294,-0.19308,-0.39026,2.8063
547,74,0.6076,0.3924,CV,10.0871,10.04,-13.869863287116273,-13.841226545581856,-1.26136,0.17947,55.986
547,127,0.6037,0.3963,CV,0.9928,0.9717,-1.9719530651750858,-1.9585634319871947,-0.17676,-0.29166,2.8195
548,74,0.6044,0.3956,CV,9.6533,9.5823,-14.095740413578596,-14.061113476619497,-1.44805,0.19273,56.9363
548,127,0.6097,0.3903,CV,0.9896,0.9748,-2.0204636743983513,-2.0137403391989963,-0.13354,-0.23402,2.8883
549,74,0.6086,0.3914,CV,5.3977,5.3213,-19.321751532137867,-19.309383819881383,-1.23277,0.17021,58.3105
549,127,0.6161,0.3839,CV,0.543,0.548,-1.7738560413397333,-1.7851209346710715,-0.04486,-0.14287,2.9301
550,74,0.6118,0.3882,CV,4.5601,4.4986,-23.114111742254067,-23.108969943984953,-1.06566,0.07676,58.7757
550,127,0.6182,0.3818,CV,0.2462,0.2541,-1.676069313965045,-1.6871207359257017,-0.01693,-0.06992,2.9494
551,74,0.613,0.387,CV,4.6861,4.6293,-28.98182093890234,-28.97694851861224,-0.98386,0.08293,59.4807
551,127,0.6186,0.3814,CV,1.234,1.2376,-2.5790314764461506,-2.5883424399568415,-0.00846,0.03007,2.906
552,74,0.6129,0.3871,CV,5.797,5.7498,-23.868801383779694,-23.861968109546623,-0.99,0.10982,59.386
552,127,0.6187,0.3813,CV,0.7383,0.7401,-1.803293196176702,-1.8126620625803898,0.03841,0.00513,2.9474
553,74,0.6113,0.3887,CV,8.3371,8.2977,-29.39001763937977,-29.37625896138698,-1.07534,0.26898,61.6346
553,127,0.618,0.382,CV,0.8358,0.8337,-1.9317234921648685,-1.937885782614345,0.07992,0.01148,2.979
554,74,0.6106,0.3894,CV,7.4304,7.3702,-31.432254509357396,-31.418224252948463,-1.083,0.29256,64.1211
554,127,0.6179,0.3821,CV,0.6934,0.6918,-1.9920683627939013,-1.999033777841153,0.05938,0.02096,3.0501
555,74,0.6101,0.3899,CV,7.6839,7.6205,-32.57120103955739,-32.55617739810947,-1.13591,0.33791,65.5433
555,127,0.6175,0.3825,CV,1.7626,1.7653,-3.0033249702198455,-3.008690684249948,-0.05683,0.07261,3.0343
555,128,0.7,0.3,CV,1.6535,1.6535,-3.015531069166619,-3.015531069166619,0.0,0.0,2.4606
556,74,0.6112,0.3888,CV,9.4853,9.462,-29.337372688730717,-29.32746281553991,-1.00842,0.43011,63.4554
556,127,0.6159,0.3841,CV,1.5195,1.5162,-2.7478473568859236,-2.746840765150856,-0.02528,0.13888,3.0896
556,128,0.6483,0.3517,CV,0.7312,0.7312,-1.5070290164513085,-1.5215238923866066,0.33821,0.06681,3.4161
557,74,0.6116,0.3884,CV,5.9777,5.9233,-27.205055751540815,-27.195460467296254,-0.97966,0.33171,62.5587
557,127,0.6153,0.3847,CV,1.1901,1.1831,-2.404673867514825,-2.4037312152308687,-0.06105,0.14572,3.1382
557,128,0.6387,0.3613,CV,1.036,1.0338,-2.4740953428211467,-2.5249401616975584,-0.30135,0.41109,5.0183
558,74,0.6134,0.3866,CV,4.2131,4.1543,-28.254816022751562,-28.251803719674577,-0.85971,0.38728,62.2846
558,127,0.6171,0.3829,CV,0.8016,0.8009,-2.0070785923293673,-2.014357887933444,-0.05708,0.08953,3.1063
559,74,0.6134,0.3866,CV,8.7402,8.7294,-33.47169949829422,-33.46650687081472,-0.92412,0.42925,64.8958
559,127,0.6175,0.3825,CV,0.5087,0.5031,-1.7709161597203853,-1.7774539137334182,-0.04404,0.08075,3.1027
560,74,0.6124,0.3876,CV,6.8413,6.7873,-30.59621154056977,-30.58652339094733,-0.92443,0.42057,67.0204
560,127,0.6173,0.3827,CV,1.0294,1.0269,-2.4409969813006844,-2.445856160627367,0.01741,0.10843,3.1138
561,74,0.6102,0.3898,CV,10.2055,10.1714,-24.639580061845614,-24.622240626244395,-1.00481,0.70369,65.2474
561,127,0.6131,0.3869,CV,1.9777,1.9717,-3.703026415212713,-3.6906839109309426,0.07329,0.18843,3.064
562,74,0.6096,0.3904,CV,7.0461,6.9809,-21.852199201359205,-21.835597776333305,-1.0601,0.72505,65.4745
562,127,0.0,1.0,CA,398.7593,398.7654,-44851.49795971506,-44662.45115099767,-18.24955,-4.0483,4.004
563,74,0.6106,0.3894,CV,7.3033,7.2518,-23.02474243812917,-23.013074892148378,-1.0192,0.6251,67.8775
563,127,0.0,1.0,CA,236.1082,235.7343,-10819.821065924823,-10760.889546727958,-32.67334,-7.35758,5.0878
563,128,0.5,0.5,CA,1.4005,1.3996,-8.80495616787044,-8.845575873298973,0.13487,0.04903,6.1352
564,74,0.6111,0.3889,CV,6.61,6.5439,-19.696173642370574,-19.685206224841433,-0.99133,0.56068,69.8875
564,127,0.0,1.0,CA,70.0038,69.3339,-917.2621132785441,-896.9196715420829,-39.05021,-8.78884,6.1939
564,128,0.5782,0.4218,CV,0.6994,0.6944,-5.664176744887719,-5.677246010484947,0.17505,0.02725,5.4776
565,74,0.6107,0.3893,CV,7.7076,7.644,-18.274920273910574,-18.261648991060028,-0.98329,0.54641,72.4286
565,127,0.1396,0.8604,CA,5.2856,4.5008,-20.917515512786615,-19.50422566486872,-39.70516,-9.00755,7.6064
565,128,0.604,0.396,CV,1.1631,1.1577,-4.862358460979715,-4.869079909785356,0.19272,-0.07203,5.2263
566,74,0.6128,0.3872,CV,7.1123,7.0774,-14.685035660903964,-14.68119084428944,-1.00776,0.18709,73.2715
566,127,1.0,0.0,CV,21.8121,22.8901,-107.25174666155023,-119.8137868483944,16.47158,3.52231,15.1504
566,128,0.6147,0.3853,CV,2.0291,2.0387,-3.4076320977566734,-3.4216220536149473,-0.08795,-0.0705,4.9859
567,74,0.6132,0.3868,CV,5.9624,5.9063,-13.12588682848122,-13.120489766464269,-0.98277,0.2237,74.9627
567,127,0.7499,0.2501,CV,25.1276,25.1276,-144.90920010711372,-144.90849643308917,-0.0011,-0.00023,11.9417
567,128,0.6172,0.3828,CV,1.0009,0.9995,-2.8218880968864264,-2.8306529286148523,-0.12077,0.00955,4.7596
568,74,0.6141,0.3859,CV,5.518,5.4696,-10.501022721180389,-10.498763687712461,-0.94815,0.16005,75.9362
568,127,0.6609,0.3391,CV,21.514,21.514,-108.5764148244888,-108.56945168283261,0.08034,0.01539,9.9893
568,128,0.619,0.381,CV,0.4702,0.4757,-1.9229498228786746,-1.93569052906691,-0.04222,0.01957,4.562
569,74,0.6148,0.3852,CV,4.9003,4.852,-9.081227183069911,-9.080644423844635,-0.90512,0.04038,77.1974
569,127,0.6212,0.3788,CV,18.4051,18.403,-84.40908317793816,-84.36603041869387,0.24432,0.0551,8.7102
569,128,0.6186,0.3814,CV,0.9114,0.9111,-2.47355939759394,-2.4817907459356086,-0.01976,0.01345,4.3203
570,74,0.6133,0.3867,CV,8.5351,8.5004,-8.070843361751777,-8.06294499864714,-0.98333,0.08182,75.9764
570,127,0.5944,0.4056,CV,14.5859,14.5774,-56.80554151319994,-56.70923198722075,0.45374,0.09628,7.8755
570,128,0.6184,0.3816,CV,0.8295,0.8288,-2.0023042377700637,-2.0101936083988097,0.03661,-0.01979,4.1386
571,74,0.6162,0.3838,CV,18.45,18.5054,-30.522715284315026,-30.529271770579225,0.64194,0.32315,79.7945
571,127,0.5647,0.4353,CV,13.1243,13.1059,-50.1279722016388,-49.94895187494104,0.74155,0.16676,7.2513
571,128,0.6189,0.3811,CV,0.5144,0.5172,-2.199847455026021,-2.210131045089446,0.0301,-0.02189,4.058
571,130,0.7,0.3,CV,1.35,1.35,-2.9025217560039884,-2.9025217560039884,0.0,0.0,2.9145
572,74,0.6168,0.3832,CV,5.2571,5.2417,-26.977160927102968,-26.981845302460357,0.50293,0.05366,83.6758
572,127,0.5411,0.4589,CV,10.1106,10.0776,-34.54037793498202,-34.30962877245245,1.04417,0.22129,6.9032
572,128,0.6185,0.3815,CV,0.9559,0.9568,-2.379114818323739,-2.387119467348742,-0.03375,-0.0171,3.9
572,130,0.6471,0.3529,CV,1.1623,1.1623,-2.345160793092916,-2.354461767235006,0.0,-0.46002,3.9978
573,74,0.6185,0.3815,CV,3.8072,3.8388,-33.09431411276315,-33.10533456728045,0.09426,-0.0644,84.5424
573,127,0.5166,0.4834,CV,8.664,8.6151,-30.77136115685406,-30.47617610682163,1.41322,0.33143,6.6748
573,130,0.6393,0.3607,CV,0.7874,0.7796,-2.0807263449112416,-2.1359426484062167,0.58236,-0.53381,5.8094
573,128,0.6188,0.3812,CV,0.5533,0.5563,-1.8853415427983902,-1.8950682993183865,0.00469,-0.01174,3.8401
574,74,0.6183,0.3817,CV,3.7409,3.7443,-34.71296681421461,-34.72088671050244,-0.17139,-0.09373,86.0331
574,127,0.4941,0.5059,CA,7.1383,7.0707,-27.93499717561733,-27.58543221138958,1.87931,0.38464,6.5789
574,130,0.6406,0.3594,CV,0.7786,0.7511,-2.1206407404678584,-2.192907207945694,0.48957,-0.90424,6.9804
574,128,0.6183,0.3817,CV,0.8741,0.8743,-2.281872430989868,-2.289406299544103,-0.03971,-0.00771,3.7159
575,74,0.6167,0.3833,CV,8.1348,8.1243,-38.0801831921896,-38.081435541201586,-0.59566,-0.22561,87.8885
575,127,0.4771,0.5229,CA,7.0271,6.9464,-15.164228456447184,-14.778592906028194,2.39377,0.55997,7.0467
575,128,0.6183,0.3817,CV,0.3695,0.3666,-1.9135017186359635,-1.921553603897169,-0.04179,-0.00495,3.6205
575,130,0.6361,0.3639,CV,1.2666,1.2577,-2.4115849142929497,-2.4627283911825284,-0.14833,-1.0122,7.311
576,74,0.6144,0.3856,CV,9.3841,9.3525,-51.29527148324311,-51.289106398865066,-0.88191,-0.4159,88.4661
576,127,0.4586,0.5414,CA,6.617,6.4974,-11.866016230672166,-11.430418451511681,3.11293,0.69302,7.6211
576,128,0.6175,0.3825,CV,1.0733,1.0712,-3.3543068952793167,-3.3588609176916835,-0.08165,-0.05071,3.5511
576,130,0.5989,0.4011,CV,2.4279,2.3919,-4.141198156311583,-4.041383364236048,0.43021,-1.54017,7.3802
577,74,0.6147,0.3853,CV,5.9514,5.9023,-46.634896402254036,-46.63326488382136,-0.92933,-0.30972,90.3659
577,127,0.4677,0.5323,CA,4.947,4.7982,-8.17721393740702,-7.804622759181937,3.74236,0.79534,8.2035
577,128,0.6158,0.3842,CV,1.3566,1.3515,-5.437985573993815,-5.436543489372583,-0.11862,-0.06987,3.4283
577,130,0.6148,0.3852,CV,0.9192,0.8848,-2.5673990579519197,-2.5892933433112963,0.34785,-1.02999,7.2468
578,74,0.6161,0.3839,CV,5.0364,5.0106,-41.05352913442556,-41.05749621520246,-0.62436,-0.51267,91.7225
578,127,0.4793,0.5207,CA,3.9305,3.762,-7.099509860123218,-6.7606735097314825,4.30414,0.92428,8.888
578,128,0.6183,0.3817,CV,0.542,0.5466,-2.3368709931605,-2.348496326142245,-0.03896,-0.02463,3.3434
578,130,0.6264,0.3736,CV,1.372,1.3978,-2.6014433625875775,-2.649157969850021,0.04092,-0.57067,6.6917
579,74,0.6177,0.3823,CV,3.0458,3.0467,-31.337962443879213,-31.3468860575776,-0.23643,-0.45752,93.1238
579,127,0.4969,0.5031,CA,3.2812,3.0974,-4.933943058297343,-4.648889272634223,4.67464,1.07064,9.9035
579,128,0.6189,0.3811,CV,0.3188,0.3199,-3.7822783543013077,-3.7927493036205457,-0.00963,-0.00481,3.277
579,130,0.6279,0.3721,CV,0.6631,0.6869,-2.0473942250510446,-2.084142268053776,-0.02858,-0.22448,6.2646
580,74,0.6181,0.3819,CV,4.2708,4.2685,-25.304702927471432,-25.31252977342013,0.10851,-0.42449,94.6547
580,127,0.5204,0.4796,CV,2.7879,2.5864,-4.299020707825961,-4.08279901506954,4.73032,1.15092,10.8979
580,128,0.6189,0.3811,CV,0.4455,0.4459,-1.9625236439401572,-1.972251165071512,0.00075,0.02879,3.2153
580,130,0.6219,0.3781,CV,1.482,1.481,-2.9801949750162313,-2.9893199351985764,0.1245,-0.20304,5.9264
581,74,0.618,0.382,CV,2.9159,2.8946,-22.49379536047069,-22.501094827518934,0.15685,-0.40158,95.4869
581,127,0.4751,0.5249,CA,4.3315,4.111,-11.476616027015222,-11.045425412638492,5.91114,1.44824,11.9029
581,128,0.6184,0.3816,CV,1.1942,1.1957,-3.853247318509612,-3.860596878257709,0.00382,-0.06782,3.1588
581,130,0.6219,0.3781,CV,0.8698,0.8785,-2.2497897929360295,-2.267923873190567,0.09381,-0.04375,5.508
582,74,0.6179,0.3821,CV,4.2272,4.2143,-28.175879477758134,-28.182731913874445,0.02884,-0.36046,94.9087
582,127,0.5347,0.4653,CV,1.8224,1.5619,-9.27656747531793,-9.148700519148193,5.37479,1.32454,12.9818
582,128,0.6183,0.3817,CV,0.7311,0.731,-3.122741468015048,-3.1308337928565617,0.05246,-0.03976,3.1081
582,130,0.0,1.0,CA,437.5235,437.5287,-61847.09370968979,-61415.11242243844,-30.94799,4.7173,5.9249
583,74,0.618,0.382,CV,3.331,3.3154,-23.068835304447802,-23.07632468523595,-0.05282,-0.44095,95.969
583,127,0.5944,0.4056,CV,1.6632,1.6516,-5.729781322746971,-5.759891559233982,3.65051,0.77655,13.0319
583,128,0.6184,0.3816,CV,0.7964,0.7976,-1.8936923869865288,-1.902277511905761,0.04726,0.02953,3.0632
583,130,0.0,1.0,CA,155.1454,154.5214,-5976.029571717492,-5908.905818806917,-44.686,6.29903,6.5998
584,74,0.6182,0.3818,CV,2.3097,2.2853,-21.49640003286538,-21.50438009770111,-0.05241,-0.41984,96.858
584,127,0.6135,0.3865,CV,1.3256,1.2956,-4.709719959728474,-4.732712662823195,2.36244,0.46434,12.3925
584,128,0.6188,0.3812,CV,0.6272,0.6298,-1.7583647189122902,-1.7682011885594289,-0.01523,0.01589,3.0237
584,130,0.0,1.0,CA,25.2738,24.3882,-141.39899254039017,-131.31809403280658,-47.65456,6.20164,7.5001
585,74,0.6181,0.3819,CV,3.9824,3.9733,-20.126835532942373,-20.134245670279043,0.20229,-0.39565,97.6838
585,127,0.6006,0.3994,CV,2.4807,2.4114,-9.860610332731493,-9.801463217856348,2.28675,0.26867,11.6229
585,128,0.6181,0.3819,CV,0.9202,0.9202,-2.0028986866999983,-2.009572511416188,0.02097,0.03432,3.0473
585,130,1.0,0.0,CV,32.9674,33.9247,-238.6184223633845,-250.86321058659723,-41.5505,4.71105,6.9671
586,74,0.6179,0.3821,CV,4.5399,4.531,-14.06651366180858,-14.073185374020035,0.3783,-0.25314,99.6132
586,127,0.5489,0.4511,CV,6.4868,6.4206,-45.26302363073087,-45.01082656006318,2.94783,0.19224,11.7831
586,130,0.7443,0.2557,CV,51.059,51.059,-609.4464515750332,-609.4165095870077,0.04474,-0.00506,6.4384
586,128,0.6185,0.3815,CV,0.4842,0.4854,-1.9335532325058005,-1.942601567100147,0.02232,0.03168,2.9914
586,131,0.7,0.3,CV,1.171,1.171,-2.7784117286499015,-2.7784117286499015,0.0,0.0,2.408
587,74,0.6174,0.3826,CV,5.2178,5.1995,-13.857706719071116,-13.862489255221472,0.55285,-0.16981,99.7972
587,127,0.6175,0.3825,CV,2.7601,2.8847,-12.959964582122176,-13.06632901594898,1.1698,-0.0025,11.1069
587,130,0.629,0.371,CV,53.9257,53.9241,-657.1289109110448,-656.9910746850722,0.30034,-0.04028,6.2989
587,131,0.6476,0.3524,CV,0.7694,0.7694,-1.6875009023822147,-1.6989738317782266,0.24928,-0.0897,3.1811
587,128,0.6186,0.3814,CV,0.1633,0.1624,-1.5846044578255996,-1.5935643602727294,0.0147,0.02417,2.9518
588,74,0.6174,0.3826,CV,3.6714,3.6431,-13.782182748404834,-13.787751325381372,0.5333,-0.18897,99.687
588,127,0.6236,0.3764,CV,2.8498,2.875,-9.999764325624476,-10.031293676850282,0.30588,0.09423,10.1816
588,130,0.4293,0.5707,CA,56.5968,56.5869,-739.3295193519774,-738.5548106878456,1.0833,-0.05988,5.769
588,131,0.6429,0.3571,CV,0.543,0.5472,-1.4304534906756337,-1.5004597439987561,-0.3415,-0.10122,4.5572
589,74,0.6179,0.3821,CV,2.2996,2.2778,-11.417066451623754,-11.424771282648424,0.39892,-0.24491,100.6824
589,127,0.6119,0.3881,CV,3.473,3.4828,-5.275485302154964,-5.24855288967597,-0.65129,-0.02594,9.4692
589,131,0.0,1.0,CA,72.6496,72.6357,-2257.8356221281547,-2126.2458724125995,-52.46187,-3.73442,9.1453
590,74,0.6182,0.3818,CV,2.7413,2.7268,-13.149511660830708,-13.157532654478217,0.34346,-0.14972,100.4075
590,127,0.6142,0.3858,CV,2.7135,2.71,-7.374341458143804,-7.374418228527605,-0.54454,-0.01377,9.2655
590,131,0.0,1.0,CA,24.0131,22.9607,-185.07487583344954,-164.57573827820474,-70.93203,-5.29469,12.2396
590,130,0.5,0.5,CA,79.2132,79.1671,-1062.1321630390253,-1055.270434590414,5.97383,-0.58666,6.4172
591,74,0.6185,0.3815,CV,0.9535,0.9397,-10.65601175076258,-10.665243168752673,0.26489,-0.0922,101.032
591,127,0.6135,0.3865,CV,3.2479,3.2415,-12.407434796190008,-12.401135790390414,-0.33709,0.07204,9.2922
591,131,0.9909,0.0091,CV,5.9219,7.3402,-13.620159443776693,-18.710702407379607,-64.93713,-4.85895,10.1891
591,130,0.0,1.0,CA,53.0114,52.7241,-528.8737524849003,-515.4627119099515,24.63277,-2.36366,8.6848
592,74,0.6186,0.3814,CV,2.3508,2.3416,-11.854294135020712,-11.863106144679644,0.20119,-0.08172,100.5303
592,127,0.6166,0.3834,CV,0.7972,0.7897,-6.515547024529443,-6.523603139547351,-0.25344,0.0573,8.9557
592,131,0.0002,0.9998,CA,15.4143,15.4889,-71.67307712492682,-62.213787728888086,40.2351,3.00322,17.8354
592,130,0.0,1.0,CA,39.4249,38.9301,-311.29973752570976,-297.30375648306875,46.55576,-4.45212,10.6719
592,128,0.5,0.5,CA,2.0839,2.0837,-6.9313233513680785,-6.937584970770503,0.02266,0.06116,3.4508
593,74,0.6186,0.3814,CV,1.7323,1.7167,-10.401966947132133,-10.410878268453125,0.20333,-0.10723,100.265
593,127,0.6145,0.3855,CV,4.5286,4.5339,-6.931932199700748,-6.926423445431139,-0.20701,-0.02584,8.0725
593,131,0.0006,0.9994,CA,11.7922,10.9852,-34.648096320254524,-27.554950685171157,75.48468,5.65033,19.5785
593,128,0.5762,0.4238,CV,0.7758,0.7738,-6.8522387275571095,-6.857237010869144,0.05588,0.0502,3.1956
594,74,0.6181,0.3819,CV,4.2915,4.2769,-12.738688566057029,-12.74545847648767,0.21863,-0.15869,98.5043
594,127,0.6185,0.3815,CV,0.5896,0.6023,-3.67991924514343,-3.694306751319286,-0.07698,0.00723,7.8209
594,131,0.0522,0.9478,CA,4.7232,3.3452,-7.333936877769659,-4.8401072407065024,83.77281,6.37237,17.68
594,128,0.603,0.397,CV,0.8118,0.8086,-7.958678208153724,-7.964138859579652,0.04477,0.0528,3.2657
595,74,0.6179,0.3821,CV,3.5211,3.4965,-14.082127788351958,-14.088900572673616,0.17689,-0.17377,96.5298
595,131,0.0001,0.9999,CA,71.5078,69.6392,-868.2874560729302,-859.6928563755862,432.53755,32.09131,22.7175
595,128,0.6136,0.3864,CV,0.6575,0.662,-4.716646074541697,-4.72762023177838,0.02407,0.01023,3.2751
596,74,0.6188,0.3812,CV,1.7491,1.756,-10.838186853713479,-10.848954252685402,0.18311,-0.17166,96.3371
596,131,1.0,0.0,CV,37.1612,45.8371,-307.5971785001929,-393.0805183247209,224.38949,16.00991,12.7448
596,128,0.6136,0.3864,CV,2.195,2.1943,-3.792132475512778,-3.787163350025909,0.11358,0.07296,3.1697
596,127,0.5,0.5,CA,4.5705,4.5747,-14.744580824915184,-14.736460452471379,0.17423,0.22335,8.1856
597,74,0.619,0.381,CV,2.2933,2.3005,-8.858016868310157,-8.868347042821581,0.06595,-0.18632,96.5424
597,131,0.75,0.25,CV,37.3431,37.3431,-372.4567211472563,-372.4567211472563,-0.0,-0.0,8.9298
597,128,0.6161,0.3839,CV,0.579,0.5698,-1.729062664000102,-1.7346863296596624,0.08925,0.0572,3.1433
597,127,0.5763,0.4237,CV,3.5426,3.5509,-5.30525896104457,-5.310509749884295,-0.13443,0.21552,7.6369
598,74,0.6187,0.3813,CV,2.8698,2.861,-9.878303421044249,-9.886854526404878,0.0559,-0.29285,95.1545
598,131,0.6587,0.3413,CV,28.9136,28.9136,-261.4293928311636,-261.41260584354006,-0.09383,-0.00954,6.8367
598,128,0.6163,0.3837,CV,1.3781,1.3762,-2.446309330397027,-2.4489707704332675,0.16172,0.0291,3.1942
598,127,0.592,0.408,CV,4.8392,4.8323,-19.278916061454822,-19.238472728381577,-0.47949,0.1511,7.2762
599,74,0.6186,0.3814,CV,2.6545,2.6481,-10.39805291770945,-10.406893347452861,0.11958,-0.18663,93.085
599,131,0.6042,0.3958,CV,20.7685,20.7661,-167.3610533801271,-167.24960174068815,-0.30862,-0.03558,5.6993
599,127,0.5892,0.4108,CV,4.3224,4.2975,-28.727470369606305,-28.652713480625383,-0.71501,0.09506,7.12
599,128,0.6169,0.3831,CV,1.4658,1.4663,-2.9619547067792737,-2.9669823697574795,0.11544,-0.06954,3.2722
600,74,0.6185,0.3815,CV,2.8818,2.872,-8.273397448824948,-8.281763367189066,0.27894,-0.13788,91.7988
600,131,0.5419,0.4581,CV,16.6744,16.6639,-115.58785866927806,-115.30213549011499,-0.61574,-0.06656,4.9827
600,127,0.5911,0.4089,CV,3.6315,3.6002,-35.00279089550514,-34.939724324830635,-0.77615,0.05603,7.1934
600,128,0.616,0.384,CV,2.4731,2.4765,-4.211103977378748,-4.211427912072413,-0.08185,-0.12252,3.3025
601,74,0.6186,0.3814,CV,2.046,2.0365,-7.21312855535921,-7.222170132651165,0.30419,-0.06243,91.1246
601,131,0.4387,0.5613,CA,15.2658,15.241,-104.35832004095157,-103.74949041699705,-1.1379,-0.20593,4.4689
601,127,0.5435,0.4565,CV,8.5246,8.4835,-32.79921514676219,-32.53934583736431,-1.28657,0.15622,7.3572
601,128,0.6182,0.3818,CV,0.9897,0.9948,-5.764964575457905,-5.77608561421974,-0.06485,-0.01184,3.3107
602,74,0.6182,0.3818,CV,3.4363,3.4204,-7.245777314273319,-7.252742763992444,0.40827,-0.12413,90.3532
602,131,0.3361,0.6639,CA,12.8709,12.8217,-75.8839628197446,-74.9880787373986,-1.98938,-0.40418,4.3923
602,127,0.5042,0.4958,CV,8.8428,8.7718,-25.370770559893217,-25.02287648813467,-1.7817,0.1899,7.7511
602,128,0.6182,0.3818,CV,0.8327,0.8335,-2.266086556096704,-2.273947688585004,-0.00895,0.01089,3.3804
603,74,0.6174,0.3826,CV,4.5078,4.4855,-7.251108599924343,-7.2555885346380435,0.5611,-0.09748,89.2436
603,131,0.3101,0.6899,CA,9.468,9.3835,-37.989096336778466,-37.11913872513694,-3.16071,-0.55911,4.525
603,127,0.5272,0.4728,CV,5.4123,5.3178,-10.818858558259736,-10.61936777131416,-1.90014,0.22392,8.3294
603,128,0.6185,0.3815,CV,0.9309,0.9333,-3.1872112413551106,-3.1959797122904945,0.0403,-0.01211,3.3616
604,74,0.5911,0.4089,CV,27.0571,27.0272,-27.02224759089246,-26.917657236003574,2.33139,-0.21439,85.8206
604,131,0.2652,0.7348,CA,8.4724,8.3511,-29.55950154180782,-28.505951933276105,-5.03601,-0.83046,5.0478
604,127,0.5318,0.4682,CV,5.8321,5.7329,-8.30847840804314,-8.094462700790778,-2.13527,0.20613,8.9458
604,128,0.6186,0.3814,CV,0.3406,0.3407,-2.6534860032224334,-2.6623745679616517,0.02818,0.00578,3.3552
605,74,0.5949,0.4051,CV,9.9071,9.7814,-10.924996370784699,-10.875044869801819,2.32397,-0.31568,84.6686
605,131,0.2298,0.7702,CA,7.2988,7.1192,-21.13809919988019,-19.957301088555415,-7.98034,-1.15986,6.0586
605,127,0.5548,0.4452,CV,4.2424,4.1404,-5.952969859356587,-5.824989172901672,-2.03852,0.23849,9.8061
606,74,0.6101,0.3899,CV,3.4355,3.417,-8.309735016587455,-8.317526608310214,1.48678,-0.3992,84.7667
606,131,0.2195,0.7805,CA,5.7409,5.4803,-13.151158278842884,-11.960701399680621,-12.02401,-1.63225,7.7442
606,127,0.5332,0.4668,CV,7.0242,6.9206,-14.290855946436515,-14.042599099324521,-2.52261,0.20712,10.4811
606,128,0.5,0.5,CA,2.5458,2.5468,-4.457702061883573,-4.456741711756517,-0.15294,-0.02419,3.5297
607,74,0.6166,0.3834,CV,4.3954,4.4212,-8.133076448805387,-8.145879982984102,0.71818,-0.40089,85.0747
607,131,0.2599,0.7401,CA,4.1863,3.8463,-7.745283072288588,-6.791629775262946,-16.09819,-1.80809,10.1103
607,127,0.5649,0.4351,CV,3.2975,3.1827,-8.583354947972225,-8.494535402691037,-2.22049,0.27881,11.4627
607,128,0.5776,0.4224,CV,1.1262,1.1303,-3.0045045472002574,-3.0152186677973027,-0.04249,-0.08461,3.4199
608,74,0.618,0.382,CV,3.6514,3.6527,-6.746114019537775,-6.755380766785832,0.25831,-0.42162,84.6142
608,131,0.3121,0.6879,CA,3.0715,2.6183,-4.917999231314357,-4.163862048762748,-19.59989,-1.92062,12.9684
608,127,0.6029,0.3971,CV,1.918,1.941,-7.5401496316188,-7.561549900811668,-1.32104,0.2429,12.3897
608,128,0.6048,0.3952,CV,0.8428,0.845,-1.9684517286321075,-1.9796683463409819,0.05129,-0.04693,3.4238
609,74,0.6181,0.3819,CV,3.9092,3.9049,-6.791910193748266,-6.799583020867842,-0.07445,-0.33133,84.5126
609,131,0.5519,0.4481,CV,0.9063,1.1447,-2.5147567550393317,-2.6860262813039157,-14.13543,-1.08516,14.3031
609,127,0.6142,0.3858,CV,2.154,2.1582,-8.150786260637469,-8.164122914962906,-0.76036,0.29559,12.7522
609,128,0.6134,0.3866,CV,0.8936,0.8901,-1.9995863501238298,-2.0066415297179505,0.10775,-0.05716,3.4259
610,74,0.6181,0.3819,CV,2.6721,2.658,-7.439964539092509,-7.44755500369901,-0.20453,-0.28753,83.8883
610,131,0.6376,0.3624,CV,0.2757,0.6591,-2.2136329121031486,-2.401516618779483,-7.3211,-0.51252,13.3538
610,127,0.614,0.386,CV,3.7603,3.7521,-5.330353235669536,-5.326397982283771,-0.63514,0.20777,12.4442
610,128,0.6181,0.3819,CV,0.604,0.6106,-1.811424650912361,-1.8258541547007667,0.01606,-0.01321,3.4148
610,133,0.7,0.3,CV,0.9554,0.9554,-3.2378974493364625,-3.2378974493364625,0.0,0.0,4.1707
611,74,0.6175,0.3825,CV,4.3148,4.2967,-7.542736339130878,-7.547562722713453,-0.38912,-0.28213,83.6442
611,131,0.6634,0.3366,CV,0.9349,1.1607,-2.3744267306106233,-2.5500077983447214,-1.66318,-0.12537,11.3584
611,127,0.6154,0.3846,CV,3.3767,3.3784,-6.3158533063520865,-6.318040350378746,-0.1778,0.23326,12.1064
611,128,0.6088,0.3912,CV,3.8317,3.8325,-9.334842622734717,-9.30324166878634,-0.2834,-0.05332,3.461
611,133,0.648,0.352,CV,1.0548,1.0548,-2.3999082482196785,-2.412871648019548,-0.071,0.38132,5.5918
612,74,0.6172,0.3828,CV,4.2555,4.2353,-7.111247466385788,-7.115804666041148,-0.35952,-0.21467,84.9805
612,131,0.6444,0.3556,CV,0.653,0.6179,-2.2176718743146506,-2.270681309697629,-1.48165,-0.0615,9.5244
612,127,0.6118,0.3882,CV,3.9436,3.9409,-7.477714316367768,-7.462613021849014,0.35695,0.1474,11.8091
612,128,0.6129,0.3871,CV,0.8115,0.7961,-5.2422621338491355,-5.2415639895569965,-0.22388,-0.04625,3.4801
612,133,0.6417,0.3583,CV,0.9071,0.8939,-2.21573795346869,-2.280071293782635,-0.07861,1.15181,8.0117
613,74,0.6181,0.3819,CV,4.4276,4.4419,-9.122637648105359,-9.131525775611175,0.05383,-0.1074,85.6743
613,131,0.6387,0.3613,CV,1.1128,1.1466,-2.4535383506050032,-2.5099258497917845,-0.22114,0.09835,8.2105
613,127,0.6044,0.3956,CV,4.012,3.9885,-9.832751518639347,-9.79171866814336,0.58984,-0.09795,11.3544
613,128,0.6145,0.3855,CV,1.0729,1.0643,-2.3261109531818454,-2.325885872747114,-0.1995,-0.03018,3.414
613,133,0.6324,0.3676,CV,1.5655,1.5406,-3.0556070040525376,-3.0889244789315278,-0.76712,0.86792,9.2621
614,74,0.618,0.382,CV,2.8148,2.8042,-7.816474120637937,-7.82344292315669,0.17202,-0.04114,86.5863
614,131,0.6298,0.3702,CV,1.0165,1.011,-2.3728863847929853,-2.3995405755220705,-0.02987,0.14416,7.2122
614,127,0.6051,0.3949,CV,3.148,3.1222,-10.096175464260668,-10.069322950958043,0.60886,-0.29642,11.1215
614,128,0.6169,0.3831,CV,0.4227,0.4164,-1.8864611958790896,-1.8940722326166444,-0.1338,-0.04098,3.3775
614,133,0.6321,0.3679,CV,1.0395,0.9735,-2.4684321220327154,-2.5143908692175208,-1.09877,1.02347,9.4532
615,74,0.6173,0.3827,CV,4.9552,4.9392,-7.808799221524996,-7.813004736743312,0.33553,0.01853,88.5776
615,131,0.624,0.376,CV,1.0511,1.0473,-2.649463238525219,-2.664812419981215,0.22463,0.12098,6.3593
615,127,0.6131,0.3869,CV,2.322,2.3202,-6.499957111887897,-6.505453984326008,0.46719,-0.1881,11.1818
615,128,0.6169,0.3831,CV,0.7583,0.7512,-3.013148992441398,-3.0172963581674423,-0.12878,-0.05391,3.3561
615,133,0.6372,0.3628,CV,1.6632,1.6947,-2.9127854995540607,-2.981240244884825,-0.60109,0.8742,9.1497
616,74,0.617,0.383,CV,5.2296,5.2146,-8.769021357904705,-8.773228102499228,0.50526,-0.08374,89.27
616,131,0.621,0.379,CV,1.5857,1.5865,-3.4476837907555735,-3.458536370429311,-0.0256,0.15885,5.8215
616,127,0.6165,0.3835,CV,2.9256,2.9324,-5.416828278367815,-5.424994481775704,0.27104,0.04081,11.3079
616,128,0.6167,0.3833,CV,2.6531,2.6595,-4.742203429738972,-4.745731663051695,0.12408,-0.06002,3.3343
616,133,0.6158,0.3842,CV,1.9955,1.971,-4.053041358850593,-4.022223479919317,-0.59022,1.03406,8.1617
617,74,0.6172,0.3828,CV,4.0014,3.9817,-9.166919589340644,-9.172151879397223,0.52095,-0.11136,89.2527
617,131,0.6193,0.3807,CV,0.9545,0.9486,-2.4032194817205728,-2.411525636939916,0.05738,0.14489,5.2951
617,127,0.615,0.385,CV,4.1741,4.1767,-14.514264566182431,-14.510761692886543,0.29986,-0.09413,10.5543
617,128,0.6174,0.3826,CV,0.7434,0.74,-2.704234151565206,-2.7108975447208667,0.09509,-0.03927,3.2493
617,133,0.63,0.37,CV,0.5894,0.6336,-2.0663400908194935,-2.1278391042909885,-0.28591,0.54256,7.4233
618,74,0.617,0.383,CV,4.4764,4.4495,-10.128394657599971,-10.132404291129921,0.58813,-0.13757,89.4503
618,131,0.6176,0.3824,CV,0.9753,0.9674,-3.4053935824191415,-3.4087674298128454,0.12641,0.13861,4.8984
618,127,0.6031,0.3969,CV,5.5053,5.4914,-10.509635020715306,-10.458709591650493,0.60828,0.09956,10.1817
618,128,0.6156,0.3844,CV,1.5301,1.5264,-2.6473216359303002,-2.6451388712232973,0.16674,-0.01716,3.2548
618,133,0.6295,0.3705,CV,1.6023,1.6274,-3.3895593060094846,-3.4278687367037444,-0.06293,0.04389,6.7811
618,134,0.7,0.3,CV,28.7185,28.7185,-14.81898278716126,-14.81898278716126,0.0,0.0,319.8545
619,74,0.6162,0.3838,CV,5.6956,5.6629,-8.749726952510734,-8.750930586026383,0.74274,-0.13187,89.6807
619,131,0.6169,0.3831,CV,1.0132,1.006,-3.2024703897598217,-3.205568325825468,0.0774,0.15366,4.5892
619,127,0.6053,0.3947,CV,2.7012,2.6706,-7.761142455710186,-7.736697916153215,0.59998,0.11565,10.0666
619,128,0.6181,0.3819,CV,0.365,0.3695,-2.028715548241278,-2.0398371541295752,0.08481,-0.02544,3.2503
619,133,0.622,0.378,CV,1.5296,1.5289,-3.2526119329824184,-3.259605339803688,0.11254,-0.14686,6.1989
619,134,0.6359,0.3641,CV,47.1464,47.1464,-23.201477109648934,-23.161892078769164,-12.8339,2.86412,459.7183
620,74,0.6186,0.3814,CV,3.9117,3.9476,-7.054378274448678,-7.066881808177178,0.17021,-0.16563,90.3891
620,131,0.6173,0.3827,CV,0.6072,0.5993,-2.716508265561205,-2.7222707878750985,0.08956,0.11933,4.3387
620,127,0.6141,0.3859,CV,1.0733,1.0718,-8.745684795667927,-8.755311392620776,0.3863,0.03117,10.0123
620,128,0.6187,0.3813,CV,0.1727,0.1759,-1.9302877315011844,-1.940408355954318,0.04123,-0.01317,3.2291
620,133,0.6176,0.3824,CV,1.109,1.0949,-2.4839052271124906,-2.483697557354275,0.11999,-0.15694,5.8074
620,134,0.5849,0.4151,CV,37.5111,37.1125,-38.122209577200636,-37.96462480367779,-31.88666,2.05003,714.2722
621,74,0.6127,0.3873,CV,17.6737,17.6823,-25.746628904336173,-25.73055748381539,-1.18251,-0.12035,90.6869
621,127,0.6171,0.3829,CV,5.2693,5.288,-10.350559344114668,-10.359479574321918,-0.17988,0.12881,9.6681
621,128,0.6167,0.3833,CV,2.0106,2.012,-3.4356147934874333,-3.43608650609894,-0.07978,-0.09552,3.1486
621,133,0.615,0.385,CV,1.4328,1.4214,-2.789362107372348,-2.784540249469078,0.1011,-0.21349,5.4701
621,134,0.5328,0.4672,CV,32.6063,31.3289,-64.77256439164537,-64.47879359856782,-45.75293,-0.89426,985.9125
621,131,0.6185,0.3815,CV,0.7293,0.7327,-2.0417732293209547,-2.052271298352277,0.0439,0.05667,4.2028
622,74,0.5675,0.4325,CV,33.9336,33.8702,-86.45932656853267,-86.26488433700254,-3.35352,0.08573,87.428
622,127,0.6154,0.3846,CV,2.2792,2.2701,-15.300871614519782,-15.298472170835543,-0.2721,0.05086,9.3114
622,128,0.6159,0.3841,CV,1.2684,1.2643,-2.5348992620446413,-2.5351618884279103,-0.12957,-0.0747,3.1609
622,133,0.6145,0.3855,CV,1.2343,1.2221,-3.378310186440155,-3.3749040896332527,0.07662,-0.22002,5.1895
622,134,0.5075,0.4925,CV,26.9983,24.7491,-84.11306134652133,-83.79381734237825,-55.36865,-0.59772,1226.6496
622,131,0.6173,0.3827,CV,1.1279,1.1247,-2.46381443696397,-2.4671092873742047,0.10085,0.05263,4.0743
623,131,0.6111,0.3889,CV,2.7771,2.7713,-4.863934521668474,-4.843204863763969,0.24169,0.06107,3.9627
623,127,0.6103,0.3897,CV,3.4439,3.4304,-20.920854832920355,-20.89949716234209,-0.43924,-0.0418,9.0736
623,128,0.6188,0.3812,CV,1.0953,1.1031,-2.219497824806543,-2.233199026190528,-0.00735,-0.01508,3.1646
623,133,0.6165,0.3835,CV,0.6146,0.6084,-2.4410623724636786,-2.4471373293695247,0.05359,-0.13783,5.0376
623,134,0.4995,0.5005,CA,26.5623,24.095,-125.80733692393166,-125.49228031881216,-62.78926,-2.68393,1365.4825
624,131,0.6164,0.3836,CV,0.7452,0.7499,-2.6157665458848145,-2.6263621300052256,0.12888,0.04491,3.8077
624,128,0.6187,0.3813,CV,0.3958,0.3959,-1.9274815789606747,-1.936494206134007,0.02173,-0.01105,3.1521
624,133,0.6177,0.3823,CV,0.6796,0.6797,-2.853780084639723,-2.862021859940488,0.03715,-0.10393,4.8174
624,134,0.5446,0.4554,CV,15.0613,12.3372,-143.6004264336165,-143.4779142600686,-57.98491,-4.00013,1401.8683
624,127,0.578,0.422,CV,8.3629,8.3403,-18.29995760742123,-18.15206883406327,-0.94582,0.04905,9.0233
625,127,0.5783,0.4217,CV,6.0176,5.9774,-10.74895490648781,-10.649536122422042,-0.96653,0.119,9.4781
625,128,0.6187,0.3813,CV,0.216,0.2155,-1.8395489924699644,-1.8486364569653893,0.02275,0.00332,3.1407
625,133,0.6167,0.3833,CV,1.1264,1.1212,-2.621519746647146,-2.62380400847142,0.07113,-0.11287,4.7212
625,134,0.5236,0.4764,CV,24.6441,22.3417,-116.38298699164382,-116.11081477824487,-62.34872,-3.46232,1359.1069
625,131,0.616,0.384,CV,1.1344,1.1291,-2.417036801386882,-2.4181320690847006,0.13205,0.07455,3.7671
626,131,0.6138,0.3862,CV,1.7113,1.7042,-2.9247572543267193,-2.917154226985609,0.1569,0.12981,3.6628
626,127,0.4819,0.5181,CA,16.487,16.4328,-42.29996612304109,-41.812275084464254,-1.95002,0.05182,9.8364
626,128,0.6186,0.3814,CV,0.6854,0.686,-1.8717394310515405,-1.8803841254831255,0.01724,-0.00755,3.0709
626,133,0.6179,0.3821,CV,1.572,1.5762,-2.9792152641878236,-2.9876929779162786,0.05896,-0.00905,4.487
626,134,0.422,0.578,CA,36.9382,34.3088,-118.44253217940951,-117.79191923904989,-84.4914,-3.63519,1354.5771
627,131,0.617,0.383,CV,0.405,0.4047,-1.7381484941357814,-1.7473335243203318,0.07624,0.09755,3.583
627,127,0.5382,0.4618,CV,4.6075,4.522,-7.140699912026722,-7.017176199649224,-1.87194,-0.06977,9.8678
627,128,0.6186,0.3814,CV,0.9422,0.9441,-2.9544982679580425,-2.96316556642632,-0.03646,0.02734,3.0908
627,133,0.6185,0.3815,CV,0.2652,0.2674,-2.3596609413916876,-2.36923492747617,0.03997,-0.00854,4.3989
627,134,0.4649,0.5351,CA,20.7689,17.3095,-102.35382522969552,-102.02182063418371,-90.77412,-3.24659,1352.9955
628,131,0.6176,0.3824,CV,0.9268,0.9261,-2.0249283855976614,-2.0319003278148666,-0.00358,0.10417,3.5244
628,127,0.5621,0.4379,CV,4.1056,4.0349,-46.612500391855946,-46.50492208980524,-1.79484,0.07342,9.8778
628,128,0.616,0.384,CV,1.8061,1.8041,-5.52571790046922,-5.52370290295663,-0.1256,0.01412,3.1629
628,133,0.6187,0.3813,CV,0.0477,0.0488,-1.9501577753823303,-1.9596550285546193,0.02402,-0.00317,4.3246
628,134,0.5582,0.4418,CV,7.3025,4.5023,-90.69303255067636,-90.67464996540996,-72.01133,-2.57659,1281.891
628,74,0.5,0.5,CA,126.9071,126.9372,-83.92186795879856,-83.37409395115861,5.37099,0.04842,89.8552
629,131,0.6174,0.3826,CV,1.1132,1.1118,-2.3670612652861007,-2.372129157498347,-0.05686,0.0889,3.5343
629,127,0.5509,0.4491,CV,5.0351,4.9525,-103.01060345228491,-102.82294514393368,-2.1131,0.15626,10.1849
629,133,0.6185,0.3815,CV,0.7133,0.7127,-2.1710671714161527,-2.179259963436681,0.01287,0.00181,4.175
629,134,0.6202,0.3798,CV,2.3637,4.0965,-67.85554007522468,-67.95992239442798,-41.31266,-1.19647,1154.1616
629,74,0.5999,0.4001,CV,17.9553,18.1713,-12.517912549414767,-12.620745019281056,2.46626,0.01271,88.7984
629,128,0.6118,0.3882,CV,2.7229,2.7207,-14.582783082015641,-14.566627504335791,-0.20489,-0.0536,3.0078
630,131,0.6172,0.3828,CV,0.9698,0.9666,-2.509469117820393,-2.5142066624867017,-0.08895,0.07325,3.4592
630,127,0.3564,0.6436,CA,13.7148,13.6079,-111.82549913049226,-110.85877001763643,-4.30621,0.20705,11.2335
630,133,0.6188,0.3812,CV,0.5221,0.5246,-2.3143201899877845,-2.324134056985653,0.00577,-0.01892,4.1369
630,134,0.636,0.364,CV,3.8658,4.5186,-61.167792265109995,-61.24872239223482,-21.24146,-0.39665,990.4281
630,74,0.6115,0.3885,CV,31.1095,31.225,-35.82803558872948,-35.83467337618528,-1.21466,0.18957,92.0004
631,131,0.6154,0.3846,CV,1.5381,1.5334,-3.5990843121336846,-3.5965361672150324,-0.14847,0.05966,3.4657
631,127,0.0904,0.9096,CA,21.8759,21.6542,-87.1628307100787,-84.75521219252506,-10.54425,0.39069,13.5829
631,134,0.638,0.362,CV,3.9043,4.5673,-52.688699488182486,-52.75488919881634,-8.76571,0.05863,851.6977
631,74,0.5997,0.4003,CV,18.5216,18.4504,-18.89418433924576,-18.834158522717324,-2.22377,0.15213,93.6675
631,133,0.6183,0.3817,CV,0.9418,0.9411,-2.9877065371423486,-2.9948398021612306,0.04894,-0.03866,4.0267
632,131,0.6131,0.3869,CV,1.8406,1.8325,-4.598915466377145,-4.589110144872622,-0.19161,0.04981,3.532
632,127,0.3395,0.6605,CA,6.6531,6.421,-21.03261677651619,-20.64219459911017,-12.29676,0.50427,16.2917
632,134,0.6337,0.3663,CV,5.6128,5.9277,-42.533623454471105,-42.577965915331866,-1.64501,0.19912,736.1522
632,74,0.6053,0.3947,CV,7.3066,7.1827,-16.06417944794254,-16.04490484897616,-1.95234,0.07568,94.9151
632,133,0.6185,0.3815,CV,0.5209,0.5219,-2.169868193464385,-2.1789957264565554,0.04032,-0.02685,4.0065
633,131,0.6068,0.3932,CV,2.9955,2.9856,-5.75289812961618,-5.720381338032984,-0.30653,0.04394,3.4993
633,127,0.2916,0.7084,CA,9.3751,8.9949,-82.44359917045094,-81.48045046625656,-16.68227,0.41508,20.1018
633,134,0.6274,0.3726,CV,6.5152,6.5497,-30.772596471063657,-30.796654640019135,1.38316,0.23565,647.7481
633,74,0.612,0.388,CV,3.0069,2.9003,-14.092606199072941,-14.093199259764589,-1.42311,0.07162,96.4109
633,133,0.6187,0.3813,CV,0.6632,0.6644,-2.6179141100536727,-2.6270981356183336,0.02399,0.01126,3.9129
634,131,0.6103,0.3897,CV,1.3064,1.2926,-2.922192424216343,-2.913493727721699,-0.26912,-0.00685,3.4851
634,127,0.0475,0.9525,CA,15.4394,14.8678,-41.20683253000032,-38.2003009548784,-35.67856,0.74132,29.3665
634,134,0.6245,0.3755,CV,5.954,6.0306,-19.531778417819282,-19.552830203571506,-0.72209,0.22904,575.9886
634,74,0.6177,0.3823,CV,3.4498,3.5155,-17.871951987847538,-17.886682874430917,-0.62684,0.15137,97.2406
634,133,0.6187,0.3813,CV,0.2848,0.2836,-2.3135003736345174,-2.3226618598102746,0.00995,0.02002,3.8411
635,131,0.6079,0.3921,CV,2.1477,2.1351,-3.8331592698243258,-3.8089345499700675,-0.30915,0.04285,3.4294
635,127,0.3558,0.6442,CA,3.8855,3.4914,-51.14230515708804,-50.885270002127186,-37.33082,0.23061,34.136
635,134,0.6173,0.3827,CV,18.5321,18.5684,-27.94404410878627,-27.938623983757964,3.12468,0.16921,521.5091
635,74,0.6182,0.3818,CV,1.8884,1.8685,-13.615739632637188,-13.624300725911635,-0.42468,0.20385,98.6213
635,133,0.6188,0.3812,CV,0.2442,0.2449,-1.8299139330043925,-1.8396200501874644,0.00025,-0.00413,3.7908
636,127,0.2986,0.7014,CA,5.9742,4.9117,-38.93731307087199,-37.98500771078387,-44.11583,-0.0855,48.3512
636,134,0.6125,0.3875,CV,13.5443,13.3783,-19.62493581627222,-19.609750146032667,3.70801,0.1402,481.82
636,74,0.6176,0.3824,CV,4.5959,4.573,-11.502552904770333,-11.507777678016456,-0.58788,0.14172,99.686
636,131,0.6126,0.3874,CV,0.8112,0.7978,-2.1240999614967024,-2.1236332323987446,-0.24271,-0.00234,3.4063
636,133,0.6174,0.3826,CV,1.4096,1.4084,-2.5271239726519,-2.530401458694498,-0.00601,-0.02975,3.6133
637,127,0.2549,0.7451,CA,6.5882,5.2609,-20.816560258245886,-19.725897440531845,-57.90679,-0.53254,63.9804
637,134,0.6055,0.3945,CV,19.2244,19.0317,-12.474606464272176,-12.437517058479976,4.50518,0.06697,445.1204
637,74,0.6172,0.3828,CV,4.4786,4.4458,-10.91522477186427,-10.919443103440091,-0.66405,0.13796,100.8077
637,128,0.5,0.5,CA,6.0835,6.0841,-13.263880043035917,-13.256604660358533,0.10573,0.10488,3.191
637,131,0.6172,0.3828,CV,0.9451,0.9487,-2.7329362372667405,-2.744464011002691,-0.10733,-0.03038,3.3298
637,133,0.6176,0.3824,CV,0.7824,0.7793,-1.8106947904971946,-1.8172819762700883,0.04568,-0.04811,3.509
638,127,0.745,0.255,CV,10.4747,12.1459,-34.85166794548155,-35.96713767806531,5.68786,-1.06354,58.7663
638,134,0.6193,0.3807,CV,17.0664,17.2821,-18.837344037266465,-18.868545495405915,1.0213,0.19145,421.172
638,74,0.6173,0.3827,CV,3.6537,3.6213,-8.153902721167704,-8.159412970003425,-0.59314,0.2371,101.6977
638,128,0.5768,0.4232,CV,2.6242,2.6303,-6.930216208429222,-6.937387450384511,-0.07956,0.04378,2.8454
638,131,0.6189,0.3811,CV,0.8908,0.8953,-1.8802727912465123,-1.892738664787068,0.0058,0.01134,3.2766
638,133,0.6179,0.3821,CV,0.7168,0.7138,-1.7491262350926822,-1.7565263593352773,0.03735,-0.08654,3.4326
639,127,0.5918,0.4082,CV,7.1658,7.1335,-24.828641251756768,-24.533190307107397,15.61286,-0.73225,46.5151
639,134,0.6191,0.3809,CV,7.1124,7.1355,-14.614978127619008,-14.625027371584448,0.08486,0.17982,401.1311
639,74,0.6176,0.3824,CV,3.7287,3.711,-7.583010425542799,-7.58964943518547,-0.40575,0.36893,103.4574
639,128,0.603,0.397,CV,0.7445,0.74,-3.3303198070457087,-3.335187332169329,-0.10724,0.04024,2.8025
639,131,0.6186,0.3814,CV,0.8966,0.8963,-2.3824269034019343,-2.390684209813589,0.07809,-0.00138,3.2322
639,133,0.6187,0.3813,CV,0.7812,0.7838,-1.987921143199356,-1.9984096061623655,0.01846,-0.05942,3.4185
640,131,0.0,1.0,CA,370.7823,370.778,-70644.83503610236,-70069.96998107038,32.04209,0.14921,3.3841
640,127,0.5865,0.4135,CV,3.5993,3.2973,-5.242778584882277,-5.156976021247651,12.39837,-0.73896,41.8162
640,134,0.6189,0.3811,CV,3.5759,3.5718,-15.05037945814085,-15.059629729457015,0.33287,0.09483,381.8509
640,74,0.6175,0.3825,CV,3.6046,3.5753,-7.229892708351963,-7.235589304420676,-0.42038,0.35227,105.4199
640,128,0.6141,0.3859,CV,0.9552,0.96,-4.878105456280913,-4.890845334454166,-0.0216,-0.0036,2.846
640,133,0.6188,0.3812,CV,0.7899,0.7915,-1.8658373799969765,-1.8754282422353077,0.05244,-0.00316,3.3195
641,134,0.6177,0.3823,CV,11.3281,11.3158,-9.575033945216626,-9.57961331729839,-0.05972,0.03746,375.5293
641,74,0.6169,0.3831,CV,5.9895,5.9665,-9.22214149934846,-9.22549919505085,-0.64136,0.21581,106.7303
641,128,0.612,0.388,CV,2.4847,2.483,-4.6972232848059825,-4.684971489143218,-0.09138,0.10677,2.9761
641,127,0.6388,0.3612,CV,6.5953,7.0537,-11.361303392069075,-11.504118738962319,-2.9853,-0.12727,38.8734
642,134,0.618,0.382,CV,3.6693,3.6474,-9.854699595815184,-9.862425106378536,0.0988,-0.1222,365.8769
642,74,0.6173,0.3827,CV,4.6341,4.6213,-9.425510763647106,-9.431527975589265,-0.39323,0.36682,109.5711
642,128,0.6135,0.3865,CV,1.2042,1.1949,-2.6054362089764926,-2.602261316752116,-0.12006,0.07626,3.0476
642,127,0.6337,0.3663,CV,4.899,4.9247,-14.334354929192116,-14.377681866001467,-0.42436,-0.41477,32.9754
643,134,0.6181,0.3819,CV,3.2137,3.1901,-9.12190603710776,-9.129461793429797,-0.07169,-0.08724,358.3978
643,74,0.6168,0.3832,CV,7.1007,7.0834,-12.740194761238516,-12.743156150505412,-0.19963,0.39548,114.9226
643,128,0.617,0.383,CV,1.1757,1.1802,-2.5352459636885705,-2.5449490355063107,-0.00198,0.06343,3.0762
644,134,0.6155,0.3845,CV,22.5449,22.5456,-12.818231310972273,-12.814874465451119,-1.49184,-0.06256,348.2357
644,74,0.6161,0.3839,CV,6.8977,6.8624,-15.730734817258558,-15.731871036013622,-0.14643,0.38164,121.1361
644,128,0.618,0.382,CV,0.178,0.179,-1.959379603553616,-1.9680607908480625,-0.01153,0.03681,3.1041
645,134,0.6186,0.3814,CV,12.0903,12.1672,-9.243962457679288,-9.257236148063424,-0.07113,-0.16088,341.2425
645,74,0.6124,0.3876,CV,16.9856,16.9438,-31.585661716754203,-31.57191119704672,-0.32967,0.46349,133.3149
645,128,0.6174,0.3826,CV,1.4293,1.4297,-3.6468648503546355,-3.6515381733362915,0.08406,0.03505,3.1348
646,134,0.6175,0.3825,CV,14.2147,14.2171,-9.79660853728425,-9.800858422252887,0.90026,-0.23145,338.6803
646,74,0.6138,0.3862,CV,7.8893,7.8217,-30.58923191575051,-30.587047349514386,-0.38738,0.4812,142.2377
646,128,0.6155,0.3845,CV,1.5695,1.5649,-2.8194737717177016,-2.816974247438112,0.13244,0.08444,3.1677
647,134,0.6145,0.3855,CV,18.424,18.3744,-10.941977203194803,-10.934908782382518,1.76811,-0.29574,335.9382
647,74,0.6147,0.3853,CV,7.2554,7.1938,-31.845986425666027,-31.8454355993593,-0.39131,0.43719,151.1532
647,128,0.617,0.383,CV,0.4963,0.4914,-1.9317986004366186,-1.9385506200389453,0.11014,0.0395,3.2004
648,134,0.6092,0.3908,CV,23.8831,23.788,-18.3867864179949,-18.362306667932014,2.69291,-0.29299,332.891
648,74,0.6161,0.3839,CV,5.9455,5.9213,-32.91886680082524,-32.923000959664556,-0.52486,0.34128,158.2619
648,128,0.6181,0.3819,CV,0.2979,0.2963,-2.0303956425251135,-2.0392954068068243,0.07614,0.00834,3.2305
648,133,0.5,0.5,CA,81.8608,81.8607,-515.8317525587144,-513.5399075633601,1.89408,-0.52146,3.4972
649,134,0.6033,0.3967,CV,26.219,26.0793,-26.86144071885411,-26.819851467667085,3.52253,-0.20767,326.2997
649,74,0.617,0.383,CV,7.9,7.9008,-27.879632131565362,-27.885366832071952,-0.59933,0.25211,161.6492
649,128,0.6185,0.3815,CV,0.1659,0.1643,-1.9666119191527554,-1.9759289624761993,0.04791,0.01229,3.2573
649,133,0.6023,0.3977,CV,1.8236,1.9021,-3.2730196624231676,-3.385626902427126,1.12344,-0.37551,3.3802
650,134,0.6167,0.3833,CV,44.768,44.9547,-21.408189818346123,-21.431700348830233,-1.31307,0.10911,328.9987
650,74,0.6171,0.3829,CV,5.8386,5.8053,-26.94515072982776,-26.94990871355958,-0.6435,0.38019,169.0198
650,128,0.6185,0.3815,CV,0.803,0.8036,-2.1778499373372764,-2.186234055989532,0.02786,-0.04822,3.2809
650,133,0.6387,0.3613,CV,5.1814,5.24,-13.137240808950938,-13.25632404330568,-0.2122,-0.01144,3.4278
651,134,0.615,0.385,CV,14.1738,14.105,-13.039498638923344,-13.0359113469373,-1.66671,0.27351,333.7204
651,74,0.6145,0.3855,CV,17.8597,17.849,-22.781595673230115,-22.775391157632058,-0.40235,0.67805,165.671
651,128,0.6163,0.3837,CV,1.6238,1.6211,-3.748921406902209,-3.748344200912544,0.01484,-0.1317,3.24
651,133,0.552,0.448,CV,6.4281,6.4208,-20.427230397056103,-20.131441967313428,-1.08274,0.29046,3.424
651,131,0.5,0.5,CA,615.2249,615.2786,-515.3971881165234,-508.58810170257567,-29.00283,0.06895,10.6859
652,134,0.615,0.385,CV,11.8903,11.8117,-11.208158552966072,-11.206932556160805,-1.41051,0.32441,341.9601
652,74,0.6154,0.3846,CV,9.6955,9.6625,-20.447666759048538,-20.448862687717615,-1.01,0.56127,170.7483
652,128,0.6179,0.3821,CV,0.4458,0.4457,-1.8466196091188334,-1.8559586929165508,0.00691,-0.0933,3.2873
652,133,0.4079,0.5921,CA,7.0617,6.9998,-25.139607063077403,-24.389893799496924,-1.94509,0.60059,3.6117
653,134,0.6157,0.3843,CV,7.777,7.6813,-11.588791951853059,-11.59088332311854,-1.19067,0.27067,348.3705
653,128,0.6169,0.3831,CV,1.1869,1.1829,-3.027240342646784,-3.029804474681332,0.05144,-0.11492,3.2597
653,133,0.367,0.633,CA,5.3734,5.2642,-15.114481700333943,-14.397666573511199,-2.91674,0.93297,3.9969
654,134,0.6171,0.3829,CV,3.6216,3.5632,-12.557798228684698,-12.564366147085448,-0.73547,0.24267,353.901
654,128,0.617,0.383,CV,0.6839,0.6768,-1.8549417498544893,-1.8596576423469158,0.04355,-0.11578,3.2416
654,133,0.3058,0.6942,CA,5.9554,5.8208,-16.920800245215172,-15.987296157255225,-4.57843,1.56086,4.6842
655,134,0.5944,0.4056,CV,65.0886,65.049,-31.37714654681491,-31.286961564637725,-4.50517,0.41033,357.5875
655,128,0.6149,0.3851,CV,1.7291,1.7249,-3.233538708817849,-3.2292456337351085,0.12367,-0.1336,3.2975
655,133,0.3166,0.6834,CA,4.4936,4.3023,-9.620135764941384,-8.822666592948572,-6.48474,2.20128,5.6427
655,131,0.5,0.5,CA,204.1888,204.8851,-398.10437229454277,-342.89514926313086,181.65693,-0.50217,14.0771
655,74,0.5,0.5,CA,34.8933,34.8558,-13.69882378481125,-13.657317075226727,-2.34094,-0.23093,188.6099
656,134,0.6074,0.3926,CV,7.3813,7.1721,-9.152334713367743,-9.149736626031784,-3.25102,0.30894,360.6192
656,128,0.615,0.385,CV,1.1473,1.1392,-2.2742979665057805,-2.2731452984477767,0.10311,-0.14955,3.2655
656,133,0.3342,0.6658,CA,3.7861,3.5499,-7.044219127914342,-6.3117646394120515,-8.58952,2.71758,7.0542
656,131,0.8252,0.1748,CV,5.07,10.9885,-5.715842653741721,-6.96567193219075,-10.39119,-0.07657,39.7785
656,74,0.5737,0.4263,CV,21.015,21.0327,-19.81197530502625,-19.80680443462191,-2.29045,0.20042,195.2013
657,134,0.6171,0.3829,CV,11.4262,11.5853,-11.356774127571299,-11.375828813533024,-1.15659,0.31494,369.6504
657,128,0.6159,0.3841,CV,2.108,2.1111,-3.5709272717375944,-3.5738185977473984,-0.0864,-0.12942,3.2438
657,133,0.4202,0.5798,CA,2.2387,1.9594,-3.605571304312036,-3.215710355194963,-9.45496,2.78849,8.5013
657,131,0.6502,0.3498,CV,3.4169,3.3403,-5.0901809755430785,-4.915358148256906,-12.62131,-0.06323,17.6641
657,74,0.5981,0.4019,CV,11.4273,11.3033,-16.472756068246824,-16.46146614228291,-2.22438,0.30577,204.7558
658,134,0.6176,0.3824,CV,22.9968,23.0542,-14.767206753360169,-14.773918367858453,0.94468,0.30939,379.6425
658,128,0.6128,0.3872,CV,1.8037,1.7957,-3.0565900488018185,-3.044923727838072,-0.15707,-0.15831,3.2385
658,133,0.5256,0.4744,CV,1.236,1.0447,-3.107924728550286,-3.0217389050513273,-8.11728,2.18835,9.5027
658,131,0.6402,0.3598,CV,1.1755,1.1097,-2.7246524474525775,-2.7791481994600904,-7.22482,-0.08019,12.9629
658,74,0.6053,0.3947,CV,16.0595,15.9573,-22.50461070978833,-22.487802101065892,-1.9219,0.42931,218.728
659,134,0.6131,0.3869,CV,25.6744,25.6197,-11.241534270030758,-11.228663092489256,2.32344,0.45998,386.3125
659,128,0.6135,0.3865,CV,1.3533,1.3451,-2.7268270684883915,-2.722649283092562,-0.17743,-0.11081,3.2946
659,133,0.5973,0.4027,CV,0.6214,0.5559,-2.56401391021582,-2.6189542564337915,-5.50333,1.36715,9.4724
659,131,0.6088,0.3912,CV,1.3337,1.1329,-2.614291168654424,-2.5497942623839083,-6.23611,-0.07863,10.8612
659,74,0.6145,0.3855,CV,6.8408,6.8796,-15.700393766472803,-15.711616542596454,-1.35447,0.26971,220.4026
660,134,0.6098,0.3902,CV,23.0549,22.9249,-14.542919227680724,-14.522946875964598,2.9934,0.47048,392.6647
660,128,0.6169,0.3831,CV,0.9701,0.9722,-2.125567313609204,-2.1346245471035683,-0.1316,-0.01111,3.2604
660,131,0.5741,0.4259,CV,1.6823,1.4607,-3.2536226377842232,-3.0919935983807143,-6.31078,-0.04603,9.833
660,74,0.6165,0.3835,CV,14.5003,14.5254,-12.156391763366159,-12.162587029296834,-0.82411,0.14124,213.5546
660,133,0.6273,0.3727,CV,2.1977,2.2189,-6.462878649004185,-6.540315838669439,-2.8965,1.05407,8.8514
661,134,0.6071,0.3929,CV,24.0199,23.8613,-20.25289290598134,-20.22640435284928,3.5318,0.28714,394.8323
661,128,0.6165,0.3835,CV,1.0684,1.0638,-2.9169514240768097,-2.9194564692643086,-0.1287,-0.04942,3.2971
661,131,0.6216,0.3784,CV,1.2189,1.2606,-2.6603270292421812,-2.747363529839475,-3.49444,0.03395,8.8869
661,74,0.6116,0.3884,CV,17.7699,17.7246,-10.928461649433036,-10.910740612716195,-0.69691,-0.31627,204.6387
661,133,0.6293,0.3707,CV,1.103,1.0882,-3.046816901972054,-3.0885348268952977,-1.61486,0.73125,7.9718
662,134,0.6036,0.3964,CV,25.851,25.6658,-30.382294170186686,-30.344751548062252,4.09292,0.43108,392.964
662,128,0.6184,0.3816,CV,0.5726,0.5785,-2.510562829954023,-2.5218850095834835,-0.03988,-0.03257,3.3235
662,131,0.6276,0.3724,CV,1.179,1.1655,-3.246934463068215,-3.289474063225227,-2.10401,0.09879,7.7908
662,74,0.615,0.385,CV,4.7076,4.6006,-9.496272876863102,-9.50035746995581,-0.43262,-0.15682,202.0608
663,134,0.5975,0.4025,CV,29.3483,29.1533,-33.8516734689402,-33.79409423722621,4.67081,0.03771,380.74
663,128,0.618,0.382,CV,1.2987,1.3002,-3.018924309065051,-3.0254871382486024,0.03992,0.01328,3.3935
663,131,0.6284,0.3716,CV,0.2797,0.2434,-1.9610708008592745,-1.9985629683566681,-1.30535,0.04399,6.8674
663,74,0.6179,0.3821,CV,2.4467,2.3738,-10.789524388500244,-10.800496706243457,-0.341,-0.25616,199.7096
664,134,0.5909,0.4091,CV,27.0648,26.8376,-44.43461384552437,-44.35879681721357,4.83751,-0.70498,363.3357
664,128,0.6187,0.3813,CV,0.5408,0.5447,-2.3737421939372987,-2.383707911712853,0.00796,0.00842,3.3728
664,131,0.627,0.373,CV,0.3408,0.3281,-1.9533471486354845,-1.9834317504561674,-0.80154,0.00329,6.1457
664,74,0.6158,0.3842,CV,8.6412,8.5751,-9.191727094309323,-9.189746524102182,-0.30714,-0.2419,190.6773
665,134,0.5843,0.4157,CV,22.1067,21.7982,-61.82663098936682,-61.73295491083783,5.82348,-0.79921,350.1284
665,128,0.6162,0.3838,CV,2.0371,2.0367,-4.001486427120227,-4.0000725245268445,0.1416,0.01635,3.366
665,74,0.6185,0.3815,CV,5.1168,5.129,-10.060622865954684,-10.073142758129652,-0.1446,-0.60605,186.2275
665,131,0.6272,0.3728,CV,0.9095,0.9323,-2.1900026922125053,-2.2229353648031944,-0.22944,-0.04677,5.5859
666,134,0.594,0.406,CV,17.2185,17.0136,-94.64304642135502,-94.59932332674784,5.95726,-0.18991,346.1129
666,128,0.6182,0.3818,CV,1.0676,1.0719,-6.278006506050789,-6.288721419597676,0.0375,0.00025,3.314
666,131,0.6235,0.3765,CV,0.7959,0.7939,-2.4610975789737943,-2.47795435542616,-0.11818,-0.08159,5.1485
666,74,0.6197,0.3803,CV,11.0576,11.1118,-13.537287001518681,-13.550995246713867,0.09764,0.19416,186.5031
667,128,0.6182,0.3818,CV,0.6146,0.6116,-3.073152760505616,-3.080781191218636,0.05866,-0.01678,3.2922
667,131,0.6214,0.3786,CV,0.5037,0.4986,-3.3850004312198285,-3.3983773034304194,-0.09014,-0.07904,4.8101
667,74,0.6186,0.3814,CV,5.7961,5.7824,-15.295220728107692,-15.302545760485504,-0.12556,0.25331,185.4636
668,128,0.6161,0.3839,CV,1.9785,1.9782,-4.128667786255108,-4.1276905310383025,0.14218,-0.00371,3.4037
668,131,0.6204,0.3796,CV,0.8433,0.8462,-2.153337440835361,-2.165715555371145,0.01759,-0.04534,4.6202
668,74,0.6187,0.3813,CV,9.5184,9.5464,-10.685885809707717,-10.695224385509526,-0.19039,0.02428,175.4804
669,128,0.6153,0.3847,CV,1.3226,1.3158,-2.6970420095416214,-2.6957395904072525,0.1672,-0.03427,3.4057
669,131,0.6197,0.3803,CV,0.2905,0.2905,-1.9909935994203454,-2.0019648934322465,0.01148,-0.01465,4.4535
669,74,0.6183,0.3817,CV,7.3556,7.3632,-14.552284777237503,-14.55975531435319,-0.37975,0.29208,174.4428
