frame,track_id,mu_CV,mu_CA,dominant,nu_CV_norm,nu_CA_norm,L_CV,L_CA,ax,ay,P_trace
2,6,0.6457,0.3543,CV,37.3698,37.3698,-12.505357936742417,-12.508249684758022,-5.59137,2.0191,1359.7801
2,7,0.6466,0.3534,CV,0.7551,0.7551,-7.625285959945776,-7.632447975416329,0.0,-0.08062,105.7411
3,6,0.6163,0.3837,CV,45.9647,45.7391,-13.249173036133321,-13.208063397634874,-24.46592,6.62999,1980.5955
3,7,0.6407,0.3593,CV,1.9859,1.9828,-6.7193072915275724,-6.781083063386818,-1.1111,-0.08712,147.5756
4,6,0.5744,0.4256,CV,53.689,52.597,-15.754161637051723,-15.582643322570872,-48.54457,19.19384,2594.5858
4,7,0.6475,0.3525,CV,2.0099,1.9961,-6.618253898320212,-6.718960668046187,-2.09134,0.23072,174.5007
5,6,0.4762,0.5238,CA,70.7257,68.3729,-17.18679320909526,-16.68188129041127,-77.08355,29.05769,3169.4875
5,7,0.6486,0.3514,CV,1.2369,1.2219,-6.95210486468946,-7.047282065176041,-1.35996,-0.2454,181.9795
6,6,0.3558,0.6442,CA,77.5745,73.605,-22.000908575821803,-21.13878647393491,-118.46395,42.35387,3725.7591
6,7,0.6411,0.3589,CV,2.8247,2.7768,-7.119427823955092,-7.180287871371423,-1.2443,0.35466,178.4563
7,6,0.3868,0.6132,CA,51.9022,47.1047,-26.31344868880191,-25.754699748285127,-146.2258,51.73417,3929.7492
7,7,0.6347,0.3653,CV,4.3947,4.441,-7.093260792618509,-7.1375817717694305,0.39554,0.64405,169.1043
8,6,0.504,0.496,CV,21.2954,17.0467,-29.98242810850431,-29.856541266531675,-134.45727,43.55405,3704.5385
8,7,0.6291,0.3709,CV,1.4711,1.4428,-6.7935793342796575,-6.823414655919175,0.47274,0.30216,158.7004
9,6,0.5958,0.4042,CV,12.3774,11.9803,-36.86301521855702,-36.94286857093613,-90.91896,25.07951,3195.9808
9,7,0.6252,0.3748,CV,2.904,2.9084,-6.856533677267682,-6.877691998267729,0.50379,0.21861,147.1996
10,6,0.6382,0.3618,CV,9.9472,11.1327,-43.01592131960366,-43.1425628076622,-45.92914,9.2016,2586.3495
10,7,0.6227,0.3773,CV,2.5782,2.5871,-6.925633596762402,-6.9423669730857815,0.18162,0.14781,136.5077
11,6,0.6459,0.3541,CV,10.9363,11.6175,-42.20809461284488,-42.30523991513578,-18.61079,0.45278,2044.1492
11,7,0.6212,0.3788,CV,1.5537,1.5549,-7.0839587623305755,-7.097587380787926,0.05992,-0.02396,127.6273
12,6,0.6399,0.3601,CV,12.6674,12.9152,-38.73482845615965,-38.79443567593218,-4.74091,-2.84847,1634.6106
12,7,0.6201,0.3799,CV,1.3573,1.3482,-7.133386155870295,-7.144714367162157,0.01072,-0.08904,119.7377
13,6,0.6254,0.3746,CV,16.8043,16.6079,-22.52331469340958,-22.52927113165347,-9.59038,-1.28093,1326.5615
13,7,0.6195,0.3805,CV,0.8283,0.8207,-7.462277097648587,-7.472678778608266,-0.00955,-0.10931,113.1916
14,6,0.6159,0.3841,CV,30.3909,30.7086,-30.73582264431431,-30.723130448890007,6.19104,-4.34335,1123.2776
14,7,0.6191,0.3809,CV,2.1433,2.1486,-6.72037028476292,-6.729961368064981,-0.01742,-0.10987,108.8006
15,6,0.6022,0.3978,CV,21.1261,20.6929,-27.567225684650023,-27.511174101181638,9.05126,-4.51983,972.5695
15,7,0.6188,0.3812,CV,0.6007,0.5948,-6.73291597298884,-6.74195213308306,-0.01987,-0.10384,104.4861
16,6,0.6013,0.3987,CV,15.5424,15.0097,-23.847418882430148,-23.807643320934368,8.52543,-3.94139,861.8413
16,7,0.6184,0.3816,CV,3.8066,3.8067,-6.865155317578134,-6.87289423090294,-0.11208,-0.11961,99.1384
17,6,0.5981,0.4019,CV,17.9027,17.417,-18.584990879954574,-18.533332443518322,8.55053,-3.5746,772.2884
17,7,0.6181,0.3819,CV,5.0114,5.015,-6.98004162408676,-6.987049527676448,-0.27977,-0.12994,97.5974
18,6,0.6124,0.3876,CV,6.0739,6.0169,-25.202482861817412,-25.2153374211532,5.09567,-2.66878,697.5116
18,7,0.6185,0.3815,CV,0.8756,0.8876,-6.616067407890239,-6.625254953541383,-0.14375,-0.02442,95.2986
19,6,0.6143,0.3857,CV,7.6857,7.4452,-22.051912286194582,-22.05194467791852,3.69224,-2.17796,637.5798
19,7,0.6185,0.3815,CV,0.7054,0.7048,-6.603951157140344,-6.612620060827791,-0.06637,-0.01292,93.4383
20,6,0.6141,0.3859,CV,9.1228,8.905,-22.2492653309509,-22.245474636764847,3.12339,-1.94953,584.7595
20,7,0.6183,0.3817,CV,2.3755,2.3713,-6.7466511291029745,-6.7544164617984785,-0.02264,-0.06641,92.8992
21,6,0.6144,0.3856,CV,9.0201,8.8431,-23.763037372891766,-23.760756805194106,2.70745,-1.74413,536.1766
21,7,0.6185,0.3815,CV,1.4087,1.4143,-6.8935813701028055,-6.902289715765725,-0.08391,-0.0099,91.5053
22,6,0.6142,0.3858,CV,9.4752,9.3118,-21.122960213309575,-21.119213444807023,2.37487,-1.58156,498.4729
22,7,0.6184,0.3816,CV,1.6697,1.6653,-6.740901679214516,-6.749098236639532,-0.14924,0.03326,90.71
23,6,0.614,0.386,CV,9.871,9.7217,-19.599483416535325,-19.5954352040355,2.21319,-1.3118,466.8761
23,7,0.6185,0.3815,CV,1.3385,1.3353,-6.72598244694097,-6.734527539470682,-0.10683,0.1056,90.1346
24,6,0.6137,0.3863,CV,10.4805,10.3413,-17.32773820247744,-17.322810040605006,2.0869,-1.13195,440.7578
24,7,0.6181,0.3819,CV,4.2343,4.2314,-7.409703889731999,-7.41646818209556,-0.22479,-0.01458,91.2288
25,6,0.6145,0.3855,CV,8.6035,8.4733,-16.19798547641966,-16.19669280926582,1.85516,-0.87373,418.381
25,7,0.6175,0.3825,CV,4.7352,4.7226,-8.726624278079743,-8.731771111819597,-0.4243,-0.07557,91.4588
26,6,0.6146,0.3854,CV,9.9484,9.8395,-14.348186619842348,-14.346056267983382,1.78846,-0.583,400.6067
26,7,0.6173,0.3827,CV,4.4788,4.4628,-9.072745922091848,-9.077810571718747,-0.49731,-0.10622,90.4699
27,6,0.6156,0.3844,CV,6.9353,6.8314,-12.035913690154889,-12.038193865229788,1.48841,-0.36997,385.6051
27,7,0.6175,0.3825,CV,4.042,4.0296,-7.572979673226033,-7.578944146054012,-0.42029,-0.18498,92.046
28,6,0.6154,0.3846,CV,18.5411,18.5346,-11.336047047830085,-11.33586952629501,0.34883,-0.30538,385.0678
28,7,0.6167,0.3833,CV,5.7108,5.6856,-7.419916734378505,-7.4222592407293515,-0.59454,-0.25083,92.8564
29,6,0.6157,0.3843,CV,10.7986,10.74,-9.20151705323197,-9.202890390419547,0.76969,-0.09248,379.8578
29,7,0.6173,0.3827,CV,2.8032,2.7732,-7.409637020313469,-7.415672314364384,-0.49911,-0.24627,92.9161
30,6,0.6162,0.3838,CV,7.3484,7.2711,-8.989246047121691,-8.99212940004351,0.62189,-0.20098,377.0147
30,7,0.6176,0.3824,CV,3.1095,3.0875,-8.108798261706447,-8.11533907077456,-0.45726,-0.17934,92.5587
31,6,0.616,0.384,CV,10.9513,10.8925,-9.504844247316203,-9.50605498955167,0.40083,0.05451,381.8694
31,7,0.6173,0.3827,CV,5.0495,5.0314,-8.183957620653398,-8.188629932130397,-0.53383,0.03178,91.6383
32,6,0.6141,0.3859,CV,19.6042,19.5379,-14.216190455231692,-14.209746738521114,0.13891,0.36977,398.1419
32,7,0.6183,0.3817,CV,2.0236,2.0265,-7.283744331591319,-7.293514597120138,-0.30367,0.16615,91.9694
33,6,0.614,0.386,CV,15.8926,15.8031,-19.256111249335337,-19.25218073863715,0.48574,0.53301,413.7819
33,7,0.6188,0.3812,CV,4.4224,4.4365,-7.6795747570847,-7.689464154282255,0.12325,0.19266,92.516
34,6,0.6151,0.3849,CV,15.1749,15.1338,-26.948253187648167,-26.949222696832564,0.94532,0.78006,419.1185
34,7,0.6184,0.3816,CV,3.2926,3.2818,-7.354153149900436,-7.361991678967729,0.26934,0.2088,92.0059
35,6,0.6141,0.3859,CV,18.714,18.6324,-43.54022166839847,-43.53535808337415,1.38119,0.68034,437.1678
35,7,0.6181,0.3819,CV,3.3904,3.3717,-8.078378711687076,-8.085292770718583,0.30988,0.26393,91.0115
36,6,0.6161,0.3839,CV,26.7404,26.7854,-29.257640419493857,-29.26249115150216,-0.56643,0.7789,456.1285
36,7,0.618,0.382,CV,3.8187,3.804,-6.947108533811559,-6.954079921034666,0.31464,0.10792,89.1879
37,6,0.616,0.384,CV,12.9294,12.8596,-32.74300652303742,-32.74468254896715,-0.88918,0.723,476.4423
37,7,0.6176,0.3824,CV,3.8647,3.8387,-7.051385896656397,-7.05691519466509,0.41289,0.15826,87.5111
38,6,0.6157,0.3843,CV,16.0619,15.995,-41.153794729118246,-41.154261575947864,-0.64916,0.52485,509.8459
38,7,0.6185,0.3815,CV,2.341,2.3395,-6.773744659784406,-6.783630999078063,0.38195,0.07309,87.3185
39,6,0.6145,0.3855,CV,23.4582,23.3759,-43.861510989387995,-43.85736442332185,-0.27534,0.48094,557.8368
39,7,0.6185,0.3815,CV,2.4432,2.426,-7.658534039476331,-7.667041366152274,0.32898,0.16452,85.8826
40,6,0.6148,0.3852,CV,18.0509,17.9475,-35.56548139887376,-35.56429113056089,0.05132,0.78529,601.2603
40,7,0.6186,0.3814,CV,3.3977,3.4003,-6.828580434542355,-6.837585094697954,0.27264,0.10734,86.1637
41,6,0.6157,0.3843,CV,18.7986,18.7535,-30.07750431521552,-30.079526851205856,0.62384,1.2071,630.0811
41,7,0.6187,0.3813,CV,5.0603,5.0726,-7.184558296594016,-7.19395306085176,0.0366,0.03729,83.1735
42,6,0.6146,0.3854,CV,35.4396,35.4256,-23.12942823592407,-23.12574223761633,1.51854,1.91121,628.9484
42,7,0.6182,0.3818,CV,3.7301,3.7195,-6.857220073013441,-6.864388551415624,-0.07548,-0.09727,80.3799
43,6,0.6137,0.3863,CV,27.2259,27.1519,-33.96601029515066,-33.960034845957836,1.13439,1.96648,623.3423
43,7,0.6191,0.3809,CV,1.0159,1.037,-6.563805699098919,-6.575321553737728,-0.02051,-0.01607,79.2658
44,6,0.6115,0.3885,CV,31.429,31.3377,-31.82843207286414,-31.814487240690507,3.20314,1.3015,638.2554
44,7,0.619,0.381,CV,2.1363,2.1319,-6.402735873121339,-6.412640028446014,0.05169,0.1106,77.2254
45,6,0.6067,0.3933,CV,55.2614,55.2262,-40.9492361475029,-40.91828094907479,4.88504,-0.72724,702.8844
45,7,0.6176,0.3824,CV,5.2509,5.239,-6.747542984901539,-6.751602926259188,0.21773,0.15578,73.4402
46,6,0.5987,0.4013,CV,51.226,50.9529,-32.137375860943344,-32.08034340278827,6.28231,-1.89771,736.166
46,7,0.6188,0.3812,CV,1.601,1.6005,-6.275222380346066,-6.286309282197038,0.00438,0.10862,70.964
47,6,0.5953,0.4047,CV,44.6787,44.3257,-26.507453979815473,-26.448108514213192,7.04388,-2.27009,749.7681
47,7,0.6192,0.3808,CV,3.2945,3.3065,-6.937257490533565,-6.948558501271274,-0.21032,0.02791,69.4869
48,6,0.5972,0.4028,CV,36.1422,35.7918,-23.937569826811995,-23.8908101220444,7.10595,-1.88836,752.5943
48,7,0.6182,0.3818,CV,4.5524,4.547,-6.963334452658115,-6.969427142890704,-0.33906,-0.03143,68.704
49,6,0.6002,0.3998,CV,29.6665,29.3355,-23.843738194557826,-23.80686463219935,6.75027,-0.95246,750.7916
49,7,0.619,0.381,CV,1.5398,1.5622,-6.816658520427306,-6.827995677191142,-0.11375,0.00538,66.4564
50,6,0.6039,0.3961,CV,25.7584,25.5013,-29.688668116693716,-29.662929296476207,5.29002,-0.91412,734.8125
50,7,0.619,0.381,CV,1.6571,1.6623,-6.861383085513467,-6.871258787579699,0.02407,0.07538,64.4443
51,7,0.6182,0.3818,CV,4.5331,4.5343,-6.677349823149171,-6.684031344988625,-0.0888,-0.08471,64.3087
52,7,0.6187,0.3813,CV,3.2218,3.2336,-8.32392137059852,-8.33385412840125,-0.03085,-0.15224,61.9238
53,7,0.6187,0.3813,CV,2.3995,2.4026,-8.750654413944327,-8.759878112785893,0.15036,-0.05074,60.2767
54,7,0.6183,0.3817,CV,5.342,5.3504,-6.693267497113607,-6.700653944532866,-0.29459,-0.01896,59.4147
55,7,0.6176,0.3824,CV,4.4996,4.4934,-6.492972290413049,-6.497974410816393,-0.23451,-0.08001,59.825
56,7,0.6159,0.3841,CV,6.1178,6.0995,-7.751958593439381,-7.751079106927407,-0.17925,0.01175,61.3235
57,7,0.6179,0.3821,CV,1.3278,1.3569,-6.240218701746189,-6.250025344533011,-0.05696,0.02772,60.553
58,7,0.6184,0.3816,CV,1.1052,1.1183,-6.187304067977722,-6.196273080349159,-0.03557,-0.02226,59.7733
59,7,0.6185,0.3815,CV,1.1407,1.1402,-6.114215629169169,-6.1228687656402565,0.04767,-0.00653,59.843
60,7,0.6183,0.3817,CV,2.3493,2.3442,-6.2551153698667346,-6.262860375353309,0.11953,-0.07071,60.472
61,7,0.6185,0.3815,CV,0.6389,0.6291,-6.419129906339924,-6.427842405541873,0.07739,-0.04326,60.8182
62,7,0.6182,0.3818,CV,2.6891,2.6821,-7.120626774165589,-7.127894318492293,0.19833,-0.09161,61.2839
63,7,0.6182,0.3818,CV,1.7396,1.727,-6.501920872145845,-6.509637368402034,0.22875,-0.07477,61.646
64,7,0.6184,0.3816,CV,0.8241,0.817,-6.291347430586614,-6.300017330098836,0.13758,-0.06939,62.2128
65,7,0.6187,0.3813,CV,2.2046,2.2141,-6.348826009327712,-6.358202832603064,-0.04707,0.02309,62.3883
66,7,0.6185,0.3815,CV,1.9452,1.942,-6.3465159504841155,-6.354894612804574,-0.10736,0.08479,63.1461
67,7,0.6181,0.3819,CV,4.0266,4.0265,-6.703957719216927,-6.710950138522769,-0.03417,-0.11993,64.8278
68,7,0.6185,0.3815,CV,1.1516,1.1649,-6.4058601490923,-6.4151899944705795,-0.03963,-0.06387,65.0369
69,7,0.6177,0.3823,CV,6.6999,6.7054,-8.634866283552316,-8.640044178075417,0.12685,0.11511,63.0204
70,7,0.6186,0.3814,CV,5.0272,5.047,-6.918524732147716,-6.9288623550930515,0.08393,-0.1255,64.7377
70,8,0.7,0.3,CV,27.3627,27.3627,-16.167725874965328,-16.167725874965328,0.0,0.0,62.9036
71,7,0.6176,0.3824,CV,6.8218,6.8247,-12.077535556615146,-12.082004001057872,0.01184,-0.22132,62.6478
71,8,0.6078,0.3922,CV,30.335,30.335,-26.481685618186255,-26.322674487353115,-14.62606,2.75774,88.1629
72,7,0.6183,0.3817,CV,1.3793,1.3574,-10.736187080794934,-10.745312919667791,0.06083,-0.16232,61.7869
72,8,0.1678,0.8322,CA,35.7114,35.2941,-32.875332619759995,-30.81495382801722,-48.16718,10.20346,200.224
73,7,0.6189,0.3811,CV,2.3074,2.3105,-8.775646505107888,-8.786121290804896,0.00937,-0.25041,61.9259
73,8,0.0901,0.9099,CA,29.9086,28.248,-22.507241855372705,-20.360890766288186,-104.36431,19.58695,344.4125
74,7,0.6186,0.3814,CV,4.0755,4.08,-7.4866901887261506,-7.495258164928502,0.05456,-0.17528,63.0107
74,8,0.2228,0.7772,CA,14.2897,11.674,-9.67385441993211,-8.699767916926605,-131.34796,24.23616,398.9837
75,7,0.6183,0.3817,CV,2.2421,2.2295,-6.894176006484363,-6.901870813210506,0.0109,-0.11293,63.6449
75,8,0.3696,0.6304,CA,8.5287,5.3888,-9.625646853976335,-9.179992317822341,-134.3426,22.38232,444.6184
76,7,0.6181,0.3819,CV,4.6006,4.6046,-6.7099959181444655,-6.717282913923526,-0.21697,-0.22541,62.6539
76,8,0.6908,0.3092,CV,8.5359,11.9736,-8.63894897165289,-9.325382679344028,-47.58784,10.00823,389.4382
77,7,0.6152,0.3848,CV,8.4109,8.398,-11.152514547049275,-11.147465477792306,-0.70012,-0.20484,62.1981
77,8,0.6881,0.3119,CV,9.2177,10.5058,-25.579267298227474,-25.78739398661249,12.1356,-1.84787,294.88
78,7,0.5882,0.4118,CV,144.6844,144.6912,-128.1621101523041,-128.0490560543027,0.01001,-0.53148,87.5397
78,8,0.5382,0.4618,CV,15.4564,15.1505,-29.225263152202295,-28.79951539093311,28.94125,-4.21573,222.0078
79,7,0.5733,0.4267,CV,124.6655,124.5171,-50.364766848811726,-50.22989281146498,-0.14403,-0.5945,213.5379
79,8,0.4576,0.5424,CA,23.8837,25.0202,-23.235303979039646,-22.708065223495815,-34.23565,7.07562,198.2169
80,7,0.5887,0.4113,CV,70.9101,70.7666,-20.579627318752657,-20.529999911238058,-0.74555,-0.50254,249.6223
80,8,0.5504,0.4496,CV,5.8736,5.4039,-8.04633801976693,-8.006794071392614,-28.02078,5.76268,178.3777
81,7,0.598,0.402,CV,61.33,61.2151,-20.96581331883996,-20.932196398423045,-1.74653,-0.42556,291.9149
81,8,0.3158,0.6842,CA,16.2591,15.2494,-29.719094913031707,-28.57114040655756,-46.97959,8.65283,171.5241
82,7,0.5974,0.4026,CV,76.508,76.3507,-19.395352425458434,-19.345703002200096,-2.83403,-0.53826,379.9958
82,8,0.6773,0.3227,CV,15.8307,17.4877,-19.35546162258143,-20.054557519128764,0.22835,-0.32277,165.0427
83,7,0.588,0.412,CV,113.7623,113.5774,-25.89982590746735,-25.812103885668815,-5.8022,-0.04504,466.5157
83,8,0.532,0.468,CV,18.8369,18.9339,-13.665603333040373,-13.23116845225818,21.7785,-4.34467,142.9418
84,7,0.577,0.423,CV,110.9869,110.6691,-24.034587394924856,-23.915336669620064,-8.67278,0.70469,533.0438
84,8,0.4657,0.5343,CA,11.0615,10.1305,-9.261431662477944,-8.775788376983048,26.50216,-5.16352,138.4738
84,10,0.7,0.3,CV,1.918,1.918,-8.644907986189486,-8.644907986189486,0.0,0.0,57.5865
85,7,0.5689,0.4311,CV,98.1261,97.6573,-20.8070330698437,-20.67066507065874,-11.30646,1.55948,611.0315
85,8,0.5255,0.4745,CV,4.7897,3.7196,-6.479049414087234,-6.327826372316256,24.26419,-4.5944,138.6215
85,10,0.6439,0.3561,CV,9.5412,9.5412,-26.297725128702723,-26.292856256538215,4.9019,0.21535,78.7842
86,7,0.556,0.444,CV,99.8938,99.2961,-21.085662011382393,-20.90882398557367,-14.75841,3.08709,692.6413
86,8,0.5844,0.4156,CV,2.4186,1.7895,-6.080096616497856,-6.081866160847661,17.85409,-3.39076,132.2042
86,10,0.5757,0.4243,CV,17.7703,17.9042,-13.60128459344343,-13.394004496127547,-14.6982,-1.77789,120.462
87,7,0.5389,0.4611,CV,97.6541,96.8421,-21.7770392822597,-21.55000102398388,-19.20332,4.50602,804.3965
87,8,0.6065,0.3935,CV,2.1339,1.5542,-6.08074812771809,-6.089158520745016,12.7317,-2.44316,122.7579
87,10,0.6068,0.3932,CV,5.2038,4.9332,-6.659504372272919,-6.681775781197289,-12.51389,-2.99763,154.4102
88,7,0.5141,0.4859,CV,101.3397,100.2772,-23.621596086575114,-23.319935645335594,-25.40792,6.86517,937.4981
88,8,0.6252,0.3748,CV,3.0512,3.0946,-6.131102121149261,-6.185776994790025,7.23235,-1.47138,109.3751
88,10,0.6358,0.3642,CV,1.5869,1.168,-6.242113382785969,-6.341953952320812,-8.31737,-2.29407,162.0062
89,7,0.5045,0.4955,CV,90.8392,89.4459,-24.89994903674116,-24.5955244140235,-31.54732,8.21935,1144.2949
89,8,0.6318,0.3682,CV,4.7317,4.8347,-6.66245689724564,-6.71777832365615,2.68814,-0.75166,95.1375
89,10,0.6452,0.3548,CV,1.2399,1.3662,-6.214422541801155,-6.3123081195352775,-4.55707,-0.61993,154.5615
90,7,0.5189,0.4811,CV,69.85,68.1011,-20.95489274514503,-20.721746551630485,-34.911,9.92351,1367.8249
90,8,0.6203,0.3797,CV,6.1967,6.1556,-7.550279891528964,-7.546713465558206,3.27498,-0.91817,86.6214
90,10,0.6421,0.3579,CV,2.5871,2.7229,-6.362189030229972,-6.432449538601436,-1.71547,-0.28404,142.9715
91,7,0.5271,0.4729,CV,66.1213,64.2583,-19.11176954128006,-18.890972687530788,-38.0349,11.82561,1589.052
91,8,0.6242,0.3758,CV,2.6833,2.7265,-7.0057574558604525,-7.035707021191326,1.6952,-0.51277,76.7803
91,10,0.6327,0.3673,CV,3.7615,3.7544,-6.504446388487535,-6.538417090199376,-1.5645,0.08883,128.1251
92,7,0.5317,0.4683,CV,63.7521,61.7266,-17.854315777368324,-17.640229906573634,-40.93158,13.51936,1836.6452
92,8,0.6217,0.3783,CV,5.0651,5.0662,-10.271423859179162,-10.285326193225139,1.07868,-0.33388,71.9162
92,10,0.6284,0.3716,CV,2.2041,2.2291,-6.193899421475844,-6.223617152621135,-0.62657,0.26327,115.2831
93,7,0.5461,0.4539,CV,53.8369,51.6587,-17.26168255060875,-17.098520917816586,-40.92644,14.00732,2101.4797
93,10,0.6246,0.3754,CV,2.6182,2.6223,-6.282329869810319,-6.302200731389395,-0.03713,0.26324,103.7453
93,8,0.6172,0.3828,CV,7.6372,7.6197,-14.96815478281938,-14.96642445054039,0.6451,-0.28108,69.8985
94,7,0.5706,0.4294,CV,35.9225,33.7116,-16.6907114199933,-16.606596529709503,-36.09312,12.55231,2332.8077
94,10,0.6224,0.3776,CV,2.1144,2.1206,-6.332987317366083,-6.348981935355837,0.22877,0.14911,94.7289
94,8,0.6111,0.3889,CV,9.4252,9.401,-8.461124485286252,-8.440456560178976,1.37045,-0.1382,66.1312
95,7,0.5949,0.4051,CV,18.5648,16.6573,-17.20076440136024,-17.180830693199447,-27.30844,9.74729,2494.552
95,8,0.618,0.382,CV,5.3014,5.3424,-6.626061167449815,-6.643278356442928,0.63094,0.08085,61.6309
95,10,0.6207,0.3793,CV,2.7048,2.7092,-6.3221163463205166,-6.334353907988542,0.18737,0.13698,88.247
96,7,0.607,0.393,CV,19.5996,18.5463,-17.35279734171715,-17.347800961671624,-20.06763,6.94931,2573.2041
96,10,0.6199,0.3801,CV,1.7204,1.7288,-6.084258349129954,-6.095690813359481,0.10894,0.04026,81.3952
97,7,0.615,0.385,CV,19.5997,19.3347,-18.683693168744483,-18.69444516960716,-13.13641,4.21304,2588.0481
97,10,0.6192,0.3808,CV,1.36,1.357,-5.98151416940725,-5.991034498046884,0.15233,-0.01485,76.4562
98,7,0.616,0.384,CV,27.2794,26.9739,-22.804578116733865,-22.80781820501695,-9.58929,2.25761,2555.1127
98,10,0.6188,0.3812,CV,1.7576,1.751,-5.979999319366304,-5.988575212144416,0.19735,0.00157,71.8941
99,7,0.6202,0.3798,CV,28.8831,29.1884,-21.62935834227812,-21.64899866428709,-3.378,-1.12357,2539.9643
99,10,0.6185,0.3815,CV,1.7507,1.7408,-5.949596828218779,-5.957688497959304,0.2218,0.05073,67.9945
99,8,0.5,0.5,CA,5.1606,5.1493,-8.831649398310194,-8.84112146509777,0.28691,0.13534,57.8235
100,7,0.619,0.381,CV,32.1078,32.1428,-20.32358444348457,-20.331761930094434,0.5439,-2.84649,2518.4075
100,10,0.6183,0.3817,CV,2.6261,2.6211,-6.56295738076351,-6.570788967725562,0.13195,0.06739,63.8119
101,7,0.617,0.383,CV,30.1591,29.9958,-21.46508060482652,-21.46657608632006,2.3208,-3.46603,2490.5445
101,10,0.6172,0.3828,CV,4.1236,4.1095,-6.474702037956529,-6.47789905543672,0.25323,0.1779,59.6447
102,7,0.6156,0.3844,CV,29.967,29.7252,-22.384127586012085,-22.38265203148645,3.16708,-3.63577,2461.6428
102,10,0.6188,0.3812,CV,2.6828,2.6989,-5.827720297402741,-5.839548838088653,-0.06345,0.10542,56.8181
103,7,0.6129,0.3871,CV,46.1221,45.8818,-16.454269939398095,-16.443255163591232,5.08431,-3.60182,2453.4062
103,10,0.6173,0.3827,CV,6.2054,6.2076,-6.950246622404316,-6.953108684308964,-0.4479,-0.0055,55.1291
104,7,0.6073,0.3927,CV,66.1245,65.801,-16.661506416624512,-16.63119519346797,7.62691,-3.57728,2444.9762
104,10,0.616,0.384,CV,4.5109,4.4888,-6.903146419738935,-6.902961826671521,-0.50408,-0.01356,53.9022
105,7,0.613,0.387,CV,16.7784,16.4045,-12.272794275729781,-12.274619647593832,5.5152,-2.50651,2422.5207
105,10,0.6171,0.3829,CV,1.382,1.352,-7.342707897163914,-7.349101230535893,-0.37665,0.00082,52.3434
106,7,0.6152,0.3848,CV,26.8028,26.6521,-13.59624768577572,-13.598816318982331,4.16636,-2.4728,2472.059
106,10,0.6184,0.3816,CV,2.7024,2.7182,-9.474946713632237,-9.485098523131116,-0.06101,0.0596,51.0367
107,7,0.6147,0.3853,CV,45.7942,45.6665,-15.20743298344043,-15.204724570714694,2.94819,-2.82028,2591.4313
107,10,0.6183,0.3817,CV,1.6686,1.663,-7.122662166959041,-7.130451824277544,0.02247,0.08684,50.2481
108,7,0.6143,0.3857,CV,37.4867,37.2275,-17.9704900258143,-17.967120159181974,3.06465,-2.31001,2704.7487
108,10,0.614,0.386,CV,10.696,10.6991,-9.977571835279548,-9.967645174052727,-0.70033,0.03154,48.5991
109,7,0.6157,0.3843,CV,20.9528,20.7426,-19.2007346894262,-19.203778207854644,2.10136,-1.3871,2813.0355
109,10,0.6101,0.3899,CV,7.6129,7.5785,-10.881236396250163,-10.860917691765362,-0.94715,0.02027,46.6243
110,7,0.615,0.385,CV,43.0894,42.885,-18.0199186905222,-18.017647567744532,2.37315,-0.97464,2992.2452
110,10,0.6162,0.3838,CV,2.2167,2.2305,-9.01597305167641,-9.02721619986885,-0.56725,0.021,46.3084
111,7,0.6139,0.3861,CV,58.9369,58.7241,-16.079442345155496,-16.07361027873363,3.92688,-0.40358,3192.297
111,10,0.6178,0.3822,CV,1.5471,1.5388,-7.237878152895285,-7.246849761795029,-0.36961,-0.0514,45.8501
112,7,0.6143,0.3857,CV,45.4462,45.2015,-14.332939674159146,-14.33063184545333,4.61197,-0.04091,3346.6242
112,10,0.6167,0.3833,CV,9.2121,9.2294,-8.261775224331181,-8.263735195024108,0.41951,-0.11257,45.6585
113,7,0.6157,0.3843,CV,31.9464,31.7981,-15.192138295882978,-15.195276651371625,4.28012,0.30939,3443.8147
113,10,0.6136,0.3864,CV,6.7174,6.6931,-6.999193381535571,-6.989840978366374,0.69028,-0.01577,45.5877
114,7,0.6156,0.3844,CV,44.1642,43.9811,-15.664649994524295,-15.66491231712173,4.94702,0.27847,3531.6511
114,10,0.6146,0.3854,CV,3.7967,3.7641,-6.623011009242785,-6.622133054324537,0.58231,-0.13211,45.8486
115,7,0.6157,0.3843,CV,36.2642,36.0192,-15.352818581952356,-15.354080406641927,4.99334,0.42873,3628.9737
115,10,0.6146,0.3854,CV,4.0008,3.9657,-6.811760820191381,-6.809849557665392,0.58962,-0.08712,46.1609
116,7,0.6158,0.3842,CV,36.276,36.0146,-16.458864873401954,-16.46021717718099,5.46111,-0.21033,3780.2116
116,10,0.618,0.382,CV,6.2508,6.278,-7.231365105727331,-7.243582416480352,0.14978,-0.01243,44.1376
117,7,0.6167,0.3833,CV,22.7572,22.4822,-14.648304475975124,-14.653345980648098,4.73612,-0.57907,3946.634
117,10,0.6185,0.3815,CV,2.2967,2.2999,-5.782472042923301,-5.791832831748621,-0.08094,-0.0018,43.4505
118,7,0.6163,0.3837,CV,36.699,36.4434,-14.237298890223869,-14.239301531073489,5.22261,-0.41109,4057.549
118,10,0.6187,0.3813,CV,2.1005,2.0998,-6.6017953397637985,-6.611211889571573,-0.20313,0.01897,43.3309
119,7,0.6166,0.3834,CV,32.0829,31.8458,-13.944607081381832,-13.948168461732925,4.76759,0.35384,4124.3811
119,10,0.6191,0.3809,CV,1.4865,1.4955,-7.854849508465319,-7.865610033502417,-0.05441,0.0342,43.2559
120,7,0.6178,0.3822,CV,16.3923,16.3027,-14.447858071663193,-14.456135102129322,3.57983,-0.29473,4280.0178
120,10,0.619,0.381,CV,1.1305,1.1298,-9.340864531505625,-9.35063923236692,-0.09287,-0.02968,42.7776
121,7,0.6182,0.3818,CV,14.5575,14.4686,-14.019459574470988,-14.027796975697722,2.61576,-0.70734,4447.2535
121,10,0.6178,0.3822,CV,4.3025,4.2993,-6.16023236014686,-6.16502011293583,-0.1497,-0.15445,43.4451
122,7,0.6181,0.3819,CV,16.0821,15.9496,-14.217682395268,-14.225213390827275,2.33244,-0.75605,4605.7261
122,10,0.6174,0.3826,CV,2.855,2.8401,-5.913812239403997,-5.918829582327966,-0.10458,-0.24996,43.7792
123,7,0.618,0.382,CV,19.5661,19.4363,-15.225524307289614,-15.23246608698188,2.20671,-1.2133,4765.1094
123,10,0.6172,0.3828,CV,2.572,2.5538,-5.9273903775490915,-5.932113734611574,-0.04864,-0.26096,44.2728
124,7,0.618,0.382,CV,14.8828,14.7763,-14.932722047328026,-14.940131940329948,1.53137,-1.19482,4949.7192
124,10,0.6183,0.3817,CV,4.1958,4.2104,-8.029974930537772,-8.039468284170116,-0.00309,-0.14235,42.9621
125,7,0.6182,0.3818,CV,14.7294,14.7197,-15.116624919860058,-15.124754187747282,1.48665,-0.85254,5062.8612
125,10,0.6182,0.3818,CV,2.9301,2.9303,-5.868509216120188,-5.876040198073334,-0.16163,-0.16369,43.2826
126,7,0.6178,0.3822,CV,42.291,42.2748,-14.486125422164871,-14.492324596105297,1.92164,0.06549,5065.3159
126,10,0.6152,0.3848,CV,7.9123,7.9046,-11.92939060536845,-11.924675682137863,-0.21237,-0.34676,45.6256
127,7,0.6162,0.3838,CV,58.5076,58.3476,-14.656885878114908,-14.656540673062736,3.37632,1.35493,5024.2205
127,10,0.6157,0.3843,CV,3.7143,3.6886,-11.79559445235142,-11.797331040986592,-0.06727,-0.30011,47.3046
128,7,0.6178,0.3822,CV,27.5667,27.5958,-13.973279317002811,-13.982553657793007,3.50611,-0.28771,5171.2778
128,10,0.6168,0.3832,CV,1.6835,1.656,-11.049163999763975,-11.054430768596381,-0.07058,-0.20805,48.3616
129,7,0.6186,0.3814,CV,4.7987,4.6558,-13.285816177368517,-13.295752904177503,2.17514,-0.35744,5272.8569
129,10,0.6163,0.3837,CV,4.4877,4.4704,-11.870431608980635,-11.872288050913914,0.04497,-0.1479,50.7076
130,7,0.6186,0.3814,CV,12.6708,12.5386,-13.38741211621975,-13.39635121387733,2.16226,-0.15177,5341.048
130,10,0.618,0.382,CV,5.582,5.6037,-11.3884064333132,-11.398086238879866,0.16796,-0.04735,50.0878
131,7,0.6186,0.3814,CV,20.7196,20.6671,-13.152154366009068,-13.160917172300787,1.24046,0.19964,5342.3715
131,10,0.6178,0.3822,CV,3.3704,3.3648,-10.941567667111169,-10.947858842897979,0.17263,-0.14372,49.9566
132,7,0.618,0.382,CV,32.6917,32.5782,-13.125532473584206,-13.132061748687446,0.81189,0.85225,5284.9601
132,10,0.6175,0.3825,CV,4.4604,4.4555,-8.711918460793239,-8.717403494581761,0.04918,0.06298,49.5738
133,7,0.6187,0.3813,CV,7.9236,7.8635,-12.785491699823485,-12.795477680574447,0.24574,0.08255,5303.381
133,10,0.6158,0.3842,CV,5.4385,5.4178,-7.1444289163333154,-7.142852963463542,-0.07942,0.21563,48.5056
134,7,0.6189,0.3811,CV,10.9636,10.9686,-12.900414055952913,-12.910513372689472,0.67541,-0.55824,5338.2431
134,10,0.6187,0.3813,CV,1.2566,1.2871,-6.373893642331634,-6.387571093098067,-0.05286,0.15742,49.0475
135,7,0.6179,0.3821,CV,42.3953,42.3184,-13.221550648263873,-13.227018345193603,2.05529,0.23429,5226.5657
135,10,0.6183,0.3817,CV,2.8308,2.8147,-5.90302390527171,-5.910391375119542,-0.11592,0.27156,48.6042
136,7,0.6178,0.3822,CV,29.619,29.4756,-13.520765701784688,-13.52720414888058,3.32498,-0.51999,5185.5805
136,10,0.6157,0.3843,CV,5.3237,5.3017,-6.570192917198517,-6.5674154509902145,-0.29317,0.38654,46.9476
137,7,0.6187,0.3813,CV,10.331,10.3573,-13.227225432802985,-13.23762181962821,1.96716,-1.03783,5185.2858
137,10,0.6176,0.3824,CV,1.8783,1.8603,-5.633661945849492,-5.642439808697065,-0.08387,0.34062,45.969
138,7,0.619,0.381,CV,10.8232,10.9087,-12.901858637846217,-12.912368226466848,0.39384,-0.6804,5156.0725
138,10,0.6193,0.3807,CV,2.2319,2.2516,-6.00289046289628,-6.016170177556097,0.021,0.20913,45.831
139,7,0.6188,0.3812,CV,13.8388,13.7796,-12.718337886717404,-12.727623140740958,0.16502,-0.87034,5083.5586
139,10,0.6191,0.3809,CV,2.138,2.137,-5.7523689772347275,-5.762106338126921,0.17315,0.12634,45.1517
140,7,0.6186,0.3814,CV,21.5225,21.4784,-13.253570475083562,-13.262215775188098,1.5154,-0.62352,5014.7104
140,10,0.6188,0.3812,CV,1.5174,1.5123,-5.8552276136319605,-5.864392523723308,0.18002,0.05075,44.639
141,7,0.6182,0.3818,CV,29.2887,29.2116,-13.26473090442304,-13.272020552463097,0.62148,-0.90897,4876.1469
141,10,0.6176,0.3824,CV,4.7787,4.777,-6.439819577350317,-6.4441939250258455,0.06268,-0.04417,45.4674
142,7,0.6184,0.3816,CV,15.2988,15.1295,-12.897263119881329,-12.90581779903566,0.39561,-0.80421,4762.0106
142,10,0.6176,0.3824,CV,3.4124,3.4088,-6.135760561913411,-6.141867483649734,0.20685,0.0967,45.3373
143,7,0.6177,0.3823,CV,36.751,36.6546,-14.350081408025273,-14.35544939105788,2.83674,-1.10206,4634.9651
143,10,0.6148,0.3852,CV,7.6154,7.6016,-7.932432195868266,-7.926824831526155,0.18868,0.03795,47.5392
144,7,0.6176,0.3824,CV,24.1618,23.9331,-13.222505506265987,-13.22840284897187,2.89312,-1.01821,4479.9491
144,10,0.6161,0.3839,CV,2.4794,2.4521,-6.367782205795964,-6.371429642140832,0.21943,0.03264,48.6492
145,7,0.6189,0.3811,CV,17.9047,17.9844,-12.75543273154033,-12.767065928956129,0.33178,-0.95979,4351.7438
145,10,0.6176,0.3824,CV,3.8952,3.9078,-6.3563932076692415,-6.364632220017267,0.25365,0.00266,47.8545
146,7,0.6188,0.3812,CV,27.6457,27.6539,-12.971416033734899,-12.980681829578431,-1.93345,-1.24965,4238.6376
146,10,0.6175,0.3825,CV,3.6094,3.6064,-6.961761172477618,-6.967619916866684,0.19538,-0.21929,48.5964
147,7,0.619,0.381,CV,11.6272,11.5758,-14.637054823207055,-14.64711638294667,-1.26458,-1.57922,4130.7119
147,10,0.6174,0.3826,CV,2.7701,2.754,-7.636055185392868,-7.6415077324983605,0.21903,-0.27303,49.6809
148,7,0.6188,0.3812,CV,13.3229,13.2372,-17.438039579100394,-17.447140507454648,-1.09225,-1.78467,4031.0064
148,10,0.6178,0.3822,CV,4.0121,4.0135,-6.602089676281799,-6.609203464157993,0.25543,-0.11071,49.1899
149,7,0.6187,0.3813,CV,18.0054,17.9766,-16.00316096084855,-16.012208357468552,0.00479,-1.92948,3889.571
149,10,0.618,0.382,CV,4.825,4.8325,-7.8268708964244365,-7.834224517284179,0.1816,-0.12791,51.2812
150,7,0.6184,0.3816,CV,19.1531,19.0771,-13.469807237456296,-13.477844186328195,1.0385,-2.13204,3770.1411
150,10,0.6171,0.3829,CV,5.1081,5.0996,-7.092066174431807,-7.095634440306668,0.02498,-0.08566,54.1558
151,7,0.618,0.382,CV,25.1364,25.0472,-14.619286718326371,-14.62594991027667,2.13597,-1.71276,3620.5451
151,10,0.6182,0.3818,CV,4.8266,4.8447,-6.682663193293552,-6.692117722076184,-0.19194,0.00055,53.8636
152,7,0.6184,0.3816,CV,21.6549,21.627,-17.486440241832913,-17.495242599830966,0.26273,-1.67906,3459.5536
152,10,0.6182,0.3818,CV,1.3562,1.3466,-6.3350818829999715,-6.342845084929038,-0.18738,-0.03457,54.766
153,7,0.6185,0.3815,CV,17.2659,17.1871,-18.89266720022169,-18.90151941553815,-0.98556,-1.52528,3311.4481
153,10,0.6184,0.3816,CV,2.4337,2.4356,-6.297515500275573,-6.306080866877598,-0.13887,0.02586,55.0687
154,7,0.6183,0.3817,CV,20.8587,20.752,-15.334791223390031,-15.342292372063548,-0.07962,-1.47787,3127.3642
154,10,0.6186,0.3814,CV,1.5589,1.5649,-6.318609182357997,-6.327894071587794,-0.08967,-0.00173,56.5029
154,11,0.7,0.3,CV,15.7932,15.7932,-20.913291919490742,-20.913291919490742,0.0,0.0,36.0361
155,7,0.6175,0.3825,CV,33.7823,33.7445,-16.71246058051415,-16.71731760283791,-2.99388,-1.41036,2969.046
155,10,0.6185,0.3815,CV,2.2254,2.2237,-6.314780967856687,-6.323060887538694,-0.05326,0.02762,58.4482
155,11,0.5798,0.4202,CV,29.7628,29.7628,-51.64971657613449,-51.3744522241539,-14.37332,-0.44367,50.5034
156,7,0.6167,0.3833,CV,25.0611,24.8621,-16.048062355189284,-16.0504561741456,-3.61478,-1.06836,2780.6014
156,10,0.6169,0.3831,CV,8.4781,8.4832,-8.31800187890709,-8.319682945975226,-0.4,-0.07558,56.9378
156,11,0.0825,0.9175,CA,29.7961,29.3769,-47.757316386346304,-44.93130585957944,-46.36149,-0.02462,126.5448
157,7,0.6186,0.3814,CV,29.184,29.2774,-24.366458141379,-24.37806639976538,0.19904,-0.22219,2580.6366
157,10,0.6184,0.3816,CV,1.3174,1.3345,-6.198404704182939,-6.209070374954145,-0.14221,-0.05859,57.3241
157,11,0.0815,0.9185,CA,26.3753,25.1293,-30.89588181737665,-28.75946499497169,-93.88623,-2.43292,211.4958
158,7,0.6167,0.3833,CV,34.2687,34.207,-23.311847964990392,-23.3125240888199,3.36292,-0.27068,2384.09
158,10,0.6186,0.3814,CV,1.8822,1.8734,-6.72778706704585,-6.736908145893542,-0.03337,-0.07289,57.433
158,11,0.0092,0.9908,CA,35.9346,33.7074,-34.84770239509378,-30.45861989241103,-176.39305,-5.28852,274.3971
159,7,0.6188,0.3812,CV,6.7657,6.7221,-17.23545692477351,-17.24816816904407,2.52768,-0.08922,2216.7917
159,10,0.619,0.381,CV,2.3567,2.3664,-6.817328841883222,-6.827670565395945,0.01051,-0.1356,58.4851
159,11,0.5887,0.4113,CV,4.2213,7.3389,-22.09837884217358,-22.848866595681343,-158.58941,-5.16413,237.382
160,7,0.6202,0.3798,CV,9.6806,9.8225,-12.411100908313472,-12.426310424205864,0.74258,-0.14317,2056.8844
160,10,0.6188,0.3812,CV,2.897,2.8985,-6.347649703055959,-6.35675727970012,0.12599,-0.01901,58.0791
160,11,0.7007,0.2993,CV,6.0488,7.6128,-14.711475128852575,-15.131354044606457,-62.76876,-1.23354,318.5257
161,7,0.6197,0.3803,CV,17.4846,17.5195,-11.53972676388913,-11.550808096447843,-0.87351,-0.15039,1916.119
161,10,0.6189,0.3811,CV,2.8254,2.8345,-7.060925726116831,-7.070718858268616,-0.07135,0.1013,58.573
161,11,0.6052,0.3948,CV,9.5115,8.4616,-12.428962855528692,-12.258143538696988,-52.76245,1.02763,280.5308
162,7,0.6146,0.3854,CV,43.9829,43.9238,-12.817203491125614,-12.807693914788256,-3.39492,0.67928,1823.5153
162,10,0.6188,0.3812,CV,1.3914,1.3891,-6.8165299347045565,-6.8257892879657485,0.01038,0.13891,58.9645
162,11,0.5668,0.4332,CV,12.6412,11.9909,-16.204768492679772,-16.018714952636554,-43.52476,2.7058,251.7177
163,7,0.6138,0.3862,CV,25.3331,25.1121,-11.448036820533066,-11.442404142637573,-3.819,0.76448,1721.4072
163,10,0.6182,0.3818,CV,3.6343,3.6307,-6.814076247278262,-6.8208994632397655,0.03323,0.18628,60.414
163,11,0.5724,0.4276,CV,9.3765,8.7752,-9.053353641258125,-8.946334883268062,-34.93754,3.30478,225.0237
164,7,0.6166,0.3834,CV,17.3827,17.3738,-10.966900711393448,-10.974456012220296,-1.68767,0.83863,1645.5313
164,10,0.6183,0.3817,CV,0.7992,0.786,-6.268844116084309,-6.277195390928823,0.03759,0.15555,61.0521
164,11,0.6477,0.3523,CV,10.2243,11.4035,-9.77158458595154,-9.973527941038675,2.59815,1.47677,195.9309
165,7,0.6174,0.3826,CV,40.3621,40.4624,-13.864277695134767,-13.871036504479335,1.95758,-0.10175,1553.5932
165,10,0.6185,0.3815,CV,2.5605,2.5684,-6.345962733091154,-6.3549133040395365,-0.05189,0.09123,60.5788
165,11,0.614,0.386,CV,11.6666,11.5488,-13.536172503682472,-13.482305572268878,7.75022,1.37326,158.5793
166,7,0.6162,0.3838,CV,22.0474,21.936,-11.924083628180195,-11.924516235659441,2.81847,-0.30775,1478.7019
166,10,0.6184,0.3816,CV,2.1842,2.1781,-6.434337347733292,-6.442340177001733,-0.13932,0.12797,60.5897
166,11,0.4609,0.5391,CA,17.4791,17.1691,-18.324394994566106,-17.699558028162016,20.75107,-0.03759,144.232
167,7,0.6191,0.3809,CV,18.5091,18.6578,-12.208564876041116,-12.222921144831716,0.22017,0.00613,1404.3989
167,10,0.6187,0.3813,CV,1.0913,1.0961,-6.20093873455317,-6.210452672440928,-0.01241,0.10435,61.099
167,11,0.6128,0.3872,CV,22.5441,23.2954,-47.25276789089035,-47.46538637764064,-5.48671,1.23677,125.5302
168,7,0.6171,0.3829,CV,30.6275,30.6245,-12.238035989434673,-12.23979341458583,-1.95675,0.62632,1355.6776
168,10,0.6186,0.3814,CV,2.3415,2.3399,-6.459857805941472,-6.468691054877265,0.03162,0.02478,60.657
168,11,0.156,0.844,CA,29.4374,29.2423,-49.32192987489522,-47.16712870656906,-30.19961,1.62157,116.9296
169,7,0.6176,0.3824,CV,9.3456,9.2232,-13.61365877613229,-13.620340333128413,-1.67122,0.76708,1299.8098
169,10,0.6176,0.3824,CV,4.6172,4.6068,-7.56005909854464,-7.56472890388025,0.14774,0.05458,59.153
169,11,0.6809,0.3191,CV,18.373,19.358,-15.62097514095013,-16.561141985527776,-6.17329,0.95245,109.1639
170,7,0.6181,0.3819,CV,7.7353,7.6718,-13.908424968524654,-13.916772846974265,-0.96235,0.81605,1251.1008
170,10,0.6169,0.3831,CV,4.1247,4.103,-8.449007646071879,-8.45226588099288,0.02885,0.07518,57.4578
170,11,0.6091,0.3909,CV,21.8079,22.1328,-21.078194679074006,-20.953705689545174,10.8449,0.22505,95.9277
171,7,0.6185,0.3815,CV,6.6862,6.6502,-13.576859180772757,-13.585884610982578,-0.49525,0.36477,1209.0253
171,10,0.6177,0.3823,CV,2.2889,2.2628,-7.103418338649458,-7.110816517890753,0.00709,0.17526,56.2581
171,11,0.5236,0.4764,CV,13.7163,13.3347,-10.519602032130209,-10.153437331047677,12.71014,0.11973,91.9385
172,7,0.6152,0.3848,CV,36.287,36.253,-30.269533499744956,-30.264071823804052,-2.90358,0.0489,1171.7095
172,10,0.6188,0.3812,CV,1.8251,1.823,-6.553211648844868,-6.564121644186926,0.01109,0.25373,55.5441
172,11,0.5592,0.4408,CV,8.4033,8.107,-7.732449766408872,-7.634300159305438,10.55842,0.23728,93.9287
173,7,0.6135,0.3865,CV,25.429,25.2639,-30.48664190584831,-30.479044966903512,-3.47981,-0.09556,1143.1632
173,10,0.6193,0.3807,CV,0.5522,0.5628,-6.350248434176798,-6.361927924015245,0.01825,0.15758,54.7032
174,7,0.6132,0.3868,CV,21.9501,21.7577,-32.09806666883303,-32.091726729586284,-3.6869,-0.05443,1111.0637
174,10,0.619,0.381,CV,2.1618,2.1577,-8.12022804223181,-8.129808813348626,0.12885,0.08026,53.0434
174,11,0.5,0.5,CA,12.6224,12.3483,-9.5515710411173,-9.452376978185391,7.61465,-0.08781,91.5588
175,7,0.6128,0.3872,CV,28.4334,28.2965,-23.17796365416551,-23.170081478908855,-3.17209,-0.17067,1117.7642
175,10,0.6185,0.3815,CV,5.7596,5.7724,-6.6973946315058015,-6.705283186105789,-0.18072,-0.11995,53.2102
175,11,0.5342,0.4658,CV,9.4504,9.1661,-8.483985208641494,-8.318892721595969,8.73185,-0.45656,86.1118
176,7,0.6132,0.3868,CV,21.8742,21.6736,-21.36344390622295,-21.35822319724086,-2.72326,-0.24436,1125.8499
176,10,0.6171,0.3829,CV,5.458,5.4515,-6.987163999727415,-6.989755946485361,-0.47407,-0.0677,51.8083
176,11,0.5796,0.4204,CV,7.881,7.7915,-12.516532115406283,-12.486266419910327,6.49183,-1.25809,83.295
177,7,0.616,0.384,CV,11.5555,11.4833,-19.393054610345345,-19.398736390462965,-1.40498,0.03498,1125.9776
177,10,0.617,0.383,CV,2.7074,2.6821,-6.207909508020729,-6.212277273508866,-0.46905,-0.09391,50.7035
177,11,0.5061,0.4939,CV,14.3641,14.0695,-12.197426450396534,-11.804388790648085,9.93865,-1.60143,80.6669
178,7,0.6152,0.3848,CV,24.495,24.3846,-13.481114841784834,-13.479599406016257,-1.06771,0.75138,1150.3121
178,10,0.6161,0.3839,CV,8.2363,8.2424,-8.546286782893269,-8.547055716642841,-0.12118,-0.29726,52.2785
178,11,0.452,0.548,CA,14.5843,14.1258,-17.24647586705322,-16.742717095115285,13.02339,-2.45589,82.3319
179,7,0.6146,0.3854,CV,25.9273,25.786,-11.445015097455107,-11.441812081658137,-1.02667,1.39281,1183.4601
179,10,0.6168,0.3832,CV,2.7526,2.7321,-6.735412267012269,-6.740275837110337,0.01779,-0.22128,52.8982
179,11,0.5161,0.4839,CV,7.4975,7.038,-14.588668879462496,-14.419469268405015,12.40893,-2.56236,86.6428
180,7,0.6157,0.3843,CV,17.9608,17.862,-11.104075274662277,-11.106796478112738,-1.1897,1.70203,1191.0627
180,10,0.6169,0.3831,CV,3.1157,3.0992,-7.0371008034266405,-7.041510625030915,0.14685,-0.15814,53.3919
180,11,0.43,0.57,CA,15.9364,15.386,-14.57919477988165,-13.97177808586709,17.56122,-3.67144,90.7412
181,7,0.6138,0.3862,CV,34.3646,34.2237,-13.26439875264482,-13.256997513713351,-1.56928,2.40964,1235.5008
181,10,0.6182,0.3818,CV,2.1139,2.1331,-8.368612904296878,-8.378204287849293,-0.00437,-0.09297,53.0321
181,11,0.5411,0.4589,CV,6.3013,6.1053,-19.431096754034613,-19.39324677445552,14.06244,-3.66156,97.8018
182,7,0.6115,0.3885,CV,44.2993,44.1243,-17.55258222590458,-17.53871572977453,-0.88764,3.32785,1311.4943
182,10,0.618,0.382,CV,2.4124,2.4073,-8.122983805653837,-8.129955872214456,0.07501,-0.04442,53.9721
182,11,0.5428,0.4572,CV,7.3964,6.8198,-9.904013031658605,-9.714271974120525,14.10627,-3.80995,100.5281
183,7,0.6087,0.3913,CV,56.9162,56.684,-22.547112394433668,-22.524523645046408,-0.20076,3.72308,1430.9928
183,10,0.6182,0.3818,CV,1.0152,1.0057,-7.718934756772812,-7.726915952412299,0.0963,-0.03271,54.7638
183,11,0.4886,0.5114,CA,11.5971,10.964,-9.26437971307368,-8.855053177660047,17.49736,-4.70198,105.2293
183,12,0.7,0.3,CV,13.7728,13.7728,-19.058616425517524,-19.058616425517524,0.0,0.0,21.8962
184,7,0.6058,0.3942,CV,72.3114,72.0149,-30.672238687366917,-30.64189344301542,0.00596,3.62338,1617.502
184,10,0.6182,0.3818,CV,1.9808,1.976,-7.498499672915603,-7.506225039761928,0.18295,-0.01057,55.2668
184,11,0.6083,0.3917,CV,3.6263,4.4502,-9.760249192248937,-9.91418338147032,8.73418,-2.45083,107.8551
184,12,0.5208,0.4792,CV,33.7496,33.7496,-67.61537645901988,-67.10129768385315,-14.89131,-2.10562,32.415
185,7,0.6056,0.3944,CV,69.9157,69.5388,-36.47653078307495,-36.449595685407026,0.02378,3.79463,1830.2875
185,10,0.6183,0.3817,CV,1.0931,1.0854,-6.632411760376209,-6.640734321350189,0.17094,-0.03606,55.7647
185,11,0.6306,0.3694,CV,5.9818,6.2521,-11.329153992608479,-11.40430528185427,2.31887,-1.02668,104.2481
185,12,0.0042,0.9958,CA,35.7133,35.2565,-75.30300777201138,-69.51416402828109,-56.84339,-5.11526,88.6659
186,7,0.6078,0.3922,CV,64.8566,64.544,-39.44923894384916,-39.43181786636959,-0.43916,4.89043,1979.2936
186,10,0.6184,0.3816,CV,3.7823,3.7895,-6.712057983988834,-6.720616669001392,-0.04764,0.02703,55.2212
186,11,0.6107,0.3893,CV,9.4372,9.3791,-8.61033678264277,-8.568118516184981,4.5352,-1.10682,95.9812
186,12,0.0022,0.9978,CA,33.4528,32.3007,-53.78358492987209,-48.04917387887429,-114.52096,-9.64444,143.8124
187,7,0.6086,0.3914,CV,64.8228,64.4782,-34.61374946428687,-34.59621655289145,0.11163,5.7122,2156.6093
187,10,0.6187,0.3813,CV,0.6436,0.6346,-6.379965931392729,-6.3893410256525645,-0.05978,0.02018,55.4163
187,11,0.6252,0.3748,CV,9.7777,9.9271,-30.089044886571596,-30.137619224040858,0.85209,-0.21547,94.2283
187,12,0.0638,0.9362,CA,16.2867,14.19,-14.330490154303439,-12.04646249955518,-135.54546,-4.67736,175.8174
188,7,0.608,0.392,CV,88.1094,87.8003,-35.871375428969856,-35.850428036392685,0.89753,4.77219,2519.1786
188,10,0.6189,0.3811,CV,1.868,1.8751,-6.675011615132933,-6.68489104743332,0.07189,0.02454,56.2293
188,11,0.6156,0.3844,CV,8.4324,8.3912,-19.65225094160783,-19.63873142531631,1.77223,-0.36314,92.5633
188,12,0.3832,0.6168,CA,8.2096,7.9384,-16.92254616056789,-16.75960490080563,-130.21476,0.42835,193.9601
189,7,0.6081,0.3919,CV,90.4318,90.0443,-30.133128761808052,-30.113519500543298,2.4073,3.93112,2956.0803
189,10,0.6185,0.3815,CV,3.2191,3.2177,-6.521345790436827,-6.529556900623816,0.10061,0.03011,55.3942
189,11,0.6183,0.3817,CV,4.1652,4.1762,-21.15966275319882,-21.17159537279934,0.88213,-0.02436,91.0526
189,12,0.2563,0.7437,CA,10.322,7.105,-8.772601251212143,-7.570567203808748,-143.83255,4.02926,279.8275
190,7,0.61,0.39,CV,71.2928,70.8732,-27.615874076496866,-27.6040759480726,2.93031,4.71815,3285.5819
190,10,0.6188,0.3812,CV,0.6346,0.6231,-5.973111885329319,-5.982820102416891,0.09525,0.03351,55.2387
190,12,0.7857,0.2143,CV,21.8884,25.9948,-18.276112943729686,-19.61642001142988,68.3343,0.94066,213.4994
191,7,0.6105,0.3895,CV,95.2959,95.0261,-27.448475715206982,-27.43561946755132,2.89602,7.34719,3500.3469
191,10,0.619,0.381,CV,1.1032,1.1077,-6.2609000211061225,-6.271177182531792,-0.01669,-0.01489,55.2429
191,12,0.7184,0.2816,CV,4.9914,5.6983,-6.504159577611534,-6.709962135645411,9.1213,1.42086,158.1986
191,11,0.5,0.5,CA,19.0479,19.019,-24.97379208417084,-24.935604797025498,1.77266,0.16347,91.5072
192,7,0.6079,0.3921,CV,115.7169,115.3846,-26.04686956759347,-26.022558268565106,2.77815,10.73582,3638.1784
192,10,0.6187,0.3813,CV,2.923,2.9211,-6.535751916012051,-6.5442755358066185,0.18109,-0.01006,54.6348
192,12,0.6473,0.3527,CV,6.8028,6.9375,-7.041163992227587,-7.023125459447573,-10.94088,1.03845,125.9884
192,11,0.5556,0.4444,CV,16.9854,16.8876,-24.32069353326421,-24.241762414809244,2.82968,-0.0648,88.2687
193,7,0.6095,0.3905,CV,69.8569,69.3386,-24.990328006066058,-24.976562563061485,0.87337,10.93107,3978.8504
193,10,0.6188,0.3812,CV,1.9338,1.9361,-6.2812301108845565,-6.290785927610605,0.17983,-0.01983,54.9639
193,12,0.6356,0.3644,CV,7.9402,8.3406,-8.419772971613149,-8.458412463868148,7.37796,0.5978,109.1904
193,11,0.5539,0.4461,CV,23.0008,22.8546,-24.722829797936114,-24.556974741625478,4.17571,-0.29039,90.1227
194,7,0.6111,0.3889,CV,96.6035,96.3777,-28.411871244276824,-28.402671291137565,1.44114,8.27867,4637.0765
194,10,0.6185,0.3815,CV,2.2535,2.2453,-6.14585037173773,-6.153792633812452,0.23007,0.01756,55.3454
194,12,0.5952,0.4048,CV,8.6978,8.5073,-38.92132434111503,-38.806714291317626,9.83637,0.77838,92.2216
194,11,0.5278,0.4722,CV,26.7329,26.5148,-24.695772036554462,-24.42700086382463,5.76288,-0.72789,92.6415
195,7,0.6079,0.3921,CV,180.1241,180.1891,-24.800773301223053,-24.775390050805406,0.62704,11.13724,4359.2192
195,10,0.6179,0.3821,CV,3.4518,3.444,-6.395183976756823,-6.4013013699703105,0.17804,0.09497,56.4164
195,12,0.5947,0.4053,CV,13.0815,13.4614,-14.969339915549364,-14.91273560501733,-6.47241,0.6233,81.1369
195,11,0.5425,0.4575,CV,23.6411,23.4295,-21.499716612327923,-21.327851837849956,5.87693,-0.83515,104.1347
196,7,0.6023,0.3977,CV,103.8719,103.3375,-17.83164312216144,-17.787624045571135,3.32294,10.76772,4264.6652
196,10,0.6185,0.3815,CV,4.1267,4.1417,-6.4288675517201295,-6.43844550520486,-0.05796,0.13853,55.4219
196,12,0.2646,0.7354,CA,23.0688,22.7653,-36.309922129038526,-34.847930639186835,-19.70997,0.76436,80.665
196,11,0.5589,0.4411,CV,17.6192,17.3035,-13.043638213287835,-12.916719365103237,5.79741,-0.64564,115.2103
197,7,0.6004,0.3996,CV,71.9171,71.0696,-14.900181535323041,-14.856488827108933,4.427,9.90624,4300.6139
197,10,0.6185,0.3815,CV,1.5105,1.5035,-5.982320061731729,-5.99074306538501,-0.08703,0.13662,54.9352
197,12,0.552,0.448,CV,10.2558,10.7131,-9.567915181827829,-9.806377238402431,-11.81282,1.26674,83.3667
197,11,0.5614,0.4386,CV,24.0945,23.8149,-16.400146188527117,-16.260000213385265,5.84264,-0.5111,130.5174
198,7,0.612,0.388,CV,21.676,21.1378,-12.791647778130537,-12.799666860654293,4.04776,4.94402,4398.5061
198,10,0.6185,0.3815,CV,1.4267,1.4174,-6.151052559936633,-6.159812842129213,-0.06402,0.14962,54.6138
198,12,0.6011,0.3989,CV,7.9732,8.0317,-20.782693278572694,-20.815331613958975,-6.45663,1.49403,78.7939
198,11,0.6122,0.3878,CV,48.486,48.805,-50.21508626377712,-50.28076409057623,-1.62253,0.37703,138.4065
199,7,0.6191,0.3809,CV,23.4015,23.7247,-12.59281744664225,-12.613391882162725,4.24058,1.60146,4504.1224
199,10,0.6186,0.3814,CV,3.653,3.6611,-6.673197044462565,-6.682149815917505,0.15569,0.06127,55.3998
199,12,0.5796,0.4204,CV,8.8452,8.6279,-13.720725584971708,-13.5930580426423,-7.10301,1.66813,75.3163
199,11,0.5872,0.4128,CV,34.0851,33.9915,-82.97027271568437,-82.85733117926961,-4.24328,0.47407,146.6769
200,7,0.6181,0.3819,CV,72.9528,73.1348,-14.49269792465135,-14.498898681966743,4.44562,-3.63001,4684.89
200,10,0.6177,0.3823,CV,4.109,4.0988,-6.6386828307513035,-6.643648557287422,0.34204,0.09228,56.0827
200,12,0.5538,0.4462,CV,11.6647,11.3957,-14.302417174725434,-14.101228491118833,-8.02979,1.70347,76.6936
200,11,0.5582,0.4418,CV,38.3311,38.091,-89.02691788309012,-88.83239945455841,-6.16339,0.27754,160.053
201,7,0.6176,0.3824,CV,29.1999,28.9107,-13.168829391295025,-13.174282064429361,3.23345,-3.42027,4787.4401
201,10,0.6184,0.3816,CV,0.9634,0.9735,-6.142752538798807,-6.152300093551054,0.19243,0.07077,55.8244
201,12,0.5689,0.4311,CV,11.7753,11.5634,-13.904785968021706,-13.802300728353845,-6.94025,1.48721,81.7431
201,11,0.4843,0.5157,CA,60.9062,60.5517,-31.217351582938136,-30.76836278589481,-10.18285,0.3608,177.5521
202,7,0.6176,0.3824,CV,80.8337,81.0054,-21.837312593985878,-21.843254018185696,-3.56921,-2.35161,4799.7363
202,10,0.6185,0.3815,CV,1.5615,1.5552,-6.185482268452265,-6.193977204361972,0.19144,0.0425,55.4767
202,12,0.5203,0.4797,CV,18.2692,17.9122,-12.615438312443201,-12.294727762186398,-9.21167,1.98355,85.7563
202,11,0.5482,0.4518,CV,13.6793,13.1095,-9.176818753241163,-9.090519637432864,-9.12307,0.22923,195.738
203,7,0.6176,0.3824,CV,32.2782,32.19,-17.645407639732316,-17.65172556846834,-3.69989,-1.51865,4749.7324
203,10,0.6187,0.3813,CV,0.4852,0.4793,-7.0075111573305255,-7.016876826687846,0.12596,0.01993,55.4061
203,12,0.5425,0.4575,CV,10.558,10.0958,-10.144261854243009,-9.983192773322374,-8.93282,1.93931,92.9568
203,11,0.5965,0.4035,CV,3.0911,3.2657,-10.068677379416366,-10.087648246557205,-5.84066,-0.09658,211.229
204,7,0.618,0.382,CV,13.2727,13.0976,-15.67457422705373,-15.682460331623863,-2.67636,-1.6853,4775.2658
204,10,0.6188,0.3812,CV,1.9069,1.9112,-7.1207090957170145,-7.130290512858562,-0.03363,-0.04363,55.152
204,12,0.5873,0.4127,CV,12.6092,12.5614,-12.269272465759533,-12.258844845678613,-6.17475,1.0143,103.7815
204,11,0.5943,0.4057,CV,17.7127,17.4332,-30.811358400730324,-30.75092320197112,-6.07563,-0.3278,221.9771
205,7,0.6181,0.3819,CV,39.5045,39.524,-15.120426955188439,-15.127786668814487,-0.1848,-2.27707,4712.8818
205,10,0.6184,0.3816,CV,3.4312,3.4298,-6.245189533372482,-6.252802685659884,-0.26178,-0.04828,55.2513
205,12,0.5926,0.4074,CV,11.4749,11.2537,-21.929090845869297,-21.875149985944994,-5.42378,0.4573,110.404
206,7,0.6143,0.3857,CV,72.6806,72.5273,-16.01841875931163,-16.00984411799598,0.48294,-3.40493,4492.4398
206,10,0.6166,0.3834,CV,5.6404,5.6268,-6.754639153457946,-6.755463709292544,-0.53777,0.00969,54.5429
206,12,0.6123,0.3877,CV,9.3987,9.4717,-10.98628927602443,-11.006637618222454,-2.78364,-0.24338,116.7209
207,7,0.6136,0.3864,CV,48.5602,48.2717,-14.518892710755853,-14.513029844493952,1.30446,-0.91668,4311.4186
207,10,0.6181,0.3819,CV,0.5988,0.5909,-5.872448993144297,-5.882138341028758,-0.33615,-0.03398,54.3668
207,12,0.5763,0.4237,CV,29.5367,29.3918,-24.807148409073896,-24.64953248405373,-5.20375,-0.21934,124.9242
208,7,0.6135,0.3865,CV,42.7533,42.4328,-12.835078861725922,-12.829823977417902,-1.1004,0.72171,4123.8962
208,10,0.6187,0.3813,CV,0.3049,0.3155,-5.9725199769545245,-5.9826884668453975,-0.18751,-0.03615,54.2463
208,12,0.5714,0.4286,CV,22.3427,22.0918,-34.65058689653015,-34.52562325950357,-5.63257,-0.47082,128.7331
209,7,0.6129,0.3871,CV,44.9964,44.7,-13.253994783532782,-13.246086965710683,2.55425,0.40908,3895.9804
209,10,0.6189,0.3811,CV,0.5452,0.5496,-6.273346813636076,-6.283307785059283,-0.08986,-0.05217,54.0427
209,12,0.5878,0.4122,CV,11.9955,11.7491,-21.796818980273027,-21.74606189490968,-4.7358,-0.80786,135.5963
210,7,0.6192,0.3808,CV,49.6214,49.9771,-13.633110519619189,-13.65293244664717,2.94253,-2.00013,3844.3901
210,10,0.6188,0.3812,CV,1.9231,1.9269,-6.426239204180743,-6.435662616197129,0.06477,-0.0648,54.0776
210,12,0.5158,0.4842,CV,44.2982,44.052,-24.771333094245946,-24.405318921495862,-8.37273,-1.34938,140.8362
211,7,0.6183,0.3817,CV,29.1576,29.0594,-12.470425973203188,-12.477325506001128,2.46028,-2.94236,3748.7396
211,10,0.6188,0.3812,CV,2.2712,2.2741,-6.17320869044584,-6.182354833493325,0.09159,0.09239,53.5087
211,12,0.6049,0.3951,CV,23.8333,24.1736,-13.684283776884927,-13.785417040488351,-2.48847,-1.9675,147.3153
212,7,0.6165,0.3835,CV,40.0461,39.8832,-13.621044830118851,-13.621288621579621,2.32871,-3.11606,3705.7534
212,10,0.6186,0.3814,CV,1.7956,1.7906,-6.156002565998453,-6.164579513134508,0.17573,0.07256,53.3707
212,12,0.5852,0.4148,CV,42.7839,42.8675,-29.15646371068153,-29.04584372703975,4.00678,-2.17041,155.8596
213,7,0.6172,0.3828,CV,14.2143,13.9515,-12.912291996488202,-12.918410994348786,1.80061,-2.61894,3624.4218
213,10,0.6188,0.3812,CV,0.7869,0.7968,-6.064727592740356,-6.074589078430948,0.05631,0.02108,53.2698
213,12,0.5525,0.4475,CV,31.9713,31.7143,-41.06789488435306,-40.853224391260284,6.22866,-2.47163,160.4981
214,7,0.6172,0.3828,CV,20.5239,20.3532,-12.811113146623278,-12.816164072055662,1.37606,-1.91131,3597.8781
214,10,0.6187,0.3813,CV,1.4514,1.4495,-6.072694733598789,-6.081711401156401,0.1145,-0.04573,53.1177
215,7,0.6173,0.3827,CV,19.226,19.0587,-13.058933021435717,-13.064172310468958,0.86892,-1.51514,3601.9936
215,10,0.6182,0.3818,CV,3.155,3.1491,-6.130462469466138,-6.137360041216921,0.28404,-0.00255,52.9828
216,7,0.6182,0.3818,CV,8.017,8.1306,-12.500795226616834,-12.509851762664866,0.52415,-1.04796,3547.0624
216,10,0.6185,0.3815,CV,2.063,2.0652,-6.302465565552128,-6.31130262899005,0.14436,0.09611,53.3607
217,7,0.6184,0.3816,CV,10.5973,10.6306,-12.753506136690904,-12.762294243602865,0.58644,-0.73444,3490.6199
217,10,0.6184,0.3816,CV,1.3604,1.3518,-5.975958682760869,-5.984351540200262,0.16004,0.10884,53.2924
218,7,0.6184,0.3816,CV,12.9323,12.8838,-12.971950306032547,-12.98014514361729,0.72322,-1.23778,3470.1937
218,10,0.6186,0.3814,CV,1.4459,1.4468,-5.965569474156698,-5.974693604356374,0.11078,0.07435,52.7113
219,7,0.6186,0.3814,CV,5.0741,5.0112,-12.795855607998604,-12.80492475594389,0.57668,-0.98672,3446.3693
219,10,0.6186,0.3814,CV,1.3487,1.345,-5.904778862238359,-5.9137310603453885,0.15409,0.01428,52.6951
220,7,0.6187,0.3813,CV,17.9645,17.9789,-12.836526269311065,-12.84562436338218,-0.00705,-0.21037,3379.2723
220,10,0.6188,0.3812,CV,0.3803,0.3764,-6.021681053949713,-6.031185268480244,0.10721,-0.01065,52.7111
221,7,0.6121,0.3879,CV,83.5045,83.4507,-15.224702660967006,-15.2062041599028,0.52052,3.35283,3142.0339
221,10,0.6185,0.3815,CV,2.4639,2.4614,-6.067251620147494,-6.075324181669903,0.14441,0.02555,53.3928
222,7,0.6191,0.3809,CV,66.2672,66.6508,-14.41213450922788,-14.432605809540176,0.57371,-0.47501,3215.0708
222,10,0.6185,0.3815,CV,1.7432,1.7396,-6.07610328583119,-6.084631011415427,0.18637,-0.02671,53.2566
223,7,0.6175,0.3825,CV,39.859,39.7909,-13.136591740843773,-13.14000546706972,0.62919,-1.88593,3273.665
223,10,0.6178,0.3822,CV,3.3912,3.3814,-6.244428491421524,-6.250141480433704,0.30027,-0.03692,53.8896
224,7,0.6178,0.3822,CV,13.9885,13.823,-12.311221128930576,-12.318391228801921,0.88969,-1.80303,3241.1383
224,10,0.6183,0.3817,CV,1.0113,1.0075,-6.210489831331967,-6.2192871765657705,0.21778,-0.03566,53.8503
225,7,0.6182,0.3818,CV,7.2767,7.1386,-12.294454459662557,-12.302647824319623,0.70262,-1.50126,3213.3733
225,10,0.6186,0.3814,CV,1.0782,1.0828,-6.234428302639103,-6.2437787120915305,0.1088,-0.03148,53.5857
226,7,0.6186,0.3814,CV,16.9138,16.9624,-12.111997944033272,-12.121278342584363,1.14567,-0.71453,3157.6354
226,10,0.6187,0.3813,CV,1.5018,1.5047,-6.178485190864222,-6.187771571492727,-0.00055,-0.09763,53.8239
227,7,0.6187,0.3813,CV,7.3861,7.3534,-11.988935070443446,-11.998154228631908,0.87429,-0.55532,3117.1009
227,10,0.6188,0.3812,CV,0.712,0.7088,-6.116735612727938,-6.126059024398938,0.03829,-0.08812,54.0186
228,7,0.6188,0.3812,CV,8.0459,8.0638,-12.018727812372237,-12.028319014221005,0.61522,-0.32453,3118.098
228,10,0.6187,0.3813,CV,1.265,1.2627,-6.062582356411213,-6.071612347223036,0.09611,-0.06327,54.3751
229,7,0.616,0.384,CV,63.4411,63.4596,-13.95873863671089,-13.95635592285561,0.44838,1.02865,2925.3043
229,10,0.6187,0.3813,CV,1.4536,1.457,-6.41992590302417,-6.429121669207523,-0.02021,-0.01852,54.8563
230,7,0.6168,0.3832,CV,21.6975,21.5331,-12.476588416272545,-12.48180490276909,1.55828,1.6584,2837.0582
230,10,0.6177,0.3823,CV,5.545,5.546,-8.115966872224114,-8.121039597592322,-0.35286,-0.00435,54.1263
231,10,0.6174,0.3826,CV,3.322,3.3043,-7.0319486023047,-7.036828141053294,-0.44209,-0.00114,54.3263
231,7,0.6195,0.3805,CV,21.4867,21.7075,-11.96971768314901,-11.985031879453087,0.33511,-0.19643,2812.1055
231,14,0.7,0.3,CV,17.8744,17.8744,-10.15950491309292,-10.15950491309292,0.0,0.0,184.0457
232,7,0.6189,0.3811,CV,28.3757,28.4057,-12.141055952634376,-12.14976466963913,0.41337,-1.29039,2806.2601
232,10,0.6179,0.3821,CV,1.4983,1.4774,-6.2427307491584,-6.2505509275711395,-0.35642,-0.04857,54.5657
232,14,0.5148,0.4852,CV,80.7336,80.7336,-64.56690777392502,-64.02888501314435,-6.9718,24.49295,221.1089
233,7,0.6178,0.3822,CV,26.8512,26.7594,-12.153785690265803,-12.158724254002522,0.56826,-1.14438,2815.3874
233,10,0.6187,0.3813,CV,1.437,1.4512,-6.173794658042234,-6.184204995666297,-0.12976,-0.0686,54.3855
233,14,0.523,0.477,CV,12.4802,12.6638,-12.803156639805069,-12.57185142578249,-13.17084,41.37081,358.2827
234,7,0.6156,0.3844,CV,49.0463,48.9436,-14.754850975321329,-14.752300754338702,2.8802,-0.61887,2846.2876
234,10,0.6189,0.3811,CV,1.6706,1.6767,-6.138931824653828,-6.14872556136508,0.04041,-0.05173,54.2869
234,14,0.2966,0.7034,CA,21.3324,20.6587,-13.513093799388606,-12.314308846855823,-13.8768,37.02721,512.167
235,7,0.6143,0.3857,CV,89.0358,89.1691,-23.620482507624462,-23.615564344927893,3.20987,1.77186,2599.1043
235,10,0.6189,0.3811,CV,1.1734,1.1757,-6.164980667306271,-6.17454680983303,-0.04236,-0.0548,54.4918
235,14,0.3766,0.6234,CA,14.5009,11.8117,-9.21711121630253,-8.697987159861903,-15.90909,41.77911,582.0195
236,7,0.616,0.384,CV,21.9807,21.8357,-20.481382688734524,-20.485601850022704,3.12203,-0.07956,2511.0012
236,10,0.6182,0.3818,CV,4.0753,4.0744,-6.846589205088433,-6.853479511875495,-0.27511,0.03491,53.8196
236,14,0.504,0.496,CV,8.2754,5.9594,-8.71289457284362,-8.601478490109375,-11.60968,36.7196,622.3724
237,7,0.618,0.382,CV,15.0624,15.0254,-19.8398891784692,-19.84997342043959,2.97211,-0.1857,2472.9178
237,10,0.6186,0.3814,CV,0.9007,0.8927,-6.188954649490147,-6.198337216825527,-0.17536,0.07038,53.4325
237,14,0.6382,0.3618,CV,7.9985,10.0291,-9.179179733678417,-9.438890565484309,-2.95225,18.85422,617.7819
238,7,0.6194,0.3806,CV,9.3415,9.4677,-17.41658593064783,-17.429744850332376,1.20296,0.44962,2407.6346
238,10,0.6188,0.3812,CV,3.0625,3.0709,-6.0959895620248,-6.105683704908092,0.11549,0.08323,53.227
238,14,0.5814,0.4186,CV,35.0284,35.7016,-16.120354647799147,-15.944816690555285,5.70194,0.96891,547.267
239,7,0.6187,0.3813,CV,29.5506,29.5813,-15.303506929253427,-15.311724341368333,-1.3586,1.07627,2301.101
239,10,0.6181,0.3819,CV,3.7389,3.7337,-6.326807665965264,-6.3332699344272,0.33038,0.03722,53.2639
239,14,0.6005,0.3995,CV,6.4495,5.5765,-8.047398097195172,-8.035153453936875,5.09707,-0.4521,491.4131
240,7,0.6192,0.3808,CV,5.8124,5.8073,-15.648690891391048,-15.659975843977575,-0.64459,1.07206,2224.797
240,10,0.6181,0.3819,CV,2.3511,2.3417,-6.624905846697135,-6.632434460098873,0.26852,0.10856,53.6804
240,14,0.5933,0.4067,CV,9.9522,9.2212,-8.432496094291336,-8.362061069701774,4.51113,-1.18095,430.099
241,7,0.6192,0.3808,CV,23.9194,23.9916,-16.92622117043165,-16.936579961376218,0.71009,-0.24142,2184.6195
241,10,0.6181,0.3819,CV,2.0404,2.0282,-7.399147125037553,-7.40669727326196,0.27869,0.11325,53.3181
241,14,0.6124,0.3876,CV,3.1803,2.5903,-7.717829148851134,-7.7378809144569365,3.30071,-1.23276,385.0941
242,7,0.6158,0.3842,CV,48.5279,48.4753,-15.767931615013632,-15.76415091160759,0.97408,-1.06559,2221.847
242,10,0.6165,0.3835,CV,6.3037,6.2975,-10.21136215417284,-10.21200916286901,0.35566,0.15201,51.0583
242,14,0.6181,0.3819,CV,3.7877,3.4467,-7.89421268342513,-7.909967222648923,2.50376,-1.07378,346.6927
243,7,0.6149,0.3851,CV,33.0185,32.82,-13.436409065363026,-13.433653921771953,0.35504,-1.33259,2255.9923
243,10,0.6163,0.3837,CV,3.3492,3.3206,-8.326800508160956,-8.32921742283294,0.34762,0.16238,49.5527
243,14,0.5721,0.4279,CV,20.1486,19.8088,-11.465267011670816,-11.281711471954445,3.45194,-1.22622,300.8451
244,7,0.6168,0.3832,CV,18.1057,18.1006,-12.444753515897009,-12.45158668346976,-0.70679,-1.26397,2229.1
244,10,0.6171,0.3829,CV,2.9985,2.9799,-7.396917871739294,-7.402663862848264,0.43334,0.21874,48.8949
244,14,0.5767,0.4233,CV,9.1974,8.6708,-10.488698959625617,-10.391664803569732,3.40695,-1.09741,267.7632
245,7,0.6141,0.3859,CV,68.0293,68.0284,-15.198404786537477,-15.190666021113945,-4.3203,-1.609,2153.0957
245,10,0.618,0.382,CV,2.7871,2.7805,-6.5632906144908025,-6.572008702125402,0.1582,0.23501,47.241
245,14,0.5945,0.4055,CV,4.812,4.3364,-13.083266710286644,-13.052595017241735,2.79003,-0.78143,235.7825
246,7,0.6107,0.3893,CV,55.8734,55.7194,-14.201817550804982,-14.18382536475917,-5.03513,-1.77906,2036.8983
246,10,0.6193,0.3807,CV,4.9683,4.9911,-6.31667844467489,-6.3291255541339115,0.00485,0.00634,47.4898
246,14,0.6214,0.3786,CV,4.4673,4.7607,-17.23093124518082,-17.287339046369578,1.4393,-0.66514,209.8289
247,7,0.6114,0.3886,CV,29.7657,29.4593,-12.900121558145017,-12.890137803945255,-5.14685,-0.77005,1965.2813
247,10,0.6184,0.3816,CV,3.2869,3.2813,-5.961889625364421,-5.968777174285096,-0.07409,-0.15848,47.3581
247,14,0.6204,0.3796,CV,4.0626,3.9807,-21.447400682590626,-21.459667283646667,1.00351,-0.8584,183.0302
248,7,0.6056,0.3944,CV,49.4368,49.171,-16.011092305867994,-15.975827445213787,-5.67572,1.94254,1842.3731
248,10,0.6154,0.3846,CV,6.5941,6.5776,-7.3076139344984075,-7.303190373898868,-0.16963,-0.26218,48.4521
248,14,0.6209,0.3791,CV,11.9337,12.0234,-24.318582778393072,-24.3344512421197,0.4974,-0.55597,168.9592
249,10,0.6144,0.3856,CV,5.4406,5.4107,-6.765270574524124,-6.76129471646128,-0.28938,-0.20225,49.7627
249,14,0.6192,0.3808,CV,4.7834,4.7441,-25.75762421850424,-25.765606834896346,0.48931,-0.6714,152.5244
249,7,0.5601,0.4399,CV,89.7269,89.3661,-21.754194625661704,-21.540368401043708,-5.19911,8.10169,1625.4554
250,10,0.6153,0.3847,CV,4.0997,4.0772,-6.810745162119774,-6.811982280651546,-0.3953,-0.15786,50.1073
250,14,0.6166,0.3834,CV,7.0348,6.9996,-24.962094339728438,-24.961624890289116,0.80311,-0.69495,138.4929
251,10,0.6166,0.3834,CV,9.5771,9.5982,-8.425138148233167,-8.430227823173704,-0.24717,0.16092,47.1062
251,14,0.6122,0.3878,CV,9.256,9.2035,-21.6741344966416,-21.65875908259018,1.17741,-0.78118,126.3096
252,10,0.6177,0.3823,CV,6.31,6.326,-6.8483074836861,-6.856154483684868,-0.26532,-0.05626,48.7469
252,14,0.6118,0.3882,CV,7.5703,7.5142,-17.61402383854845,-17.603462615348068,1.19891,-0.69716,118.1565
253,10,0.6187,0.3813,CV,3.408,3.4225,-8.739439518597157,-8.750077368050704,-0.0926,0.04582,48.194
253,14,0.6133,0.3867,CV,5.5955,5.5401,-15.789538024860045,-15.786142869611666,0.89602,-0.74536,111.1926
254,10,0.6183,0.3817,CV,4.0312,4.0345,-6.908636093266843,-6.916068260510896,-0.19179,-0.10109,49.0106
254,14,0.6138,0.3862,CV,8.5583,8.5462,-17.963265297662055,-17.95965493485509,0.9196,-0.53036,100.0744
255,10,0.6167,0.3833,CV,7.82,7.8267,-10.41910711965211,-10.420178700968561,-0.27722,0.14257,46.7091
255,14,0.6154,0.3846,CV,5.9626,5.9518,-14.888435097724166,-14.890996877688684,0.70944,-0.61816,94.8586
256,10,0.6174,0.3826,CV,8.8006,8.8233,-8.073581272784153,-8.080230773832437,-0.23241,-0.11849,48.7801
256,14,0.6162,0.3838,CV,3.3888,3.344,-16.20352430046418,-16.20683663518463,0.55331,-0.6286,88.6509
257,10,0.6162,0.3838,CV,4.8306,4.8073,-6.823894633640461,-6.824155410991418,-0.27026,-0.23986,50.4677
257,14,0.6159,0.3841,CV,3.927,3.8841,-11.473499742515296,-11.474343287534131,0.57592,-0.60696,82.8928
258,10,0.6169,0.3831,CV,2.5955,2.5738,-6.444175158026215,-6.449245513216281,-0.24028,-0.28184,50.6446
258,14,0.6149,0.3851,CV,6.4118,6.3887,-9.59515849801959,-9.5923821636043,0.40721,-0.60712,80.0135
259,10,0.617,0.383,CV,3.219,3.2043,-6.542646575415891,-6.547355975712763,-0.11765,-0.18644,52.1046
259,14,0.6167,0.3833,CV,3.8075,3.7958,-11.230358106183694,-11.236643662394297,0.42909,-0.50307,74.5833
260,10,0.6182,0.3818,CV,2.932,2.9481,-6.250259043487469,-6.2598703741416655,-0.15194,-0.08502,51.908
260,14,0.6161,0.3839,CV,4.8679,4.8471,-8.010648243552243,-8.011527050288416,0.45377,-0.53261,68.9436
261,10,0.6169,0.3831,CV,6.5635,6.5623,-7.4791133833559,-7.48113999579806,-0.22311,-0.19527,50.2079
261,14,0.6169,0.3831,CV,2.3525,2.3176,-8.662254839589544,-8.667857325195813,0.43654,-0.42518,64.3266
262,10,0.6181,0.3819,CV,1.4486,1.4436,-5.932470329030815,-5.9419268379138455,-0.04828,-0.17363,50.242
262,14,0.6164,0.3836,CV,5.0436,5.0325,-8.570971698405405,-8.572788616535465,0.19168,-0.6598,60.9017
263,10,0.618,0.382,CV,4.7191,4.7221,-6.410510596248427,-6.417549691413053,0.25367,-0.28111,51.1342
263,14,0.612,0.388,CV,8.5285,8.5107,-11.199436533646644,-11.183859480079779,-0.32318,-0.84898,58.3906
264,10,0.6186,0.3814,CV,1.2871,1.2818,-5.879576084449182,-5.889293362489924,0.11262,-0.22785,51.0177
264,14,0.607,0.393,CV,8.6636,8.6154,-12.952559120832628,-12.922166006415424,-0.5862,-0.92953,56.6494
265,10,0.6185,0.3815,CV,1.6007,1.5867,-5.874030363365022,-5.882466731180522,0.13736,-0.22315,50.834
265,14,0.6103,0.3897,CV,4.5315,4.4739,-10.50896347693621,-10.49979264304941,-0.38436,-0.80378,55.1526
266,10,0.6187,0.3813,CV,2.9582,2.9641,-6.049771493720639,-6.059123936965923,-0.12957,-0.15239,50.7448
266,14,0.6149,0.3851,CV,9.7719,9.7987,-19.81441110309975,-19.820118320114467,0.02368,-0.57987,49.506
267,10,0.6187,0.3813,CV,0.7988,0.7875,-5.854674746014235,-5.8639305360983345,-0.11129,-0.13411,50.6444
267,14,0.6167,0.3833,CV,3.8306,3.8293,-12.098202488794193,-12.104595221423168,-0.15378,-0.55462,47.5901
268,10,0.6187,0.3813,CV,1.3698,1.3694,-5.930790846014211,-5.939993609745561,-0.10759,-0.08141,51.0133
268,14,0.6141,0.3859,CV,5.3096,5.2852,-7.358869868812581,-7.351548653370004,-0.09908,-0.73137,46.0626
269,10,0.6187,0.3813,CV,0.4719,0.4647,-6.0942241686897125,-6.1033656439001716,-0.08308,-0.05875,51.1741
269,14,0.617,0.383,CV,1.7087,1.6931,-8.98608140054451,-8.994716533299712,-0.14514,-0.44524,44.0848
270,10,0.6187,0.3813,CV,0.8555,0.8589,-5.927668417707985,-5.936983739154679,-0.05965,-0.00237,50.9567
270,14,0.6175,0.3825,CV,2.3396,2.3233,-8.024613874035296,-8.030992695705164,0.00736,-0.42744,41.936
271,10,0.6187,0.3813,CV,2.0672,2.07,-5.951484612027306,-5.960414115444139,0.09645,-0.04678,50.8669
271,14,0.6138,0.3862,CV,7.5975,7.5902,-7.701260000983,-7.691609199549722,0.42341,-0.28377,41.4893
272,10,0.6184,0.3816,CV,2.6174,2.6141,-6.173364163947889,-6.181189566449582,0.21237,0.0635,50.8642
272,14,0.6153,0.3847,CV,5.3751,5.3734,-6.859502572426589,-6.861509335569297,-0.00885,-0.38292,40.6916
273,10,0.6188,0.3812,CV,1.3249,1.3342,-6.080378937631377,-6.090207534173226,0.07248,-0.03603,50.8677
273,14,0.6155,0.3845,CV,4.5737,4.5625,-6.11275139056254,-6.11338547268042,-0.28063,-0.26422,39.9226
274,10,0.6187,0.3813,CV,2.3242,2.327,-6.140422557896045,-6.149361086710027,-0.10653,-0.08082,50.8675
274,14,0.6062,0.3938,CV,13.2232,13.1988,-14.0227382656403,-13.98379028142087,-0.45837,-0.19727,42.5982
275,10,0.6182,0.3818,CV,3.5547,3.5519,-6.811451315487377,-6.818545465702959,-0.10175,-0.07761,49.6384
275,14,0.617,0.383,CV,5.463,5.517,-10.267144026963209,-10.287569965638582,-0.16845,-0.16431,40.7191
276,10,0.6179,0.3821,CV,4.365,4.3662,-6.347316300234965,-6.353948485322797,-0.35176,0.01235,49.9526
277,10,0.6177,0.3823,CV,3.2378,3.2259,-6.142068725556326,-6.148206170542934,-0.33777,-0.0045,48.9425
278,10,0.6183,0.3817,CV,2.068,2.0636,-5.801143315613495,-5.8099039399257055,-0.30429,0.06056,48.9352
279,10,0.618,0.382,CV,2.4863,2.4716,-6.101593760809851,-6.1085455030028735,-0.32575,0.07302,48.1784
280,10,0.618,0.382,CV,2.6975,2.6882,-5.9634682852461856,-5.970510955725908,-0.33838,0.09186,48.2632
281,10,0.6181,0.3819,CV,1.9867,1.9745,-5.8617255902664045,-5.8695643136849815,-0.29537,0.10599,47.5157
282,10,0.6186,0.3814,CV,1.1334,1.1349,-5.773352229366385,-5.782954018894725,-0.1942,0.03899,47.3893
283,10,0.6187,0.3813,CV,1.9437,1.9483,-5.819934938269883,-5.829294163414134,-0.06168,-0.07077,47.4857
284,10,0.6188,0.3812,CV,2.4749,2.481,-6.058189365939335,-6.067601896166581,-0.05348,0.0298,46.4321
285,10,0.6188,0.3812,CV,1.6338,1.6399,-5.854068463013266,-5.863671787005299,0.02235,0.00286,46.4803
286,10,0.6177,0.3823,CV,5.1831,5.1841,-6.603481295987045,-6.608267636826747,-0.33023,-0.08716,46.5034
287,10,0.618,0.382,CV,1.4517,1.4337,-5.762133515573089,-5.769595456464596,-0.29343,-0.0473,46.3624
288,10,0.6181,0.3819,CV,3.2121,3.215,-6.94791547635289,-6.955663986979129,-0.09116,-0.0803,47.1528
289,10,0.6182,0.3818,CV,1.0335,1.0223,-6.933607223007013,-6.941603370639789,-0.04268,-0.05279,47.5993
290,10,0.6178,0.3822,CV,2.8947,2.8881,-7.6355385242113165,-7.64174623001666,0.08422,-0.01915,48.5003
291,10,0.6178,0.3822,CV,3.0213,3.0168,-6.88027061106544,-6.886733802542761,0.23443,-0.03458,48.8919
291,15,0.7,0.3,CV,14.7723,14.7723,-10.326212078443817,-10.326212078443817,0.0,0.0,80.3377
292,10,0.6179,0.3821,CV,2.1318,2.1239,-7.042806246161126,-7.04991232344804,0.26248,-0.01405,48.9674
292,15,0.6421,0.3579,CV,15.4027,15.4027,-12.548981738168306,-12.536398053631828,6.01412,-0.83613,107.4245
293,10,0.6181,0.3819,CV,2.6608,2.6583,-6.955501709979865,-6.96321037577863,0.20959,0.01008,48.5196
293,15,0.6222,0.3778,CV,8.8342,8.7108,-16.048831577131033,-16.037813971174028,9.19044,0.3084,155.6081
294,10,0.618,0.382,CV,2.3408,2.327,-7.193831913553716,-7.200856038083256,0.24819,0.00419,48.2643
294,15,0.4771,0.5229,CA,20.9273,20.5449,-13.400776443855992,-12.829202201044646,23.99684,1.0112,217.1859
295,10,0.6185,0.3815,CV,2.4102,2.414,-9.32241710122916,-9.331792192562599,0.19003,-0.1296,48.9763
295,15,0.4702,0.5298,CA,11.683,10.5107,-9.231158031376356,-8.842019904407312,28.78885,1.60179,266.101
296,10,0.6186,0.3814,CV,1.8913,1.8924,-11.452028522565245,-11.461216814086075,0.12559,-0.0564,49.881
297,10,0.6186,0.3814,CV,2.6593,2.6602,-10.714171594185949,-10.722790381503,0.16989,-0.0758,49.3339
298,10,0.6182,0.3818,CV,4.3219,4.3252,-13.255447260820125,-13.262738617778918,-0.02119,0.16077,48.3733
299,10,0.6178,0.3822,CV,2.8981,2.8824,-13.833867779074083,-13.839935236392606,-0.00565,0.23695,47.5403
300,10,0.6168,0.3832,CV,3.8953,3.874,-12.08321411586007,-12.085452397458472,-0.00353,0.31366,46.1591
301,10,0.6137,0.3863,CV,5.6596,5.6319,-11.956306990435554,-11.947073468056342,0.05701,0.31377,43.7259
302,10,0.6072,0.3928,CV,7.483,7.4532,-9.457713536582645,-9.42586909007529,0.33959,-0.09974,40.5649
303,10,0.6137,0.3863,CV,2.635,2.6111,-7.328076006034486,-7.333204053991221,0.42973,0.14373,38.4684
303,15,0.5,0.5,CA,95.4788,95.5825,-18.096691108188004,-18.03682295220429,-3.47766,-1.25551,219.7046
304,10,0.6163,0.3837,CV,2.0386,2.0053,-7.956890262677991,-7.963091319599467,0.20642,0.19062,35.6514
304,15,0.578,0.422,CV,17.2372,17.3115,-11.112554835864538,-11.124794103481449,-1.64717,-0.9291,197.1067
305,10,0.6139,0.3861,CV,3.4983,3.4686,-10.02956785964988,-10.02218130717712,-0.01348,0.13654,32.0833
305,15,0.6055,0.3945,CV,19.6454,19.7405,-18.95928515643385,-18.972606299797675,0.18791,-0.53643,191.5874
306,10,0.6201,0.3799,CV,1.094,1.1263,-9.542340154624778,-9.564529771024407,-0.0,-0.01159,29.346
306,15,0.6105,0.3895,CV,23.431,23.4495,-33.62991818239239,-33.623903732406845,1.0463,-0.14409,180.633
307,15,0.5899,0.4101,CV,42.9248,42.8723,-73.1904133752032,-73.09128711553879,3.74971,0.232,189.1393
307,10,0.6193,0.3807,CV,2.0413,2.0325,-8.47448690911097,-8.484024493125542,0.20854,-0.03949,26.1797
308,15,0.5732,0.4268,CV,38.1162,37.9061,-68.97704955970883,-68.83956050783534,5.15969,0.51097,201.7929
308,10,0.6183,0.3817,CV,3.157,3.1589,-6.052369940854732,-6.058732906479959,0.35113,0.18666,23.7048
309,15,0.5565,0.4435,CV,39.8931,39.6048,-64.96366794753766,-64.78266153747808,6.64194,0.67712,209.1123
310,15,0.5282,0.4718,CV,45.0793,44.7177,-51.42303045847677,-51.15232726031905,9.04408,0.7871,218.9954
311,15,0.5027,0.4973,CV,43.2553,42.7697,-40.29521317488422,-39.962980626132435,12.04218,0.83513,235.5316
312,15,0.3541,0.6459,CA,69.7326,69.1068,-38.27013021205023,-37.36313848336431,21.93283,1.13772,256.2531
313,15,0.4473,0.5527,CA,21.4839,20.4727,-19.333741133080622,-19.026330020981135,24.76661,1.49726,287.4377
314,15,0.535,0.465,CV,8.5578,7.5799,-22.505379220292525,-22.41820756932722,21.86637,1.75074,313.9078
315,15,0.5678,0.4322,CV,9.1211,8.2575,-19.326482435621653,-19.246727794189724,18.84643,1.99742,327.5496
316,15,0.5734,0.4266,CV,10.6123,9.7806,-15.264733070896245,-15.160144265734715,17.46393,2.14898,331.1112
316,10,0.5,0.5,CA,51.6875,51.6885,-41.10588456261148,-40.99024971023111,-0.83358,-0.00504,21.746
317,15,0.5986,0.4014,CV,6.1228,5.6168,-10.560228196049934,-10.551495862626165,12.72231,2.18786,325.2736
317,10,0.5745,0.4255,CV,2.5034,2.4822,-5.3594062991347915,-5.357239411670437,-0.5883,0.00065,19.285
318,15,0.6133,0.3867,CV,4.8157,4.5872,-7.935518595264624,-7.951525923120951,8.34556,1.96535,312.1398
318,10,0.6037,0.3963,CV,4.3966,4.4176,-5.861775245929671,-5.872925232340463,-0.20202,0.06514,19.4229
319,15,0.6188,0.3812,CV,5.2646,5.1576,-9.463759557455575,-9.481344417574345,5.15743,1.76198,294.3972
319,10,0.6108,0.3892,CV,6.046,6.0434,-6.704371314148588,-6.702220275551847,0.0586,-0.05314,20.8589
320,15,0.6218,0.3782,CV,7.981,8.0322,-18.338259455170977,-18.36024667607983,2.39596,1.43886,281.1179
320,10,0.6131,0.3869,CV,4.8545,4.842,-6.3275957041297435,-6.3247856113770675,0.22634,0.01555,22.3931
321,15,0.6188,0.3812,CV,15.7112,15.7855,-27.814860790958335,-27.819956193543312,-1.05615,1.0023,268.8896
321,10,0.6065,0.3935,CV,13.5845,13.5636,-11.682103892123127,-11.648289214772163,0.29006,0.14089,26.4847
322,15,0.6174,0.3826,CV,9.171,9.1222,-25.163118694464494,-25.166557105736025,-1.23584,0.89379,251.4576
322,10,0.6051,0.3949,CV,11.4323,11.3863,-9.372528334935334,-9.342203643798394,0.3521,0.17198,31.5686
323,15,0.6178,0.3822,CV,4.7407,4.6934,-23.820235740273944,-23.82760316275734,-1.19783,0.42691,241.5677
323,10,0.6072,0.3928,CV,9.8433,9.7999,-8.603617280259577,-8.584466539665966,0.52119,0.1451,35.2174
324,15,0.6104,0.3896,CV,21.0861,21.0361,-34.162323504087674,-34.13758698942177,-2.01962,0.04229,243.7513
324,10,0.6108,0.3892,CV,7.2693,7.2379,-7.750765783692561,-7.743503389554551,0.62769,0.12154,37.5951
325,15,0.6002,0.3998,CV,27.4218,27.3089,-29.451158779772953,-29.395007767781106,-3.14172,0.26815,239.1745
325,10,0.6127,0.3873,CV,5.8881,5.8525,-7.1370732999289395,-7.132443445249337,0.67723,0.08859,40.4269
326,15,0.5861,0.4139,CV,33.0684,32.8978,-37.4030620859069,-37.30344726621769,-4.26524,0.55697,236.5702
326,10,0.614,0.386,CV,6.1031,6.0792,-7.141367155662653,-7.1396913079293665,0.71877,0.0788,42.5374
327,15,0.5839,0.4161,CV,27.1806,26.9859,-29.77560241069139,-29.687544359598235,-4.61324,1.04259,229.0006
327,10,0.6141,0.3859,CV,5.6062,5.5682,-6.973184108036817,-6.969847058929705,0.79632,0.05728,45.43
328,15,0.5978,0.4022,CV,19.2737,19.1745,-35.54210431014758,-35.514663481229654,-3.79664,0.45532,240.1176
328,10,0.6145,0.3855,CV,5.0071,4.9636,-6.828028525099186,-6.826086376161354,0.82012,0.06016,48.6291
329,15,0.6013,0.3987,CV,17.4021,17.2105,-26.610604657352326,-26.57748146638884,-3.39134,0.53362,252.8392
329,10,0.6154,0.3846,CV,3.94,3.8948,-6.672896723307499,-6.674088775115468,0.76558,0.0671,51.9752
330,15,0.593,0.407,CV,31.1024,30.9201,-33.08863877048327,-33.015902287255365,-4.15053,1.24807,259.6078
330,10,0.6156,0.3844,CV,4.3706,4.3293,-6.791578996844402,-6.792621417057759,0.7474,0.11878,54.8429
331,15,0.5879,0.4121,CV,31.0653,30.8264,-30.09063164734922,-30.009002243049288,-4.57617,1.6845,273.2447
331,10,0.616,0.384,CV,4.1405,4.1025,-6.981036579362138,-6.983286469685703,0.68774,0.1667,57.0738
332,15,0.5897,0.4103,CV,29.4696,29.2131,-27.894734128586173,-27.827931984158376,-4.37685,2.05033,296.51
332,10,0.6165,0.3835,CV,3.7908,3.7588,-7.41657504086273,-7.4205887510160276,0.58029,0.12783,58.697
333,15,0.5915,0.4085,CV,30.5071,30.2458,-22.909001805157793,-22.846847221201436,-4.21437,2.656,316.4394
333,10,0.6172,0.3828,CV,2.8107,2.7755,-7.675733131417782,-7.681518312263421,0.48363,0.15343,60.4808
334,15,0.5914,0.4086,CV,39.8317,39.5976,-26.50043028238406,-26.43526280743594,-4.03581,2.52807,360.3726
334,10,0.6172,0.3828,CV,3.6376,3.6095,-7.5843326760421075,-7.5893354652563065,0.55942,0.13315,62.7789
335,15,0.5927,0.4073,CV,40.0461,39.7484,-21.70307506724008,-21.64371754731753,-3.83359,2.63567,415.9066
335,10,0.6175,0.3825,CV,2.6958,2.6629,-8.472050661399535,-8.478357018423784,0.49171,0.13118,64.3447
336,15,0.595,0.405,CV,43.618,43.3194,-20.233783952130956,-20.181933984042626,-3.45831,2.78022,480.8981
336,10,0.6178,0.3822,CV,2.398,2.3704,-9.872737807371788,-9.879892763968684,0.40182,0.1799,65.6413
337,15,0.5978,0.4022,CV,45.0915,44.7864,-17.971380719561814,-17.9277936982974,-3.08198,3.04322,557.4657
337,10,0.6175,0.3825,CV,3.5546,3.5294,-9.950971849802524,-9.956379761549677,0.42818,0.12624,66.2732
338,15,0.6001,0.3999,CV,48.2439,47.9424,-15.662596006479466,-15.624465287148727,-2.6908,3.39009,647.0841
338,10,0.6176,0.3824,CV,2.9067,2.8793,-8.968370194328907,-8.974592919939536,0.46255,0.08752,67.3001
338,16,0.7,0.3,CV,7.1872,7.1872,-9.245757864897008,-9.245757864897008,0.0,0.0,240.0119
339,15,0.6033,0.3967,CV,44.1759,43.8723,-13.669150958612992,-13.64068544878494,-2.46016,3.72977,735.19
339,10,0.6173,0.3827,CV,3.5853,3.5579,-8.61465483205618,-8.619624500091865,0.53102,0.03713,68.2223
339,16,0.6488,0.3512,CV,2.3094,2.3094,-8.232520613951676,-8.249059975929104,1.11142,0.05173,325.9225
340,15,0.6062,0.3938,CV,39.9506,39.6585,-13.385443255663542,-13.36464747349875,-2.30852,3.96011,820.7938
340,10,0.6168,0.3832,CV,4.2529,4.2236,-8.149422195321637,-8.1526484831708,0.62255,0.02227,69.2233
340,16,0.6457,0.3543,CV,3.9423,3.9683,-8.233972719742495,-8.314666664462786,-3.17009,1.44159,466.4752
341,15,0.6081,0.3919,CV,38.9526,38.6697,-12.746431693772506,-12.729171630205776,-2.36822,4.16605,911.1881
341,10,0.6165,0.3835,CV,4.3848,4.3525,-7.643975191038552,-7.646415483362378,0.6388,0.11507,69.4164
341,16,0.6171,0.3829,CV,21.8129,21.8762,-10.970876100308892,-10.932898609764585,4.22638,2.64728,585.7242
342,15,0.61,0.39,CV,34.225,33.9431,-12.061827592601833,-12.049748234524126,-2.51436,4.09197,1005.4168
342,10,0.6168,0.3832,CV,3.3095,3.2741,-7.170643561183518,-7.1748666074747725,0.61931,0.05706,69.9925
342,16,0.6499,0.3501,CV,9.1502,10.0512,-8.918866131685022,-9.064773423768237,1.97065,-0.00378,610.4152
343,15,0.6113,0.3887,CV,32.5007,32.2274,-12.003845388229344,-11.994657385578826,-2.63364,4.03377,1101.7465
343,10,0.6167,0.3833,CV,3.7495,3.7149,-7.128443686639461,-7.131872179938186,0.63762,0.03148,70.527
343,16,0.5875,0.4125,CV,31.0158,31.1745,-13.699775977585471,-13.531972985389135,-4.29397,0.14595,570.7558
344,15,0.6118,0.3882,CV,34.8254,34.5543,-12.340667423342458,-12.331589730376086,-2.75662,3.91684,1227.6164
344,10,0.6173,0.3827,CV,2.5016,2.468,-6.893886978216981,-6.899912579075123,0.54842,-0.02855,70.9098
344,16,0.5661,0.4339,CV,13.958,13.1621,-11.771974912526588,-11.609049843782145,-3.45673,-0.76658,516.5648
345,15,0.6131,0.3869,CV,30.0312,29.7733,-12.030695920396768,-12.026188310051506,-2.37631,4.03061,1331.8318
345,10,0.6171,0.3829,CV,3.6356,3.607,-7.149583934741898,-7.153998511149364,0.55244,-0.00652,70.6467
346,15,0.6152,0.3848,CV,18.5264,18.3299,-11.812699121188201,-11.815509106302457,-1.32675,3.54456,1428.1722
346,10,0.6168,0.3832,CV,4.0753,4.0458,-7.330738560141702,-7.334042872210317,0.56933,0.07755,70.037
347,15,0.6166,0.3834,CV,47.0916,47.1632,-13.045433469339264,-13.050799883030697,-0.91685,0.80152,1621.4061
347,10,0.6175,0.3825,CV,2.5148,2.4893,-6.748144524583784,-6.754988791430429,0.51883,-0.00113,70.3595
348,15,0.6168,0.3832,CV,31.3432,31.295,-12.580274367592972,-12.584310487661043,-1.57048,-0.74481,1780.7522
348,10,0.6179,0.3821,CV,2.1661,2.1419,-6.495928650004438,-6.503369440017433,0.45793,-0.01606,70.8087
349,15,0.6162,0.3838,CV,36.8722,36.7832,-12.737183789023408,-12.738781964320642,-2.58621,-1.6216,1893.3674
349,10,0.6176,0.3824,CV,3.2472,3.2224,-6.566328175142439,-6.571812351026919,0.49938,-0.01303,70.6383
350,15,0.6157,0.3843,CV,35.0968,34.9304,-12.609059208054997,-12.609009565870943,-2.80604,-2.52731,2032.5512
350,10,0.6178,0.3822,CV,2.353,2.3277,-6.415938915531751,-6.422748638374563,0.44492,0.01697,70.2048
351,15,0.6168,0.3832,CV,18.468,18.3408,-12.256080442920478,-12.261486833617553,-1.76282,-2.55601,2159.9835
351,10,0.6178,0.3822,CV,2.9799,2.9619,-6.460086885605712,-6.466791075328227,0.38069,0.02009,69.1202
352,15,0.6172,0.3828,CV,20.4695,20.3645,-12.296122584855151,-12.301938717692357,-1.36395,-2.35261,2261.2122
352,10,0.6184,0.3816,CV,1.4143,1.4007,-6.247200043142458,-6.256200424479188,0.32267,-0.00888,69.0668
353,15,0.6175,0.3825,CV,30.5512,30.5331,-13.802434789699765,-13.808799958326844,-0.47594,-1.17517,2319.927
353,10,0.6184,0.3816,CV,1.9047,1.8882,-6.338017734285747,-6.3462959366934655,0.32616,-0.03552,68.9635
354,15,0.6163,0.3837,CV,77.1604,77.2448,-16.591739961103396,-16.59225539447362,-1.19443,-2.97566,2606.8757
354,10,0.6186,0.3814,CV,0.923,0.9138,-6.274064148712979,-6.283371574737366,0.23587,-0.0288,68.9706
355,15,0.6159,0.3841,CV,34.6339,34.4001,-13.521371246269831,-13.522412676184924,-0.79033,-3.1831,2860.1341
355,10,0.6187,0.3813,CV,1.3511,1.3498,-6.342086758714675,-6.351486665102519,0.14902,-0.06387,68.2789
356,15,0.6167,0.3833,CV,30.3986,30.3186,-13.515125462667333,-13.520025553768091,-1.49646,-3.09426,2963.7891
356,10,0.6187,0.3813,CV,3.5414,3.5486,-7.939315919815439,-7.948305786167845,-0.15257,-0.09594,68.0744
357,15,0.6171,0.3829,CV,27.8288,27.7313,-13.513505409582756,-13.518628237020609,-1.99113,-2.64525,3063.5792
357,10,0.6185,0.3815,CV,2.7105,2.7041,-9.26563464539222,-9.273742174265294,-0.22254,-0.04611,67.0745
358,15,0.6179,0.3821,CV,26.3704,26.4086,-12.659485264445186,-12.667678880124345,-0.21611,-1.6395,3159.5901
358,10,0.6187,0.3813,CV,0.8313,0.8189,-9.059864508797961,-9.069232808935865,-0.1676,-0.01581,66.4227
359,15,0.6178,0.3822,CV,26.9875,26.9012,-13.036641455603606,-13.043065078082314,-1.4375,-1.27097,3257.5136
359,10,0.6189,0.3811,CV,0.9143,0.9251,-8.226166506045635,-8.23637462414195,-0.05094,-0.02241,66.2609
360,15,0.6168,0.3832,CV,54.131,54.0964,-15.300934510906796,-15.303355413152872,-3.67728,-2.44963,3475.7566
360,10,0.6188,0.3812,CV,2.0685,2.072,-7.474308493594156,-7.483656527247491,0.04323,0.03669,66.5358
361,15,0.6174,0.3826,CV,22.8677,22.702,-14.994532913282843,-15.000768134680214,-2.76961,-2.53587,3597.3756
361,10,0.6186,0.3814,CV,2.0419,2.0377,-7.291198542077483,-7.299689688539987,0.14881,0.06743,66.5137
362,15,0.6173,0.3827,CV,42.724,42.6908,-14.024930638338994,-14.030062528595566,-0.55938,-2.68033,3613.2666
362,10,0.6186,0.3814,CV,1.4824,1.4777,-6.9747227270248535,-6.983429955313857,0.17833,0.01403,66.0887
363,15,0.6146,0.3854,CV,64.2556,64.1043,-14.030027873723762,-14.02389784599788,2.21643,-2.81069,3567.176
363,10,0.6186,0.3814,CV,1.1886,1.1802,-6.812469361977889,-6.821166958719671,0.18044,-0.01964,65.8363
364,15,0.6134,0.3866,CV,46.4064,46.0623,-14.341351518620112,-14.3342801362837,3.13178,-1.99311,3534.0243
364,10,0.6186,0.3814,CV,1.2232,1.2155,-6.846418989235903,-6.855284381676722,0.17388,-0.01619,65.4254
365,15,0.6123,0.3877,CV,46.5244,46.1433,-14.949966722657855,-14.93976306347756,2.06988,-0.93103,3458.1812
365,10,0.6184,0.3816,CV,2.228,2.2195,-6.842190228653422,-6.850411536352624,0.21332,-0.02935,64.6184
366,15,0.617,0.383,CV,32.7372,32.8127,-12.427766216531673,-12.439166759877986,-1.06085,-2.70688,3471.3516
366,10,0.6184,0.3816,CV,1.8516,1.839,-6.322083666857679,-6.330463442036769,0.248,-0.0665,64.1549
367,15,0.6164,0.3836,CV,28.916,28.6033,-12.503484230611217,-12.505435067890355,-1.51736,-2.95531,3396.82
367,10,0.6186,0.3814,CV,1.0709,1.0572,-6.242027331272545,-6.251200661735548,0.21779,-0.07211,63.8313
368,15,0.6172,0.3828,CV,31.86,31.7783,-12.385804194051873,-12.392006496692481,-1.31547,-4.37395,3375.8926
368,10,0.6188,0.3812,CV,0.6895,0.6786,-6.205794593710914,-6.215319046204441,0.17795,-0.04356,63.5001
368,19,0.7,0.3,CV,13.5798,13.5798,-14.873044075416953,-14.873044075416953,0.0,0.0,47.2969
369,15,0.6172,0.3828,CV,24.191,23.9713,-12.201575954352606,-12.206518821618284,-0.12403,-4.42152,3321.2012
369,10,0.6188,0.3812,CV,1.0172,1.0132,-6.167065006426568,-6.176462731386424,0.14358,-0.0393,63.4349
369,19,0.6362,0.3638,CV,14.5309,14.5309,-49.06867362879738,-49.030308652568294,6.97034,-1.30309,63.9115
370,15,0.617,0.383,CV,29.1308,28.9845,-12.362689724732183,-12.36689239550171,-0.49391,-4.4298,3311.9206
370,10,0.6187,0.3813,CV,1.1834,1.1766,-6.217497607559744,-6.226584907324691,0.16486,-0.0171,62.9933
370,19,0.4476,0.5524,CA,24.3775,24.2125,-41.91220337789763,-41.2008420129378,22.10342,-1.52495,118.5751
371,15,0.6179,0.3821,CV,22.4025,22.3695,-12.307416312078567,-12.315606897563129,0.94572,-3.04495,3235.1111
371,10,0.6188,0.3812,CV,0.7002,0.7009,-6.352126660080112,-6.361709508730304,0.09406,-0.02072,62.356
371,19,0.0323,0.9677,CA,41.2598,40.2574,-45.72727707635974,-42.09922508474817,66.51446,-8.57652,238.341
372,15,0.6183,0.3817,CV,27.1375,27.1657,-12.308987081880161,-12.317700131889692,0.42216,-0.94269,3117.1844
372,10,0.6189,0.3811,CV,0.923,0.9236,-6.233354283619583,-6.243009620216323,0.02203,-0.00445,61.6741
372,19,0.2794,0.7206,CA,13.4735,12.1693,-33.106496190380454,-32.51768213516211,81.5345,-14.59523,282.8811
373,15,0.6184,0.3816,CV,43.0308,43.1338,-12.741441716496041,-12.74968692753449,0.58486,-1.49632,3169.0641
373,10,0.6189,0.3811,CV,0.7805,0.7806,-6.521707673355526,-6.531450454250738,-0.02995,-0.0371,61.2101
373,19,0.3596,0.6404,CA,9.6568,7.3694,-17.269004633397305,-16.700806865628792,89.07583,-12.98886,332.2316
374,15,0.6174,0.3826,CV,29.6917,29.5864,-12.487245824670612,-12.491573616388186,0.34122,-1.49505,3226.8197
374,10,0.6188,0.3812,CV,1.6438,1.6464,-6.281484759727031,-6.2909397998263605,-0.06116,0.00243,61.356
374,19,0.4982,0.5018,CA,5.4137,3.4604,-10.643481215479138,-10.532824525883031,78.09974,-12.56463,350.8919
375,15,0.617,0.383,CV,24.839,24.6695,-12.592095692392627,-12.595802098870914,0.47583,-1.4818,3273.0561
375,10,0.6189,0.3811,CV,0.1306,0.1334,-6.485496269543158,-6.495069991178412,-0.03128,-0.00174,61.0228
375,19,0.6179,0.3821,CV,8.4037,8.9204,-9.662207986587749,-9.84305406784782,42.26814,-7.4437,307.9071
376,15,0.6175,0.3825,CV,16.2974,16.2187,-12.481877557489465,-12.488352733801271,1.12429,-0.74342,3300.0047
376,10,0.6188,0.3812,CV,1.2537,1.2561,-6.362975169659763,-6.372398954859715,0.05052,0.03277,60.4204
376,19,0.6755,0.3245,CV,6.1987,7.4713,-7.681769376323574,-7.941247682853168,1.11193,-1.06172,242.6674
377,15,0.618,0.382,CV,19.0298,19.082,-12.335373391026607,-12.34354516707803,1.4283,-0.26402,3278.9984
377,10,0.6188,0.3812,CV,0.3351,0.3339,-6.129325046865057,-6.138846634210703,0.02464,0.04149,60.0428
377,19,0.639,0.361,CV,6.032,5.994,-10.9463035460696,-10.957369836205338,-9.07378,0.44859,187.2078
378,15,0.618,0.382,CV,25.6981,25.7006,-12.487488060017158,-12.494781935198414,1.36473,0.53541,3237.675
378,10,0.6188,0.3812,CV,0.3549,0.3527,-6.228449185167964,-6.237993060239248,0.03051,0.04154,59.7676
378,19,0.6134,0.3866,CV,6.9542,6.7294,-8.365692360857162,-8.322330152143884,-10.40606,0.87245,157.9449
379,15,0.6171,0.3829,CV,35.7984,35.7046,-12.55344827953563,-12.55671304105814,1.88706,1.14267,3169.7886
379,10,0.6188,0.3812,CV,1.035,1.033,-6.213873207544027,-6.223200440044157,0.08788,0.03891,59.5139
379,19,0.627,0.373,CV,0.8054,0.9597,-11.945307224481668,-11.997720796659642,-5.82566,0.40916,135.8873
380,15,0.6169,0.3831,CV,27.1115,26.9381,-12.638490734429142,-12.64238024627715,1.25306,1.21564,3099.7567
380,10,0.6187,0.3813,CV,1.5442,1.5442,-6.128141353091112,-6.137182128185395,0.04379,0.01241,59.7994
380,19,0.6082,0.3918,CV,7.8103,7.6499,-12.13202360348798,-12.084645946445931,-6.07876,0.64557,123.3014
381,15,0.6179,0.3821,CV,12.5263,12.3179,-14.446317023192375,-14.45466711204371,0.63688,0.98323,3049.9822
381,10,0.6185,0.3815,CV,1.587,1.5806,-6.192027034061533,-6.20041161605146,0.08124,0.03362,60.1476
381,19,0.6029,0.3971,CV,6.5016,6.2807,-13.722763354618078,-13.680788073465742,-5.32135,0.57354,115.0528
382,15,0.6187,0.3813,CV,8.4477,8.3304,-13.568959117188326,-13.57939975356526,0.90264,0.37574,3002.7527
382,10,0.6185,0.3815,CV,0.7915,0.785,-6.166218986436142,-6.174927936794381,0.07893,-0.0084,60.258
382,19,0.6189,0.3811,CV,3.3937,3.5249,-12.96806694607185,-13.001298659324767,-2.73844,0.10442,107.0577
383,15,0.6184,0.3816,CV,26.7256,26.6898,-14.842854264492212,-14.85047556892249,2.65738,-0.17697,2961.0965
383,10,0.6185,0.3815,CV,0.8959,0.8917,-6.158848519827753,-6.167492555597451,0.02327,-0.00752,60.589
383,19,0.6225,0.3775,CV,8.2672,8.3793,-9.061507823713104,-9.086636246780738,0.0274,-0.29834,100.9099
384,15,0.6192,0.3808,CV,10.1151,10.2073,-13.195291508483596,-13.206938076597506,0.9055,-0.39589,2900.3883
384,10,0.6186,0.3814,CV,0.4958,0.5015,-6.1506017950345155,-6.15970393871658,0.0157,-0.01989,60.5696
384,19,0.6169,0.3831,CV,8.2527,8.2496,-16.308029495974957,-16.303912679124988,1.14446,-0.20617,93.5095
385,15,0.6191,0.3809,CV,13.2928,13.2935,-11.77242157596917,-11.782556394726225,-0.27863,-0.44434,2824.8991
385,10,0.6186,0.3814,CV,1.2333,1.2343,-6.255482847493619,-6.264466846855905,-0.07027,-0.0315,60.6228
385,19,0.6173,0.3827,CV,2.2047,2.1441,-13.980493639410575,-13.986526628125171,0.93674,-0.20318,88.9665
386,15,0.618,0.382,CV,31.9721,31.9449,-13.912485341853714,-13.918091088995634,-2.59401,-0.47383,2754.5757
386,10,0.6187,0.3813,CV,0.2565,0.2539,-6.480561523735688,-6.489814340842387,-0.05631,-0.01625,60.7626
386,19,0.6128,0.3872,CV,7.1211,7.0708,-11.75944829602165,-11.745759611507324,1.31454,-0.14716,84.4811
387,15,0.6181,0.3819,CV,14.3215,14.185,-13.378378017849196,-13.385848578801752,-2.6056,-0.50515,2698.7455
387,10,0.6186,0.3814,CV,2.4132,2.4111,-7.4182474882370935,-7.426756346409947,-0.16521,0.02457,60.3699
387,19,0.6116,0.3884,CV,6.244,6.1828,-10.078638222680086,-10.066388890328511,1.29219,-0.04077,79.606
388,15,0.6189,0.3811,CV,34.0643,34.1965,-20.445132136688038,-20.45611651861406,1.00801,-0.38564,2626.4199
388,10,0.6188,0.3812,CV,1.0245,1.0343,-6.599784587013143,-6.609727312476579,-0.02736,0.01103,60.4767
388,19,0.6184,0.3816,CV,3.8641,3.9239,-6.5409256958406905,-6.559324416120758,0.47766,0.13937,76.8405
389,15,0.6186,0.3814,CV,14.8899,14.8243,-18.0602186664483,-18.068540486753484,1.67012,-0.26448,2553.0605
389,10,0.6189,0.3811,CV,0.5976,0.5952,-6.6602256260201145,-6.669894105328799,-0.0204,0.0138,60.3216
389,19,0.6188,0.3812,CV,6.0174,6.0384,-19.539446928669822,-19.549262458700937,-0.15972,0.23799,74.8983
390,15,0.6188,0.3812,CV,8.4416,8.4041,-17.12828221420946,-17.13814537435027,0.93866,-0.4077,2472.478
390,10,0.6189,0.3811,CV,0.8947,0.8918,-7.007686658677518,-7.017317892272543,0.00509,-0.00518,59.9274
390,19,0.6008,0.3992,CV,23.3334,23.3407,-18.82076898398835,-18.754674920499106,1.63065,0.41107,71.9056
391,15,0.6188,0.3812,CV,10.4693,10.4269,-13.507445615579087,-13.516895862428262,1.31772,-0.47203,2412.2018
391,10,0.6188,0.3812,CV,2.085,2.0882,-7.066328194943846,-7.075731284193119,-0.06906,0.09678,60.2239
391,19,0.593,0.407,CV,13.191,13.1149,-16.459962292408353,-16.387841088986566,1.86941,0.48473,66.7843
392,15,0.6189,0.3811,CV,5.4016,5.3275,-11.842355051911024,-11.85221962879398,1.06403,-0.51749,2343.9341
392,10,0.6188,0.3812,CV,1.3024,1.3021,-6.3228694760570745,-6.332143674473599,3e-05,0.07387,60.6167
392,19,0.6118,0.3882,CV,8.1677,8.2134,-7.636011785783053,-7.653998181929909,1.10754,0.24093,67.6053
393,15,0.6189,0.3811,CV,22.6338,22.6787,-11.838025999217901,-11.84748535486663,-1.02558,-0.35147,2262.9001
393,10,0.6187,0.3813,CV,1.1017,1.0964,-6.506869544266509,-6.515696526592535,-0.01259,0.05301,61.0045
393,19,0.5942,0.4058,CV,16.4623,16.4042,-34.78501991125279,-34.70181522942185,1.97169,0.65271,65.6664
394,15,0.6184,0.3816,CV,17.0098,16.938,-11.454079750840283,-11.46153002824734,-1.57952,-0.3716,2169.9268
394,10,0.6187,0.3813,CV,0.464,0.461,-6.3024975004197525,-6.311496858336222,0.00627,0.0154,61.2039
394,19,0.6158,0.3842,CV,14.9235,15.0097,-34.03331993680198,-34.06607086066228,-0.03596,0.74621,64.0548
395,15,0.6178,0.3822,CV,18.9495,18.8475,-14.362997863174177,-14.368891729698388,-2.37137,-0.03135,2083.6098
395,10,0.6187,0.3813,CV,0.3554,0.3546,-6.407596695201924,-6.416621565194315,0.02644,0.0069,61.3475
395,19,0.5976,0.4024,CV,19.6001,19.5785,-43.01692099753267,-42.9419248606849,-1.36537,1.12059,64.2502
396,15,0.6192,0.3808,CV,13.903,14.0152,-14.966607054793405,-14.979338923734812,-0.28411,-0.24859,2005.6352
396,10,0.6187,0.3813,CV,1.2577,1.2608,-6.501381476695307,-6.510536768309808,-0.04997,-0.0158,61.2431
396,19,0.583,0.417,CV,17.6509,17.5531,-53.90233442107517,-53.79344146442139,-1.78328,1.5166,65.646
397,15,0.6183,0.3817,CV,26.71,26.7087,-15.01907416377988,-15.025598826641644,1.88856,-0.83923,1918.1617
397,10,0.6187,0.3813,CV,0.3212,0.32,-6.393511965716469,-6.402827840066729,-0.03296,-0.01191,61.2757
397,19,0.5536,0.4464,CV,27.7906,27.6641,-50.98560314715503,-50.77845568211097,-2.79839,1.75493,70.0495
398,15,0.6175,0.3825,CV,19.6537,19.5459,-15.44754998802026,-15.452214811490798,2.19781,-1.69603,1832.7116
398,10,0.6188,0.3812,CV,0.7208,0.7208,-6.1874870290323285,-6.196814038231355,-0.04675,-0.02647,61.6474
398,19,0.5252,0.4748,CV,30.6041,30.4183,-34.63365133781657,-34.35498789931873,-4.05965,2.13986,73.0968
399,15,0.6176,0.3824,CV,16.2766,16.1836,-16.735585925351245,-16.742021350825148,1.31742,-2.35603,1751.8808
399,10,0.6188,0.3812,CV,1.9879,1.9906,-6.279808876137843,-6.289056101472337,0.0311,0.07669,61.35
399,19,0.5213,0.4787,CV,25.6795,25.4339,-20.875350131047234,-20.622294645484658,-4.9844,2.37142,79.989
400,15,0.618,0.382,CV,17.6999,17.6771,-15.519968505733111,-15.52786060910515,0.19088,-2.24261,1698.7697
400,10,0.6188,0.3812,CV,0.3103,0.3121,-6.183354806610833,-6.192928193271942,0.01125,0.05588,61.4758
400,19,0.4945,0.5055,CA,31.106,30.8154,-24.128757109002915,-23.77375333924114,-6.87988,2.94479,86.671
401,15,0.6172,0.3828,CV,24.8209,24.7687,-15.208133430109836,-15.211843224444234,-0.96834,-1.83699,1667.0108
401,10,0.6187,0.3813,CV,1.7202,1.7193,-6.280833548930037,-6.289881616157814,-0.06973,0.10807,61.8794
401,19,0.4295,0.5705,CA,35.3935,35.0416,-31.373408359757722,-30.795270629151297,-10.28294,4.6207,91.7375
402,15,0.6161,0.3839,CV,23.6727,23.5394,-13.452327845887982,-13.452811847252464,-0.98768,-1.66606,1651.6168
402,10,0.6188,0.3812,CV,0.873,0.8706,-6.3003717848017935,-6.30968238899993,-0.09271,0.0659,61.8089
402,19,0.4555,0.5445,CA,18.07,17.5418,-15.66527946312467,-15.284722761130578,-12.68146,5.1983,103.8787
403,15,0.6141,0.3859,CV,37.3389,37.2025,-13.836124562256035,-13.829781553088903,-0.57669,-1.09711,1682.5644
403,10,0.6187,0.3813,CV,1.2664,1.2614,-6.277886709370574,-6.286878303747063,-0.14154,0.03755,61.7713
403,19,0.1812,0.8188,CA,56.0185,55.4092,-54.00551381655409,-52.2583720815304,-27.36402,10.13689,137.3781
404,15,0.6118,0.3882,CV,46.5602,46.3562,-12.800366814152914,-12.787083752056734,-0.35495,-0.6727,1757.6603
404,10,0.6187,0.3813,CV,0.9678,0.9623,-6.278673502181612,-6.287753304588066,-0.13248,0.04282,62.0715
404,19,0.22,0.78,CA,44.6698,43.5736,-32.87907220303263,-31.760176055306594,-46.00142,16.43603,178.4462
405,15,0.6121,0.3879,CV,40.5099,40.294,-12.934367811358516,-12.925965477615602,0.7459,-0.88275,1832.7679
405,10,0.6187,0.3813,CV,1.359,1.3571,-6.213139862889285,-6.2221105168743245,-0.11125,-0.03882,62.5213
405,19,0.0237,0.9763,CA,73.7717,72.4526,-74.03023056469205,-70.40319913357733,-101.99021,35.28386,227.7888
406,15,0.6129,0.3871,CV,42.5222,42.3618,-12.976011971200485,-12.970391501192527,2.12615,-1.27586,1893.5435
406,10,0.6187,0.3813,CV,1.9485,1.9524,-6.536640094462674,-6.545916913196099,-0.04576,-0.07019,61.9499
406,19,0.3665,0.6335,CA,9.7598,9.2152,-9.843681076222598,-9.667512356291992,-103.02002,33.43306,241.8017
406,20,0.7,0.3,CV,19.3435,19.3435,-15.726585730230855,-15.726585730230855,0.0,0.0,87.8008
407,15,0.6137,0.3863,CV,31.5584,31.3346,-12.994238833709083,-12.990946766257249,2.19203,-1.65339,1973.0079
407,10,0.6187,0.3813,CV,1.0007,0.9974,-6.369771350478484,-6.3790734174272385,0.01234,-0.08034,61.6881
407,19,0.6657,0.3343,CV,9.2273,11.4503,-27.00810472987898,-27.583745262333345,-48.89405,12.86427,266.6093
407,20,0.638,0.362,CV,22.2614,22.2614,-32.16003300287932,-32.12941148184078,-7.95403,-0.82358,119.7374
408,15,0.6157,0.3843,CV,22.3248,22.2264,-13.119356410253639,-13.12293557843636,0.87385,-1.98605,2048.3028
408,10,0.6188,0.3812,CV,0.5307,0.525,-6.47268887603129,-6.482269284819088,0.00426,-0.08208,61.6362
408,19,0.6706,0.3294,CV,14.5442,15.3083,-22.83769398676505,-23.003333517389322,-0.591,-4.31385,242.1923
408,20,0.5523,0.4477,CV,23.9306,23.7056,-60.22439731043967,-59.93090855257151,-21.22858,-0.1267,191.4007
409,15,0.616,0.384,CV,42.6249,42.6036,-15.608542775488901,-15.61069210035831,-1.64198,-2.0319,2132.009
409,10,0.6189,0.3811,CV,0.4873,0.489,-6.253813225575217,-6.263591576751023,0.03241,-0.03182,61.571
409,19,0.6373,0.3627,CV,9.9842,9.8817,-42.53509226973784,-42.54646332058522,-2.65131,-3.12331,192.1981
409,20,0.4238,0.5762,CA,23.5221,22.5905,-83.59742658767891,-82.91253229362809,-35.20733,-0.22783,297.3349
410,15,0.6163,0.3837,CV,23.7155,23.5565,-14.333562815134261,-14.336362960244848,-1.63985,-1.56999,2253.5483
410,10,0.6189,0.3811,CV,0.9457,0.9463,-6.153446622914727,-6.163066921506233,-0.03604,-0.05619,61.4821
410,19,0.5868,0.4132,CV,10.8015,10.623,-28.052639850556677,-27.900872536425098,-10.59713,-0.73739,163.2014
410,20,0.4066,0.5934,CA,17.8271,16.1856,-136.21607524226616,-135.64407586064362,-47.20326,-0.73058,398.7512
411,15,0.6173,0.3827,CV,20.3697,20.3651,-13.214092512483408,-13.220841647042068,0.01161,-1.27762,2362.7944
411,10,0.6187,0.3813,CV,1.912,1.9126,-6.250055282539977,-6.259096648651953,-0.10248,0.00608,61.9125
411,19,0.5556,0.4444,CV,12.5103,12.1745,-13.80459678703923,-13.600140187789176,-11.99396,-0.79444,147.8839
411,20,0.4045,0.5955,CA,16.4813,14.5267,-163.09964074832052,-162.54326303736912,-59.52806,-0.98788,466.0771
412,15,0.6177,0.3823,CV,15.1432,15.0992,-14.662680928123534,-14.669561311404436,0.80947,-1.12177,2455.5553
412,10,0.6188,0.3812,CV,1.1289,1.1295,-6.1622982186633966,-6.17163730334257,-0.10216,-0.02405,61.571
412,19,0.5885,0.4115,CV,8.5087,8.3911,-14.359579956881525,-14.334803708776205,-7.73782,-1.734,135.7409
412,20,0.3115,0.6885,CA,22.111,19.8442,-159.07378594821856,-158.11411744217722,-84.85363,-2.26207,522.0229
413,15,0.618,0.382,CV,12.0067,11.9805,-18.194180347961435,-18.201717914116756,-0.04503,-0.82781,2568.4194
413,10,0.6188,0.3812,CV,0.4348,0.4383,-6.105348851732177,-6.114851227832222,-0.03844,-0.01856,61.3339
413,19,0.6133,0.3867,CV,7.7673,7.8768,-12.309394443574861,-12.340038074155729,-2.35207,-2.08129,122.349
413,20,0.3418,0.6582,CA,16.2601,13.2683,-120.00297006040546,-119.31171948302624,-105.40678,-2.58037,563.5831
414,15,0.6181,0.3819,CV,21.6176,21.6319,-16.54310911689587,-16.550766438194138,-1.28506,-0.65866,2649.7797
414,10,0.6188,0.3812,CV,0.7181,0.7197,-6.1282968436797125,-6.137731390502612,-0.02588,0.01643,61.5156
414,20,0.5204,0.4796,CV,5.8255,4.6605,-77.2221055026537,-77.22522591786704,-86.64688,-0.75602,567.8532
415,15,0.6178,0.3822,CV,30.115,30.0942,-14.902640203594101,-14.908940845275104,-1.67075,-0.60157,2670.5498
415,10,0.6188,0.3812,CV,0.9728,0.974,-6.153552070155283,-6.162897909679065,0.01912,-0.04538,61.591
415,20,0.632,0.368,CV,2.805,4.947,-61.57270839036773,-61.78200070232048,-45.76242,0.33454,518.7446
415,19,0.5,0.5,CA,13.5775,13.4612,-21.561739881206684,-21.506465256954257,-2.33395,-1.95734,109.8259
416,15,0.618,0.382,CV,22.2426,22.2001,-15.86861562227837,-15.876194720406161,-0.39546,-0.13885,2698.7311
416,10,0.6188,0.3812,CV,0.7066,0.7048,-6.147780702818742,-6.157034537702427,0.05762,-0.0398,61.5922
416,20,0.6606,0.3394,CV,5.4758,6.5914,-50.42092100540238,-50.59215624829115,-14.00882,0.89382,434.6431
416,19,0.5734,0.4266,CV,10.8932,10.9201,-25.62498539215714,-25.61859976429737,0.07872,-1.97253,101.5477
417,15,0.6177,0.3823,CV,30.5803,30.5188,-13.781967105889974,-13.787781990168632,-2.38331,0.4131,2748.1961
417,10,0.6187,0.3813,CV,1.4904,1.487,-6.183802514762321,-6.192654629489848,0.08275,-0.11318,61.5996
417,20,0.6495,0.3505,CV,6.5354,6.9417,-34.054908527867525,-34.13427509313463,1.66244,0.76621,362.3248
418,15,0.6163,0.3837,CV,37.3918,37.2203,-12.605717819338865,-12.606082576722494,-3.96442,0.1059,2764.3953
418,10,0.6183,0.3817,CV,2.7916,2.7858,-6.449553543011622,-6.4571946796459825,0.23533,-0.11115,61.6208
418,20,0.6352,0.3648,CV,4.0857,3.9707,-24.98340980582401,-25.017370775273832,4.03278,0.55835,308.7595
418,19,0.5,0.5,CA,20.0053,19.9374,-53.19885281421926,-53.116807364834585,1.83996,-1.89248,99.7384
419,15,0.6149,0.3851,CV,37.8345,37.5763,-12.8176231561085,-12.8142861195486,-4.99314,-0.37466,2760.3213
419,10,0.6185,0.3815,CV,0.7224,0.7085,-6.264372266946441,-6.27328899592899,0.18202,-0.09172,61.6495
419,20,0.6267,0.3733,CV,5.4239,5.3069,-20.085331538310314,-20.104150423723688,3.74523,0.6798,267.7486
419,19,0.5113,0.4887,CV,28.3196,28.2109,-28.89774333890003,-28.640628565300656,3.6113,-2.96203,86.497
420,15,0.6144,0.3856,CV,33.695,33.3825,-14.446350060542777,-14.442749390970171,-4.98168,-0.54949,2727.576
420,10,0.6185,0.3815,CV,2.1123,2.1108,-6.680934177829924,-6.689429248105165,0.14239,-0.02665,62.4779
420,20,0.6165,0.3835,CV,7.7903,7.634,-18.46675613527781,-18.4546972848637,4.42766,0.75511,236.6566
420,19,0.4682,0.5318,CA,28.9429,28.7958,-40.66499263125422,-40.218976294319965,6.97917,-2.35982,89.0781
421,15,0.614,0.386,CV,32.6385,32.3161,-17.068753493160774,-17.064448893126205,-4.54912,-0.58653,2664.898
421,10,0.6185,0.3815,CV,1.6826,1.6814,-6.720306894484237,-6.729098675674043,0.16017,0.05234,62.4226
421,20,0.6131,0.3869,CV,6.1611,5.9667,-14.06684993420656,-14.05554125093824,3.98184,0.72767,214.0096
422,15,0.6162,0.3838,CV,17.4476,17.161,-16.15678878348063,-16.162104182713584,-2.9926,-0.17036,2605.2902
422,10,0.6187,0.3813,CV,1.0058,1.0086,-6.29828312705071,-6.307580421121683,0.09096,0.01965,62.1114
422,20,0.6065,0.3935,CV,8.8802,8.6878,-12.712026918260289,-12.678035192075818,4.09666,0.6929,194.8303
423,15,0.6128,0.3872,CV,47.2461,47.0431,-28.13804154175323,-28.126178227908532,-6.14658,0.12794,2545.811
423,10,0.6187,0.3813,CV,1.2159,1.2134,-6.2841927014364805,-6.293426099258743,0.06804,-0.02892,61.8091
423,20,0.5937,0.4063,CV,13.2319,13.0248,-9.174823152489573,-9.097342139505521,4.75749,0.63186,180.1453
423,19,0.5,0.5,CA,72.5094,72.2429,-54.9137551832058,-53.479772522966734,13.75762,-3.40167,91.7038
424,15,0.6123,0.3877,CV,32.1733,31.8021,-35.481036622915354,-35.47160057203445,-5.94066,0.61553,2441.472
424,10,0.6188,0.3812,CV,1.524,1.5225,-6.149356740551066,-6.158751527963477,-0.03681,-0.04295,61.4386
424,20,0.5789,0.4211,CV,19.7865,19.5821,-15.903850265788936,-15.784011979571426,5.44845,0.30446,175.3231
424,19,0.3031,0.6969,CA,26.6375,26.003,-35.12446843522936,-33.9896391776901,19.58444,-4.76433,94.9572
425,15,0.6143,0.3857,CV,19.783,19.4194,-42.03943465391075,-42.03943062813876,-4.84246,1.11227,2338.189
425,10,0.6189,0.3811,CV,0.5706,0.5766,-6.085326035386762,-6.095310823200488,-0.03024,0.00413,61.5038
425,20,0.5819,0.4181,CV,13.6872,13.4095,-21.886156893851783,-21.800248420502474,5.28672,0.41976,166.7466
425,19,0.3409,0.6591,CA,15.2042,14.513,-14.796297186727426,-14.112471711570624,26.43258,-5.52243,108.9892
426,15,0.6172,0.3828,CV,10.5294,10.3369,-43.017733170255084,-43.02714905435073,-3.46251,1.48001,2251.8271
426,10,0.6187,0.3813,CV,2.624,2.6234,-6.292508821322772,-6.301200406003164,-0.19257,0.00181,61.7626
426,20,0.5948,0.4052,CV,7.8874,7.6412,-39.030836051910406,-38.993948236819726,4.37549,0.21118,159.5213
426,19,0.2031,0.7969,CA,21.8085,20.8166,-21.466690549661084,-20.0222489553749,45.07225,-8.88821,127.0838
427,15,0.618,0.382,CV,12.123,11.9359,-43.908226007418946,-43.91640543506549,-2.91423,1.57868,2160.3335
427,10,0.6187,0.3813,CV,1.0501,1.0455,-6.337260817531533,-6.346542809484269,-0.15078,-0.05699,61.5432
427,20,0.5969,0.4031,CV,13.5722,13.4537,-55.09368187559751,-55.04655478192062,3.78521,0.05415,147.3183
427,19,0.3356,0.6644,CA,9.6988,8.3802,-10.982395569208297,-10.415423630497763,53.68357,-9.85451,147.0329
428,15,0.6184,0.3816,CV,12.7525,12.6603,-35.59928893248763,-35.60829717072464,-2.34551,1.56216,2083.504
428,10,0.6188,0.3812,CV,2.4295,2.4361,-6.2419183660254225,-6.251284923295964,0.06503,-0.08561,61.6301
428,20,0.5234,0.4766,CV,40.3199,40.356,-50.26789517005556,-49.918975249396226,-1.37348,1.70793,122.6756
428,19,0.4719,0.5281,CA,5.489,4.4159,-12.305101733667655,-12.12273952026279,49.93401,-8.20401,160.9709
429,15,0.6188,0.3812,CV,11.3863,11.349,-37.02092216449635,-37.03093931191461,-1.15862,1.63239,1981.4429
429,10,0.6185,0.3815,CV,2.5044,2.5012,-6.417144656856109,-6.425430412135573,0.20829,-0.05223,61.4128
429,20,0.5465,0.4535,CV,27.9048,28.0596,-95.36290915227332,-95.21354932020924,-5.66109,-0.04041,118.9119
429,19,0.6312,0.3688,CV,5.6239,6.6023,-12.509098871905996,-12.784142560738164,23.30749,-2.69402,161.5152
430,15,0.6186,0.3814,CV,14.8399,14.7965,-38.553082934482354,-38.561783130186136,-0.09493,1.66487,1873.0998
430,10,0.6178,0.3822,CV,7.2128,7.2235,-9.539902423121934,-9.545496204058981,-0.37413,-0.06125,60.7297
430,20,0.541,0.459,CV,25.6333,25.5886,-55.39079838923586,-55.18576734650708,-3.23754,-0.69113,119.9772
430,19,0.575,0.425,CV,6.8886,6.1831,-7.405294539300122,-7.21416327020385,24.98747,-2.95497,145.6651
431,15,0.6186,0.3814,CV,12.5109,12.4598,-34.32566368228674,-34.33462578434868,0.77693,1.61188,1785.0432
431,10,0.6139,0.3861,CV,8.7264,8.7065,-10.680943276586673,-10.671238607161756,-0.85102,0.02106,60.4225
431,20,0.565,0.435,CV,19.3262,19.2326,-27.548745688771803,-27.44901376582201,-0.42934,-0.70563,120.4635
431,19,0.565,0.435,CV,9.452,9.0538,-18.143323373169824,-17.994329397835227,22.28004,-1.73135,131.8891
432,15,0.6184,0.3816,CV,14.2425,14.1897,-26.530720053891166,-26.53878882402484,0.91393,1.76498,1717.5245
432,10,0.6046,0.3954,CV,12.6709,12.6333,-14.759203579285952,-14.716171233260537,-1.29087,-0.26955,57.4298
432,20,0.5288,0.4712,CV,44.1468,44.1095,-42.27502260049877,-41.99422260051983,4.42677,-0.50634,122.9947
432,19,0.6313,0.3687,CV,2.8693,3.3709,-8.6470088613522,-8.788834424544891,10.6718,-0.64714,119.7961
433,15,0.6176,0.3824,CV,17.7063,17.6099,-21.8849547966359,-21.88988639574802,0.81663,2.22267,1655.9368
433,20,0.5987,0.4013,CV,5.9677,6.2782,-7.479467644760904,-7.535924576969649,2.33125,-0.33649,122.6242
433,19,0.6346,0.3654,CV,9.2781,9.601,-8.37104218109797,-8.429265795721317,-2.51432,0.54475,106.5654
434,15,0.6169,0.3831,CV,17.6085,17.477,-19.676646011152272,-19.6799492511524,0.83051,2.48824,1598.443
434,20,0.6096,0.3904,CV,5.6354,5.5661,-9.938271651830119,-9.93852699157644,1.97502,-0.27953,121.9299
434,19,0.6261,0.3739,CV,8.9231,9.053,-17.003576994976587,-17.020786940085078,3.38511,-0.24512,89.7962
435,15,0.6171,0.3829,CV,13.5214,13.381,-16.866670535072473,-16.871409690864137,0.51683,2.44123,1542.8687
435,20,0.6106,0.3894,CV,8.1748,8.0894,-17.88036860453009,-17.86870051723818,1.95779,-0.26819,121.4667
435,19,0.6005,0.3995,CV,12.2874,12.418,-21.567939352967805,-21.489389028026473,-4.1069,0.78271,77.2973
436,15,0.6168,0.3832,CV,17.767,17.6557,-12.351154271082976,-12.354540014401296,-0.02838,2.36729,1509.3462
436,20,0.6146,0.3854,CV,3.0928,2.9907,-19.977191342810585,-19.980964955204893,1.43966,-0.23687,121.9616
436,19,0.5703,0.4297,CV,17.6974,17.8868,-37.50248113126427,-37.33763194891573,5.03646,0.30475,68.9046
437,15,0.6153,0.3847,CV,28.635,28.5158,-11.622566509212323,-11.62004324752606,-0.42103,2.3502,1509.7582
437,20,0.6165,0.3835,CV,2.5769,2.4999,-23.344244633499677,-23.350215209978174,1.05359,-0.15652,123.0094
437,19,0.6086,0.3914,CV,4.278,4.3504,-13.067581440630903,-13.105330149478135,2.57382,0.63307,62.0318
438,15,0.6148,0.3852,CV,24.2572,24.0845,-12.889843435594766,-12.887737857969226,-0.8104,2.18567,1513.9754
438,20,0.6193,0.3807,CV,5.4917,5.5503,-18.334975475524796,-18.349684256051876,0.22864,-0.07644,123.2987
438,19,0.4693,0.5307,CA,19.9265,19.8098,-54.752667195109375,-54.16948003730552,7.27239,0.1587,57.2752
438,10,0.5,0.5,CA,28.6361,28.6479,-13.406724169278426,-13.381859194139365,0.99523,0.09642,60.095
439,15,0.6152,0.3848,CV,20.467,20.2979,-15.75439820751616,-15.754554147975131,-1.25404,1.91764,1515.6205
439,20,0.6188,0.3812,CV,5.5722,5.5847,-16.9891972652562,-16.99782392878194,-0.22472,0.06074,123.7623
439,19,0.6079,0.3921,CV,7.1145,7.4559,-12.133143891473294,-12.313294699660542,2.78163,0.40647,53.0217
439,10,0.5734,0.4266,CV,7.3981,7.3728,-8.324017389961996,-8.317424513268028,0.82931,0.19006,57.367
440,15,0.6167,0.3833,CV,10.9338,10.8279,-16.520891858147014,-16.526579915626343,-1.27164,1.56372,1501.1774
440,20,0.6173,0.3827,CV,7.5586,7.5453,-14.364099133673008,-14.367249497719033,-0.59453,0.1916,124.3083
440,19,0.5946,0.4054,CV,14.6764,14.7975,-15.342195491624189,-15.26626799343603,-2.87109,0.38881,48.7469
440,10,0.6027,0.3973,CV,8.1862,8.2097,-7.941956975559622,-7.95048977500851,0.08251,0.21791,58.5787
441,15,0.617,0.383,CV,20.6709,20.6316,-17.211173030524527,-17.21622798194099,-1.3023,1.86308,1467.2369
441,20,0.6164,0.3836,CV,7.0237,6.9922,-10.51733419714542,-10.518635993952643,-0.7696,0.21453,126.9226
441,19,0.5778,0.4222,CV,7.2864,7.1484,-7.461532243727007,-7.335751554689411,-3.44527,0.52986,45.6455
441,10,0.6118,0.3882,CV,3.992,3.9734,-7.146087941303136,-7.149789101251204,-0.12925,0.21526,60.02
442,15,0.6174,0.3826,CV,16.0917,16.0402,-15.426669245766462,-15.432965757810587,-0.23141,2.09908,1450.5415
442,20,0.6161,0.3839,CV,5.934,5.8903,-9.38273507131668,-9.384361698552828,-0.80232,0.22615,129.8145
442,19,0.5212,0.4788,CV,12.6828,12.5087,-14.35810417259169,-14.028289132348382,-4.95271,0.65529,44.0859
442,10,0.6154,0.3846,CV,2.2661,2.2387,-6.63700967389734,-6.642525285169642,-0.15227,0.16152,61.6714
443,15,0.6187,0.3813,CV,10.6657,10.7491,-14.907197394306824,-14.918363167845946,0.06391,0.59939,1429.6924
443,20,0.6161,0.3839,CV,5.6943,5.6508,-8.872710743751995,-8.874814555857977,-0.78241,0.28928,131.9993
443,19,0.5554,0.4446,CV,5.403,5.1711,-6.325580653332201,-6.2152971264799275,-4.49175,0.57311,43.5552
443,10,0.6172,0.3828,CV,1.0624,1.0384,-6.497747656726355,-6.505128270523817,-0.12482,0.10853,63.2114
444,15,0.6177,0.3823,CV,23.902,23.8738,-17.12248878106918,-17.127459092300356,-1.11926,0.63466,1379.2692
444,20,0.6164,0.3836,CV,5.9662,5.9356,-8.179315404663956,-8.182628048986327,-0.6684,0.34821,132.5137
444,19,0.6108,0.3892,CV,4.2249,4.3882,-5.80098707823355,-5.869360220262282,-2.09186,0.54887,41.5995
444,10,0.6182,0.3818,CV,1.6744,1.69,-6.662179402720229,-6.671521362195945,-0.09223,0.02513,63.8763
445,15,0.6048,0.3952,CV,62.1591,62.046,-31.699265021106832,-31.651483884225513,-4.9074,1.93446,1285.9057
445,20,0.6179,0.3821,CV,8.9039,8.9327,-9.333380657502012,-9.342463487708159,0.15003,0.38033,135.5171
445,19,0.5978,0.4022,CV,5.9112,5.8192,-8.772077283533458,-8.70540837048425,-2.46943,0.60828,39.3427
445,10,0.6184,0.3816,CV,0.9616,0.9605,-6.443742109998293,-6.452462002429389,-0.06553,-0.04268,65.2487
446,15,0.6091,0.3909,CV,54.8673,54.931,-57.6298364298492,-57.61876024835932,-5.88921,-0.5815,1309.8387
446,20,0.6175,0.3825,CV,7.0371,7.03,-14.978098976397323,-14.983372523840277,-0.10349,0.54035,141.2723
446,19,0.5924,0.4076,CV,5.243,5.1227,-6.328071720659787,-6.25765586922091,-2.48788,0.61908,38.0731
446,10,0.6185,0.3815,CV,2.2733,2.2735,-6.780999929160846,-6.78966971158196,-0.0925,-0.11288,65.9417
447,20,0.6176,0.3824,CV,8.0146,8.0217,-29.057751236603803,-29.06399998571241,-0.01814,0.11371,149.6766
447,19,0.6091,0.3909,CV,3.7871,3.7795,-6.242718700291776,-6.250169622321056,-1.49111,0.58102,37.3526
447,10,0.6184,0.3816,CV,2.595,2.5884,-7.20719754072616,-7.215343666320881,-0.07653,-0.14054,66.1002
448,20,0.6171,0.3829,CV,14.5,14.5201,-28.55346745895821,-28.557530693793648,0.56108,0.15434,147.4215
448,19,0.6069,0.3931,CV,5.2731,5.2104,-8.380662512959724,-8.354213961791167,-1.26366,0.56585,37.137
448,10,0.6186,0.3814,CV,1.5091,1.5056,-6.8492890480055415,-6.85857624554196,-0.1509,-0.09994,67.1562
449,20,0.6079,0.3921,CV,24.1767,24.1432,-25.11601010720067,-25.08182702971593,1.90869,0.01999,146.1009
449,19,0.6011,0.3989,CV,6.6784,6.6081,-7.007639433454451,-6.96037654616549,-1.44979,0.61439,36.0092
449,10,0.6186,0.3814,CV,2.0356,2.0314,-6.7078316617596805,-6.716777855856111,-0.21939,-0.00779,68.3193
450,20,0.5935,0.4065,CV,26.8652,26.7612,-23.925473316006347,-23.84511409494212,3.22415,-0.07335,149.5156
450,19,0.599,0.401,CV,5.9768,5.8928,-6.642458317242826,-6.594981126750128,-1.45059,0.63566,35.3813
450,10,0.6188,0.3812,CV,0.4419,0.4448,-6.493823489161185,-6.5034687744458965,-0.12198,0.02177,69.0869
451,20,0.5886,0.4114,CV,22.6472,22.4808,-17.21775345892614,-17.13797784773071,3.80646,-0.00731,157.186
451,19,0.6073,0.3927,CV,3.1762,3.111,-5.9893620673291,-5.979534385241533,-1.04596,0.58168,35.2966
451,10,0.6188,0.3812,CV,0.9944,0.9969,-6.438293462965513,-6.447639831144746,-0.06168,0.02899,70.2474
451,15,0.5,0.5,CA,225.2319,225.2616,-57.66769617030894,-57.56004054785069,2.33451,8.78729,1360.1198
452,20,0.5827,0.4173,CV,23.635,23.4253,-18.31520247233435,-18.218632167235043,4.40689,-0.09711,162.9123
452,19,0.6158,0.3842,CV,2.831,2.8538,-6.235859993809306,-6.249522130181171,-0.45364,0.46861,34.803
452,10,0.6187,0.3813,CV,0.8463,0.8426,-6.483745443788132,-6.4927410817236275,-0.07012,0.00664,71.3925
452,15,0.563,0.437,CV,52.0967,51.7235,-37.85598681910701,-37.80698502512291,3.28329,8.82479,1316.8946
453,20,0.5781,0.4219,CV,25.1208,24.8896,-26.012060302141727,-25.905216477429192,4.9557,-0.10091,172.7435
453,19,0.6123,0.3877,CV,5.6832,5.6559,-6.774057178763783,-6.760582896893949,-0.74018,0.39699,34.3299
453,10,0.6187,0.3813,CV,2.3538,2.3585,-6.717043610572832,-6.726102596648267,6e-05,-0.03888,71.3061
453,15,0.5739,0.4261,CV,85.0279,84.6954,-20.73734679357151,-20.642004288224097,8.25876,8.16255,1362.2332
454,20,0.5801,0.4199,CV,23.5553,23.2956,-27.837474917982128,-27.745220640016164,5.09946,-0.15368,186.6274
454,19,0.6078,0.3922,CV,6.5036,6.4587,-7.844316108225678,-7.817039368273962,-0.91823,0.44818,34.3901
454,10,0.6187,0.3813,CV,0.5361,0.5316,-6.487146379764809,-6.496385568420599,-0.02435,-0.0299,71.8034
454,15,0.5781,0.4219,CV,69.6082,69.0677,-15.483396170774515,-15.38920303973092,10.93719,6.80905,1398.352
455,20,0.5921,0.4079,CV,23.6024,23.4437,-16.108225470374443,-16.062864436276858,4.10307,0.32634,209.3584
455,19,0.6107,0.3893,CV,4.1254,4.0815,-6.019017807822863,-6.010312391619868,-0.73627,0.3897,35.1335
455,10,0.6188,0.3812,CV,0.6335,0.6338,-6.442156429393137,-6.451563415963661,-0.01496,-0.05807,72.6721
455,15,0.5819,0.4181,CV,76.5621,76.078,-15.949799541162477,-15.865356252327459,11.61989,3.78226,1512.6566
456,20,0.6081,0.3919,CV,11.2353,11.2128,-9.12788206840917,-9.13147558392691,2.36488,0.6137,226.7649
456,19,0.6146,0.3854,CV,3.3223,3.31,-7.33703847159426,-7.340802000980455,-0.38265,0.37184,35.8795
456,10,0.6188,0.3812,CV,0.9005,0.8984,-6.60408783461088,-6.613444433630654,-0.0007,-0.03883,72.9889
456,15,0.5857,0.4143,CV,64.1083,63.4728,-17.651373949082128,-17.57668838701659,12.5638,3.76254,1550.6178
457,20,0.6083,0.3917,CV,16.9096,16.764,-10.708110614314961,-10.688973832757144,2.53842,0.36159,241.1458
457,19,0.6129,0.3871,CV,5.449,5.4156,-11.896325981430998,-11.886960377772219,-0.47183,0.41229,36.8582
457,10,0.6187,0.3813,CV,1.9401,1.9359,-6.694080695772629,-6.702967506581057,0.05792,-0.10844,73.0015
457,15,0.5647,0.4353,CV,101.8896,101.3202,-22.904148576367028,-22.73820344707474,16.7522,5.72868,1515.5133
458,20,0.6167,0.3833,CV,13.497,13.6159,-25.715563447323575,-25.731561488777647,0.68136,0.27551,256.0867
458,19,0.61,0.39,CV,7.6279,7.5903,-25.88812535862094,-25.868919777342455,-0.53522,0.59627,38.1594
458,10,0.6188,0.3812,CV,0.8806,0.8768,-6.584445070923187,-6.593941494275184,0.06101,-0.0326,73.1841
458,15,0.5342,0.4658,CV,100.4452,99.5603,-20.98776935642975,-20.72914656434002,23.54036,5.29361,1586.1673
459,20,0.6154,0.3846,CV,30.8769,30.9315,-43.83178045826796,-43.82982008717303,-1.22753,0.56556,251.2071
459,19,0.6049,0.3951,CV,11.2157,11.1832,-28.473978263393303,-28.437726167706195,-0.83725,0.77529,37.5313
459,10,0.6189,0.3811,CV,1.1016,1.1094,-6.466568326799936,-6.4763491011392125,0.00299,0.00481,73.9826
459,15,0.5322,0.4678,CV,73.4759,72.2429,-16.35295746447567,-16.13060495515514,27.14174,6.6643,1628.275
460,20,0.6045,0.3955,CV,33.3006,33.23,-38.426800496616586,-38.38086476712044,-3.32697,0.41306,259.1255
460,19,0.5841,0.4159,CV,16.9679,16.9135,-23.391190423142845,-23.276382202969636,-1.69047,0.87669,37.9527
460,10,0.6188,0.3812,CV,1.2691,1.2685,-6.589490212935374,-6.598924799527088,-0.00442,0.02355,73.8861
460,15,0.5322,0.4678,CV,69.8252,68.835,-21.99019286825839,-21.770413578255685,28.70193,7.53624,1596.9705
461,20,0.5976,0.4024,CV,29.3681,29.1919,-22.45143738437084,-22.392979867808695,-4.25456,0.85028,275.988
461,19,0.5201,0.4799,CV,26.5716,26.4734,-41.65515912373709,-41.31146758333974,-3.31715,1.05447,39.1542
461,10,0.6185,0.3815,CV,3.3294,3.3247,-7.76255552254,-7.770523637764016,0.0016,-0.01582,72.6738
461,15,0.5277,0.4723,CV,54.1959,53.1599,-21.960576147533885,-21.723086184484387,29.93994,4.94605,1551.0923
462,20,0.5765,0.4235,CV,42.7742,42.5603,-37.2090105370147,-37.073621634743375,-5.91492,1.16743,270.8603
462,19,0.5282,0.4718,CV,17.0756,16.9178,-16.139648870171786,-15.921596123638544,-3.86489,0.81755,43.4456
462,10,0.6189,0.3811,CV,0.6197,0.6254,-6.868675258325684,-6.878789114037673,-0.0411,-0.00657,72.7323
462,15,0.5766,0.4234,CV,30.7412,30.4465,-13.48125098315632,-13.448110940599504,23.30099,-2.5992,1509.031
463,20,0.4497,0.5503,CA,72.2965,71.9601,-52.38145960206826,-51.766628732526144,-12.71699,1.33431,267.3153
463,19,0.4978,0.5022,CA,24.4013,24.1932,-21.314974436762252,-20.963430785005748,-5.21768,0.88288,49.6237
463,10,0.619,0.381,CV,0.1987,0.1996,-6.6111347639567555,-6.621212211824615,-0.03129,-0.0147,72.7957
463,15,0.5604,0.4396,CV,41.0904,40.265,-19.41390439809944,-19.243825441139343,24.26875,-7.53895,1413.3105
464,20,0.4893,0.5107,CA,25.4727,24.8419,-45.911044186367334,-45.63757281513567,-14.83723,-0.21559,283.9532
464,19,0.4158,0.5842,CA,33.8346,33.5487,-30.80992145272505,-30.1705426146667,-8.32135,1.28456,56.2627
464,10,0.6189,0.3811,CV,1.4168,1.4217,-6.457652820156833,-6.467420617443143,-0.01276,0.02404,73.2303
464,15,0.5908,0.4092,CV,36.1413,36.0885,-13.793364059973573,-13.771196343202734,14.1927,-9.70311,1351.4468
465,20,0.4965,0.5035,CA,27.2168,26.5841,-43.09796794166279,-42.79697311601888,-17.6139,-2.13223,303.5286
465,19,0.411,0.589,CA,26.0894,25.6681,-19.401053787586797,-18.858651206172986,-11.35643,1.50672,67.3384
465,10,0.6189,0.3811,CV,0.5417,0.5394,-6.533649551119058,-6.543074283404293,0.0022,0.03691,73.3812
465,15,0.5996,0.4004,CV,28.2231,27.8969,-11.5977506131145,-11.567552968468627,7.08131,-9.86116,1259.6371
466,20,0.4932,0.5068,CA,24.3973,23.5809,-48.27628945432018,-47.951878563339875,-20.56273,-3.5277,320.0509
466,19,0.4442,0.5558,CA,18.5644,18.0399,-20.70347220024323,-20.30358518362489,-13.86665,1.53828,79.6355
466,10,0.6188,0.3812,CV,1.0745,1.0727,-6.454058491136964,-6.463174829420928,-0.03356,0.08537,73.3706
466,15,0.6085,0.3915,CV,25.935,25.8174,-11.153216005073414,-11.147742318052662,2.54525,-8.09281,1128.7362
467,20,0.4781,0.5219,CA,23.7472,22.7787,-45.34385213556926,-44.96354478829328,-24.86534,-4.46289,339.6009
467,19,0.4335,0.5665,CA,18.8861,18.2754,-24.513646151778946,-24.023192325686797,-17.71735,1.74155,95.3427
467,10,0.6187,0.3813,CV,0.7311,0.7268,-6.459314512547149,-6.4683369062386795,-0.02363,0.0803,73.6705
467,15,0.6054,0.3946,CV,25.5901,25.3387,-16.86455816422441,-16.832474594023232,-1.07956,-7.42083,1017.217
468,20,0.4923,0.5077,CA,18.7409,17.6271,-36.293988611041144,-35.99203935116712,-27.55851,-4.99126,362.3456
468,19,0.4026,0.5974,CA,23.1442,22.4455,-15.012825983984412,-14.410661762345896,-23.41896,1.55207,123.1244
468,10,0.6186,0.3814,CV,0.9429,0.94,-6.458607401043638,-6.467518224941727,-0.0514,0.04163,74.1623
468,15,0.6067,0.3933,CV,24.4924,24.3045,-33.07367954766128,-33.05185608026773,-0.54952,-6.71632,947.9085
469,20,0.571,0.429,CV,4.2404,3.3773,-20.851892854547216,-20.846532612382013,-20.87789,-4.14131,372.3543
469,19,0.3557,0.6443,CA,24.4889,23.4184,-13.878815313099574,-13.120562339413201,-33.43188,2.25038,160.0767
469,10,0.6187,0.3813,CV,0.9627,0.964,-6.491685469351142,-6.50076279949902,-0.07873,0.006,74.1641
469,15,0.6163,0.3837,CV,22.9633,23.0823,-28.688231765235088,-28.70482009175275,-2.57214,-3.01585,839.3268
470,20,0.5262,0.4738,CV,22.7398,21.9347,-35.6982116840561,-35.398284704120314,-25.33603,-4.40355,381.2149
470,19,0.4286,0.5714,CA,23.3842,22.8188,-14.401481964504416,-14.01602765995174,-36.62778,3.11712,186.0604
470,10,0.6186,0.3814,CV,1.0579,1.0549,-6.5184345484455966,-6.527336526629538,-0.0967,-0.04162,74.5255
470,15,0.5974,0.4026,CV,37.6789,37.5199,-19.46473926600007,-19.38792299140126,-6.1968,-2.46354,750.9399
471,20,0.5708,0.4292,CV,13.9367,13.4482,-20.10867779780713,-20.053727055354862,-20.18415,-3.09958,394.4777
471,19,0.382,0.618,CA,16.3873,15.118,-26.829088680885118,-26.14743834477467,-47.62052,5.11326,226.5786
471,10,0.6185,0.3815,CV,2.2227,2.2171,-6.589622960993405,-6.597864909550966,-0.19723,-0.07787,74.8533
471,15,0.5658,0.4342,CV,45.4428,45.1124,-17.451949105621644,-17.273437384742195,-9.68616,-2.17529,684.3414
472,20,0.6005,0.3995,CV,4.8693,4.2819,-21.416277912753568,-21.419489809523547,-14.14129,-2.16537,389.6978
472,19,0.5416,0.4584,CV,6.2176,6.1074,-25.409577541967174,-25.441250438956807,-36.74256,4.60413,244.6419
472,10,0.6186,0.3814,CV,0.6595,0.6497,-6.5798695616605025,-6.588856084230558,-0.14682,-0.07726,75.1017
472,15,0.5551,0.4449,CV,36.7845,36.2837,-13.97976386842776,-13.803894617909275,-11.17651,-2.51957,636.0068
473,20,0.6154,0.3846,CV,2.2365,1.9139,-26.27783414601808,-26.299815788589733,-8.99349,-1.53594,374.9682
473,19,0.6356,0.3644,CV,16.3094,17.3126,-20.127011500373587,-20.321026230517987,-0.26463,1.1129,224.3941
473,10,0.6186,0.3814,CV,1.7675,1.7636,-6.634726412608739,-6.643596264203373,-0.12224,-0.09133,74.745
473,15,0.5461,0.4539,CV,35.1886,34.6062,-17.189235389605535,-16.992308377720676,-12.79839,-3.03536,590.4041
474,20,0.6253,0.3747,CV,5.7551,6.1118,-18.981984363542196,-19.024195414882772,-3.57562,-0.86938,356.3757
474,19,0.6218,0.3782,CV,13.5397,13.6229,-20.55199292104359,-20.549329072482443,8.36764,-1.90611,201.1447
474,10,0.6187,0.3813,CV,0.8804,0.8705,-6.534202330686341,-6.543423452163829,-0.10819,-0.07937,74.6555
474,15,0.5528,0.4472,CV,28.761,28.1633,-19.145069377165445,-18.988471080633524,-13.09058,-3.14691,567.8658
475,20,0.6178,0.3822,CV,21.223,21.371,-11.306341763525207,-11.301723413825238,2.91148,-0.09664,338.0665
475,19,0.5657,0.4343,CV,14.2375,13.8688,-16.74787395140591,-16.532761579527765,13.35636,-3.00942,180.0292
475,10,0.6188,0.3812,CV,1.1297,1.1236,-6.452183695668566,-6.461603004063734,-0.05048,-0.08831,74.4088
475,15,0.5503,0.4497,CV,31.0367,30.3921,-18.99932595428237,-18.822764542260526,-13.83251,-3.8725,554.3875
476,20,0.6223,0.3777,CV,9.1609,9.3281,-32.68340453201827,-32.70937072215639,0.19665,-0.22053,316.9494
476,19,0.5589,0.4411,CV,9.2987,8.7121,-14.26522490713785,-14.10467471659937,13.42074,-3.01716,167.047
476,10,0.6185,0.3815,CV,3.082,3.0753,-6.507121886137355,-6.5153072765075,-0.04815,-0.02368,73.0886
476,15,0.5329,0.4671,CV,40.1016,39.409,-15.849718212359848,-15.606676692929828,-15.90438,-4.45757,560.8245
477,20,0.5947,0.4053,CV,35.7765,35.7671,-34.88141567649369,-34.784601421994935,5.08233,0.20243,303.1293
477,19,0.569,0.431,CV,7.1071,6.5243,-11.506723687414688,-11.39739477817324,12.47801,-2.59976,159.847
477,10,0.6188,0.3812,CV,1.3558,1.3466,-6.399000511393161,-6.408664631874808,0.04537,-0.03769,72.3762
477,15,0.4923,0.5077,CA,54.0946,53.2547,-17.875127794469268,-17.494941084184813,-21.05806,-4.62168,582.7004
478,20,0.5524,0.4476,CV,39.1592,38.8765,-35.00747971690892,-34.778267319667265,8.04472,0.12168,289.0585
478,19,0.5944,0.4056,CV,4.3326,3.9309,-11.740317287023357,-11.720511743522028,9.48784,-1.66345,152.5752
478,10,0.6189,0.3811,CV,1.4376,1.4347,-6.491306357997529,-6.501346395877297,0.12919,0.01406,71.9044
478,15,0.4906,0.5094,CA,49.4006,48.5622,-19.690166516672935,-19.36117086547752,-25.19828,-3.23245,587.6243
479,20,0.5416,0.4584,CV,28.9469,28.5118,-42.48766093144928,-42.27653714018232,9.45472,-0.01687,281.3672
479,19,0.6123,0.3877,CV,1.5948,1.352,-9.148415259930795,-9.166444027147199,6.15539,-1.1906,144.2379
479,10,0.619,0.381,CV,0.8548,0.8497,-6.4266407250648445,-6.436705671077324,0.13175,0.03787,71.3906
479,15,0.491,0.509,CA,35.8976,34.8006,-21.801880539409574,-21.47716274983241,-29.2462,-2.63111,612.3344
480,20,0.5545,0.4455,CV,20.2563,19.812,-52.125525624433756,-51.98214651787881,9.53322,-0.20438,270.4605
480,19,0.6206,0.3794,CV,10.2133,10.2712,-8.366637815534897,-8.393320638469072,2.75498,-0.94449,130.4222
480,10,0.619,0.381,CV,1.0285,1.0291,-6.675996332809256,-6.685897575195833,0.11352,0.02335,71.1363
480,15,0.4059,0.5941,CA,52.5695,51.2816,-24.83017035904802,-24.15992066484487,-42.80794,-2.43567,658.3058
481,20,0.5666,0.4334,CV,15.3046,14.8625,-69.80857398294634,-69.69589357218582,9.20409,-0.60155,261.5251
481,19,0.6257,0.3743,CV,6.2418,6.3539,-7.921002049121278,-7.956896315557229,0.67307,-0.16291,123.7163
481,10,0.6189,0.3811,CV,0.5137,0.509,-7.421356354679556,-7.431053196412165,0.09428,0.02884,70.4799
481,15,0.3506,0.6494,CA,48.1113,46.2097,-23.227484535225578,-22.442207821532445,-62.21007,-2.66593,746.3846
482,19,0.6211,0.3789,CV,8.6576,8.6703,-12.54251878658815,-12.55139193889375,-0.33406,-0.3061,119.4068
482,10,0.6189,0.3811,CV,0.5598,0.5641,-7.196221490850482,-7.205939770782441,0.03101,-0.01113,69.9109
482,15,0.3952,0.6048,CA,31.3434,28.8219,-13.544302874038284,-13.027817858092444,-76.54779,-2.77879,855.6594
483,19,0.618,0.382,CV,5.626,5.5889,-21.83387616999054,-21.836354463533194,-0.72864,-0.23316,115.302
483,10,0.6189,0.3811,CV,0.6396,0.6412,-7.023980740321518,-7.033555918572325,-0.02342,-0.00147,69.4602
483,15,0.2906,0.7094,CA,47.9026,45.0231,-33.89280739690065,-32.8467590481583,-115.16182,-4.4502,1008.6629
484,19,0.6144,0.3856,CV,10.1235,10.0996,-21.31777881345026,-21.30994801877953,-1.26004,-0.1429,108.4859
484,10,0.6189,0.3811,CV,1.1636,1.1643,-6.587909122441752,-6.597441451404311,-0.01273,-0.00781,68.4901
484,15,0.3688,0.6312,CA,26.7812,23.0667,-33.78342892868767,-33.23925632693987,-136.53574,-4.96857,1167.0295
485,19,0.6144,0.3856,CV,6.935,6.8974,-15.014047248830277,-15.011175012057151,-1.082,-0.16802,102.2134
485,10,0.6189,0.3811,CV,0.5636,0.5673,-6.824135358906646,-6.833838112453397,0.00905,0.00839,68.1026
485,15,0.5145,0.4855,CV,9.8647,7.206,-29.148798756895076,-29.090480757985667,-116.29312,-2.81717,1243.9026
486,19,0.6115,0.3885,CV,10.0779,10.0435,-13.866166549676674,-13.85113549398628,-0.87593,-0.64817,95.7006
486,10,0.6188,0.3812,CV,1.9551,1.9545,-6.7003934842514425,-6.7096313722119945,-0.02127,0.12095,67.2105
486,15,0.6585,0.3415,CV,31.7931,35.7539,-15.747970015839318,-16.081547481723305,12.00249,2.0405,1166.5034
487,19,0.5387,0.4613,CV,37.6082,37.5584,-77.29299035668622,-76.983841567082,-4.14985,-0.79117,92.524
487,10,0.6188,0.3812,CV,1.5343,1.5288,-6.4676681231847075,-6.476950084033458,-0.00484,0.09782,65.9835
487,15,0.6394,0.3606,CV,8.612,8.1924,-19.911921589017822,-19.950600109123286,18.07023,1.67987,988.5299
488,19,0.5086,0.4914,CV,24.8857,24.657,-46.03504096253259,-45.711562798007826,-5.60859,-1.34579,92.0631
488,10,0.6189,0.3811,CV,0.5317,0.5257,-6.512281797886695,-6.522217283548822,-0.03318,0.07562,65.1807
488,15,0.4809,0.5191,CA,44.3422,43.6503,-23.68911609139522,-23.10702231363323,51.1444,1.34301,879.9418
489,19,0.533,0.467,CV,13.5882,13.2903,-48.79729094961147,-48.61479147806631,-5.97852,-1.24794,91.2514
489,10,0.6189,0.3811,CV,2.2589,2.2645,-7.039076850095038,-7.048758754771169,-0.01206,0.05812,65.3427
489,15,0.4841,0.5159,CA,23.3995,21.3959,-37.18478123835337,-36.846333158889465,56.52978,0.1237,846.5312
490,19,0.2939,0.7061,CA,45.109,44.8153,-50.82755571922154,-49.60138877882388,-13.16133,-1.85742,93.0365
490,10,0.6188,0.3812,CV,1.1422,1.1398,-6.692925843457014,-6.702293677916753,0.05928,0.06906,64.9106
491,19,0.4554,0.5446,CA,7.5562,6.9865,-9.169884386604316,-8.979337080762344,-13.6928,-2.07693,99.1845
491,10,0.6183,0.3817,CV,4.4607,4.4631,-7.532970801904847,-7.540393175269669,-0.02326,0.20431,62.7571
492,19,0.5781,0.4219,CV,5.6449,5.902,-14.185889262811166,-14.26221565748535,-8.80568,-1.63672,103.7742
492,10,0.6188,0.3812,CV,0.3881,0.3919,-6.679959523855795,-6.690140764816035,-0.01546,0.09695,61.8208
493,19,0.6156,0.3844,CV,10.389,10.5638,-15.598142574036988,-15.653654644021932,-3.28681,-1.00257,106.9935
493,10,0.619,0.381,CV,0.7557,0.7547,-6.400784038340334,-6.411064141354464,-0.04272,0.02121,60.9046
494,19,0.6205,0.3795,CV,3.4463,3.451,-10.226154948125345,-10.247367493745793,-1.51357,-0.46813,105.9653
494,10,0.6191,0.3809,CV,1.5125,1.5173,-6.49636394082925,-6.5065736366584765,-0.01719,-0.07529,60.3189
495,19,0.6204,0.3796,CV,3.6588,3.6353,-7.6330847359251015,-7.646881428618627,-1.42874,-0.15235,102.6586
495,10,0.6188,0.3812,CV,2.0824,2.0817,-6.550784317984442,-6.559863994901984,0.01084,-0.07074,60.2237
496,19,0.6168,0.3832,CV,11.1497,11.1557,-12.42622348488366,-12.424795071850511,-1.40524,0.08094,94.6717
496,10,0.6184,0.3816,CV,3.3524,3.3507,-8.344807547853081,-8.352363349248552,0.21368,0.02263,59.89
497,19,0.617,0.383,CV,3.3846,3.3238,-6.585127988529483,-6.589919687480869,-1.09935,-0.03523,89.4519
497,10,0.6185,0.3815,CV,0.8505,0.8376,-6.986043097455221,-6.994660523535125,0.16131,0.03812,59.479
498,19,0.618,0.382,CV,2.4789,2.4304,-6.29623440336715,-6.304953547953293,-0.82948,-0.17891,84.6043
498,10,0.6182,0.3818,CV,2.4565,2.4485,-6.9072233416371915,-6.914449706951239,0.11288,0.05404,59.9233
499,19,0.6199,0.3801,CV,6.1161,6.1521,-7.486405416404172,-7.501748103701274,0.06797,-0.35888,80.7755
499,10,0.6186,0.3814,CV,1.2686,1.2787,-6.665447280903311,-6.674752617730636,-0.01049,0.02122,59.575
500,19,0.6147,0.3853,CV,9.2495,9.242,-12.058955005342789,-12.049497892740817,0.56333,-0.038,73.532
500,10,0.6184,0.3816,CV,1.9431,1.9395,-6.312951962739693,-6.320982355168025,-0.06992,-0.05747,59.8276
501,19,0.6199,0.3801,CV,6.9943,7.0434,-8.496337099985386,-8.51647430087491,0.01803,-0.0862,71.6014
501,10,0.6183,0.3817,CV,2.2842,2.2787,-6.664254041927996,-6.671956017546662,-0.18721,-0.03493,60.0476
502,19,0.6196,0.3804,CV,1.9884,1.9921,-6.00376289296559,-6.014989810108653,-0.02941,-0.05827,67.4102
502,10,0.6184,0.3816,CV,0.9164,0.9111,-6.294689650949733,-6.303271511061908,-0.1029,-0.04018,60.4251
503,19,0.615,0.385,CV,10.6072,10.6111,-9.418984358437552,-9.41125966767725,0.71578,-0.02056,65.5987
503,10,0.6185,0.3815,CV,2.3039,2.3056,-6.27746275976202,-6.286111605781921,-0.13233,-0.09543,59.899
504,19,0.6138,0.3862,CV,7.5303,7.5155,-11.54099384054134,-11.534989843587269,0.76791,0.2294,61.1486
504,10,0.6186,0.3814,CV,1.2673,1.2637,-6.258851018577193,-6.267922465161352,-0.08346,-0.07509,59.4359
505,19,0.6151,0.3849,CV,4.9232,4.9103,-11.880905849327544,-11.882000087449313,0.41936,0.32996,56.8677
505,10,0.6187,0.3813,CV,1.7157,1.7151,-6.180141410609716,-6.1893058153798135,-0.07823,-0.13885,59.8257
506,19,0.6191,0.3809,CV,4.77,4.8036,-6.279607727204178,-6.2957720432606346,0.19829,0.01149,55.5887
506,10,0.6187,0.3813,CV,2.4688,2.4707,-6.295455146155338,-6.304580420618255,0.10934,-0.12853,59.5148
507,10,0.6188,0.3812,CV,1.5293,1.5358,-6.116799718912979,-6.1265425118154715,-0.00868,-0.07786,59.7918
507,19,0.6144,0.3856,CV,9.2781,9.2709,-8.189980463316456,-8.180413139590662,0.39922,-0.05644,56.2882
508,19,0.6159,0.3841,CV,5.6612,5.6594,-7.444656882461711,-7.448263181303592,0.54683,0.07513,53.6824
508,10,0.6188,0.3812,CV,1.4993,1.4997,-6.147342199455014,-6.156679245723969,-0.1073,-0.03252,59.698
509,19,0.6166,0.3834,CV,2.3318,2.3034,-5.928580117740618,-5.932764370775744,0.45479,0.11863,52.3587
509,10,0.6188,0.3812,CV,0.946,0.9463,-6.069900443827029,-6.079414805429092,-0.07697,0.02304,59.3089
510,19,0.6173,0.3827,CV,2.927,2.9186,-5.954488916909462,-5.960906655445084,0.34225,0.23095,50.7716
510,10,0.6187,0.3813,CV,2.0451,2.0409,-6.120285157940943,-6.129018778207441,-0.17087,-0.03129,58.848
511,10,0.6183,0.3817,CV,2.5957,2.5857,-6.238760111633448,-6.2463907972386625,-0.26295,-0.09369,58.3251
512,10,0.6187,0.3813,CV,0.9908,0.9865,-6.0412510312980805,-6.050819812844472,-0.17475,-0.11282,58.2406
513,10,0.6178,0.3822,CV,4.3109,4.3038,-6.557751055762421,-6.563188344843228,-0.35419,-0.06722,58.8766
514,10,0.6182,0.3818,CV,1.1243,1.1064,-6.240595085191844,-6.2488418194948805,-0.25415,-0.04359,59.121
515,10,0.6183,0.3817,CV,0.956,0.9416,-6.138465920597446,-6.146832517074895,-0.20782,-0.00831,59.1467
516,10,0.6173,0.3827,CV,4.8016,4.7909,-6.765430579706435,-6.769128386634857,-0.40542,0.13034,59.4727
517,10,0.6176,0.3824,CV,3.7684,3.7632,-7.187482711438992,-7.194010768288211,-0.32933,0.18862,58.3862
518,10,0.6187,0.3813,CV,1.9002,1.9206,-6.639591139371562,-6.6505084802185355,-0.10486,0.0134,58.4066
519,10,0.618,0.382,CV,5.199,5.2004,-7.368471405682081,-7.3746048815426875,0.19778,-0.04201,56.9465
520,10,0.6177,0.3823,CV,3.4216,3.4064,-6.324030464242642,-6.329759888002633,0.37588,-0.05236,56.1166
521,10,0.6176,0.3824,CV,2.7377,2.7137,-6.312946206355687,-6.319036144949068,0.36842,-0.02276,54.8459
522,10,0.6182,0.3818,CV,1.4948,1.4684,-5.831947203125804,-5.840580411117798,0.31302,-0.02037,53.6459
523,10,0.6185,0.3815,CV,1.9876,1.9722,-6.150155809932923,-6.158996369719665,0.20249,0.0323,51.9568
524,10,0.6194,0.3806,CV,1.2917,1.3099,-5.727447064168125,-5.739806118813768,0.10715,0.02208,51.1335
525,10,0.6186,0.3814,CV,4.5058,4.5115,-6.294590693400905,-6.302327120081653,-0.00656,-0.04558,51.4577
526,10,0.618,0.382,CV,2.7343,2.7205,-6.0091682761310246,-6.015307684661835,-0.03863,0.0123,51.5056
527,10,0.6182,0.3818,CV,1.1151,1.1064,-5.911340658060933,-5.919507799525176,-0.08642,-0.00855,50.9419
528,10,0.6178,0.3822,CV,2.7855,2.7771,-6.0327884725814975,-6.039001464526156,-0.20844,-0.06124,50.7702
529,10,0.6142,0.3858,CV,9.4771,9.4641,-8.923552219934592,-8.914732635684544,-0.25194,-0.05945,53.7273
530,10,0.6134,0.3866,CV,6.6476,6.6101,-7.341955113123097,-7.335392597600272,-0.19595,-0.11663,56.8475
531,10,0.6144,0.3856,CV,6.9832,6.9664,-8.15366391903801,-8.152339914334704,0.13563,-0.18325,59.2287
532,10,0.6158,0.3842,CV,4.1758,4.1595,-6.96341486303735,-6.966537553247754,0.2848,-0.15162,60.9279
533,10,0.6167,0.3833,CV,2.5285,2.5095,-6.653639652624404,-6.658585313327104,0.13212,-0.1205,63.5826
534,10,0.6175,0.3825,CV,2.024,2.0236,-7.529132829397058,-7.5362310153536605,-0.0193,-0.03969,66.1572
535,10,0.6179,0.3821,CV,0.6781,0.6741,-7.419425870640401,-7.4271169371135315,0.02536,-0.02551,68.5435
536,10,0.6182,0.3818,CV,3.0455,3.0507,-9.075351127758662,-9.083403808093918,0.14991,-0.0519,70.0825
537,10,0.6182,0.3818,CV,2.4591,2.4523,-8.969094373598026,-8.97688022690004,0.21874,-0.01498,71.7742
538,10,0.6184,0.3816,CV,1.324,1.3142,-9.737596077036237,-9.74634672641854,0.16338,-0.01886,73.5818
539,10,0.6185,0.3815,CV,2.5691,2.5644,-10.486127626089528,-10.494810020208693,0.04449,0.01684,74.6657
540,10,0.6188,0.3812,CV,1.2035,1.2095,-11.000270075361367,-11.010125554490777,0.08833,-0.02124,76.7658
541,10,0.6185,0.3815,CV,3.2015,3.195,-13.006842789880766,-13.015170239551992,0.10644,0.03208,77.2576
542,10,0.6186,0.3814,CV,1.572,1.5573,-13.729338551180533,-13.738452640115923,0.06181,0.04127,77.8899
543,10,0.6185,0.3815,CV,2.547,2.5323,-14.572127847894532,-14.580543945614131,0.11638,0.01311,78.0969
544,10,0.6186,0.3814,CV,1.8167,1.801,-13.783869308295044,-13.792973976754535,0.17443,0.00998,78.4463
545,10,0.6185,0.3815,CV,2.5438,2.528,-13.948680113170054,-13.957028555697411,0.26434,0.01279,78.5105
546,10,0.6185,0.3815,CV,2.4795,2.4701,-12.630449895388034,-12.639177275961986,0.32565,0.04028,79.1867
547,10,0.6185,0.3815,CV,1.8154,1.8016,-11.534789893284277,-11.5435142057065,0.30729,0.0395,79.8853
548,10,0.6184,0.3816,CV,2.1067,2.0911,-10.162931834401082,-10.170963769071303,0.31661,0.03223,80.5181
549,10,0.6181,0.3819,CV,3.0253,3.011,-10.594292596420662,-10.601424297252493,0.3713,0.02527,80.2764
550,10,0.6183,0.3817,CV,1.5966,1.5801,-8.486258063553272,-8.494489293405032,0.319,0.01977,80.8374
551,10,0.6181,0.3819,CV,3.1118,3.099,-9.92024366962387,-9.927487480581583,0.35057,0.03938,80.369
552,10,0.6183,0.3817,CV,1.4516,1.4323,-9.6428793581789,-9.651390436955317,0.2891,0.03443,80.1534
553,10,0.6185,0.3815,CV,1.4468,1.4298,-9.074766196244894,-9.083521496738296,0.26943,0.0252,80.1545
554,10,0.6188,0.3812,CV,0.3293,0.3234,-8.579909026455585,-8.589652016692028,0.16215,0.01717,80.1251
555,10,0.6188,0.3812,CV,0.9458,0.9366,-8.601417978698427,-8.610788617922875,0.16027,0.01142,80.0564
556,10,0.6187,0.3813,CV,1.3093,1.303,-8.616824752882462,-8.625976327906317,0.17693,0.00758,80.2693
557,10,0.6184,0.3816,CV,3.0298,3.0217,-7.741521533148996,-7.7491464420797085,0.27941,-0.04057,80.953
558,10,0.6166,0.3834,CV,7.2456,7.2319,-7.835632710225932,-7.836392906907394,0.64409,-0.06134,80.3848
559,10,0.6137,0.3863,CV,8.8116,8.7776,-7.9060806006671855,-7.896953126611885,0.96829,-0.2132,79.5436
560,10,0.6152,0.3848,CV,5.3563,5.3293,-7.137648778377836,-7.139284443713825,0.82832,-0.12974,81.3501
561,10,0.6168,0.3832,CV,6.4882,6.4945,-7.600350959427807,-7.606769515221789,0.35482,-0.06651,84.6263
562,10,0.6173,0.3827,CV,4.0405,4.0288,-7.390211048268589,-7.396027885480572,0.07646,-0.04555,87.0267
563,10,0.6177,0.3823,CV,8.1899,8.2066,-8.138181279963003,-8.145216987224371,0.28958,-0.27003,85.0255
564,10,0.6151,0.3849,CV,9.0711,9.0508,-10.447122475416009,-10.442521345127506,0.63752,-0.49065,83.7098
565,10,0.6131,0.3869,CV,8.8264,8.7885,-16.747157742451094,-16.73798748256355,1.03028,-0.45325,84.7121
566,10,0.5624,0.4376,CV,40.7619,40.7065,-36.547101797997044,-36.33124006391783,3.49355,-0.527,89.097
567,10,0.5522,0.4478,CV,24.9777,24.774,-20.590014488179932,-20.4072429371906,4.26019,-0.71638,93.4401
568,10,0.5502,0.4498,CV,21.8543,21.6232,-19.148289757957183,-18.972156665993424,4.93996,-0.9572,95.6715
569,10,0.55,0.45,CV,18.6472,18.3897,-18.690924674346217,-18.51721068366612,5.5595,-1.23809,98.2868
570,10,0.542,0.458,CV,18.2751,17.9812,-21.93831874851582,-21.732482519922083,6.51497,-1.51289,102.2351
571,10,0.407,0.593,CA,38.8576,38.5119,-30.83041091059411,-30.091230213405506,11.87865,-2.27341,110.4252
572,10,0.49,0.51,CA,11.1551,10.5301,-8.68519166304635,-8.475009360286698,12.3867,-2.37695,121.2556
573,10,0.5731,0.4269,CV,1.6035,1.1697,-9.690883203331593,-9.697421621768395,9.10759,-1.82382,128.0742
574,10,0.6094,0.3906,CV,2.0325,2.2138,-12.968705292445666,-13.005404574638096,5.42457,-1.18389,131.1824
575,10,0.6123,0.3877,CV,4.0907,3.8696,-12.440708243722193,-12.43680961329281,4.2481,-0.85027,131.163
576,10,0.6108,0.3892,CV,5.3809,5.1832,-14.196915866310638,-14.182048945999718,3.70064,-0.70474,127.9387
577,10,0.6099,0.3901,CV,5.4021,5.2153,-12.61430426121334,-12.598109886866835,3.20011,-0.5579,125.211
578,10,0.6078,0.3922,CV,6.7465,6.5782,-12.722442536586996,-12.698436733738127,2.94896,-0.47565,122.1835
579,10,0.6125,0.3875,CV,3.2647,3.1133,-10.898485299049183,-10.897599854461472,2.18784,-0.30859,119.377
580,10,0.613,0.387,CV,5.013,4.9034,-12.824993003719044,-12.819191511223007,1.85321,-0.24165,115.7628
581,10,0.6131,0.3869,CV,5.3172,5.2215,-11.532843339259937,-11.526741707290435,1.64125,-0.15011,112.6738
582,10,0.615,0.385,CV,3.6569,3.58,-10.271903225186191,-10.273709426728189,1.28957,-0.04123,110.7138
583,10,0.6147,0.3853,CV,5.2858,5.2179,-10.802779016366856,-10.800490127695582,1.20887,-0.06071,108.7161
584,10,0.6154,0.3846,CV,4.3379,4.2764,-8.161792530683863,-8.162735821660462,1.04775,0.0235,107.1728
585,10,0.6172,0.3828,CV,2.0465,2.0206,-7.97137538444921,-7.979256044621878,0.68951,0.12879,106.0537
586,10,0.6169,0.3831,CV,4.2749,4.2391,-9.737425455442207,-9.741166399754029,0.67131,0.17942,105.6086
587,10,0.617,0.383,CV,3.7414,3.7045,-9.032936647590269,-9.037329533965924,0.61414,0.17936,105.6781
588,10,0.6167,0.3833,CV,4.4945,4.4596,-8.62542662752705,-8.62882161870864,0.63767,0.12268,106.1471
589,10,0.6161,0.3839,CV,5.9068,5.8708,-8.442644324666901,-8.443701235563868,0.74183,0.06896,107.0021
590,10,0.6157,0.3843,CV,6.0589,6.0176,-8.056231849205945,-8.056445130916611,0.82153,0.07233,107.873
591,10,0.6175,0.3825,CV,2.7659,2.7738,-7.163578047995261,-7.172105713760233,0.43122,0.1903,109.2018
592,10,0.6182,0.3818,CV,6.3464,6.3654,-10.692712576918897,-10.701426012063235,-0.13198,0.21169,110.5366
593,10,0.6168,0.3832,CV,9.1485,9.1406,-15.517708868751475,-15.519472056310455,-0.66164,0.18142,111.57
594,10,0.6144,0.3856,CV,10.4222,10.3887,-21.559677737614074,-21.55344616804821,-1.05183,0.19308,111.1219
595,10,0.6131,0.3869,CV,9.3061,9.2573,-28.118307810493185,-28.110130380960673,-1.13325,0.19028,108.9155
596,10,0.6113,0.3887,CV,9.2878,9.223,-36.49810029388377,-36.48419043094916,-1.23996,0.38118,106.6523
597,10,0.6057,0.3943,CV,11.9238,11.8433,-44.55000046618576,-44.51517469104669,-1.60358,0.52364,103.0989
598,10,0.5847,0.4153,CV,17.6681,17.5672,-45.933474390056034,-45.81973895346926,-2.08254,1.00094,95.4662
