frame,track_id,mu_CV,mu_CA,dominant,nu_CV_norm,nu_CA_norm,L_CV,L_CA,ax,ay,P_trace
2,1,0.6466,0.3534,CV,1.5094,1.5094,-10.200118529774377,-10.207311833407227,-0.32361,-0.16181,595.8379
2,2,0.6464,0.3536,CV,4.6567,4.6567,-8.199238581362101,-8.205329939557389,-0.75379,0.0,88.383
2,3,0.6466,0.3534,CV,0.3375,0.3375,-6.103710865341249,-6.110907901568072,0.0,-0.0809,39.2436
2,4,0.6463,0.3537,CV,4.3222,4.3222,-6.696702967410705,-6.702183662713285,-0.96051,0.16009,45.4568
2,5,0.6466,0.3534,CV,0.4773,0.4773,-5.348062666981572,-5.355232398390667,-0.0809,0.08091,23.6234
2,6,0.6466,0.3534,CV,0.7555,0.7555,-6.171796176341496,-6.178946188227359,0.16181,0.0809,39.2439
2,7,0.6466,0.3534,CV,2.0251,2.0251,-6.241293834956584,-6.248129224191094,-0.32541,-0.32541,40.3287
2,8,0.6465,0.3535,CV,5.8165,5.8165,-8.424397612859424,-8.430779287634188,1.30172,-0.40678,158.5961
3,1,0.641,0.359,CV,4.3407,4.3376,-9.585940526882936,-9.64905463051237,-1.47486,-0.17409,832.6895
3,2,0.6348,0.3652,CV,5.1787,5.1529,-8.106931798198788,-8.143501104736975,-4.0389,0.51395,123.9797
3,3,0.6412,0.3588,CV,1.0661,1.064,-5.305828636272358,-5.370121627681938,0.0,-0.94752,54.5001
3,4,0.6284,0.3716,CV,5.4015,5.3759,-6.447632543127689,-6.457186482380067,-4.86311,0.44802,63.9763
3,5,0.6412,0.3588,CV,0.6811,0.6808,-4.464213632161024,-4.5284359068057185,-0.08716,0.08717,32.9727
3,6,0.6418,0.3582,CV,0.2426,0.2463,-5.082814454343605,-5.1494405690647636,-0.11107,0.08776,54.4679
3,7,0.6332,0.3668,CV,4.2773,4.2697,-5.9780731953674024,-6.007846656071092,-3.89166,0.23806,56.5665
3,8,0.6275,0.3725,CV,11.0487,11.0266,-8.472564278261624,-8.477805238419036,8.06283,-0.15013,228.1587
4,1,0.6482,0.3518,CV,3.8657,3.8795,-9.209715088464147,-9.312638736473396,2.25186,-0.6827,988.246
4,2,0.6256,0.3744,CV,6.3768,6.1959,-8.149844843517005,-8.164466945142369,-6.93026,1.23832,152.6085
4,3,0.6483,0.3517,CV,1.5099,1.5113,-5.113807371980032,-5.216784115548052,-1.1962,-0.47752,64.1283
4,4,0.5725,0.4275,CV,8.441,8.2466,-9.201839162671062,-9.004520036856581,-10.17678,1.26146,81.4019
4,5,0.6489,0.3511,CV,0.8171,0.8333,-4.411605926181651,-4.5176247506108,0.52636,0.05584,38.8656
4,6,0.649,0.351,CV,0.7926,0.7901,-5.054727081284458,-5.160172713013459,-0.41907,0.05578,64.5488
4,7,0.6258,0.3742,CV,4.1929,4.0769,-6.092292883880862,-6.110012329187137,-5.01485,0.27058,69.5361
4,8,0.6122,0.3878,CV,9.9809,9.5985,-8.292253015174236,-8.26090255252817,12.6014,-0.046,284.935
4,-2,0.7,0.3,CV,12.4978,12.4978,-8.956465595154231,-8.956465595154231,0.0,0.0,51.2169
5,1,0.649,0.351,CV,1.3645,1.2532,-9.22628118080627,-9.322120445075068,1.87433,-0.89534,1027.4923
5,2,0.6193,0.3807,CV,5.8891,5.5719,-7.56076983245622,-7.562020696914839,-7.63822,1.12943,165.111
5,3,0.65,0.35,CV,0.399,0.343,-5.426948304814417,-5.526925162015834,-0.86545,-0.20611,66.0934
5,4,0.5909,0.4091,CV,3.6778,3.1894,-6.720476721999673,-6.681246103716892,-9.46207,0.51773,91.1181
5,5,0.6464,0.3536,CV,1.6154,1.6055,-5.267934426621869,-5.351133518682418,0.8185,0.45178,40.723
5,6,0.6502,0.3498,CV,0.5051,0.5294,-5.102208891090309,-5.201911731254319,-0.29345,0.02622,66.6274
5,7,0.626,0.374,CV,2.8092,2.5431,-5.61250363075335,-5.642356569826575,-4.6988,0.40233,74.6053
5,8,0.6197,0.3803,CV,5.5353,4.8989,-7.919398620143555,-7.942470543641252,10.62686,-1.06179,312.3893
5,9,0.6408,0.3592,CV,16.9725,16.9725,-11.379448891107415,-11.360957900989002,1.53785,-1.09648,73.1273
5,-3,0.7,0.3,CV,7.4963,7.4963,-9.203302549408647,-9.203302549408647,0.0,0.0,36.0361
6,1,0.6394,0.3606,CV,12.9362,12.9902,-10.31988570715734,-10.372873802004195,-3.37532,0.84277,1010.7959
6,2,0.6232,0.3768,CV,3.3428,2.9605,-6.775942612117881,-6.803180724585268,-5.95291,1.27292,165.8536
6,3,0.641,0.359,CV,2.6641,2.6638,-5.401908664349921,-5.46000373788273,-1.02664,0.35759,64.5454
6,4,0.5657,0.4343,CV,6.2654,5.8525,-7.530375465775577,-7.360727341517051,-10.24243,-0.2536,91.7529
6,5,0.6432,0.3568,CV,1.3383,1.3788,-4.751920598982427,-4.82503605489401,-0.05362,0.45291,39.4749
6,6,0.6434,0.3566,CV,1.2133,1.2004,-5.481351536848844,-5.549780879710858,-0.58856,0.3001,64.3236
6,7,0.6244,0.3756,CV,2.5316,2.288,-5.595855279158339,-5.618315550345694,-3.74546,0.56032,74.7058
6,8,0.6247,0.3753,CV,4.7391,4.2811,-7.7093276680487035,-7.742315212974777,8.37512,-1.38465,312.8742
6,9,0.6198,0.3802,CV,9.1404,9.021,-9.568633106513968,-9.54947553125453,4.33642,-1.75683,109.4365
6,10,0.6405,0.3595,CV,10.562,10.562,-9.18072973589936,-9.161068300941148,4.79424,-1.07781,48.7836
7,1,0.6051,0.3949,CV,34.644,34.4573,-13.276881218178401,-13.19774860276226,-10.41116,4.39135,962.5094
7,2,0.5805,0.4195,CV,12.6762,12.3739,-9.797133206694257,-9.640332837755347,-7.94501,1.1499,164.4262
7,3,0.6341,0.3659,CV,1.2695,1.2261,-5.270830287877219,-5.312644695707727,-0.61669,0.19829,61.184
7,4,0.5743,0.4257,CV,4.5117,4.0834,-8.778151036739946,-8.680258354734102,-9.24188,-1.10445,88.2034
7,5,0.6365,0.3635,CV,0.5452,0.5592,-4.502706466164178,-4.551628604900767,-0.14206,0.16604,37.099
7,6,0.6366,0.3634,CV,0.2374,0.2044,-5.393305426032715,-5.442177453495135,-0.37496,0.20605,60.2124
7,7,0.6262,0.3738,CV,1.8093,1.6666,-5.535517177139727,-5.568074472369975,-2.7105,0.07648,71.6168
7,8,0.6275,0.3725,CV,5.9461,5.8634,-8.019117939949426,-8.057010806780536,5.73509,-0.86523,295.3515
7,9,0.6055,0.3945,CV,9.3264,9.0472,-11.199556307434424,-11.151456421337295,6.41198,-1.34916,142.9057
7,10,0.6118,0.3882,CV,7.2535,7.1428,-8.847332046463723,-8.79484591892401,7.20355,-2.6336,74.651
8,1,0.6021,0.3979,CV,24.7085,24.3441,-11.442842490707418,-11.402106786392919,-7.65842,5.73615,940.6214
8,2,0.5806,0.4194,CV,9.348,8.9692,-11.18710306907895,-11.093555567495713,-7.4881,0.07612,160.7554
8,3,0.6295,0.3705,CV,0.3252,0.3377,-5.238571633935701,-5.270694837487637,-0.30207,0.10253,57.2243
8,4,0.6025,0.3975,CV,2.2806,1.9722,-9.02977028376867,-9.036068071485248,-6.83856,-1.02761,82.0199
8,5,0.6305,0.3695,CV,0.2215,0.214,-4.47017320208197,-4.502983245845683,-0.10169,0.12009,34.4646
8,6,0.6307,0.3693,CV,0.1459,0.1667,-5.24697190750348,-5.280732936729664,-0.18877,0.1073,55.7188
8,7,0.6111,0.3889,CV,5.1026,4.965,-7.597874260339009,-7.563943211930705,-2.78655,0.39021,68.4657
8,8,0.6234,0.3766,CV,4.262,3.9934,-7.534107312150224,-7.549954607439012,4.47627,-0.46139,274.7566
8,9,0.6076,0.3924,CV,6.465,6.0417,-10.489542906604218,-10.471418310314622,6.26632,-0.74927,167.25
8,10,0.5605,0.4395,CV,10.6557,10.5104,-9.282851380439322,-9.061284179624318,9.61962,-7.2072,95.7541
9,1,0.5979,0.4021,CV,27.1873,26.6873,-16.48308630612961,-16.429440835020152,-6.31397,5.27194,934.0315
9,2,0.6052,0.3948,CV,6.1837,6.1122,-14.00895422575825,-14.017364872519662,-4.863,-0.82358,155.8452
9,3,0.6261,0.3739,CV,1.6242,1.6504,-5.357961468505807,-5.3824502750024426,-0.1187,0.04828,52.9199
9,4,0.6166,0.3834,CV,2.3057,2.1932,-7.464845452788046,-7.4891943297093775,-4.48392,-0.95948,74.8805
9,5,0.6262,0.3738,CV,0.5362,0.5445,-4.414573588860532,-4.4380769674701135,-0.01299,0.01317,31.9601
9,6,0.6263,0.3737,CV,0.2482,0.2587,-5.318442731041843,-5.341995106360377,-0.07954,0.04686,51.5113
9,7,0.6041,0.3959,CV,5.2752,5.1268,-13.620429947821227,-13.579245777793169,-2.66933,0.40556,65.0258
9,8,0.6224,0.3776,CV,2.8161,2.6193,-7.516247633231178,-7.53437089341443,3.18613,-0.16209,254.845
9,9,0.6086,0.3914,CV,6.5394,6.15,-10.009370427405337,-9.99234113841794,5.90322,-0.47285,181.0418
9,10,0.5951,0.4049,CV,7.1108,7.0852,-8.80206031984055,-8.797616514789684,7.99799,-5.05746,111.3643
10,1,0.5809,0.4191,CV,48.412,47.8807,-17.06735729499404,-16.949472867147833,-8.25462,5.53111,942.4601
10,2,0.6113,0.3887,CV,7.5138,7.439,-16.502817588465458,-16.500791423504324,-3.39583,-1.06702,146.0383
10,3,0.6231,0.3769,CV,0.8106,0.8129,-5.206196625838556,-5.223090746696184,-0.0257,0.05604,49.2854
10,4,0.6256,0.3744,CV,3.3273,3.386,-8.466295022814654,-8.507620067636246,-2.02272,-0.97417,67.5041
10,5,0.623,0.377,CV,0.825,0.8255,-4.46876818332839,-4.485180575633403,0.00445,-0.04995,29.9354
10,6,0.6232,0.3768,CV,0.5774,0.5815,-5.286089464302725,-5.3033089033865375,0.01347,0.01453,47.8248
10,7,0.606,0.394,CV,3.953,3.8098,-12.334018513071085,-12.311105271215968,-2.18658,0.41536,62.5417
10,8,0.6184,0.3816,CV,7.8736,7.7944,-8.05396148163697,-8.056122127162494,2.54445,-0.31438,241.6388
10,9,0.6097,0.3903,CV,6.1015,5.7383,-9.034655861877628,-9.020574479261922,4.99325,-0.07565,188.2234
10,10,0.4914,0.5086,CA,15.2065,15.0499,-19.07586478540384,-18.601182899059573,9.90446,-9.01809,111.9247
11,1,0.5816,0.4184,CV,42.0251,41.3845,-17.315591420683656,-17.225495313598262,-7.96182,5.6054,972.8355
11,2,0.4884,0.5116,CA,36.9921,36.8222,-27.445489544314842,-26.934928566080067,-8.69583,-0.98812,144.0509
11,3,0.6208,0.3792,CV,2.4289,2.4276,-7.6601753093581575,-7.671512457807225,0.14541,0.00308,45.719
11,4,0.623,0.377,CV,2.9038,2.8811,-8.185516655769755,-8.202584643231118,-1.12175,-0.75473,61.9733
11,5,0.6205,0.3795,CV,1.9472,1.9463,-4.944317209045346,-4.954864504894454,0.14738,0.00842,28.3319
11,6,0.6208,0.3792,CV,2.2018,2.2017,-5.319939647890225,-5.331259944541111,0.12068,-0.08831,45.161
11,7,0.6074,0.3926,CV,4.2534,4.1404,-13.49314909214934,-13.473552997227646,-1.84367,0.39846,60.0031
11,8,0.6229,0.3771,CV,11.15,11.2782,-13.704877214514788,-13.732221906397992,0.43967,0.34147,222.9706
11,9,0.6094,0.3906,CV,6.7313,6.4304,-9.059438978177319,-9.042507649836196,4.33995,-0.04472,190.4622
11,10,0.5775,0.4225,CV,3.8935,3.7615,-6.737030174556313,-6.759639522504827,8.772,-6.62065,110.0063
12,1,0.6031,0.3969,CV,19.8251,19.6618,-13.474161307664737,-13.47237916514405,-6.19784,3.51297,964.5739
12,2,0.4931,0.5069,CA,19.161,18.6584,-12.873896564899674,-12.56078244950811,-10.26737,-0.94483,144.9511
12,3,0.6198,0.3802,CV,1.3875,1.3829,-6.3475629117627825,-6.35845889434273,0.02863,0.01764,42.6155
12,4,0.6217,0.3783,CV,2.3477,2.337,-6.606160251693272,-6.621864956759685,-0.67803,-0.3999,57.6232
12,5,0.6197,0.3803,CV,0.3481,0.3514,-4.505221857397467,-4.516066026391807,0.0722,-0.01332,26.9156
12,6,0.6196,0.3804,CV,0.9006,0.8914,-5.184675342735976,-5.194660992041382,0.13115,-0.05594,42.8045
12,7,0.6034,0.3966,CV,6.754,6.6631,-11.991873957035466,-11.953394028901421,-1.84818,0.35196,57.4372
12,8,0.6189,0.3811,CV,10.6134,10.6222,-29.345182169015363,-29.349107208768515,-0.74767,0.36979,206.4188
12,9,0.6085,0.3915,CV,7.5063,7.2507,-9.220620807247641,-9.200601958254431,3.76591,0.10423,190.873
12,10,0.6011,0.3989,CV,2.5055,2.0501,-6.010109553152244,-6.005728993241193,7.02209,-4.89664,98.5582
13,1,0.6156,0.3844,CV,30.7022,30.9009,-11.890803983376369,-11.909649095863811,-3.57011,0.39967,936.722
13,2,0.5405,0.4595,CV,9.7599,9.2436,-8.41810706091795,-8.288000481505584,-9.70432,-0.7205,146.5594
13,3,0.6197,0.3803,CV,1.1384,1.1493,-5.468498496843587,-5.480015932171219,0.01139,-0.01491,40.5395
13,4,0.62,0.38,CV,4.399,4.4084,-6.624142937324322,-6.634330713152068,-0.05004,-0.09773,54.8454
13,5,0.6192,0.3808,CV,0.5567,0.561,-4.544769560104016,-4.554500139393134,0.00707,-0.01734,25.7236
13,6,0.6192,0.3808,CV,0.108,0.1143,-5.144743639151617,-5.154424956284541,0.07043,-0.03331,40.8029
13,7,0.6034,0.3966,CV,5.8099,5.7122,-9.426053136665839,-9.39334537715986,-1.71284,0.38735,55.7413
13,8,0.6161,0.3839,CV,8.1409,8.0904,-41.43745865432943,-41.43536917464669,-1.16934,0.42858,194.2624
13,9,0.6107,0.3893,CV,6.4309,6.2214,-8.709342703352887,-8.699817487298478,2.8822,0.12841,192.7736
13,10,0.6267,0.3733,CV,3.3766,3.4916,-5.937591731456532,-6.006593027287716,3.78549,-2.48614,88.7182
13,-5,0.7,0.3,CV,32.6048,32.6048,-17.153846935471517,-17.153846935471517,0.0,0.0,283.4653
14,1,0.6086,0.3914,CV,47.1319,47.0622,-15.000758207124306,-14.971754311822052,-3.45056,-1.1415,880.5229
14,2,0.5731,0.4269,CV,7.2357,6.8188,-7.708148950917788,-7.642139954978579,-8.25164,-0.34375,146.9879
14,3,0.6191,0.3809,CV,1.3337,1.3336,-5.707001163351224,-5.716469845143778,-0.07992,-0.04385,38.4732
14,4,0.6198,0.3802,CV,1.9348,1.9444,-5.61922258079991,-5.631240817837152,0.01176,0.06495,51.7476
14,5,0.6188,0.3812,CV,1.0621,1.0636,-4.601559651076726,-4.610450718534267,-0.03632,-0.01647,24.5769
14,6,0.6187,0.3813,CV,0.9612,0.9598,-5.1864599833722576,-5.195046982355578,0.0148,-0.06287,39.3776
14,7,0.6092,0.3908,CV,4.046,3.9809,-11.111133476857106,-11.10268225275348,-1.31736,0.35822,53.5561
14,8,0.617,0.383,CV,6.7582,6.7419,-49.80024037691823,-49.80576388290875,-0.95359,0.32191,188.1227
14,9,0.6142,0.3858,CV,4.3631,4.2074,-9.056008048825072,-9.05787798392518,2.04501,0.24684,193.6812
14,10,0.6331,0.3669,CV,3.9406,4.0908,-6.055098431425799,-6.113868632072456,0.84557,-0.63204,79.2597
14,11,0.6363,0.3637,CV,41.2244,41.2244,-36.0860364020418,-36.04828103147196,-15.10151,-4.88014,390.0791
15,1,0.5955,0.4045,CV,42.9278,42.6797,-21.6443128622881,-21.57094828956,-4.52649,-1.25278,823.4973
15,2,0.6007,0.3993,CV,2.7319,2.4413,-7.001309411819444,-7.001782540780378,-5.76008,-0.08119,146.4629
15,3,0.6189,0.3811,CV,0.5347,0.5312,-5.05256855649016,-5.061751512565842,-0.05881,-0.06099,36.7521
15,4,0.6188,0.3812,CV,2.8896,2.888,-6.006904382174891,-6.014976199842092,-0.02014,0.21462,49.2631
15,5,0.6186,0.3814,CV,0.7139,0.7111,-4.445106601502991,-4.453642770443573,-0.06146,-0.01446,23.6847
15,6,0.6185,0.3815,CV,0.7602,0.7561,-5.204718795787791,-5.2128672488469725,-0.00146,-0.04869,38.3622
15,7,0.6114,0.3886,CV,3.7083,3.6438,-11.015784311494373,-11.008171080274062,-1.08394,0.35776,51.7768
15,8,0.617,0.383,CV,4.7613,4.7175,-57.55364525525192,-57.5582425467121,-0.88401,0.10631,180.8346
15,9,0.6169,0.3831,CV,3.3504,3.3033,-8.792490308301886,-8.80078879402645,1.33409,0.34199,193.1104
15,10,0.628,0.372,CV,3.4694,3.4888,-6.076240750258712,-6.103501840969258,0.81621,-0.67168,69.2149
15,11,0.5339,0.4661,CV,49.1277,48.6781,-47.27535707481056,-46.91004828792087,-38.35653,-8.7109,656.877
16,1,0.5828,0.4172,CV,38.2823,37.9261,-21.029734998884443,-20.92344711354769,-7.12281,-1.98441,779.3313
16,2,0.6154,0.3846,CV,2.5314,2.5781,-7.505596658176905,-7.527514896847281,-3.41014,-0.01253,142.85
16,3,0.6179,0.3821,CV,3.2633,3.2619,-5.595654367120182,-5.6012760739747005,-0.19925,-0.02357,35.954
16,4,0.6176,0.3824,CV,3.6343,3.6241,-6.688665160008465,-6.692849780286712,-0.10749,0.33731,47.326
16,5,0.6185,0.3815,CV,1.345,1.3456,-4.947199324666762,-4.955719720187418,0.01799,0.03379,22.8049
16,6,0.6172,0.3828,CV,5.7083,5.7136,-6.561901237398274,-6.564967173384362,-0.00561,0.10946,35.7479
16,7,0.6155,0.3845,CV,1.4786,1.4329,-9.776928833666044,-9.783134284395867,-0.72833,0.30673,50.6325
16,8,0.6171,0.3829,CV,5.0766,5.047,-72.16927614535507,-72.17422496108736,-0.78098,-0.13529,173.9583
16,9,0.6176,0.3824,CV,7.4095,7.4065,-9.256766160722968,-9.26403076518168,0.82637,0.6016,190.8141
16,10,0.622,0.378,CV,7.1226,7.1501,-11.883500113626575,-11.892958134640361,-0.04641,0.16696,64.7321
16,11,0.4798,0.5202,CA,35.0723,33.1506,-44.13847864739999,-43.706762145939095,-51.38565,-13.12958,1001.6298
17,1,0.5093,0.4907,CV,71.8946,71.4681,-25.172699770871688,-24.78796087443302,-15.20661,-2.7875,744.5967
17,2,0.6179,0.3821,CV,6.7378,6.7246,-9.17163335892165,-9.182246632605068,-2.05854,0.36828,136.3185
17,3,0.6176,0.3824,CV,2.1379,2.129,-5.675925562443307,-5.681618929743932,-0.15101,-0.00858,35.5406
17,4,0.6158,0.3842,CV,4.8287,4.8121,-7.114628637644041,-7.113240695199176,-0.27266,0.43877,45.523
17,5,0.6186,0.3814,CV,0.8483,0.8508,-5.063886857095649,-5.07304491091881,0.0483,-0.01672,22.2711
17,6,0.618,0.382,CV,0.8437,0.8302,-4.896851872810413,-4.905282731307238,0.02073,0.0548,34.377
17,7,0.6169,0.3831,CV,2.3363,2.3157,-6.515819222045821,-6.521931859784246,-0.54702,0.20712,50.2909
17,8,0.6144,0.3856,CV,11.2246,11.1834,-78.33474159513871,-78.32813929808904,-1.19005,-0.2851,169.1463
17,9,0.6179,0.3821,CV,5.619,5.6114,-9.284981640797016,-9.292312548504906,0.29949,0.65334,192.2545
17,10,0.6212,0.3788,CV,0.8295,0.8156,-13.664335962989599,-13.679324214943588,0.02454,0.11497,59.5888
17,11,0.4175,0.5825,CA,40.5146,37.7655,-74.41831176785263,-73.81185626516141,-73.6272,-18.67622,1370.1477
18,1,0.5508,0.4492,CV,23.9018,23.1867,-14.079014304801143,-13.967052956416527,-14.36076,-3.94523,724.1673
18,2,0.6182,0.3818,CV,5.4067,5.3772,-7.690708168326237,-7.698993531979212,-1.16909,0.56333,129.787
18,3,0.618,0.382,CV,0.6481,0.6413,-5.495790059514188,-5.503402316355906,-0.07598,-0.00237,34.9945
18,4,0.615,0.385,CV,4.3249,4.3003,-6.5487069106235225,-6.546430117817629,-0.29189,0.49741,44.784
18,5,0.6187,0.3813,CV,0.8077,0.81,-5.313200704294382,-5.322216785813145,0.01324,-0.00286,21.9519
18,6,0.6187,0.3813,CV,0.6144,0.6135,-4.916219513435701,-4.926385532236525,0.04525,-0.0007,33.3309
18,7,0.6183,0.3817,CV,0.7422,0.7564,-6.234193147715049,-6.244162289388415,-0.28835,0.14069,49.7752
18,8,0.6119,0.3881,CV,12.0982,12.0341,-75.6297194839819,-75.61655927651643,-1.5136,-0.28408,166.1617
18,9,0.6164,0.3836,CV,11.6163,11.5975,-10.327642140250234,-10.328027061665974,-0.0247,0.96581,189.2993
18,10,0.6179,0.3821,CV,5.1143,5.1126,-9.8793988220966,-9.88133995126245,-0.4907,0.31145,55.433
18,11,0.5056,0.4944,CV,17.567,13.9041,-66.95698132252329,-66.7945352972674,-71.85003,-17.33854,1634.2269
19,1,0.5811,0.4189,CV,16.4233,15.8616,-18.891551116654515,-18.843279228130022,-11.50527,-4.64511,693.0233
19,2,0.5852,0.4148,CV,21.9787,21.9111,-22.14723718545028,-22.017281844530974,-3.62314,0.65735,122.0511
19,3,0.6181,0.3819,CV,0.8605,0.8563,-5.649698484179979,-5.657191642079144,-0.01537,0.00024,34.6975
19,4,0.6134,0.3866,CV,5.403,5.3721,-6.561233945982373,-6.553312005875712,-0.36167,0.58698,44.2771
19,5,0.6184,0.3816,CV,1.2078,1.207,-5.1213842359751975,-5.129430529805943,-0.0458,-0.00216,21.7618
19,6,0.619,0.381,CV,1.5088,1.517,-5.024095790036181,-5.034599694061365,0.00937,0.01185,32.7241
19,7,0.6183,0.3817,CV,2.6916,2.6941,-6.502910388105601,-6.511130155069631,-0.09212,0.21796,48.8816
19,8,0.6071,0.3929,CV,16.5707,16.4892,-72.64510303677531,-72.61516830599727,-2.02557,-0.29472,164.0441
19,9,0.6176,0.3824,CV,4.8678,4.8691,-9.6507005373761,-9.6585946270482,-0.02824,0.67832,193.3024
19,10,0.6135,0.3865,CV,5.5158,5.4809,-10.815490008631073,-10.803992490964433,-0.69948,0.43883,52.9739
19,11,0.551,0.449,CV,16.7843,13.6293,-69.01465604610512,-68.90895487365503,-64.81464,-16.58937,1743.1182
20,1,0.5954,0.4046,CV,15.1784,14.7218,-15.01690663295457,-14.983775083371707,-9.36529,-4.25874,667.1645
20,2,0.6077,0.3923,CV,1.5018,1.4476,-9.621136608112186,-9.632989457317858,-2.31269,0.53021,117.7885
20,3,0.6182,0.3818,CV,0.8733,0.8737,-5.285752663874391,-5.29369553844536,0.02591,-0.03961,34.444
20,4,0.6122,0.3878,CV,5.6241,5.5895,-6.642401711046861,-6.63211221162831,-0.41761,0.65493,43.2496
20,5,0.6183,0.3817,CV,0.8704,0.8664,-5.094147629258076,-5.101881403222767,-0.02742,-0.00425,21.6887
20,6,0.6186,0.3814,CV,2.0121,2.0111,-5.200056144127515,-5.208082270624376,0.02017,-0.01372,32.4364
20,7,0.6176,0.3824,CV,3.2197,3.209,-5.958976774973949,-5.964140012300433,-0.14928,0.27384,47.8543
20,8,0.6071,0.3929,CV,12.2038,12.097,-61.42601350873562,-61.40363406154888,-2.06442,-0.37234,161.3893
20,9,0.6175,0.3825,CV,8.8948,8.8949,-9.968523642227833,-9.974104733757851,0.01434,0.34282,202.4787
20,10,0.6116,0.3884,CV,5.266,5.2181,-10.14573693830171,-10.132577122429268,-0.74377,0.4822,51.3174
20,11,0.5085,0.4915,CV,36.7185,34.1427,-54.51467588803015,-54.17302331761639,-74.43002,-18.56987,1805.8921
21,1,0.6061,0.3939,CV,10.7759,10.4085,-9.912726243615941,-9.90289670508537,-6.73202,-3.83565,635.5861
21,2,0.6193,0.3807,CV,9.758,9.8584,-8.075155606694404,-8.103346698208387,-0.26012,0.39622,111.3749
21,3,0.6182,0.3818,CV,2.3804,2.3836,-5.536387391270598,-5.54427975632522,0.05275,-0.05786,33.6336
21,4,0.6136,0.3864,CV,3.6704,3.6334,-6.2782890792180455,-6.275373121704596,-0.3097,0.6268,43.0829
21,5,0.6181,0.3819,CV,1.1207,1.1176,-5.3502284299106195,-5.357619944092073,0.02248,-0.02673,21.7246
21,6,0.6187,0.3813,CV,0.9299,0.9363,-5.096142057873278,-5.105555634416186,-0.0301,0.00583,31.6107
21,7,0.6182,0.3818,CV,2.0408,2.0425,-5.87137630071738,-5.879997073010141,0.04346,0.19806,47.4091
21,8,0.6053,0.3947,CV,14.2329,14.1306,-65.05835382556013,-65.02794204978237,-2.24301,-0.45187,156.6046
21,9,0.6176,0.3824,CV,8.2392,8.2446,-10.270800215697491,-10.277234113704194,0.31636,0.4624,203.4386
21,10,0.6063,0.3937,CV,17.8605,17.895,-21.133419934319136,-21.100840883390816,0.05713,-0.26319,43.8224
21,11,0.479,0.521,CA,41.6355,38.9584,-46.04817287531811,-45.64954929032983,-84.9221,-20.70017,1872.682
22,1,0.5842,0.4158,CV,32.4095,32.0346,-19.72263290393971,-19.606504177872736,-9.19981,-4.12838,604.9028
22,2,0.6153,0.3847,CV,11.8371,11.8496,-8.866670977424416,-8.860595932399738,1.08899,0.25335,107.3021
22,3,0.6183,0.3817,CV,1.0373,1.0312,-5.250318641283912,-5.258596252599256,0.06842,-0.04222,33.1923
22,4,0.6137,0.3863,CV,4.2322,4.1968,-6.165535213481858,-6.16128140828101,-0.37424,0.59525,42.6913
22,5,0.6184,0.3816,CV,0.6315,0.6369,-4.94287679547677,-4.951507232051522,0.02381,-0.00556,21.5395
22,6,0.6186,0.3814,CV,1.64,1.6427,-5.04971602464676,-5.058552782751713,0.01246,-0.01623,30.5913
22,7,0.6179,0.3821,CV,3.4222,3.4188,-5.9988657555662055,-6.005350708509192,0.23234,0.07873,46.6882
22,8,0.6101,0.3899,CV,6.3367,6.2167,-48.7856424805108,-48.77821179606933,-1.87429,-0.36978,154.2635
22,9,0.6174,0.3826,CV,8.654,8.6488,-9.614538367835177,-9.619739592354271,0.28084,0.42698,200.8889
22,10,0.6093,0.3907,CV,3.0797,3.0283,-10.87846453846752,-10.866326788900537,0.0336,-0.21219,39.9609
22,11,0.5178,0.4822,CV,22.4169,18.833,-27.01744835009376,-26.816609577624405,-82.7281,-19.65352,1941.6098
23,1,0.5899,0.4101,CV,17.6843,17.1689,-16.299401967284442,-16.238950278429762,-8.19674,-4.09951,575.8562
23,2,0.6061,0.3939,CV,15.0257,14.9768,-10.593302669321954,-10.554413839636723,1.77803,0.08378,107.0348
23,3,0.6186,0.3814,CV,1.0023,1.0037,-5.162504595442177,-5.1718802699615285,-0.01937,0.00106,32.9435
23,4,0.6134,0.3866,CV,5.1404,5.1123,-6.355643377833836,-6.349858841884759,-0.54664,0.48098,42.0152
23,5,0.6183,0.3817,CV,1.0318,1.03,-5.671806386743894,-5.679547910604526,0.03442,-0.0017,21.7413
23,6,0.6187,0.3813,CV,0.5202,0.5213,-4.887947637985762,-4.897302955526157,0.01532,-0.04083,30.1216
23,7,0.6173,0.3827,CV,3.5169,3.5047,-6.094114115907564,-6.098600786712327,0.31494,-0.0665,45.7928
23,8,0.6143,0.3857,CV,4.4062,4.3338,-29.86339287049087,-29.866545811366095,-1.43276,-0.23885,154.0807
23,9,0.6158,0.3842,CV,13.4608,13.4435,-9.367739474350431,-9.36642820504809,-0.11242,0.21243,195.4903
23,10,0.6191,0.3809,CV,5.018,5.0589,-16.01627147427545,-16.041103243443303,-0.2417,0.25327,37.5765
23,11,0.5932,0.4068,CV,5.033,4.4469,-18.03739389180197,-18.086759260422266,-56.0224,-12.6572,1938.4952
24,1,0.6014,0.3986,CV,9.9162,9.4483,-14.064732069516348,-14.043441565357625,-6.60297,-3.09264,547.6432
24,2,0.6023,0.3977,CV,13.3122,13.2135,-9.839412761080524,-9.79830223385006,1.91428,-0.06678,108.0072
24,3,0.6187,0.3813,CV,1.506,1.5062,-5.282930127814235,-5.292020218829673,0.08872,-0.0344,32.7171
24,4,0.6127,0.3873,CV,5.5668,5.5382,-6.496014858260024,-6.487703557883641,-0.69831,0.29858,41.0786
24,5,0.6184,0.3816,CV,1.7055,1.7095,-4.969048226642872,-4.9775522042783065,-0.04238,-0.04591,21.5634
24,6,0.6187,0.3813,CV,0.6129,0.6112,-4.939950897149063,-4.949237482386608,0.03262,-0.05802,29.7274
24,7,0.6172,0.3828,CV,2.9646,2.9478,-6.06256918821179,-6.067451847628955,0.24807,-0.16551,44.7451
24,8,0.6165,0.3835,CV,2.8554,2.7863,-23.580356067583196,-23.586677003708534,-1.07027,-0.10609,152.2122
24,9,0.616,0.384,CV,7.2282,7.172,-9.322175108391413,-9.323996708893379,0.08845,0.05564,193.2647
24,10,0.619,0.381,CV,1.8001,1.7839,-16.897596339343483,-16.907374222632008,-0.19873,0.32253,34.4212
24,11,0.6225,0.3775,CV,7.9705,8.6625,-15.454551020086644,-15.517351549913599,-31.72244,-6.39404,1839.2482
25,1,0.6084,0.3916,CV,8.473,8.1309,-11.581744678325109,-11.572956469230743,-5.10904,-2.44677,522.3943
25,2,0.6047,0.3953,CV,10.585,10.4905,-8.593677653160249,-8.56805360112288,1.88409,0.01348,105.5787
25,3,0.6188,0.3812,CV,2.0007,2.0056,-5.651917359240083,-5.661323663927354,-0.08239,0.02037,32.501
25,4,0.6153,0.3847,CV,2.3944,2.3644,-5.692095566494611,-5.695850080963055,-0.58402,0.11381,40.6317
25,5,0.6185,0.3815,CV,0.7047,0.7025,-4.645106543569881,-4.653700175581683,-0.05068,-0.02089,21.4688
25,6,0.6185,0.3815,CV,1.5572,1.5565,-5.085131898352006,-5.093527928339011,0.02341,-0.06622,29.7022
25,7,0.6163,0.3837,CV,3.9823,3.9632,-6.280303633105685,-6.281649048133714,0.16367,-0.30712,43.3701
25,8,0.6176,0.3824,CV,2.3908,2.3406,-17.849177690443028,-17.856842923685974,-0.80187,-0.03436,149.8696
25,9,0.6169,0.3831,CV,9.9773,9.9768,-9.617770731478071,-9.623355764898726,0.84321,-0.09991,195.3553
25,10,0.6163,0.3837,CV,3.7594,3.7475,-13.647234035062402,-13.645654251502213,-0.24237,0.27926,30.6522
25,11,0.6072,0.3928,CV,73.4282,73.6051,-38.78330147137831,-38.73821961553432,-11.57886,1.40724,1575.9447
26,1,0.617,0.383,CV,6.8645,6.9533,-10.693077721288677,-10.710402736497151,-2.71213,-1.65547,501.6204
26,2,0.6052,0.3948,CV,10.3807,10.2863,-9.03619931282731,-9.009260469080797,1.90008,0.04219,103.7233
26,3,0.6188,0.3812,CV,1.2993,1.3033,-5.177708725818045,-5.18732259572054,0.02484,-0.04109,32.2983
26,4,0.6141,0.3859,CV,4.535,4.5034,-6.0945377001913705,-6.089347557799634,-0.69857,0.06314,40.1739
26,5,0.6154,0.3846,CV,5.1133,5.1098,-6.29423899504784,-6.289776217507617,-0.06828,-0.03611,20.3507
26,6,0.6184,0.3816,CV,1.8164,1.8158,-5.167837259825658,-5.175836017203264,-0.09914,-0.0467,29.5689
26,7,0.6146,0.3854,CV,6.3958,6.3843,-6.859674143561273,-6.854744981514921,0.35623,-0.58502,43.3269
26,8,0.6183,0.3817,CV,3.1818,3.1819,-11.041082430931805,-11.050362718794027,-0.50816,0.02894,150.0321
26,9,0.614,0.386,CV,18.3683,18.3534,-11.054307631654956,-11.04621035951969,1.46543,-0.54113,203.8463
26,11,0.5701,0.4299,CV,42.205,41.6573,-46.56181573266579,-46.38612095058404,-23.49171,-0.0013,1380.1488
26,10,0.5949,0.4051,CV,14.9606,14.965,-35.518150956775514,-35.43104627399237,-0.35672,0.97089,30.8038
27,1,0.6201,0.3799,CV,16.4758,16.5995,-11.045747208672019,-11.063355289793218,0.11962,-0.88801,479.4068
27,2,0.6049,0.3951,CV,10.4126,10.3126,-8.654007954925774,-8.62496022826302,1.96837,0.07583,103.6468
27,3,0.6187,0.3813,CV,1.262,1.2607,-5.247353784652852,-5.256233133837597,0.0632,-0.08354,32.3047
27,4,0.6165,0.3835,CV,2.6129,2.6004,-5.54407517032245,-5.550621111448387,-0.44589,0.02105,38.9855
27,5,0.6165,0.3835,CV,1.6332,1.6133,-4.708410902278053,-4.712950224335989,-0.11312,0.00064,19.8588
27,6,0.6186,0.3814,CV,0.5674,0.5695,-5.004299556684519,-5.013309443674781,-0.07608,-0.02598,29.1952
27,7,0.6149,0.3851,CV,3.6412,3.6076,-6.277464092965139,-6.276477412005785,0.23761,-0.62098,42.8884
27,8,0.6187,0.3813,CV,2.1221,2.1213,-10.548452445260924,-10.557929599971345,-0.33912,0.09415,147.8782
27,9,0.6106,0.3894,CV,20.1297,20.0633,-11.181162435217184,-11.162931471507834,1.44412,-0.87527,217.7613
27,11,0.6133,0.3867,CV,12.9806,13.4626,-41.15392191685319,-41.21142295947449,-12.35007,1.5548,1246.6041
28,1,0.6099,0.3901,CV,33.6711,33.652,-13.276522683387498,-13.246584399325386,3.07181,-0.31766,464.5133
28,2,0.6046,0.3954,CV,10.5781,10.4745,-8.581421303362914,-8.551742595088355,2.02076,0.17243,104.3329
28,3,0.6188,0.3812,CV,1.0749,1.0799,-5.4434662029374525,-5.453053578209207,-0.01693,-0.01627,32.0516
28,4,0.6188,0.3812,CV,1.7133,1.7324,-5.391098888775575,-5.403745938630923,-0.17101,-0.08741,38.4799
28,5,0.6188,0.3812,CV,0.4512,0.4644,-4.180072760946821,-4.192906508299985,-0.08852,0.0076,19.6888
28,6,0.6181,0.3819,CV,2.5378,2.5364,-5.3170138400512545,-5.3236429369158405,-0.04913,-0.03231,29.6741
28,7,0.6157,0.3843,CV,2.9281,2.8977,-5.947034165786976,-5.949022950611807,0.18021,-0.54187,41.7886
28,8,0.6188,0.3812,CV,0.8607,0.8601,-8.717385727658677,-8.726936041514195,-0.18934,0.0917,146.0689
28,9,0.6114,0.3886,CV,13.2064,13.0987,-10.602398048963488,-10.592530350698198,1.21149,-1.0015,228.6062
28,11,0.6165,0.3835,CV,14.533,14.3168,-27.130707980891895,-27.13869708154946,-9.97394,0.79572,1143.1796
29,1,0.5938,0.4062,CV,39.528,39.3496,-14.362743505909922,-14.280605302620451,5.05565,0.03247,454.9572
29,2,0.6067,0.3933,CV,8.5921,8.4851,-8.66394682350372,-8.64311754041952,1.91164,0.16145,104.3079
29,3,0.6185,0.3815,CV,2.2799,2.2815,-5.61195038055734,-5.62002536691185,0.08357,-0.01402,32.4246
29,4,0.6186,0.3814,CV,2.8551,2.8565,-5.540181343313639,-5.5489430908513615,0.03848,-0.22425,37.898
29,5,0.6191,0.3809,CV,0.7634,0.7586,-4.330823823338141,-4.341708734408509,-0.05542,-0.05018,19.2708
29,6,0.6184,0.3816,CV,1.1016,1.1075,-5.157538943253425,-5.16654136592507,-0.02852,0.04351,29.5756
29,7,0.6143,0.3857,CV,4.4825,4.4527,-6.055527405427968,-6.050714213362594,0.30588,-0.57351,40.6248
29,8,0.6103,0.3897,CV,22.6675,22.6575,-29.633376179772142,-29.60707805883034,-1.68387,0.14072,146.2273
29,9,0.6128,0.3872,CV,11.3866,11.293,-11.226695622116583,-11.221618060007891,1.04399,-1.10249,236.5144
29,11,0.6114,0.3886,CV,18.3958,18.0032,-28.086767028112256,-28.06806303880927,-9.62967,-0.09159,1042.293
30,1,0.5827,0.4173,CV,38.7918,38.508,-14.089874904368056,-13.985432801495108,6.32291,0.14136,447.3964
30,2,0.6093,0.3907,CV,7.0614,6.9617,-7.7177543418862005,-7.704994317032272,1.71596,0.07747,105.3033
30,3,0.6184,0.3816,CV,0.9816,0.9748,-5.460266367712649,-5.468441643493578,0.10157,-0.00314,32.6345
30,4,0.6181,0.3819,CV,2.4249,2.4148,-5.458760114341885,-5.465520005713968,0.05184,-0.30109,37.5113
30,5,0.6195,0.3805,CV,0.8398,0.847,-4.209195671229491,-4.2208685859063095,-0.00254,-0.04526,19.0133
30,6,0.6186,0.3814,CV,1.0085,1.0126,-5.124498354530905,-5.133476507635006,0.00779,0.02851,29.2702
30,7,0.6164,0.3836,CV,1.9934,1.9672,-5.538728930433243,-5.544389217656502,0.32132,-0.37735,39.7333
30,8,0.6101,0.3899,CV,10.397,10.3052,-21.083800746465236,-21.069012058364272,-1.73257,0.21363,146.2087
30,9,0.6152,0.3848,CV,4.7975,4.7115,-10.360437326687748,-10.363650022044379,0.70377,-0.88536,246.0322
30,11,0.6098,0.3902,CV,16.1594,15.7527,-24.321756668567666,-24.304240336119477,-8.31265,-0.38338,965.7757
31,1,0.5789,0.4211,CV,34.664,34.32,-13.12495251245636,-13.021157764553028,7.09058,0.29199,442.7687
31,2,0.6089,0.3911,CV,9.2943,9.2086,-8.673008004338548,-8.654650840109207,1.74895,0.04793,104.5574
31,3,0.6182,0.3818,CV,1.5204,1.5159,-6.286291398066375,-6.29393625888642,0.09401,-0.07942,32.8898
31,4,0.6176,0.3824,CV,2.8755,2.8642,-5.63238355163149,-5.637561838054371,0.02282,-0.31943,37.6072
31,5,0.6188,0.3812,CV,2.0487,2.0507,-4.557974249307701,-4.566558039380614,0.05969,0.01907,19.0255
31,6,0.6183,0.3817,CV,2.332,2.3309,-5.481478062452038,-5.48896873315397,-0.10215,0.11389,28.994
31,7,0.6181,0.3819,CV,0.7774,0.7705,-5.298351719315608,-5.308588360809718,0.24724,-0.20847,39.1048
31,8,0.6136,0.3864,CV,4.7635,4.6723,-18.678009662559475,-18.67812294482787,-1.36358,0.24336,145.9653
31,9,0.6174,0.3826,CV,8.9791,9.0119,-9.492240134912715,-9.500792581633627,0.27257,-0.60705,248.2109
31,11,0.6161,0.3839,CV,9.1109,9.0575,-22.9336973486486,-22.944798192319666,-5.1057,0.2984,905.3954
32,1,0.5772,0.4228,CV,32.8236,32.4484,-12.67999438605893,-12.57492498929236,7.7265,0.61828,441.0774
32,2,0.6091,0.3909,CV,8.5717,8.4868,-10.329803530461806,-10.313058351379308,1.69455,0.03716,102.8254
32,3,0.6184,0.3816,CV,0.4408,0.4355,-6.0562669341389235,-6.064747705641915,0.08197,-0.04436,33.078
32,4,0.6177,0.3823,CV,2.7458,2.74,-6.089276642164661,-6.095854399162093,0.07344,-0.30733,36.6395
32,5,0.6186,0.3814,CV,0.7498,0.7438,-4.341619799564536,-4.350160115431108,0.03382,0.02759,18.9062
32,6,0.6184,0.3816,CV,1.1513,1.1443,-5.222028178284879,-5.230602028384661,-0.06882,0.10083,28.6925
32,7,0.6177,0.3823,CV,3.3254,3.3182,-6.252699988348227,-6.258329633217658,0.07205,-0.36596,38.2669
32,8,0.6169,0.3831,CV,3.6162,3.6142,-19.04728402194702,-19.056209640821024,-0.82547,0.20365,143.6506
32,9,0.6164,0.3836,CV,13.9399,13.9248,-9.404139194647437,-9.405690976178473,0.55299,-0.40644,246.1393
32,11,0.6208,0.3792,CV,13.7826,14.0215,-12.389822559474247,-12.411790003945914,-1.31514,0.18628,858.0323
33,1,0.5761,0.4239,CV,31.4606,31.0527,-12.37499871999425,-12.2677074674993,8.31108,0.80641,443.1297
33,2,0.6082,0.3918,CV,8.823,8.7311,-9.732763264514293,-9.71180152430712,1.78949,0.06032,102.1224
33,3,0.6186,0.3814,CV,1.0359,1.0411,-5.951794699928342,-5.960761161669883,-0.0165,-0.01548,33.2316
33,4,0.6176,0.3824,CV,2.2614,2.2482,-6.211067558142248,-6.217034344826804,0.03046,-0.29867,35.6934
33,5,0.6183,0.3817,CV,1.0354,1.0292,-4.407449101359916,-4.414934649457818,0.01931,0.04314,18.8849
33,6,0.6187,0.3813,CV,0.5573,0.5495,-5.098693113060172,-5.108196487299542,-0.03702,0.09284,28.522
33,7,0.617,0.383,CV,2.8222,2.8015,-6.304029260436803,-6.307477352117444,0.07922,-0.41911,37.2341
33,8,0.6174,0.3826,CV,3.9455,3.9116,-20.664698852654567,-20.671215564991904,-0.64485,0.20761,141.1128
33,9,0.6157,0.3843,CV,10.5057,10.4447,-8.86721066738554,-8.86703075330383,0.76474,-0.61133,247.8628
33,11,0.6146,0.3854,CV,31.0401,31.0017,-11.69582362455951,-11.684526330879663,-3.57575,0.09204,838.3533
34,1,0.5778,0.4222,CV,28.2155,27.7773,-11.679425306121617,-11.581158180156693,8.6242,0.63925,446.1171
34,2,0.6086,0.3914,CV,7.8241,7.7266,-9.604358570669529,-9.586472316901952,1.77146,0.05587,101.3792
34,3,0.6184,0.3816,CV,2.2298,2.2305,-5.626230201178648,-5.634330475055963,-0.10938,0.02751,33.0006
34,4,0.6181,0.3819,CV,1.6989,1.6932,-5.569883887325318,-5.578179486683869,0.0909,-0.25019,35.5303
34,5,0.6185,0.3815,CV,0.3776,0.3834,-4.401615274221556,-4.410677575277353,0.01082,0.03371,18.6852
34,6,0.6189,0.3811,CV,0.8257,0.8287,-5.07869580515101,-5.088817048008214,0.03552,0.03663,28.387
34,7,0.6181,0.3819,CV,0.8659,0.848,-5.498388967070372,-5.507340372926845,0.01564,-0.30641,36.4452
34,8,0.6185,0.3815,CV,1.9624,1.9596,-19.145082077997788,-19.155329488342826,-0.31226,0.16338,139.2207
34,9,0.6157,0.3843,CV,11.7954,11.7559,-9.042395109636386,-9.043385064927925,1.35225,-0.52581,255.712
34,11,0.6183,0.3817,CV,10.436,10.5586,-11.654026684685006,-11.667354957656462,-1.6475,-0.43179,810.4677
35,1,0.5808,0.4192,CV,25.6458,25.2051,-11.15966975525096,-11.070743336378323,8.71633,0.41276,445.1789
35,2,0.6086,0.3914,CV,8.2824,8.19,-8.71961439053374,-8.700837472389379,1.79375,0.04547,101.3882
35,3,0.6186,0.3814,CV,1.3562,1.3585,-5.420377863605592,-5.429638836956929,0.01565,0.03807,32.9652
35,4,0.6183,0.3817,CV,1.1753,1.1629,-5.870788376087792,-5.879193612538852,0.11618,-0.20343,35.101
35,5,0.6186,0.3814,CV,0.1341,0.1368,-4.303766849339959,-4.312691214982401,0.00592,0.0208,18.5477
35,6,0.619,0.381,CV,0.37,0.3694,-5.022340487265739,-5.0322765257702065,0.04503,0.01091,28.2415
35,7,0.6182,0.3818,CV,1.8411,1.8314,-5.232663428995561,-5.240605960464712,-0.09423,-0.25262,35.4733
35,8,0.619,0.381,CV,2.8797,2.8926,-14.81220758895821,-14.822996758997146,0.01039,0.1953,138.123
35,9,0.6156,0.3844,CV,18.6252,18.6271,-10.048313285820148,-10.048709617336161,1.34359,-0.06367,275.363
35,11,0.617,0.383,CV,27.6122,27.6349,-20.30418318947404,-20.30661667126343,-0.12116,-1.22037,762.2957
36,1,0.5845,0.4155,CV,23.0692,22.6253,-10.887271790136468,-10.809496482309024,8.52656,0.62385,451.7528
36,2,0.6108,0.3892,CV,6.247,6.1552,-7.464638701948611,-7.455387505545815,1.5925,0.03492,101.7747
36,3,0.6188,0.3812,CV,0.7617,0.7638,-5.47761837027207,-5.487226063937921,0.05588,0.01418,33.2219
36,4,0.6183,0.3817,CV,1.4257,1.4133,-5.761013778938446,-5.768819413027146,0.11113,-0.2137,34.6799
36,5,0.6186,0.3814,CV,0.9901,0.9908,-4.550840624499905,-4.5597167940168895,0.04916,0.01037,18.3285
36,6,0.6183,0.3817,CV,2.6736,2.6714,-5.222190527820566,-5.229360205032604,0.06356,-0.00141,27.3657
36,7,0.6183,0.3817,CV,1.5995,1.5901,-5.192218168849562,-5.200383687535083,-0.12617,-0.23192,34.8923
36,8,0.619,0.381,CV,1.6504,1.643,-12.344976599754826,-12.354922843136057,-0.02461,0.22837,136.8897
36,9,0.6171,0.3829,CV,4.8192,4.7866,-9.16462894675012,-9.171727404148422,0.7664,-0.00357,288.474
36,11,0.6149,0.3851,CV,23.2369,23.1819,-14.546154196437353,-14.541743747642164,1.36877,-1.59232,732.3489
37,1,0.5885,0.4115,CV,21.8304,21.3933,-10.963710324492753,-10.896690267154838,8.11399,1.02847,457.7023
37,2,0.6114,0.3886,CV,6.7412,6.6566,-7.962132644990291,-7.952205291211474,1.50452,0.00213,100.9482
37,3,0.6187,0.3813,CV,1.5854,1.5826,-5.319482450274509,-5.328306737465619,0.06619,0.06157,32.9796
37,4,0.6181,0.3819,CV,2.0291,2.0218,-5.601848652722168,-5.609166934184708,0.19286,-0.15594,34.536
37,5,0.6187,0.3813,CV,0.3038,0.3008,-4.30925585088016,-4.318542175288243,0.04303,0.00323,18.1962
37,6,0.6183,0.3817,CV,1.4322,1.4203,-4.902155778141719,-4.9101252407002685,0.07831,-0.00742,26.6858
37,7,0.6185,0.3815,CV,1.7262,1.725,-5.380509933419036,-5.38936019628056,-0.03353,-0.1805,34.641
37,8,0.619,0.381,CV,0.9214,0.9171,-11.867100889679826,-11.87704358987537,0.0292,0.17164,135.557
37,9,0.6177,0.3823,CV,4.8112,4.7958,-9.842696392297778,-9.84970806294313,0.33073,-0.06806,299.4991
37,11,0.609,0.391,CV,34.7533,34.6484,-12.504186850525178,-12.477922110028496,3.41163,-1.78544,711.0323
38,1,0.618,0.382,CV,28.0653,28.4142,-15.641756707867145,-15.692668488337151,1.77476,1.55446,446.5115
38,2,0.6118,0.3882,CV,6.7984,6.7191,-7.537992229780918,-7.528569670536633,1.44447,-0.00158,100.9305
38,3,0.6188,0.3812,CV,0.4076,0.4072,-5.255169235312895,-5.26490648051302,0.06526,0.03651,33.04
38,4,0.618,0.382,CV,1.7215,1.7082,-5.309165988998218,-5.316027947835734,0.21761,-0.14488,34.3428
38,5,0.6188,0.3812,CV,0.3693,0.3668,-4.241873028114881,-4.251307889649495,0.05131,-0.00124,18.1101
38,6,0.6185,0.3815,CV,1.2116,1.1997,-4.694830750520748,-4.703648787061692,0.11479,-0.01035,26.0743
38,7,0.618,0.382,CV,2.6556,2.6513,-5.924834129253814,-5.931380182907828,0.05305,-0.11095,34.766
38,8,0.6189,0.3811,CV,1.6784,1.6761,-12.140333252651185,-12.149937760863022,0.1319,0.11007,133.8966
38,9,0.6167,0.3833,CV,12.0526,12.0144,-10.542665246774785,-10.54474726709797,0.26811,0.0448,320.1513
38,11,0.5744,0.4256,CV,78.5303,78.3361,-27.96444115354094,-27.80386513462634,8.20872,-1.94674,696.5444
39,1,0.6162,0.3838,CV,18.009,17.9904,-10.250639226762965,-10.25023488707378,-0.28788,1.89475,430.0721
39,2,0.6125,0.3875,CV,6.2788,6.202,-7.402435475396271,-7.39551939914382,1.35296,0.07355,100.8161
39,3,0.6189,0.3811,CV,0.3317,0.328,-5.257223671409693,-5.266882761755521,0.06125,0.02737,33.1008
39,4,0.6173,0.3827,CV,3.0419,3.0313,-5.626752248355423,-5.6311900020613965,0.33553,-0.07473,33.9344
39,5,0.6188,0.3812,CV,0.9275,0.9303,-4.316370686875008,-4.325868792492982,-0.01169,-0.00378,18.172
39,6,0.6191,0.3809,CV,0.3567,0.3536,-4.620650675191601,-4.631631655369283,0.08649,0.0158,25.5748
39,7,0.6175,0.3825,CV,2.7732,2.7637,-5.684985337655516,-5.689908846957351,0.02581,-0.01572,35.1714
39,8,0.6187,0.3813,CV,2.2226,2.2135,-12.404050380435184,-12.41306243621737,0.21167,0.13542,132.1357
39,9,0.6164,0.3836,CV,10.4736,10.4203,-10.739114814937807,-10.741507331072782,0.1561,0.26458,342.6304
39,11,0.5781,0.4219,CV,42.9017,42.4898,-51.66649173407659,-51.57154422257677,8.73163,-1.29892,705.1092
40,1,0.6136,0.3864,CV,21.1313,21.0945,-10.736426821714101,-10.727866634832138,-1.81721,2.0442,430.3519
40,2,0.6157,0.3843,CV,2.2503,2.1864,-7.445966208104444,-7.451626581191644,0.95827,0.11759,100.8426
40,3,0.6188,0.3812,CV,0.8912,0.888,-5.20771630574065,-5.217058205073323,0.05662,0.04762,32.8993
40,4,0.6173,0.3827,CV,2.5264,2.5128,-5.4081973165336,-5.413247581991834,0.34374,-0.00935,33.2602
40,5,0.6187,0.3813,CV,1.0172,1.0174,-4.342537805454535,-4.351597662800203,-0.07109,-0.00513,18.0291
40,6,0.6193,0.3807,CV,1.0271,1.0336,-4.648278560724442,-4.659374313508788,0.05178,-0.01349,25.2794
40,7,0.617,0.383,CV,3.0118,2.9993,-5.724888785007371,-5.728564137418066,0.102,0.06526,35.7044
40,8,0.6182,0.3818,CV,4.8805,4.8694,-10.107501076586843,-10.114313366637056,0.44697,0.14388,131.5553
40,9,0.6163,0.3837,CV,13.0832,13.0462,-10.549289264330524,-10.551543238566662,-0.27989,0.57291,364.3681
40,11,0.5759,0.4241,CV,46.3866,45.9891,-66.95481861978676,-66.84540392819478,9.54138,-0.85497,675.4557
41,1,0.6021,0.3979,CV,31.6709,31.5468,-13.830282827899577,-13.777058348140525,-4.06237,1.79947,416.395
41,2,0.6164,0.3836,CV,7.2128,7.2046,-8.346449706394766,-8.35009513850066,0.65071,0.3432,97.569
41,3,0.6188,0.3812,CV,0.4293,0.4239,-5.1555720607925295,-5.165101597710242,0.05206,0.04334,32.7775
41,4,0.6169,0.3831,CV,2.6065,2.5878,-6.0360371380000135,-6.039727779741359,0.39501,0.012,32.8591
41,5,0.6185,0.3815,CV,1.3917,1.3923,-4.672757277949491,-4.6812011245883625,-0.04069,0.03986,18.2048
41,6,0.618,0.382,CV,3.3246,3.3241,-5.359493927119706,-5.364983514897168,0.04882,-0.0181,25.5949
41,7,0.6171,0.3829,CV,2.564,2.5537,-5.679654569827102,-5.68456419650631,0.13863,0.1593,35.9813
41,8,0.6182,0.3818,CV,3.0593,3.0448,-7.465497196275463,-7.473300214574526,0.35414,0.11985,132.0191
41,9,0.615,0.385,CV,22.5817,22.5444,-11.356511962365431,-11.353519292277271,-1.13887,0.96645,384.8479
41,11,0.5422,0.4578,CV,76.3306,75.9102,-80.3707022897112,-80.1280659620547,13.5705,-1.26997,707.9473
42,1,0.6045,0.3955,CV,16.4503,16.2298,-11.946587133935,-11.920342021038573,-4.05322,1.11945,408.2037
42,2,0.6174,0.3826,CV,2.674,2.6385,-9.585707101959667,-9.592630636089265,0.4885,0.38399,96.4364
42,3,0.6188,0.3812,CV,1.206,1.2074,-5.204765111371047,-5.214287004472306,-0.04801,0.05837,32.7039
42,4,0.6163,0.3837,CV,3.3052,3.2868,-7.581518861530887,-7.583029504726062,0.4563,0.09178,32.7701
42,5,0.6185,0.3815,CV,0.8058,0.8021,-4.415307084356434,-4.42368133112477,-0.06741,0.0138,18.3075
42,6,0.6174,0.3826,CV,2.2195,2.2076,-5.189728202549865,-5.194417605372995,0.00909,-0.05843,25.818
42,7,0.6172,0.3828,CV,2.7623,2.7539,-5.696895238267516,-5.701999701828845,0.19725,0.21163,35.9875
42,8,0.618,0.382,CV,3.5343,3.513,-7.736861985971466,-7.74372406247843,0.43923,0.1165,131.4998
42,9,0.6137,0.3863,CV,21.8124,21.7288,-10.604713483503048,-10.598030109035639,-1.72201,1.11964,406.9393
42,11,0.4323,0.5677,CA,121.9127,121.163,-58.09552414120773,-57.460204653887274,23.93843,-1.59756,745.6448
43,2,0.6184,0.3816,CV,2.9318,2.9325,-11.508706402303538,-11.518391103987938,0.33671,0.31526,96.9498
43,3,0.6188,0.3812,CV,0.7537,0.7515,-5.2760047601594975,-5.285540160228438,-0.04266,0.02412,32.4323
43,4,0.6155,0.3845,CV,3.4345,3.4098,-9.455612780311267,-9.45485061651438,0.51618,0.08552,32.6168
43,5,0.6187,0.3813,CV,1.2496,1.2541,-4.451959381271131,-4.461301558257623,-0.03077,0.00146,18.0374
43,6,0.6178,0.3822,CV,0.8347,0.8204,-5.076462922802328,-5.083454234898834,-0.00595,-0.05164,25.8066
43,7,0.6171,0.3829,CV,2.5217,2.5075,-5.671216643932645,-5.6759718313158665,0.20257,0.26182,36.1474
43,8,0.6176,0.3824,CV,4.8458,4.8249,-7.841845402079683,-7.847439424726311,0.57815,0.07144,130.1761
43,9,0.6137,0.3863,CV,17.1253,17.0101,-10.218269226867923,-10.213735223288154,-1.8017,1.25492,431.2791
43,11,0.4212,0.5788,CA,84.7282,83.4888,-25.56344556933478,-25.039655356767238,32.90905,-1.39967,818.5991
44,2,0.6185,0.3815,CV,4.5834,4.5899,-16.014608834994128,-16.023304301482355,0.10525,0.1421,98.3704
44,3,0.6189,0.3811,CV,0.5806,0.5837,-5.351923487899058,-5.361707525778446,-0.01563,0.03689,32.4388
44,4,0.6152,0.3848,CV,3.7985,3.7787,-9.520573300314723,-9.519605586396978,0.50771,0.1366,31.6487
44,5,0.6186,0.3814,CV,0.9792,0.9807,-4.5280988917624825,-4.537054217501475,-0.03606,-0.00423,18.2018
44,6,0.6182,0.3818,CV,0.92,0.9247,-4.9525711212325545,-4.961160670512913,-0.05348,-0.03599,25.6139
44,7,0.6167,0.3833,CV,3.1689,3.1522,-5.938669544180949,-5.941813915540838,0.19174,0.33824,36.8174
44,8,0.618,0.382,CV,2.4252,2.3972,-7.908932071424854,-7.916493908401408,0.49719,0.05179,129.0648
44,9,0.6134,0.3866,CV,18.7419,18.6193,-10.367527575810401,-10.361762937114559,-2.00581,1.33955,457.7167
44,11,0.4104,0.5896,CA,76.151,74.5977,-24.215633354174017,-23.663162440035094,45.02206,-1.35338,910.0194
45,2,0.6185,0.3815,CV,1.8974,1.8904,-19.21053858825685,-19.219054816147768,0.02001,0.02296,98.7421
45,3,0.6189,0.3811,CV,0.3414,0.3415,-5.32420102766214,-5.33381556162916,0.00812,0.03118,32.4117
45,4,0.6147,0.3853,CV,3.3161,3.2874,-10.528532131505504,-10.5260850676186,0.55666,0.13263,31.0945
45,5,0.6187,0.3813,CV,0.4346,0.4342,-4.498151910291088,-4.507278950451142,-0.00248,-0.00696,18.3297
45,6,0.6184,0.3816,CV,0.1699,0.1752,-4.835190887678695,-4.8439269413358,-0.03005,-0.02213,25.5517
45,7,0.6161,0.3839,CV,3.727,3.7055,-6.066082724693457,-6.066990440921961,0.2208,0.40397,37.6431
45,8,0.6178,0.3822,CV,3.9491,3.9223,-7.878946721312087,-7.885183403534611,0.57461,0.04253,128.4408
45,9,0.6139,0.3861,CV,16.6673,16.5412,-10.361275619448413,-10.357802620672894,-1.948,1.49146,480.2633
45,11,0.4075,0.5925,CA,62.4266,60.4366,-23.920686562868628,-23.37150332041478,59.15684,-1.21811,1048.7799
46,2,0.6187,0.3813,CV,3.6757,3.6892,-20.50276196279987,-20.512096434828095,-0.0333,-0.09693,96.953
46,3,0.6187,0.3813,CV,1.7384,1.738,-5.290037147687296,-5.29878149877999,0.11844,0.02264,32.141
46,4,0.6146,0.3854,CV,3.415,3.3872,-13.538279392166356,-13.535781012133292,0.59221,0.11633,30.9174
46,5,0.6187,0.3813,CV,0.683,0.6854,-4.5497138480480945,-4.559036254747238,0.00747,0.01473,18.2269
46,6,0.6184,0.3816,CV,1.249,1.2468,-4.9405768988129335,-4.948688784384651,-0.08604,0.01007,25.7429
46,7,0.6163,0.3837,CV,2.7922,2.7674,-6.208488167153406,-6.211446529448759,0.24514,0.3545,38.5224
46,8,0.6179,0.3821,CV,3.1607,3.1314,-7.449800047205403,-7.456765506831641,0.55587,0.06089,128.3551
46,9,0.6135,0.3865,CV,19.0844,18.9516,-10.656946075408367,-10.651353313047823,-2.02882,1.7096,509.6122
46,11,0.1735,0.8265,CA,122.994,120.4453,-37.8013044687486,-36.06953102676649,116.81776,-1.43692,1335.8534
46,1,0.5,0.5,CA,125.1743,125.0934,-32.809431866407245,-32.579083836196844,-7.40886,-0.85467,409.0893
47,2,0.6185,0.3815,CV,2.4936,2.4944,-23.35252688003598,-23.36104203593147,0.02659,-0.11253,97.759
47,3,0.6187,0.3813,CV,0.7727,0.7671,-5.187189458643984,-5.19627925335424,0.11846,-0.00825,31.9661
47,4,0.6151,0.3849,CV,2.9756,2.9487,-13.299089422699153,-13.298964839871402,0.5544,0.04816,30.1003
47,5,0.6186,0.3814,CV,1.2245,1.2253,-4.4458931494386915,-4.454492771640136,0.03184,-0.01059,18.4794
47,6,0.6185,0.3815,CV,0.4314,0.4258,-4.894523741697282,-4.90323461127109,-0.07523,0.0148,25.8749
47,7,0.6169,0.3831,CV,2.29,2.2701,-6.832283980906205,-6.837327132803238,0.25949,0.29999,38.934
47,8,0.6179,0.3821,CV,3.3942,3.3659,-7.600675208157827,-7.607530418089427,0.56106,0.03136,127.3499
47,9,0.6143,0.3857,CV,15.3218,15.1809,-11.192356870772489,-11.190506677499807,-1.92321,1.55242,545.0592
47,11,0.2288,0.7712,CA,80.7579,76.8252,-27.522900250121616,-26.46526920222729,178.79154,-1.59761,1677.5159
47,1,0.5747,0.4253,CV,3.9391,3.5935,-12.50323618114121,-12.502087509623427,-5.53606,-0.50762,380.5401
47,-6,0.7,0.3,CV,0.6754,0.6754,-5.699117970558533,-5.699117970558533,0.0,0.0,24.6622
48,2,0.6181,0.3819,CV,4.541,4.537,-28.929516127285865,-28.936324533573668,0.19827,0.00745,99.7616
48,3,0.6187,0.3813,CV,0.7348,0.7337,-5.133687412627738,-5.143017129712726,0.09307,-0.01095,32.0419
48,4,0.6121,0.3879,CV,5.1666,5.1433,-14.956277316944849,-14.943003430766296,0.62418,-0.09958,28.6051
48,5,0.6184,0.3816,CV,1.053,1.0497,-4.50246448499057,-4.510493622078907,0.00748,-0.01558,18.8027
48,6,0.6185,0.3815,CV,0.7077,0.7043,-4.917955770488794,-4.926543844438904,-0.05138,0.01185,26.1346
48,7,0.6169,0.3831,CV,2.7581,2.7376,-6.6966331263398855,-6.700644646114647,0.26525,0.32247,39.3389
48,8,0.6181,0.3819,CV,2.5091,2.479,-7.365345919873309,-7.372986705035583,0.50998,0.04719,126.616
48,9,0.6147,0.3853,CV,15.6654,15.5273,-11.594155334549006,-11.592859069120728,-1.81262,1.50794,582.3113
48,11,0.333,0.667,CA,40.8721,35.5529,-24.935306892464624,-24.320263586944506,211.35987,-3.75322,2092.2433
48,12,0.6468,0.3532,CV,3.7891,3.7891,-8.113368007909841,-8.121278298967638,-1.38557,0.34639,32.5992
48,1,0.5956,0.4044,CV,12.5253,12.2535,-15.154016566095313,-15.130747558410894,-4.91399,-0.39001,372.2517
49,2,0.6184,0.3816,CV,2.3723,2.3789,-44.55598333265763,-44.564867822714874,0.19274,-0.00655,99.3649
49,3,0.6187,0.3813,CV,0.9431,0.9408,-5.19687352654229,-5.2058092440014665,0.06792,-0.00685,32.2335
49,5,0.6186,0.3814,CV,1.1191,1.1245,-4.506590085334388,-4.515941445289027,0.02324,-0.01464,18.672
49,6,0.6186,0.3814,CV,0.694,0.6953,-4.93858161985803,-4.947636548810874,-0.05316,0.03043,26.1429
49,7,0.6168,0.3832,CV,3.0742,3.0559,-7.142297615099626,-7.146136678895825,0.30656,0.28247,40.4486
49,8,0.6181,0.3819,CV,2.7738,2.7466,-7.24448523831798,-7.252048260601226,0.50079,0.01923,126.1078
49,9,0.6017,0.3983,CV,78.9559,79.0202,-22.463837432988615,-22.407429068221056,-1.07182,-1.1306,510.0936
49,11,0.3236,0.6764,CA,45.3181,38.6918,-24.974359239562975,-24.170662893812853,261.87653,-3.46295,2668.4928
49,12,0.6415,0.3585,CV,2.1319,2.1207,-5.766074761550716,-5.831202303525375,-1.52492,2.05056,47.1318
49,1,0.576,0.424,CV,36.3347,36.0905,-16.00298991785603,-15.868652541942673,-7.38782,-0.06997,363.5726
50,2,0.6181,0.3819,CV,5.0565,5.0537,-43.782262238460476,-43.78904266087536,0.28402,-0.00275,97.5123
50,3,0.6187,0.3813,CV,0.3929,0.3957,-5.3118051187284765,-5.321138032409916,0.04893,-0.00239,32.0984
50,5,0.6187,0.3813,CV,0.633,0.6327,-4.495753451895974,-4.504760697593549,-0.00238,-0.03544,18.6412
50,6,0.6187,0.3813,CV,0.9452,0.9465,-4.920234197149608,-4.929420940318375,-0.01318,0.02534,26.0076
50,7,0.6172,0.3828,CV,2.4181,2.4004,-6.777988788110572,-6.783510299233457,0.34025,0.18137,41.1617
50,8,0.6181,0.3819,CV,2.778,2.7513,-7.241486818688662,-7.249040131941183,0.49262,0.03744,125.627
50,9,0.5289,0.4711,CV,65.8085,65.5471,-27.237880040062322,-26.90387399864526,-1.27498,-4.75806,466.816
50,11,0.5173,0.4827,CV,10.7073,8.0141,-14.572113332211114,-14.588474995215769,213.58404,-0.52887,2994.4956
50,12,0.6306,0.3694,CV,4.0833,4.0194,-13.700628738603932,-13.726658539245717,-4.56225,1.33293,56.3149
50,1,0.5979,0.4021,CV,11.0052,10.7671,-14.046447751229532,-14.03109749552311,-5.64628,0.04947,365.176
51,2,0.6049,0.3951,CV,19.3459,19.3278,-30.607890063110467,-30.5600167156309,0.72407,-0.34081,88.8926
51,3,0.6187,0.3813,CV,0.6214,0.62,-5.17431123445754,-5.183304507196469,0.03567,-0.02179,32.2009
51,5,0.6187,0.3813,CV,0.9369,0.9356,-4.438258201281865,-4.447307321014112,0.01744,-0.00763,18.5463
51,6,0.6182,0.3818,CV,2.3643,2.3614,-5.179683528219936,-5.186911669072196,-0.02299,0.01611,25.4772
51,7,0.6163,0.3837,CV,4.6156,4.6001,-7.46051785597988,-7.461780817991701,0.43653,0.07137,42.684
51,8,0.6184,0.3816,CV,1.4378,1.4139,-7.175838175358722,-7.184663668345773,0.38196,0.05936,124.7804
51,9,0.2915,0.7085,CA,54.9054,54.2494,-32.56389247456586,-31.331769748750773,-3.79789,-11.78969,451.4524
51,11,0.6084,0.3916,CV,14.6193,15.0549,-10.740035755700035,-10.853654262458743,133.37395,1.20599,2945.9259
51,12,0.4864,0.5136,CA,11.7704,11.7828,-34.41685271122629,-33.86992152981038,-2.14868,-3.00089,60.0715
51,1,0.5986,0.4014,CV,19.2884,19.0284,-13.37871374437535,-13.333909255973529,-5.3755,0.367,368.5355
52,2,0.6098,0.3902,CV,10.2497,10.2444,-27.559702098772753,-27.55161760170853,1.43041,-0.06974,88.5555
52,3,0.6187,0.3813,CV,1.1977,1.2001,-5.240488459485891,-5.249748700171622,0.02697,-0.01783,31.8942
52,5,0.6186,0.3814,CV,1.0815,1.0771,-4.357662049646274,-4.366388723589635,0.0421,-0.00098,18.3708
52,6,0.6188,0.3812,CV,0.3621,0.3606,-4.775242450322228,-4.785426149243705,-0.04107,0.00815,25.4123
52,7,0.6164,0.3836,CV,3.5931,3.5733,-6.723901309559583,-6.726862783082338,0.47893,0.05143,43.2378
52,8,0.618,0.382,CV,4.0947,4.0743,-7.374747270405045,-7.381414616900165,0.51555,0.02697,123.7616
52,11,0.369,0.631,CA,61.1871,56.7273,-14.805190355493249,-13.80893216878059,214.93486,-0.3193,3043.9723
52,12,0.5696,0.4304,CV,10.1871,10.4888,-37.369779454723115,-37.36701541021354,-6.62944,0.6347,62.3219
52,1,0.6002,0.3998,CV,18.9123,18.6496,-15.267561739000417,-15.228560834906162,-4.86285,0.5496,374.1255
52,-7,0.7,0.3,CV,0.6751,0.6751,-4.947768043580042,-4.947768043580042,0.0,0.0,15.1157
53,2,0.5945,0.4055,CV,17.7706,17.7076,-28.5340540499406,-28.454690824790642,2.48699,0.21327,89.3677
53,3,0.6185,0.3815,CV,2.1612,2.1598,-5.283754399924316,-5.291914475784229,-0.07618,-0.00931,31.3446
53,5,0.6189,0.3811,CV,1.3174,1.3214,-4.535932915732065,-4.545915560522478,-0.06501,0.02413,18.4332
53,6,0.6189,0.3811,CV,0.6703,0.6641,-4.88483621950648,-4.894764909477482,-0.0294,0.02838,25.206
53,7,0.6164,0.3836,CV,3.1768,3.1522,-6.299878971753968,-6.302846845837775,0.48993,0.04639,43.711
53,8,0.6175,0.3825,CV,5.2338,5.2095,-7.430907729115922,-7.435740938323848,0.64647,0.03961,124.189
53,11,0.5561,0.4439,CV,19.2644,20.3914,-24.85260927124702,-24.961356375144508,152.90849,-2.2838,3062.3881
53,12,0.6012,0.3988,CV,2.9974,2.8454,-33.73713349709803,-33.744743086568036,-4.72999,1.0272,56.884
53,1,0.6072,0.3928,CV,11.0129,10.7725,-10.629907766544612,-10.61806710001255,-3.76565,0.77848,375.3626
53,13,0.648,0.352,CV,1.439,1.439,-4.350239985061474,-4.3632442363965955,0.49028,0.49029,20.3727
53,-8,0.7,0.3,CV,47.6786,47.6786,-26.96193153193117,-26.96193153193117,0.0,0.0,134.2524
54,2,0.5873,0.4127,CV,15.1948,15.065,-23.78736825539572,-23.70087975777483,2.82473,0.36781,90.3495
54,3,0.6187,0.3813,CV,0.6022,0.5931,-5.131694531562464,-5.141204960925,-0.06997,-0.00199,31.0811
54,5,0.6189,0.3811,CV,0.8741,0.8773,-4.386093145835924,-4.396001502020567,-0.01966,0.02053,18.6017
54,6,0.619,0.381,CV,1.5833,1.5876,-4.941292891094536,-4.951416640609039,0.0362,-0.07856,25.1766
54,7,0.6161,0.3839,CV,3.8164,3.7912,-6.292578871431153,-6.294014969753132,0.53825,0.06914,44.1066
54,8,0.6175,0.3825,CV,3.614,3.5789,-7.325245435864104,-7.331136698986606,0.63495,0.01048,123.8963
54,11,0.598,0.402,CV,17.951,16.1265,-31.770378803335056,-31.78430414291651,108.43132,-2.05418,2677.1521
54,12,0.598,0.402,CV,3.1743,2.9306,-12.046630416437564,-11.994753111766745,-4.30851,0.85281,51.3596
54,1,0.5824,0.4176,CV,50.7098,50.4978,-19.965025949263758,-19.839640050682824,-5.93863,1.22597,395.4278
54,13,0.6378,0.3622,CV,2.7412,2.7464,-4.665898437595413,-4.71341711574168,0.25569,-0.38705,28.8371
54,14,0.6208,0.3792,CV,145.3225,145.3225,-98.23214109005961,-98.1280626795409,1.234,-5.35691,242.7649
55,2,0.5918,0.4082,CV,11.0079,10.8558,-20.507515173907915,-20.450182300336802,2.67675,0.54966,90.8963
55,3,0.6188,0.3812,CV,0.7852,0.7786,-5.026735892677534,-5.036459217669805,-0.04141,-0.0225,30.7165
55,5,0.6188,0.3812,CV,0.3588,0.3568,-4.355899449314331,-4.365299589140305,-0.02635,0.01176,18.656
55,6,0.619,0.381,CV,0.5798,0.5759,-4.929517874785683,-4.939344268791488,0.01832,-0.07879,24.9284
55,7,0.616,0.384,CV,3.6121,3.5841,-6.286151983670461,-6.287735232869473,0.57388,-0.00364,44.8231
55,8,0.6179,0.3821,CV,2.3055,2.2716,-7.235663142016641,-7.243061471629012,0.53504,-0.01943,123.4906
55,11,0.6544,0.3456,CV,17.3674,21.0926,-17.60474806785423,-17.798998558043795,23.6159,-0.62361,2298.3483
55,12,0.5943,0.4057,CV,3.4936,3.2894,-33.888463907781905,-33.82601401028941,-3.91877,0.80862,46.7076
55,1,0.6023,0.3977,CV,8.8283,8.5523,-9.55547750048603,-9.549200114962803,-4.09523,1.13585,407.1884
55,13,0.6516,0.3484,CV,1.0783,1.1554,-4.075776313634871,-4.198582254676471,-0.52734,0.23515,34.0715
55,14,0.5637,0.4363,CV,88.9386,88.4814,-49.46787414276183,-49.246058128866785,1.82864,-7.15318,457.1936
56,2,0.5883,0.4117,CV,16.3064,16.1761,-28.337000260962284,-28.25890591966585,2.78292,0.40632,95.2479
56,3,0.6187,0.3813,CV,3.0129,3.02,-5.962350698553399,-5.971449690809803,0.08102,-0.04074,31.1562
56,5,0.6188,0.3812,CV,0.7073,0.7081,-4.701025352651721,-4.710226303905023,0.02706,0.02702,18.6633
56,6,0.6181,0.3819,CV,3.5597,3.5622,-5.462020367308442,-5.468091940235343,0.08063,-0.00856,25.537
56,7,0.6154,0.3846,CV,4.6024,4.5749,-6.472219604828551,-6.4712330781482486,0.63374,-0.13451,45.8097
56,8,0.6182,0.3818,CV,2.8908,2.8847,-7.6514102625125,-7.65972700989029,0.3413,0.0054,124.7194
56,11,0.6043,0.3957,CV,46.2747,46.9623,-15.75636897360069,-15.651779973995374,-39.2407,1.34756,1990.4365
56,12,0.5938,0.4062,CV,3.4238,3.2384,-26.858546116727638,-26.7992967558277,-3.41139,0.85455,43.0462
56,1,0.616,0.384,CV,16.2602,16.4419,-10.50087242411234,-10.522811983276366,-1.44573,1.14134,404.7361
56,13,0.642,0.358,CV,2.4151,2.3828,-5.172682828943857,-5.232721041690919,-1.80397,0.67717,35.0751
56,14,0.576,0.424,CV,31.9113,30.9491,-32.99677105047439,-32.90891406957587,1.18685,-5.31041,601.0712
57,2,0.5841,0.4159,CV,17.3133,17.1527,-15.153058438704882,-15.062466270888597,3.13216,0.57321,97.7468
57,3,0.6185,0.3815,CV,1.215,1.2074,-5.6171177244742285,-5.62544351646632,0.08961,-0.02934,31.3444
57,5,0.6184,0.3816,CV,1.3966,1.3952,-5.067421879964638,-5.07534948853715,0.03134,-0.00247,18.9675
57,6,0.618,0.382,CV,1.3238,1.3126,-4.992726347447827,-4.999673240828284,0.05192,0.01021,25.8866
57,7,0.6153,0.3847,CV,4.1665,4.1362,-6.271916882327705,-6.271739326540656,0.63186,-0.1366,45.8175
57,8,0.6185,0.3815,CV,0.5096,0.4893,-7.635810768817092,-7.644753768650534,0.22392,0.01184,124.9704
57,11,0.514,0.486,CV,49.4135,47.5707,-27.363991132500573,-26.96614415057575,-64.21654,1.84023,1824.5955
57,12,0.5744,0.4256,CV,5.9503,5.7782,-26.481634505757953,-26.343414216540108,-3.59795,0.87724,40.9854
57,1,0.6173,0.3827,CV,24.3618,24.4349,-15.100136842850901,-15.107159080506065,1.09015,0.74591,405.6311
57,13,0.6393,0.3607,CV,1.0906,1.0399,-5.192136548099729,-5.254932133485614,-1.35377,0.44161,34.059
57,14,0.6074,0.3926,CV,11.3852,11.4422,-28.93174035938263,-28.955841778235012,-0.32397,-1.84283,713.6179
57,4,0.5,0.5,CA,31.6242,31.6231,-22.33067982080166,-22.305189041463812,0.6277,-0.02868,26.2824
58,2,0.5947,0.4053,CV,9.4117,9.238,-8.283309732609645,-8.242701648262553,2.79139,0.48109,99.267
58,3,0.6184,0.3816,CV,1.1366,1.1294,-5.292321413342249,-5.300298624692537,0.06922,0.00736,31.5071
58,5,0.6187,0.3813,CV,0.9499,0.9554,-4.670135664715216,-4.679575686000459,0.02422,-0.01107,18.8518
58,6,0.6182,0.3818,CV,0.3943,0.3834,-4.93043122751416,-4.938484418826883,0.03149,0.01212,25.9792
58,7,0.6152,0.3848,CV,4.0518,4.0194,-6.268414690185134,-6.267787353145888,0.60995,-0.18179,45.5405
58,8,0.6183,0.3817,CV,2.5094,2.4959,-7.65783100376119,-7.665774171689339,0.28668,-0.0324,125.3728
58,11,0.5169,0.4831,CV,31.6412,28.7923,-56.23243190258039,-55.97778364042209,-68.04079,2.67088,1792.4747
58,12,0.5628,0.4372,CV,6.5311,6.3334,-12.51931780277229,-12.361894847778025,-3.80799,0.83542,39.7373
58,1,0.6052,0.3948,CV,43.0098,42.9531,-20.4212979639543,-20.375880347514606,3.87468,0.14003,417.3206
58,14,0.6198,0.3802,CV,14.3008,14.5335,-26.229716894364106,-26.260468283079838,-1.09724,0.95855,796.047
58,4,0.5688,0.4312,CV,7.0276,7.002,-8.80869141396104,-8.783477679317734,0.80165,0.164,24.4951
58,13,0.5216,0.4784,CV,10.7468,10.7403,-17.068418366433256,-16.6491722100746,-0.66358,2.26928,30.0396
59,2,0.5992,0.4008,CV,10.5699,10.4405,-10.118839237998381,-10.081677295303678,2.63194,0.47004,99.185
59,3,0.617,0.383,CV,6.5435,6.5519,-7.91187805974499,-7.914103618044983,-0.23609,0.08925,30.027
59,5,0.6187,0.3813,CV,0.7682,0.7694,-4.759455160729011,-4.768408502967604,-0.02936,0.01047,18.943
59,6,0.6182,0.3818,CV,0.832,0.825,-4.9905029062259345,-4.998169781914106,0.03906,-0.0112,26.2643
59,7,0.6159,0.3841,CV,3.0145,2.9798,-6.570293394093474,-6.572723493637046,0.53182,-0.18482,45.2764
59,8,0.6184,0.3816,CV,2.948,2.9407,-7.35875509612718,-7.366975904085111,0.32335,-0.0528,124.6006
59,11,0.5015,0.4985,CV,40.0641,37.556,-72.6500184906416,-72.32936638085175,-75.75395,3.79973,1742.3266
59,12,0.6107,0.3893,CV,5.1096,5.2081,-20.511716562147832,-20.56908236870106,-1.96033,0.54295,36.8094
59,1,0.5877,0.4123,CV,51.7741,51.5628,-23.964641012806666,-23.864253680677635,5.91416,-0.47628,438.8085
59,14,0.6216,0.3784,CV,18.6752,18.7465,-25.708105820193623,-25.727670554280074,-2.29138,2.28435,847.777
59,4,0.5955,0.4045,CV,4.3911,4.3547,-7.084202459877123,-7.0694495322575985,0.75253,0.12702,24.9828
60,2,0.6035,0.3965,CV,7.9712,7.8362,-13.53504229498563,-13.509062980713505,2.36693,0.50022,99.857
60,3,0.5908,0.4092,CV,118.88,118.8935,-133.418617309731,-133.3133870538989,-0.28796,-0.57093,41.3333
60,5,0.6186,0.3814,CV,0.909,0.9091,-4.9794354479649,-4.988181624963309,0.01297,-0.01296,19.2024
60,6,0.6183,0.3817,CV,0.4572,0.4533,-4.991506488386611,-4.999812336481126,0.05032,-0.01242,26.503
60,7,0.617,0.383,CV,2.1559,2.1261,-6.532148719648253,-6.538168876803142,0.39917,-0.17481,44.8788
60,8,0.6184,0.3816,CV,2.521,2.505,-7.235658315840906,-7.243820656008565,0.33994,-0.0616,123.9336
60,11,0.5611,0.4389,CV,26.1545,24.9629,-129.6087692191867,-129.55009348342966,-61.50824,4.32434,1774.4944
60,12,0.6215,0.3785,CV,4.0925,4.1446,-7.254974028338892,-7.287714471004962,-0.73938,0.32309,35.7784
60,1,0.5764,0.4236,CV,49.1565,48.8248,-19.73835238573536,-19.617040503833543,7.45845,-0.53915,448.2632
60,14,0.6187,0.3813,CV,19.9757,19.8449,-25.267203049596738,-25.272116716566824,-3.38713,2.29859,880.0764
60,4,0.6088,0.3912,CV,5.5902,5.5932,-12.018337273460011,-12.019826421780103,0.376,-0.22795,25.8298
61,2,0.6077,0.3923,CV,6.5268,6.4064,-10.937353605535904,-10.922517532283667,2.08069,0.27933,101.7009
61,3,0.5666,0.4334,CV,117.5771,117.4785,-68.06085608865713,-67.89493790918644,-0.62213,-0.77202,115.9239
61,5,0.6187,0.3813,CV,0.7418,0.7437,-4.5119684225578665,-4.52109788530271,0.04157,0.00556,19.2059
61,6,0.6178,0.3822,CV,4.3295,4.3347,-5.910269168617763,-5.915970323289232,-0.0563,-0.00821,25.6168
61,7,0.6176,0.3824,CV,2.0947,2.0725,-6.49339987186137,-6.500484181324454,0.39189,-0.17374,44.8591
61,8,0.6184,0.3816,CV,2.5865,2.5759,-7.485584496248206,-7.49406198406227,0.34041,-0.06411,124.8854
61,12,0.6195,0.3805,CV,5.5019,5.5113,-8.17184140607527,-8.180112130596742,-0.45655,0.22448,32.572
61,1,0.5706,0.4294,CV,44.4392,44.0342,-18.24651899171201,-18.11816428815287,8.71181,-0.3008,461.3176
61,14,0.6147,0.3853,CV,25.3196,25.1433,-21.40165443985319,-21.39381714088587,-4.35295,1.54568,888.7444
61,13,0.5,0.5,CA,122.2352,122.1681,-710.0634288912826,-686.8279151408575,-10.15663,20.97744,27.6492
62,2,0.6134,0.3866,CV,2.7884,2.6792,-8.404943168530401,-8.407812233999566,1.51676,0.15207,102.7199
62,3,0.5791,0.4209,CV,75.2964,75.1801,-39.914318184028545,-39.83503698833221,-1.19647,-0.82554,137.6893
62,5,0.6186,0.3814,CV,1.0936,1.0928,-4.488296405197563,-4.497039477418309,0.05895,-0.01797,19.0807
62,6,0.618,0.382,CV,1.3159,1.3032,-4.955757214711839,-4.963401206488744,-0.0629,-0.00351,25.3117
62,7,0.6186,0.3814,CV,1.3018,1.2987,-6.216384174532243,-6.2267658312137515,0.19013,-0.157,44.4002
62,8,0.6182,0.3818,CV,3.6438,3.6309,-8.28562777444657,-8.29314530337002,0.32885,-0.15419,126.5816
62,12,0.6203,0.3797,CV,4.851,4.8728,-6.124484187617547,-6.1391701025117795,0.13258,0.20168,31.5397
62,1,0.5671,0.4329,CV,41.5381,41.0693,-16.818271949367045,-16.68390658476383,9.91757,-0.23584,478.3736
62,14,0.6135,0.3865,CV,18.5698,18.291,-19.20209845095366,-19.195333781185397,-4.31478,1.28245,892.0755
62,13,0.1407,0.8593,CA,15.6347,14.4045,-16.90758244238649,-14.79615679635534,-16.14003,32.66877,50.6323
62,-10,0.7,0.3,CV,1.3503,1.3503,-5.813688995623803,-5.813688995623803,0.0,0.0,25.8088
63,2,0.6179,0.3821,CV,2.2008,2.2501,-7.823014568385034,-7.8367803985211095,0.79998,-0.02931,102.6738
63,3,0.5905,0.4095,CV,56.3676,56.2742,-51.56136800049892,-51.51072438432444,-2.22816,-0.81666,150.3314
63,5,0.6187,0.3813,CV,0.4327,0.4312,-4.402717004320381,-4.412178810733168,0.0204,-0.02023,19.066
63,6,0.6188,0.3812,CV,0.4244,0.4158,-4.818589453772638,-4.828954100450045,-0.01897,6e-05,25.2295
63,7,0.6175,0.3825,CV,4.2427,4.2339,-7.667885501573208,-7.671948992304929,0.00249,-0.27492,42.9699
63,8,0.6179,0.3821,CV,8.4916,8.5028,-12.876155419130555,-12.882726984338014,-0.30187,-0.12006,128.9808
63,12,0.6143,0.3857,CV,5.8937,5.887,-6.991391503918075,-6.979373950735514,0.4791,0.22838,28.8925
63,1,0.5659,0.4341,CV,38.1287,37.5995,-15.894680392166135,-15.760788964741357,10.94494,-0.22366,498.6198
63,14,0.6174,0.3826,CV,4.0295,3.79,-14.404438817607279,-14.415617776821469,-2.80728,0.98923,893.8765
63,15,0.648,0.352,CV,1.7117,1.7117,-5.140134362239081,-5.153140009538859,0.0,0.7993,34.7432
63,13,0.7749,0.2251,CV,20.8131,21.8777,-23.263586075620633,-24.70359576912137,1.25671,-3.69666,54.8423
63,-11,0.7,0.3,CV,10.2228,10.2228,-12.097846568686373,-12.097846568686373,0.0,0.0,17.398
64,2,0.6178,0.3822,CV,5.4205,5.41,-7.950077218710241,-7.956495100565068,0.60273,-0.17264,105.2022
64,3,0.5778,0.4222,CV,79.9557,79.8466,-46.03870894176606,-45.919253731387215,-4.92662,-0.85647,164.3849
64,5,0.6189,0.3811,CV,0.3223,0.3221,-4.360454392580565,-4.370202105357954,0.0046,0.00721,19.0863
64,6,0.6191,0.3809,CV,2.0566,2.0654,-4.960895599794697,-4.971701031510137,-0.02915,0.02759,25.6074
64,7,0.617,0.383,CV,3.3544,3.3364,-7.544897611544789,-7.548663594728735,-0.18873,-0.30086,41.7837
64,8,0.6172,0.3828,CV,8.5088,8.5026,-15.251731313798242,-15.255439287847416,-0.67389,0.08506,128.0085
64,1,0.5667,0.4333,CV,35.505,34.9248,-15.528764354153381,-15.399595627798515,11.72905,-0.22172,523.7916
64,14,0.6191,0.3809,CV,6.02,6.0405,-12.766819956453908,-12.779582825048402,-1.53802,1.02861,896.1091
64,15,0.6387,0.3613,CV,2.7248,2.7051,-5.293220405277969,-5.344531703592772,-0.59896,2.72009,50.0264
64,16,0.6409,0.3591,CV,9.8299,9.8299,-9.754743639209096,-9.737089854250542,1.44304,-1.50709,24.1394
64,4,0.5,0.5,CA,95.8806,95.8759,-186.6557044623094,-185.1313172184325,0.61301,-4.93717,25.8393
65,2,0.552,0.448,CV,52.4824,52.4494,-44.67314071750104,-44.408365084922565,4.15703,-0.04566,107.4553
65,3,0.5198,0.4802,CV,103.5713,103.3301,-63.61418293449657,-63.27868849959271,-9.77258,-0.63828,190.8325
65,5,0.6189,0.3811,CV,0.412,0.4118,-4.365210228807797,-4.374939151234578,-0.02594,0.00874,19.0951
65,6,0.6189,0.3811,CV,0.9031,0.9002,-4.869048541949699,-4.878452406010847,-0.0454,0.00272,25.7457
65,7,0.6167,0.3833,CV,3.0047,2.9805,-6.082017150351699,-6.085312093550774,-0.26433,-0.36787,40.7406
65,8,0.6164,0.3836,CV,7.6339,7.6077,-15.655249126224035,-15.656772051620512,-0.72502,0.30863,130.8328
65,1,0.5676,0.4324,CV,34.052,33.4275,-14.604424655645055,-14.477839841212901,12.3853,-0.33659,548.4057
65,14,0.6185,0.3815,CV,12.6993,12.6469,-11.531910617918793,-11.539583308775512,-0.91402,1.11145,876.1322
65,15,0.6313,0.3687,CV,3.5434,3.4342,-5.52117985411225,-5.554258837845564,-1.09933,4.21092,59.8299
65,16,0.6238,0.3762,CV,3.911,3.8317,-5.9840078284578535,-5.981829163928927,1.82841,-1.90956,35.6787
65,4,0.5197,0.4803,CV,10.905,10.7847,-14.993682846676778,-14.770333699209859,1.3451,-4.35241,27.3708
65,13,0.5,0.5,CA,41.0284,41.0469,-42.54746908837943,-40.631354103329556,7.40533,-15.69588,47.7196
66,2,0.5579,0.4421,CV,20.5529,20.3174,-15.403054757675854,-15.258526324449614,4.55583,0.20485,109.4245
66,3,0.4387,0.5613,CA,98.2515,97.7446,-62.74517509057274,-62.16796913354473,-16.67944,-0.80936,225.4938
66,5,0.6189,0.3811,CV,0.9196,0.9207,-4.484707600063627,-4.494221167735744,0.04536,0.02809,19.0926
66,6,0.6185,0.3815,CV,2.5109,2.5125,-5.1531592341364485,-5.1610376083493,0.03533,0.15893,25.5469
66,7,0.6122,0.3878,CV,7.2039,7.1852,-7.2947496844685595,-7.279298874831481,-0.73568,-0.38359,39.8878
66,8,0.6109,0.3891,CV,17.3932,17.3519,-16.603510448647363,-16.583342959777895,-1.50042,0.13146,134.8278
66,1,0.57,0.43,CV,31.4585,30.8083,-12.834918000037446,-12.71678989863726,12.76263,-0.21102,567.2384
66,14,0.6175,0.3825,CV,14.2827,14.1957,-11.250520633661312,-11.254899205953418,-0.86093,0.88282,847.6175
66,15,0.612,0.388,CV,4.2321,4.0134,-5.755163539521647,-5.717187052400479,-1.71794,5.02831,63.4651
66,16,0.6293,0.3707,CV,1.9482,1.8739,-5.919229129571498,-5.966074393921406,2.05938,-1.07497,44.6998
66,13,0.3253,0.6747,CA,16.0183,15.2531,-15.843418037449252,-14.811534508459351,9.34783,-20.47616,58.2415
67,2,0.5724,0.4276,CV,14.1889,13.9432,-11.488514575777174,-11.394524073829148,4.50688,0.19616,112.8083
67,3,0.3355,0.6645,CA,93.4365,92.5836,-52.26312257182124,-51.36477140861451,-29.19717,-1.06463,291.0796
67,5,0.6189,0.3811,CV,0.2687,0.2659,-4.368154517807177,-4.377698563230769,0.04509,0.02126,19.0829
67,6,0.6185,0.3815,CV,0.7962,0.7879,-4.823806716990081,-4.832350748715044,0.04317,0.14346,25.4336
67,7,0.61,0.39,CV,5.3725,5.3271,-6.962592384177225,-6.944484228919576,-0.80801,-0.46818,38.4976
67,8,0.6077,0.3923,CV,16.0172,15.9427,-15.931899833486233,-15.906105763814281,-1.89863,-0.19672,135.7726
67,1,0.5748,0.4252,CV,27.7224,27.0808,-11.65713496467719,-11.555254144291549,12.62537,0.02264,578.853
67,14,0.6146,0.3854,CV,25.5006,25.4191,-13.34063900331279,-13.334167957704054,-2.54815,0.65371,822.0888
67,15,0.6134,0.3866,CV,3.2399,3.0347,-5.408749928181343,-5.405402910263988,-1.4896,4.57704,63.342
67,16,0.6343,0.3657,CV,0.6778,0.5899,-5.982913397685617,-6.042752924145199,1.34819,-0.53167,49.953
67,13,0.3716,0.6284,CA,11.4632,10.728,-12.296695419923005,-11.715801136944073,11.32329,-25.61216,69.5259
68,2,0.5694,0.4306,CV,17.8383,17.6043,-10.905251352101555,-10.777809667115132,5.03816,0.26938,115.2467
68,3,0.1456,0.8544,CA,114.4023,113.0829,-61.138293959203125,-59.2986410708705,-62.78881,-2.40169,406.3215
68,5,0.6189,0.3811,CV,0.0485,0.0474,-4.361426093123234,-4.371031417696644,0.02908,0.01054,19.0693
68,6,0.6186,0.3814,CV,0.4634,0.459,-4.782924117668316,-4.792126008632359,0.05624,0.09422,25.3811
68,7,0.6093,0.3907,CV,5.1763,5.132,-7.865940549186072,-7.848466128403441,-0.91972,-0.35933,37.6781
68,8,0.5813,0.4187,CV,34.4759,34.3786,-48.935621078414286,-48.805061053791746,-3.58359,-0.6515,133.2192
68,1,0.5813,0.4187,CV,22.9736,22.3175,-11.181010093969457,-11.098692200235238,12.07109,-0.15809,594.2632
68,14,0.6148,0.3852,CV,14.7877,14.627,-13.611904901144287,-13.610546535981207,-2.76321,0.51986,801.5907
68,15,0.6347,0.3653,CV,2.6642,2.8014,-5.894428399732918,-5.979617053250617,-0.76656,1.90027,58.5569
68,16,0.6348,0.3652,CV,0.342,0.4145,-5.945297872159403,-6.0003547662605055,0.70274,-0.21926,51.7388
68,13,0.4681,0.5319,CA,10.3708,9.9981,-13.661173495793042,-13.41299073619027,10.32055,-25.38004,78.8796
68,4,0.5,0.5,CA,45.9582,45.9905,-46.47531740922945,-46.15821602103366,1.24689,0.72391,47.3891
69,3,0.26,0.74,CA,51.2773,49.3449,-26.827590243517168,-25.978374648529055,-89.36806,-1.03562,555.8813
69,5,0.6188,0.3812,CV,0.7226,0.723,-4.484804480363649,-4.494027260119443,0.01391,0.02506,19.2022
69,6,0.6185,0.3815,CV,1.6204,1.6202,-4.952682516035593,-4.961074378746287,0.08758,0.02749,25.6772
69,7,0.6141,0.3859,CV,4.8061,4.8061,-8.389373635044395,-8.393038872191998,-0.42101,-0.5042,35.791
69,8,0.5896,0.4104,CV,17.1248,16.977,-45.335994964142884,-45.278459554317,-3.44771,-0.64869,140.7856
69,1,0.5872,0.4128,CV,20.7915,20.1601,-10.709114909692474,-10.641763073249088,11.23696,-0.12006,603.8611
69,14,0.6141,0.3859,CV,16.6708,16.5024,-14.235323545943912,-14.23063974689913,-2.92856,0.38001,772.5507
69,16,0.6321,0.3679,CV,2.4696,2.5152,-5.731302484938937,-5.773470188006002,-0.02257,0.03045,50.8516
69,13,0.5529,0.4471,CV,10.1674,10.0961,-11.65550475524257,-11.611085506627244,6.56749,-19.0558,81.4381
69,4,0.5414,0.4586,CV,19.8316,19.6437,-13.162250019990045,-13.026079954449196,1.14613,1.2349,51.3315
70,3,0.2546,0.7454,CA,44.8829,42.1293,-23.218357214599564,-22.18000235263822,-124.01642,0.86685,767.2799
70,5,0.6187,0.3813,CV,0.2338,0.2319,-4.559496054999544,-4.568702010930683,0.00309,0.01734,19.2712
70,6,0.6184,0.3816,CV,1.285,1.2817,-4.976309842796294,-4.984404757529204,0.04532,-0.02312,26.0086
70,7,0.6172,0.3828,CV,2.6247,2.6262,-9.092147445010088,-9.10169315725275,-0.21533,-0.42959,35.1275
70,8,0.5706,0.4294,CV,29.9469,29.8007,-38.221865174354875,-38.07411603587564,-4.4713,-1.34399,135.2509
70,1,0.5932,0.4068,CV,18.3239,17.7375,-10.43412450276266,-10.382892830271823,10.11166,-0.10145,610.4536
70,14,0.6128,0.3872,CV,18.1965,18.0206,-14.864994829013863,-14.856086370027601,-3.11593,0.32931,737.225
70,16,0.6277,0.3723,CV,1.0844,1.0747,-6.132278655239104,-6.159784791038551,-0.14707,0.07454,49.0971
70,13,0.5117,0.4883,CV,7.7701,7.2223,-8.028097375128304,-7.6964242925215665,7.02003,-21.08187,81.1148
70,4,0.5774,0.4226,CV,12.3631,12.239,-9.39604827926846,-9.346381098106495,1.14037,1.27315,53.5646
70,15,0.5,0.5,CA,7.778,7.7018,-11.816291035760063,-11.757461708520573,-1.2254,2.25491,51.1744
71,3,0.2743,0.7257,CA,36.3538,32.606,-17.614335611910185,-16.685137371079854,-164.15748,4.25118,1060.0243
71,5,0.6184,0.3816,CV,1.878,1.8778,-4.77320219433034,-4.780880285119015,-0.11673,0.05195,19.3004
71,6,0.6181,0.3819,CV,2.0149,2.0127,-5.184201093290101,-5.191336144319127,-0.06445,-0.07596,26.3462
71,7,0.6174,0.3826,CV,3.0925,3.0851,-8.243454702547288,-8.249482380265835,0.04406,-0.41747,33.7217
71,8,0.597,0.403,CV,4.7319,4.5273,-25.88272270308312,-25.87128716406069,-3.29016,-1.22702,136.4549
71,1,0.5989,0.4011,CV,16.1647,15.6394,-10.207051264200224,-10.170648286965875,8.78812,0.09487,612.3319
71,14,0.6134,0.3866,CV,14.6394,14.47,-13.312575199382096,-13.308202854791729,-3.21694,0.18048,711.4188
71,16,0.6228,0.3772,CV,4.7895,4.8036,-6.560143327898034,-6.573335075477891,0.37628,0.09126,48.1666
71,13,0.5471,0.4529,CV,4.4913,3.8671,-6.514771707337676,-6.384836113411181,5.97926,-18.78475,81.6076
71,4,0.6001,0.3999,CV,12.1722,12.1566,-10.1152699732176,-10.106775954738502,1.15463,1.08866,53.7685
71,15,0.5563,0.4437,CV,5.2302,5.0964,-7.212191658129873,-7.135873910620541,-1.17685,2.6699,45.2555
71,12,0.5,0.5,CA,53.636,53.6371,-43.40365799409045,-43.297026329078015,-1.04933,0.27498,21.3643
72,3,0.423,0.577,CA,18.2248,14.327,-10.982773198039963,-10.688080399858674,-165.68037,6.79218,1315.4157
72,5,0.6185,0.3815,CV,0.9605,0.9581,-4.470909639201693,-4.4795391700458875,-0.11131,0.01669,19.1827
72,6,0.6185,0.3815,CV,0.4755,0.483,-5.049990088371829,-5.0589800206156434,-0.02946,-0.04974,26.3857
72,7,0.6156,0.3844,CV,4.7633,4.7537,-8.04496053300458,-8.04262788676377,0.40198,-0.36163,32.374
72,8,0.594,0.406,CV,14.2708,14.1085,-51.04418423454922,-50.98168102645526,-3.74339,-1.05562,139.8408
72,1,0.6034,0.3966,CV,15.3199,14.8935,-9.896092697801903,-9.869856844709922,7.47173,-0.02327,603.5155
72,14,0.6112,0.3888,CV,20.7271,20.556,-12.157063108554462,-12.142318150633855,-3.8031,-0.00129,685.8429
72,16,0.6208,0.3792,CV,1.4315,1.4035,-5.796035976889928,-5.807816111353048,0.31534,0.10691,46.7326
72,13,0.5972,0.4028,CV,4.6318,4.5383,-6.685475225227201,-6.709307659146489,3.80988,-12.81569,77.1428
72,4,0.6065,0.3935,CV,9.2639,9.2184,-13.463452760878702,-13.448840533017396,1.16065,0.97759,55.518
72,15,0.5991,0.4009,CV,10.0838,10.1459,-10.215008249477044,-10.233247253501071,-0.70238,1.12199,44.6263
72,12,0.5837,0.4163,CV,4.3807,4.4309,-10.011971944374189,-10.047762259753394,-0.434,0.09768,19.762
72,-13,0.7,0.3,CV,7.767,7.767,-12.12080808316674,-12.12080808316674,0.0,0.0,9.7818
73,3,0.5087,0.4913,CV,19.4701,16.8634,-11.191762383330257,-11.033657594576797,-144.66426,10.47499,1464.2044
73,5,0.6187,0.3813,CV,0.4735,0.4733,-4.421473422305247,-4.430728032480154,-0.07763,-0.00083,19.2877
73,6,0.6186,0.3814,CV,1.0281,1.0312,-5.020290702504022,-5.029255779393299,0.00762,-0.03413,26.291
73,7,0.6153,0.3847,CV,4.0567,4.0439,-8.470341712934776,-8.469796686899068,0.42665,-0.27936,32.0769
73,8,0.553,0.447,CV,28.1394,27.9675,-51.75132651885455,-51.525526779117634,-5.37613,-1.9754,131.8547
73,1,0.6071,0.3929,CV,12.7069,12.3178,-9.669148656230632,-9.652041573618778,6.27829,-0.11266,596.6675
73,14,0.611,0.389,CV,17.4943,17.2969,-11.350095937488742,-11.337697021046646,-3.82765,-0.19251,661.9456
73,16,0.62,0.38,CV,0.6191,0.6102,-5.857060772266101,-5.86853584459973,0.17885,0.0552,45.3986
73,13,0.6103,0.3897,CV,2.7889,2.5323,-6.285763739170376,-6.291155254709479,2.64265,-9.19371,71.0014
73,4,0.6136,0.3864,CV,16.705,16.756,-12.769507434975026,-12.774942039705948,-0.6281,0.77326,58.1468
73,15,0.6145,0.3855,CV,1.9888,2.0219,-5.456504925848994,-5.476822825610126,-0.2498,0.53888,42.1471
73,12,0.5866,0.4134,CV,15.465,15.4636,-24.37492467454202,-24.30135134188056,-0.19495,0.5466,21.8495
74,3,0.6424,0.3576,CV,17.0495,20.1503,-10.411844600137425,-10.682815451715923,-55.64742,8.41198,1420.4694
74,5,0.6188,0.3812,CV,0.5879,0.5901,-4.432714646161601,-4.4421583002753176,-0.02339,-0.03278,19.3681
74,6,0.6186,0.3814,CV,0.7061,0.7052,-4.912924261823817,-4.922001688807444,-0.03458,-0.02478,26.339
74,7,0.614,0.386,CV,4.2714,4.2457,-7.936478153973792,-7.9305839331599115,0.46512,-0.21156,31.9985
74,8,0.5456,0.4544,CV,16.2196,15.9644,-38.41823600001459,-38.22243284328036,-5.45948,-2.50579,124.8254
74,1,0.6107,0.3893,CV,10.3045,9.9739,-9.536832694298184,-9.529400111448846,5.068,-0.05335,588.4684
74,14,0.6122,0.3878,CV,13.8588,13.6593,-10.215964354901946,-10.208971304637137,-3.50602,-0.15744,639.7067
74,16,0.6196,0.3804,CV,1.0083,1.0221,-6.277332138118208,-6.288421659066472,0.0702,0.03274,43.9266
74,13,0.622,0.378,CV,1.5655,1.4387,-6.232291126826777,-6.2679582934647335,1.57059,-5.89264,65.9417
74,4,0.6129,0.3871,CV,7.2681,7.2262,-12.478529041764943,-12.470559297576902,-0.73912,0.61276,59.5472
74,15,0.6172,0.3828,CV,1.694,1.6725,-5.182646669442495,-5.191701498387354,-0.07208,0.3171,40.3212
74,12,0.5958,0.4042,CV,9.0683,9.0357,-11.278588130205641,-11.23917262460681,0.23729,0.45759,23.691
74,17,0.5,0.5,CA,16.8893,16.8893,-27.478056501185968,-26.552901628115848,-11.3865,2.24946,22.2335
75,3,0.567,0.433,CV,27.9758,26.5238,-13.566415966783318,-13.325984753284903,-70.24209,10.58563,1245.4962
75,5,0.6187,0.3813,CV,1.3731,1.3736,-4.557256697054963,-4.566166546806222,-0.00267,-0.03534,19.0999
75,6,0.6187,0.3813,CV,0.3011,0.2978,-4.8878403631259815,-4.8972506714883535,-0.03472,-0.01902,26.4347
75,7,0.6147,0.3853,CV,4.0954,4.0815,-7.180300591430567,-7.179570743870229,0.53219,-0.04853,30.881
75,8,0.5312,0.4688,CV,12.8834,12.5783,-33.63588842122492,-33.39303588965689,-5.9144,-3.10617,116.3201
75,1,0.6135,0.3865,CV,8.8619,8.613,-9.606426611774467,-9.605571302030759,3.97222,0.01878,581.8542
75,14,0.6162,0.3838,CV,7.3846,7.3379,-10.639110783728817,-10.647289233172492,-2.27992,-0.18841,625.2597
75,16,0.6191,0.3809,CV,1.4625,1.4663,-5.956217471043556,-5.965759605754194,-0.00021,0.02151,42.4895
75,4,0.6164,0.3836,CV,1.8027,1.7503,-10.135235635226964,-10.143319918005314,-0.47278,0.49938,62.1563
75,15,0.6181,0.3819,CV,2.231,2.2255,-5.7288292650793915,-5.737673382992781,0.10967,0.14697,39.0073
75,12,0.605,0.395,CV,9.8253,9.8264,-9.961321882799961,-9.946299259607436,0.68182,0.22023,23.1341
75,17,0.0084,0.9916,CA,24.4181,23.9648,-61.20953766008777,-56.13122989661599,-33.70915,6.54321,50.1754
76,3,0.64,0.36,CV,30.5019,32.7096,-11.62510077976897,-11.801503924210643,0.14272,4.63782,1153.1784
76,5,0.6186,0.3814,CV,1.7921,1.7951,-4.576306632855302,-4.585188861094535,0.09992,0.01794,19.2664
76,6,0.6185,0.3815,CV,2.2989,2.3005,-5.167431351596806,-5.175673039077034,0.11554,-0.08553,26.693
76,8,0.5101,0.4899,CV,16.4459,16.3453,-15.461653034869997,-15.155058934018326,-2.27151,-3.74209,101.308
76,1,0.6154,0.3846,CV,7.5633,7.3638,-9.438495513294182,-9.441190373270636,3.081,-0.08262,570.0564
76,14,0.6141,0.3859,CV,17.7732,17.6507,-10.334063468381204,-10.32746464264989,-2.69905,-0.26628,610.8984
76,16,0.6171,0.3829,CV,5.048,5.0444,-6.9005617703469895,-6.902379289699065,0.05387,0.1145,40.0745
76,4,0.5898,0.4102,CV,21.366,21.327,-16.824313882066086,-16.716077394976733,-1.94954,0.50324,60.6274
76,15,0.6184,0.3816,CV,4.3328,4.3436,-6.00828010419891,-6.0170585644239925,0.02048,0.31075,36.7056
76,12,0.5912,0.4088,CV,13.6962,13.6792,-15.804582134665953,-15.719035591071156,1.24035,-0.21686,22.0465
76,2,0.5,0.5,CA,64.9131,64.9235,-38.68369002635095,-38.644284287857126,-1.06553,-0.90156,99.4472
77,3,0.611,0.389,CV,26.2903,26.0368,-12.087272452798155,-12.032232359630223,16.99769,3.06275,1007.0276
77,5,0.6185,0.3815,CV,1.337,1.334,-4.534520875308949,-4.542970257920791,0.11933,0.02023,19.0813
77,6,0.6185,0.3815,CV,1.116,1.1108,-5.01626958819174,-5.024688336301582,0.0893,-0.09935,27.0366
77,8,0.5489,0.4511,CV,27.0061,27.3695,-37.82517615539888,-37.7047323389311,4.77807,3.26983,99.078
77,1,0.6162,0.3838,CV,7.6013,7.4471,-9.492596394230421,-9.496254740425556,2.49281,-0.08523,562.3299
77,14,0.6138,0.3862,CV,14.8562,14.7173,-10.049849712107905,-10.045133630474444,-2.74216,-0.32651,590.8666
77,16,0.6171,0.3829,CV,2.28,2.2592,-5.641263201219536,-5.645992931141007,0.01601,0.12518,38.3381
77,4,0.5075,0.4925,CV,32.4683,32.3552,-68.00620934841967,-67.60397821657554,-4.61252,0.86032,63.1495
77,15,0.6181,0.3819,CV,2.4822,2.475,-5.179112658663638,-5.185941491760144,0.12356,0.2363,34.9052
77,12,0.5826,0.4174,CV,8.4174,8.3513,-9.271222481992401,-9.170170271761087,1.56714,-0.28181,22.2324
77,2,0.5689,0.4311,CV,15.817,15.8679,-32.16525619691605,-32.140368449509154,-1.41059,0.43717,96.9743
78,3,0.5938,0.4062,CV,22.5868,21.858,-10.607446571113437,-10.523417130102006,20.20171,2.50806,908.3444
78,5,0.6188,0.3812,CV,0.4192,0.4189,-4.356044534151251,-4.365657295743142,0.08656,0.00982,19.0962
78,6,0.6186,0.3814,CV,0.5429,0.5435,-4.975257050570529,-4.984506950986667,0.05474,-0.07402,27.0596
78,8,0.3586,0.6414,CA,29.679,29.3101,-37.623772887429226,-36.669371594489405,7.72816,6.46634,105.4968
78,1,0.6173,0.3827,CV,8.7137,8.6691,-10.453301195240622,-10.460281469949841,1.73237,0.21557,562.3707
78,14,0.6024,0.3976,CV,39.1932,39.0612,-14.246547417558965,-14.194271579227973,-4.53894,-1.21772,560.5494
78,16,0.6186,0.3814,CV,0.5067,0.5092,-5.058946631121731,-5.069919589181621,-0.02949,0.08553,37.2384
78,4,0.4089,0.5911,CA,30.894,30.6218,-45.29311035483676,-44.61145831062228,-7.91604,0.77189,66.3839
78,15,0.6184,0.3816,CV,3.8823,3.8922,-5.814143117724735,-5.822973740818838,0.17229,0.03896,34.6931
78,12,0.5833,0.4167,CV,6.3322,6.2506,-7.368364837565434,-7.2829037782177695,1.65504,-0.2596,22.1651
79,3,0.6188,0.3812,CV,22.795,23.1751,-10.686472332448098,-10.732975994256702,6.99453,2.66172,864.1479
79,5,0.6188,0.3812,CV,0.6825,0.6823,-4.405337814617066,-4.414949998073901,0.05157,-0.02442,18.9673
79,6,0.6187,0.3813,CV,0.4194,0.4195,-4.967738781454661,-4.976892131285232,0.02714,-0.04586,27.2827
79,8,0.4997,0.5003,CA,6.0934,5.5501,-10.391054665402073,-10.287852731869044,7.76006,5.94433,106.212
79,1,0.6186,0.3814,CV,24.5847,24.6737,-14.82409640111667,-14.83467481561935,-0.45221,0.02381,537.5699
79,14,0.6108,0.3892,CV,8.3505,8.1596,-9.225342859100829,-9.225038041545467,-3.2282,-1.31717,543.3911
79,16,0.6192,0.3808,CV,1.6954,1.7072,-5.403670954430324,-5.415034779954029,0.04239,0.04604,36.5769
79,4,0.1081,0.8919,CA,44.7484,44.3398,-71.92685029679384,-69.64360149807163,-19.42251,0.99175,72.0541
79,15,0.6175,0.3825,CV,4.7632,4.7662,-6.125110909836539,-6.12938839785091,0.24272,0.07622,32.6005
79,12,0.5752,0.4248,CV,7.3809,7.297,-8.6558881275031,-8.536207621872855,1.91461,-0.53604,22.4312
80,3,0.6194,0.3806,CV,14.5947,14.5045,-10.614972050484644,-10.626765388762907,3.58713,2.59119,797.1819
80,5,0.6189,0.3811,CV,0.2161,0.2163,-4.336214773355677,-4.346031242840234,0.02506,-0.00492,18.8647
80,6,0.6187,0.3813,CV,0.1296,0.1312,-4.982927302052706,-4.992169608282858,0.00839,-0.02444,27.4749
80,8,0.5932,0.4068,CV,2.4743,2.9088,-7.363162304597009,-7.438576455624528,4.95738,3.61044,105.187
80,1,0.6141,0.3859,CV,35.1751,35.1819,-31.916930636772964,-31.9066108591728,-1.72648,1.55108,547.972
80,14,0.6171,0.3829,CV,8.0847,8.1652,-9.376505576545151,-9.39058105363684,-1.59536,-0.99633,533.3024
80,16,0.6188,0.3812,CV,2.0963,2.0985,-5.381737642186499,-5.390595192568656,0.01493,-0.02809,36.2015
80,4,0.3407,0.6593,CA,8.3382,7.7821,-14.771767886474898,-14.36159185143536,-23.40401,2.15431,78.5871
80,15,0.6143,0.3857,CV,4.7234,4.7065,-5.979103894053666,-5.971349346927662,0.35639,0.07811,30.4535
80,12,0.5558,0.4442,CV,8.5849,8.4793,-11.537835536341031,-11.351128335321526,2.43764,-0.4827,22.4753
80,7,0.5,0.5,CA,23.9506,23.9442,-17.437668373096148,-17.37772641814211,1.04508,0.06556,28.6006
80,-14,0.7,0.3,CV,1.0127,1.0127,-5.248485545334451,-5.248485545334451,0.0,0.0,18.0396
81,3,0.6156,0.3844,CV,14.7052,14.5191,-11.889247699608287,-11.884061502003629,4.95218,1.91471,746.0637
81,5,0.6188,0.3812,CV,1.3127,1.3137,-4.589643121864835,-4.598834494426417,-0.06485,-0.05221,18.7975
81,6,0.6175,0.3825,CV,4.5241,4.5257,-5.903167626500622,-5.906995477110934,-0.07739,0.08819,26.5147
81,8,0.6245,0.3755,CV,2.9248,3.2638,-6.892107202451827,-6.963339558365385,2.22295,1.53555,100.8849
81,14,0.6187,0.3813,CV,9.7318,9.7737,-10.080790808496213,-10.092142777775791,-0.34335,-0.76237,522.8098
81,16,0.6186,0.3814,CV,0.8655,0.8616,-5.270841987514787,-5.279450628685446,-0.02233,0.00395,35.6704
81,4,0.4751,0.5249,CA,12.3025,12.2072,-20.781920092450058,-20.605186285234293,-21.05843,3.99929,87.9874
81,15,0.6145,0.3855,CV,2.9649,2.9399,-5.083506290935495,-5.0813000278797835,0.44992,0.13324,29.0831
81,18,0.6468,0.3532,CV,3.1845,3.1845,-5.396457829316174,-5.404507311611536,-0.90303,1.16496,24.4877
81,13,0.5,0.5,CA,20.3719,20.376,-14.111020813398401,-14.104427412549308,0.38166,0.06634,44.1161
82,3,0.6008,0.3992,CV,32.2088,31.9726,-12.163459205000827,-12.10202251336611,8.15251,0.89889,717.0514
82,5,0.6187,0.3813,CV,0.8108,0.807,-4.351260307247201,-4.360397223008104,-0.06878,-0.05086,18.5832
82,6,0.6174,0.3826,CV,1.9739,1.9576,-4.94491552663171,-4.950409240918734,-0.07721,0.08721,25.958
82,8,0.6285,0.3715,CV,2.9119,3.058,-6.533194964329975,-6.575544552298945,0.66406,0.40326,94.3163
82,14,0.6187,0.3813,CV,5.0763,5.0474,-10.378564727173728,-10.387729641966297,-0.20507,-0.81465,505.309
82,16,0.6185,0.3815,CV,0.7031,0.7009,-5.618574401353742,-5.627070620244013,-0.04988,0.02613,35.1499
82,4,0.5584,0.4416,CV,5.6388,5.453,-34.53047507207623,-34.498246564692806,-15.59719,4.10552,92.8409
82,15,0.6157,0.3843,CV,2.0243,1.9971,-4.794458437815146,-4.7972040935694515,0.4404,0.05919,27.7387
82,18,0.6388,0.3612,CV,2.3325,2.3245,-4.795724257972759,-4.848997509007929,0.74247,2.24873,35.3333
82,7,0.5,0.5,CA,13.7346,13.6874,-13.546706173672442,-13.404606386032324,1.90634,-0.01341,27.7546
83,3,0.5731,0.4269,CV,50.1595,49.7423,-15.163136801225066,-15.009352278410136,11.45003,-0.18788,700.3206
83,5,0.6187,0.3813,CV,0.8426,0.8385,-4.279240944163475,-4.288420496189532,-0.05192,-0.03857,18.2918
83,6,0.6187,0.3813,CV,0.5119,0.5136,-4.657150146792071,-4.668378710564562,-0.05765,0.08894,25.8607
83,8,0.6257,0.3743,CV,2.2221,2.2455,-6.5358779089508445,-6.560428599214152,0.05698,0.20141,88.0493
83,14,0.6185,0.3815,CV,5.0608,5.0252,-10.062542943324756,-10.071016938618945,-0.21034,-0.67965,494.6405
83,16,0.6185,0.3815,CV,1.0327,1.0327,-5.323207708455698,-5.331570420785011,0.01948,-0.00368,34.9377
83,4,0.5738,0.4262,CV,5.3984,5.0039,-28.253692685012332,-28.164787740992974,-12.92058,3.84277,94.118
83,15,0.6149,0.3851,CV,3.0592,3.0364,-5.176848596323403,-5.174155883290662,0.51542,-0.04667,26.3931
83,18,0.6283,0.3717,CV,3.3952,3.3137,-5.270584892997842,-5.290953203246314,2.56516,3.11789,42.5394
84,3,0.5427,0.4573,CV,58.2269,57.6173,-17.346950741147467,-17.110288983650968,14.79155,-0.8816,687.6043
84,5,0.6189,0.3811,CV,0.1851,0.1791,-4.184113856864443,-4.1941175223703535,-0.03448,-0.02671,18.1067
84,6,0.6191,0.3809,CV,1.0112,1.0112,-4.708726118540949,-4.719570576542657,-0.03871,-0.02003,25.5169
84,8,0.6233,0.3767,CV,1.9078,1.9075,-6.024962999851199,-6.043134831646815,0.13487,0.133,81.9198
84,14,0.6183,0.3817,CV,7.3601,7.3409,-10.394717894903335,-10.402563499341571,0.24972,-0.57837,486.8127
84,16,0.6184,0.3816,CV,0.7975,0.7934,-5.277605726758829,-5.285751008482833,0.00316,-0.01425,34.9293
84,4,0.5125,0.4875,CV,8.8994,8.353,-20.203642588869634,-19.844770016781684,-16.39699,4.09436,94.8485
84,15,0.6057,0.3943,CV,12.0202,12.0205,-12.93298126526749,-12.893025778233197,0.54223,-0.3482,27.661
84,18,0.6111,0.3889,CV,4.059,3.9179,-5.716313569222195,-5.6789142277365245,4.13886,2.31369,46.0369
84,12,0.5,0.5,CA,27.1626,27.1145,-26.04750991426899,-25.73885269053768,2.30982,-0.94317,27.2766
85,3,0.5271,0.4729,CV,53.8274,53.0545,-16.16132354020747,-15.906198808955587,17.72649,-1.6179,694.1557
85,5,0.6189,0.3811,CV,0.6146,0.6108,-4.184700016972028,-4.194456438673311,-0.02137,-0.01793,17.8142
85,6,0.6192,0.3808,CV,0.4852,0.4834,-4.675997087577682,-4.686729527375044,-0.05083,-0.03711,25.1731
85,8,0.6215,0.3785,CV,1.144,1.1392,-5.940871280064958,-5.955145247645207,0.19269,0.14088,77.2901
85,14,0.6176,0.3824,CV,11.5293,11.5047,-10.504304075092536,-10.509404758262201,0.49939,-0.13759,486.2257
85,16,0.6185,0.3815,CV,0.7411,0.7451,-5.341320263287014,-5.350091327066302,-0.02714,-0.01761,34.6453
85,4,0.5567,0.4433,CV,3.9746,3.3527,-17.944895103997315,-17.852367768780425,-14.20049,3.65348,93.894
85,15,0.5969,0.4031,CV,11.2135,11.1641,-10.307367754012718,-10.244042383722572,0.6255,-0.41485,29.7237
85,18,0.6277,0.3723,CV,0.8749,0.6603,-9.129617014520498,-9.18827912817251,2.76202,1.57465,45.8392
85,12,0.5533,0.4467,CV,6.6809,6.5387,-7.3186541092367134,-7.230543406944438,2.14892,-0.89297,25.8464
85,7,0.5,0.5,CA,38.6712,38.6025,-53.93326399375096,-53.0786397944426,4.46139,-0.35199,27.8768
86,3,0.5227,0.4773,CV,48.623,47.7174,-14.80353247571415,-14.552974635374783,20.45135,-2.3248,711.6838
86,5,0.6189,0.3811,CV,1.0642,1.0652,-5.27610203394478,-5.285950791608149,0.0128,0.06392,17.5886
86,6,0.619,0.381,CV,1.7332,1.736,-4.894571563874096,-4.904210402861677,-0.03793,-0.07952,25.1945
86,8,0.6198,0.3802,CV,3.8992,3.8975,-6.543121722735486,-6.55264446118213,0.23434,-0.03493,72.0295
86,14,0.6169,0.3831,CV,12.7745,12.732,-9.694269459533837,-9.697297614765434,0.22246,0.26694,490.8462
86,16,0.6173,0.3827,CV,4.9415,4.9422,-6.175031713737386,-6.178330654505077,-0.14908,0.07618,33.2378
86,4,0.5996,0.4004,CV,1.9468,1.6572,-11.897629269601662,-11.917472932267263,-9.88332,2.6477,90.0378
86,15,0.6037,0.3963,CV,5.5147,5.4561,-7.356439720188314,-7.334827034084579,0.61351,-0.34014,30.3687
86,18,0.6042,0.3958,CV,4.562,4.4368,-15.466464271932312,-15.401081361925407,3.04976,1.54479,42.8407
86,12,0.5741,0.4259,CV,6.8758,6.767,-8.94603444607612,-8.86540824031079,2.09003,-0.72228,25.8498
86,7,0.4276,0.5724,CA,16.0598,15.824,-21.556964071449833,-20.963112011277616,5.77153,-0.45782,28.225
86,13,0.5,0.5,CA,13.9556,13.9473,-10.710246214727285,-10.693982503495663,0.48138,0.43143,34.2194
87,3,0.5254,0.4746,CV,42.6089,41.5907,-13.521681467638311,-13.288655963329893,22.71478,-3.00264,737.7526
87,5,0.6189,0.3811,CV,0.979,0.9802,-4.9507306830246165,-4.960427734610019,0.04005,0.05926,17.5409
87,6,0.6187,0.3813,CV,0.9651,0.9591,-4.818680042590323,-4.827469619040442,-0.04699,-0.08756,25.086
87,8,0.6191,0.3809,CV,1.9296,1.9143,-5.882398360825645,-5.891560001704869,0.14924,-0.03407,67.672
87,14,0.617,0.383,CV,7.793,7.726,-9.672482518969899,-9.677100401161866,0.26216,0.41839,492.9928
87,16,0.6136,0.3864,CV,5.7195,5.7025,-7.174304790567232,-7.164013601585003,-0.3827,0.2049,31.8167
87,4,0.6222,0.3778,CV,3.5881,3.6525,-10.941756837997954,-10.994037818041233,-5.51075,1.46016,84.5971
87,15,0.6085,0.3915,CV,4.7121,4.6686,-8.016860320244671,-8.005203977442942,0.60637,-0.27604,30.9229
87,18,0.5802,0.4198,CV,4.8894,4.7187,-11.779302544471546,-11.649648766946472,3.43004,1.36862,39.5532
87,12,0.5859,0.4141,CV,5.4709,5.3649,-7.631518143517856,-7.569221061246828,1.92797,-0.66562,26.1789
87,7,0.4207,0.5793,CA,13.0667,12.7873,-14.994795198490129,-14.475455935768988,7.53953,-0.64284,31.2062
87,13,0.5684,0.4316,CV,5.3757,5.3427,-6.744578057942866,-6.717520786500488,0.86409,0.39036,30.7889
87,-15,0.7,0.3,CV,29.9216,29.9216,-21.914156084454987,-21.914156084454987,0.0,0.0,41.2303
88,3,0.5386,0.4614,CV,33.6369,32.5537,-12.033784511904592,-11.849665916257731,23.46169,-3.40008,758.7107
88,5,0.6189,0.3811,CV,0.4717,0.4712,-4.572995956345756,-4.582589177588817,0.00933,0.03766,17.44
88,6,0.6188,0.3812,CV,0.4188,0.4245,-4.714282334386941,-4.7239690910150305,-0.03382,-0.03822,24.7338
88,8,0.6184,0.3816,CV,3.1778,3.1702,-6.23029000691089,-6.237617726601755,0.33278,0.01996,64.5173
88,14,0.6172,0.3828,CV,8.5588,8.5138,-9.906512111150223,-9.911592147053733,0.59555,0.3854,494.81
88,4,0.6316,0.3684,CV,3.8149,3.9536,-21.603711681387423,-21.662472343013597,-1.99736,0.72034,75.6852
88,15,0.6098,0.3902,CV,5.7449,5.7068,-8.049879193164806,-8.03628955604575,0.68342,-0.21444,31.9663
88,18,0.5668,0.4332,CV,5.0388,4.8627,-6.162503555723955,-6.01298304847901,3.709,1.36123,36.8733
88,12,0.5993,0.4007,CV,3.5738,3.4928,-6.263717084907888,-6.239578057699403,1.53186,-0.5619,26.3028
88,7,0.4547,0.5453,CA,8.7614,8.4183,-9.611779865204417,-9.240394820996475,8.90372,-0.71567,34.1265
88,19,0.6421,0.3579,CV,16.704,16.704,-11.630475972844216,-11.618049916907214,-2.21004,0.04658,56.6669
88,16,0.6067,0.3933,CV,12.9453,12.9615,-28.79575809403899,-28.76176561295966,0.84276,0.47601,31.4665
89,3,0.5817,0.4183,CV,12.5856,11.8005,-9.879269175749505,-9.85119115264088,18.07992,-2.31804,769.6259
89,5,0.6186,0.3814,CV,1.0182,1.0164,-4.270920133871803,-4.279439761625412,-0.02366,0.01827,17.4536
89,6,0.6186,0.3814,CV,1.3994,1.3987,-4.875542732689225,-4.883922457255825,-0.01912,0.00877,24.8219
89,8,0.6179,0.3821,CV,2.5754,2.5571,-7.221758266231153,-7.228070097154511,0.38461,0.02652,61.8078
89,14,0.6157,0.3843,CV,17.4309,17.3698,-12.203676158799972,-12.202486977217788,0.9648,0.43199,510.2153
89,4,0.629,0.371,CV,2.1002,2.1794,-16.037755141206638,-16.071871409918046,-0.36663,0.16727,68.6488
89,15,0.6107,0.3893,CV,5.9777,5.9455,-8.6467045332196,-8.635224931001664,0.7687,-0.10589,32.682
89,18,0.6017,0.3983,CV,2.5712,2.5486,-5.405474304384281,-5.419373175529236,2.54804,0.70812,34.5846
89,12,0.6083,0.3917,CV,2.0714,1.995,-5.389354771869998,-5.383479032400319,1.16465,-0.39853,26.4635
89,7,0.5108,0.4892,CV,4.7823,4.4119,-5.956649252905815,-5.762392649025665,8.83526,-0.79899,37.1152
89,19,0.6163,0.3837,CV,11.1103,11.0174,-9.327822937969636,-9.291928336465382,-3.76535,-0.91982,83.4126
89,16,0.59,0.41,CV,15.0043,15.0197,-19.62008967239777,-19.52692255974457,-0.53706,0.53306,27.9292
90,3,0.6197,0.3803,CV,24.4079,25.0242,-12.609028378139945,-12.676945483340338,5.52856,-0.74096,749.2984
90,5,0.618,0.382,CV,1.8032,1.7989,-4.5528805980611216,-4.559122313141494,-0.00279,-0.01662,17.7063
90,6,0.6185,0.3815,CV,0.6849,0.6811,-4.835034669768378,-4.843631453008476,0.01396,0.01942,24.8435
90,8,0.6172,0.3828,CV,7.5399,7.5516,-11.94025934307217,-11.944018071141869,-0.17089,-0.23882,57.8996
90,14,0.6149,0.3851,CV,18.1821,18.0991,-12.684447558956562,-12.681717919555746,1.47514,0.32475,525.6617
90,16,0.6183,0.3817,CV,6.8058,6.8732,-7.892133106155721,-7.941893176540193,-0.41125,-0.0354,27.8643
90,4,0.6222,0.3778,CV,3.7634,3.7553,-9.712259768244671,-9.72079432388302,-1.14946,0.30197,61.8277
90,15,0.606,0.394,CV,9.127,9.0876,-9.07175268711153,-9.039376778888785,1.06396,-0.03401,33.4364
90,18,0.6086,0.3914,CV,3.1967,3.147,-8.281864404842647,-8.273473705813714,1.92892,0.24154,31.3114
90,12,0.6094,0.3906,CV,3.984,3.9405,-6.446048693724855,-6.431270457847731,0.94401,-0.3921,25.8352
90,7,0.5891,0.4109,CV,3.769,3.8123,-7.786601710507621,-7.829144613065912,5.71884,-0.58769,37.821
90,19,0.596,0.404,CV,12.0718,11.8521,-9.234574418325828,-9.152051096648954,-5.7352,-2.78378,110.2232
90,1,0.5,0.5,CA,162.8822,162.8813,-33.82357746331889,-33.80031923166828,1.19807,2.83046,726.9693
90,13,0.5,0.5,CA,21.7091,21.6882,-20.625292559493786,-20.415985328651537,1.91583,0.16051,31.1754
91,3,0.608,0.392,CV,41.7696,41.9943,-17.08145043679764,-17.043761038559296,-6.94718,0.99648,726.601
91,5,0.6177,0.3823,CV,1.367,1.3582,-5.359373247625863,-5.36538918340149,-0.01877,-0.02297,17.9683
91,6,0.618,0.382,CV,2.6401,2.6385,-5.181553063539114,-5.187809814458542,0.15142,0.107,24.7963
91,8,0.6113,0.3887,CV,8.2873,8.2635,-8.052308013579266,-8.03257406898254,-0.55166,-0.35165,53.4468
91,14,0.6154,0.3846,CV,12.1002,11.9944,-16.36044783908696,-16.361110526366126,1.27847,0.39383,543.2114
91,16,0.6072,0.3928,CV,10.2891,10.2937,-11.214300264003331,-11.175600297180505,-0.01749,-0.58534,28.6346
91,4,0.6227,0.3773,CV,4.5446,4.5952,-10.96005915148392,-10.980879270206202,0.19367,0.10225,56.2346
91,15,0.6016,0.3984,CV,9.2941,9.2373,-8.98942649819051,-8.94521059704023,1.30346,0.03615,34.7393
91,18,0.6201,0.3799,CV,5.5897,5.6405,-8.282391270495879,-8.312439162643646,0.31772,-0.11936,27.491
91,12,0.6182,0.3818,CV,7.6217,7.6615,-14.44949717109401,-14.470358780565594,0.34252,-0.0101,27.2703
91,19,0.5107,0.4893,CV,25.8814,25.7335,-25.926439745526796,-25.527856634774242,-10.21388,-6.60616,129.8152
91,1,0.5732,0.4268,CV,39.8777,39.8526,-12.982936672144488,-12.975586284605777,2.76116,1.65905,642.9045
91,13,0.5482,0.4518,CV,8.8125,8.6991,-11.672931661590187,-11.563907709428566,2.05716,0.20744,29.4035
92,3,0.5483,0.4517,CV,57.6291,57.2292,-20.008440788628434,-19.743188785587385,-15.3524,1.70253,716.7287
92,5,0.618,0.382,CV,0.6426,0.6361,-4.607929104904462,-4.615471220344026,-0.03774,-0.00073,18.1003
92,6,0.618,0.382,CV,1.1634,1.1534,-4.872553031060096,-4.879853688659468,0.15957,0.0961,24.772
92,8,0.6173,0.3827,CV,6.6072,6.638,-8.220442213283771,-8.234462340897963,0.26586,-0.17115,50.929
92,14,0.6158,0.3842,CV,11.1237,11.0234,-18.5832532266107,-18.585191341800822,1.23862,0.44265,561.2678
92,16,0.6089,0.3911,CV,3.8254,3.771,-6.409722171940974,-6.3943440801233065,-0.05081,-0.55236,28.4164
92,4,0.6168,0.3832,CV,6.1012,6.0936,-10.282306485401369,-10.277426341705686,0.80861,0.03946,53.0606
92,15,0.6014,0.3986,CV,7.798,7.727,-7.976596639690479,-7.938216878550344,1.37227,0.00062,36.3309
92,12,0.6126,0.3874,CV,7.5177,7.4993,-14.058653789163303,-14.042628807340842,0.25557,0.17455,29.3184
92,19,0.5399,0.4601,CV,8.0835,7.4281,-26.788370575679394,-26.630595497542572,-10.06201,-7.15311,148.8172
92,1,0.5916,0.4084,CV,50.7807,50.7007,-18.433337331638832,-18.396056698557842,4.91063,-0.74013,636.8302
92,13,0.5787,0.4213,CV,5.2371,5.1279,-7.5719969230431285,-7.517629872907834,1.8373,0.21693,29.3692
93,3,0.53,0.47,CV,43.6874,42.8083,-16.964654098492833,-16.712986985426987,-18.5861,2.01568,717.9913
93,5,0.6182,0.3818,CV,0.1713,0.1674,-4.679993189869517,-4.688229724605971,-0.03107,0.00112,18.2066
93,6,0.6183,0.3817,CV,0.7528,0.7467,-4.851395944630261,-4.859712136936235,0.11214,0.06527,24.9384
93,8,0.6153,0.3847,CV,7.7647,7.7672,-7.54166118609057,-7.538426708653181,0.65124,-0.03057,50.07
93,14,0.6155,0.3845,CV,17.2913,17.2168,-17.173385394968385,-17.173260954525286,1.73598,0.23906,576.7811
93,16,0.6132,0.3868,CV,2.018,1.9785,-5.287211763985603,-5.2876093970633375,0.0351,-0.39311,28.1427
93,4,0.6151,0.3849,CV,3.9908,3.952,-8.91613309472916,-8.912947575093433,0.76923,0.01851,50.7077
93,15,0.6028,0.3972,CV,7.0017,6.9272,-7.234384152926273,-7.2022900026123455,1.36672,-0.07248,37.8147
93,12,0.6145,0.3855,CV,2.7048,2.6725,-9.525463269106195,-9.525985247813384,0.28692,0.109,30.0336
93,19,0.5439,0.4561,CV,9.0636,8.4324,-34.11388901385001,-33.93023419521791,-10.85937,-7.27109,157.4734
93,1,0.5932,0.4068,CV,51.1689,50.979,-17.332731309859525,-17.274869725142686,6.00577,-2.26569,681.8426
93,13,0.5903,0.4097,CV,5.792,5.6994,-7.494781115203979,-7.444061862182042,1.68943,0.09564,30.0909
94,3,0.4768,0.5232,CA,68.9082,67.9594,-22.381420304257773,-21.943254005098517,-25.59397,2.76093,759.2576
94,5,0.6184,0.3816,CV,0.3959,0.3967,-4.639638723125025,-4.6482012013783285,-0.02008,-0.02369,18.3313
94,6,0.6186,0.3814,CV,1.3718,1.3773,-4.877950872764451,-4.88739770184162,0.01862,0.06055,24.6978
94,8,0.6067,0.3933,CV,15.8098,15.8351,-15.070761653734571,-15.034161942113553,-0.38058,-0.45722,43.7036
94,14,0.6181,0.3819,CV,26.54,26.645,-11.163174681827755,-11.174670753218523,-0.468,-0.16226,576.154
94,16,0.6132,0.3868,CV,3.4559,3.4213,-6.402051244517764,-6.39612631317309,0.03077,-0.33894,28.6355
94,4,0.6119,0.3881,CV,5.7817,5.7433,-7.404927741785544,-7.390715235142066,0.96385,0.00593,47.834
94,15,0.6059,0.3941,CV,5.6855,5.6107,-6.641904974812453,-6.6203427771669,1.26831,-0.06582,39.4437
94,12,0.6144,0.3856,CV,12.0188,12.0438,-13.508880412166167,-13.50591243970445,0.18411,-0.2703,27.1399
94,19,0.4446,0.5554,CA,19.369,18.7913,-30.54149758117783,-29.95358283842338,-16.92226,-8.59927,166.0472
94,1,0.5546,0.4454,CV,96.0326,95.6803,-25.688139228569742,-25.469948710616517,10.80263,-4.3523,705.206
94,18,0.5,0.5,CA,45.6127,45.6072,-100.90834025427075,-99.20966812799847,4.90352,0.75633,22.9511
95,3,0.5354,0.4646,CV,24.3508,23.015,-12.061932335752308,-11.934691588795248,-23.89682,2.55816,797.66
95,5,0.6186,0.3814,CV,0.8173,0.8194,-4.581236249607487,-4.590175098247789,-0.01077,-0.02573,18.3185
95,6,0.6187,0.3813,CV,0.5869,0.588,-4.754901521449792,-4.764309603369907,-0.01278,0.01486,24.5791
95,8,0.6195,0.3805,CV,7.123,7.1774,-7.614387192961401,-7.644824699454478,-0.08484,-0.10105,42.7135
95,14,0.6184,0.3816,CV,3.2537,3.2303,-9.802891960229747,-9.811465621624198,-0.36894,-0.22936,585.1054
95,16,0.6158,0.3842,CV,1.53,1.5077,-5.329201440382874,-5.334024423180488,0.08829,-0.22748,28.8796
95,4,0.6167,0.3833,CV,1.7975,1.8114,-12.712413755716298,-12.723038477352404,0.52249,0.08275,46.1657
95,15,0.6096,0.3904,CV,4.4759,4.4115,-6.285267993559712,-6.274820193184661,1.1047,0.0046,40.5092
95,12,0.6138,0.3862,CV,3.6091,3.586,-6.594294141017071,-6.5891232421978305,0.10769,-0.1689,26.2259
95,19,0.3689,0.6311,CA,19.3253,18.4159,-37.389561708419535,-36.62915110503653,-24.71476,-11.80387,179.1183
95,1,0.529,0.471,CV,81.4526,80.8175,-21.62929662314162,-21.364511359316026,14.1654,-6.75335,737.5079
95,18,0.5237,0.4763,CV,6.9771,6.7901,-8.088249334846317,-7.880643271231394,4.29417,0.60936,22.6539
96,3,0.5883,0.4117,CV,4.1051,3.106,-22.574752222842243,-22.578448949172596,-16.82685,1.8514,815.8118
96,5,0.6182,0.3818,CV,2.3924,2.3939,-5.40470933321032,-5.411722836438324,0.01757,-0.02127,18.9525
96,6,0.6181,0.3819,CV,2.8113,2.8102,-5.457012441067997,-5.463571921973971,-0.19252,-0.05197,24.3861
96,8,0.6116,0.3884,CV,10.6025,10.6024,-10.613953967352721,-10.592023966648071,0.38733,0.23153,42.9849
96,14,0.6181,0.3819,CV,17.2085,17.2284,-11.228308906792373,-11.235372421702639,0.98975,-0.06115,597.8009
96,16,0.6176,0.3824,CV,0.4669,0.4783,-5.218024636217627,-5.226673317153148,0.06189,-0.10904,28.9454
96,4,0.6156,0.3844,CV,4.4298,4.4106,-7.790505812742026,-7.789342527581974,0.60519,0.06631,43.8721
96,15,0.6094,0.3906,CV,5.9214,5.8649,-6.895583663338066,-6.879079078586213,1.11442,0.07257,41.2302
96,12,0.6163,0.3837,CV,3.039,3.0339,-8.511395974401278,-8.51754408156333,0.29791,0.08265,26.0101
96,19,0.5096,0.4904,CV,8.6473,8.2666,-45.02501234186268,-44.946803348009695,-21.87339,-9.98161,191.7604
96,1,0.494,0.506,CA,83.188,82.3608,-22.556275878344568,-22.188302316325846,19.43268,-9.83154,767.1178
96,18,0.6028,0.3972,CV,2.7882,2.9731,-7.365928019218812,-7.446921128347579,2.32542,0.33725,22.6102
96,7,0.5,0.5,CA,37.1996,37.2477,-19.00919357512204,-18.82029379444146,-2.79724,0.23774,29.6816
97,3,0.6108,0.3892,CV,15.4761,15.5573,-42.749764261614324,-42.77038468012958,-10.21939,0.71249,801.2587
97,5,0.6184,0.3816,CV,0.2227,0.2182,-4.9810935603856255,-4.989781399041186,0.0204,-0.01665,19.2492
97,6,0.6184,0.3816,CV,1.4327,1.4302,-4.918177178946715,-4.926727722874186,-0.17546,-0.02933,24.6011
97,8,0.6146,0.3854,CV,2.588,2.5539,-7.580536060902923,-7.582676444861352,0.39897,0.17142,41.4442
97,14,0.6178,0.3822,CV,10.7417,10.6942,-11.004522475833324,-11.010686715247452,1.24495,0.30252,606.2903
97,16,0.6183,0.3817,CV,1.0991,1.1092,-5.152650100737446,-5.161830836240969,0.02262,-0.08245,28.8617
97,4,0.6129,0.3871,CV,5.8136,5.7855,-11.308288368783803,-11.29739814454717,0.76575,0.0855,43.0996
97,15,0.6101,0.3899,CV,5.1462,5.0853,-7.4954529607625675,-7.481907584199172,1.09141,0.04888,42.272
97,12,0.6158,0.3842,CV,2.6614,2.6346,-6.37263563540578,-6.372862596664742,0.31067,0.02155,25.144
97,19,0.5384,0.4616,CV,7.7152,6.802,-49.67571961118556,-49.513526705784024,-20.78299,-9.23774,193.4896
97,1,0.4536,0.5464,CA,74.527,73.4717,-22.688403582765805,-22.20848542125773,26.44453,-14.60345,799.0783
97,18,0.6221,0.3779,CV,4.496,4.5788,-12.631539571393287,-12.678551424860837,0.6674,0.05655,22.733
97,7,0.5577,0.4423,CV,4.2565,4.1282,-5.736400936701219,-5.665975126850377,-2.55948,0.27048,26.8062
98,5,0.6186,0.3814,CV,0.8457,0.8505,-4.736297703318898,-4.745416712954284,-0.00585,-0.01292,19.2554
98,6,0.6183,0.3817,CV,1.2619,1.2559,-4.928673524499367,-4.936798390116619,-0.14406,-0.01847,24.8808
98,8,0.6133,0.3867,CV,13.4707,13.5047,-14.008685586272616,-14.00091145432824,-0.37356,-0.3201,36.8098
98,14,0.6187,0.3813,CV,9.6676,9.7246,-10.041358447652463,-10.052027863678854,0.13815,0.45359,618.874
98,16,0.6185,0.3815,CV,0.7667,0.7709,-5.091569917337451,-5.100558073227257,-0.00957,-0.04013,28.9013
98,4,0.6113,0.3887,CV,5.8238,5.7856,-11.695937282471254,-11.682609931333314,0.83012,-0.02492,42.8298
98,15,0.611,0.389,CV,4.804,4.7441,-8.210147217250093,-8.199439845622404,1.04654,0.0356,43.4216
98,12,0.6158,0.3842,CV,2.3703,2.3436,-5.5748875085865786,-5.576055146651841,0.36756,-0.05135,24.2427
98,19,0.4958,0.5042,CA,13.1732,12.3462,-54.1224284842983,-53.7481080845682,-24.33716,-10.47516,192.9956
98,1,0.4334,0.5666,CA,57.8096,56.6412,-20.551540193976855,-20.04725744632804,32.14599,-20.98409,832.1359
98,18,0.6147,0.3853,CV,3.7828,3.75,-7.567787340310936,-7.55506196802045,0.83437,0.01405,22.8858
98,7,0.5522,0.4478,CV,7.4927,7.3713,-8.475388011684606,-8.299599500723684,-2.99876,0.3138,25.9555
98,3,0.6177,0.3823,CV,36.6315,36.9108,-43.29227528311935,-43.308992107599465,-0.1095,0.08028,752.7243
99,5,0.6185,0.3815,CV,1.0485,1.0483,-4.689546803467794,-4.697972641969461,0.01339,-0.03242,19.6703
99,6,0.6186,0.3814,CV,0.5698,0.5689,-4.843780821366725,-4.852802380231755,-0.07096,-0.0351,24.9859
99,8,0.619,0.381,CV,5.4719,5.5045,-6.567150596454553,-6.58550164870605,0.18554,-0.08266,35.825
99,14,0.6186,0.3814,CV,9.1191,9.1202,-10.564361898672749,-10.572847300803714,-0.45964,0.41509,633.846
99,16,0.6186,0.3814,CV,0.9517,0.9525,-5.279876685160473,-5.288664124684304,-0.03074,-0.00647,29.3745
99,4,0.6186,0.3814,CV,5.5887,5.6336,-6.524561401243794,-6.544288250250167,0.13096,-0.06839,41.4014
99,15,0.6138,0.3862,CV,3.3555,3.3104,-7.65454258201653,-7.654284862055949,0.82986,0.10167,43.824
99,12,0.6177,0.3823,CV,3.1288,3.1342,-7.204386202373394,-7.213733523254808,0.38326,-0.06496,24.1172
99,19,0.481,0.519,CA,10.7632,9.711,-37.60964232755509,-37.23732893574078,-27.49811,-11.37334,197.3172
99,1,0.3862,0.6138,CA,46.6519,45.0149,-21.912962953052244,-21.242174228855085,48.82148,-27.60362,920.1226
99,18,0.62,0.38,CV,3.167,3.2092,-9.309541423396364,-9.330087808338696,0.11825,-0.07779,22.605
99,7,0.5947,0.4053,CV,1.737,1.7007,-4.722726497678731,-4.728633240454921,-2.05628,0.17809,24.7834
99,-18,0.7,0.3,CV,4.915,4.915,-6.696703546654978,-6.696703546654978,0.0,0.0,19.5984
100,5,0.6186,0.3814,CV,0.5171,0.5196,-4.585481071702517,-4.5946384518608845,0.01473,-0.02915,19.8476
100,6,0.6185,0.3815,CV,0.7918,0.7881,-4.8756985036042595,-4.8841433586259875,-0.03114,-0.02982,25.2129
100,8,0.6169,0.3831,CV,4.696,4.6915,-6.890162311343872,-6.891228249153272,0.33127,0.03772,35.3715
100,14,0.6177,0.3823,CV,14.911,14.8868,-10.384264917820987,-10.389459603662425,-0.61705,0.33673,661.5853
100,16,0.6185,0.3815,CV,0.8355,0.8326,-5.413352391979696,-5.421889496531703,-0.04296,0.01637,29.8815
100,4,0.6179,0.3821,CV,3.0275,3.022,-6.024185299256786,-6.030101844091649,0.26609,-0.0347,41.0479
100,15,0.6163,0.3837,CV,1.4657,1.4222,-6.9853799137030546,-6.991793279979985,0.61177,0.06473,44.685
100,12,0.6179,0.3821,CV,2.0073,1.9981,-6.9221657154302845,-6.929174408939983,0.29423,-0.08792,23.9456
100,19,0.5484,0.4516,CV,6.1545,5.4575,-32.00251631057296,-31.921526445948516,-23.48086,-8.91495,194.5227
100,1,0.3175,0.6825,CA,46.2722,43.8511,-35.06809797971601,-34.16209342370722,74.35734,-39.35063,1011.6084
100,18,0.6154,0.3846,CV,5.5034,5.493,-7.061722203618051,-7.054898325651029,0.2573,-0.02622,23.5467
100,7,0.5577,0.4423,CV,8.3967,8.3025,-9.915047746343895,-9.707316049574736,-2.90674,0.18889,24.2604
100,20,0.6381,0.3619,CV,8.3419,8.3419,-10.286105298465294,-10.256134489082909,3.5055,2.16581,26.1896
101,5,0.6179,0.3821,CV,3.0417,3.0419,-5.3038789026001085,-5.309678338101893,0.03556,-0.02117,19.3677
101,6,0.6178,0.3822,CV,2.707,2.7034,-5.280690993116667,-5.2862755660460845,0.07483,-0.04196,25.8922
101,8,0.6093,0.3907,CV,9.1675,9.1464,-12.986909125626902,-12.958850045342759,0.3966,0.28214,36.2689
101,14,0.6179,0.3821,CV,15.686,15.7033,-10.372496495395145,-10.379825750587408,-0.68988,0.82946,659.8406
101,16,0.6185,0.3815,CV,2.1527,2.1562,-5.319533695024581,-5.328117550764575,-0.04983,0.00882,29.6128
101,4,0.6168,0.3832,CV,4.5654,4.5576,-7.727004883261375,-7.7292555547925375,0.40706,-0.04049,39.6487
101,15,0.6176,0.3824,CV,3.2093,3.2062,-6.8071201528172,-6.815200470434509,0.34279,0.06513,44.4232
101,12,0.6181,0.3819,CV,1.4988,1.4907,-5.769322395844006,-5.7770265280294115,0.25345,0.01645,23.408
101,19,0.6185,0.3815,CV,5.2514,5.6497,-36.29546079695831,-36.40667631235584,-12.25573,-3.74769,178.8397
101,1,0.2784,0.7216,CA,38.6116,35.4608,-31.182120788388623,-30.184978499781842,108.90875,-55.70992,1105.4226
101,18,0.6139,0.3861,CV,4.0811,4.059,-8.485084203842938,-8.478972763049109,0.41816,0.04032,24.167
101,7,0.5176,0.4824,CV,9.9648,9.8199,-13.095247500090071,-12.780322655535935,-3.76253,0.27785,24.616
101,20,0.5922,0.4078,CV,5.7811,5.6689,-7.386003412417231,-7.255310685107313,7.54471,3.2406,40.0351
102,5,0.6182,0.3818,CV,1.0681,1.0584,-4.479723518191419,-4.488027967549967,0.00321,0.01234,19.2383
102,6,0.6182,0.3818,CV,0.6334,0.6301,-5.024572520221795,-5.032783100992172,0.08139,-0.01249,26.146
102,8,0.6169,0.3831,CV,12.0282,12.0752,-13.631058508611538,-13.646417634280034,0.02752,-0.1063,31.9605
102,14,0.6183,0.3817,CV,3.192,3.1647,-9.886658264883877,-9.895160694880776,-0.61657,0.45657,668.7989
102,16,0.6186,0.3814,CV,1.1203,1.1243,-5.1496086096696265,-5.158735979025736,-0.05205,0.01832,30.1114
102,4,0.6155,0.3845,CV,4.2128,4.1916,-6.577360445615935,-6.575742325839601,0.55457,-0.00264,38.9378
102,15,0.6189,0.3811,CV,2.1351,2.1532,-6.455631494333059,-6.467235664882855,0.18364,-0.02737,45.4817
102,12,0.6177,0.3823,CV,2.9315,2.9306,-5.560762720634254,-5.5665603858669215,0.208,0.04595,22.3032
102,19,0.6357,0.3643,CV,6.51,6.8096,-41.5544138313932,-41.63663032742848,-2.82266,0.17688,155.8727
102,1,0.4154,0.5846,CA,29.8179,28.4427,-15.971190321566752,-15.639876472691723,113.99386,-47.90501,1162.8392
102,18,0.6171,0.3829,CV,5.0662,5.0809,-7.410383246121038,-7.419658700864092,0.14458,0.2509,23.6544
102,7,0.5041,0.4959,CV,8.8455,8.6493,-10.37631810780966,-10.065322401615543,-4.48507,0.46509,25.1676
102,20,0.5849,0.4151,CV,4.0315,3.7799,-6.197435372438361,-6.104535259636631,7.05166,4.38115,50.3691
102,-19,0.7,0.3,CV,0.7212,0.7212,-4.444566397350195,-4.444566397350195,0.0,0.0,10.6207
103,5,0.6188,0.3812,CV,0.5876,0.582,-4.492630180297555,-4.502804153963759,-0.03146,-0.01148,19.2334
103,6,0.6184,0.3816,CV,1.0903,1.0933,-5.012311274963101,-5.020926425758678,0.08361,0.01919,26.1415
103,8,0.6131,0.3869,CV,5.5981,5.5886,-9.738224130857406,-9.726176089673963,0.47233,-0.28436,30.1016
103,14,0.6185,0.3815,CV,7.5618,7.5849,-10.09844427013534,-10.107472370142121,-0.03618,0.2718,688.7358
103,16,0.6187,0.3813,CV,0.714,0.7129,-5.271071058746028,-5.280142715257865,-0.05257,0.02894,30.338
103,4,0.6147,0.3853,CV,3.997,3.9677,-6.287165218285842,-6.284163757157166,0.62888,-0.0162,38.4452
103,15,0.6188,0.3812,CV,2.0501,2.05,-6.705535175066107,-6.714719952135197,0.09198,-0.15548,46.2423
103,12,0.6163,0.3837,CV,6.7538,6.7645,-7.454706397273023,-7.455362777945659,-0.01871,0.18014,23.1164
103,19,0.6252,0.3748,CV,6.2934,6.2279,-23.890447496659817,-23.90202803774994,-3.19335,0.13443,137.2172
103,1,0.6491,0.3509,CV,23.621,27.2958,-24.047515516513187,-24.480364370217472,28.88602,-6.61426,1082.5833
103,18,0.6158,0.3842,CV,5.3909,5.3904,-7.008746060601517,-7.0078387444448325,-0.22676,0.30771,24.019
103,20,0.5527,0.4473,CV,5.1625,4.8869,-6.443563153846226,-6.230079353315144,9.71249,3.26904,56.3688
103,21,0.6482,0.3518,CV,0.7231,0.7231,-3.7786590315309527,-3.792576445969876,0.29884,-0.16212,14.3055
103,7,0.5313,0.4687,CV,5.5172,5.3041,-7.48365760942313,-7.300986009512223,-4.5313,0.59833,25.4876
104,5,0.6192,0.3808,CV,0.6393,0.6471,-4.379599578647513,-4.390746092166067,-0.00322,-0.01344,19.3405
104,6,0.6186,0.3814,CV,0.5064,0.509,-4.938696746504684,-4.94771185057666,0.03867,-0.00198,26.2802
104,8,0.6044,0.3956,CV,7.3009,7.2788,-9.869614167276666,-9.82671974324765,1.03831,-0.07548,28.7845
104,14,0.6186,0.3814,CV,6.5861,6.6024,-10.062945365372038,-10.071949485104957,0.30543,-0.09082,698.7487
104,16,0.6183,0.3817,CV,2.5366,2.5344,-5.368305061677469,-5.375638745698627,-0.05205,0.03668,29.8979
104,4,0.6087,0.3913,CV,8.4346,8.4031,-7.998068559408803,-7.970815052193688,0.96157,-0.03378,38.6147
104,15,0.6186,0.3814,CV,2.4528,2.4519,-6.878025647383357,-6.88660511437031,0.08819,-0.08878,45.8762
104,12,0.6165,0.3835,CV,2.5169,2.5041,-11.660179999392572,-11.66340756871379,-0.04027,0.25357,23.1775
104,19,0.6202,0.3798,CV,5.3034,5.2179,-27.708543669223573,-27.714318471891517,-2.5736,0.31909,119.5888
104,1,0.6403,0.3597,CV,11.7402,11.7158,-22.453541996788044,-22.510300337703683,11.52951,1.21972,893.7108
104,18,0.6144,0.3856,CV,4.1461,4.1257,-7.237355062306618,-7.232502283518931,-0.33163,0.36847,24.4136
104,20,0.5608,0.4392,CV,3.5418,3.094,-9.119516929917815,-8.98556947339647,9.52706,2.39391,56.0737
104,21,0.6437,0.3563,CV,0.1677,0.1586,-3.5976996387492512,-3.6702133201252085,0.26659,-0.1853,20.565
105,5,0.6192,0.3808,CV,0.253,0.255,-4.449818011843044,-4.460125370287973,0.00394,-0.01017,19.3513
105,6,0.6187,0.3813,CV,0.391,0.3907,-4.931009832301638,-4.94023162171853,0.01793,0.01695,26.4748
105,8,0.5913,0.4087,CV,12.1971,12.1768,-22.41157776392523,-22.32709905432353,1.22641,0.37102,29.6042
105,14,0.6179,0.3821,CV,14.2346,14.2176,-10.462355647030641,-10.468421078028964,1.05702,-0.03267,715.9489
105,16,0.6129,0.3871,CV,7.2834,7.2751,-8.207404872814937,-8.19261827467696,-0.05286,-0.25864,28.2893
105,4,0.6018,0.3982,CV,9.7663,9.7141,-10.005685930023276,-9.958564064649114,1.24292,-0.02338,39.072
105,15,0.6178,0.3822,CV,3.6506,3.6413,-6.806229296030696,-6.811619871145245,0.00365,-0.1681,45.1106
105,19,0.6211,0.3789,CV,6.7484,6.8016,-26.10132074430957,-26.118337949280548,-0.10211,1.00262,108.1476
105,1,0.6219,0.3781,CV,17.247,17.3676,-12.62790519123931,-12.618332206884421,-7.28296,7.63604,760.5935
105,18,0.6112,0.3888,CV,5.7924,5.7663,-7.085025796518756,-7.069059796681807,-0.51964,0.43045,24.8629
105,20,0.5731,0.4269,CV,3.5361,3.2239,-14.272856208663093,-14.177546746104241,8.66907,1.83652,53.5717
105,21,0.6493,0.3507,CV,0.4312,0.431,-3.667463371222184,-3.771274489911395,-0.05421,-0.40165,24.3578
105,12,0.6165,0.3835,CV,6.3886,6.4001,-24.385373371472767,-24.388301847886872,0.28813,0.06432,21.9491
105,-20,0.7,0.3,CV,78.6631,78.6631,-29.00457202810808,-29.00457202810808,0.0,0.0,249.5503
106,5,0.619,0.381,CV,0.764,0.7643,-4.455964383799098,-4.465476410953879,0.00453,-0.00658,19.4538
106,8,0.5907,0.4093,CV,7.7593,7.6817,-17.315786736850242,-17.248338794822992,1.2213,0.51367,29.8396
106,14,0.6181,0.3819,CV,7.9312,7.9015,-11.065968073807943,-11.073648348849366,1.00836,-0.1223,722.3034
106,16,0.6171,0.3829,CV,4.0551,4.069,-5.676639150554482,-5.687504729083269,-0.1741,0.18143,28.1429
106,4,0.6143,0.3857,CV,2.3372,2.3848,-6.719344063549087,-6.734834761794221,0.62821,0.01126,39.4248
106,15,0.6187,0.3813,CV,4.7168,4.7357,-7.2478962816004575,-7.258540302367734,-0.11891,0.01879,46.6035
106,12,0.6159,0.3841,CV,6.6479,6.658,-17.065178216070684,-17.06589947158072,0.0746,-0.33782,22.4774
106,19,0.6166,0.3834,CV,5.9143,5.8683,-30.933649216942353,-30.930486389931485,0.56526,1.1752,96.4392
106,1,0.6117,0.3883,CV,13.572,13.1106,-18.460630437724497,-18.435376811234363,-7.09752,7.55615,659.9746
106,18,0.6093,0.3907,CV,5.5673,5.5307,-7.003440828403108,-6.983902157200407,-0.58033,0.52034,25.4329
106,20,0.4082,0.5918,CA,9.3125,8.9222,-15.60104100108107,-14.821658524599322,13.68471,2.79021,52.0182
106,21,0.6463,0.3537,CV,1.3275,1.3248,-3.949616986039965,-4.031999028817523,0.74692,-0.47123,25.4426
106,22,0.6347,0.3653,CV,67.6975,67.6975,-41.6573802557416,-41.61277582740134,-11.73023,4.78938,341.1523
106,7,0.5,0.5,CA,119.8076,119.9542,-457.8116146674027,-444.5548679593704,23.63533,-5.68033,27.3376
106,6,0.6181,0.3819,CV,2.9567,2.9549,-5.309196420753791,-5.315640702485616,0.0324,0.04072,25.9429
107,5,0.6188,0.3812,CV,0.5318,0.5309,-4.4605721906381355,-4.469810036518229,-0.0192,0.01889,19.4884
107,8,0.6083,0.3917,CV,8.469,8.4951,-22.008855451793874,-22.01535028272047,0.81584,0.2878,26.8331
107,14,0.6179,0.3821,CV,17.3356,17.3419,-11.673528812176556,-11.680141653574283,0.32048,0.10924,709.9789
107,16,0.6186,0.3814,CV,3.5511,3.5633,-5.55498933357874,-5.565950052219955,-0.04616,0.2616,28.675
107,4,0.6136,0.3864,CV,5.3831,5.3583,-6.558261778218595,-6.5522443984952075,0.72159,0.02091,38.6933
107,15,0.6185,0.3815,CV,3.4382,3.4407,-6.097258435126399,-6.105401811140617,-0.12044,-0.16754,46.3907
107,12,0.6133,0.3867,CV,5.2732,5.2559,-12.289939771175934,-12.280284685608217,0.17277,-0.36994,23.5415
107,19,0.6085,0.3915,CV,8.2667,8.2114,-25.679874740097073,-25.649248022540075,1.34788,1.29018,85.4789
107,1,0.5921,0.4079,CV,17.3015,16.8219,-16.486143011796507,-16.394290877211933,-11.59408,8.13721,583.0473
107,18,0.6102,0.3898,CV,4.3021,4.2617,-6.175564880476022,-6.162880720408946,-0.59348,0.4796,25.7137
107,20,0.4213,0.5787,CA,6.6468,6.1206,-10.707841421562993,-10.218572131876213,16.38002,3.04393,53.6862
107,21,0.6389,0.3611,CV,1.1805,1.1463,-4.169095838646426,-4.223620996196643,0.80706,-0.28041,25.0704
107,22,0.5328,0.4672,CV,68.1016,67.7421,-85.87055990977186,-85.50344322945901,-30.62977,17.27393,526.9313
107,6,0.618,0.382,CV,1.9438,1.9352,-4.92495677352056,-4.932204677995541,-0.0281,-0.04695,25.5798
107,7,0.5394,0.4606,CV,6.2209,5.9574,-10.267524165597866,-10.123332268927328,17.66292,-4.46826,49.0836
108,5,0.6187,0.3813,CV,0.4964,0.4957,-4.43117891834506,-4.440258687526297,-0.04071,-0.00402,19.4857
108,14,0.6183,0.3817,CV,7.0698,7.0328,-10.812290699361686,-10.820878355417284,-0.15497,0.25496,710.4752
108,16,0.6183,0.3817,CV,2.2066,2.2005,-5.335103469265054,-5.342718502974153,-0.11286,0.18726,28.93
108,4,0.607,0.393,CV,8.6084,8.5707,-8.336862428006679,-8.304382146880652,1.08497,0.02275,38.2098
108,15,0.6147,0.3853,CV,12.2678,12.2747,-9.675569743889396,-9.668077105394929,0.22932,-0.13685,50.0686
108,12,0.6103,0.3897,CV,8.9934,8.9893,-9.367197093145617,-9.348900772756249,0.62853,-0.12564,23.5257
108,19,0.5982,0.4018,CV,8.37,8.2754,-9.68084297397742,-9.618781474121857,1.99767,1.36573,77.0821
108,1,0.5063,0.4937,CV,39.5218,38.9329,-20.10629194815005,-19.6956815879837,-20.66194,9.91069,537.9272
108,18,0.6123,0.3877,CV,3.3085,3.2716,-6.002498966491517,-5.997209871310144,-0.57608,0.36194,26.3612
108,20,0.5179,0.4821,CV,3.1441,2.683,-13.588712412234633,-13.469950750170552,14.78497,2.42659,53.468
108,21,0.6337,0.3663,CV,0.8997,0.8936,-3.9639879581555832,-4.007047419815794,0.39133,-0.22516,24.0326
108,22,0.4496,0.5504,CA,54.8114,53.411,-64.30842388939496,-63.75663198967473,-43.20762,23.76798,843.7869
108,7,0.5702,0.4298,CV,19.7379,20.5138,-33.09766019004205,-33.02144016356508,-17.0562,4.26612,56.1935
108,6,0.6189,0.3811,CV,0.4198,0.4244,-4.713363988445808,-4.7243752006489315,-0.0329,-0.05169,25.6024
108,-21,0.7,0.3,CV,2.0817,2.0817,-5.952492588289016,-5.952492588289016,0.0,0.0,23.3056
109,5,0.6187,0.3813,CV,0.6308,0.6319,-4.465627909690669,-4.47474522787264,-0.00969,0.03737,19.4906
109,14,0.6169,0.3831,CV,22.8356,22.8178,-11.270525787579814,-11.272515564123706,-1.83942,0.18361,712.3071
109,16,0.618,0.382,CV,2.1649,2.1573,-5.314703334654397,-5.3212527267229,-0.0105,0.14605,29.24
109,4,0.6053,0.3947,CV,6.8249,6.7689,-10.338054636087598,-10.308089613369216,1.19494,0.09814,38.5317
109,15,0.6175,0.3825,CV,2.477,2.5013,-9.641337337205446,-9.651358008582632,0.18205,0.00902,50.6979
109,12,0.6089,0.3911,CV,6.2891,6.2659,-7.576675495746024,-7.556852731474761,0.63605,-0.37645,23.2212
109,19,0.5854,0.4146,CV,9.4415,9.317,-9.398451591943662,-9.298659009293088,2.46469,1.53539,69.7997
109,1,0.3994,0.6006,CA,46.2236,45.1217,-20.881881231667528,-20.162645624121602,-31.74196,13.45903,529.9452
109,18,0.6144,0.3856,CV,3.0513,3.0277,-5.476156731408336,-5.4765855949856785,-0.546,0.16015,26.8868
109,20,0.5529,0.4471,CV,3.4219,3.0132,-16.451603052031896,-16.33612045283064,12.94027,1.86215,52.368
109,21,0.6293,0.3707,CV,0.325,0.3372,-3.885989918335912,-3.9180272411516506,0.17001,-0.12145,22.655
109,22,0.2925,0.7075,CA,83.6557,81.0675,-70.19392113711628,-69.08022097840909,-76.69976,35.30619,1347.0425
109,7,0.1099,0.8901,CA,22.4144,21.7511,-51.81201399964142,-49.316748157373404,-38.2789,9.80182,71.3042
109,23,0.6474,0.3526,CV,3.1531,3.1531,-6.316028646156726,-6.326365599693016,0.3658,0.66504,30.9001
110,5,0.6187,0.3813,CV,0.756,0.7565,-4.43294868999326,-4.442119953992106,0.00128,0.03485,19.3524
110,14,0.6134,0.3866,CV,26.4347,26.3236,-11.682240975214025,-11.671508994578932,-3.07546,0.1893,704.6841
110,16,0.6177,0.3823,CV,1.9536,1.944,-5.273727798925275,-5.279800668085238,0.00816,0.05811,29.7308
110,4,0.6072,0.3928,CV,5.3025,5.2429,-7.190573383732455,-7.171066900184719,1.13919,-0.05875,38.5363
110,15,0.6177,0.3823,CV,2.3923,2.3868,-10.389242716503198,-10.395853076493339,0.23018,0.06776,50.971
110,19,0.6103,0.3897,CV,16.8706,16.974,-24.917291756618248,-24.94000763788796,-0.60697,1.05053,64.9146
110,1,0.3526,0.6474,CA,42.8973,41.3665,-18.40794716661548,-17.640750694348192,-46.06858,18.281,554.1846
110,18,0.6135,0.3865,CV,4.4987,4.4742,-6.170716340816686,-6.1643593540157555,-0.61371,0.04004,26.9155
110,20,0.5801,0.4199,CV,2.882,2.5502,-11.601537809274095,-11.546335255876663,10.41855,1.3054,50.5854
110,21,0.6257,0.3743,CV,1.4809,1.494,-4.184746613460621,-4.208121576031347,0.10206,-0.05092,20.9499
110,22,0.2309,0.7691,CA,94.147,90.3239,-60.71980127849651,-59.50731325325288,-134.85938,58.13414,1926.3542
110,7,0.1588,0.8412,CA,19.1287,17.9762,-61.13660420483679,-59.71680332066745,-64.5538,16.86253,83.5513
110,23,0.6431,0.3569,CV,1.6707,1.633,-6.021254595806454,-6.092562543432814,0.77048,1.83451,44.1308
110,12,0.6106,0.3894,CV,4.0367,4.0073,-5.958427068801298,-5.948009045759068,0.63823,-0.23614,22.9324
111,5,0.6185,0.3815,CV,1.8043,1.8058,-4.661389463251184,-4.6696500495508415,0.09662,-0.00035,19.5861
111,14,0.6153,0.3847,CV,10.6887,10.532,-10.010872986677294,-10.013377320503572,-2.41489,0.09772,693.618
111,16,0.6181,0.3819,CV,1.3726,1.3741,-5.243973075317368,-5.252088314547724,0.08587,0.04541,29.8016
111,4,0.5948,0.4052,CV,11.6412,11.5838,-10.751499594223386,-10.67725140751886,1.61727,0.20804,38.8002
111,15,0.6174,0.3826,CV,3.1618,3.1475,-13.77297177183257,-13.777895096351582,0.28777,0.07242,52.7629
111,12,0.6018,0.3982,CV,7.376,7.3403,-10.270873425391386,-10.22082613082248,0.88805,-0.3975,22.2925
111,19,0.6092,0.3908,CV,5.5101,5.4468,-11.069507956675926,-11.050841761675581,-0.62381,1.03994,60.2433
111,1,0.3623,0.6377,CA,34.2387,32.3201,-14.108833346096066,-13.449868976005732,-61.02033,23.18876,607.0249
111,18,0.6158,0.3842,CV,2.3668,2.351,-5.571388842414523,-5.576051660954755,-0.47137,-0.08169,27.6083
111,20,0.5871,0.4129,CV,6.3721,6.2439,-7.724152313370949,-7.658142978083779,8.18636,1.01128,50.3194
111,22,0.2057,0.7943,CA,94.5324,90.1346,-60.60446641197046,-59.3303352995377,-211.44943,85.5177,2527.4712
111,7,0.1318,0.8682,CA,18.4747,17.0207,-40.60323032750298,-38.895811964820446,-90.24649,24.19706,113.8714
111,23,0.6447,0.3553,CV,2.5117,2.4774,-7.887888701039914,-7.9726622520926895,1.20266,2.98366,52.0423
111,6,0.5,0.5,CA,2.4242,2.42,-5.9138057240357265,-5.926247203679476,-0.03053,0.00822,26.6022
112,5,0.6186,0.3814,CV,0.4072,0.4029,-4.5037382283185385,-4.512647626883651,0.06742,-0.00938,19.7378
112,14,0.6172,0.3828,CV,5.8723,5.748,-11.896675001997046,-11.904461441078068,-1.67432,0.17586,683.3486
112,16,0.6182,0.3818,CV,0.478,0.4694,-5.333965224737733,-5.3419007426419896,0.07099,0.03187,30.0682
112,15,0.6169,0.3831,CV,3.9748,3.9557,-11.27213968009847,-11.275422075067375,0.36703,0.10346,54.924
112,12,0.6094,0.3906,CV,2.1361,2.0869,-6.201527537259125,-6.196445248285051,0.74252,-0.24604,22.2016
112,19,0.612,0.388,CV,4.6377,4.6051,-10.455624231037,-10.450420621097763,-0.16396,1.03667,55.3486
112,1,0.4047,0.5953,CA,25.0536,22.7724,-11.795510006409856,-11.30211069933657,-72.19541,26.48388,678.4016
112,18,0.6146,0.3854,CV,4.3285,4.3062,-7.056169024787038,-7.052096129900702,-0.51341,-0.23748,27.971
112,20,0.5142,0.4858,CV,7.9926,7.6465,-8.219068482429256,-7.847447733873626,11.0957,1.33528,48.8378
112,22,0.3345,0.6655,CA,53.7799,49.7351,-72.20444095418506,-71.62842256989677,-241.98195,94.80666,3007.1676
112,23,0.6445,0.3555,CV,2.5431,2.5434,-8.313924973727866,-8.395246769797698,0.73522,1.39015,54.5377
112,4,0.5976,0.4024,CV,7.6924,7.615,-10.658118230077381,-10.614090147212966,1.56098,0.09325,40.1311
112,6,0.5772,0.4228,CV,1.1174,1.1111,-4.680214671457286,-4.6893037545631175,0.03522,0.03989,24.9251
113,5,0.6186,0.3814,CV,0.4075,0.4066,-4.483082442489934,-4.492056561965927,0.04059,-0.03228,19.8003
113,14,0.6189,0.3811,CV,2.2255,2.3267,-12.657329824971077,-12.669609713383444,-0.88563,0.14858,678.6192
113,16,0.6184,0.3816,CV,0.3401,0.3445,-5.3199066882691515,-5.328533349068453,0.03926,4e-05,30.3383
113,15,0.6172,0.3828,CV,2.8899,2.8749,-7.766019346667134,-7.771677554362101,0.38547,0.02915,56.1491
113,19,0.6096,0.3904,CV,8.192,8.1738,-8.136027720119369,-8.116831757102165,0.45859,0.96407,52.925
113,1,0.4574,0.5426,CA,19.9073,17.7099,-12.675290359019792,-12.337535347047691,-76.28645,27.1039,745.7146
113,18,0.6147,0.3853,CV,4.3989,4.3827,-6.828616467827817,-6.826725505531951,-0.37705,-0.39023,28.9412
113,20,0.6161,0.3839,CV,2.9666,3.4044,-15.495397358267208,-15.64574168631891,5.09181,0.45653,47.6856
113,22,0.3071,0.6929,CA,63.179,58.6189,-42.963253902367796,-42.0813512283522,-290.29407,105.92189,3457.4654
113,23,0.6462,0.3538,CV,1.506,1.6263,-7.354058392915018,-7.443312780281407,0.19159,0.54197,52.1587
113,6,0.6052,0.3948,CV,0.7231,0.7316,-4.533502835629128,-4.54661206759913,0.04266,0.03626,24.7219
113,12,0.6157,0.3843,CV,1.7965,1.7938,-5.071578706632973,-5.081703833843272,0.40867,-0.30173,22.0899
114,5,0.6187,0.3813,CV,0.1605,0.1602,-4.474504673471492,-4.483596216973423,0.02118,-0.02878,19.8627
114,14,0.6194,0.3806,CV,6.6263,6.6737,-12.869685038954747,-12.881340628649722,-0.01133,0.00121,670.5506
114,16,0.6185,0.3815,CV,0.6954,0.6971,-5.311735325812922,-5.320466157693457,0.01167,0.03824,30.5734
114,15,0.6171,0.3829,CV,5.8747,5.874,-7.123749332334473,-7.128172712401279,0.34273,-0.14434,55.5864
114,19,0.6078,0.3922,CV,14.1487,14.1696,-39.37756758525255,-39.3542080048319,-0.88955,0.6271,49.9649
114,1,0.5868,0.4132,CV,8.7997,9.5008,-9.269540685034087,-9.378776329458443,-49.55714,17.22312,750.6305
114,18,0.6146,0.3854,CV,4.0537,4.0313,-6.7989642079057,-6.796752196855065,-0.24259,-0.49813,29.4594
114,20,0.6215,0.3785,CV,1.6263,1.5613,-11.035555550340593,-11.060236425234663,3.29255,0.19136,44.6004
114,22,0.6192,0.3808,CV,28.864,35.1544,-37.17343512888705,-37.62956304000111,-152.90617,46.23786,3435.1704
114,23,0.6346,0.3654,CV,2.5271,2.5127,-6.268571349204896,-6.304528300608052,-0.349,0.87941,48.8913
114,6,0.6149,0.3851,CV,0.6348,0.6388,-4.540293984144588,-4.553516975895292,-9e-05,-0.00796,24.5009
115,5,0.6187,0.3813,CV,0.4112,0.4123,-4.484013967371574,-4.493196926749312,-0.01428,-0.02012,19.9298
115,14,0.6191,0.3809,CV,4.8707,4.8572,-11.49785658959316,-11.507864225217467,0.22505,-0.12403,656.8591
115,16,0.6186,0.3814,CV,0.48,0.4797,-5.280612930721534,-5.289519899391185,-0.00772,0.03666,30.8118
115,15,0.6141,0.3859,CV,8.054,8.0343,-7.717674458126593,-7.709543542452107,0.35379,-0.21302,53.8547
115,19,0.6168,0.3832,CV,7.6178,7.6566,-13.554060738123184,-13.571045454376161,0.07225,0.55066,46.8145
115,1,0.5877,0.4123,CV,12.0319,10.7794,-10.282300599377484,-10.20883375081536,-42.34198,13.31881,698.9287
115,18,0.6123,0.3877,CV,8.594,8.5849,-8.409196109037593,-8.39715427384739,0.09881,-0.54772,31.6385
115,20,0.5985,0.4015,CV,4.8959,4.7572,-7.62488687128058,-7.545244386351538,4.00543,0.26047,41.8255
115,22,0.6578,0.3422,CV,21.1296,23.6991,-24.879455576938845,-25.05711304516227,-54.5882,10.32308,2976.6453
115,23,0.6272,0.3728,CV,1.9011,1.8558,-5.529376521469424,-5.551191594462319,-0.49354,0.7359,45.314
115,6,0.618,0.382,CV,1.1421,1.1413,-4.6232732740353715,-4.634856813320795,-0.0373,-0.01458,24.3373
116,5,0.6187,0.3813,CV,1.1437,1.1441,-4.549793721132392,-4.558732749326148,-0.04362,0.03413,19.8445
116,14,0.6187,0.3813,CV,12.243,12.2527,-9.8730709813782,-9.881611025378314,-0.75935,-0.30378,646.2915
116,16,0.6186,0.3814,CV,1.3309,1.3319,-5.326921692652116,-5.335753200987378,0.07121,-0.01936,31.047
116,19,0.6123,0.3877,CV,9.5318,9.5272,-9.002630826031776,-8.987575573062962,0.54522,0.31458,46.4608
116,1,0.5928,0.4072,CV,11.3116,10.194,-10.104234051995427,-10.050402641929338,-34.69636,9.92135,652.7262
116,18,0.6109,0.3891,CV,7.6757,7.648,-11.634730390116445,-11.62035138676547,0.3711,-0.47909,33.9337
116,20,0.5868,0.4132,CV,4.7664,4.5783,-6.630236449956662,-6.535693912306254,4.04633,0.25101,39.4796
116,22,0.6505,0.3495,CV,14.2263,15.0315,-18.182815575475423,-18.271006394001695,-16.9942,0.3609,2593.4673
116,23,0.6192,0.3808,CV,4.2804,4.2599,-6.256131921241432,-6.25460434312902,-0.59137,0.64534,40.7766
116,6,0.6189,0.3811,CV,1.5933,1.596,-4.701044887436468,-4.7119606019885305,0.10313,0.01551,23.8986
116,7,0.5,0.5,CA,12.5036,12.1515,-61.419177514914075,-61.48069120139273,-16.41601,4.69251,196.5756
116,15,0.6099,0.3901,CV,7.6649,7.6209,-7.930314013502077,-7.909001841943237,0.39129,-0.21659,51.9376
117,5,0.6187,0.3813,CV,0.4173,0.4133,-4.440188264326394,-4.449481700419745,-0.03892,0.0353,19.8282
117,14,0.6189,0.3811,CV,4.1734,4.1782,-9.882828759338237,-9.89279615534249,-0.37526,-0.43249,639.1689
117,16,0.6186,0.3814,CV,1.0747,1.0719,-5.358530021767497,-5.367406474039601,0.05683,-0.02564,31.0781
117,19,0.6031,0.3969,CV,11.7844,11.752,-20.62328186321309,-20.576106013203184,1.12972,0.35873,44.7133
117,1,0.6347,0.3653,CV,8.3829,9.5282,-8.732196911765561,-8.8480052790634,-13.45091,2.91848,601.5783
117,18,0.6129,0.3871,CV,4.2802,4.2459,-30.065305714653828,-30.061629976817024,0.33746,-0.48479,35.0196
117,20,0.6007,0.3993,CV,2.0008,1.8123,-6.618431955200346,-6.599043593819667,3.07187,0.1786,37.5905
117,22,0.6398,0.3602,CV,15.2317,15.7171,-17.628719170185555,-17.68103519076086,1.96655,-3.83852,2275.9654
117,23,0.6186,0.3814,CV,2.2303,2.2019,-5.229881541481959,-5.2378380780423806,-0.55014,0.28846,37.0134
117,6,0.6188,0.3812,CV,1.1401,1.1343,-4.6625149448049985,-4.671817585217506,0.12313,0.01613,23.6557
117,7,0.5995,0.4005,CV,5.1163,5.0969,-28.532407946957846,-28.633436747607426,-10.7665,2.53286,145.8282
118,5,0.6188,0.3812,CV,0.6688,0.6698,-4.4679581458563415,-4.477437348734357,-0.02761,0.04785,19.9979
118,14,0.6187,0.3813,CV,4.8265,4.7986,-11.90994271817303,-11.918854859893253,-0.36639,-0.54818,631.8784
118,16,0.6187,0.3813,CV,0.7475,0.7476,-5.221666964649178,-5.231020577724611,0.02486,-0.06567,31.3706
118,19,0.6008,0.3992,CV,8.6568,8.5952,-19.845463743367684,-19.80234760598725,1.1821,0.36975,44.6305
118,1,0.6286,0.3714,CV,23.194,23.6378,-12.48025180586098,-12.507736941219928,5.24594,-1.48434,552.8346
118,18,0.6128,0.3872,CV,6.344,6.3201,-45.73234717448714,-45.72509880824286,0.47084,-0.51298,35.5284
118,20,0.6164,0.3836,CV,1.447,1.5019,-5.509611876877042,-5.535521296864038,1.73553,0.16963,36.1616
118,22,0.628,0.372,CV,20.2073,20.0709,-19.8316787153783,-19.849199465434317,8.3648,-4.6111,2024.6655
118,23,0.6197,0.3803,CV,1.902,1.8994,-4.721531866869828,-4.734860387194308,-0.46439,0.03231,34.079
118,6,0.6189,0.3811,CV,0.4279,0.4256,-4.60718894005829,-4.617154215055786,0.06304,0.01076,23.3972
118,7,0.6084,0.3916,CV,9.1636,9.4986,-26.873004825879626,-26.86709441631755,8.66309,-2.59806,109.6011
119,5,0.6188,0.3812,CV,0.6783,0.6788,-4.588244037161619,-4.59773490580686,-0.04127,0.01152,19.9401
119,14,0.6185,0.3815,CV,8.597,8.5908,-14.282485439088958,-14.290599759120585,-0.0528,-0.46764,633.2514
119,16,0.6186,0.3814,CV,1.5246,1.5219,-5.460118650131786,-5.468909750738719,-0.00244,-0.05397,31.2248
119,19,0.6112,0.3888,CV,2.6446,2.6214,-27.05624513178632,-27.060338069050204,0.78941,0.36374,43.3023
119,1,0.5957,0.4043,CV,32.8292,32.5989,-20.827405229639073,-20.725453161089877,11.38326,-2.61188,535.64
119,18,0.6084,0.3916,CV,9.6505,9.6154,-36.4478264658043,-36.422020630513956,0.77471,-0.60371,37.6593
119,20,0.6216,0.3784,CV,6.7758,6.8376,-7.351549622586356,-7.376597371781047,0.08492,0.09059,35.7949
119,22,0.6183,0.3817,CV,20.5249,20.076,-11.30399502785822,-11.297505886895296,10.26487,-5.2724,1850.8105
119,23,0.613,0.387,CV,4.7526,4.728,-7.543833377440983,-7.527311085128677,-0.67975,-0.13826,30.9538
119,6,0.6181,0.3819,CV,2.3433,2.3399,-5.010362598135204,-5.016702402553265,0.00558,-0.01693,23.6087
119,7,0.6065,0.3935,CV,5.2941,5.0775,-28.150878853826327,-28.12374985590767,7.9254,-2.78044,86.1314
119,4,0.5,0.5,CA,24.9886,24.9817,-15.382241045570574,-15.364979345511015,0.70591,0.42892,47.2502
120,5,0.6186,0.3814,CV,1.5778,1.5765,-4.711387269013381,-4.719865022875164,-0.00768,-0.00184,19.5957
120,14,0.618,0.382,CV,11.7053,11.6914,-15.627267445744186,-15.633933271197218,0.60131,-0.72198,628.4655
120,16,0.6188,0.3812,CV,0.2767,0.2775,-5.194511938050439,-5.204281315820985,-0.02078,-0.03279,31.3722
120,19,0.6171,0.3829,CV,4.0577,4.0839,-16.802407545776106,-16.81584978162138,0.20626,0.33769,42.4945
120,1,0.5762,0.4238,CV,31.4489,30.9177,-22.228169261083465,-22.09419105303084,13.50902,-2.61188,528.4923
120,18,0.6083,0.3917,CV,7.9183,7.8703,-13.478976599169258,-13.459658049887203,0.70716,-0.65062,41.0592
120,20,0.6171,0.3829,CV,5.3763,5.3592,-15.92948058420892,-15.927290064558006,0.07054,0.10484,36.2556
120,22,0.6202,0.3798,CV,26.1891,26.2156,-27.169743876870143,-27.185717010097726,4.69211,-2.99451,1674.2645
120,6,0.6184,0.3816,CV,0.4818,0.4772,-4.7415804365728516,-4.75024875834101,0.03051,-0.01866,23.4883
120,7,0.5869,0.4131,CV,6.5649,6.3315,-26.43560965331002,-26.33005531819886,7.92596,-3.09352,73.5065
120,4,0.5731,0.4269,CV,5.9511,5.9219,-12.193156607572615,-12.18546151493689,0.87597,0.27282,44.7733
120,-22,0.7,0.3,CV,8.1003,8.1003,-8.125258821506103,-8.125258821506103,0.0,0.0,16.229
121,5,0.6187,0.3813,CV,1.3409,1.3421,-4.619220369711805,-4.628604891888318,0.05177,-0.08105,19.5828
121,14,0.6167,0.3833,CV,17.9593,17.9205,-15.93960764786252,-15.94127407826488,1.28031,-1.11281,615.2989
121,16,0.6182,0.3818,CV,3.0648,3.064,-5.594173470777728,-5.601176200370471,-0.22294,0.03254,31.5167
121,19,0.6167,0.3833,CV,4.3395,4.3313,-8.995650988137388,-8.99862818999365,0.0528,0.4726,41.034
121,1,0.5868,0.4132,CV,22.7236,22.2356,-23.278298384936452,-23.216713411497388,11.58761,-1.62432,530.7085
121,18,0.6041,0.3959,CV,12.6089,12.5593,-10.167957527548861,-10.131122740413467,1.07675,-0.50437,44.6785
121,20,0.6175,0.3825,CV,2.0197,2.0049,-22.768714473148982,-22.775352987501588,-0.00542,0.14479,35.9363
121,22,0.6194,0.3806,CV,23.8037,23.7833,-44.61028671803168,-44.62007670921688,1.68352,-0.8073,1524.8169
121,6,0.6185,0.3815,CV,2.8883,2.8955,-5.195645639245169,-5.2043048075487635,-0.0468,0.03198,22.6636
121,7,0.6121,0.3879,CV,5.2284,5.2457,-25.185051005508527,-25.21315971957336,4.15739,-2.16826,64.1441
121,24,0.6271,0.3729,CV,10.0441,10.0441,-12.2750715638276,-12.197873125061296,4.40701,0.03448,24.1437
121,4,0.5842,0.4158,CV,13.9605,13.931,-19.545110575724422,-19.477208829431696,1.63318,-0.11696,42.567
122,5,0.6188,0.3812,CV,0.8016,0.7986,-4.601037346500582,-4.610597625466589,-0.00049,-0.07569,19.4234
122,14,0.6138,0.3862,CV,23.6817,23.5994,-15.88159823202118,-15.872841513719395,1.94465,-1.60649,594.9104
122,16,0.6183,0.3817,CV,1.1636,1.1512,-5.245094264995738,-5.253228230468227,-0.21061,0.04002,31.5899
122,19,0.611,0.389,CV,9.7738,9.7692,-11.926902849600356,-11.906395908497025,-0.72532,0.48431,39.8552
122,1,0.5967,0.4033,CV,27.8978,27.6697,-18.566671260828002,-18.530279728532147,9.27693,-0.06002,515.6738
122,18,0.6074,0.3926,CV,7.6463,7.586,-11.923965673065544,-11.906984368025613,1.09104,-0.31715,46.9592
122,20,0.6153,0.3847,CV,9.5909,9.6048,-18.263469273334685,-18.259943082706066,-0.47203,0.05886,33.1726
122,22,0.6145,0.3855,CV,44.4496,44.5498,-35.875820065418964,-35.86626811650913,-5.04561,0.09442,1454.2781
122,7,0.6083,0.3917,CV,5.1773,5.0851,-19.467387611323502,-19.44249478371279,3.08001,-2.01581,56.8325
122,24,0.5387,0.4613,CV,9.2125,9.0499,-9.598348531073341,-9.266167858009712,7.21833,-0.51516,41.8782
122,23,0.5,0.5,CA,104.7164,104.7128,-394.49011780522136,-390.3484870736651,0.28932,-6.96439,24.7034
122,6,0.6185,0.3815,CV,0.8426,0.8364,-4.681835470724898,-4.690608690216771,-0.05359,0.03214,22.2576
123,5,0.619,0.381,CV,0.6196,0.6249,-4.56470763244618,-4.574989664428891,-0.01134,-0.02715,19.4305
123,14,0.6128,0.3872,CV,18.287,18.1543,-15.665845900518988,-15.657472379533564,2.48405,-1.60815,585.9283
123,16,0.6188,0.3812,CV,1.0891,1.0999,-5.462107579398947,-5.472305624462776,-0.05901,0.03229,31.8327
123,19,0.6127,0.3873,CV,4.2658,4.2351,-8.250150685695804,-8.245427875595688,-0.56066,0.5507,39.6515
123,1,0.5816,0.4184,CV,34.0892,33.6838,-34.11488261071907,-34.00165811612384,10.55055,0.4095,507.1024
123,18,0.6162,0.3838,CV,3.8963,3.9548,-6.555881025038971,-6.571237921813333,0.42194,-0.18007,49.3057
123,22,0.6091,0.3909,CV,39.3405,39.1232,-56.617876819685776,-56.59262385500247,-5.7741,-0.49147,1341.3267
123,6,0.6189,0.3811,CV,0.2013,0.1954,-4.58806403870961,-4.5981001943598505,-0.04307,0.02127,22.022
123,7,0.5944,0.4056,CV,5.3208,5.1706,-17.18664099388787,-17.10939679435858,3.42629,-2.1121,51.0493
123,24,0.4926,0.5074,CA,7.9615,7.5651,-8.013009193744205,-7.6253085089922745,12.00274,-0.04355,61.7419
123,23,0.5669,0.4331,CV,2.286,2.1878,-4.516474295545276,-4.483271584280493,0.43437,-5.06557,24.392
124,5,0.619,0.381,CV,0.2743,0.2751,-4.433944760928364,-4.443750714625235,-0.01055,-0.00798,19.4041
124,14,0.6114,0.3886,CV,19.3185,19.1574,-15.675830844676682,-15.662647866555744,2.86958,-1.67059,571.4919
124,16,0.6188,0.3812,CV,0.8404,0.8417,-5.328243153089856,-5.337454786617154,-0.01408,0.00044,32.1729
124,19,0.6141,0.3859,CV,7.0398,7.0406,-9.49061661888981,-9.489304069563923,-0.06556,0.51955,40.5177
124,1,0.6008,0.3992,CV,10.5114,10.1493,-28.865936014395995,-28.85437257090784,7.67262,0.63482,512.9532
124,18,0.611,0.389,CV,20.4727,20.494,-23.417550124296344,-23.397922046425325,-1.00926,-0.27879,52.046
124,22,0.6049,0.3951,CV,36.2896,36.009,-80.69970603589623,-80.66473540667954,-5.98749,-0.72782,1236.9035
124,6,0.619,0.381,CV,0.8268,0.8315,-4.530041811370543,-4.540350808765624,-0.00599,0.01077,21.9463
124,7,0.5871,0.4129,CV,4.6962,4.5091,-10.966236385987191,-10.879277907732583,3.54453,-1.99083,46.6343
124,24,0.5032,0.4968,CV,7.21,6.8389,-7.427185736540491,-7.148460345250433,14.28643,1.07164,76.1342
124,23,0.6459,0.3541,CV,8.6731,8.8947,-11.614556368646989,-11.816759190889702,0.33563,0.49766,23.7425
124,20,0.5,0.5,CA,14.9668,14.947,-23.368030286499724,-23.29021129674591,-1.37158,-0.15492,34.6958
125,5,0.6188,0.3812,CV,0.9129,0.9119,-4.756274633999737,-4.765238700765842,-0.03034,-0.02349,19.487
125,14,0.6129,0.3871,CV,14.7236,14.5863,-16.334860244953855,-16.330465691602285,2.86122,-1.21836,566.8061
125,16,0.6187,0.3813,CV,0.1511,0.1494,-5.309441088327504,-5.318559835727512,-0.00412,-0.00485,32.3677
125,19,0.6121,0.3879,CV,6.6536,6.6251,-8.925055267255058,-8.912933732713356,0.10716,0.71331,40.3675
125,1,0.6158,0.3842,CV,14.6743,14.8462,-27.24336117675988,-27.266593091868437,4.04468,-0.54677,516.591
125,18,0.5973,0.4027,CV,18.7461,18.69,-49.71819919183812,-49.64896568485448,-1.77722,-0.52764,54.3258
125,22,0.6132,0.3868,CV,33.0142,33.1217,-42.48323299117936,-42.4895543569945,-0.92533,-1.54671,1146.938
125,6,0.619,0.381,CV,0.4836,0.483,-4.52516052065601,-4.534871245519216,-0.02286,0.00335,21.8036
125,7,0.5843,0.4157,CV,7.3472,7.2338,-10.186877837534274,-10.099044291339663,3.43898,-1.74417,45.2974
125,24,0.4893,0.5107,CA,6.6492,6.0778,-7.775574446221976,-7.425848482173805,16.30471,1.66298,83.5552
125,23,0.5252,0.4748,CV,12.1565,12.1391,-18.415503826840066,-18.001215846265513,0.17912,4.0169,22.8725
125,20,0.5541,0.4459,CV,10.5836,10.5064,-18.067547909301112,-17.982354118138442,-1.82756,-0.28738,34.1294
125,15,0.5,0.5,CA,40.8031,40.8022,-16.022214743966952,-15.998901280942542,0.82538,-0.2176,50.1266
126,5,0.6188,0.3812,CV,0.4565,0.46,-4.4058935507421255,-4.415402457495691,-0.00258,-0.01849,19.358
126,14,0.6149,0.3851,CV,9.4361,9.2825,-16.518291278095273,-16.519782962607408,2.31291,-1.15216,552.9772
126,16,0.6182,0.3818,CV,3.57,3.5721,-5.965570297853576,-5.972409606984024,-0.00455,0.04441,31.5127
126,19,0.6101,0.3899,CV,6.7487,6.7083,-11.709102248711606,-11.691777432577275,0.24104,0.76484,40.9716
126,1,0.6177,0.3823,CV,29.4528,29.5544,-21.20521968404403,-21.21462974322015,0.4888,-1.7546,523.0734
126,18,0.5867,0.4133,CV,22.7094,22.6281,-40.01999630443906,-39.926864529951914,-2.17256,-0.69835,62.3633
126,22,0.6059,0.3941,CV,46.0325,45.9676,-22.545089836090376,-22.508431265480624,3.69863,-2.73108,1064.4548
126,6,0.6185,0.3815,CV,1.7934,1.7921,-4.765137711836121,-4.772885610524113,0.02407,0.04417,21.945
126,7,0.593,0.407,CV,10.4932,10.442,-40.10291846861345,-40.055055504117206,2.52019,-1.27712,46.5831
126,24,0.4683,0.5317,CA,7.3094,6.7096,-8.924580103764558,-8.510469220034258,18.55882,3.00873,86.0515
126,20,0.5731,0.4269,CV,11.0226,10.9434,-14.121548369024184,-14.036005838332391,-1.90106,-0.68101,35.6518
126,15,0.5776,0.4224,CV,8.4333,8.4606,-8.229030750208214,-8.239858679580225,0.19256,-0.32911,47.4196
126,23,0.5302,0.4698,CV,4.7991,4.5973,-7.178678459407108,-6.961094289979625,0.01341,4.30154,22.0661
127,5,0.6188,0.3812,CV,0.4271,0.4264,-4.373698674408187,-4.382925974092381,-0.01856,-0.03321,19.2663
127,14,0.6149,0.3851,CV,11.8402,11.7024,-12.102032282830692,-12.100641468795665,2.26657,-1.10743,538.4003
127,16,0.6184,0.3816,CV,1.5022,1.4981,-5.240951504899273,-5.249686206998614,-0.10824,0.04252,31.3541
127,19,0.6081,0.3919,CV,8.3809,8.3473,-10.01813762036382,-9.995429489516441,0.34187,0.9472,40.0936
127,1,0.6147,0.3853,CV,28.9574,28.9457,-12.440196751158073,-12.43395552730611,-0.44615,-1.90921,495.1861
127,18,0.5549,0.4451,CV,34.7115,34.5756,-36.56569839021358,-36.358426250927295,-3.48297,-0.99883,69.0483
127,22,0.5981,0.4019,CV,38.3783,38.0962,-12.969705868423873,-12.911179636779966,5.77658,-3.29375,992.4343
127,6,0.6181,0.3819,CV,1.3111,1.3037,-4.815443321693353,-4.822580169486746,0.02484,0.03735,22.1357
127,7,0.6037,0.3963,CV,6.0244,5.9698,-18.37013874128997,-18.353894376171425,1.86738,-1.26099,44.5988
127,24,0.5657,0.4343,CV,2.3852,2.0384,-9.381613047815096,-9.38911992239705,14.18335,2.91857,83.4502
127,23,0.4351,0.5649,CA,8.8864,8.6771,-12.971522556958336,-12.364715237608024,0.03519,6.39703,22.1157
127,20,0.5754,0.4246,CV,11.9361,11.8368,-12.687904587491218,-12.583989956895564,-1.98545,-1.06786,37.118
128,5,0.6188,0.3812,CV,0.284,0.2854,-4.395116667099245,-4.404569471195653,-0.01569,-0.00081,19.2238
128,14,0.6153,0.3847,CV,11.5074,11.3913,-11.141985513920044,-11.14221745183022,2.27919,-0.72796,528.9756
128,16,0.6188,0.3812,CV,0.7163,0.7186,-5.104627908234515,-5.114797711653882,-0.10089,0.03012,31.5186
128,19,0.6063,0.3937,CV,7.3674,7.3177,-10.236514243104189,-10.208822976369948,0.549,0.98933,40.1762
128,1,0.6044,0.3956,CV,34.9649,34.8795,-16.33900796237373,-16.293666021701803,0.37897,-1.73588,455.0599
128,18,0.5419,0.4581,CV,29.8435,29.636,-33.61054955291453,-33.397189835657045,-4.44278,-1.20001,76.3786
128,22,0.5983,0.4017,CV,29.9977,29.6592,-29.67828055769591,-29.631998006566036,6.43945,-3.1978,939.7766
128,6,0.6185,0.3815,CV,0.5417,0.5459,-4.662340285277384,-4.671255866565448,0.03676,0.00048,22.0263
128,7,0.5988,0.4012,CV,7.3887,7.3128,-20.620301462314817,-20.56791343642679,1.87597,-1.27399,42.0751
128,24,0.6148,0.3852,CV,3.0787,3.1176,-11.404337574988158,-11.474581070807604,8.27866,2.53441,77.3315
128,23,0.4089,0.5911,CA,9.101,8.8387,-12.192010540664015,-11.613778216648747,0.08591,8.39944,24.3665
128,20,0.5739,0.4261,CV,12.5,12.4057,-11.087478524008562,-10.974050277468024,-1.97155,-1.51106,36.969
128,15,0.5,0.5,CA,18.4392,18.4375,-15.300499983778996,-15.257408875987103,-1.05344,-0.60709,52.6093
129,5,0.6188,0.3812,CV,0.4745,0.4745,-4.383918155719297,-4.393291900056325,-0.00933,0.03235,19.1887
129,14,0.6088,0.3912,CV,27.9231,27.7983,-15.877932426546547,-15.850291700308112,3.61716,-0.67312,516.0176
129,16,0.6189,0.3811,CV,0.9197,0.9224,-5.138660686032697,-5.148552162211593,-0.07001,-0.00551,31.7158
129,19,0.6098,0.3902,CV,6.707,6.6818,-15.135426654633186,-15.125368271545085,0.19905,0.88802,41.9055
129,1,0.6024,0.3976,CV,19.8586,19.6744,-14.863711585536741,-14.825578166404759,1.71518,-2.01111,431.9566
129,18,0.4868,0.5132,CA,42.2707,42.0245,-49.001709098233746,-48.58649028174209,-6.96031,-1.89578,82.1679
129,6,0.6175,0.3825,CV,2.9162,2.9128,-5.282493546042363,-5.28703900119376,-0.01629,-0.07275,22.6022
129,7,0.5724,0.4276,CV,10.7945,10.6937,-17.523944509422257,-17.3701891572778,2.6016,-1.43255,39.8493
129,23,0.4484,0.5516,CA,7.4027,7.0888,-8.470610402833223,-8.090423993577062,0.17812,9.56097,27.5405
129,20,0.5802,0.4198,CV,8.005,7.8765,-7.774969832235659,-7.68926444747665,-1.96885,-1.53198,38.0961
129,24,0.6051,0.3949,CV,11.8228,11.9242,-12.246233287210206,-12.203850438834062,1.94821,0.46709,63.9508
129,15,0.5618,0.4382,CV,13.0092,12.941,-13.193156738721683,-13.1395352899013,-1.53909,-0.51418,53.6979
130,5,0.6187,0.3813,CV,0.8732,0.8723,-4.476481641042722,-4.485372816095682,-0.00392,0.05498,19.3051
130,14,0.6077,0.3923,CV,19.9394,19.751,-12.725380088126379,-12.702692987018587,3.7509,-0.7845,496.9302
130,16,0.6189,0.3811,CV,0.4353,0.4365,-5.143025974614018,-5.1527392433643735,-0.04218,-0.01161,31.5594
130,19,0.6089,0.3911,CV,9.7657,9.7523,-12.124612650683554,-12.105526412277577,0.08898,0.99608,39.7065
130,1,0.6037,0.3963,CV,17.4494,17.2711,-15.26013856297816,-15.229997529771701,2.64643,-2.57856,413.5563
130,18,0.4128,0.5872,CA,40.0403,39.6755,-57.15445637615288,-56.51871449671577,-11.01376,-3.08384,89.992
130,6,0.6178,0.3822,CV,0.8968,0.8851,-4.931893287063459,-4.938816105506542,-0.00652,-0.05131,23.003
130,7,0.5778,0.4222,CV,7.0698,6.9577,-14.180517269512631,-14.087261807047904,2.24908,-1.79637,38.8195
130,24,0.6086,0.3914,CV,15.1972,15.2977,-42.270108049159916,-42.256880178803236,2.94976,1.65898,60.8304
130,23,0.4595,0.5405,CA,7.5597,7.1887,-8.322963248705008,-7.931953447818723,0.30225,10.95767,31.7051
130,20,0.5971,0.4029,CV,4.2749,4.1663,-7.8252186643303805,-7.800606349912361,-1.47918,-1.33666,39.7603
130,-23,0.7,0.3,CV,1.5114,1.5114,-5.619437271601151,-5.619437271601151,0.0,0.0,18.3911
131,5,0.6186,0.3814,CV,1.3837,1.3845,-4.514504400621624,-4.5233344235818755,-0.04676,0.06888,19.0571
131,14,0.609,0.391,CV,14.9019,14.7014,-11.184325310371237,-11.168924091278393,3.50535,-0.83542,478.2373
131,16,0.6187,0.3813,CV,1.4676,1.4657,-5.201226344382328,-5.20997731587308,-0.11612,0.03749,31.4344
131,19,0.6117,0.3883,CV,3.5039,3.4544,-17.252166521946855,-17.246009823187222,0.18815,0.86324,39.0491
131,1,0.6021,0.3979,CV,16.3599,16.1216,-17.718638994326483,-17.680191205109494,3.09065,-2.58311,388.8786
131,18,0.3305,0.6695,CA,34.5239,33.9759,-56.23521138712918,-55.350739341707104,-18.08966,-5.02566,106.1604
131,6,0.6184,0.3816,CV,2.2173,2.2264,-5.11053341722752,-5.119743132202075,-0.04787,0.0302,22.7013
131,7,0.5652,0.4348,CV,10.1181,9.999,-13.303266279001248,-13.150767959755921,2.50731,-2.11864,39.4199
131,24,0.6107,0.3893,CV,12.6761,12.8195,-14.454240961093024,-14.444438422221541,-1.59976,0.03744,48.9196
131,23,0.5116,0.4884,CV,5.0106,4.6559,-6.111877624778187,-5.913666748810879,0.41596,10.79522,34.7312
131,20,0.5985,0.4015,CV,7.4142,7.3241,-10.07636095179764,-10.032279843524393,-1.47299,-1.17605,42.0704
131,25,0.6456,0.3544,CV,4.1534,4.1534,-5.834143176506892,-5.836850236603393,0.04252,-1.68886,24.3631
132,5,0.6187,0.3813,CV,0.4069,0.4023,-4.324650198600165,-4.33395230424729,-0.03962,0.05154,18.9153
132,14,0.6131,0.3869,CV,7.8017,7.6188,-10.547165448457292,-10.547100909037207,2.84997,-0.59235,464.458
132,16,0.6187,0.3813,CV,0.4346,0.4282,-5.417692502090327,-5.426963564407676,-0.09419,0.03642,31.3678
132,19,0.6127,0.3873,CV,6.1003,6.0883,-14.520774598171037,-14.514780337342906,-0.36517,0.70677,38.1998
132,1,0.6093,0.3907,CV,7.1343,6.8864,-11.727716430410686,-11.721509690237099,2.35341,-2.16809,365.4286
132,18,0.2404,0.7596,CA,31.6469,30.853,-53.42415932632782,-52.21118017645679,-31.23936,-8.38699,132.4571
132,6,0.6184,0.3816,CV,1.4295,1.4286,-4.953796097941481,-4.962042622005916,-0.02241,0.03759,22.4973
132,7,0.554,0.446,CV,11.5696,11.4167,-11.934374228273457,-11.7548074081113,2.97123,-2.10952,40.8445
132,24,0.5953,0.4047,CV,20.3333,20.3917,-34.54895212872886,-34.47185878425188,-0.41463,0.82397,48.8844
132,23,0.5368,0.4632,CV,4.6451,4.3363,-6.632935121180003,-6.461444393207705,0.50385,10.20468,36.7917
132,20,0.5988,0.4012,CV,8.6103,8.5308,-8.612254276470155,-8.567868036700403,-1.65539,-0.82483,43.3535
132,25,0.6329,0.3671,CV,3.2439,3.2233,-8.945899680002107,-8.975604921838167,-3.33337,-1.8625,35.2267
132,15,0.5,0.5,CA,26.9423,26.8985,-20.687816365430766,-20.614663955448165,-1.63709,0.55372,71.1276
133,5,0.6189,0.3811,CV,0.0719,0.0686,-4.303403874245252,-4.313186662132052,-0.02349,0.03183,18.8519
133,14,0.6132,0.3868,CV,12.1638,12.015,-10.133678563112422,-10.127694540815213,2.81886,-0.53149,450.6656
133,16,0.6188,0.3812,CV,0.6255,0.6263,-5.256007463337588,-5.2653768653106185,-0.05655,0.02435,31.4985
133,19,0.617,0.383,CV,1.8987,1.8924,-5.2167934812869055,-5.2274803336716325,-0.08091,0.4798,37.282
133,1,0.616,0.384,CV,12.7328,12.7696,-10.684958571456997,-10.696465694547792,0.22613,-1.8751,342.4621
133,18,0.2093,0.7907,CA,26.0355,24.901,-23.924805897885506,-22.65901401232284,-50.76147,-12.61859,170.4302
133,6,0.6187,0.3813,CV,0.9442,0.9501,-4.735493793514178,-4.745264991358277,0.01132,0.00182,22.8326
133,7,0.57,0.43,CV,8.196,8.0625,-7.922612052900107,-7.824291301990953,2.82981,-1.96086,39.4054
133,24,0.5828,0.4172,CV,11.7683,11.6711,-13.82498506294735,-13.718640829990752,-0.14883,0.77126,49.0669
133,23,0.5797,0.4203,CV,1.9771,1.653,-5.175094416520488,-5.141569658588239,0.51881,7.99332,38.0447
133,20,0.586,0.414,CV,14.1543,14.0811,-11.794196636709593,-11.696212473571432,-2.19405,-0.51214,42.9267
133,25,0.6259,0.3741,CV,2.7424,2.5818,-10.595678088737433,-10.614255037563044,-3.88649,-3.0186,41.8096
133,15,0.5717,0.4283,CV,5.9378,5.8253,-9.298061236738032,-9.284555752305977,-1.47803,0.50389,69.7625
134,5,0.6187,0.3813,CV,1.348,1.3459,-4.384781464621559,-4.393550182242393,-0.03443,0.01666,18.4923
134,14,0.6097,0.3903,CV,19.4921,19.3502,-10.780917970931942,-10.760255855700068,3.36881,-0.29389,439.814
134,16,0.6187,0.3813,CV,0.8619,0.8606,-5.215002364411023,-5.223950597327327,-0.02571,0.01311,31.7414
134,19,0.6157,0.3843,CV,7.3499,7.3587,-21.50306190358984,-21.502103268072872,0.56081,0.28589,37.0898
134,1,0.6143,0.3857,CV,18.579,18.5778,-11.473969758917681,-11.468468189984028,-1.70049,-1.18538,321.4977
134,18,0.3266,0.6734,CA,13.0696,11.6565,-12.163723876401836,-11.54717237762016,-61.09606,-14.23092,202.4355
134,6,0.6187,0.3813,CV,1.3662,1.3668,-4.994005713456107,-5.003009543907887,-0.08024,-0.03252,23.0676
134,7,0.5991,0.4009,CV,1.7352,1.6281,-7.585513441084819,-7.584055250752975,1.90896,-1.47077,39.1149
134,24,0.5906,0.4094,CV,8.3133,8.2031,-9.61608291643493,-9.560408700593614,-0.11301,0.61715,49.6472
134,23,0.6157,0.3843,CV,2.4635,2.5182,-4.959302693931188,-5.012959126884874,0.3212,4.61587,37.9946
134,20,0.5664,0.4336,CV,14.462,14.3445,-13.696337170876724,-13.53681356488105,-2.88202,-0.45831,43.7406
134,15,0.5992,0.4008,CV,5.0452,4.9741,-7.699514227352732,-7.695921436491723,-1.06857,0.50976,73.7453
135,5,0.6189,0.3811,CV,0.4571,0.454,-4.211854205585097,-4.221801809396965,0.00351,0.00642,18.2711
135,14,0.6121,0.3879,CV,15.1956,15.0987,-11.194981045592101,-11.189412616749582,2.67497,0.22956,437.9183
135,16,0.6187,0.3813,CV,0.4065,0.4042,-5.2124156199235605,-5.221385450748367,-0.00479,0.0273,31.8531
135,19,0.6075,0.3925,CV,16.6447,16.6702,-17.89608515971714,-17.862449162516487,-0.83251,0.46264,37.7186
135,1,0.6067,0.3933,CV,21.9063,21.8236,-11.498564070549133,-11.46372396920447,-2.95927,-0.70698,306.3481
135,18,0.5517,0.4483,CV,4.9456,5.5436,-11.563904381181278,-11.71427662685091,-45.08881,-9.69479,226.8138
135,6,0.6187,0.3813,CV,0.4782,0.4735,-4.874851446716437,-4.883997525803582,-0.07731,-0.03253,23.1838
135,7,0.6184,0.3816,CV,4.1579,4.2372,-11.649069720052458,-11.685575888461077,0.58507,-0.80605,38.3622
135,24,0.6055,0.3945,CV,3.0591,2.978,-6.2926146368986435,-6.287796127310483,-0.01067,0.52347,49.9457
135,23,0.6256,0.3744,CV,2.6831,2.7392,-5.151359556035587,-5.194171223065705,0.2302,2.19774,37.0174
135,20,0.5403,0.4597,CV,16.575,16.4195,-20.666730011084468,-20.430201709540608,-3.8337,-0.4222,45.6807
135,15,0.6119,0.3881,CV,1.5132,1.519,-6.927912545710296,-6.936941319622042,-0.68369,0.21991,77.3345
136,5,0.619,0.381,CV,1.1586,1.1619,-4.30114135919953,-4.311215758572309,-0.06023,-0.02483,18.2597
136,14,0.6167,0.3833,CV,4.898,4.9109,-17.0353865867843,-17.045813694918472,1.70335,-0.08102,422.9874
136,16,0.6187,0.3813,CV,0.9392,0.9426,-5.286861757524751,-5.296043251820538,0.00831,-0.02492,31.7237
136,19,0.5992,0.4008,CV,10.0888,10.0338,-9.476260034379017,-9.420183392101091,-1.11723,0.65656,37.4887
136,1,0.5996,0.4004,CV,22.5569,22.403,-11.17195637289556,-11.118354221847238,-3.62868,-0.43846,295.4788
136,18,0.0224,0.9776,CA,36.1831,34.6494,-37.9968354866087,-33.84495435635607,-115.49146,-23.85101,280.4261
136,6,0.6184,0.3816,CV,2.7652,2.7683,-5.10845177137921,-5.1163122542150825,0.11206,-0.0723,22.9506
136,7,0.6201,0.3799,CV,3.6758,3.6965,-7.787391452419088,-7.802759505565788,-0.09424,-0.43454,37.5262
136,24,0.6147,0.3853,CV,4.403,4.4268,-6.431347031450783,-6.443088130144179,0.1129,0.46543,49.3145
136,23,0.6267,0.3733,CV,2.873,2.9074,-5.32549630308504,-5.358345978372631,0.21846,1.06166,34.4759
136,20,0.5256,0.4744,CV,15.2877,15.0817,-25.80269960969962,-25.545003982305975,-4.72749,-0.34234,47.8951
136,15,0.6149,0.3851,CV,6.3856,6.3692,-7.563605353685489,-7.566826912679111,-0.33231,0.13269,83.6165
136,25,0.5,0.5,CA,5.6831,5.7764,-8.553320820891287,-8.624597133024684,-0.73233,0.9931,44.3319
137,5,0.619,0.381,CV,0.4135,0.4112,-4.215066910416551,-4.224929863690224,-0.05086,-0.02603,18.0392
137,14,0.6174,0.3826,CV,5.7839,5.723,-20.292270150585885,-20.29890896287423,1.2544,-0.1835,415.6836
137,16,0.6187,0.3813,CV,0.4222,0.4209,-5.2162094202443745,-5.225388751777395,0.01595,-0.03094,31.6958
137,19,0.5359,0.4641,CV,25.3697,25.3131,-63.660458952362156,-63.35824937140983,-2.6858,0.45451,35.7278
137,1,0.5961,0.4039,CV,21.3814,21.1924,-11.428171498069378,-11.370785333688884,-3.9948,-0.04264,283.4557
137,18,0.4991,0.5009,CA,6.9243,8.4524,-32.59013288295067,-32.95930392703503,-97.98092,-17.6388,235.5129
137,6,0.6186,0.3814,CV,0.7636,0.758,-4.661702460842365,-4.670720073193764,0.11717,-0.05977,23.0313
137,7,0.6193,0.3807,CV,6.8271,6.8471,-12.278428997861223,-12.288157101609565,0.37194,0.05015,37.1695
137,24,0.617,0.383,CV,6.0258,6.0397,-6.970816250989363,-6.978420611868884,0.33968,0.32102,48.5229
137,23,0.6206,0.3794,CV,2.5921,2.5594,-5.1011339703461,-5.106464844437992,0.14526,1.13243,32.4018
137,20,0.526,0.474,CV,13.1157,12.8722,-27.526445157408553,-27.291524463947088,-5.41978,-0.24287,51.1004
137,15,0.6173,0.3827,CV,2.6585,2.6715,-8.58393698636411,-8.592782369659616,-0.06734,-0.01322,88.144
137,25,0.584,0.416,CV,0.827,0.807,-7.138224843366618,-7.17535410932169,-0.66061,0.78516,39.4918
138,5,0.6187,0.3813,CV,1.4627,1.4643,-4.441672403181721,-4.450579298048064,-0.00414,-0.04324,18.1322
138,14,0.6161,0.3839,CV,12.5267,12.4602,-17.282209543411852,-17.282294501290814,1.43086,-0.54189,412.46
138,16,0.6188,0.3812,CV,0.2636,0.2616,-5.604760341996759,-5.614127248589482,0.02007,-0.02491,31.7284
138,19,0.5972,0.4028,CV,4.0161,4.0988,-10.687886301803843,-10.72756236825286,-1.50728,0.08307,34.8138
138,1,0.5967,0.4033,CV,17.9393,17.732,-10.647196336360349,-10.597539260120302,-4.01904,0.17016,274.2071
138,18,0.718,0.282,CV,10.832,13.265,-40.03423276013445,-40.667685298819606,-11.76878,0.58894,220.2837
138,6,0.6188,0.3812,CV,0.1797,0.1733,-4.653268796636997,-4.662940790498175,0.08145,-0.03921,23.1158
138,7,0.6162,0.3838,CV,5.6469,5.6363,-10.331473917383853,-10.32896994233134,0.25952,0.36198,37.3723
138,24,0.6139,0.3861,CV,8.1389,8.1268,-8.301673312668893,-8.292896866384693,0.58453,0.23381,47.2961
138,23,0.6204,0.3796,CV,3.6197,3.6255,-5.547314631311367,-5.560974917828466,0.10089,0.65286,32.0105
138,20,0.5051,0.4949,CV,21.7349,21.5156,-27.476571048781583,-27.1571833540311,-6.51799,-0.49736,59.2728
138,15,0.6182,0.3818,CV,3.694,3.711,-10.643863635253451,-10.652933969697195,0.02127,-0.15538,90.5592
138,25,0.6057,0.3943,CV,2.6755,2.6271,-6.825259063952542,-6.830694121264157,-0.4233,0.76874,37.3839
139,5,0.6188,0.3812,CV,0.5582,0.5613,-4.282937211238657,-4.292527535508558,-0.00968,0.01078,18.0055
139,14,0.6144,0.3856,CV,18.5786,18.5321,-17.653452049057936,-17.648314292742363,1.86918,-0.86474,394.1463
139,16,0.6188,0.3812,CV,0.4182,0.4163,-5.172691086208884,-5.1820798703430455,0.02189,-0.041,31.7599
139,19,0.6118,0.3882,CV,15.175,15.2546,-20.390082733807706,-20.401640907304362,0.93616,-0.17576,35.2276
139,1,0.5988,0.4012,CV,16.2253,16.0191,-9.800437226207695,-9.758329239945628,-3.87879,0.28557,269.2436
139,18,0.5282,0.4718,CV,15.0729,14.7985,-13.17885779253637,-12.667071383640039,-33.13946,-2.0679,181.2509
139,6,0.6189,0.3811,CV,1.3872,1.3917,-4.766364942736904,-4.776072073089296,-0.04935,-0.02203,23.1407
139,7,0.6156,0.3844,CV,4.8519,4.8398,-6.227344789579677,-6.226990254780788,0.21276,0.49552,36.117
139,24,0.6059,0.3941,CV,9.8084,9.7693,-11.073817632550671,-11.03625740462909,0.90074,0.21581,45.6578
139,23,0.6179,0.3821,CV,2.847,2.8224,-6.697108807430559,-6.700150531722938,0.20591,0.58562,31.3467
139,20,0.4897,0.5103,CA,20.4384,20.0892,-34.21946382143257,-33.8687882962152,-8.16088,-0.23712,66.8989
139,15,0.6183,0.3817,CV,3.8128,3.8161,-12.502859698471223,-12.51083445155058,0.21237,0.04071,94.6218
139,25,0.6086,0.3914,CV,3.7029,3.6405,-7.47700377032463,-7.462757720604845,-0.44838,0.68934,36.1229
140,5,0.6187,0.3813,CV,1.5519,1.5533,-4.418396531772219,-4.427132545989263,-0.04897,0.0423,17.5872
140,14,0.6081,0.3919,CV,25.4048,25.3275,-13.646410089579428,-13.617000359787662,2.35385,-1.02381,364.8469
140,16,0.6188,0.3812,CV,0.6273,0.6278,-5.37286015917205,-5.382203536823604,0.02219,-0.03287,31.976
140,19,0.6022,0.3978,CV,7.6868,7.635,-13.137936873512537,-13.08806929284955,1.37574,-0.31385,34.9934
140,1,0.6016,0.3984,CV,14.1872,13.9828,-9.45423829233551,-9.420912974590879,-3.65669,0.34256,263.3955
140,18,0.5584,0.4416,CV,22.873,23.8085,-17.476486907931267,-17.368330933716372,18.92827,5.34246,179.1578
140,6,0.6188,0.3812,CV,0.5364,0.5338,-4.6719342569514675,-4.6813007383117275,-0.06654,-0.01018,23.1522
140,7,0.6147,0.3853,CV,6.9584,6.961,-8.0047336904714,-8.001439175620398,-0.23622,0.41632,34.0436
140,24,0.6029,0.3971,CV,7.3324,7.2682,-10.11947329548348,-10.080912374918693,1.04544,0.07409,44.4716
140,23,0.6199,0.3801,CV,4.8073,4.8354,-6.98586941614864,-7.001204815668844,0.02621,0.06173,29.5636
140,20,0.5038,0.4962,CV,15.8938,15.5002,-38.21706154177135,-37.94465105365077,-9.15313,0.12138,74.1556
140,15,0.618,0.382,CV,4.3922,4.3834,-15.088466594473566,-15.095302215863004,0.3809,0.04532,97.9201
140,25,0.6,0.4,CV,8.016,7.9741,-14.203972329106417,-14.149259330973797,-0.70041,1.12613,34.5204
141,5,0.6171,0.3829,CV,3.0557,3.0515,-4.844620859127208,-4.8470691429333606,-0.06176,0.03563,16.7945
141,14,0.6097,0.3903,CV,19.9288,19.8858,-16.937287046942338,-16.924285645135203,2.73214,-1.37537,362.198
141,16,0.6186,0.3814,CV,1.0932,1.0908,-5.268747451084631,-5.2774803731967515,0.02159,-0.06669,32.2966
141,19,0.5973,0.4027,CV,7.055,6.9791,-19.043039317552445,-18.986758781238613,1.5012,-0.43721,34.7729
141,1,0.6081,0.3919,CV,9.1705,9.0078,-8.861432537665435,-8.850866788826904,-2.86672,0.45817,261.4438
141,18,0.4108,0.5892,CA,21.4408,20.7336,-15.67949969358838,-14.93219015530233,32.23181,8.09865,182.2549
141,6,0.6188,0.3812,CV,0.5478,0.5442,-4.7389461477047705,-4.748186278515195,-0.07721,-0.00268,23.1586
141,7,0.6079,0.3921,CV,8.1282,8.1087,-8.60552818031332,-8.574928978390757,-0.81897,0.38439,32.9742
141,24,0.6006,0.3994,CV,7.0836,7.0124,-9.724465861283736,-9.680717285882713,1.17842,-0.16046,43.3112
141,23,0.6026,0.3974,CV,10.965,10.9594,-17.44097383843966,-17.380513331065853,0.05804,-0.62637,26.4738
141,20,0.5093,0.4907,CV,15.9149,15.4865,-30.217917926867358,-29.947422833073052,-10.20647,0.32361,85.3323
141,15,0.6181,0.3819,CV,3.6233,3.6206,-12.341190762141629,-12.348952149830062,0.30961,-0.10276,103.2288
141,25,0.5258,0.4742,CV,21.5902,21.5202,-40.22463370305347,-39.88071073999623,-0.70346,2.59612,34.5213
142,5,0.6187,0.3813,CV,0.3557,0.3598,-3.906901021351707,-3.9182276288630464,-0.00697,0.02095,16.5064
142,14,0.6109,0.3891,CV,11.6132,11.452,-12.559016682810782,-12.54828136071507,2.63193,-1.24933,348.431
142,16,0.6185,0.3815,CV,0.8937,0.8903,-5.348984343993413,-5.357565917528205,0.02048,-0.0314,32.6711
142,19,0.5851,0.4149,CV,9.6262,9.5438,-11.95140249052181,-11.851772024946818,1.86475,-0.54023,34.0264
142,1,0.6118,0.3882,CV,45.0257,45.1673,-19.631335859831474,-19.627106163508657,1.92827,0.39579,263.0598
142,18,0.4238,0.5762,CA,22.8346,22.0502,-28.76500236895378,-28.282216744654427,37.03325,9.8996,211.857
142,6,0.6187,0.3813,CV,0.8622,0.858,-4.709200052201607,-4.718047666009896,-0.10542,0.0018,23.1626
142,7,0.5622,0.4378,CV,15.7455,15.6966,-32.66560836898952,-32.456785151558314,-1.52631,1.2273,30.5009
142,24,0.5901,0.4099,CV,9.7775,9.7143,-12.408373223016145,-12.324778268028957,1.02954,-0.6932,40.735
142,23,0.6095,0.3905,CV,5.7269,5.7333,-24.762029093995125,-24.75627298540778,0.52517,-0.02123,25.2272
142,20,0.4687,0.5313,CA,21.9215,21.4297,-38.259256704627035,-37.818092749867695,-13.414,0.74469,96.8136
142,15,0.6185,0.3815,CV,3.8876,3.9029,-13.649182034530686,-13.658449985250492,0.0333,-0.0734,105.9907
142,25,0.5809,0.4191,CV,5.5356,5.51,-17.219874938399457,-17.207049202629243,-0.25954,2.00294,33.2435
143,5,0.6193,0.3807,CV,0.3825,0.3893,-3.926613405275801,-3.93834876565027,0.01676,0.0087,16.2616
143,14,0.6132,0.3868,CV,8.7382,8.612,-10.281178372642394,-10.278707707632481,2.3312,-0.74386,330.9078
143,16,0.6186,0.3814,CV,1.3372,1.3403,-5.334431161199942,-5.343344090016667,-0.06905,-0.01292,32.7068
143,19,0.574,0.426,CV,9.9976,9.8946,-17.035367835374217,-16.908260781446366,2.18598,-0.66942,34.2922
143,1,0.5899,0.4101,CV,40.393,40.2824,-20.029855894935345,-19.9285487884314,4.2696,0.47818,261.1268
143,18,0.4753,0.5247,CA,23.7184,23.1193,-28.59600978208067,-28.303415223069234,36.4855,11.4292,240.0141
143,6,0.6187,0.3813,CV,0.2671,0.2615,-4.668333630063078,-4.6776480189766385,-0.08054,0.00431,23.165
143,7,0.6097,0.3903,CV,21.6091,21.7095,-55.26182283792235,-55.316007327034384,-0.0653,-0.17817,33.1864
143,20,0.4436,0.5564,CA,20.4123,19.8109,-36.036792180107625,-35.55270273075145,-17.21348,1.35203,110.3288
143,15,0.6113,0.3887,CV,19.7723,19.7675,-12.863914155831944,-12.842175485044539,0.94373,0.41555,102.1125
143,25,0.6083,0.3917,CV,4.759,4.7949,-12.327963898396337,-12.348991328861846,0.21727,1.07496,32.0388
144,5,0.6194,0.3806,CV,0.4756,0.4786,-3.9141573592163303,-3.9252122690449434,-0.00043,0.02693,15.9777
144,14,0.6109,0.3891,CV,13.4883,13.3681,-11.069552256048334,-11.053647380478491,2.57627,-0.56364,310.8334
144,16,0.6186,0.3814,CV,1.0206,1.0209,-5.254290311269143,-5.2632401468846925,-0.06265,-0.00302,32.5848
144,1,0.5601,0.4399,CV,45.8511,45.6133,-22.76596543092522,-22.575182171222828,6.41714,0.84072,262.8378
144,18,0.5426,0.4574,CV,18.1032,17.7445,-33.29567650044025,-33.199415545658525,29.10945,10.52179,266.2254
144,6,0.6188,0.3812,CV,1.3177,1.322,-4.80188283857322,-4.811402576032008,0.04337,0.0056,23.166
144,7,0.5861,0.4139,CV,19.795,19.7701,-40.378887119166116,-40.26502056497761,1.01358,-0.65279,36.3117
144,20,0.4449,0.5551,CA,16.9266,16.2375,-27.95071698429554,-27.507655700486158,-20.85135,2.26946,126.5324
144,15,0.6127,0.3873,CV,12.9468,12.9395,-10.479215798223947,-10.47382417190638,1.32696,0.44766,108.3984
144,25,0.6136,0.3864,CV,6.1714,6.1891,-11.415229331190993,-11.418002119244374,0.52803,0.16249,30.4867
144,19,0.5666,0.4334,CV,10.2706,10.1469,-15.104707889999279,-14.963482587079191,2.50339,-0.67631,35.0341
144,-25,0.7,0.3,CV,2.188,2.188,-6.166703663425647,-6.166703663425647,0.0,0.0,28.6203
145,5,0.6191,0.3809,CV,1.0894,1.0905,-4.037474771841572,-4.047219094418238,0.00528,-0.00579,15.8328
145,14,0.6065,0.3935,CV,16.162,16.0295,-11.691596479229121,-11.661112007077666,3.19368,-0.68969,296.2387
145,16,0.6187,0.3813,CV,0.4219,0.4195,-5.192005156845429,-5.201303482980371,-0.03589,0.00232,32.6142
145,19,0.5715,0.4285,CV,8.2076,8.0677,-13.387384912778542,-13.277017965925836,2.58151,-0.61063,35.5901
145,1,0.5288,0.4712,CV,48.1432,47.787,-24.512831830021057,-24.23909835224424,8.94292,1.04613,268.5607
145,18,0.5961,0.4039,CV,28.7955,28.8787,-23.145188479523735,-23.17087944984266,16.79779,6.82719,245.5296
145,6,0.6187,0.3813,CV,0.7612,0.7609,-4.828177424504006,-4.837307640680278,0.03496,0.02914,23.3297
145,7,0.5841,0.4159,CV,15.932,15.8927,-21.55891029208039,-21.47165994305865,1.55245,-0.79449,34.3145
145,20,0.437,0.563,CA,14.7462,13.8735,-21.65373757509386,-21.176359503636295,-25.65234,3.03596,145.3379
145,15,0.6167,0.3833,CV,1.0196,0.9735,-7.663726229892681,-7.6732054983300735,0.84396,0.26038,112.1759
145,26,0.6434,0.3566,CV,7.9138,7.9138,-7.614155442455243,-7.607065399662428,-1.41406,1.43666,40.2968
145,23,0.5,0.5,CA,26.1432,26.1501,-30.201200274868505,-29.94850508353381,-0.71087,1.70201,23.7368
145,25,0.6126,0.3874,CV,5.7449,5.7408,-7.423284484564015,-7.414264905510345,0.61478,-0.42688,29.9504
146,5,0.6186,0.3814,CV,1.4311,1.43,-4.148886989042366,-4.15714260693337,-0.03376,0.08012,15.6513
146,14,0.6089,0.3911,CV,9.6924,9.5239,-9.218175792427047,-9.203871322071501,2.87641,-0.78328,281.0971
146,16,0.618,0.382,CV,3.1771,3.1735,-5.63719645971782,-5.6433913069471515,-0.11069,0.03021,31.9084
146,19,0.5658,0.4342,CV,10.3384,10.2262,-10.052048663270444,-9.91097755711311,2.86584,-0.61927,34.504
146,1,0.4522,0.5478,CA,63.0228,62.5414,-30.190964625525375,-29.65550998397337,14.34493,1.55101,278.4527
146,18,0.1367,0.8633,CA,40.7392,40.1398,-47.7743053091105,-45.489712224949876,52.42785,17.61885,252.4391
146,6,0.6187,0.3813,CV,1.2603,1.2616,-4.9103493129508005,-4.919487380123613,0.02393,0.05077,23.0884
146,7,0.5802,0.4198,CV,17.9845,17.9414,-34.86450685025439,-34.764264953049306,1.65689,-0.09676,37.8924
146,20,0.3928,0.6072,CA,17.5103,16.5753,-22.58663759858031,-21.938568405285906,-33.63857,4.68955,164.9756
146,15,0.6169,0.3831,CV,7.9047,7.8983,-8.231884737255816,-8.236445723102445,0.72835,-0.22746,116.9447
146,25,0.5417,0.4583,CV,23.299,23.301,-43.37643419706225,-43.077780923909195,1.37226,1.74086,28.277
146,26,0.5401,0.4599,CV,17.6193,17.5299,-14.720632318109688,-14.369670076647687,-8.29471,5.75915,68.4563
146,23,0.5437,0.4563,CV,9.1631,9.1073,-13.796301243677089,-13.669428029973023,-0.17899,1.88425,20.9183
147,5,0.6183,0.3817,CV,1.0919,1.0864,-4.279170750568974,-4.286670112740702,-0.02298,0.06924,15.5948
147,14,0.6134,0.3866,CV,7.5303,7.4505,-8.533121927725993,-8.534273818573308,2.21648,-0.13581,261.5546
147,16,0.6184,0.3816,CV,0.9215,0.9072,-5.120133919060318,-5.12915161336049,-0.0823,0.02909,31.5788
147,19,0.5304,0.4696,CV,11.8478,11.6988,-13.157437308810064,-12.882118543915523,3.84543,-0.86547,34.4546
147,1,0.4771,0.5229,CA,33.4223,32.6854,-19.167704426029935,-18.841863237125942,17.16318,1.54462,299.9427
147,6,0.6188,0.3812,CV,0.4704,0.4742,-4.677295594909887,-4.686923518930897,-0.00872,0.01723,23.1212
147,7,0.5758,0.4242,CV,17.224,17.1258,-30.384436594501796,-30.27146537936248,1.83171,0.34033,42.8234
147,20,0.4671,0.5329,CA,9.0031,7.8667,-8.621888288614532,-8.339916908873317,-35.20097,4.31547,189.0593
147,15,0.6185,0.3815,CV,3.456,3.4866,-7.773399160043747,-7.784142555549174,0.2678,-0.23825,119.1946
147,26,0.5561,0.4439,CV,6.9032,6.4148,-7.274091035785253,-7.1395905291925486,-9.4145,6.98709,95.672
147,24,0.5,0.5,CA,24.7262,24.7265,-14.726773053235739,-14.678840018600521,0.8029,-0.43524,48.1454
147,18,0.7404,0.2596,CV,44.2956,45.7856,-38.762132807814076,-40.01947476704626,-16.67058,1.47265,220.93
147,25,0.5619,0.4381,CV,7.0839,7.0045,-12.48959951956849,-12.376341712307129,1.47661,1.33833,26.3103
148,5,0.6184,0.3816,CV,0.51,0.5042,-4.094677925798911,-4.1030168307551005,-0.00518,0.04124,15.5084
148,14,0.6158,0.3842,CV,8.7919,8.7674,-8.727336291462759,-8.731905044316168,1.72301,-0.35437,250.8186
148,16,0.6187,0.3813,CV,0.9252,0.9154,-5.02661364044004,-5.03634065963807,-0.03938,-0.00471,31.2149
148,19,0.5545,0.4455,CV,8.0752,7.9418,-8.616061111377412,-8.489053004878974,3.62647,-1.11262,36.3882
148,1,0.4942,0.5058,CA,29.0331,28.2161,-15.343326199245052,-15.050615097417765,19.78586,1.29103,326.8388
148,18,0.1893,0.8107,CA,47.5933,47.3341,-64.19565575248443,-62.08179060893363,-29.55215,4.78634,174.7788
148,6,0.6188,0.3812,CV,0.5959,0.5952,-4.694408846880007,-4.703924893921436,-0.01295,0.00519,23.0035
148,7,0.5773,0.4227,CV,25.8453,25.8534,-26.455287473979467,-26.35518350931725,2.10271,0.14531,36.2524
148,20,0.5895,0.4105,CV,4.6959,5.1637,-10.327497736993577,-10.433944853258279,-22.33599,3.5986,195.9648
148,15,0.6185,0.3815,CV,3.5164,3.516,-7.737490323180006,-7.745955474847462,0.03319,-0.29916,120.8154
148,26,0.5722,0.4278,CV,5.2456,4.6177,-6.766979701126497,-6.674726722461093,-9.17411,6.60426,115.1834
148,24,0.5744,0.4256,CV,4.4446,4.4117,-6.842081153711984,-6.839764026658161,0.54227,-0.35306,45.0314
148,23,0.5,0.5,CA,6.9332,6.9042,-12.305223894342237,-12.26055498451315,0.34875,1.26821,21.4191
149,5,0.6187,0.3813,CV,1.3569,1.3626,-4.138670166437731,-4.148240416960091,0.00954,-0.02902,15.1416
149,14,0.6128,0.3872,CV,12.0784,11.9966,-10.010184281930814,-9.998645722458319,1.83565,-0.74286,240.5331
149,16,0.6191,0.3809,CV,0.285,0.2814,-4.960331201661835,-4.971030259727955,-0.00523,-0.00865,30.9041
149,19,0.5473,0.4527,CV,9.4807,9.2923,-9.110668131553847,-8.919718171539191,3.95161,-1.46921,37.8022
149,1,0.5185,0.4815,CV,24.4487,23.6063,-11.536079423332565,-11.315992889538922,20.70039,0.609,361.3141
149,6,0.6188,0.3812,CV,0.9289,0.9298,-4.699039531185896,-4.708418867990792,-0.0568,-0.02245,23.0767
149,7,0.5721,0.4279,CV,8.4527,8.3476,-12.034611833290265,-11.911040374859144,2.62067,0.27639,36.5424
149,20,0.6211,0.3789,CV,0.5231,0.6936,-8.95315296813037,-9.015353933598556,-13.30328,2.20867,187.8217
149,15,0.6162,0.3838,CV,14.7143,14.7192,-9.762147960975511,-9.760933713729074,-0.66698,-0.19295,129.0442
149,24,0.6022,0.3978,CV,0.7184,0.6972,-6.354339532731289,-6.359132891690009,0.35733,-0.25331,45.373
149,23,0.5431,0.4569,CV,10.1466,10.0976,-13.013209890860947,-12.883661855030379,1.08204,1.38018,20.8584
149,26,0.6286,0.3714,CV,2.032,2.5137,-7.072564885222295,-7.1922537623643805,-4.73803,3.71579,120.4437
150,5,0.6186,0.3814,CV,0.9831,0.9818,-3.96413841681127,-3.9729070151695423,0.01965,-0.04217,14.7984
150,14,0.6142,0.3858,CV,10.3598,10.3237,-8.853043787689879,-8.852093391426683,1.766,-0.18876,222.4387
150,16,0.6192,0.3808,CV,0.8313,0.8379,-5.049132817260205,-5.059898761534533,0.01657,-0.00524,30.797
150,19,0.5469,0.4531,CV,9.1272,8.9214,-9.017706989892352,-8.835321543196896,4.12137,-1.72456,39.5473
150,1,0.5573,0.4427,CV,15.1901,14.3698,-9.64552617974146,-9.546812523504578,18.32649,-0.26518,390.2486
150,6,0.6188,0.3812,CV,0.3011,0.2983,-4.728574750588759,-4.73798810954919,-0.04825,-0.02148,23.1174
150,7,0.5568,0.4432,CV,9.1671,9.0292,-11.988801973112245,-11.810391702941217,3.32943,0.55367,37.1368
150,20,0.6378,0.3622,CV,10.0157,10.3723,-9.603683967787955,-9.690942527406024,-1.49687,0.22126,168.2998
150,15,0.6169,0.3831,CV,5.7715,5.7516,-13.25830515991504,-13.263403225721099,-0.70975,-0.0725,131.9948
150,24,0.6125,0.3875,CV,1.6702,1.6898,-6.919939212304083,-6.927238360490551,0.20921,-0.15848,46.3386
150,23,0.5609,0.4391,CV,9.3916,9.3187,-12.841875687700904,-12.72223469534114,1.20848,1.28387,22.1517
150,25,0.5,0.5,CA,434.6168,434.5749,-7907.545935278666,-7776.441585644073,45.88131,-0.67442,23.9995
150,26,0.3275,0.6725,CA,30.5663,30.8279,-31.510897181252897,-30.301666256636505,10.7128,-7.40681,117.136
151,5,0.6185,0.3815,CV,1.9774,1.981,-4.27524974870299,-4.283731737209431,0.04878,-0.01393,14.9777
151,14,0.6122,0.3878,CV,18.628,18.6183,-10.879422480332806,-10.867581699798347,1.42745,0.49574,220.6877
151,16,0.6191,0.3809,CV,1.0212,1.0201,-5.010349794526162,-5.020240530374645,0.02899,-0.0261,30.2237
151,19,0.5571,0.4429,CV,8.0839,7.8703,-8.723929678763099,-8.583634965591,4.04764,-1.67479,42.1113
151,1,0.6134,0.3866,CV,11.8285,12.4847,-10.935875252178986,-11.012645943306131,8.42047,-1.12421,402.7397
151,6,0.6181,0.3819,CV,2.8456,2.8456,-5.243926682230861,-5.250199235540329,0.01376,0.00768,23.7592
151,7,0.5533,0.4467,CV,8.6219,8.4651,-12.813942478011487,-12.643937670200911,3.78772,0.49202,38.5265
151,20,0.6179,0.3821,CV,11.997,11.9624,-9.476563915393516,-9.453939169737708,1.71014,-0.74379,144.945
151,15,0.6156,0.3844,CV,10.9383,10.9174,-19.334233447201846,-19.33276705669053,-0.91762,-0.1843,130.4914
151,24,0.616,0.384,CV,1.7354,1.7378,-6.739304006486629,-6.746102947839185,0.18067,-0.03355,48.13
151,23,0.562,0.438,CV,11.2419,11.1755,-13.36295765729384,-13.222177151777743,1.69889,1.19089,21.8029
151,25,0.0005,0.9995,CA,25.1622,22.8099,-34.36232612561121,-26.475677163970758,130.69229,-2.45578,84.6567
151,18,0.5,0.5,CA,39.3434,40.4696,-26.72408299739743,-26.150418905156663,29.8395,-6.8843,105.8038
151,26,0.5406,0.4594,CV,4.0148,4.2396,-5.710233843355631,-5.814647562766134,6.71862,-3.50463,106.3877
152,5,0.6183,0.3817,CV,1.0465,1.0409,-4.1110681921173695,-4.1187580426093,0.07166,-0.009,15.0493
152,14,0.6127,0.3873,CV,10.5282,10.4498,-9.012681636363844,-9.006033379358394,0.96172,0.57655,218.4732
152,16,0.619,0.381,CV,0.2903,0.2866,-4.909432632872354,-4.9194441892908864,0.03505,-0.0203,29.7869
152,19,0.5808,0.4192,CV,9.2387,9.1445,-10.406283998418488,-10.347573575776885,2.96972,-1.69569,45.6119
152,1,0.6226,0.3774,CV,19.5521,19.8508,-16.351940517474848,-16.385462576339204,0.03871,-1.72278,400.3852
152,6,0.6183,0.3817,CV,0.419,0.4115,-4.846929218348407,-4.855293574659608,0.02585,0.01269,23.9819
152,7,0.5682,0.4318,CV,6.2739,6.0925,-11.374801301267,-11.27005144041031,3.56294,0.69171,39.7367
152,20,0.6182,0.3818,CV,4.477,4.3721,-7.357676596331322,-7.365761824250887,1.38968,-0.87498,127.169
152,15,0.6138,0.3862,CV,10.4349,10.3861,-25.058892143446933,-25.051766642529174,-1.04901,-0.35064,129.3802
152,26,0.6374,0.3626,CV,3.3408,3.8178,-5.313136301080944,-5.516624839316059,2.27708,-0.8217,85.3045
152,24,0.617,0.383,CV,3.2985,3.2937,-6.954322348859264,-6.960250984719396,0.23328,-0.02781,49.6
152,23,0.5704,0.4296,CV,7.463,7.3876,-14.51989750063256,-14.411673665906942,1.78853,1.02544,21.1771
152,25,0.0066,0.9934,CA,54.2875,56.914,-164.1647856000894,-159.54861622069228,-49.04389,0.15006,68.3443
152,18,0.3792,0.6208,CA,11.4054,10.6482,-11.074079482599762,-10.278651275611658,35.87859,-9.45303,117.3518
153,5,0.6184,0.3816,CV,0.4698,0.4628,-4.038814168984589,-4.047135803539623,0.06209,-0.01023,15.0127
153,14,0.6137,0.3863,CV,14.2716,14.2528,-9.576342223118306,-9.573019965356544,0.40427,1.26839,209.994
153,16,0.619,0.381,CV,0.2638,0.2638,-4.900619414374306,-4.910651178163356,0.03735,-0.01052,29.4578
153,19,0.6024,0.3976,CV,8.2861,8.2756,-11.897318860221855,-11.89363044220253,1.48034,-1.37824,48.5659
153,1,0.6017,0.3983,CV,28.3491,28.3051,-19.160149846487826,-19.091816574779028,-6.04835,-1.54241,390.1078
153,6,0.6184,0.3816,CV,0.1323,0.1329,-4.823096305429416,-4.831680048565539,0.0227,0.01056,24.0749
153,7,0.5785,0.4215,CV,5.5487,5.3681,-9.350489993598531,-9.266554698621981,3.27754,0.78349,40.2479
153,20,0.6223,0.3777,CV,2.0122,2.0029,-8.200039889198365,-8.22540009940675,1.31282,-0.46085,113.3233
153,15,0.6154,0.3846,CV,7.8054,7.7801,-19.58268297994521,-19.584997643231603,-0.99371,-0.57488,134.167
153,24,0.6175,0.3825,CV,2.5804,2.5697,-6.641804658581042,-6.648251307483248,0.20729,-0.11823,51.305
153,25,0.0,1.0,CA,41.0783,40.0727,-103.03464425054143,-91.55631467324281,-137.75419,2.20708,57.354
153,18,0.5705,0.4295,CV,12.6266,13.0971,-15.312011274217811,-15.465087768903931,14.26549,-8.14993,113.6467
153,23,0.5616,0.4384,CV,12.1981,12.1442,-18.163464749881378,-18.006976869081942,1.7978,1.4081,23.4084
154,5,0.6186,0.3814,CV,1.2885,1.2916,-4.154989092477861,-4.164025875712377,0.07065,-0.01246,14.7182
154,14,0.6148,0.3852,CV,22.2451,22.2985,-12.019122692482435,-12.019287212359849,0.16248,0.36985,187.3205
154,16,0.6189,0.3811,CV,0.9232,0.924,-4.958343152157867,-4.9679195704955825,0.03708,-0.00267,29.3318
154,19,0.6086,0.3914,CV,3.8964,3.7982,-18.5378741003247,-18.528637995925585,1.21249,-0.96927,50.7534
154,1,0.562,0.438,CV,34.7754,34.4248,-16.840545697473587,-16.640053772838268,-10.13976,-1.14955,377.7513
154,6,0.6186,0.3814,CV,0.8265,0.8304,-4.832973092661529,-4.841953624410466,0.01695,0.00738,24.0561
154,7,0.5916,0.4084,CV,4.0735,3.9102,-8.753799078115001,-8.708636535081723,2.73439,0.74185,40.795
154,20,0.6109,0.3891,CV,7.3465,7.2686,-8.480179751905375,-8.451062197066708,2.34393,-0.55632,100.401
154,15,0.6149,0.3851,CV,9.5882,9.5484,-16.21732660558291,-16.215437528539063,-1.0739,-0.48774,141.1205
154,24,0.6161,0.3839,CV,7.9179,7.9155,-8.11714490920502,-8.117201812422277,-0.20459,-0.19068,51.3949
154,23,0.5591,0.4409,CV,10.5052,10.4119,-15.344811596500543,-15.191382689999507,2.30521,1.16601,23.9208
154,25,0.002,0.998,CA,15.8608,13.3108,-23.434839158458846,-17.62305400919703,-158.29608,4.15831,51.2194
154,18,0.4581,0.5419,CA,10.0012,9.4896,-13.189115815044204,-12.616766525886051,23.17625,-10.64558,100.7713
155,5,0.6186,0.3814,CV,0.566,0.5634,-3.9472405943810442,-3.9563157329390117,0.05616,-0.03821,14.5696
155,14,0.6142,0.3858,CV,7.6989,7.642,-7.6858959913998515,-7.681611743935827,0.43739,0.03564,173.2493
155,16,0.6188,0.3812,CV,0.5026,0.4994,-4.953898284401625,-4.9632015124083795,0.03552,0.00248,29.1477
155,19,0.615,0.385,CV,3.5993,3.5976,-20.21789774073957,-20.2263717617413,0.56691,-0.58401,53.0265
155,1,0.5453,0.4547,CV,28.1905,27.62,-14.751416234463642,-14.541237158208759,-12.11382,-0.86061,372.3079
155,6,0.6186,0.3814,CV,0.3942,0.3936,-4.7760008261328615,-4.785081985093724,0.01194,0.00472,24.1313
155,7,0.6037,0.3963,CV,2.6536,2.5192,-7.270565627732578,-7.256619860455894,2.06704,0.58125,41.2564
155,20,0.61,0.39,CV,5.4889,5.3964,-8.15578759699046,-8.139600632040148,2.27062,-0.51218,92.4451
155,15,0.6148,0.3852,CV,7.7095,7.6438,-11.532073310231597,-11.530265541688165,-1.13319,-0.40839,144.7226
155,24,0.6165,0.3835,CV,5.7331,5.7273,-9.027769243772427,-9.03121980369283,0.2473,-0.21658,52.3871
155,25,0.2296,0.7704,CA,4.4268,2.8989,-16.566061580399587,-15.758091256598899,-158.39147,5.35477,47.819
155,18,0.2966,0.7034,CA,12.2171,11.38,-16.977835223863117,-15.871808557257216,35.96025,-15.0973,100.3396
156,5,0.6188,0.3812,CV,0.7004,0.6984,-4.045705750338605,-4.055130675471786,0.04017,-0.01222,14.3654
156,14,0.6189,0.3811,CV,14.7356,14.8115,-10.369722924471578,-10.386183203505853,0.36033,-0.08937,170.3809
156,16,0.6188,0.3812,CV,1.5897,1.5933,-5.0874420106569325,-5.096791372870266,-0.06034,0.00558,28.5731
156,19,0.6175,0.3825,CV,10.559,10.6016,-29.496207985858867,-29.50546834704577,-0.46708,-0.22092,52.3214
156,1,0.5281,0.4719,CV,30.7045,30.0687,-14.86222259811069,-14.607406992240998,-14.51251,-0.73905,374.3719
156,6,0.618,0.382,CV,2.9655,2.9638,-5.234992517268456,-5.24105310939249,-0.01632,0.02749,23.5723
156,7,0.5947,0.4053,CV,7.4081,7.3057,-7.943086989400742,-7.873860496779377,2.30272,0.41971,41.0625
156,20,0.6073,0.3927,CV,7.5318,7.4481,-8.528294434444904,-8.50236143954952,2.159,-0.39897,87.5707
156,15,0.6122,0.3878,CV,15.3957,15.3457,-10.806203476235119,-10.793642029372588,-1.35226,-0.09167,153.9401
156,24,0.6163,0.3837,CV,5.7987,5.788,-7.170794112946529,-7.173103796089817,-0.108,-0.4544,53.5878
156,25,0.8084,0.1916,CV,4.4237,8.1856,-34.89916473914191,-36.41770218620714,-65.83247,3.15459,85.9948
156,18,0.3423,0.6577,CA,7.3273,6.0771,-21.58284969502354,-20.914599827846942,44.25764,-17.82181,103.6898
156,23,0.5,0.5,CA,19.2673,19.1529,-21.869961371906307,-21.50733327935354,3.17438,1.24155,28.4121
157,5,0.6189,0.3811,CV,0.1106,0.1063,-3.840373316504252,-3.8504614962313326,0.02755,-0.00732,14.2221
157,14,0.6147,0.3853,CV,12.5066,12.4779,-8.91281062784264,-8.904722913450392,0.04609,0.28259,167.7013
157,16,0.6188,0.3812,CV,0.3145,0.3107,-4.898589676598329,-4.908106540183995,-0.05228,0.00725,28.2032
157,19,0.6078,0.3922,CV,11.9817,11.956,-28.05569926793241,-28.02066833105758,-1.23315,-0.05976,51.3624
157,1,0.5275,0.4725,CV,26.2978,25.5517,-12.866793500543462,-12.634300063631116,-16.15639,-0.5626,377.1157
157,6,0.618,0.382,CV,1.5889,1.5765,-4.754049489024274,-4.761119674829104,-0.01622,0.02376,23.1848
157,7,0.6016,0.3984,CV,4.0713,3.9601,-6.228547429205223,-6.2009646046202,1.90649,0.41506,40.596
157,20,0.5973,0.4027,CV,10.6967,10.584,-8.52806024434195,-8.464393005472585,2.50195,-0.38108,82.6872
157,15,0.6113,0.3887,CV,18.8966,18.8757,-10.4759877088072,-10.463618602161056,-1.62675,0.1396,149.742
157,24,0.6088,0.3912,CV,11.6188,11.5881,-17.215756212033263,-17.186468971109154,-0.60534,-0.91731,53.6271
157,25,0.6127,0.3873,CV,8.8388,10.0142,-22.429710802460423,-22.120890896908662,39.03983,-1.09941,71.9769
157,18,0.4807,0.5193,CA,6.9728,6.6038,-29.232462766194995,-29.0760710055193,39.40293,-15.25576,99.4688
157,23,0.5178,0.4822,CV,11.6314,11.4581,-19.24710012350601,-19.016203130152817,3.69799,1.341,28.12
158,5,0.619,0.381,CV,1.0537,1.0567,-3.9463257494345307,-3.9562357174176928,-0.03041,0.0166,14.2336
158,14,0.6139,0.3861,CV,9.2917,9.2348,-8.372863482532683,-8.367588527714414,-0.25621,-0.03961,164.3378
158,16,0.6189,0.3811,CV,0.7844,0.7867,-5.0105736912480845,-5.020217346772899,-0.02423,0.00799,28.127
158,19,0.5961,0.4039,CV,16.404,16.3571,-12.637476077608483,-12.568011016888391,-1.86346,0.23351,55.031
158,1,0.537,0.463,CV,21.878,21.0926,-11.335075715143983,-11.141394647303692,-16.90733,-0.23746,381.8886
158,6,0.6186,0.3814,CV,1.0972,1.0926,-4.618734560190758,-4.628625716055746,0.07245,0.01505,23.0047
158,7,0.6119,0.3881,CV,2.3438,2.3115,-6.071740040795607,-6.077568222150013,1.24241,0.38456,40.9492
158,20,0.5995,0.4005,CV,9.7582,9.6637,-9.570171404485897,-9.530253317627636,2.19441,-0.2991,81.9491
158,15,0.6073,0.3927,CV,16.1133,16.0264,-10.406086467151546,-10.377851980132103,-2.13444,0.36229,151.3744
158,24,0.6018,0.3982,CV,13.3622,13.3153,-17.189189288866935,-17.141884597814634,-1.16479,-1.1552,56.0938
158,25,0.312,0.688,CA,7.1559,5.9798,-17.469176066750475,-16.212295465488197,54.16147,-1.64574,76.9985
158,18,0.2744,0.7256,CA,22.3687,23.641,-33.42399345740981,-32.17673703894389,-51.97394,18.1346,107.615
159,5,0.6187,0.3813,CV,1.1192,1.1182,-4.0867498689598065,-4.095368566694934,-0.00789,-0.01045,14.3187
159,14,0.6162,0.3838,CV,11.2687,11.2856,-8.589349018869893,-8.594811277291436,-0.83503,0.17882,155.4781
159,16,0.6184,0.3816,CV,2.3558,2.3553,-5.208321812412416,-5.215860833344977,0.09092,0.00804,28.3509
159,19,0.5938,0.4062,CV,13.8119,13.7497,-31.063705880173053,-31.001993588150594,-1.97344,-0.04113,53.1126
159,1,0.554,0.446,CV,16.7371,15.9293,-10.010605013891874,-9.87204139405707,-16.35936,-0.05383,386.492
159,6,0.6191,0.3809,CV,0.9911,0.9961,-4.575801672912634,-4.586917160772978,0.06902,0.06041,22.9875
159,7,0.6167,0.3833,CV,2.8621,2.8663,-5.748948305243385,-5.75980509041093,0.65954,0.41845,40.8605
159,20,0.6024,0.3976,CV,7.9023,7.7899,-9.579771725807467,-9.54860679552387,2.00591,-0.11289,80.295
159,15,0.6054,0.3946,CV,14.7953,14.6797,-13.560571350947162,-13.530581718900628,-2.40876,0.54289,156.059
159,24,0.5895,0.4105,CV,16.7251,16.6378,-20.630238655794983,-20.54204551703092,-1.72418,-1.37007,59.247
159,25,0.6501,0.3499,CV,3.955,5.5407,-29.528510102730266,-30.111284854054862,19.11364,-0.22772,65.2816
159,23,0.5,0.5,CA,17.238,17.0731,-21.564919038272652,-21.253802596766366,4.19675,1.05933,34.8989
159,-30,0.7,0.3,CV,2.2672,2.2672,-7.226563535510204,-7.226563535510204,0.0,0.0,41.3193
160,5,0.6186,0.3814,CV,0.4888,0.4842,-4.018096582842853,-4.026775841914199,0.00146,-0.01668,14.3186
160,14,0.6155,0.3845,CV,8.5022,8.4742,-8.635845175178956,-8.635393224910532,-0.78507,0.65685,149.9056
160,16,0.6181,0.3819,CV,1.5756,1.5669,-5.180349355397598,-5.187336307616711,0.09799,-0.01397,28.5774
160,19,0.5963,0.4037,CV,8.8806,8.7898,-13.341356613116966,-13.293248940215477,-2.04104,-0.10064,54.4546
160,1,0.5709,0.4291,CV,13.2974,12.5298,-9.399484862894262,-9.304779302015335,-14.83082,0.16642,388.0336
160,6,0.6192,0.3808,CV,0.5655,0.5657,-4.564297005911133,-4.574688769827973,0.072,0.02447,22.8706
160,7,0.6176,0.3824,CV,1.7383,1.714,-5.79537614727206,-5.8025801615618935,0.41745,0.35733,40.9066
160,20,0.5943,0.4057,CV,13.9404,13.8492,-10.197863469488684,-10.12875987451979,2.38994,-0.08849,76.6294
160,15,0.6051,0.3949,CV,16.8899,16.8172,-13.326153677546229,-13.297671993571932,-2.03373,1.0844,151.8171
160,24,0.5502,0.4498,CV,29.9255,29.8108,-31.44165986878185,-31.211149220281,-3.1528,-1.55578,62.6705
160,25,0.6505,0.3495,CV,1.6971,1.6429,-16.58354065095035,-16.68322390155969,10.41905,-0.00956,50.0996
160,27,0.648,0.352,CV,1.9625,1.9625,-6.549414298092254,-6.562702416142801,0.8096,0.06709,55.8806
160,23,0.5182,0.4818,CV,14.083,13.8666,-14.195642382481939,-13.96604524618418,4.65455,1.05842,38.8137
161,5,0.6185,0.3815,CV,1.3535,1.3544,-4.121017104638,-4.129373786548005,-0.03972,-0.08421,14.1611
161,14,0.6134,0.3866,CV,10.478,10.4289,-9.61494811268579,-9.606354082089801,-0.78329,0.86463,149.4284
161,16,0.6186,0.3814,CV,1.359,1.369,-5.256733615651742,-5.266400029920492,-0.00842,0.00925,28.2713
161,19,0.5909,0.4091,CV,11.2756,11.166,-9.038356330657054,-8.964004564225872,-2.34813,-0.10923,56.2172
161,1,0.5816,0.4184,CV,11.9543,11.2518,-8.969233168933437,-8.893753157169199,-13.19485,0.24536,383.375
161,6,0.6182,0.3818,CV,3.0741,3.0757,-5.309925076545565,-5.316470683739298,0.00282,-0.03811,23.3379
161,7,0.6157,0.3843,CV,4.5669,4.5456,-6.185330295136676,-6.183576097048114,0.54916,0.32496,40.1188
161,20,0.6185,0.3815,CV,16.1097,16.2247,-34.274521199927825,-34.318646634230326,0.14706,0.06994,77.8183
161,15,0.6154,0.3846,CV,1.3831,1.4985,-10.469123257408928,-10.484206827933336,-1.10174,0.63862,153.2852
161,24,0.5607,0.4393,CV,15.8882,15.6977,-34.757784491876365,-34.62704494852115,-3.43383,-1.37355,65.8518
161,25,0.5897,0.4103,CV,3.995,3.6977,-11.439218520814826,-11.279514773307454,11.92213,0.00695,41.8372
161,27,0.6031,0.3969,CV,11.2877,11.2625,-11.742447542218693,-11.642379837077527,8.95581,0.9077,85.7134
161,23,0.5356,0.4644,CV,11.8044,11.5588,-11.157856023801877,-10.972220547036867,4.99437,0.99738,42.1714
162,5,0.6186,0.3814,CV,0.421,0.4164,-3.9191737980808985,-3.9279920063798257,-0.03379,-0.07595,14.0773
162,14,0.6145,0.3855,CV,8.0315,7.9945,-12.482048098954976,-12.48144435080938,-0.90588,0.79235,143.6709
162,16,0.6187,0.3813,CV,0.3764,0.3777,-5.093022497959523,-5.102067426047336,-0.02089,0.01367,28.1146
162,19,0.5955,0.4045,CV,8.3195,8.2101,-8.175552522441688,-8.128315631787236,-2.20396,0.11674,55.9368
162,1,0.6071,0.3929,CV,7.2256,7.1492,-10.212575336487465,-10.227277374337197,-8.57371,0.07199,381.6704
162,6,0.6181,0.3819,CV,1.296,1.2864,-4.93960351379522,-4.946661171297587,-0.03619,-0.04251,23.5674
162,7,0.6127,0.3873,CV,5.733,5.7019,-6.702657657290906,-6.690806007490079,0.67824,0.34897,38.9559
162,20,0.616,0.384,CV,10.8259,10.8354,-27.274913069582304,-27.273042849335376,-0.7348,-0.15363,76.7526
162,15,0.6174,0.3826,CV,2.5163,2.4436,-8.60712316416234,-8.615687414646658,-0.8149,0.43135,153.6742
162,24,0.5654,0.4346,CV,15.92,15.735,-41.160815282462345,-41.03426386912571,-3.80033,-1.09556,69.8535
162,25,0.607,0.393,CV,3.5504,3.4401,-8.451144647811187,-8.453808416711615,8.3107,0.20544,38.6462
162,27,0.6025,0.3975,CV,5.6731,5.3418,-10.63972180680157,-10.603610788214223,10.05521,0.30647,108.8997
162,23,0.556,0.444,CV,10.6437,10.4635,-12.185901953694751,-12.05721876143409,4.8759,0.70336,44.0775
163,5,0.6187,0.3813,CV,0.3705,0.371,-3.8859384981867104,-3.8953536307542063,0.00451,-0.05274,14.0376
163,14,0.6125,0.3875,CV,9.7623,9.7011,-16.27528727315169,-16.264495859303835,-1.18323,0.85951,139.4169
163,16,0.6187,0.3813,CV,0.1078,0.1081,-5.053792703616884,-5.063082395273189,-0.00948,0.01269,28.0802
163,19,0.6086,0.3914,CV,6.3861,6.3779,-11.534114687612046,-11.535057602891793,-1.30284,0.07813,54.1377
163,1,0.6249,0.3751,CV,13.687,14.0678,-17.617626757837062,-17.67042806464447,-2.01499,0.32002,364.0854
163,6,0.6182,0.3818,CV,0.7108,0.7062,-4.957193777429317,-4.9652362791861036,0.00617,-0.05312,23.6119
163,7,0.6113,0.3887,CV,5.024,4.9837,-6.813817423143657,-6.800593319624425,0.66937,0.37898,37.7058
163,20,0.6161,0.3839,CV,4.6757,4.6483,-11.880525406251078,-11.88274509595427,-0.62263,-0.35569,75.8029
163,15,0.6147,0.3853,CV,24.3908,24.4276,-14.019285780587712,-14.013449687807633,-0.072,0.4063,167.3533
163,24,0.5453,0.4547,CV,21.3745,21.1703,-54.57141777380246,-54.35648972365029,-4.90299,-1.2213,72.9056
163,25,0.6333,0.3667,CV,1.9303,2.1199,-12.729077613846979,-12.818002766679822,3.49008,0.23831,34.9991
163,27,0.6072,0.3928,CV,4.6409,4.2439,-14.96162785948406,-14.946070929673441,9.0091,1.87693,120.7715
163,23,0.5385,0.4615,CV,13.2996,13.0651,-15.880966806884713,-15.652212436219674,5.69583,0.80866,49.6139
164,5,0.6186,0.3814,CV,0.9242,0.9229,-3.955338725727192,-3.9641082808666104,0.06218,-0.05551,14.0032
164,14,0.6102,0.3898,CV,11.3325,11.2634,-15.4228948400028,-15.405431895704012,-1.52341,0.72355,137.9526
164,16,0.6188,0.3812,CV,0.4079,0.4074,-4.964571863896754,-4.973935064964814,0.00406,0.03396,28.0589
164,19,0.615,0.385,CV,5.4472,5.4558,-22.774834076323458,-22.783237869163386,-0.37215,0.12018,52.4789
164,1,0.6166,0.3834,CV,21.5518,21.6025,-32.55412641488523,-32.54530417024938,2.13782,1.32842,345.6586
164,6,0.6185,0.3815,CV,0.7052,0.7125,-4.892060607946357,-4.901127583663212,0.01217,-0.01896,23.5093
164,7,0.6159,0.3841,CV,2.5554,2.5518,-5.458842957760446,-5.46715287407791,0.48616,0.32696,37.9043
164,20,0.6166,0.3834,CV,5.0785,5.066,-7.682156974795277,-7.686291113293183,-0.44839,-0.23908,77.5047
164,15,0.6174,0.3826,CV,4.2992,4.3162,-8.044602591042993,-8.054056125140702,-0.2795,0.32836,169.7334
164,24,0.4851,0.5149,CA,27.5998,27.3357,-58.99437593104354,-58.56729107195119,-7.32716,-1.78687,76.5482
164,25,0.6309,0.3691,CV,1.7252,1.7297,-10.960786779513697,-11.000427156484017,1.87234,0.21557,31.1417
164,27,0.619,0.381,CV,2.7428,2.3365,-17.77948593780343,-17.807003492257913,6.95945,0.94354,122.2507
164,23,0.5239,0.4761,CV,14.8349,14.5397,-28.819195979344236,-28.557098590438176,6.70412,0.61608,55.8273
165,5,0.6188,0.3812,CV,0.6467,0.6483,-3.8971535199012353,-3.9068096354708515,0.03556,-0.01455,13.8424
165,14,0.609,0.391,CV,10.7118,10.6233,-16.50567660638742,-16.486460723659302,-1.69672,0.59621,136.5311
165,16,0.6188,0.3812,CV,0.6628,0.6625,-4.969242810190761,-4.978697823007804,0.01423,0.02996,27.8568
165,19,0.5979,0.4021,CV,12.2734,12.2488,-26.027826611567754,-25.954892811461228,0.761,-0.13221,48.4702
165,6,0.6185,0.3815,CV,0.3817,0.3801,-4.8548190450382585,-4.863511458289177,0.00808,-0.00595,23.6786
165,7,0.6165,0.3835,CV,3.095,3.0776,-5.760046578004469,-5.764065237709761,0.28512,0.40137,37.1962
165,20,0.6114,0.3886,CV,12.9866,12.9627,-12.449245362507959,-12.430643444869279,-0.93729,-0.64417,76.8997
165,15,0.6175,0.3825,CV,4.2325,4.2092,-8.160536290556168,-8.166709508727722,-0.28647,0.06759,172.3946
165,24,0.4641,0.5359,CA,21.0321,20.6358,-21.226784074008567,-20.80206004698089,-9.71654,-2.32512,84.4229
165,25,0.6132,0.3868,CV,3.3345,3.2664,-7.577595379565549,-7.545098679596288,2.553,0.19624,27.9536
165,27,0.6013,0.3987,CV,6.0016,5.6598,-16.225863104808386,-16.16131479073556,6.95135,0.87206,118.9534
165,23,0.5744,0.4256,CV,7.713,7.5829,-43.30870045580377,-43.27182185306495,5.19175,-0.09374,61.065
165,1,0.6132,0.3868,CV,13.7647,13.676,-35.32741400563404,-35.316245529932786,2.92599,0.52283,322.0788
166,5,0.617,0.383,CV,3.951,3.9531,-5.787419877783213,-5.789407200409334,-0.00015,-0.02247,14.4725
166,14,0.6118,0.3882,CV,6.3071,6.2142,-21.021750154421714,-21.01616777249457,-1.39324,0.62889,135.1098
166,16,0.618,0.382,CV,3.5781,3.58,-5.580331836918298,-5.586433108622041,0.10995,-0.0017,28.6169
166,19,0.562,0.438,CV,11.8659,11.7832,-30.438984627991704,-30.24394752288945,1.81907,0.35832,44.2665
166,6,0.6179,0.3821,CV,3.4657,3.468,-5.390809787512278,-5.396895436251528,0.05055,0.04715,22.9866
166,7,0.6153,0.3847,CV,4.2697,4.2494,-5.903882742932331,-5.901948166036013,0.48249,0.29249,36.3151
166,20,0.6102,0.3898,CV,15.7301,15.7307,-30.797295551960033,-30.78135445267639,0.03789,-1.22223,77.061
166,15,0.618,0.382,CV,4.5792,4.5842,-13.482923934293414,-13.490644675353774,0.06678,-0.07264,176.9291
166,24,0.4229,0.5771,CA,23.3822,22.8968,-17.656233448166027,-17.094431725388816,-13.75766,-2.61997,95.937
166,25,0.6205,0.3795,CV,1.6908,1.6978,-11.828576899312887,-11.853667261489896,1.42812,0.156,25.3715
166,27,0.5499,0.4501,CV,12.1464,11.8128,-18.014588520968545,-17.765603140928533,8.72618,1.79691,114.3806
166,23,0.5683,0.4317,CV,13.1386,12.9404,-38.94271486676958,-38.80804560308657,5.33225,-0.62432,64.9228
166,18,0.5,0.5,CA,69.5593,69.6658,-37.22374616620038,-37.075711558305144,2.22456,0.95759,67.3271
167,5,0.6169,0.3831,CV,1.604,1.5912,-4.89070303023519,-4.89468723499603,0.01323,-0.0162,14.9042
167,14,0.6126,0.3874,CV,7.2931,7.2134,-21.921267963191696,-21.914604509632788,-1.29711,0.69088,132.9685
167,16,0.6182,0.3818,CV,0.8485,0.8372,-5.19323559864797,-5.201178407017114,0.10664,-0.00777,28.907
167,19,0.5905,0.4095,CV,19.1547,19.2788,-39.82856075333994,-39.8030225618905,-2.07084,-0.04141,43.0662
167,6,0.6183,0.3817,CV,1.0368,1.0263,-4.669512901269353,-4.677911823808028,0.01492,0.04383,22.6886
167,7,0.6168,0.3832,CV,1.4385,1.4068,-5.2067942124702995,-5.212963302998144,0.36251,0.24404,35.6999
167,20,0.6129,0.3871,CV,8.7416,8.7276,-85.49002191584795,-85.48719145162855,-0.55052,-0.89086,77.4584
167,15,0.6179,0.3821,CV,11.6589,11.6804,-22.374932383133817,-22.381735208981183,0.25218,0.1772,173.2719
167,24,0.2915,0.7085,CA,30.0756,29.4259,-31.46748241849169,-30.386727502259937,-23.35445,-4.24374,111.1948
167,25,0.6249,0.3751,CV,2.7887,2.8513,-9.701640807749584,-9.73441355762143,0.13695,0.06224,23.7729
167,27,0.5906,0.4094,CV,4.2956,4.1094,-23.59622513391846,-23.588575601550176,6.42816,1.14804,107.9089
167,23,0.5666,0.4334,CV,11.8851,11.6675,-24.856769680485908,-24.723715714400743,5.43065,-0.69924,66.9777
167,-31,0.7,0.3,CV,1.393,1.393,-4.883523024479662,-4.883523024479662,0.0,0.0,11.9916
168,5,0.6176,0.3824,CV,0.4632,0.4509,-4.466553626587284,-4.473540773700868,0.01383,-0.00808,15.0663
168,14,0.6102,0.3898,CV,10.789,10.7116,-21.78376186810704,-21.765946859366178,-1.53909,0.7764,130.8329
168,16,0.6184,0.3816,CV,0.2744,0.2662,-5.141859656592474,-5.150372393757892,0.07932,-0.00616,28.9928
168,19,0.6032,0.3968,CV,5.7507,5.7301,-12.613497276203224,-12.599015744922408,-1.56761,-0.27357,41.7479
168,6,0.619,0.381,CV,0.4838,0.4928,-4.617125273450284,-4.628175706044287,0.02557,0.02906,22.7227
168,7,0.6152,0.3848,CV,4.1307,4.1087,-6.583096523095003,-6.580361448586432,0.4359,0.19776,34.3682
168,20,0.6149,0.3851,CV,11.5105,11.5221,-71.34759925459537,-71.34909803186196,-0.00102,-0.56204,82.3671
168,15,0.6179,0.3821,CV,4.9296,4.9122,-23.748047608035815,-23.755066201387763,0.44548,-0.01719,174.4046
168,24,0.3646,0.6354,CA,14.3466,13.4031,-13.727155723422783,-13.163714447600594,-29.90222,-5.02649,132.4269
168,25,0.6214,0.3786,CV,2.1963,2.1948,-5.36228642195933,-5.373653020380283,0.28482,0.10722,22.6611
168,27,0.6187,0.3813,CV,2.0445,2.2524,-22.96048099846702,-23.010959274882335,3.49133,0.61352,101.7644
168,23,0.5472,0.4528,CV,13.4936,13.241,-18.696107074948824,-18.48724679352569,6.28377,-0.77851,68.876
168,28,0.6481,0.3519,CV,0.8236,0.8236,-4.226593794227241,-4.240079776168929,-0.31584,0.12367,15.9953
169,5,0.6184,0.3816,CV,1.3772,1.3861,-4.367370734365924,-4.376784501906512,-0.00938,-0.00141,14.9549
169,14,0.6082,0.3918,CV,10.9886,10.8969,-21.831442531297903,-21.808870099921265,-1.74203,0.79599,129.4393
169,16,0.6185,0.3815,CV,0.1195,0.1186,-5.126716463456657,-5.135524894183587,0.05353,-0.00328,29.1376
169,19,0.5038,0.4962,CV,21.2716,21.1989,-53.71460835499231,-53.277814331236996,-3.68893,-0.55014,38.178
169,6,0.6192,0.3808,CV,0.2456,0.2502,-4.620222733060992,-4.630814023987268,0.01623,0.01575,22.663
169,7,0.6175,0.3825,CV,1.864,1.8617,-6.055520403751087,-6.064812858909549,0.23961,0.26102,33.8475
169,20,0.6153,0.3847,CV,11.9022,11.9104,-55.49762181637335,-55.49796415600357,0.66284,-0.40336,82.1726
169,15,0.6183,0.3817,CV,9.8286,9.8504,-14.67393909438816,-14.682320474649199,-0.39698,-0.27597,177.5794
169,24,0.5742,0.4258,CV,3.5516,4.6733,-8.866009398628556,-9.054473484104363,-19.01455,-3.14236,144.9025
169,27,0.6226,0.3774,CV,3.1518,3.1791,-28.25515747078341,-28.28099792688071,1.89707,0.54389,95.7396
169,23,0.5179,0.4821,CV,14.4196,14.1102,-12.499671577289812,-12.200939413464809,7.72848,-0.98459,71.2123
170,5,0.6184,0.3816,CV,0.6798,0.6798,-4.209506508036366,-4.217971197022154,0.01201,-0.0413,15.1299
170,14,0.6058,0.3942,CV,11.9798,11.8771,-20.52821908600974,-20.498647878147153,-1.93824,0.87573,128.6339
170,16,0.6186,0.3814,CV,0.125,0.1267,-5.117998097626092,-5.127012048831635,0.03441,-0.00086,29.301
170,19,0.6057,0.3943,CV,6.9713,7.1354,-24.637504080738275,-24.75898085259559,-1.49894,-0.38592,37.2119
170,6,0.619,0.381,CV,0.9196,0.9216,-4.690621378703435,-4.700502620421043,0.00533,-0.01771,22.6981
170,7,0.6185,0.3815,CV,0.5183,0.506,-5.0443975736025175,-5.054449965245447,0.15194,0.19127,33.3446
170,15,0.6175,0.3825,CV,8.429,8.4115,-16.113172285663637,-16.117671362018363,-0.63958,0.05642,176.3583
170,24,0.5613,0.4387,CV,6.9219,6.1983,-12.154555068292982,-11.991482155342974,-18.65236,-3.0966,146.3336
170,27,0.6107,0.3893,CV,7.6488,7.5623,-19.998497002942027,-19.967842641928065,2.38388,0.44198,91.2466
170,23,0.5394,0.4606,CV,8.935,8.6022,-10.372319593912009,-10.202103230784697,7.5925,-1.17918,73.146
170,25,0.5,0.5,CA,2.6694,2.6656,-5.616374126254867,-5.6271780026344285,0.25649,0.04262,21.4759
170,-34,0.7,0.3,CV,1.6536,1.6536,-5.1472322057512425,-5.1472322057512425,0.0,0.0,16.0161
171,5,0.6182,0.3818,CV,1.7174,1.7166,-4.374328648880874,-4.381848218684146,0.10746,-0.0586,15.1933
171,14,0.6065,0.3935,CV,9.9861,9.8734,-21.94018838538713,-21.91701213252656,-1.85791,0.96166,128.2997
171,16,0.6186,0.3814,CV,1.6344,1.6356,-5.171647959296416,-5.180458316172625,0.02148,0.04747,29.0924
171,19,0.5849,0.4151,CV,21.8632,21.8739,-39.34940269959577,-39.23678872454672,0.05721,-0.57948,40.4464
171,6,0.6185,0.3815,CV,1.7631,1.7607,-4.822262371113912,-4.830013239507086,-0.00249,-0.04348,22.9818
171,7,0.6143,0.3857,CV,7.999,7.9955,-9.575195950221453,-9.566087410550479,0.15011,0.44313,34.4783
171,15,0.6012,0.3988,CV,36.0095,35.9832,-48.20072254498471,-48.13811414915342,-2.80766,0.26799,183.8017
171,24,0.5602,0.4398,CV,13.1672,12.9345,-10.18895773242572,-10.040197555106879,-15.62965,-3.66116,137.4847
171,27,0.5858,0.4142,CV,14.0247,13.9013,-12.598350458299118,-12.48215737642586,3.40529,0.69111,86.4101
171,23,0.5642,0.4358,CV,6.7137,6.4345,-7.054040627134629,-6.953554045564597,6.6712,-1.41438,73.7234
171,29,0.6459,0.3541,CV,3.8029,3.8029,-5.313664325794489,-5.317589271228914,-1.3856,-0.89247,21.1587
171,25,0.5755,0.4245,CV,4.5941,4.6012,-10.777620259259438,-10.779710425346654,-0.19723,-0.06922,19.5879
172,5,0.6184,0.3816,CV,0.5904,0.584,-4.124305675643606,-4.133050214990019,0.09706,-0.04105,15.2729
172,14,0.6038,0.3962,CV,13.1098,13.0057,-22.60140571561661,-22.56572658576031,-2.18242,0.82917,125.9997
172,16,0.6187,0.3813,CV,0.5803,0.5749,-5.012287139285507,-5.021592488439936,0.01324,0.04417,29.0551
172,19,0.5758,0.4242,CV,17.4659,17.3924,-19.754500273467556,-19.63495413773684,1.04071,-0.42272,43.7658
172,6,0.6186,0.3814,CV,0.1995,0.2044,-4.699665130281511,-4.708877154018943,-0.00733,-0.01545,22.9291
172,7,0.6164,0.3836,CV,1.7227,1.7033,-5.4471344648792925,-5.452854531341375,0.08302,0.36829,34.2762
172,15,0.5959,0.4041,CV,23.373,23.2186,-54.725104441018736,-54.664448707590815,-3.35448,-0.06502,187.8146
172,24,0.6246,0.3754,CV,2.3004,2.8612,-8.223438335891286,-8.343301554368495,-7.10058,-2.00306,125.9078
172,27,0.5908,0.4092,CV,8.0736,7.9156,-12.35232275711262,-12.293115073957061,3.0881,0.68185,81.641
172,23,0.6152,0.3848,CV,12.5857,12.8114,-10.415955739587037,-10.490276030358416,0.34235,-1.23377,71.9232
172,29,0.6294,0.3706,CV,3.0484,2.9987,-5.286859601918473,-5.301045874277405,-3.23816,-1.68346,30.6395
172,25,0.6024,0.3976,CV,2.7161,2.7114,-10.306741109228616,-10.310898239053564,-0.3868,-0.12229,19.1869
172,-36,0.7,0.3,CV,1.3916,1.3916,-4.715875920676052,-4.715875920676052,0.0,0.0,11.94
173,5,0.6187,0.3813,CV,0.5001,0.5018,-4.186086965555026,-4.195709587658878,0.06506,-0.02028,15.5061
173,14,0.6063,0.3937,CV,8.5367,8.4131,-24.224887441527244,-24.20359452534423,-2.02994,0.7985,124.4541
173,16,0.6189,0.3811,CV,0.2023,0.197,-4.991829793887467,-5.001629182887459,0.0081,0.03013,29.1006
173,19,0.5901,0.4099,CV,11.0423,10.9817,-9.307664629741987,-9.26011145047381,1.36219,-0.47604,43.3332
173,6,0.6187,0.3813,CV,0.7816,0.7857,-4.6934422743102155,-4.70269972685063,0.01241,-0.00548,22.7051
173,7,0.6182,0.3818,CV,1.9111,1.9279,-5.673223085434279,-5.683602098960052,0.01431,0.17844,33.5212
173,15,0.586,0.414,CV,28.1397,27.9592,-45.20404249299408,-45.11035924452608,-4.20524,-0.3933,190.4025
173,24,0.6297,0.3703,CV,5.1156,5.1367,-18.472229174135965,-18.519374966308533,-4.7178,-0.95556,112.2716
173,27,0.6057,0.3943,CV,2.422,2.2732,-8.802471161422602,-8.797999548155254,2.19866,0.5222,78.3496
173,23,0.5866,0.4134,CV,14.7477,14.7331,-25.50115196950049,-25.38151186149083,3.49308,-1.88615,71.5292
173,29,0.6342,0.3658,CV,3.7545,3.8013,-10.312723843783642,-10.372190749074566,-1.08142,-2.64842,37.7845
173,25,0.6121,0.3879,CV,2.715,2.7104,-6.414395843460961,-6.419705427492574,-0.29963,-0.19404,19.2251
173,30,0.6486,0.3514,CV,1.0846,1.0846,-3.826346119245,-3.84192628451797,-0.32181,0.0,16.0955
173,20,0.5,0.5,CA,84.1033,84.0882,-52.664698056678034,-52.2874031725015,4.08396,-1.71353,83.4956
174,5,0.6185,0.3815,CV,1.2528,1.2499,-4.294467729855375,-4.302516429185711,0.10534,-0.00467,15.8022
174,14,0.6088,0.3912,CV,7.3894,7.2761,-23.79797896907595,-23.78356852858223,-1.80575,0.82299,123.4251
174,16,0.6189,0.3811,CV,0.6135,0.6172,-5.169177822255834,-5.179081694850464,0.00494,0.01725,29.307
174,19,0.5884,0.4116,CV,12.1754,12.0879,-10.940379376048018,-10.86497261911142,1.66453,-0.55321,44.6831
174,6,0.6187,0.3813,CV,0.7737,0.7743,-4.669610592518355,-4.678615765734155,-0.03692,-0.00218,22.7817
174,7,0.618,0.382,CV,2.8083,2.8073,-7.4156794081718695,-7.422670577324826,0.00892,0.12729,32.6359
174,15,0.5796,0.4204,CV,26.6522,26.4257,-27.01523242026158,-26.909714926552997,-4.8925,-0.76985,195.0702
174,24,0.6284,0.3716,CV,4.3908,4.3981,-14.648812774786087,-14.682958075298025,-2.69941,-0.61513,95.9114
174,27,0.6178,0.3822,CV,3.5078,3.5966,-9.015442803920173,-9.039948105671481,0.973,0.38082,76.1312
174,23,0.5763,0.4237,CV,10.8725,10.6867,-14.091952865356907,-13.972020351327018,3.63795,-2.16823,71.636
174,29,0.6093,0.3907,CV,4.304,4.1575,-14.04324202328794,-13.989765904659045,-0.13087,-3.24699,41.7337
174,25,0.6103,0.3897,CV,7.3627,7.3629,-8.792297743735245,-8.775632092484319,0.16871,-0.44093,19.6349
174,20,0.462,0.538,CA,27.7941,27.578,-46.4216337483846,-45.96697205853435,6.20047,-2.19766,76.4243
174,30,0.6455,0.3545,CV,0.9231,0.9221,-3.6613753487898744,-3.741385605909772,-0.96961,0.35229,23.1272
175,5,0.6183,0.3817,CV,1.0383,1.0343,-4.336560764441937,-4.3444898949456965,0.07938,-0.03862,16.1236
175,14,0.6095,0.3905,CV,7.8507,7.7454,-19.239703855227788,-19.22470376792309,-1.72823,0.79614,122.2149
175,16,0.6187,0.3813,CV,1.6097,1.6098,-5.205500519391086,-5.214329050322674,-0.08965,0.0081,29.5962
175,19,0.5918,0.4082,CV,11.9345,11.8688,-17.565497614965217,-17.506506779176252,1.784,-0.73192,44.5004
175,6,0.6184,0.3816,CV,1.5321,1.5313,-4.8320026581181015,-4.840074024598055,0.00442,-0.00118,23.1701
175,7,0.6178,0.3822,CV,2.4977,2.4903,-8.664835893039458,-8.671360182756635,-0.03206,0.01753,31.8186
175,15,0.5622,0.4378,CV,32.5167,32.2663,-24.02524978086112,-23.858068925244876,-6.14123,-1.49158,194.6927
175,24,0.6263,0.3737,CV,6.1157,6.2205,-10.930678020281755,-10.957916369460388,0.82944,0.0284,83.8268
175,27,0.6184,0.3816,CV,2.9252,2.9169,-7.578190680592359,-7.587336981322104,0.60398,0.26662,74.8339
175,23,0.5621,0.4379,CV,12.1153,11.8976,-14.58357126651596,-14.420538881700502,4.06885,-2.4855,70.1282
175,29,0.5975,0.4025,CV,4.3412,4.1452,-15.619087974375693,-15.552943653810411,-0.4436,-2.53458,44.1914
175,25,0.6067,0.3933,CV,6.3404,6.3138,-15.265043966435204,-15.236133309978822,0.04167,-0.65094,19.9238
175,30,0.6529,0.3471,CV,0.2774,0.2401,-3.6667538361815746,-3.7837682842120697,-0.71335,0.28295,26.966
175,20,0.1773,0.8227,CA,37.0536,36.7418,-56.70271527409324,-54.91985407525163,15.72471,-3.22649,81.9159
176,5,0.6186,0.3814,CV,1.9926,1.9985,-4.579257837646125,-4.588466345224418,0.00022,-0.02953,15.908
176,14,0.6069,0.3931,CV,11.6586,11.5676,-14.780782207119017,-14.75396779736643,-1.94159,0.64764,123.141
176,16,0.6187,0.3813,CV,0.8764,0.8752,-5.202372295924096,-5.211500836699571,-0.08276,0.04804,29.5525
176,19,0.6015,0.3985,CV,8.1479,8.0993,-9.332122164001163,-9.308613852149348,1.25518,-0.87277,47.4405
176,6,0.6185,0.3815,CV,1.6655,1.6687,-4.89340328720579,-4.902177960935323,0.03122,0.0881,23.0466
176,7,0.6187,0.3813,CV,0.9081,0.9058,-6.551391113964922,-6.561603294500095,-0.0682,0.06068,31.5122
176,15,0.5411,0.4589,CV,31.5171,31.1811,-16.42540103349304,-16.19823214372366,-7.95813,-1.94744,200.5271
176,24,0.5984,0.4016,CV,10.0655,10.022,-17.319925960306204,-17.23257297650496,3.10942,0.34599,75.8303
176,27,0.6134,0.3866,CV,8.5883,8.5585,-7.8485477686170055,-7.835749710047003,1.07928,0.16864,72.928
176,23,0.5779,0.4221,CV,8.1299,7.9436,-15.934891159885863,-15.857377197001165,3.33077,-2.52382,69.8242
176,29,0.6246,0.3754,CV,7.1636,7.3061,-13.36986431556674,-13.43552519548162,-0.09834,-1.90234,41.4299
176,25,0.6035,0.3965,CV,6.6304,6.5933,-13.857843535849806,-13.820742225296735,-0.07324,-0.77916,20.3469
176,20,0.2905,0.7095,CA,16.0562,15.5133,-17.054444657434054,-16.31358153677295,23.02222,-3.37047,88.1214
176,30,0.6464,0.3536,CV,2.0956,2.1017,-4.467377315072337,-4.544797920925559,-0.35878,0.62567,27.1247
177,5,0.6187,0.3813,CV,0.8396,0.8434,-4.202712472330246,-4.212159652583162,-0.02204,0.01109,16.125
177,14,0.6072,0.3928,CV,9.5273,9.4151,-14.412803008137661,-14.390985638667836,-1.93452,0.58491,122.605
177,16,0.6187,0.3813,CV,0.264,0.2614,-5.063499841114981,-5.072799671285967,-0.05433,0.04015,29.5368
177,19,0.6081,0.3919,CV,6.0469,5.9933,-6.993880535479438,-6.983578948371526,0.77376,-0.89647,50.3098
177,6,0.6185,0.3815,CV,1.7706,1.7714,-4.8353856620392195,-4.843827958228518,0.04748,0.03325,22.6552
177,7,0.6189,0.3811,CV,1.4677,1.4685,-6.527529415072578,-6.5374991714475765,-0.08988,0.11814,31.3831
177,15,0.4166,0.5834,CA,53.0382,52.6165,-32.191786730575686,-31.493377395530228,-13.95805,-3.97447,201.6225
177,24,0.5926,0.4074,CV,7.5631,7.4242,-29.72801521170015,-29.657639954205603,3.11839,0.56293,70.7854
177,27,0.6126,0.3874,CV,6.5037,6.4593,-7.9256300342689086,-7.916702026502618,1.03413,0.36,70.385
177,23,0.4987,0.5013,CA,21.2952,21.0997,-20.263466081071975,-19.843192030194086,5.55709,-3.57566,66.4944
177,29,0.6177,0.3823,CV,3.5452,3.5032,-10.24126309047178,-10.237388680051708,0.18716,-1.23432,38.1514
177,25,0.6022,0.3978,CV,6.6504,6.6119,-9.589768719163914,-9.551874519011086,0.00341,-0.89492,20.352
177,20,0.3911,0.6089,CA,9.1655,8.5395,-11.833606290409637,-11.384076369984184,26.38229,-2.43919,93.1408
177,30,0.6401,0.3599,CV,1.1842,1.1307,-4.307424354500423,-4.366966175457506,0.06867,0.3879,25.5568
178,5,0.6187,0.3813,CV,0.608,0.6067,-4.255614772308644,-4.264742306902111,-0.04973,0.02358,16.3318
178,14,0.6079,0.3921,CV,9.0195,8.9101,-12.20135574555541,-12.181921739056921,-1.8554,0.61477,122.3002
178,16,0.6188,0.3812,CV,0.3591,0.3615,-5.137540085718312,-5.147024929493419,-0.02854,0.00049,29.5734
178,19,0.6033,0.3967,CV,12.0117,11.9539,-9.358994328507986,-9.318867035357666,1.2507,-0.72603,53.384
178,6,0.6188,0.3812,CV,0.9007,0.9053,-4.6432376041707615,-4.6530092321713745,0.05582,0.00965,22.8339
178,7,0.6183,0.3817,CV,2.4231,2.4191,-6.297629381553101,-6.304952228095494,-0.14543,0.15419,31.4953
178,15,0.5016,0.4984,CV,12.7283,12.0615,-9.001420848461864,-8.823977553022244,-13.82725,-4.78622,212.2089
178,24,0.5857,0.4143,CV,8.8299,8.6707,-30.012454668281322,-29.92229808911294,3.17724,0.50136,67.826
178,27,0.6154,0.3846,CV,4.7428,4.7302,-12.39370019194265,-12.397728536458015,0.65531,0.27248,67.1988
178,23,0.5905,0.4095,CV,7.3041,7.4526,-11.332542187156468,-11.398361243999458,2.78433,-2.71803,67.3174
178,29,0.6187,0.3813,CV,1.5938,1.5112,-10.223176557424381,-10.233906605680875,0.17752,-1.001,34.8141
178,25,0.6029,0.3971,CV,5.8423,5.7985,-6.928308093455102,-6.895172219996261,0.10407,-0.89482,21.2402
178,20,0.3845,0.6155,CA,9.1931,8.3485,-8.60824080884267,-7.989830739681572,31.92058,-2.29825,102.221
178,30,0.638,0.362,CV,0.2053,0.2356,-4.023094037548722,-4.0830929388108155,-0.00971,0.18167,23.3262
179,5,0.6188,0.3812,CV,0.4634,0.4655,-4.247804885348939,-4.2572197253159185,-0.00052,0.0257,16.4469
179,14,0.6097,0.3903,CV,7.6371,7.5312,-11.228100119041581,-11.215057120572972,-1.69087,0.59191,122.4535
179,16,0.6188,0.3812,CV,0.6419,0.6427,-5.089180525577236,-5.098482591728389,-0.01024,0.01188,29.7952
179,19,0.6081,0.3919,CV,8.3454,8.3058,-8.724996675991195,-8.712013471051119,1.09923,-0.74361,53.4538
179,6,0.6189,0.3811,CV,0.4824,0.4843,-4.661500921037117,-4.671190743407857,0.01206,0.02265,22.9589
179,7,0.6187,0.3813,CV,2.2032,2.2094,-7.726651414867529,-7.736331915887863,-0.09624,0.05555,30.6356
179,15,0.574,0.426,CV,6.7567,6.5568,-11.63417312874489,-11.627660110711032,-9.84829,-4.47808,214.5892
179,24,0.5656,0.4344,CV,13.5376,13.3758,-19.884384776617114,-19.721963532595492,3.871,0.37509,64.9765
179,27,0.618,0.382,CV,3.0874,3.1041,-8.86458936367954,-8.875754859414938,0.33,0.29237,66.6744
179,23,0.6114,0.3886,CV,8.4863,8.5425,-20.89706537003543,-20.91683735128905,0.53337,-1.83926,66.6622
179,29,0.6243,0.3757,CV,2.0685,2.1093,-8.943238316679402,-8.976154280195294,0.16759,-0.5819,32.2019
179,25,0.599,0.401,CV,7.9146,7.8737,-8.637878187338487,-8.587738153395868,0.19392,-1.05973,21.159
179,20,0.3654,0.6346,CA,12.1054,11.3607,-10.725791526344931,-10.03543093917307,38.94215,-1.7414,118.8367
180,5,0.6187,0.3813,CV,0.638,0.6383,-4.293274412264671,-4.302329012190726,-0.01754,0.00185,16.6863
180,14,0.6125,0.3875,CV,5.5149,5.422,-13.05724523408094,-13.053403177415078,-1.45662,0.40257,121.9799
180,16,0.6188,0.3812,CV,0.2029,0.2015,-5.095553605046798,-5.104834453580096,0.00141,0.00756,29.9313
180,19,0.6105,0.3895,CV,8.1792,8.1544,-8.222961753517241,-8.213233531588205,0.75194,-0.77092,52.4662
180,6,0.6188,0.3812,CV,0.1619,0.1607,-4.656142824281383,-4.66563413619475,0.01644,0.01572,22.9798
180,7,0.6188,0.3812,CV,0.5219,0.5173,-7.907403113900447,-7.91685544968464,-0.08379,0.05161,30.2665
180,15,0.6166,0.3834,CV,6.8725,7.1911,-10.513122517104197,-10.57923627329281,-4.24651,-2.90005,211.9676
180,24,0.537,0.463,CV,16.9987,16.824,-15.001360609858194,-14.752776841523644,4.85604,0.06129,62.1569
180,27,0.6184,0.3816,CV,2.268,2.2639,-11.569379070739362,-11.57833094986311,0.10983,0.29952,65.3704
180,23,0.6097,0.3903,CV,5.6915,5.6105,-24.219445632089155,-24.201446190838183,0.42919,-1.75513,63.7124
180,29,0.6228,0.3772,CV,2.3594,2.3735,-9.740652250850598,-9.758903720682563,0.1453,-0.23381,30.0999
180,25,0.6024,0.3976,CV,5.4603,5.4175,-6.767049908158329,-6.736553488485578,-0.07668,-1.02899,21.5756
180,20,0.5355,0.4645,CV,2.4579,2.1196,-16.139699551672045,-16.170217447463823,30.98885,-0.77715,120.2387
181,5,0.6185,0.3815,CV,1.8738,1.8752,-4.552435578818437,-4.560595870140515,0.00193,0.09405,16.5743
181,14,0.6156,0.3844,CV,2.7078,2.6376,-16.598918359721228,-16.604216272641374,-1.02844,0.34715,122.0694
181,16,0.6185,0.3815,CV,1.4901,1.4884,-5.237213859056112,-5.2454666201929365,0.00808,0.04553,30.3838
181,6,0.6182,0.3818,CV,2.9084,2.9093,-5.098272812800768,-5.105142422229752,0.03039,-0.06714,22.3294
181,7,0.6189,0.3811,CV,1.6674,1.6726,-5.2174127615877905,-5.227202928415976,0.06374,-0.00607,30.0231
181,15,0.6193,0.3807,CV,3.9155,3.775,-9.025751907769546,-9.04050544658434,-2.80397,-2.30499,202.3922
181,24,0.5173,0.4827,CV,14.5176,14.2912,-15.165129144818971,-14.878972915273977,5.88264,-0.08958,60.2741
181,27,0.6181,0.3819,CV,2.768,2.7547,-9.074788738743504,-9.081599558767866,0.18973,0.31506,64.5683
181,23,0.6088,0.3912,CV,4.9253,4.8343,-25.947284781584568,-25.927837490811385,0.49194,-1.64358,60.9475
181,29,0.6185,0.3815,CV,3.1255,3.1123,-12.098469347192786,-12.100806209221677,0.25969,-0.34897,28.0156
181,25,0.6013,0.3987,CV,6.3239,6.2817,-7.059670186180755,-7.019860199741897,0.18402,-1.06781,21.5824
181,20,0.6526,0.3474,CV,8.1656,9.0778,-27.20010128851105,-27.47732377828248,1.46965,1.05866,111.2971
181,19,0.609,0.391,CV,9.19,9.1655,-8.623514207305087,-8.603948724414709,0.48435,-0.42948,50.5548
182,5,0.6186,0.3814,CV,0.6275,0.6234,-4.236851464514838,-4.245860716729313,0.02454,0.06666,16.5514
182,14,0.6157,0.3843,CV,5.6186,5.5657,-12.163807612429341,-12.164750916584232,-0.93809,0.32162,123.4606
182,16,0.6186,0.3814,CV,0.5785,0.5793,-5.164793621851966,-5.173781942813587,0.01179,0.05904,30.4866
182,19,0.6091,0.3909,CV,10.122,10.1165,-9.26382740679037,-9.246760930842473,1.05913,-0.75816,52.5441
182,6,0.6186,0.3814,CV,1.2443,1.2429,-4.568643275118814,-4.577957332743761,-0.06075,-0.09197,22.1726
182,7,0.6189,0.3811,CV,0.7773,0.7799,-5.088175703660701,-5.097902561574959,0.00282,0.03831,29.7569
182,15,0.6161,0.3839,CV,5.5121,5.3454,-8.282061185503716,-8.279291975947864,-2.63991,-2.01439,189.4917
182,24,0.3807,0.6193,CA,23.6623,23.4049,-27.25429729595069,-26.440463449965968,9.85658,-0.80481,58.9419
182,27,0.6186,0.3814,CV,2.2569,2.2696,-9.550950834535236,-9.560750749268287,0.11432,0.06959,64.3351
182,23,0.6109,0.3891,CV,3.577,3.4882,-25.853731183640708,-25.84471278752639,0.48349,-1.37588,58.3328
182,29,0.6187,0.3813,CV,1.7685,1.7656,-8.572197043344541,-8.58142535937638,0.21815,-0.21278,25.9908
182,25,0.6006,0.3994,CV,5.9056,5.8566,-7.291066388288615,-7.249962488828332,0.39494,-1.08234,22.1952
182,20,0.606,0.394,CV,9.7304,9.6698,-33.25127417757382,-33.15653750497914,8.21153,0.32196,98.7976
183,5,0.6187,0.3813,CV,1.3225,1.3249,-4.340824327169068,-4.349999953188506,0.06396,0.04472,16.8691
183,14,0.6163,0.3837,CV,4.1397,4.0844,-11.89707551585691,-11.900571067788004,-0.81824,0.23078,124.446
183,16,0.6186,0.3814,CV,0.2417,0.2427,-5.133805975790145,-5.142854623070008,0.01359,0.03984,30.5663
183,19,0.5884,0.4116,CV,43.9635,43.992,-55.188781055929255,-55.08541231431822,0.8146,0.76958,64.8103
183,6,0.6188,0.3812,CV,0.6872,0.6812,-4.498052454325237,-4.507868057573462,-0.01787,-0.07158,21.9299
183,7,0.6187,0.3813,CV,1.5549,1.5545,-5.09660118491394,-5.1053022630897535,-0.08172,0.06543,29.6931
183,15,0.619,0.381,CV,1.5469,1.3906,-7.382065403162624,-7.396490066552583,-1.82838,-1.29995,177.6412
183,24,0.2135,0.7865,CA,22.33,21.9548,-37.32281400947437,-35.88571508159332,17.5919,-2.51245,59.128
183,27,0.6175,0.3825,CV,4.9736,4.9668,-10.044390756344756,-10.048691706970029,0.30656,-0.04248,64.9635
183,23,0.6122,0.3878,CV,3.7695,3.7026,-29.63145545493184,-29.624713645371603,0.37784,-1.14355,55.2501
183,29,0.6183,0.3817,CV,1.6092,1.6012,-7.262408607834725,-7.2698473713755405,0.20542,-0.10311,24.3023
183,25,0.6063,0.3937,CV,5.6414,5.6206,-7.50852463046322,-7.492060862593043,-0.08526,-0.97639,22.5226
183,20,0.4949,0.5051,CA,13.3585,13.0134,-34.09858881186369,-33.6218784660824,15.18762,-0.4894,92.8825
184,5,0.6188,0.3812,CV,0.6309,0.6347,-4.30169386249707,-4.311398499474499,0.0024,0.02961,16.9206
184,14,0.6104,0.3896,CV,15.9863,15.9379,-10.02252962073005,-9.999936577761488,-1.51417,0.23477,127.0482
184,16,0.6186,0.3814,CV,1.5815,1.5827,-5.278333598280681,-5.287226653887433,0.01448,-0.00513,30.3199
184,19,0.6019,0.3981,CV,35.0295,35.1194,-38.88697601062471,-38.86992072762067,1.41129,-0.46404,53.8175
184,6,0.619,0.381,CV,0.899,0.9023,-4.508662207526981,-4.519039222901861,-0.06074,-0.04541,21.8616
184,7,0.6185,0.3815,CV,1.4908,1.4866,-5.074933970117912,-5.0831352027488315,-0.14537,0.05708,29.3898
184,15,0.6208,0.3792,CV,10.5006,10.5693,-8.342687861953019,-8.360082082978746,-0.11464,-0.66457,171.3551
184,24,0.2737,0.7263,CA,9.424,8.8503,-11.34408209463895,-10.46929388137804,25.44394,-3.15689,61.375
184,27,0.6172,0.3828,CV,3.748,3.7314,-8.093381762182332,-8.09777132013576,0.40854,-0.05473,64.8586
184,23,0.6125,0.3875,CV,3.928,3.8711,-27.979320542629686,-27.971950791712796,0.52164,-0.96771,52.5134
184,29,0.6177,0.3823,CV,2.6607,2.6581,-6.682223586669002,-6.687623387558501,0.26636,0.04342,23.3103
184,25,0.6033,0.3967,CV,6.8168,6.7858,-14.136443342687357,-14.099199069172276,-0.4518,-0.89337,22.0764
184,20,0.5832,0.4168,CV,6.7305,6.7987,-10.96259734570562,-11.003450614076943,9.72167,-0.20572,93.8263
185,5,0.6188,0.3812,CV,0.6488,0.6488,-4.3374841841460965,-4.346707325580893,-0.04056,0.01965,16.9404
185,14,0.6109,0.3891,CV,9.3838,9.297,-8.810989756114548,-8.799439491128732,-1.43653,0.3135,130.4071
185,16,0.6186,0.3814,CV,1.557,1.5544,-5.211901695582669,-5.220533956578708,0.11154,-0.01951,30.2565
185,19,0.5823,0.4177,CV,12.9942,12.9201,-24.81595758230035,-24.698154169450227,2.48865,-0.53068,53.057
185,6,0.6187,0.3813,CV,1.7958,1.7962,-4.730195757035873,-4.738766344298751,-0.03246,-0.07246,22.0675
185,7,0.6184,0.3816,CV,1.4659,1.4624,-5.079430741042741,-5.087519920507119,-0.1354,0.01937,29.5137
185,15,0.6191,0.3809,CV,4.4457,4.4086,-9.99804241195797,-10.005757388541767,-0.34198,-0.69579,163.0466
185,27,0.617,0.383,CV,3.2985,3.2771,-6.751382911976373,-6.755633513592207,0.38799,-0.06107,65.7811
185,23,0.6154,0.3846,CV,2.0828,2.0334,-25.117410529701782,-25.121803534748146,0.38222,-0.69564,49.728
185,29,0.6172,0.3828,CV,2.6602,2.6549,-6.819615131566531,-6.823689679064426,0.21829,0.073,22.8802
185,25,0.6031,0.3969,CV,5.9173,5.8864,-29.755801103872876,-29.721976621683094,-0.71923,-0.56264,21.4926
185,20,0.6118,0.3882,CV,2.9998,3.0133,-7.73887954549161,-7.771214911288967,5.7418,-0.05814,90.216
185,24,0.3646,0.6354,CA,7.591,7.1781,-33.690604182492024,-33.15208830383753,27.98032,-5.30477,58.1767
186,5,0.6167,0.3833,CV,3.874,3.8718,-5.566760180136878,-5.567165664714148,-0.14427,0.16239,16.4251
186,14,0.611,0.389,CV,9.9919,9.9077,-8.403025454953807,-8.391080704652598,-1.48863,0.33436,132.7793
186,16,0.6184,0.3816,CV,3.3837,3.3898,-5.814946230806463,-5.823025371230344,0.00823,-0.06834,31.1975
186,19,0.4377,0.5623,CA,25.5851,25.4518,-47.755022083337096,-47.082980766442354,6.00356,-0.89432,52.3298
186,6,0.6188,0.3812,CV,2.2395,2.2459,-4.972128186770262,-4.981737027763533,-0.04487,0.01585,21.4501
186,7,0.6182,0.3818,CV,1.8463,1.8428,-5.497301472742623,-5.504719420499737,-0.06741,-0.01294,29.9266
186,15,0.6166,0.3834,CV,8.9847,8.9561,-19.30483350033735,-19.304312534816916,-0.73917,-0.4714,158.6958
186,24,0.4865,0.5135,CA,3.827,3.5012,-22.03649749766045,-21.87194347839554,25.69593,-4.65063,55.5509
186,27,0.6142,0.3858,CV,9.6316,9.6131,-8.17326791910388,-8.165723936902964,0.72362,0.2368,67.0318
186,23,0.6002,0.3998,CV,13.5139,13.4925,-13.186814767622934,-13.123079735179271,1.37348,-0.61954,47.9943
186,29,0.6172,0.3828,CV,3.1281,3.1285,-5.998287795329416,-6.00335787098346,0.22869,0.09333,21.5261
186,25,0.5618,0.4382,CV,22.6608,22.6952,-56.097962510281484,-55.89474838754575,1.72619,-0.58193,21.7111
186,20,0.6082,0.3918,CV,4.2678,4.0466,-9.091944217664079,-9.067065087880819,5.09059,0.06859,85.6437
187,5,0.6072,0.3928,CV,6.1086,6.0935,-8.188520321305191,-8.15236287427934,-0.13229,0.41608,15.4061
187,14,0.6135,0.3865,CV,8.3478,8.3024,-8.167324399863482,-8.165922746499982,-1.02821,0.34114,139.1602
187,16,0.6183,0.3817,CV,1.2141,1.205,-5.4743836334147815,-5.482218397834821,-0.01495,-0.06436,31.7741
187,19,0.3638,0.6362,CA,19.4513,19.1722,-29.002475572562503,-28.230043499291867,9.98697,-1.30244,57.1417
187,6,0.6189,0.3811,CV,0.8307,0.8347,-4.547024576556395,-4.556825848879341,-0.03707,0.00674,21.3858
187,7,0.6183,0.3817,CV,1.1176,1.1153,-5.169391682250521,-5.177611310173059,-0.09133,-0.05604,29.9151
187,15,0.6179,0.3821,CV,1.8423,1.8241,-14.840809881609516,-14.849760810500975,-0.44203,-0.4006,152.7626
187,24,0.6107,0.3893,CV,9.4468,9.9149,-12.395722366719001,-12.563040671737387,0.55631,-0.41581,52.839
187,27,0.614,0.386,CV,6.3823,6.3437,-7.183737788315479,-7.179485521526619,0.67049,0.35197,69.2502
187,23,0.6159,0.3841,CV,3.7131,3.7754,-7.675249542015134,-7.6999041195361,0.56331,-0.4304,46.5936
187,29,0.617,0.383,CV,1.8103,1.7987,-4.62480128401182,-4.628985508663756,0.21927,0.1503,20.7724
187,25,0.3842,0.6158,CA,26.6303,26.5294,-77.80931370673913,-76.94584438423736,4.03525,-0.85754,22.7664
187,20,0.6054,0.3946,CV,11.9011,11.8624,-28.035344270099873,-28.003897797203237,4.15583,0.07912,76.2909
188,14,0.6146,0.3854,CV,6.5345,6.4657,-8.14118605085045,-8.14059666516852,-0.85316,0.29271,145.4833
188,16,0.6185,0.3815,CV,0.4901,0.4972,-5.317406096875797,-5.32642808371691,-0.01364,-0.04853,31.8304
188,19,0.3133,0.6867,CA,18.3508,17.8853,-18.606104734248277,-17.712043731973743,15.86098,-1.7341,63.4399
188,6,0.6189,0.3811,CV,0.3979,0.3971,-4.547971804630704,-4.557548839999831,-0.0273,0.00528,21.3517
188,7,0.6183,0.3817,CV,1.1538,1.15,-5.158152972665572,-5.166182465342094,-0.12768,-0.02328,29.9013
188,15,0.6185,0.3815,CV,6.0796,6.1008,-10.593236830709673,-10.602768651324194,0.1585,-0.27883,147.4556
188,24,0.4492,0.5508,CA,10.3608,10.2627,-14.10655496678055,-13.439723418445563,-12.58991,2.433,49.6784
188,27,0.6158,0.3842,CV,7.4512,7.4541,-7.70146861516327,-7.70535206062056,0.23718,0.12598,73.3883
188,23,0.6168,0.3832,CV,9.8992,9.926,-13.429778561554535,-13.435093841902914,-0.33029,-0.18859,46.2756
188,29,0.6169,0.3831,CV,1.869,1.8559,-4.468546844838415,-4.472380785855778,0.20751,0.19725,20.2137
188,25,0.5073,0.4927,CV,3.7333,3.5169,-8.137187059147124,-8.028540379042951,3.82005,-0.85725,23.7534
188,20,0.6131,0.3869,CV,2.2333,2.1133,-16.840137108203145,-16.845038603583674,3.05785,0.11095,71.7037
