frame,track_id,mu_CV,mu_CA,dominant,nu_CV_norm,nu_CA_norm,L_CV,L_CA,ax,ay,P_trace
2,26,0.6457,0.3543,CV,94.3197,94.3197,-15.483156056380192,-15.486139766765227,16.04027,0.16796,8223.3814
2,27,0.6466,0.3534,CV,5.0512,5.0512,-12.253691168185796,-12.260845354990051,0.64628,-0.96942,2345.6808
2,28,0.6455,0.3545,CV,17.4678,17.4678,-12.583762247672574,-12.585968574478834,-4.01301,-1.02373,245.0734
2,29,0.6464,0.3536,CV,13.986,13.986,-11.188473377938227,-11.194769520257614,2.07778,-1.9579,952.1492
2,31,0.6443,0.3557,CV,12.0195,12.0195,-10.581168576579937,-10.578076835848627,-2.65961,0.83114,56.9097
2,30,0.6465,0.3535,CV,12.5966,12.5966,-10.625844724278496,-10.632256863448188,-1.23916,0.99132,687.3864
3,26,0.6215,0.3785,CV,89.2136,89.1477,-22.536712764761162,-22.517563489444036,74.70779,29.87229,12005.1338
3,27,0.6398,0.3602,CV,14.062,14.0473,-11.795793663946062,-11.853988798531192,-2.07765,-5.47366,3291.6459
3,28,0.3682,0.6318,CA,57.9431,57.8423,-32.81837771080103,-31.763727543239654,-51.68082,-1.11815,455.413
3,29,0.6394,0.3606,CV,7.9677,7.9164,-13.83269666902685,-13.889419676790201,-0.0086,-6.97512,1325.1482
3,30,0.6045,0.3955,CV,33.3041,33.2635,-12.91191848393897,-12.819992065106268,5.11397,31.10012,985.1368
3,32,0.7,0.3,CV,37.9564,37.9564,-12.667425017523918,-12.667425017523918,0.0,0.0,379.8597
4,26,0.6023,0.3977,CV,72.2237,68.7377,-29.21535434910526,-29.151173059291665,112.54115,25.51139,14953.623
4,27,0.6478,0.3522,CV,5.2381,5.2146,-11.875067307976733,-11.97814431981939,-4.73975,-5.02408,3905.0752
4,28,0.1495,0.8505,CA,46.164,43.8775,-20.69642578568726,-18.842070809431778,-107.87009,1.73137,843.8347
4,29,0.6344,0.3656,CV,18.9898,18.7415,-19.604312505012814,-19.649937229348723,3.19562,-19.08045,1589.2212
4,32,0.6316,0.3684,CV,45.4562,45.4562,-18.24560388353375,-18.18760142535392,-23.09981,-6.47714,519.0137
4,30,0.6273,0.3727,CV,16.1014,16.0855,-9.904945367239266,-9.971558661503103,-3.43636,12.84649,1164.9965
4,33,0.7,0.3,CV,34.4322,34.4322,-36.379284087317245,-36.379284087317245,0.0,0.0,403.5393
5,26,0.5949,0.4051,CV,72.6571,68.974,-37.747160200100005,-37.68071806965108,120.7206,5.97893,16077.0052
5,27,0.6476,0.3524,CV,8.4894,8.1944,-12.647193999102816,-12.73751228104561,-6.46459,-6.25176,4064.5066
5,28,0.2761,0.7239,CA,28.1007,24.7453,-11.947477414327686,-11.174732186903771,-146.9806,8.48101,1083.2372
5,29,0.6202,0.3798,CV,20.5358,19.6462,-11.4086922702201,-11.400843139485374,5.03805,-23.26608,1681.1383
5,30,0.6363,0.3637,CV,33.4934,34.6596,-12.451317737671918,-12.522877228090294,-0.61253,2.03296,1241.5125
5,32,0.4896,0.5104,CA,45.8856,45.2247,-20.135985314624648,-19.60031383966689,-61.50184,-11.61794,890.6528
5,33,0.6326,0.3674,CV,42.2421,42.2421,-16.228439626769333,-16.17472220998025,-7.82496,-12.25402,600.7224
6,26,0.0174,0.9826,CA,420.2537,419.8988,-69.27673121925554,-64.80404899119985,68.96555,21.57168,17093.5926
6,27,0.6409,0.3591,CV,10.9405,10.4775,-13.563301532451678,-13.624493866797525,-7.16377,-6.29783,3956.6687
6,28,0.4606,0.5394,CA,11.7666,8.8603,-9.539116248432391,-9.394557407240208,-137.77179,14.90024,1187.6558
6,29,0.6142,0.3858,CV,17.2164,16.0891,-10.383142383327636,-10.371139742177927,2.69678,-22.50113,1670.5125
6,30,0.6341,0.3659,CV,10.5015,9.9722,-9.728572643669981,-9.777237047758375,-0.13281,-3.17576,1189.0547
6,32,0.2636,0.7364,CA,46.8488,44.1836,-20.685210053366347,-19.370418950931665,-116.22809,-11.97285,1497.3569
6,33,0.5417,0.4583,CV,44.87,44.2267,-17.163254790007972,-16.834927654821584,-30.72066,-32.09842,1013.3067
6,34,0.7,0.3,CV,19.3381,19.3381,-11.706521097724735,-11.706521097724735,0.0,0.0,1025.4826
6,35,0.7,0.3,CV,3.3929,3.3929,-5.902708090228127,-5.902708090228127,0.0,0.0,16.2103
7,26,0.71,0.29,CV,88.0129,95.4946,-38.27539752752867,-39.55096435648838,-8.85537,21.86559,6129.6508
7,27,0.6337,0.3663,CV,9.9176,9.4176,-14.638480407542804,-14.678764890435348,-6.3275,-4.96157,3737.8633
7,28,0.4045,0.5955,CA,28.1966,25.4044,-24.3312446189637,-23.69852051179688,-148.32872,23.67241,1277.7631
7,29,0.5962,0.4038,CV,27.0901,26.1691,-11.756759202121179,-11.678242446451563,-2.16807,-22.54524,1573.2647
7,30,0.6347,0.3653,CV,3.4688,3.427,-9.483661910996094,-9.538500557688504,-0.03376,-2.89283,1106.3548
7,32,0.3254,0.6746,CA,29.5488,25.127,-13.516754688235164,-12.818522909423208,-155.99407,-14.46823,1822.6495
7,33,0.5354,0.4646,CV,26.4074,24.4243,-14.477833779321287,-14.257195792634949,-41.71569,-38.31758,1411.7261
7,34,0.6487,0.3513,CV,8.5744,8.5744,-10.564451699622618,-10.58068758408579,-3.63824,3.10533,1404.751
7,35,0.648,0.352,CV,0.5781,0.5781,-4.716099597783369,-4.729386807967178,-0.13415,0.08366,21.7574
7,36,0.7,0.3,CV,14.9109,14.9109,-25.919425612721547,-25.919425612721547,0.0,0.0,70.9233
7,37,0.7,0.3,CV,26.9341,26.9341,-16.218571050826156,-16.218571050826156,0.0,0.0,165.1123
8,26,0.5954,0.4046,CV,64.9854,66.2139,-32.79674815855749,-32.57071161269749,-40.53987,1.29859,3085.7105
8,27,0.6284,0.3716,CV,8.7856,8.4661,-16.093247596503993,-16.1212512164773,-4.58496,-3.34201,3505.7613
8,28,0.6877,0.3123,CV,32.8649,37.9118,-29.906876386583242,-30.529443674669977,25.97152,0.74624,1179.0848
8,29,0.6114,0.3886,CV,27.6435,27.6762,-12.527049703373343,-12.538465460588574,2.88349,-15.60891,1504.9393
8,30,0.6293,0.3707,CV,5.806,5.6263,-9.522769931010624,-9.553286092542107,0.65527,-1.2092,1031.9274
8,32,0.5657,0.4343,CV,2.6793,5.9026,-10.385556636832037,-10.594426802858905,-113.47745,-10.02732,1686.3754
8,33,0.5369,0.4631,CV,28.6419,27.0011,-11.387459010859583,-11.182101783026791,-51.93636,-32.743,1650.6444
8,34,0.5904,0.4096,CV,52.7411,52.641,-15.424004373472759,-15.269924163772796,-51.28304,21.37693,2098.0365
8,35,0.6136,0.3864,CV,5.8717,5.8783,-8.432569679303189,-8.37656183398159,1.09259,-2.09656,30.9669
8,36,0.6485,0.3515,CV,0.7507,0.7507,-29.56890759023996,-29.584361848368495,0.1126,0.01554,96.013
8,37,0.6432,0.3568,CV,23.4346,23.4346,-17.993222289280077,-17.98549119017011,1.14786,1.36159,231.2474
9,26,0.5241,0.4759,CV,33.1853,31.3218,-26.406969478012414,-26.062717424353256,-54.45536,3.07399,2050.0528
9,27,0.6246,0.3754,CV,6.5563,6.2376,-16.40986987574047,-16.429555666438393,-3.28439,-2.51446,3278.0607
9,28,0.5229,0.4771,CV,32.9671,32.3973,-28.277570881758805,-27.790741877770795,72.69238,-7.26171,991.5911
9,29,0.6052,0.3948,CV,29.9971,29.5749,-11.817393709967307,-11.780422332533808,6.29263,-11.92568,1406.9451
9,30,0.5972,0.4028,CV,47.7171,47.4527,-14.260278415763265,-14.163450654033475,1.01887,-3.58709,1034.2228
9,32,0.684,0.316,CV,22.3743,26.0474,-10.855532482715645,-11.23075580604253,0.11629,-1.12989,1390.0565
9,33,0.5293,0.4707,CV,27.1398,25.0663,-12.00004258087943,-11.762092844055879,-54.937,-30.71491,1708.9097
9,34,0.5801,0.4199,CV,25.8759,23.4672,-11.219242967853143,-11.109389319993253,-62.40898,18.78035,2645.2862
9,35,0.6367,0.3633,CV,1.0496,0.8872,-6.628079830420399,-6.721834103281428,0.92264,-2.09054,37.1452
9,36,0.6442,0.3558,CV,1.8059,1.8031,-25.05167633671685,-25.12604555095044,1.3931,-0.77346,138.0924
9,37,0.5894,0.4106,CV,37.4787,37.283,-33.949713515821706,-33.80001846948156,3.44486,6.07581,375.6489
10,26,0.5241,0.4759,CV,20.401,18.0165,-21.195846488394707,-20.955543926663367,-51.05784,1.8283,1688.0604
10,27,0.6223,0.3777,CV,9.4745,9.4144,-16.01476313686627,-16.03029754297694,-2.45904,-1.71987,3052.4953
10,28,0.4566,0.5434,CA,23.0354,20.1513,-22.249329158374508,-21.740184867917385,85.99991,-9.37824,958.2234
10,29,0.619,0.381,CV,36.0961,36.3926,-22.676745799609797,-22.706958765149885,-0.04207,-7.37058,1266.3427
10,32,0.6067,0.3933,CV,23.9481,23.8739,-11.18389541375095,-11.044398552883953,37.30282,2.58675,1111.2665
10,33,0.6235,0.3765,CV,8.8445,10.6715,-12.010597681865312,-12.170618707504142,-27.50915,-18.08812,1600.3906
10,34,0.5911,0.4089,CV,19.221,16.0722,-12.065366426810364,-12.015726282981873,-58.12785,17.89268,2798.1501
10,35,0.6538,0.3462,CV,0.429,0.5818,-6.412401079720729,-6.546530568770061,0.47901,-0.88016,37.7962
10,36,0.6461,0.3539,CV,3.3772,3.3124,-18.91015865338405,-18.999230056132873,3.46353,-1.36928,163.613
10,37,0.6063,0.3937,CV,13.0005,12.5489,-26.731509522270564,-26.731407029098975,5.73097,8.16727,494.4248
10,30,0.6117,0.3883,CV,11.1898,11.1189,-10.24009732248555,-10.251565970933683,1.15212,-1.5103,1008.4211
11,26,0.5032,0.4968,CV,38.9349,38.3162,-20.651730420150958,-20.327537267525884,-61.56901,6.49154,1415.4049
11,27,0.6204,0.3796,CV,15.5042,15.4457,-14.501243893507084,-14.512294779783257,-1.82367,-1.38889,2835.2805
11,28,0.514,0.486,CV,11.8192,8.6263,-18.83601789415436,-18.65144446154191,80.35219,-8.71116,938.2533
11,29,0.5996,0.4004,CV,48.3147,48.2018,-46.78522657123597,-46.713842907758924,-5.08707,-4.87427,1118.202
11,32,0.5664,0.4336,CV,16.9686,15.4084,-11.926728989142974,-11.736648398346944,41.30267,3.72757,949.0607
11,33,0.364,0.636,CA,73.2886,72.188,-36.26397750372204,-35.22392144440562,-68.14131,-29.16665,1555.6854
11,34,0.6117,0.3883,CV,24.5183,23.9766,-14.576587656104925,-14.596911980869823,-31.76502,18.80085,2577.3728
11,36,0.6371,0.3629,CV,5.1032,4.9481,-15.115353901492643,-15.162590239461288,4.9909,-1.23515,170.4556
11,37,0.1839,0.8161,CA,120.2278,119.6395,-53.660880261070005,-51.71416161612394,26.23947,42.70672,759.4936
11,31,0.5,0.5,CA,73.6955,73.6941,-29.68316334331611,-29.54417043147385,-0.2981,3.22864,89.3291
11,35,0.6076,0.3924,CV,5.4712,5.4382,-7.772405960338045,-7.682395453134496,2.98313,-1.25897,35.9615
12,26,0.6169,0.3831,CV,12.7407,13.6698,-15.203199003905237,-15.372923551385123,-33.97523,-2.40802,1158.8922
12,27,0.619,0.381,CV,15.3326,15.2116,-13.517833473730425,-13.52590328248043,-1.49265,-1.42373,2641.8472
12,28,0.5695,0.4305,CV,7.6761,5.2245,-16.996836981218426,-16.954469264859185,63.85258,-7.02394,872.5041
12,29,0.6017,0.3983,CV,29.8979,29.7363,-23.504279671749046,-23.469998582219088,-6.83101,-1.7832,1022.6686
12,32,0.5419,0.4581,CV,16.7747,15.0114,-9.88492599395607,-9.654950648585116,43.63045,3.46718,847.313
12,33,0.468,0.532,CA,22.9116,20.0503,-16.492310387493276,-16.254431087750465,-70.56718,-27.97241,1566.6278
12,34,0.6542,0.3458,CV,20.8152,22.7397,-11.02210256334423,-11.195242130000155,-7.2303,5.68678,2280.7207
12,35,0.6319,0.3681,CV,0.6442,0.8061,-4.994559024097077,-5.076378908030566,1.53529,-0.71623,33.1847
12,36,0.6319,0.3681,CV,3.4565,3.2044,-9.283391006514488,-9.321443568645885,4.3546,-0.94083,167.31
12,37,0.7211,0.2789,CV,82.7223,85.1578,-46.775139092272255,-47.86785159595132,-3.61661,-3.23526,810.3839
12,31,0.5855,0.4145,CV,7.2994,7.4532,-13.65962515604089,-13.70289765393414,-0.07634,1.78108,79.0368
13,26,0.6426,0.3574,CV,12.4403,12.8762,-9.111931663323384,-9.22640634277656,-12.87714,-5.31762,912.347
13,27,0.6178,0.3822,CV,22.2833,22.1745,-11.990779398695983,-11.995540336284625,-0.99507,-1.07982,2439.9128
13,28,0.6149,0.3851,CV,2.9731,2.1604,-15.768378344091207,-15.833785607638692,40.57503,-4.76988,784.8773
13,29,0.6038,0.3962,CV,51.2183,51.2429,-15.654798595702353,-15.626522171887462,-5.25875,-0.44171,1002.7886
13,32,0.6,0.4,CV,6.2917,6.0489,-8.693892145786835,-8.73686915102883,29.00056,3.30442,761.8065
13,33,0.5936,0.4064,CV,6.9454,9.3478,-14.053498024189825,-14.175685242773474,-43.54887,-15.75447,1483.3897
13,34,0.5949,0.4051,CV,70.809,71.0507,-18.253275119870146,-18.10948369169553,4.27418,-10.38487,2122.8314
13,35,0.6335,0.3665,CV,0.9817,1.0399,-7.747364796209139,-7.799963017138622,0.62692,-0.45633,29.7919
13,36,0.6269,0.3731,CV,4.1901,4.0528,-6.980198590967805,-7.004536989069161,3.28808,-0.76148,160.4813
13,37,0.5742,0.4258,CV,61.8063,62.1746,-29.81460857088873,-29.48413187631686,-14.0232,-18.31803,729.2019
13,41,0.7,0.3,CV,13.8395,13.8395,-14.624998645498945,-14.624998645498945,0.0,0.0,20.9983
14,26,0.4043,0.5957,CA,88.7992,88.5403,-35.46849511616211,-34.570341149095775,-23.48671,-1.16914,954.1713
14,27,0.6173,0.3827,CV,17.6946,17.5345,-11.552613794620399,-11.557086177086173,-0.70462,-1.43765,2260.8327
14,28,0.6278,0.3722,CV,2.5659,1.6666,-14.31336262596128,-14.366732477544375,25.09112,-3.12077,687.8563
14,29,0.6012,0.3988,CV,38.0629,37.7674,-14.17141471680594,-14.128987523165105,-4.60314,0.63795,988.9639
14,32,0.6363,0.3637,CV,10.8126,11.784,-10.29923152133176,-10.411394384073022,8.33562,1.94056,660.7447
14,33,0.6348,0.3652,CV,15.3881,16.7708,-14.620418146533078,-14.735303425796292,-15.0868,-3.61791,1334.0793
14,34,0.5856,0.4144,CV,39.5944,38.5162,-17.15883229573614,-17.064869972068028,2.20831,-10.44388,2005.3523
14,35,0.6275,0.3725,CV,1.8073,1.8095,-4.243133052788704,-4.267946486796878,0.42441,-0.30023,27.1874
14,36,0.6253,0.3747,CV,2.0668,1.9174,-6.782115587281262,-6.807026947738598,2.35025,-0.42953,149.9849
14,37,0.2567,0.7433,CA,109.2212,110.097,-84.88013996109657,-83.40722950755784,31.8734,22.03221,758.0792
14,41,0.4447,0.5553,CA,33.7148,33.7148,-92.79413941749432,-91.97475043908979,-18.55798,-2.04517,32.183
15,26,0.4861,0.5139,CA,33.947,32.44,-12.306754981962191,-12.084891533069001,-19.77219,0.026,980.4411
15,27,0.6149,0.3851,CV,31.781,31.6409,-12.837402209874188,-12.832501164271498,0.72533,-1.5778,2057.377
15,28,0.6362,0.3638,CV,2.5131,3.2831,-12.35096467378208,-12.421304808867564,11.89804,-1.3918,599.6873
15,29,0.6098,0.3902,CV,30.2389,30.2038,-18.890095388703365,-18.88760892624478,-1.81108,1.5291,977.9825
15,32,0.6126,0.3874,CV,23.8958,24.168,-38.201075024569334,-38.15837459211406,-9.47544,-1.00591,553.1233
15,33,0.6333,0.3667,CV,5.7503,6.0037,-10.65777343980668,-10.705274839813265,-6.51673,-0.5273,1186.58
15,34,0.6238,0.3762,CV,46.3227,47.3373,-17.23483852174129,-17.314480764343823,-3.87939,-2.58996,1773.2937
15,35,0.6229,0.3771,CV,2.9736,2.9835,-4.798679284553871,-4.81250247199854,-0.03188,-0.05348,25.2317
15,36,0.6257,0.3743,CV,1.5741,1.665,-6.6304410173543,-6.659437905385506,1.17247,-0.34878,139.5092
15,37,0.4795,0.5205,CA,7.6331,6.4952,-10.93421989863222,-10.892917508233921,29.35435,22.05787,724.5286
15,41,0.0888,0.9112,CA,14.4434,13.8632,-20.885514406716666,-18.33375180743783,-43.07942,-6.3653,83.848
15,42,0.7,0.3,CV,76.9745,76.9745,-21.625016880844733,-21.625016880844733,0.0,0.0,1008.5945
16,26,0.6304,0.3696,CV,45.0049,46.7559,-16.550568322067377,-16.80210316414489,1.2181,0.67257,881.3459
16,27,0.5856,0.4144,CV,87.015,86.8551,-21.05075692057561,-20.927212786854735,-5.52385,-3.26708,1770.8179
16,28,0.6126,0.3874,CV,27.205,27.6404,-14.683993720350749,-14.641323542808587,-10.42641,1.83246,537.1031
16,29,0.6137,0.3863,CV,38.2504,38.2941,-20.690595512427628,-20.691728231628517,0.58935,2.49948,946.3092
16,33,0.6277,0.3723,CV,13.9243,14.0392,-11.038865671299968,-11.064708991946409,0.49356,2.11086,1048.7827
16,34,0.6153,0.3847,CV,55.3096,55.5087,-17.936625559564373,-17.923564054789455,1.86298,0.7486,1549.7863
16,35,0.6186,0.3814,CV,5.6594,5.6799,-8.083771818623001,-8.086366589463001,0.19598,-0.21041,21.9116
16,36,0.6227,0.3773,CV,1.8895,1.8592,-7.391602288463603,-7.407525286899414,0.76797,-0.29501,131.309
16,37,0.1294,0.8706,CA,118.5456,117.2797,-55.05366889543117,-52.87471594731884,65.02312,43.73895,871.8491
16,41,0.2377,0.7623,CA,8.3869,7.486,-8.694547262689916,-7.806623615133404,-58.80119,-9.4558,119.9929
16,42,0.6214,0.3786,CV,131.7561,131.7561,-144.73934952376266,-144.63754927292422,15.20232,-22.4308,1550.3762
17,26,0.6132,0.3868,CV,21.3542,21.407,-11.834722352430644,-11.803337857895663,8.22866,0.48236,788.9817
17,27,0.5963,0.4037,CV,20.4665,19.9402,-11.341096459527138,-11.305010522819344,-3.77632,-3.26625,1541.7676
17,28,0.6086,0.3914,CV,17.9057,17.6678,-10.343310386517855,-10.318879344211693,-8.94971,2.4975,495.0449
17,29,0.6123,0.3877,CV,37.093,37.04,-17.48762425373917,-17.47690783025291,1.39099,3.24178,900.2924
17,33,0.6228,0.3772,CV,9.8633,9.7635,-9.626771626750786,-9.639759206572496,2.85862,2.44257,946.9927
17,36,0.6204,0.3796,CV,2.8575,2.8286,-8.837996007006124,-8.848372334864859,0.56667,-0.20154,125.137
17,37,0.3689,0.6311,CA,40.666,38.7073,-14.081415739302773,-13.76411069472525,72.8335,47.04639,1012.3373
17,41,0.4164,0.5836,CA,4.749,3.7118,-6.5433240835305195,-6.272860696709193,-57.40506,-10.43015,133.3625
17,42,0.4935,0.5065,CA,165.1513,165.0625,-45.94113106407815,-45.43619521357854,-74.48546,-25.52024,2797.0294
17,32,0.5,0.5,CA,121.6859,121.9786,-55.37265972914503,-54.822334023068194,15.30385,5.25045,579.9988
17,35,0.6201,0.3799,CV,0.3486,0.3517,-3.943096041216214,-3.9583659448673814,0.08168,-0.13452,19.9206
17,44,0.7,0.3,CV,27.127,27.127,-16.10462921272142,-16.10462921272142,0.0,0.0,73.5639
18,26,0.5689,0.4311,CV,26.1218,25.5992,-11.701998455905123,-11.512406698280355,13.18731,-0.7138,696.1066
18,27,0.5706,0.4294,CV,230.0252,230.525,-72.42251236033951,-72.26475335595975,2.44627,5.74798,1663.4252
18,28,0.5901,0.4099,CV,29.8492,29.5339,-13.763383901625863,-13.667897771752628,-10.19457,2.77239,486.0028
18,29,0.5968,0.4032,CV,59.6063,59.4493,-18.877540848182633,-18.804320709544346,4.14068,4.83912,852.8327
18,33,0.6189,0.3811,CV,12.4297,12.281,-12.464381536256557,-12.46848967561977,3.28542,2.43665,874.6657
18,36,0.6191,0.3809,CV,2.6738,2.6438,-11.299247266503457,-11.307432411429154,0.54313,-0.09297,119.3608
18,41,0.4545,0.5455,CA,5.4189,4.0053,-6.680402028013648,-6.314362826045283,-56.0955,-11.78335,139.9018
18,42,0.3736,0.6264,CA,117.1277,112.9651,-57.06860649931575,-56.25871534612104,-132.51829,-31.8814,4683.3703
18,44,0.5709,0.4291,CV,38.7726,38.7726,-42.85459533542729,-42.54300046622661,21.67388,1.28533,102.582
18,35,0.6164,0.3836,CV,5.5236,5.5365,-7.539383656001373,-7.536851531508695,-0.28339,0.10498,18.971
18,37,0.5844,0.4156,CV,23.31,25.9254,-12.234978727271054,-12.459168818405853,43.44947,26.7953,1132.4195
18,32,0.4998,0.5002,CA,127.091,126.5583,-41.60905622916829,-41.30601201450158,13.49209,6.14794,680.1535
19,26,0.5815,0.4185,CV,19.5317,19.1536,-10.577510718989014,-10.504524795079757,9.79441,-2.87409,608.0441
19,27,0.5483,0.4517,CV,127.9275,127.2585,-26.970947679705695,-26.760426361442534,8.22675,6.65771,1728.825
19,28,0.5346,0.4654,CV,50.9849,50.4481,-20.707267121122353,-20.413047448896407,-15.24243,4.34339,487.2648
19,29,0.5968,0.4032,CV,31.5742,31.2368,-12.120313157852706,-12.069840676278625,4.89102,4.87602,832.2736
19,33,0.6028,0.3972,CV,59.9807,60.1041,-53.394994233606866,-53.33678029154834,-5.55115,1.37093,792.6217
19,36,0.6185,0.3815,CV,5.4446,5.4482,-11.57094064010963,-11.578845487772062,0.43563,-0.12798,111.7976
19,41,0.6437,0.3563,CV,6.4914,7.4398,-8.024992084448627,-8.379134624065864,-18.0284,-5.49742,118.12
19,42,0.4313,0.5687,CA,89.4578,86.5906,-18.677313875878134,-18.27774532764738,-164.47374,-12.72879,6245.8835
19,44,0.1357,0.8643,CA,31.2108,30.71,-65.01183095954758,-62.75604430749792,51.39337,29.82369,247.8846
19,32,0.54,0.46,CV,70.7459,69.9488,-28.73886343740255,-28.597326412173793,12.51515,5.92148,786.5933
19,35,0.6141,0.3859,CV,3.0833,3.0663,-6.151926434186006,-6.144872452320645,-0.40325,0.05353,17.6939
20,26,0.6028,0.3972,CV,12.5179,12.3749,-14.310564198874882,-14.307570813532681,5.10577,-3.19609,524.1758
20,27,0.5816,0.4184,CV,32.46,31.6308,-14.295697644973314,-14.25317082363378,7.47841,5.19688,1682.1959
20,28,0.552,0.448,CV,30.1175,29.3922,-12.080492718688426,-11.937043614824438,-14.494,4.74812,500.9153
20,29,0.5958,0.4042,CV,31.0808,30.7343,-25.96601699598463,-25.911455507430592,4.5036,5.45324,794.7208
20,33,0.6145,0.3855,CV,16.0512,16.1487,-38.43258812189127,-38.44741116579273,-2.50737,1.74521,754.0437
20,35,0.6134,0.3866,CV,3.9178,3.9097,-5.540103748076283,-5.533817284355859,-0.23261,0.12079,17.347
20,36,0.6179,0.3821,CV,5.2673,5.2622,-9.31822726825176,-9.324365023724646,0.12677,-0.23035,105.0275
20,41,0.6751,0.3249,CV,2.3871,2.8803,-7.20951240244817,-7.4287886552506475,-1.16005,-0.86506,85.5563
20,42,0.6111,0.3889,CV,32.3591,37.9344,-13.286948866114903,-13.53417535097245,-79.07577,-0.12326,6586.6123
20,32,0.5929,0.4071,CV,24.7392,24.9863,-14.770330640855384,-14.786317944577423,6.93369,3.77076,837.4117
21,27,0.5275,0.4725,CV,214.8284,215.5533,-68.69218078626506,-68.38198585702884,-12.4609,-7.12533,1354.4937
21,28,0.5804,0.4196,CV,19.9304,19.4408,-11.287419299195248,-11.234486174742292,-12.02236,4.08317,495.941
21,29,0.6068,0.3932,CV,26.8828,26.8225,-20.62058801447062,-20.613272882222482,4.26023,3.81617,799.815
21,33,0.6152,0.3848,CV,29.3998,29.4376,-33.3528868479588,-33.35331811866406,0.28521,1.96811,740.2949
21,35,0.6144,0.3856,CV,2.1422,2.1224,-4.678042255958056,-4.676660926123075,-0.14416,0.10323,17.1187
21,36,0.6187,0.3813,CV,3.3369,3.3488,-13.161247281145535,-13.171311427463046,0.18852,-0.23488,102.0722
21,41,0.5976,0.4024,CV,7.987,8.0733,-9.496968247420828,-9.333283237603375,10.28467,2.32406,68.826
21,42,0.589,0.411,CV,47.9398,45.7061,-23.716793112221538,-23.613108985767642,-86.51933,-9.34347,6339.0962
21,32,0.6049,0.3951,CV,113.4166,113.6752,-24.661699851527523,-24.650979936237647,-3.62999,1.08865,926.9929
21,44,0.5,0.5,CA,112.1501,110.1796,-115.7334355405089,-98.31224043413317,279.49193,40.26657,340.1394
21,26,0.615,0.385,CV,6.5056,6.3898,-16.892383596095392,-16.909239598698264,3.52645,-2.8113,453.1703
22,27,0.5399,0.4601,CV,30.16,29.7656,-12.745516165871098,-12.563805579584397,-3.13866,-9.28393,1162.3554
22,29,0.6,0.4,CV,37.9453,37.6689,-23.36338790048054,-23.311508752892003,5.67254,3.53724,796.8172
22,33,0.6114,0.3886,CV,30.9978,30.9064,-24.77764058691605,-24.76096657270706,2.09032,2.24974,723.5439
22,35,0.6147,0.3853,CV,2.2566,2.2384,-4.6259654623403215,-4.624602151617497,-0.09612,0.12431,17.0679
22,36,0.6188,0.3812,CV,2.4393,2.4445,-10.482190378713394,-10.491896850178554,-0.00525,-0.11662,97.7405
22,41,0.5139,0.4861,CV,7.7808,7.4152,-23.20951038396229,-22.82149593574551,13.09925,3.35113,62.6602
22,42,0.6145,0.3855,CV,14.6857,12.4746,-23.859015543223364,-23.894261200214093,-57.90283,-6.00203,5975.7679
22,32,0.6158,0.3842,CV,21.9652,22.2437,-11.649170845691838,-11.666176162846686,-1.26226,0.55332,972.9882
22,44,0.7841,0.2159,CV,10.8069,19.0469,-10.428910854183924,-11.416201252341457,26.57521,-5.04595,516.5747
22,26,0.603,0.397,CV,17.9259,17.7549,-23.7661665940885,-23.714554074340874,4.53671,-3.44956,393.7272
22,47,0.7,0.3,CV,82.8783,82.8783,-28.739958031802146,-28.739958031802146,0.0,0.0,691.8884
23,26,0.5687,0.4313,CV,27.4045,27.1407,-30.18360167038315,-30.008474195334358,5.78839,-5.20604,344.8311
23,29,0.5903,0.4097,CV,46.9564,46.6145,-20.81845331059312,-20.736433992387806,7.26609,3.288,792.8894
23,33,0.6076,0.3924,CV,32.6584,32.4833,-22.61534172111285,-22.58862797988464,3.02247,2.32291,719.6502
23,35,0.616,0.384,CV,1.6066,1.5959,-4.544946715311759,-4.548510378802555,-0.1394,0.09275,16.9647
23,36,0.6187,0.3813,CV,3.3599,3.3652,-11.31787425183513,-11.3266597629307,-0.18255,-0.07742,95.4029
23,41,0.5838,0.4162,CV,3.329,3.2384,-8.33887467534093,-8.354816964029098,9.05087,2.63884,59.7884
23,42,0.6364,0.3636,CV,24.0835,26.6675,-21.608948392997164,-21.699880420426652,-20.01638,-2.64099,5477.4288
23,32,0.6143,0.3857,CV,37.9894,37.8903,-12.208376457809464,-12.203309233509579,-2.90353,0.3559,1064.1936
23,47,0.632,0.368,CV,85.8479,85.8479,-63.4699189170322,-63.413521140191435,27.56414,5.20927,945.1493
23,44,0.6621,0.3379,CV,15.9543,16.2331,-10.792122800280628,-10.736465608505718,-16.38191,-6.41085,358.3501
23,27,0.6309,0.3691,CV,27.0027,28.0661,-12.261799780146113,-12.438242576447845,-0.52471,1.44121,947.7199
23,48,0.7,0.3,CV,3.2119,3.2119,-6.639799125394881,-6.639799125394881,0.0,0.0,41.9449
24,26,0.5469,0.4531,CV,71.0747,71.3655,-51.18070463884099,-50.96748430974661,-6.09299,-2.46836,336.9975
24,29,0.5867,0.4133,CV,42.4051,42.0146,-22.36623114422033,-22.283508697262207,8.06418,3.27709,768.5118
24,33,0.6054,0.3946,CV,34.4877,34.2735,-20.432609703600647,-20.402165977857663,3.63071,2.19417,730.0013
24,35,0.6164,0.3836,CV,1.3869,1.373,-4.4223997800733965,-4.425988644667448,-0.11596,0.07423,17.1457
24,36,0.6186,0.3814,CV,0.8398,0.8349,-12.886111620638786,-12.89504752589929,-0.11724,-0.06407,93.2498
24,41,0.5983,0.4017,CV,8.0795,8.0319,-8.924920854056714,-8.89988440254847,5.66602,2.10007,58.9469
24,42,0.627,0.373,CV,62.8908,63.4283,-22.52667693229634,-22.545056243195397,2.287,3.10039,4824.9305
24,32,0.613,0.387,CV,39.7002,39.5594,-13.477239775954395,-13.468946244436074,-4.22222,-0.29834,1138.0026
24,47,0.5238,0.4762,CV,81.2667,80.4588,-101.4434096465167,-101.04413932073986,66.57322,12.67607,1564.0678
24,44,0.643,0.357,CV,7.2412,7.0646,-7.66883747179083,-7.717689524233906,-15.47986,-4.64289,268.7653
24,48,0.647,0.353,CV,4.334,4.334,-6.670556570685905,-6.679485034237141,1.19412,-0.96506,57.0753
25,29,0.589,0.411,CV,32.4506,32.0121,-17.591102288868434,-17.523254169299165,8.34752,2.62329,760.7517
25,33,0.6046,0.3954,CV,35.8375,35.6004,-20.305803673384638,-20.27528606822753,3.93978,1.97437,755.5872
25,35,0.6173,0.3827,CV,3.6941,3.7013,-5.455525221756272,-5.4619810582421415,-0.16303,0.00179,16.5349
25,36,0.6185,0.3815,CV,1.6684,1.6636,-13.997439477040253,-14.005694111937157,-0.10739,-0.01417,91.8441
25,42,0.6226,0.3774,CV,19.9055,19.4504,-32.22878497428772,-32.24215233523596,2.89164,3.05694,4322.916
25,32,0.6147,0.3853,CV,31.7481,31.6884,-13.97273414425534,-13.973484680488856,-3.18313,-1.03607,1164.1243
25,47,0.3737,0.6263,CA,101.1131,98.7379,-73.74293507020276,-72.88993277496435,101.16776,3.31345,2702.3388
25,44,0.6198,0.3802,CV,5.6495,5.202,-7.819548689872106,-7.7972203276042,-13.42017,-3.8858,223.6598
26,29,0.5964,0.4036,CV,25.0202,24.6368,-17.622599201011596,-17.581809777227626,7.694,1.39093,745.2073
26,33,0.6073,0.3927,CV,26.9705,26.7133,-17.518031072326348,-17.499889244037128,3.66596,1.70772,785.2699
26,35,0.6179,0.3821,CV,1.5617,1.5633,-4.401335701542132,-4.409372433579295,-0.03283,-0.02172,16.2691
26,36,0.6182,0.3818,CV,4.9892,4.9943,-21.659495096829346,-21.666701081330828,0.23437,0.09305,90.5091
26,42,0.6181,0.3819,CV,31.9219,31.5722,-33.755876304227435,-33.756454179123466,1.29341,3.26242,3825.7623
26,32,0.6174,0.3826,CV,6.1975,6.2631,-11.467313051078259,-11.47683636812927,-1.59032,-0.64535,1231.6791
26,47,0.2123,0.7877,CA,127.49,122.4249,-57.99777552042074,-56.56330291334246,201.05859,12.23101,4192.4164
26,44,0.6171,0.3829,CV,3.2022,2.6736,-6.600096848029342,-6.600622126851307,-10.24374,-2.9436,192.474
26,27,0.5,0.5,CA,126.6249,126.553,-48.159378725099785,-47.55236395661246,-0.28374,9.35443,791.3988
27,29,0.6052,0.3948,CV,13.1881,12.781,-13.478774412276293,-13.464094616814235,6.24026,1.08462,732.034
27,33,0.6104,0.3896,CV,21.2665,21.0353,-17.750335914970826,-17.741253511776574,3.32776,1.25283,814.368
27,35,0.6175,0.3825,CV,1.9712,1.9645,-5.068763351972409,-5.074091084459592,0.00611,-0.00307,15.9171
27,36,0.6179,0.3821,CV,4.1348,4.1293,-19.14330012123658,-19.14981277840374,0.28904,0.18391,88.0251
27,42,0.6171,0.3829,CV,24.8719,24.5911,-37.98680938149439,-37.99014650391761,-1.47352,2.44596,3399.4874
27,32,0.6145,0.3855,CV,64.2288,64.2815,-15.061054056544654,-15.054479739313773,3.26672,-0.65461,1269.9764
27,47,0.1718,0.8282,CA,132.6894,126.5249,-48.3111758554527,-46.84095589778794,339.54693,30.96393,5489.162
27,44,0.5844,0.4156,CV,8.2905,7.8488,-7.524442865180807,-7.392853801906474,-11.71492,-2.93689,170.3814
27,27,0.6132,0.3868,CV,44.7266,45.6963,-14.000149840247865,-14.15870133642887,1.80893,4.00464,623.2423
27,34,0.5,0.5,CA,274.6552,274.6538,-25.355897657077684,-25.340414552704793,2.51066,-0.2136,690.0607
28,29,0.6059,0.3941,CV,24.3507,24.14,-10.94270785542729,-10.917746772631297,5.24726,2.06154,696.9931
28,33,0.6147,0.3853,CV,28.4797,28.5098,-13.106801250981587,-13.11130248214302,2.58218,0.1287,799.9237
28,35,0.6187,0.3813,CV,1.8543,1.863,-4.287466783838347,-4.298428385488387,0.0115,0.09647,16.0881
28,36,0.6173,0.3827,CV,4.6997,4.6846,-21.79598867228456,-21.800533836543956,0.26149,0.34269,85.4809
28,42,0.6034,0.3966,CV,61.7853,61.4546,-35.107355405395914,-35.05449577730407,-4.58108,3.54049,2922.3068
28,32,0.616,0.384,CV,24.909,24.8396,-13.169257538830875,-13.172909974333017,1.36664,-1.3107,1303.3677
28,47,0.4655,0.5345,CA,16.1779,14.9471,-45.20522572737367,-45.226831012913344,306.53586,27.0159,5935.7048
28,44,0.5998,0.4002,CV,3.2847,2.7759,-7.3234842320392115,-7.303689475644486,-8.90067,-2.30689,154.584
28,34,0.5721,0.4279,CV,57.2198,57.3249,-21.914421319380345,-21.902443054112943,-2.31756,0.89868,659.7089
29,29,0.5979,0.4021,CV,33.1288,32.9322,-13.0145781109286,-12.955221395817386,4.34389,2.48021,638.0428
29,33,0.6158,0.3842,CV,18.6515,18.597,-11.585619531448543,-11.588220891021303,1.79762,0.22899,791.8298
29,35,0.6184,0.3816,CV,1.6885,1.6855,-4.368018263700392,-4.37566191311802,-0.08845,0.13065,16.0173
29,36,0.6165,0.3835,CV,5.6727,5.6523,-16.7951156552711,-16.796887198029992,0.11851,0.40366,82.0348
29,42,0.5862,0.4138,CV,57.7032,57.176,-26.76223916153264,-26.658195459837522,-5.43604,5.37921,2463.6784
29,32,0.6138,0.3862,CV,35.3418,35.1767,-13.89125673159092,-13.88369402918774,0.44106,-2.17857,1315.0244
29,47,0.5098,0.4902,CV,34.8878,27.9434,-45.53679964539483,-45.32304977075724,272.28681,33.79392,6298.9715
29,44,0.5932,0.4068,CV,9.3367,9.1157,-8.386342466503276,-8.31671352419204,-8.13036,-1.65564,137.2464
29,26,0.5,0.5,CA,108.8518,108.8901,-32.26374118342893,-32.169244572202466,1.12286,3.25285,365.084
29,53,0.7,0.3,CV,1.239,1.239,-7.9615485082908855,-7.9615485082908855,0.0,0.0,47.7488
30,29,0.5536,0.4464,CV,43.4479,43.1367,-17.37614267102199,-17.146980055702976,4.93127,3.7176,560.187
30,33,0.6167,0.3833,CV,12.0857,11.9942,-11.581436128073042,-11.586419525479444,1.4652,0.8293,801.4823
30,35,0.6178,0.3822,CV,1.8335,1.8268,-4.379544844757586,-4.385308633770469,-0.17707,0.11203,15.8898
30,36,0.6169,0.3831,CV,4.6565,4.6415,-12.356264868687063,-12.361185687786431,-0.24154,0.30676,79.2507
30,42,0.6181,0.3819,CV,71.5201,72.1305,-100.82381229025475,-100.87821327176707,-3.99976,1.0274,2291.1255
30,32,0.6155,0.3845,CV,17.1305,16.9231,-11.179323348569678,-11.182133601006896,-0.34532,-2.20603,1350.7199
30,47,0.5657,0.4343,CV,34.1345,30.3301,-26.484432877542503,-26.432544737752302,209.89229,35.44568,6422.4283
30,44,0.5969,0.4031,CV,7.8467,7.6777,-8.700740255512233,-8.655832950939427,-6.54088,-1.04473,121.4135
30,53,0.644,0.356,CV,8.9099,8.9099,-17.11426120012419,-17.10975895689465,-2.12424,3.66875,64.9593
30,26,0.4813,0.5187,CA,158.4091,158.3433,-91.91375628233976,-91.53679791906384,-5.52226,6.638,351.1904
30,28,0.5,0.5,CA,89.2858,89.3079,-45.765030181815774,-45.76022205941263,1.31718,-0.11513,462.0984
31,29,0.5771,0.4229,CV,20.3236,20.2031,-54.08654326993611,-54.017789505563265,0.97167,-0.08747,485.2333
31,33,0.6149,0.3851,CV,23.1382,23.0325,-11.034811587394959,-11.030856058630562,1.36183,1.34337,789.5908
31,35,0.6171,0.3829,CV,2.0015,1.9914,-4.3952711655415095,-4.3991410305478125,-0.23265,0.10949,15.9362
31,36,0.6155,0.3845,CV,5.4944,5.4605,-12.088441229939665,-12.086595178965801,-0.19581,0.35314,75.1111
31,42,0.604,0.396,CV,82.1974,82.1392,-130.18624613818582,-130.13434479152957,-1.38764,-2.83264,2200.5631
31,32,0.6166,0.3834,CV,19.4074,19.2924,-11.632527539138882,-11.63730347630434,-0.85237,-2.67818,1403.2969
31,47,0.6337,0.3663,CV,40.1779,42.5471,-17.057800728388365,-17.20880638335318,91.75194,22.56929,6163.3243
31,44,0.5604,0.4396,CV,12.3245,12.0888,-9.461234584455848,-9.261465870888665,-8.29564,-1.56856,114.1139
31,53,0.571,0.429,CV,15.8003,15.7065,-12.796304170828694,-12.569684281542456,-8.4002,8.16914,105.7387
31,26,0.482,0.518,CA,86.0611,85.5843,-32.74705600145758,-32.39941433065252,-8.44155,8.7082,373.288
31,28,0.5742,0.4258,CV,17.2952,17.2491,-29.467717138112313,-29.464460957531287,2.20966,-0.23258,432.0279
31,56,0.7,0.3,CV,22.6708,22.6708,-12.37289244927847,-12.37289244927847,0.0,0.0,98.4151
32,33,0.6101,0.3899,CV,30.5442,30.3896,-11.74311565735936,-11.721648049237453,1.04307,2.28129,761.2968
32,35,0.6185,0.3815,CV,1.1623,1.1719,-4.280749733328004,-4.291160357385999,-0.07812,0.06258,16.0695
32,36,0.6188,0.3812,CV,3.6744,3.7018,-14.421142909367033,-14.435348867213222,-0.18788,0.33047,73.818
32,42,0.6152,0.3848,CV,10.9365,11.2271,-119.47060605708431,-119.48663718141574,-1.02299,-2.05527,2000.604
32,32,0.6165,0.3835,CV,19.062,18.8867,-12.278989458225299,-12.281884385299719,-1.22428,-2.72981,1440.918
32,47,0.6243,0.3757,CV,97.31,98.5835,-25.654504181677858,-25.66505267969181,-7.12108,13.82081,5138.6496
32,44,0.5642,0.4358,CV,9.3804,9.0833,-8.229121839065918,-8.097678791043247,-8.00158,-1.25105,103.3736
32,53,0.5298,0.4702,CV,12.1308,11.6203,-9.820264132874073,-9.534950227616054,-14.63178,8.88214,148.2077
32,56,0.6377,0.3623,CV,28.947,28.947,-17.780826938595858,-17.74912481019501,-7.19319,-0.11715,136.0688
32,29,0.5962,0.4038,CV,6.1038,5.6644,-12.21804405358992,-12.194226416046998,0.88505,-0.28402,395.4767
32,28,0.5953,0.4047,CV,29.9138,29.8695,-26.936506622005368,-26.912742779565086,2.86627,2.05333,433.7895
32,57,0.7,0.3,CV,5.1414,5.1414,-9.37260008870999,-9.37260008870999,0.0,0.0,217.1344
33,29,0.5977,0.4023,CV,31.3622,31.6291,-19.19394362569947,-19.147919080178127,1.94254,-4.04499,342.0667
33,33,0.6045,0.3955,CV,29.2486,29.0106,-12.387064306327654,-12.349087880652059,1.60876,2.42433,726.0086
33,35,0.6184,0.3816,CV,0.9493,0.9488,-4.437016356963515,-4.445388427965693,-0.01331,0.04124,16.2499
33,36,0.6177,0.3823,CV,4.6358,4.6215,-19.28688561196805,-19.29178727630255,0.03848,0.50194,70.527
33,42,0.6165,0.3835,CV,40.8149,40.8916,-92.60735842387139,-92.61255148587185,2.44786,-1.0019,1862.7877
33,32,0.6167,0.3833,CV,17.7555,17.5979,-11.977550465384699,-11.98131795753983,-1.17129,-2.14647,1452.7351
33,47,0.6198,0.3802,CV,24.5207,23.8773,-11.53391363506329,-11.539467617894715,-29.28983,5.24052,4447.9118
33,44,0.5812,0.4188,CV,5.0989,4.7835,-7.1978153948594485,-7.130678030351022,-6.83346,-1.05787,97.6998
33,53,0.4962,0.5038,CA,11.2832,10.3797,-11.154618549427937,-10.794246968029316,-18.00847,11.36922,187.2536
33,56,0.4832,0.5168,CA,44.8992,44.697,-74.7446775240719,-74.17432998678123,-28.46133,-0.87719,226.3442
33,57,0.6483,0.3517,CV,4.0476,4.0476,-9.058269075703606,-9.07255339048393,-1.84067,0.88625,293.2547
34,29,0.5008,0.4992,CV,46.3326,46.1027,-30.96486751920384,-30.524147418152936,-0.61375,-5.75215,326.1112
34,33,0.6052,0.3948,CV,18.863,18.5583,-10.771087795303602,-10.744364379496755,1.54103,2.10918,691.4529
34,35,0.616,0.384,CV,4.3221,4.3172,-7.997746740386434,-7.995752062456552,0.01227,0.08809,17.1567
34,36,0.6174,0.3826,CV,3.6796,3.6579,-19.463833162907576,-19.46870706651903,0.12284,0.57337,68.1155
34,42,0.6056,0.3944,CV,77.3589,77.3683,-52.61354979844624,-52.570526419806086,5.72705,1.89907,1652.4844
34,32,0.6171,0.3829,CV,13.555,13.3875,-12.58039089750072,-12.58555355054607,-1.27271,-1.88346,1474.5151
34,47,0.5736,0.4264,CV,54.2425,52.7984,-13.560814681268374,-13.380775175741517,-54.13495,-1.31715,3880.518
34,44,0.5559,0.4441,CV,10.0868,9.7713,-8.349192089405406,-8.153818102690344,-7.79611,-1.07136,92.1282
34,56,0.3643,0.6357,CA,32.5459,31.352,-59.62697021143909,-58.792027942103836,-44.69578,0.97033,386.0172
34,57,0.6365,0.3635,CV,10.5898,10.5717,-9.34879241318706,-9.389989485776475,-4.99605,-0.80106,433.2594
34,26,0.5,0.5,CA,51.3459,51.6371,-19.7967290823895,-19.81233789783659,1.80898,1.98636,480.0646
34,28,0.5,0.5,CA,117.7565,117.6313,-46.21281697092472,-45.96300499036275,3.99127,5.78502,558.9142
34,53,0.541,0.459,CV,7.6836,6.8098,-11.38472021514752,-11.252394498105467,-17.37941,8.95458,213.3045
35,29,0.4841,0.5159,CA,40.7967,40.1882,-17.47110150164195,-17.10414800618954,0.61869,-6.38838,332.712
35,33,0.6128,0.3872,CV,20.6412,20.6533,-16.134181355764866,-16.138445918125047,-1.39707,0.9159,660.2211
35,35,0.6182,0.3818,CV,2.012,2.0282,-5.805159841721119,-5.816148482711301,0.02437,0.0422,17.0022
35,36,0.6184,0.3816,CV,2.5367,2.5357,-17.239323734105607,-17.24897555474611,-0.05801,0.4021,66.3568
35,42,0.5319,0.4681,CV,117.025,116.7,-43.62770930585228,-43.29978165811858,16.45525,3.06342,1497.3311
35,32,0.6179,0.3821,CV,6.5698,6.4291,-12.757265142260827,-12.765365466087594,-1.11511,-1.34071,1504.7099
35,47,0.5213,0.4787,CV,61.5054,58.907,-13.97216717476075,-13.648698598889696,-69.84101,-5.01127,3517.7591
35,44,0.5711,0.4289,CV,8.6025,8.406,-8.204560152065067,-8.108175470997455,-6.85151,-0.88383,84.2428
35,56,0.2995,0.7005,CA,32.2999,30.2844,-48.29298655750581,-47.33330079513763,-71.34502,-1.89709,566.9263
35,57,0.6375,0.3625,CV,6.6572,6.2684,-9.101556809062135,-9.164992776523794,-6.57168,-0.8793,528.1363
35,26,0.5654,0.4346,CV,43.1292,43.0746,-15.813051051275373,-15.773841035066294,5.07177,-0.55982,481.0606
35,28,0.5546,0.4454,CV,57.6613,57.3831,-34.556925998406804,-34.473939613500086,2.63587,7.39069,532.6216
35,53,0.6006,0.3994,CV,4.431,4.2608,-9.058644513183467,-9.10527993594297,-12.34047,6.75686,215.0619
35,58,0.7,0.3,CV,40.1214,40.1214,-12.677360688467719,-12.677360688467719,0.0,0.0,922.7745
36,29,0.555,0.445,CV,11.9597,11.369,-9.156617242186375,-9.09789398703201,-0.03346,-4.961,333.5665
36,33,0.6165,0.3835,CV,18.6103,18.6441,-12.226455783288898,-12.234951650020944,-2.54889,-0.21666,638.3378
36,35,0.6173,0.3827,CV,2.7385,2.736,-8.189489471552168,-8.193622378636967,-0.05049,0.04401,17.6301
36,36,0.6155,0.3845,CV,8.7664,8.7598,-19.799510089788594,-19.795674488695944,-0.20896,0.30595,67.4178
36,42,0.54,0.46,CV,43.8109,42.9201,-20.470409266136706,-20.282566211705145,18.31621,2.81933,1354.9335
36,32,0.6182,0.3818,CV,7.938,7.8505,-13.803467607617963,-13.811549038497834,-1.10368,-1.09974,1539.0699
36,47,0.4734,0.5266,CA,63.7152,60.4809,-14.751113154214377,-14.311901052921119,-87.25786,-6.70547,3281.4293
36,53,0.6119,0.3881,CV,9.271,9.1756,-8.114783368728567,-8.122013365234675,-7.9622,4.191,215.347
36,56,0.1227,0.8773,CA,49.1202,46.6577,-48.54623020498115,-46.55982611592337,-133.95617,-6.93931,755.1647
36,57,0.6393,0.3607,CV,4.0245,3.5577,-8.927877484209437,-8.997488126194375,-4.60855,-1.33209,567.4949
36,58,0.6316,0.3684,CV,105.2605,105.2605,-21.242195184433157,-21.183952551620592,-11.33178,-13.45327,1378.4244
36,26,0.5761,0.4239,CV,43.5189,43.2788,-18.053932293942466,-17.963914815964124,7.22784,-2.5287,484.6241
36,44,0.5254,0.4746,CV,11.1673,10.8917,-11.662829819739702,-11.359450772967048,-8.55792,-0.74961,77.3644
37,29,0.5683,0.4317,CV,27.0635,26.6825,-12.111705632456836,-12.005021660491819,-1.38481,-3.96769,350.5661
37,33,0.6198,0.3802,CV,14.2017,14.2996,-11.230553801008211,-11.24769182867299,-0.50765,-1.04047,608.2512
37,35,0.6182,0.3818,CV,1.5078,1.5155,-5.939231507098197,-5.948184004533301,-0.04647,0.05595,17.752
37,42,0.5553,0.4447,CV,28.3134,27.3863,-11.943468400475373,-11.805854282796822,18.46231,2.90646,1203.3622
37,32,0.6181,0.3819,CV,10.6486,10.5697,-13.724531801275225,-13.73198785601779,-0.79585,-1.11185,1556.8944
37,47,0.4998,0.5002,CA,36.5209,32.6039,-11.970612983880695,-11.70554293366104,-91.32392,-7.44814,3137.7144
37,56,0.3096,0.6904,CA,19.1043,16.334,-35.364232115295664,-34.79137469931967,-154.03754,-9.89335,797.7762
37,57,0.6413,0.3587,CV,11.2453,11.5656,-9.447443293623913,-9.522738631499504,-2.70086,0.28241,551.3101
37,58,0.5348,0.4652,CV,121.2214,120.2238,-21.970608451933522,-21.61610680454398,-32.80659,-32.82836,2429.508
37,26,0.578,0.422,CV,33.1111,32.6932,-13.78197667614196,-13.684377209159654,8.22479,-3.23531,496.7259
37,53,0.6355,0.3645,CV,7.9409,8.4127,-8.82613477082584,-8.917077205658744,-1.532,1.0669,201.9224
38,29,0.6141,0.3859,CV,46.6054,47.1079,-21.872620136973175,-21.936223269275807,-1.95725,0.45113,312.5053
38,33,0.6172,0.3828,CV,24.0588,24.0799,-11.546140461012586,-11.547331727040467,0.01954,-1.20454,604.9049
38,35,0.6168,0.3832,CV,4.1905,4.1914,-5.593002829175667,-5.594850852299618,-0.02085,0.06885,17.1138
38,42,0.6033,0.3967,CV,24.576,24.8564,-11.333857084775278,-11.370953063201622,11.6419,0.03042,1100.4147
38,32,0.6172,0.3828,CV,27.2135,27.1627,-20.66548651332119,-20.669008812629784,-2.21276,-1.01149,1590.9367
38,47,0.5373,0.4627,CV,34.1142,31.4236,-18.116256170784375,-17.963821723104896,-85.21577,-8.18274,3056.3852
38,56,0.6118,0.3882,CV,9.2954,12.5766,-24.41299694844444,-24.8342547508918,-90.92698,-9.82683,750.6925
38,57,0.6265,0.3735,CV,12.4488,12.3134,-9.835403708619934,-9.844250065148758,-4.25097,2.29761,521.5489
38,58,0.5088,0.4912,CV,78.3555,74.8842,-15.105639972292096,-14.788388319025806,-34.29142,-45.47928,3712.6468
38,26,0.5791,0.4209,CV,34.1818,33.7559,-12.409567078152438,-12.313380046995348,8.78327,-3.9249,528.2429
39,29,0.6194,0.3806,CV,5.7215,5.7404,-40.82492961917281,-40.84406957780485,-0.79479,0.93497,300.7898
39,33,0.615,0.385,CV,18.7927,18.7002,-14.147466368203327,-14.143024238336519,0.67469,-1.23044,601.7445
39,35,0.6186,0.3814,CV,2.4219,2.4343,-7.206018441457703,-7.217365537281525,-0.09649,-0.02317,17.6654
39,42,0.6235,0.3765,CV,18.5793,19.0679,-14.832070507316029,-14.884293252503742,2.81681,-0.12459,977.9367
39,32,0.6179,0.3821,CV,7.2012,7.1272,-18.36363551567587,-18.371656750082664,-1.57113,-0.5057,1614.8609
39,47,0.4709,0.5291,CA,61.2957,57.9921,-28.28542949687673,-27.812907327096703,-107.49645,-11.69055,3030.9632
39,56,0.6766,0.3234,CV,16.9853,19.3553,-16.806239717770012,-17.079611743234203,9.30709,-3.07449,613.8578
39,57,0.6215,0.3785,CV,7.6955,7.4316,-9.025864608549524,-9.035183972991595,-3.99612,1.95977,487.9376
39,58,0.5519,0.4481,CV,40.2733,35.8406,-13.08062274422539,-12.974306599056849,-30.71577,-47.08623,4805.6182
39,26,0.5824,0.4176,CV,29.5438,29.0161,-11.550702091076415,-11.466813724623524,8.86383,-3.88609,553.4259
39,28,0.5,0.5,CA,147.9992,148.1639,-34.531108240703574,-34.363271892797954,1.60341,-7.90907,546.4636
39,53,0.5,0.5,CA,11.6856,11.7602,-8.761307883762788,-8.77768688438244,1.14107,-0.5828,181.8033
39,61,0.7,0.3,CV,10.4038,10.4038,-9.357112010670829,-9.357112010670829,0.0,0.0,18.8109
40,29,0.619,0.381,CV,13.2143,13.233,-26.40629739028388,-26.41577358323852,-0.52964,1.47054,294.6997
40,33,0.6153,0.3847,CV,12.0203,11.9083,-15.122488956014504,-15.122858397607082,0.86309,-1.21407,592.7367
40,42,0.6176,0.3824,CV,22.249,22.2548,-43.65404033785944,-43.651215479938855,4.413,1.25468,831.8922
40,32,0.6174,0.3826,CV,49.9693,50.0591,-13.821490833161286,-13.82632505310222,2.06071,-0.51219,1677.405
40,47,0.6158,0.3842,CV,107.8761,112.1741,-73.52134976950362,-73.73226349121161,41.58196,-2.58618,2909.3395
40,56,0.4737,0.5263,CA,23.0484,22.6758,-12.98374283983545,-12.316853742836193,53.53824,1.41311,506.8196
40,57,0.6237,0.3763,CV,6.9329,7.0012,-9.748688051627882,-9.774976484744478,-2.57326,0.24028,456.0589
40,58,0.5879,0.4121,CV,31.5619,28.6474,-12.98860745433394,-12.966752351126345,-23.82997,-42.69932,5482.4439
40,26,0.5863,0.4137,CV,29.4187,28.9231,-11.51396772224773,-11.441141012497978,8.41606,-4.15037,581.3593
40,61,0.6207,0.3793,CV,13.4659,13.4659,-18.226387911408718,-18.121906055350287,6.63541,-0.98367,25.6662
40,28,0.5485,0.4515,CV,31.2292,30.8336,-12.72657274148175,-12.618775340948948,3.32251,-9.22076,529.625
40,53,0.578,0.422,CV,5.1559,5.129,-7.316805482194365,-7.329078749730993,0.62407,-0.23305,164.3772
40,35,0.6181,0.3819,CV,2.6035,2.6042,-6.782326284821446,-6.789194856075001,-0.07247,-0.01305,18.5516
41,29,0.6166,0.3834,CV,10.0898,10.0071,-21.519120586402458,-21.518909173801756,-0.41273,1.73045,284.8107
41,33,0.6152,0.3848,CV,23.6528,23.6403,-12.995013040496104,-12.994127609557525,0.9122,-1.84564,564.7551
41,32,0.6179,0.3821,CV,16.7214,16.7347,-11.931898899063608,-11.939412453315281,0.96532,0.02096,1754.3905
41,47,0.5446,0.4554,CV,64.0129,62.7365,-83.20749313729982,-82.91584085051329,64.11182,-4.1725,2641.4201
41,57,0.621,0.379,CV,12.0798,12.0891,-10.49271920303173,-10.504049716242006,-1.42642,-0.6293,413.836
41,58,0.6035,0.3965,CV,25.5875,22.5786,-12.5708293402496,-12.561314973633477,-16.4971,-32.36019,5880.8529
41,26,0.5866,0.4134,CV,46.2638,45.9377,-13.915603197789025,-13.838472351589992,7.14844,-5.27308,636.343
41,61,0.2022,0.7978,CA,19.7625,19.5775,-39.25673445059973,-37.40616937407992,24.67478,-1.05799,57.4837
41,28,0.5413,0.4587,CV,43.8767,43.4653,-18.615899644626605,-18.409257487022774,7.22989,-11.23645,540.7285
41,53,0.605,0.395,CV,12.4268,12.4964,-9.080994380371887,-9.092148998268724,-0.74722,0.59034,160.8912
42,29,0.6159,0.3841,CV,9.2564,9.1828,-10.42362349593201,-10.424076109554814,-0.83053,1.53238,273.2195
42,33,0.6105,0.3895,CV,28.8049,28.7263,-12.881038088075321,-12.860637594000385,1.46451,-2.39298,530.9765
42,32,0.6182,0.3818,CV,30.9158,30.9987,-12.054283392364836,-12.062519554492445,-0.59328,0.46557,1750.6817
42,47,0.5236,0.4764,CV,54.2089,52.2055,-43.979139787554715,-43.70713227916639,69.11184,-6.44377,2576.1679
42,57,0.6194,0.3806,CV,6.5666,6.5085,-11.031318610146592,-11.040263673006539,-1.41251,-5e-05,381.4909
42,58,0.6201,0.3799,CV,24.965,25.1793,-12.809803210951914,-12.84744643914377,-8.70396,-22.05166,5927.7794
42,26,0.607,0.393,CV,21.2507,21.2634,-10.721905543632973,-10.729055673802565,3.87989,-4.3098,645.7719
42,61,0.1179,0.8821,CA,15.7793,14.8706,-26.51486916641652,-24.619580165025443,51.23481,-1.38186,99.6326
42,28,0.5526,0.4474,CV,37.3965,36.9267,-17.421542455197553,-17.27105061805416,9.0498,-10.33152,567.7739
42,53,0.5853,0.4147,CV,27.4579,27.3987,-15.500880446632538,-15.390845324554636,-2.82507,2.19631,156.8852
43,29,0.6173,0.3827,CV,3.7093,3.6254,-8.12372209717648,-8.130871495841177,-0.50981,1.20478,264.046
43,32,0.6177,0.3823,CV,38.2397,38.2935,-12.361186811201526,-12.366857749958465,1.04226,-0.64912,1843.4474
43,47,0.5697,0.4303,CV,41.9299,41.0103,-24.317764721478376,-24.262047372694614,52.27053,-8.23751,2541.8648
43,57,0.6189,0.3811,CV,5.273,5.2173,-11.025819197414611,-11.034562558558466,-1.31986,0.02527,355.9021
43,58,0.6083,0.3917,CV,53.7919,52.3886,-13.411984173330339,-13.374991558434246,-7.07648,-20.81497,6059.5904
43,26,0.6103,0.3897,CV,22.6296,22.4859,-14.609703252876631,-14.600406677335922,4.20746,-2.63727,649.4894
43,61,0.084,0.916,CA,15.3488,14.0299,-39.83373993231991,-37.68003639156108,84.23543,1.38016,128.7282
43,28,0.5633,0.4367,CV,26.7821,26.0655,-20.464824858480448,-20.34149906059384,9.30139,-10.23267,574.7947
43,53,0.5647,0.4353,CV,29.6594,29.4573,-16.33619517817838,-16.170803052965265,-3.70194,2.79048,163.1993
43,33,0.5796,0.4204,CV,54.8298,54.7217,-27.410640887614633,-27.26905345226378,5.08414,-1.33679,478.749
44,29,0.618,0.382,CV,8.0953,8.0994,-8.956264313600714,-8.96449928920054,-0.80714,0.45193,257.294
44,32,0.6157,0.3843,CV,44.2214,44.1279,-12.748074991284353,-12.745960868549037,2.05783,-1.55724,1977.5447
44,47,0.6077,0.3923,CV,43.2879,43.6708,-18.0498365055003,-18.084515192078786,25.81851,-9.28863,2378.603
44,57,0.6195,0.3805,CV,4.1493,4.1698,-14.634096570419931,-14.646409977964645,-0.60249,-0.16914,329.8803
44,58,0.603,0.397,CV,89.3247,88.3827,-15.17750194723653,-15.136137015268858,-6.11283,-14.00164,6419.4827
44,26,0.6095,0.3905,CV,24.2815,24.0861,-18.416303192784714,-18.399008811034186,4.2629,-1.99559,646.92
44,61,0.5281,0.4719,CV,4.6476,5.6584,-34.30755453869606,-34.70435559144404,70.11199,0.62663,127.5095
44,28,0.5641,0.4359,CV,28.1197,27.42,-24.301414648649533,-24.165696843045467,9.69569,-10.50958,580.6445
44,53,0.5475,0.4525,CV,34.6589,34.3987,-17.505299982052172,-17.300304893405244,-4.69101,3.69257,165.0661
45,29,0.6185,0.3815,CV,8.5057,8.5302,-11.41161571856988,-11.420867456432921,-0.06961,0.29403,255.6728
45,32,0.6156,0.3844,CV,36.8572,36.7514,-12.552822914974046,-12.553241016213983,0.57557,-1.77475,2121.9292
45,57,0.6187,0.3813,CV,4.6748,4.6369,-18.352659440678327,-18.360583365692705,-0.67257,-0.05593,306.7739
45,58,0.6223,0.3777,CV,72.9439,74.5293,-14.300250943385072,-14.347778563917469,-2.31252,-3.49546,6231.623
45,26,0.6109,0.3891,CV,16.1645,15.9099,-17.861681476020355,-17.851299241761136,3.88821,-1.70109,649.366
45,61,0.5665,0.4335,CV,6.1561,5.7194,-48.77949166011434,-48.70462107142726,49.18393,4.01051,137.2951
45,28,0.547,0.453,CV,36.2092,35.4816,-20.8471891971934,-20.640933983902567,11.34362,-12.10573,586.1042
45,53,0.5123,0.4877,CV,64.9217,64.644,-32.432956900265964,-32.111526915646834,-5.8067,4.83277,196.3267
45,63,0.7,0.3,CV,5.0886,5.0886,-7.483201610299484,-7.483201610299484,0.0,0.0,48.4993
46,29,0.6169,0.3831,CV,10.4898,10.4594,-8.857444443392616,-8.859163268685124,-0.08131,0.61444,257.9195
46,32,0.6167,0.3833,CV,10.4339,10.2586,-12.132497226362153,-12.137641992574231,0.19403,-1.30311,2231.4393
46,57,0.6061,0.3939,CV,28.7564,28.7205,-19.93472018741294,-19.890772448024364,-2.69064,0.2952,286.7524
46,58,0.618,0.382,CV,97.2157,97.5489,-15.883174327285223,-15.88407179299779,0.55342,2.4999,5859.1664
46,26,0.6117,0.3883,CV,16.1811,15.9479,-13.472753768379997,-13.463833149231855,3.73367,-1.69983,657.6455
46,61,0.5249,0.4751,CV,15.1435,16.6192,-32.49917668934937,-32.200360975448746,-41.12587,0.01021,140.3251
46,28,0.5427,0.4573,CV,34.741,34.0484,-24.821707587079676,-24.623035189288217,13.02172,-12.02951,577.4477
46,53,0.5781,0.4219,CV,7.6273,7.4481,-8.80023506284709,-8.795131448938372,-4.22857,3.69343,209.5877
46,33,0.5,0.5,CA,124.0338,124.1343,-45.568328491272794,-45.33950976251,2.9034,-1.8841,611.224
47,29,0.6126,0.3874,CV,23.5987,23.5535,-18.393363386000452,-18.37953661851601,-0.07353,0.52628,275.0847
47,32,0.6129,0.3871,CV,88.3346,88.2683,-17.906093130937457,-17.893767160608242,4.12199,-2.6736,2376.2531
47,57,0.6064,0.3936,CV,13.7178,13.5935,-35.19467742822275,-35.17078348364834,-2.6224,-0.18616,265.6634
47,58,0.6044,0.3956,CV,120.6913,120.3982,-35.80466427583055,-35.754718570493964,-5.59105,4.66739,5503.3973
47,26,0.6116,0.3884,CV,20.5254,20.3437,-11.450737877467313,-11.440399510520612,3.75199,-1.57146,675.4684
47,61,0.6317,0.3683,CV,4.7594,5.0629,-38.6155117348157,-38.81697615167835,-21.76143,0.59931,117.2213
47,28,0.5625,0.4375,CV,18.336,17.4918,-14.92114812858349,-14.80857416670748,12.429,-10.99003,573.8725
47,53,0.6114,0.3886,CV,11.9014,12.1829,-9.10582644684406,-9.143929450473813,-2.04587,1.46473,213.6532
47,33,0.444,0.556,CA,269.0662,269.3256,-141.88415730853407,-141.35682681780023,-12.28621,4.06512,534.14
47,63,0.5,0.5,CA,7.7089,7.7089,-7.535355681915451,-7.55904735833777,1.28519,1.00652,118.1034
48,29,0.6017,0.3983,CV,53.6501,53.5901,-51.76834237080983,-51.71497749508461,1.4622,1.47586,304.0385
48,32,0.6051,0.3949,CV,121.32,121.1897,-21.460698062401725,-21.421269507097414,7.83044,-3.88567,2293.8859
48,57,0.6052,0.3948,CV,19.2588,19.1815,-35.25090031730242,-35.22114290225827,-2.82007,-0.28137,259.6079
48,58,0.5945,0.4055,CV,86.2768,85.4596,-45.44076947474723,-45.36961247372305,-6.05798,4.84768,5132.9454
48,26,0.6135,0.3865,CV,12.6493,12.4262,-10.155917388838231,-10.1536148098081,3.12567,-1.4306,682.8862
48,61,0.66,0.34,CV,4.8611,5.3103,-40.73229329431872,-40.90124751955608,-2.31244,1.30032,94.7551
48,28,0.495,0.505,CA,46.1102,45.3818,-30.22938570253836,-29.817019755836107,19.04499,-13.68026,569.8282
48,53,0.612,0.388,CV,35.8193,35.9428,-15.77914406266594,-15.770647310733057,0.87958,-1.57894,208.1204
48,33,0.5114,0.4886,CV,45.8369,45.1593,-16.66673073422387,-16.489830508839102,-13.14045,4.80098,538.781
48,63,0.5962,0.4038,CV,3.7033,3.7007,-6.49250820852449,-6.579964166341357,1.83046,3.93617,143.8659
49,29,0.5937,0.4063,CV,61.4019,61.334,-29.67063994533452,-29.600031229837878,1.54013,3.51577,297.6407
49,32,0.5772,0.4228,CV,138.9047,138.4434,-33.76885729182746,-33.62531106278391,13.87829,-6.58376,2196.5611
49,57,0.5748,0.4252,CV,55.3045,55.1766,-31.02924841651928,-30.87580060275471,-4.25754,-0.65204,277.1111
49,58,0.5985,0.4015,CV,72.4312,71.9306,-30.799733610026294,-30.759777316666458,-12.07729,2.70804,4907.149
49,26,0.6151,0.3849,CV,11.3464,11.1877,-10.025052625530295,-10.026610280613642,2.45947,-1.33744,682.0362
49,61,0.605,0.395,CV,5.9795,5.9283,-18.07432951191438,-17.96414949383044,-10.00242,0.66094,76.654
49,28,0.4896,0.5104,CA,36.2376,35.2912,-15.4460988094253,-15.10930439041682,23.22315,-14.2414,588.9378
49,53,0.5888,0.4112,CV,29.1903,29.0672,-16.424828869181653,-16.318829597366594,2.63283,-2.93184,203.339
49,33,0.6042,0.3958,CV,47.6787,48.2777,-27.16562257664293,-27.269926844237627,-3.09921,3.21079,564.8968
49,63,0.6333,0.3667,CV,6.2703,6.4758,-23.0187138931206,-23.123308103340165,1.62797,-0.27889,147.1286
50,29,0.6063,0.3937,CV,33.4467,33.4836,-20.39623569345247,-20.38981534780823,-0.23773,2.543,279.3539
50,32,0.5635,0.4365,CV,87.8138,86.8983,-42.39955282454695,-42.24094354690944,18.01405,-8.6821,2212.2837
50,57,0.554,0.446,CV,57.5919,57.3478,-23.057605134941838,-22.864064858382086,-5.752,-2.05741,281.2317
50,58,0.5491,0.4509,CV,141.8019,140.8596,-29.987343941245864,-29.739334969540128,-22.06294,1.19325,4419.6665
50,26,0.6143,0.3857,CV,17.7801,17.6377,-10.433861868124357,-10.429683963440866,2.68898,-1.08989,679.3734
50,28,0.5401,0.4599,CV,14.7689,13.4778,-12.595168324302396,-12.468476905264232,21.30423,-14.00365,595.4655
50,53,0.5512,0.4488,CV,29.3883,29.1325,-27.08751901369577,-26.86224801378776,3.53793,-3.94902,195.17
50,33,0.6093,0.3907,CV,17.837,17.6552,-47.39386207727888,-47.3845899102816,-4.00809,2.48194,583.8368
50,61,0.6418,0.3582,CV,3.2077,3.6032,-23.075843181161027,-23.20449581374625,-2.1396,0.3905,65.4222
51,29,0.3643,0.6357,CA,143.6918,143.775,-147.54952548917532,-146.53611868644643,7.99809,-11.39121,260.7941
51,32,0.5621,0.4379,CV,89.6258,89.1717,-21.744963742523606,-21.600643450993765,9.25069,-13.04926,2135.7459
51,57,0.432,0.568,CA,99.9294,99.6418,-70.36077774066123,-69.70694498307196,-11.3552,-4.75154,262.9988
51,58,0.5325,0.4675,CV,82.308,80.7178,-22.905586842161387,-22.662656792092015,-27.74385,-0.74976,4021.7056
51,26,0.6146,0.3854,CV,14.0428,13.8815,-10.130664140628104,-10.129078181686687,2.58757,-1.03726,681.0993
51,61,0.5892,0.4108,CV,11.3533,11.3105,-12.04940091920815,-11.900860107159584,-5.79326,0.54288,60.5335
51,28,0.5586,0.4414,CV,15.1321,13.9739,-10.975176051097936,-10.85067794422557,19.80775,-13.43794,591.4273
51,53,0.5683,0.4317,CV,13.7456,13.4412,-24.67746346371264,-24.576161216434425,3.10704,-4.98568,196.2908
51,33,0.6115,0.3885,CV,16.1894,15.98,-30.661652693958143,-30.654248847695,-4.05162,1.54867,605.1047
51,63,0.5,0.5,CA,25.4131,25.4912,-16.368353931323078,-15.949713828645253,-9.28853,-2.02167,141.689
52,29,0.4901,0.5099,CA,43.5472,43.6675,-44.038938439739944,-43.88907360864777,-2.54063,-12.87594,275.4856
52,32,0.6108,0.3892,CV,35.247,36.0443,-11.976001771612932,-12.034904849653032,-0.73479,-7.41646,2153.0524
52,57,0.5034,0.4966,CV,23.3733,22.8043,-12.073872087284524,-11.882016469865864,-11.99496,-5.06577,279.4
52,58,0.547,0.453,CV,51.1924,49.5276,-17.163258330698184,-17.002767650923065,-30.99545,-2.77007,3658.603
52,26,0.6125,0.3875,CV,23.5328,23.3971,-12.758963819404695,-12.748111698950229,2.9693,-0.84518,666.8122
52,61,0.6285,0.3715,CV,5.2837,5.5649,-9.868477724367809,-9.96299662976628,-1.07647,0.29052,54.6896
52,28,0.5808,0.4192,CV,23.0249,22.7231,-24.780211219791045,-24.71950070807528,15.01695,-10.98599,551.4384
52,53,0.5803,0.4197,CV,16.3021,16.1264,-22.182745394355948,-22.10582090616824,1.20426,-5.64697,195.7611
52,33,0.6127,0.3873,CV,15.8349,15.6308,-24.036366380028387,-24.03081313721551,-3.79371,0.75917,624.7147
52,63,0.5341,0.4659,CV,8.4264,7.9057,-7.7137857116958255,-7.547937037585545,-9.43825,-1.73626,131.1082
52,35,0.5,0.5,CA,17.0453,17.0454,-9.944202875614078,-9.943094804416516,0.22019,0.12761,23.5527
52,65,0.7,0.3,CV,16.2178,16.2178,-10.118133720067279,-10.118133720067279,0.0,0.0,94.9254
53,29,0.2086,0.7914,CA,89.5373,89.4085,-89.2200637360987,-87.59876783793612,-24.79748,-7.86409,308.8773
53,32,0.5929,0.4071,CV,66.2533,65.9448,-19.42264266644427,-19.33534899733005,-9.94996,-6.25481,2037.4936
53,58,0.6089,0.3911,CV,28.0818,29.1115,-14.74734574831919,-14.81999705515334,-13.34585,-1.09206,3233.5445
53,26,0.6142,0.3858,CV,12.012,11.8349,-10.64209920614177,-10.64130751928117,2.72647,-0.58321,663.15
53,61,0.6149,0.3851,CV,7.3456,7.381,-20.077726656277612,-20.055981495893715,1.66834,0.13433,50.9586
53,28,0.6181,0.3819,CV,7.1737,7.5943,-32.38950946664267,-32.45177087352189,7.12942,-5.19203,507.4977
53,53,0.5484,0.4516,CV,35.9694,35.8737,-35.46021531539029,-35.23610220821863,-3.40951,-5.88141,193.9933
53,33,0.6126,0.3874,CV,18.0961,17.8929,-16.59781719918177,-16.589873561374056,-3.50766,0.37254,651.45
53,65,0.6286,0.3714,CV,24.4813,24.4813,-14.920565229553814,-14.849848729949278,-6.7715,-8.26344,139.9056
53,35,0.5758,0.4242,CV,3.3248,3.3227,-6.253124993861155,-6.2564628275538094,0.25769,0.17016,22.5978
54,29,0.1265,0.8735,CA,82.6564,81.6481,-65.49123385382059,-63.66743043047768,-54.67782,-7.0817,360.1276
54,32,0.5882,0.4118,CV,41.0559,40.3375,-26.637531954480682,-26.557189244658794,-12.26909,-4.36039,1903.467
54,58,0.622,0.378,CV,36.4785,36.9597,-15.211505710880852,-15.249344927954732,0.94627,1.30242,2791.6269
54,26,0.6151,0.3849,CV,12.6487,12.5031,-10.100874528336506,-10.101293205915065,2.6378,-0.47657,664.4403
54,28,0.5856,0.4144,CV,36.3786,36.2854,-15.908625645774672,-15.780272127512179,11.54788,-3.52411,476.2843
54,53,0.3992,0.6008,CA,46.1788,45.817,-53.423905728185346,-52.6429636387739,-7.40355,-9.46707,184.6801
54,33,0.6079,0.3921,CV,34.6088,34.4077,-13.633641124999084,-13.606330721461259,-4.05505,1.09617,692.0984
54,65,0.5692,0.4308,CV,17.2553,16.8744,-10.394615804286367,-10.183637144941333,-13.22496,-12.84074,229.856
54,61,0.5966,0.4034,CV,10.7362,10.6948,-15.008116338347673,-14.930362477723069,2.47532,-0.00787,44.7132
54,67,0.7,0.3,CV,34.7232,34.7232,-12.027351986371642,-12.027351986371642,0.0,0.0,419.6723
55,29,0.1214,0.8786,CA,68.5716,67.1466,-42.379033609877034,-40.62328057259104,-90.27117,-2.91736,424.7001
55,32,0.5896,0.4104,CV,35.1663,34.5032,-27.974955563710395,-27.90708661609421,-13.49553,-1.50289,1768.4412
55,58,0.6196,0.3804,CV,22.9254,22.7602,-11.467225103330005,-11.475310462357902,2.8041,-1.79669,2353.0838
55,26,0.6165,0.3835,CV,8.0532,7.9152,-9.88816023398882,-9.893143446125048,2.06879,-0.56862,659.1114
55,28,0.6036,0.3964,CV,14.7252,14.6049,-9.467558826898816,-9.461725870905493,7.64902,-0.97477,446.2439
55,53,0.4439,0.5561,CA,19.5922,19.0774,-14.203390172339063,-13.818990072673374,-10.50894,-10.26097,186.6182
55,33,0.6047,0.3953,CV,40.527,40.2723,-12.558588466620336,-12.524876224499803,-4.23788,1.3258,752.8676
55,65,0.5925,0.4075,CV,13.9162,13.9169,-9.844719827056496,-9.816597109554966,-11.99815,-14.91341,292.9849
55,67,0.5885,0.4115,CV,86.2338,86.2338,-51.718070499808306,-51.478658642996805,45.61847,5.41859,579.7242
55,61,0.6217,0.3783,CV,7.7697,7.8921,-22.914284406566566,-22.968606363505618,-0.21468,-0.11331,42.0382
56,29,0.0728,0.9272,CA,67.1209,64.8782,-38.849217622938994,-36.535933023219215,-148.22905,1.87514,530.7723
56,32,0.582,0.418,CV,41.8503,41.195,-23.599661671839364,-23.498593128118536,-15.31706,1.03568,1632.8956
56,58,0.612,0.388,CV,42.4814,42.5808,-12.990584976613352,-12.970052639188573,8.43992,0.34711,2057.2049
56,26,0.6169,0.3831,CV,8.6468,8.5285,-9.755134344634168,-9.760010188564426,1.81818,-0.60929,653.8806
56,28,0.6129,0.3871,CV,16.6429,16.6877,-10.239182366323869,-10.246064331120861,3.32516,1.35376,421.2208
56,53,0.3591,0.6409,CA,41.1296,40.7251,-52.015843615281,-51.21417203739184,-18.12063,-11.0837,202.7645
56,33,0.6105,0.3895,CV,32.0442,31.9792,-12.0621934453642,-12.057477954233583,-3.59536,1.67056,751.573
56,65,0.6406,0.3594,CV,11.1935,11.7453,-11.789446315743607,-11.931064931324201,3.25301,-7.19083,313.277
56,67,0.4622,0.5378,CA,40.0333,38.8006,-34.77372948111473,-34.19181316459637,77.38625,18.06339,1067.82
56,57,0.5,0.5,CA,115.4119,115.1375,-55.144357856040834,-54.42203660890014,-15.66992,-4.94883,265.0184
56,63,0.5,0.5,CA,54.5447,54.4284,-45.31510423459772,-44.83651556141263,-5.63761,-5.06906,97.7786
57,29,0.2748,0.7252,CA,24.4246,22.2589,-13.659250632410574,-12.9892937913399,-164.70859,8.48678,611.284
57,32,0.5361,0.4639,CV,83.1231,82.4883,-25.402168978677842,-25.125941308957366,-21.61026,3.577,1575.9051
57,58,0.6088,0.3912,CV,32.6223,32.3889,-16.38763975391103,-16.364872421926542,6.71713,2.43837,1820.1758
57,26,0.6171,0.3829,CV,11.1282,11.0559,-10.677680744766853,-10.682506302233383,1.78962,-0.41407,657.9826
57,28,0.6164,0.3836,CV,14.0528,14.1092,-13.141032431903787,-13.149105603159747,-0.0177,2.09448,394.9025
57,53,0.3735,0.6265,CA,28.9405,28.1045,-25.51020066288278,-24.890308933770513,-24.58124,-13.83954,223.6085
57,33,0.6004,0.3996,CV,67.0359,66.9689,-18.977409875620012,-18.92177467895004,-4.03628,1.95235,687.452
57,65,0.6459,0.3541,CV,1.5978,1.5856,-9.491023263617631,-9.584821199640114,2.67804,-3.43107,297.2451
57,67,0.3781,0.6219,CA,38.3494,35.4447,-38.759685065484966,-38.0137908386325,109.05549,24.77634,1728.4404
57,57,0.607,0.393,CV,19.134,19.5197,-20.621078481962673,-20.753611432731386,-8.08314,-2.85614,265.0177
57,68,0.7,0.3,CV,27.2492,27.2492,-21.068338758546137,-21.068338758546137,0.0,0.0,94.7594
57,69,0.7,0.3,CV,8.2139,8.2139,-10.59825510343731,-10.59825510343731,0.0,0.0,509.6014
58,29,0.1125,0.8875,CA,38.7418,35.3271,-37.70681718214647,-35.656712223086174,-236.31159,16.4376,809.3281
58,32,0.5755,0.4245,CV,24.5602,23.671,-12.043122711381887,-11.99325810625502,-17.27543,4.27464,1505.9424
58,58,0.611,0.389,CV,18.0485,17.6792,-25.97471182351371,-25.96610922021829,5.93697,2.53827,1594.1856
58,26,0.6167,0.3833,CV,12.3736,12.282,-10.380345778659418,-10.383330155627673,1.89044,-0.3181,651.6228
58,53,0.3016,0.6984,CA,33.5423,32.5295,-21.944577611021977,-20.981839565523106,-37.7559,-19.42708,248.2777
58,33,0.6162,0.3838,CV,27.476,27.7029,-22.503137677517127,-22.528707464775632,-0.54648,2.15233,719.4075
58,65,0.6405,0.3595,CV,2.8823,2.8869,-8.65929406709656,-8.721372440552214,1.19366,-1.95013,269.0655
58,67,0.4269,0.5731,CA,38.6374,36.0782,-30.511189186918248,-30.087332890261763,106.51687,38.89938,2249.6036
58,68,0.6121,0.3879,CV,30.6909,30.6909,-23.135399951737227,-22.994540171140084,-17.56541,2.20122,137.6885
58,69,0.648,0.352,CV,6.4863,6.4863,-9.53614341636962,-9.549479100681932,1.57801,-1.98558,678.8608
58,57,0.6025,0.3975,CV,21.7325,21.7236,-14.48028254138107,-14.438481096681883,-5.10441,1.00272,255.6802
58,70,0.7,0.3,CV,32.8331,32.8331,-22.352411572126535,-22.352411572126535,0.0,0.0,49.7209
59,29,0.7786,0.2214,CV,22.6816,28.4466,-17.091567140079544,-18.592614137035667,-68.41093,6.99491,605.9842
59,32,0.6027,0.3973,CV,15.86,15.6542,-10.629550166417046,-10.634852198765955,-11.23343,4.30474,1408.939
59,58,0.609,0.391,CV,23.0099,22.6858,-33.54410051368404,-33.523550155411804,6.14683,2.44713,1411.4727
59,26,0.6156,0.3844,CV,16.6947,16.6,-11.105069706313076,-11.103931215179408,2.16318,-0.26489,637.8445
59,53,0.623,0.377,CV,16.7509,18.2686,-13.209715580720843,-13.68992073051502,-14.52249,-7.5114,265.8056
59,65,0.6347,0.3653,CV,2.8854,2.9658,-10.592763779652426,-10.637877643271642,1.00715,-0.52326,243.9215
59,67,0.5991,0.4009,CV,22.2979,25.0076,-29.87306396953461,-30.076460001669833,48.21652,19.18341,2350.2143
59,68,0.5064,0.4936,CV,19.6694,19.1581,-24.554426092103874,-24.11500588921953,-30.705,6.8424,240.733
59,69,0.4897,0.5103,CA,112.0354,112.0567,-50.09091205371786,-49.53114762160226,1.37106,-27.0735,1270.3125
59,57,0.5876,0.4124,CV,22.3951,22.2226,-13.754678468054392,-13.65772624469393,-3.66087,3.0626,245.9969
59,70,0.6031,0.3969,CV,37.8373,37.8373,-33.86686085041158,-33.68802426869542,-12.48953,-3.38503,70.9726
60,29,0.5667,0.4333,CV,31.7052,31.2662,-35.919809975770065,-35.46853865007732,-57.47967,6.18125,522.6805
60,32,0.6153,0.3847,CV,19.2497,19.3726,-10.688034947178343,-10.706361748619221,-5.18013,4.10663,1332.26
60,58,0.602,0.398,CV,32.1559,31.8152,-30.780642812639076,-30.733721596185532,6.49315,3.20267,1284.1202
60,26,0.6147,0.3853,CV,16.6637,16.551,-10.289943363349957,-10.286857151361408,2.24892,-0.07624,620.3844
60,53,0.6032,0.3968,CV,29.4708,30.0673,-19.79837752489665,-19.736024116086206,12.49806,5.12755,258.5478
60,65,0.6137,0.3863,CV,15.4691,15.4528,-18.47522458466244,-18.43955535462543,1.79362,1.9287,213.5798
60,67,0.6344,0.3656,CV,22.2611,23.4644,-27.154360396355152,-27.259307842166745,9.71905,2.88692,2224.0565
60,68,0.1675,0.8325,CA,33.2982,31.9615,-22.651474038815397,-20.73618923968884,-70.35261,6.9375,442.4124
60,69,0.5806,0.4194,CV,60.3731,61.8118,-18.653990226737143,-18.691770361282536,36.66555,-2.97162,1723.4806
60,57,0.5914,0.4086,CV,20.5246,20.437,-15.913120568659957,-15.853822214260699,-0.38143,4.07954,235.8772
60,70,0.2789,0.7211,CA,39.1508,38.7671,-34.911938704825346,-33.51021887650174,-34.8232,-7.82324,150.4469
60,61,0.5,0.5,CA,33.0221,33.0255,-24.839020745738388,-24.745502830894562,1.4186,0.14231,38.1045
60,71,0.7,0.3,CV,18.3905,18.3905,-13.446634850942546,-13.446634850942546,0.0,0.0,41.5786
61,29,0.6208,0.3792,CV,30.8326,32.2816,-18.29241080191766,-18.38701177772329,13.45062,-3.22398,480.4503
61,32,0.6134,0.3866,CV,23.4621,23.246,-11.455618331213309,-11.447238471149275,-3.55121,4.74915,1244.5985
61,58,0.6039,0.3961,CV,21.6935,21.2819,-29.84773147084877,-29.81908883113883,5.8591,2.97627,1172.3462
61,26,0.6155,0.3845,CV,11.0329,10.9006,-10.263318968646228,-10.264726391352445,2.17358,-0.28574,610.244
61,53,0.4561,0.5439,CA,28.6721,28.1061,-16.71195302355933,-16.083985233226265,23.13612,9.66623,254.4063
61,65,0.6144,0.3856,CV,28.7754,28.9234,-17.94557387325551,-17.94390349302495,-1.09728,0.53463,208.7416
61,67,0.6177,0.3823,CV,39.0695,39.5683,-21.797043776650987,-21.778554457929282,-19.96076,-5.20925,2029.8593
61,68,0.2484,0.7516,CA,24.0359,21.5533,-12.501636082633285,-11.560316070754563,-106.97736,6.67059,582.3406
61,69,0.6198,0.3802,CV,17.0702,17.1417,-15.003694091380748,-15.073606804142067,27.45083,-0.10843,1885.5531
61,57,0.589,0.411,CV,18.8915,18.7027,-11.180161380271079,-11.105117591614128,1.42531,4.13193,229.9173
61,70,0.0868,0.9132,CA,39.4264,37.9572,-31.737178613428302,-29.39284909885643,-79.66871,-17.15976,295.7611
61,71,0.6314,0.3686,CV,30.6323,30.6323,-21.759197931504012,-21.7000871698396,-3.17815,-0.03213,63.2725
61,61,0.5786,0.4214,CV,2.4979,2.5473,-6.627405124653441,-6.64198003079037,0.87887,0.18184,34.7287
61,28,0.5,0.5,CA,41.9499,41.9681,-15.26823981634886,-15.252333085541906,2.05377,0.00133,314.0316
62,29,0.4059,0.5941,CA,41.6675,41.1329,-23.672703525672695,-22.81384181549317,48.71271,-8.83557,467.9153
62,32,0.6054,0.3946,CV,35.707,35.4318,-20.179067894822154,-20.14014886082407,-4.56731,5.52022,1191.7065
62,58,0.6123,0.3877,CV,9.1187,8.9082,-23.67066043423217,-23.674542959738602,3.64059,2.49049,1072.8007
62,26,0.6178,0.3822,CV,3.9646,3.9221,-10.289665524127837,-10.299596073714431,1.47636,0.08513,603.674
62,53,0.3561,0.6439,CA,26.7712,25.6497,-15.698140669345928,-14.866256083293486,34.55496,13.95917,268.9651
62,65,0.5895,0.4105,CV,36.0648,36.1081,-21.13177344196357,-21.02506553125081,-2.73903,-1.68686,176.8067
62,67,0.6132,0.3868,CV,30.9383,30.7539,-13.188601632271743,-13.175801861665004,-18.32245,-7.59191,1817.1427
62,68,0.4384,0.5616,CA,9.2611,6.9347,-8.226776601559681,-8.031330598743128,-105.51751,4.93941,621.7714
62,69,0.5661,0.4339,CV,36.8365,35.5367,-13.110517383195225,-12.899891273027583,38.99351,0.78639,1915.0523
62,57,0.5598,0.4402,CV,56.5271,56.4647,-34.77535728140168,-34.58453858321001,-2.87516,4.07884,247.9372
62,70,0.1171,0.8829,CA,32.5345,30.4315,-27.314372576509534,-25.574842366975474,-130.59207,-24.5387,409.3686
62,71,0.5849,0.4151,CV,20.0253,19.8429,-15.744722829143711,-15.59393826736541,-7.33567,-0.98921,100.768
62,61,0.6021,0.3979,CV,4.0159,3.9941,-18.94099413389936,-18.93934954639089,0.65156,0.16085,35.355
62,28,0.5775,0.4225,CV,26.6959,26.805,-13.085377106642886,-13.095605012209443,-1.17122,0.9895,293.8958
63,29,0.4709,0.5291,CA,39.965,39.3445,-31.60755358477334,-31.322432738017472,45.70315,-10.21855,539.9639
63,32,0.6036,0.3964,CV,35.9017,35.6099,-13.258306765984162,-13.223450402513308,-3.06333,5.94583,1158.854
63,58,0.6177,0.3823,CV,9.9333,10.0156,-17.070547486999452,-17.084740246180818,1.35093,1.76109,983.9969
63,26,0.6191,0.3809,CV,3.8907,3.9736,-10.996962771627368,-11.009027512118484,0.6178,0.0895,597.5969
63,53,0.3975,0.6025,CA,17.6127,16.2156,-11.827009471072532,-11.312439309321476,42.47515,16.27395,295.1333
63,65,0.6076,0.3924,CV,2.7155,2.6048,-7.337152385681624,-7.342396120890565,-2.0286,-1.09803,161.4981
63,67,0.6208,0.3792,CV,24.3469,24.4505,-11.176089210685795,-11.20237949596543,-8.51135,-4.63237,1623.3251
63,68,0.5775,0.4225,CV,4.5115,4.1033,-7.7268213281998035,-7.824790154849182,-75.70779,1.54868,625.2579
63,69,0.622,0.378,CV,8.188,9.3416,-18.54410017580441,-18.644515310837612,21.28925,3.06945,1826.0773
63,70,0.3893,0.6107,CA,8.7085,7.1613,-12.670200796496253,-12.456980901328105,-129.73959,-22.26898,457.0521
63,71,0.5754,0.4246,CV,12.635,12.233,-20.43515990983502,-20.313790330127087,-9.56559,-0.91808,136.1101
63,28,0.591,0.409,CV,22.7864,22.7075,-12.066934708506196,-12.020900303136045,-2.9248,1.50765,284.2117
63,61,0.6117,0.3883,CV,11.5924,11.6198,-10.997436487985606,-11.00146302201346,-0.30167,0.06118,36.7333
64,29,0.3964,0.6036,CA,50.7857,49.3508,-26.503297789118946,-25.82223546498614,64.09587,-15.02747,621.2741
64,32,0.6024,0.3976,CV,59.5312,59.4322,-23.280316960838356,-23.243140300812634,1.07069,5.1565,1170.9295
64,58,0.6194,0.3806,CV,3.1968,3.2819,-14.104366850213541,-14.1178460680545,0.58487,1.08497,897.5404
64,26,0.619,0.381,CV,9.5396,9.5633,-11.645507142872617,-11.655540502328563,-0.27337,0.06691,583.77
64,53,0.4912,0.5088,CA,9.0827,7.6058,-9.077257133106894,-8.885061899989125,41.13232,15.1253,314.491
64,65,0.5203,0.4797,CV,31.1941,31.1195,-28.818210251559098,-28.440866343315413,-2.36975,-2.79301,130.0072
64,67,0.5232,0.4768,CV,84.0703,83.6956,-51.211401064602555,-50.826359472083126,-26.65536,-7.0117,1498.9831
64,68,0.6698,0.3302,CV,5.9845,8.3751,-8.674601899108437,-8.967400786912089,-23.46598,-0.51753,558.6792
64,69,0.5577,0.4423,CV,44.8233,43.8819,-45.587814369512465,-45.3400051451612,30.06452,5.72834,1650.1294
64,70,0.7048,0.2952,CV,9.9433,13.7468,-8.0683200117137,-8.793432304233395,-41.90293,-5.92675,453.4435
64,71,0.5759,0.4241,CV,11.1352,10.6584,-25.837710022717175,-25.732312195462363,-10.19318,0.78019,167.1692
64,28,0.5966,0.4034,CV,16.8106,16.6303,-14.911931865834234,-14.869137811894609,-3.34618,1.22293,276.304
64,57,0.5,0.5,CA,99.1366,98.9704,-50.22040502791516,-49.80400625138129,-7.71959,4.10692,248.9043
65,29,0.5611,0.4389,CV,64.9138,65.53,-45.33249410461581,-45.422960914767486,29.69569,-12.82845,692.0938
65,32,0.5999,0.4001,CV,60.6563,60.4276,-19.165441002907485,-19.1197740946966,3.56528,3.64473,1207.0439
65,58,0.6179,0.3821,CV,12.8959,12.8358,-10.364304103640617,-10.368954514058892,0.55301,1.1512,838.2025
65,26,0.6187,0.3813,CV,6.7482,6.7221,-10.652570583062188,-10.661242497904276,-0.38884,0.29827,568.2681
65,53,0.5366,0.4634,CV,8.3607,7.0169,-8.203825029799418,-8.060780897648907,37.13306,13.32393,323.5053
65,65,0.5925,0.4075,CV,2.9832,3.0485,-6.136592548374324,-6.179653090006294,-0.71651,-1.9486,105.3076
65,67,0.5053,0.4947,CV,49.0396,47.5262,-45.339280211208965,-45.024677965517625,-31.83082,-7.55866,1413.5822
65,68,0.646,0.354,CV,13.7089,14.4431,-14.546539261277882,-14.596813317768095,12.5577,-0.98562,466.5886
65,69,0.6239,0.3761,CV,14.6457,16.1737,-25.770897300955223,-25.891369675690612,13.25993,2.74231,1518.3773
65,70,0.6298,0.3702,CV,17.8649,18.8016,-15.04850281751653,-14.9752343520396,24.61377,7.49044,357.9863
65,71,0.5911,0.4089,CV,10.0689,9.7743,-41.76415838653029,-41.720929078469695,-9.36798,0.62909,184.3705
65,28,0.5967,0.4033,CV,20.3904,20.2502,-16.651023102999062,-16.600232577125798,-3.95775,1.17123,259.1831
65,57,0.5879,0.4121,CV,16.6418,16.8836,-19.366298376659138,-19.419229620826034,-3.75843,3.55627,241.2275
66,29,0.5233,0.4767,CV,57.6147,56.918,-29.78796752999942,-29.4908276833793,33.61239,-15.78639,740.3511
66,32,0.5994,0.4006,CV,54.6723,54.3312,-16.858675708656794,-16.81460142593844,4.78198,3.18331,1238.7895
66,58,0.6119,0.3881,CV,32.5037,32.4175,-12.192990000078144,-12.174431915499142,0.00456,1.52395,815.3943
66,26,0.6189,0.3811,CV,1.3821,1.35,-10.378868895347136,-10.389023610013755,-0.30618,0.14913,557.2087
66,53,0.5605,0.4395,CV,10.7508,9.9627,-8.484638860848127,-8.372860897386003,32.134,10.90559,316.3711
66,67,0.576,0.424,CV,24.8598,24.6748,-24.77515218462362,-24.77157287281905,-23.31354,-6.57975,1385.6041
66,68,0.559,0.441,CV,19.0512,18.525,-18.915441015267987,-18.637070122538926,26.00657,-0.33126,413.3943
66,69,0.6315,0.3685,CV,22.3471,22.9547,-19.83084657689637,-19.886881000299184,1.26064,-0.09852,1375.2252
66,70,0.3972,0.6028,CA,28.3613,29.235,-31.63098625198345,-30.722371990764934,-46.40406,-5.07375,320.5197
66,71,0.5974,0.4026,CV,8.9969,8.692,-59.02483736454477,-58.98515404732053,-7.9934,0.25794,189.9101
66,28,0.5965,0.4035,CV,19.2956,19.1427,-20.380751152507354,-20.329239750237626,-3.96422,0.35815,257.0254
66,57,0.5904,0.4096,CV,20.9916,20.8154,-12.447914807278472,-12.38405903427848,-3.9554,3.55368,254.0926
66,65,0.6275,0.3725,CV,5.3431,5.5072,-6.390551081300299,-6.475580753305255,0.08701,-0.16615,82.2504
67,29,0.5494,0.4506,CV,74.9709,74.8225,-37.081626975288394,-36.944101074953906,17.22978,-14.63277,810.3086
67,32,0.6004,0.3996,CV,53.7205,53.3608,-15.415372103872311,-15.376021117089477,5.37183,2.37268,1298.2757
67,58,0.6118,0.3882,CV,19.2115,19.0255,-13.596377875010665,-13.586663335806364,-0.04434,1.31218,792.5578
67,26,0.6181,0.3819,CV,11.0579,11.0282,-9.975310738866607,-9.981651501418183,-0.67507,0.22298,536.7793
67,53,0.6102,0.3898,CV,4.2863,4.2232,-7.383124273057877,-7.441667784999817,20.44386,6.27014,299.154
67,65,0.621,0.379,CV,4.4954,4.498,-6.063428258423884,-6.069385888348354,0.84494,0.63817,63.5906
67,67,0.6075,0.3925,CV,3.4367,3.7102,-19.015781439908295,-19.040467935124266,-14.41452,-4.28034,1323.2306
67,68,0.5559,0.4441,CV,11.2597,10.1591,-23.914231949879564,-23.751441616872576,25.62034,-0.30505,379.6159
67,69,0.5161,0.4839,CV,98.8675,98.8488,-32.05155410511539,-31.622154012781515,23.113,1.05778,1241.8868
67,70,0.0602,0.9398,CA,33.2108,31.2522,-32.73835970763989,-29.834188779632377,-108.80303,-13.46458,332.972
67,71,0.6108,0.3892,CV,3.7449,3.3976,-59.8169153566161,-59.823959475048646,-5.82098,0.27671,189.0034
67,28,0.5895,0.4105,CV,23.6827,23.469,-26.682582822385594,-26.60251983602629,-4.4709,-0.15377,256.3812
67,57,0.6023,0.3977,CV,24.4323,24.3965,-12.201126892361131,-12.182857644576055,-1.64691,2.6339,275.7303
68,29,0.531,0.469,CV,76.1246,75.4257,-26.333241029924856,-26.084050968037424,17.90972,-17.21629,884.7712
68,32,0.6007,0.3993,CV,58.6765,58.3334,-14.387743213634536,-14.348370999663956,6.42761,2.32879,1339.3945
68,58,0.6159,0.3841,CV,7.0028,6.9763,-16.819994246690463,-16.827409647457586,0.39764,0.92803,755.1915
68,53,0.621,0.379,CV,4.4838,4.2032,-7.617426430715152,-7.648741394545153,13.51085,3.65172,271.4093
68,65,0.6029,0.3971,CV,6.09,6.0445,-7.01919922195522,-6.958488610961235,1.16694,1.04556,52.0016
68,67,0.6234,0.3766,CV,21.3204,21.9539,-16.436432377409382,-16.482210024504234,-4.02804,-1.97001,1267.4531
68,68,0.6294,0.3706,CV,23.512,24.5951,-11.886245458443346,-12.033179114445629,-4.75457,0.75198,346.9528
68,69,0.4897,0.5103,CA,66.9228,65.9019,-48.719064254115736,-48.352615616448354,28.55523,-0.90179,1225.4268
68,70,0.7635,0.2365,CV,26.7702,29.3755,-19.5982994922933,-21.088366019599214,-29.15745,-1.5686,268.2413
68,71,0.6181,0.3819,CV,3.52,3.3802,-63.79002335260001,-63.80825422800647,-3.82195,0.38687,181.9257
68,28,0.5728,0.4272,CV,35.4062,35.1555,-26.029571355944874,-25.891084983093876,-5.46969,-0.2391,265.3231
68,57,0.6138,0.3862,CV,15.33,15.3942,-17.0285615228292,-17.041073758700215,0.10261,1.85532,278.1971
68,26,0.6189,0.3811,CV,9.0346,9.0712,-9.99343546243571,-10.004437238225336,0.27325,-0.11072,523.8922
69,29,0.5176,0.4824,CV,99.0139,98.2996,-36.83549589325888,-36.55907287020711,15.44082,-20.26385,988.9767
69,32,0.6026,0.3974,CV,49.6457,49.2694,-13.059918036832183,-13.027667955485427,6.88738,1.81703,1386.8456
69,58,0.6142,0.3858,CV,24.8167,24.7518,-16.380131505886524,-16.374333628377066,1.69607,0.9701,736.6709
69,26,0.6189,0.3811,CV,9.6336,9.6505,-11.005978856419345,-11.015645894331573,-0.55018,-0.26083,513.1758
69,53,0.6298,0.3702,CV,10.6503,10.8071,-12.134437707828738,-12.187337037880642,5.48728,0.33128,248.2389
69,67,0.6187,0.3813,CV,37.9031,38.0748,-20.49020431406739,-20.492490237345176,3.68689,0.24184,1192.5078
69,68,0.6059,0.3941,CV,15.9392,15.7725,-11.855328618634502,-11.794648581625271,-9.02657,1.30129,320.2708
69,69,0.5732,0.4268,CV,18.5654,18.4812,-43.25078205130886,-43.25825202983244,20.05821,-1.4153,1211.8994
69,70,0.5389,0.4611,CV,30.5598,31.3003,-19.781021232266458,-19.241544547132136,31.95509,4.8129,225.288
69,71,0.6223,0.3777,CV,2.9168,2.9509,-51.26881464064917,-51.294320024117965,-2.19011,0.47434,174.95
69,28,0.5664,0.4336,CV,35.0807,34.7512,-21.997778019859876,-21.857551828459965,-6.24291,-0.31623,277.1422
69,57,0.6156,0.3844,CV,12.4043,12.3854,-11.04284625706805,-11.046316379450808,0.91735,1.28036,279.1084
69,65,0.5969,0.4031,CV,4.5781,4.4874,-5.848966364296052,-5.789993222476917,1.004,1.16622,43.6171
70,29,0.5293,0.4707,CV,117.3741,117.0269,-28.197679123632753,-27.987660997744005,2.63136,-18.84969,1093.7683
70,32,0.6044,0.3956,CV,45.4894,45.1021,-12.766293930486842,-12.73887034261929,7.12276,1.33577,1444.9097
70,58,0.6092,0.3908,CV,36.2291,36.112,-17.9570210578902,-17.932930986455943,3.24609,0.83337,729.1243
70,26,0.6189,0.3811,CV,6.2063,6.2131,-10.426337986713671,-10.435983778981901,-0.33018,-0.31544,507.299
70,53,0.5785,0.4215,CV,29.0553,28.9525,-18.938164635508436,-18.763426737968175,9.08944,0.33349,209.5054
70,65,0.6058,0.3942,CV,3.2308,3.1825,-5.08101651160198,-5.06810749073449,0.56315,0.73377,37.7637
70,67,0.6023,0.3977,CV,46.6077,46.4155,-25.929983328172312,-25.869893803348283,7.88732,2.15836,1112.8511
70,68,0.6165,0.3835,CV,4.5898,4.4903,-11.316151421876876,-11.334998213075052,-5.56983,1.12402,295.7908
70,69,0.6123,0.3877,CV,37.1123,37.6696,-51.165310999023525,-51.21419051853031,7.02872,-2.14448,1207.6783
70,70,0.4476,0.5524,CA,13.421,12.1891,-9.424426653749153,-8.855891854060706,38.8202,5.56064,220.168
70,71,0.6217,0.3783,CV,2.5048,2.4826,-46.86874204059137,-46.88536384363494,-1.33288,0.42495,167.9724
70,28,0.5658,0.4342,CV,34.8588,34.4945,-18.7912798373155,-18.657961027699464,-6.81158,-0.57121,292.6679
70,57,0.6163,0.3837,CV,14.1911,14.1888,-13.22630710949769,-13.229743489712371,-0.05756,1.51169,278.9194
71,29,0.5036,0.4964,CV,136.229,135.4769,-31.245560513829215,-30.915336584808173,-5.06609,-21.20711,1222.0407
71,32,0.6079,0.3921,CV,32.9321,32.5367,-12.105840036146622,-12.090656267727823,6.55532,1.19137,1501.9084
71,58,0.6055,0.3945,CV,35.6519,35.4533,-15.149827022040391,-15.117196260909619,4.03791,0.64159,732.9588
71,67,0.5312,0.4688,CV,92.9592,92.5283,-27.828799614304074,-27.503003365505524,17.05129,2.46409,1067.5699
71,68,0.6207,0.3793,CV,7.3318,7.3746,-12.05073538827953,-12.071464803275305,-2.63423,1.09718,274.4151
71,69,0.6212,0.3788,CV,34.7325,35.1125,-38.49936414942299,-38.528377051229725,-1.05535,-0.65483,1143.3129
71,70,0.4161,0.5839,CA,12.634,11.1131,-11.388852449527207,-10.822489923892002,47.39259,6.87724,231.451
71,71,0.6204,0.3796,CV,3.9974,3.9788,-45.91827355707111,-45.92994240376481,-0.97253,0.23339,158.5426
71,28,0.5629,0.4371,CV,40.6315,40.3261,-16.190998645603138,-16.04682919614598,-7.86582,-1.20456,292.7355
71,57,0.6134,0.3866,CV,25.7914,25.78,-16.71405518677919,-16.70451113000943,1.11252,1.2432,298.0218
71,26,0.6178,0.3822,CV,16.9033,16.9122,-9.981102557832465,-9.986282460049827,0.85041,-0.22989,504.8911
71,53,0.5215,0.4785,CV,35.9216,35.903,-30.364035989788658,-30.03422557396196,2.19215,-5.38809,187.3782
71,65,0.5925,0.4075,CV,6.3526,6.282,-10.633684263266499,-10.552238234142312,0.46119,0.89605,34.409
71,73,0.7,0.3,CV,18.6872,18.6872,-21.66568296364595,-21.66568296364595,0.0,0.0,21.1257
72,32,0.6089,0.3911,CV,37.1912,36.8268,-12.49164759317266,-12.475261539618069,6.54314,1.16583,1564.3364
72,58,0.6037,0.3963,CV,34.7963,34.5589,-13.147211219884763,-13.112902699040482,4.64496,0.41532,735.3891
72,26,0.6182,0.3818,CV,3.6326,3.6057,-9.417173146166105,-9.425518379520945,0.45548,-0.22775,500.4103
72,53,0.25,0.75,CA,73.6225,73.5454,-73.60008831716844,-72.16860193648394,20.58735,-1.88288,204.7006
72,67,0.5565,0.4435,CV,32.5047,31.5653,-12.59825098275497,-12.477939011689422,16.49887,2.53879,1035.91
72,68,0.6137,0.3863,CV,11.1561,11.0395,-45.4877312172852,-45.472916834508126,-3.26676,0.98661,263.6105
72,69,0.6103,0.3897,CV,46.1586,46.0646,-43.516872577411206,-43.486967002070855,-4.99162,-1.28562,1151.3101
72,70,0.3477,0.6523,CA,15.0816,13.2553,-20.977973577140112,-20.165644292522998,63.84483,8.78221,255.1512
72,71,0.6192,0.3808,CV,2.5771,2.531,-31.235724094267084,-31.244722993523418,-0.78649,0.24006,151.9051
72,28,0.564,0.436,CV,32.6762,32.3603,-13.786573210976995,-13.650824483422223,-8.43709,-1.33454,288.7424
72,57,0.6142,0.3858,CV,11.3539,11.2535,-12.718760847935481,-12.716746976573514,0.94382,0.94783,317.1887
72,73,0.6425,0.3575,CV,9.4066,9.4066,-22.212909966515753,-22.202214489373453,-2.42737,0.68634,27.4559
72,65,0.6145,0.3855,CV,3.2334,3.2814,-7.589494002531827,-7.619548955034063,0.40669,0.28178,30.4109
73,32,0.6082,0.3918,CV,45.6708,45.3547,-13.865608241471238,-13.845089714545402,7.08713,0.89957,1591.8664
73,58,0.6047,0.3953,CV,29.7324,29.4697,-12.198774681582217,-12.171036127144966,4.53825,0.72912,749.0738
73,53,0.1157,0.8843,CA,87.8144,86.8124,-73.78239584924255,-71.79829422068099,49.14561,-3.34312,226.0534
73,65,0.6154,0.3846,CV,2.024,1.9967,-6.12038925203543,-6.121828923840274,0.43806,0.2349,27.4215
73,67,0.5917,0.4083,CV,18.8518,18.55,-10.427780766505775,-10.415062368317631,11.76957,2.66682,985.5577
73,68,0.6191,0.3809,CV,15.0862,15.1985,-40.15336989319491,-40.171455526084884,-0.38239,0.67869,259.7071
73,69,0.6079,0.3921,CV,44.3252,44.2238,-29.299656973720285,-29.27561714077799,-6.44479,0.33535,1089.3375
73,70,0.5305,0.4695,CV,5.5794,5.3965,-17.351787280095905,-17.386997643747033,50.23744,6.7418,257.1645
73,71,0.6191,0.3809,CV,1.5076,1.4779,-27.90212135768396,-27.91200137250685,-0.53063,0.19722,145.8963
73,28,0.5255,0.4745,CV,39.886,39.4684,-18.86029952110413,-18.567631427840766,-11.86155,-1.13888,293.0796
73,57,0.6124,0.3876,CV,23.3547,23.2885,-11.02543333024206,-11.01462519875011,0.3762,1.6816,335.6536
73,73,0.5807,0.4193,CV,11.6146,11.5462,-42.2578000545813,-42.073200635314805,-7.09256,3.25724,41.43
73,26,0.6186,0.3814,CV,4.7902,4.8112,-9.31367054503555,-9.322949131801535,0.23465,-0.3301,489.6033
74,32,0.6069,0.3931,CV,45.6482,45.2715,-14.427976215027257,-14.402832161678868,7.79663,0.3532,1645.8442
74,58,0.6083,0.3917,CV,20.9481,20.6822,-10.973708767671173,-10.959728265725447,3.96708,0.87803,763.2695
74,26,0.6184,0.3816,CV,8.0033,8.007,-10.346818584904561,-10.35486095863473,-0.20357,-0.19077,490.0865
74,53,0.2166,0.7834,CA,49.1949,48.3931,-47.6937338034238,-46.64720700244346,64.33877,-10.46535,239.7532
74,65,0.6137,0.3863,CV,3.5876,3.572,-5.695586998752085,-5.688437339346959,0.45896,0.43964,24.5717
74,67,0.6096,0.3904,CV,11.043,10.953,-10.480938905788172,-10.491387396086319,7.17775,2.48501,937.0893
74,68,0.6151,0.3849,CV,19.3479,19.3564,-31.540299971141614,-31.533514209170022,1.32225,0.83316,245.954
74,69,0.5554,0.4446,CV,95.421,95.2024,-29.911305510343084,-29.67491821626738,-10.91131,3.46817,956.3538
74,70,0.5029,0.4971,CV,27.4819,29.1475,-29.051576931942385,-28.716930393891147,-44.76601,-5.49287,243.6681
74,71,0.619,0.381,CV,1.2294,1.2206,-19.45468537309776,-19.46450992030531,-0.33142,0.10583,140.42
74,28,0.5339,0.4661,CV,25.2692,24.6943,-12.05231596286231,-11.849425434721823,-13.14833,-0.35505,309.5735
74,57,0.6134,0.3866,CV,25.2281,25.213,-11.109878763006769,-11.105692103654286,1.45785,1.28348,340.5379
74,73,0.5533,0.4467,CV,7.1365,6.8294,-52.32236488216074,-52.117131962886425,-9.13045,3.32516,56.3111
75,32,0.6067,0.3933,CV,43.6461,43.2326,-13.429270920188687,-13.405085064424284,8.07343,-0.37715,1703.3474
75,58,0.609,0.391,CV,25.2531,25.015,-11.308161849823236,-11.291782038612864,3.97566,0.73181,781.163
75,26,0.6184,0.3816,CV,3.2039,3.1803,-10.285200671455353,-10.293609449885992,-0.06885,-0.21823,489.7937
75,53,0.5526,0.4474,CV,12.4333,13.5667,-15.396255801954645,-15.704272783489174,45.0936,-10.91246,267.7405
75,67,0.6205,0.3795,CV,22.1821,22.4609,-11.441124193475414,-11.471201681227768,1.9997,1.72614,916.9123
75,68,0.6047,0.3953,CV,24.4906,24.4067,-28.737318012776996,-28.69301131947557,2.27319,1.56105,236.8783
75,69,0.5478,0.4522,CV,36.5289,35.8638,-13.23298668677019,-13.042734945440118,-13.97044,3.52291,898.1437
75,70,0.4009,0.5991,CA,35.201,36.8151,-24.25300026612337,-23.544760365528568,55.68828,7.96255,259.4591
75,71,0.6188,0.3812,CV,1.6654,1.652,-8.111754526515526,-8.120665283547988,-0.29723,0.00811,136.0491
75,28,0.533,0.467,CV,24.9378,24.3041,-12.041499437886658,-11.822705384682632,-14.64736,-0.42382,315.8955
75,57,0.6047,0.3953,CV,41.376,41.3016,-17.900180002740207,-17.858351145870103,3.24857,1.06634,339.095
75,65,0.6161,0.3839,CV,3.1983,3.1995,-8.875442110197241,-8.881135680318817,0.05138,0.45998,22.2178
76,32,0.6088,0.3912,CV,33.9406,33.5225,-13.027553301055223,-13.012651745894521,7.43942,-0.73389,1737.3973
76,58,0.6107,0.3893,CV,21.3011,21.0696,-11.67120243161076,-11.660933408069337,3.73579,0.37705,801.4631
76,26,0.6179,0.3821,CV,11.6154,11.607,-9.611308157678828,-9.617439870985775,0.63146,-0.35473,491.0485
76,53,0.6621,0.3379,CV,22.5919,24.1349,-15.630992465746562,-15.925595134605675,-9.23546,-0.15145,275.9625
76,67,0.6206,0.3794,CV,16.9997,17.1027,-10.29313146223941,-10.307784430213653,-0.68998,0.66606,869.3957
76,68,0.5972,0.4028,CV,22.8247,22.6749,-20.776090401821637,-20.71553653185948,3.12909,1.67925,233.4975
76,69,0.5517,0.4483,CV,28.552,27.7817,-11.857789931536718,-11.69429533689868,-15.9503,3.47139,838.521
76,71,0.6163,0.3837,CV,9.3193,9.3035,-8.294782705812565,-8.293810054672974,-0.70172,0.09263,129.209
76,28,0.5304,0.4696,CV,23.1026,22.4196,-15.053692146210198,-14.825796671378237,-16.23816,0.39504,327.8688
76,57,0.5955,0.4045,CV,38.3765,38.201,-15.122500714042044,-15.055059602659604,4.73748,0.70794,349.7863
76,65,0.6036,0.3964,CV,5.993,5.9688,-12.633367801948342,-12.582695260614638,0.1179,0.6904,20.9892
77,32,0.6121,0.3879,CV,22.4362,22.0449,-12.080739710539415,-12.076590308219115,6.17692,-1.04824,1778.2844
77,58,0.6115,0.3885,CV,24.3015,24.1095,-12.313231715272314,-12.303729941699116,3.46482,-0.28989,832.8108
77,26,0.6181,0.3819,CV,4.8402,4.8109,-9.31485072569104,-9.322631355692822,0.59068,-0.42921,488.4338
77,53,0.5017,0.4983,CV,24.1197,23.7883,-16.88746191029504,-16.3547487525133,-28.96166,3.75285,271.3342
77,67,0.6191,0.3809,CV,10.5329,10.4795,-9.818654608809815,-9.826798855958796,-1.35186,0.48058,825.1414
77,68,0.6,0.4,CV,16.4812,16.3091,-17.26986323385519,-17.232218193282975,3.26799,1.15742,233.749
77,69,0.504,0.496,CV,50.813,50.1002,-21.96369975800927,-21.602935272275047,-22.63936,3.14665,801.7874
77,71,0.6124,0.3876,CV,10.624,10.5791,-9.720000897352312,-9.705977759982096,-1.09703,0.15891,122.1344
77,28,0.5307,0.4693,CV,26.6823,26.1333,-18.502082494513846,-18.278907977890952,-16.80821,2.75584,334.1405
77,57,0.5878,0.4122,CV,36.1802,35.9258,-13.733525652701886,-13.647576498235203,5.78555,0.55603,354.848
77,65,0.6076,0.3924,CV,2.5188,2.4731,-7.892811156330873,-7.877403968778593,0.09095,0.61481,19.535
78,32,0.6144,0.3856,CV,20.2285,19.9448,-11.950325866800762,-11.951094209340075,4.86997,-1.64515,1816.1175
78,58,0.6103,0.3897,CV,32.7296,32.5359,-13.464077426888503,-13.448352151054168,3.56305,-1.07091,875.1752
78,26,0.6186,0.3814,CV,2.3967,2.4362,-9.2922626472407,-9.301738405220455,0.20437,-0.19069,486.8524
78,53,0.6304,0.3696,CV,12.4075,13.6337,-11.06378713488182,-11.293153252342025,-7.80213,0.72437,274.7413
78,67,0.6188,0.3812,CV,14.3219,14.3268,-9.975493172717039,-9.984447001242064,-0.82447,-0.66989,780.6556
78,68,0.5988,0.4012,CV,20.3734,20.2043,-19.251177541786877,-19.204108259603256,3.56949,0.71064,236.2694
78,69,0.4518,0.5482,CA,52.8545,51.7629,-25.8349006603502,-25.333428437887953,-30.99097,3.53357,786.9698
78,71,0.6134,0.3866,CV,7.4213,7.3797,-12.687139538726665,-12.683265433821745,-1.22688,-0.06235,119.1729
78,28,0.5745,0.4255,CV,21.1382,20.9791,-13.836149027629936,-13.789850446844163,-11.91745,4.33595,346.8121
78,57,0.5968,0.4032,CV,17.6359,17.3178,-13.341209232048941,-13.303823341526504,5.28384,0.4048,366.3173
78,65,0.6094,0.3906,CV,2.6892,2.6545,-7.714701663960021,-7.7011865557839965,0.1582,0.50602,18.5256
79,32,0.6152,0.3848,CV,23.5517,23.327,-12.17675945842499,-12.177387134788717,3.95942,-2.16845,1830.0835
79,58,0.6079,0.3921,CV,41.4751,41.2474,-15.332327323862664,-15.308460255205791,3.77286,-1.56341,938.7288
79,26,0.6184,0.3816,CV,7.7637,7.7575,-9.384582597123442,-9.392692687172385,0.45283,-0.32054,480.3915
79,53,0.5827,0.4173,CV,16.3443,16.0458,-10.041047271748099,-9.882644554047905,-14.70228,1.69424,253.8731
79,67,0.6178,0.3822,CV,20.2607,20.2751,-10.644401027467678,-10.64952398247447,0.95364,-1.28609,747.4494
79,68,0.5966,0.4034,CV,21.7209,21.5301,-18.77019109901679,-18.715966343293026,3.86581,0.48462,238.6254
79,69,0.5005,0.4995,CV,24.5013,23.0444,-19.834068268773862,-19.602681416669583,-32.37876,3.55864,778.4258
79,71,0.6177,0.3823,CV,2.669,2.7035,-8.012876525784318,-8.025687213019262,-0.59386,-0.18028,115.2886
79,28,0.589,0.411,CV,27.095,26.9678,-13.169460594337218,-13.119403269944096,-7.14602,4.84596,362.5113
79,57,0.5978,0.4022,CV,40.5746,40.4691,-30.462015019795192,-30.415961667535335,5.02165,0.89446,410.2895
79,65,0.6108,0.3892,CV,2.5596,2.528,-5.344533831978721,-5.33417504852279,0.21511,0.43308,17.7026
80,32,0.6167,0.3833,CV,13.9033,13.7083,-11.966338291377312,-11.972194620918316,2.71276,-2.13227,1845.062
80,58,0.607,0.393,CV,44.095,43.8301,-16.830271524914387,-16.80590648288434,3.63863,-1.74871,1025.8833
80,26,0.6188,0.3812,CV,4.2292,4.2608,-9.387862255060439,-9.397925793907817,-0.00704,-0.1039,479.9494
80,53,0.5457,0.4543,CV,16.1957,15.5954,-10.096817680623335,-9.85828569742323,-17.24766,2.73775,240.7299
80,65,0.6127,0.3873,CV,2.9029,2.8864,-5.85012023240194,-5.84550816105275,0.24013,0.23034,17.2838
80,67,0.614,0.386,CV,26.2374,26.1711,-11.240090285440292,-11.23056446577289,2.59266,-1.2813,721.1324
80,68,0.6008,0.3992,CV,21.0589,20.9408,-19.21773244517044,-19.184347369508323,3.47549,-0.69896,238.1021
80,69,0.588,0.412,CV,21.6173,21.9825,-11.680084590891873,-11.732609351724191,-19.99628,1.07026,785.6368
80,71,0.6188,0.3812,CV,7.5622,7.5914,-7.553759051307704,-7.564800431982441,0.226,-0.20315,111.8712
80,28,0.5951,0.4049,CV,23.7778,23.5422,-11.081310108866077,-11.035133147650676,-4.6611,4.17965,379.7785
80,57,0.6084,0.3916,CV,29.8176,29.8357,-35.566901448376925,-35.56348241614881,3.65256,0.87857,397.205
81,32,0.6176,0.3824,CV,20.5363,20.5037,-12.514842823687921,-12.52210707724528,2.13377,-1.81978,1908.8682
81,58,0.608,0.392,CV,41.2975,41.0136,-15.751808453829279,-15.733014442661144,3.15658,-1.86335,1127.7432
81,26,0.6181,0.3819,CV,13.1099,13.1086,-10.343824434176371,-10.350353543372456,-0.88388,0.07919,473.7992
81,53,0.5149,0.4851,CV,15.707,14.8878,-9.60210509965725,-9.293436771508421,-20.00727,3.41902,237.8233
81,65,0.6082,0.3918,CV,6.2113,6.2025,-7.868830218876261,-7.842747457042677,0.35239,0.51229,16.163
81,67,0.6178,0.3822,CV,19.2912,19.3827,-17.23433988325065,-17.24645480494988,0.51661,-1.12567,711.3746
81,68,0.5858,0.4142,CV,141.0276,141.1381,-70.0459834141571,-69.94413211645787,-0.59338,2.51462,298.403
81,69,0.6212,0.3788,CV,31.7765,32.4814,-18.29315397853675,-18.35815643039868,-1.56245,-0.60872,773.4964
81,71,0.6154,0.3846,CV,10.0963,10.0809,-14.77236688217551,-14.767180355513876,0.73499,-0.24012,105.3778
81,28,0.5956,0.4044,CV,24.3239,24.0173,-11.415056833256745,-11.36234329329053,-3.72464,4.12613,395.0301
82,32,0.6179,0.3821,CV,13.7705,13.6984,-11.669905285068786,-11.677442769932565,1.08522,-1.81747,1959.0496
82,58,0.6092,0.3908,CV,41.204,40.9195,-16.111198415678608,-16.095938004282573,2.78867,-1.69643,1248.2795
82,26,0.6188,0.3812,CV,4.7319,4.7624,-9.543533636748538,-9.553779889058564,-0.43518,0.14703,475.4143
82,53,0.6185,0.3815,CV,10.5042,11.3393,-11.787360625345094,-11.947001483482085,-7.45111,1.81588,229.3995
82,65,0.5946,0.4054,CV,9.6197,9.5989,-12.696014403607988,-12.619574882974973,0.50122,0.54445,16.9469
82,67,0.6145,0.3855,CV,35.7434,35.7463,-22.638675927625712,-22.631403006117456,-1.95592,-1.37899,697.0617
82,69,0.6078,0.3922,CV,32.0127,31.8703,-14.063047345576845,-14.022552771685636,4.23042,-1.5428,769.6573
82,71,0.6143,0.3857,CV,6.9742,6.9351,-21.50763062796993,-21.503268315221085,1.01142,-0.20812,101.7605
82,28,0.6041,0.3959,CV,29.2749,29.2224,-12.082491158128764,-12.06424910572691,-0.7484,3.93415,395.4882
83,32,0.6178,0.3822,CV,17.7945,17.7384,-14.246379017731808,-14.2530440759092,0.05822,-2.04968,1989.2095
83,58,0.6106,0.3894,CV,38.7398,38.4604,-16.168596861300234,-16.157824239224766,2.37882,-1.52235,1386.8328
83,26,0.6189,0.3811,CV,6.4746,6.4969,-9.323979763844658,-9.333750558405352,0.14669,-0.06645,475.9067
83,53,0.6232,0.3768,CV,15.5621,15.8209,-15.7593370040959,-15.787888118575601,1.97258,-0.30101,207.7863
83,65,0.5826,0.4174,CV,10.8022,10.7489,-12.014576618032661,-11.908457468061211,0.61128,0.63673,18.524
83,67,0.6095,0.3905,CV,35.0619,34.9376,-27.2187700195453,-27.195295211615008,-3.163,-1.25412,699.5119
83,69,0.5959,0.4041,CV,46.0288,45.7209,-15.03194207309973,-14.961348220870685,4.51882,-2.787,797.0916
83,71,0.6037,0.3963,CV,14.9365,14.8802,-24.310643506237362,-24.263028815900945,1.84053,-0.28625,97.5973
83,28,0.6024,0.3976,CV,28.9735,28.8122,-11.79621390917921,-11.758305147271194,0.89836,3.85647,404.2074
84,32,0.5907,0.4093,CV,151.3595,151.4214,-28.94875183319338,-28.842033978362743,4.57048,3.15824,1717.7357
84,58,0.6129,0.3871,CV,27.8365,27.578,-15.584220996812492,-15.580839923458027,1.75301,-1.57033,1520.6092
84,26,0.6189,0.3811,CV,1.8177,1.8286,-9.280263901190398,-9.289879525570576,-0.02703,0.00591,473.2597
84,53,0.6246,0.3754,CV,3.9028,3.9698,-11.250415535051477,-11.277989351086637,-0.03237,-0.04691,189.7677
84,65,0.5893,0.4107,CV,7.3631,7.2949,-7.682456722227824,-7.622020340981194,0.59662,0.59363,19.7988
84,67,0.6074,0.3926,CV,43.5275,43.4266,-21.90857515126043,-21.88358914495386,-3.33835,0.59054,727.7664
84,69,0.6054,0.3946,CV,28.669,28.4968,-16.38446018422853,-16.371356885774894,1.48909,-2.28181,821.141
84,71,0.5916,0.4084,CV,16.1255,16.0288,-24.122165318689667,-24.039938221428777,2.53868,-0.20958,94.7011
84,28,0.6042,0.3958,CV,24.1043,23.9303,-13.695888672913455,-13.667850181457151,1.2566,3.77806,403.4753
84,68,0.5,0.5,CA,82.0952,81.967,-19.8852069415108,-19.845865200452405,0.84965,1.6505,541.4827
85,32,0.5842,0.4158,CV,46.8042,46.2356,-13.835465978698464,-13.74167214752767,6.53621,4.72694,1630.787
85,58,0.6152,0.3848,CV,39.4034,39.3996,-14.002997095109848,-14.005943064354298,1.56378,-2.61354,1570.138
85,26,0.6186,0.3814,CV,7.0072,7.0086,-9.300542856471756,-9.309190449950556,0.43947,-0.16312,471.3652
85,53,0.594,0.406,CV,19.477,19.4587,-14.307525748649448,-14.204486450108092,-4.73884,0.53505,170.1252
85,67,0.6081,0.3919,CV,31.8947,31.7185,-15.012368270402757,-14.993703111541627,-3.32187,1.50079,738.3301
85,69,0.6089,0.3911,CV,44.5803,44.5965,-13.591641041982042,-13.579001813234308,-2.61175,-1.07007,837.5153
85,71,0.5932,0.4068,CV,10.5057,10.37,-28.62914268479506,-28.57156778734434,2.57273,-0.21868,91.8214
85,28,0.5972,0.4028,CV,37.919,37.7843,-13.802797582252769,-13.743023286302236,3.63148,3.27261,403.5731
85,68,0.5725,0.4275,CV,32.856,32.7413,-15.725591560641352,-15.715165628522504,2.00074,1.75873,525.1957
85,65,0.6003,0.3997,CV,4.4462,4.3835,-5.886056185210904,-5.861199056014551,0.47538,0.52296,20.8877
86,32,0.616,0.384,CV,18.7684,19.3889,-12.576666757305807,-12.625305903732963,2.12181,0.76497,1582.8999
86,58,0.615,0.385,CV,35.4192,35.2757,-15.896505828350197,-15.89517962292734,2.01342,-2.26894,1720.7927
86,26,0.6176,0.3824,CV,13.166,13.1406,-10.377109110639033,-10.381476661370002,1.07615,-0.4211,473.109
86,53,0.5674,0.4326,CV,15.5336,15.2838,-11.109160592371511,-10.941786165343903,-6.1656,0.78995,152.8591
86,65,0.6041,0.3959,CV,8.2818,8.2618,-12.577792830501794,-12.552600372995066,0.57012,0.65281,20.6741
86,67,0.6057,0.3943,CV,39.0503,38.838,-21.743996048144936,-21.713751411383793,-3.89019,1.95282,758.8563
86,69,0.61,0.39,CV,35.572,35.4956,-17.83170589106863,-17.818718769625125,-4.11526,-0.29627,826.2094
86,71,0.5931,0.4069,CV,10.4778,10.3443,-34.94295906513087,-34.88251412690648,2.66391,-0.11122,88.7736
86,28,0.5987,0.4013,CV,22.9077,22.6419,-10.975987083912148,-10.93300953189514,3.63558,3.36138,409.903
86,68,0.5992,0.4008,CV,24.9699,24.8606,-14.771280079900066,-14.766266092501713,2.82981,1.18951,561.9227
87,32,0.5857,0.4143,CV,150.5108,150.7953,-40.51323201437124,-40.38845956492451,-2.52235,-7.09047,1725.7965
87,58,0.6136,0.3864,CV,71.7124,71.6459,-20.454310644882714,-20.447504027747406,-0.39081,-1.57828,1998.8464
87,26,0.6186,0.3814,CV,5.8126,5.8602,-9.380980678547163,-9.391262070991473,0.26489,-0.34091,473.7442
87,53,0.574,0.426,CV,9.3478,9.0504,-8.243227202719378,-8.141988480846127,-5.99838,1.20659,140.6388
87,65,0.6083,0.3917,CV,4.8613,4.8348,-12.45135870506276,-12.438272546878926,0.63928,0.47542,20.7873
87,67,0.6099,0.3901,CV,20.6438,20.4266,-20.813371999506582,-20.804771394430627,-3.51021,1.10003,784.5791
87,69,0.6145,0.3855,CV,10.7255,10.6183,-14.423318225783827,-14.427686032226546,-3.0208,0.14164,825.9059
87,71,0.5992,0.4008,CV,7.0411,6.9041,-34.00775453894655,-33.97253967704628,2.41135,-0.16361,86.1447
87,28,0.6019,0.3981,CV,19.5258,19.2649,-11.190883202549946,-11.158635858397746,3.2743,3.39251,413.4578
87,68,0.597,0.403,CV,72.7431,72.746,-20.073231489958488,-20.02011468581649,3.6784,3.2409,525.0688
87,74,0.7,0.3,CV,35.8517,35.8517,-13.961953098151179,-13.961953098151179,0.0,0.0,221.4211
88,32,0.5825,0.4175,CV,70.5943,69.7906,-19.89015887073642,-19.796996429430532,-1.95152,-7.49807,1844.0187
88,58,0.6128,0.3872,CV,65.9745,65.7972,-18.862536281223136,-18.854225052796682,-2.58996,-2.40255,2232.275
88,26,0.6187,0.3813,CV,6.7676,6.787,-9.53372705054073,-9.542922000132782,-0.26288,-0.02237,473.6256
88,53,0.5956,0.4044,CV,7.2818,7.1563,-7.927296843159114,-7.905102447216807,-4.36777,1.6066,130.0968
88,65,0.6129,0.3871,CV,2.9342,2.9137,-15.117795741713714,-15.117828164663907,0.48778,0.35018,20.9382
88,67,0.6141,0.3859,CV,33.2381,33.275,-15.836777654480004,-15.839514631178318,-2.23981,1.41711,755.8419
88,69,0.6177,0.3823,CV,9.6856,9.7824,-11.479945098751315,-11.491058766635106,-1.39189,-0.39081,844.29
88,71,0.5975,0.4025,CV,10.03,9.9168,-32.3895908003104,-32.338521651262255,2.48536,-0.01541,85.0739
88,28,0.5998,0.4002,CV,26.2463,26.0486,-14.037851688576337,-13.992537558130122,3.12085,3.52986,401.2733
88,68,0.61,0.39,CV,10.9458,10.803,-10.259821582871492,-10.264378195307344,2.90541,1.33244,553.2565
88,74,0.6421,0.3579,CV,30.2012,30.2012,-13.178549371927101,-13.165729790981331,7.94911,-0.89661,300.8259
89,32,0.6015,0.3985,CV,23.4588,22.9065,-17.22595207898663,-17.21616060952437,-2.0942,-6.01116,1838.9833
89,58,0.6113,0.3887,CV,73.3609,73.106,-15.628556519386624,-15.615250676629357,-4.2365,-3.53579,2433.493
89,26,0.6186,0.3814,CV,9.2539,9.2639,-9.388664532310456,-9.397252915397393,-0.11587,0.02942,463.1207
89,53,0.5953,0.4047,CV,8.5488,8.37,-7.725518329268154,-7.670673789421396,-3.78527,1.88302,119.737
89,65,0.614,0.386,CV,2.9757,2.9493,-14.282001009878284,-14.279825333232532,0.54061,0.25059,21.5485
89,67,0.6179,0.3821,CV,16.0261,16.1261,-11.77687635732281,-11.789288561553095,-0.15344,0.62374,757.6452
89,69,0.6185,0.3815,CV,16.899,16.9622,-12.815215859226733,-12.824917329591406,0.23987,-0.66748,854.3339
89,71,0.5927,0.4073,CV,11.3381,11.2068,-32.31023513786269,-32.24194706203717,2.7007,0.01794,83.7476
89,28,0.6066,0.3934,CV,11.3284,11.0747,-9.424499375651802,-9.410390538448237,2.84691,2.80899,400.3939
89,68,0.6171,0.3829,CV,28.9674,29.1128,-11.95004773142588,-11.965093494869507,2.08056,-1.53406,613.4055
89,74,0.59,0.41,CV,33.9744,33.7337,-24.23980748918908,-24.09415210496481,23.22949,-3.01678,457.7769
89,76,0.7,0.3,CV,11.9481,11.9481,-10.363759240839812,-10.363759240839812,0.0,0.0,51.077
90,32,0.6115,0.3885,CV,24.8938,24.8135,-16.753162537581055,-16.757385465728234,-2.79121,-4.04753,1841.9005
90,58,0.6099,0.3901,CV,80.56,80.2737,-14.536718756285978,-14.519702956329823,-5.45473,-5.23886,2589.3573
90,26,0.6165,0.3835,CV,19.03,19.0101,-10.864154922046627,-10.863997721723306,-1.29758,0.36837,450.8489
90,53,0.5975,0.4025,CV,8.4369,8.2887,-7.698632047902311,-7.653189877628106,-3.11212,1.99656,112.2524
90,65,0.6164,0.3836,CV,2.6927,2.6865,-9.426796570892197,-9.432933627764324,0.38367,0.1945,22.6488
90,67,0.6174,0.3826,CV,16.6343,16.5917,-12.13537870736181,-12.140191440449584,-0.1693,-0.14977,748.7398
90,69,0.617,0.383,CV,28.9164,28.9251,-20.40730109838544,-20.409343110512005,0.78153,0.42938,829.7245
90,71,0.5932,0.4068,CV,9.9243,9.7842,-31.230189304614402,-31.17085252914241,2.68777,0.18367,82.3681
90,28,0.606,0.394,CV,17.0517,16.8382,-10.426904760050409,-10.40048059244032,3.02585,2.51787,393.064
90,68,0.6157,0.3843,CV,20.6151,20.4985,-10.83512562177692,-10.83382698323232,1.70595,-2.62254,653.6065
90,74,0.5226,0.4774,CV,32.2357,31.2724,-47.47244175019014,-47.13019872608578,36.11119,-5.53488,636.9487
90,76,0.6302,0.3698,CV,19.5162,19.5162,-15.255010101522533,-15.191135454329702,8.66833,-0.90787,71.3531
91,32,0.6093,0.3907,CV,101.1906,101.4473,-19.66109743239694,-19.64129048048976,-2.73716,0.71492,1657.2116
91,58,0.6094,0.3906,CV,68.5372,68.1334,-15.790080790478633,-15.773001289305242,-5.71399,-6.42394,2770.0953
91,26,0.6188,0.3812,CV,8.3441,8.4094,-9.508945126976236,-9.521772016912918,-0.15099,-0.03353,445.9304
91,53,0.6022,0.3978,CV,8.8074,8.7126,-8.412830447846886,-8.384070041532627,-2.0973,2.03367,106.467
91,65,0.6143,0.3857,CV,4.2482,4.2257,-11.322248710053557,-11.316312113729884,0.42087,0.35047,23.335
91,67,0.6152,0.3848,CV,22.1531,22.0646,-12.095651724720295,-12.091729617043946,-0.70224,-1.08368,728.1011
91,69,0.6137,0.3863,CV,28.7955,28.7097,-29.83932436271712,-29.830091866439076,-0.1022,0.9535,798.5278
91,71,0.5926,0.4074,CV,10.0438,9.9063,-29.213850443203903,-29.151056479783726,2.74653,0.21497,80.1028
91,28,0.5927,0.4073,CV,32.5115,32.3175,-15.3314578984788,-15.250387996050051,4.98657,2.40587,386.7826
91,68,0.6165,0.3835,CV,13.7281,13.6155,-10.412081466350095,-10.416336362675043,1.38337,-2.24483,666.558
91,74,0.5568,0.4432,CV,13.9689,12.25,-38.700275260300074,-38.59361446087663,34.34288,-5.58301,786.9595
91,76,0.2543,0.7457,CA,32.7667,32.5456,-41.08393183020706,-39.516119537641956,35.33664,-5.07835,145.9068
91,77,0.7,0.3,CV,10.7373,10.7373,-9.262084757459782,-9.262084757459782,0.0,0.0,81.8542
92,32,0.6162,0.3838,CV,15.138,15.1755,-11.027732870229292,-11.04030270895249,-2.95714,-0.39136,1647.1015
92,58,0.6083,0.3917,CV,78.6811,78.3112,-20.31604704022236,-20.294960597546464,-7.50754,-6.26757,2871.1256
92,26,0.6181,0.3819,CV,11.0291,11.0048,-12.703032771185512,-12.709324898735034,0.45095,0.07479,431.6985
92,53,0.6074,0.3926,CV,6.8947,6.8089,-10.566258121301123,-10.55183629342172,-1.33016,1.7408,102.2055
92,65,0.6154,0.3846,CV,2.478,2.4537,-8.50910225493396,-8.510728885501758,0.28634,0.35028,24.0753
92,67,0.6107,0.3893,CV,26.7032,26.5645,-11.146507176913575,-11.127293615770393,0.22908,-2.06221,696.5519
92,69,0.6191,0.3809,CV,30.4235,30.6031,-12.105089107551496,-12.12322658971016,0.13615,-0.3343,834.8561
92,71,0.5932,0.4068,CV,9.183,9.0413,-19.48404353771842,-19.424892493948825,2.73975,0.20688,79.2365
92,28,0.5953,0.4047,CV,19.1152,18.8237,-13.58821549051843,-13.53768793085661,4.95255,1.8436,376.9955
92,68,0.614,0.386,CV,26.6869,26.6012,-13.357040693000448,-13.34948597006294,1.17101,-2.05486,655.7684
92,74,0.3675,0.6325,CA,50.0897,48.3845,-83.2798718429044,-82.35276753042406,61.17058,-7.46172,958.6021
92,76,0.1724,0.8276,CA,19.8583,18.5259,-24.147445270453193,-22.622575534566934,65.92871,-11.92994,253.6811
92,77,0.6455,0.3545,CV,9.7361,9.7361,-9.531701930102134,-9.534061612800292,2.96308,-1.28974,111.6985
92,78,0.7,0.3,CV,16.0277,16.0277,-10.686540267405704,-10.686540267405704,0.0,0.0,43.6733
93,32,0.6179,0.3821,CV,12.7129,12.5731,-10.84100066389077,-10.85037830757859,-3.02544,-0.09697,1631.002
93,58,0.6042,0.3958,CV,87.8043,87.2815,-21.007249959540705,-20.970795970159752,-10.1156,-7.21712,3061.764
93,26,0.6188,0.3812,CV,5.1342,5.1259,-11.164745862435066,-11.175064381077393,0.67758,0.08924,424.3868
93,53,0.6087,0.3913,CV,6.0739,5.9674,-11.505095949445401,-11.488637320706859,-1.11455,1.58435,97.1324
93,65,0.6163,0.3837,CV,6.1131,6.1239,-14.140839854611162,-14.144764895043052,0.14238,0.17779,23.0224
93,67,0.618,0.382,CV,21.1001,21.242,-12.237466309066418,-12.255458470679127,-0.16064,-1.96933,706.6999
93,69,0.618,0.382,CV,17.7506,17.7282,-10.645560165752617,-10.651207418846177,0.02993,-0.62271,869.7553
93,71,0.6083,0.3917,CV,1.7823,1.6471,-18.4837905616524,-18.486594864980344,1.88517,0.12444,77.6791
93,28,0.61,0.39,CV,6.1577,6.0559,-18.08217663101188,-18.088882431924127,3.06047,1.70758,369.1765
93,68,0.6106,0.3894,CV,25.385,25.2196,-15.932505126616345,-15.914443671530078,1.01257,-1.80927,640.7971
93,74,0.3263,0.6737,CA,42.7897,39.8045,-68.64102868957215,-67.80125608767726,90.11394,-10.31627,1141.302
93,77,0.6125,0.3875,CV,13.8537,13.8256,-20.841916988281632,-20.784926765070274,9.11788,-4.85765,160.9746
93,78,0.6313,0.3687,CV,16.4087,16.4087,-17.473575665566504,-17.41443870336942,-7.54465,1.3997,62.235
93,76,0.2645,0.7355,CA,12.9454,10.988,-9.237179207888143,-8.373639313389384,88.65898,-13.32822,300.3876
94,32,0.618,0.382,CV,12.9855,12.818,-11.43481020014759,-11.4423315272809,-2.98161,-0.1342,1595.4348
94,58,0.6,0.4,CV,93.2053,92.536,-21.902563828957376,-21.854678857778765,-12.88072,-7.25565,3255.2027
94,26,0.6149,0.3851,CV,26.6751,26.6917,-11.540056132330916,-11.533031163034442,-1.53328,0.71397,404.0621
94,53,0.6117,0.3883,CV,5.5901,5.5287,-13.864861253807746,-13.859368298886437,-0.62734,1.40004,92.0386
94,65,0.6171,0.3829,CV,2.2897,2.2802,-10.881743903080674,-10.887624330200396,0.03289,0.02614,22.7403
94,67,0.6185,0.3815,CV,8.0538,7.9979,-13.852935977620337,-13.862154280878087,-0.49906,-1.54225,702.5286
94,69,0.6178,0.3822,CV,8.1323,8.051,-10.6247575769026,-10.631143646355266,0.07894,-0.57939,887.0486
94,71,0.6105,0.3895,CV,5.0326,4.9481,-8.39560867888501,-8.385568062862369,1.60601,0.07911,76.975
94,28,0.611,0.389,CV,10.6487,10.4565,-14.592909213300118,-14.582234799759833,2.85805,1.57926,359.9138
94,68,0.612,0.388,CV,14.8472,14.624,-16.96771179538288,-16.960414306391257,0.85867,-2.07636,636.2482
94,74,0.3709,0.6291,CA,31.3697,27.8662,-51.51503197647065,-50.92972320714155,112.64759,-12.34905,1288.6776
94,77,0.5753,0.4247,CV,11.6411,11.2588,-26.078880585819597,-25.916498250757638,16.08209,-2.95833,207.7786
94,78,0.4596,0.5404,CA,21.3221,21.0923,-17.382379247161147,-16.726568486855744,-22.12833,2.80336,112.5803
95,32,0.6152,0.3848,CV,32.4553,32.3267,-12.982938254544365,-12.978193750095347,-4.20389,-0.72682,1582.2191
95,58,0.5981,0.4019,CV,86.2051,85.3967,-21.029321439406417,-20.979391357208407,-14.58383,-7.03731,3426.9302
95,26,0.6176,0.3824,CV,18.8603,18.9248,-11.980101180825612,-11.990364061770485,-1.15559,-0.1116,408.0725
95,53,0.6127,0.3873,CV,4.7465,4.6735,-10.004887640880488,-9.999048375523278,-0.64314,1.18946,88.7675
95,65,0.6159,0.3841,CV,3.1201,3.1026,-7.965435984968197,-7.965128201465774,0.0797,-0.08426,22.2659
95,67,0.6165,0.3835,CV,18.8845,18.8244,-16.4555075369148,-16.45580868449823,-1.32512,-1.71882,676.8844
95,69,0.6172,0.3828,CV,18.3182,18.2873,-13.208675870319086,-13.212955135215052,-0.80966,-0.90883,905.9474
95,71,0.6052,0.3948,CV,9.106,9.0215,-8.686451377081346,-8.650734298041208,1.87606,0.0971,75.3493
95,28,0.6141,0.3859,CV,8.1782,8.0584,-12.304716812562592,-12.30586622350793,2.39324,1.12394,354.564
95,68,0.6108,0.3892,CV,18.5041,18.2953,-24.70104250133605,-24.6866481060183,0.43908,-1.95915,617.9888
95,74,0.4484,0.5516,CA,19.9259,15.8713,-34.92350869947067,-34.596872692180895,118.17401,-12.27961,1411.6927
95,78,0.1802,0.8198,CA,24.8753,23.8523,-18.654757412225102,-16.895383225034028,-47.08602,7.01857,209.9789
96,32,0.6127,0.3873,CV,32.7601,32.5284,-14.406919418969256,-14.39572125891592,-4.8692,-1.21497,1556.4993
96,58,0.6012,0.3988,CV,64.1395,63.2606,-18.109236550278123,-18.075366557790424,-14.32588,-5.95042,3586.0451
96,26,0.6132,0.3868,CV,36.0348,36.0544,-13.191544244830581,-13.178930257030526,0.96041,-0.64414,424.8652
96,53,0.606,0.394,CV,11.4615,11.409,-10.758347197129247,-10.722894264578542,-1.31815,1.17422,84.3566
96,65,0.6139,0.3861,CV,3.4247,3.4002,-6.023056399098753,-6.015975761503964,0.15103,-0.18789,21.5008
96,67,0.6158,0.3842,CV,13.915,13.8009,-15.13078032733437,-15.130880591188692,-1.65286,-1.70073,661.9084
96,69,0.6153,0.3847,CV,30.5775,30.5097,-15.226615948002742,-15.223431048398812,-2.10642,-0.98088,935.5279
96,71,0.6126,0.3874,CV,5.5047,5.4881,-13.371030550367042,-13.374291692678728,1.1946,0.05701,76.0317
96,28,0.6122,0.3878,CV,15.7755,15.6749,-10.609758914451538,-10.59839428731144,2.70762,0.3434,346.8009
96,68,0.6117,0.3883,CV,22.5181,22.4454,-20.727556374748154,-20.718944608792143,-1.82828,-1.54901,601.4207
96,74,0.5064,0.4936,CV,17.6142,14.1069,-17.590932383141443,-17.387847343960576,111.18098,-9.25525,1493.9245
96,78,0.2885,0.7115,CA,15.028,13.334,-10.134694923668757,-9.380079094218273,-66.25168,11.60425,280.1941
96,76,0.5,0.5,CA,61.4981,58.6346,-21.78995553100301,-19.31399203764625,141.55496,-10.02155,297.9757
97,32,0.6076,0.3924,CV,63.4823,63.3236,-15.903988898915792,-15.8754407482135,-4.88669,-2.5677,1625.7936
97,58,0.5928,0.4072,CV,106.3147,105.5062,-25.511172506451885,-25.43768133580974,-18.34188,-4.76011,3695.1964
97,26,0.6176,0.3824,CV,5.6662,5.7849,-9.265838015520483,-9.278316423704238,0.54913,-0.20446,414.8971
97,53,0.607,0.393,CV,7.0399,6.9609,-9.493381912102894,-9.471921813738836,-1.39832,0.8919,80.1526
97,65,0.6193,0.3807,CV,2.0449,2.0711,-5.2789773991286015,-5.297580061601564,-0.0579,-0.089,21.4299
97,67,0.6163,0.3837,CV,11.5066,11.407,-10.800443442552375,-10.803535574276127,-1.35745,-1.4837,638.0926
97,69,0.6065,0.3935,CV,69.2106,69.1375,-22.36939567256876,-22.332043319502716,-5.14611,0.33541,921.2818
97,71,0.6124,0.3876,CV,5.837,5.7737,-22.499026981368573,-22.49067131934693,1.19846,0.00047,75.0149
97,28,0.5969,0.4031,CV,32.9466,32.8024,-15.60705050822592,-15.53405057738587,4.40211,0.20822,337.6881
97,68,0.608,0.392,CV,24.5612,24.4019,-28.863375512327536,-28.837493348638993,-3.27162,-1.93626,584.2817
97,74,0.4898,0.5102,CA,29.0836,26.3295,-11.503486351568638,-11.151342493075727,115.46928,-6.44927,1516.7596
97,78,0.5439,0.4561,CV,0.6089,2.4938,-6.643437497220621,-6.815559258609352,-51.12604,8.9701,297.5918
97,76,0.7451,0.2549,CV,21.8828,26.4711,-17.12425606140449,-17.894637794007373,-56.57281,7.76073,374.705
97,79,0.7,0.3,CV,41.2857,41.2857,-17.267380625861584,-17.267380625861584,0.0,0.0,269.038
98,32,0.6128,0.3872,CV,13.6205,13.2641,-17.924390511143457,-17.92493931312267,-3.56233,-1.98416,1648.0818
98,58,0.5869,0.4131,CV,98.9426,97.9316,-21.587019717243685,-21.501539521473532,-21.07181,-3.44093,3768.5924
98,26,0.6179,0.3821,CV,11.0945,11.1126,-11.32679253626999,-11.334314583405847,-0.35654,-0.08219,412.1025
98,53,0.6145,0.3855,CV,2.3962,2.378,-6.558062197055813,-6.566825471991015,-0.89682,0.6079,77.8206
98,65,0.6156,0.3844,CV,3.9393,3.9274,-5.427616754472722,-5.4226912020198235,-0.12925,-0.28971,20.4283
98,67,0.6174,0.3826,CV,7.1541,7.0748,-9.7934278084539,-9.800633997819979,-0.75281,-1.45419,620.4266
98,69,0.6113,0.3887,CV,15.8838,15.6247,-18.646243196308447,-18.642298960131562,-4.17733,0.51774,941.7915
98,71,0.6037,0.3963,CV,12.6952,12.6302,-54.80906738544233,-54.76426711243952,1.72719,0.02855,74.5188
98,28,0.6046,0.3954,CV,13.0281,12.8348,-9.260432431776405,-9.242475067304015,3.65392,0.3679,337.2105
98,68,0.6078,0.3922,CV,20.445,20.2536,-31.71770622511556,-31.696583015398794,-3.44733,-2.44801,571.8287
98,74,0.6526,0.3474,CV,37.3478,41.2899,-12.59640280709318,-12.939051128410068,-5.91029,4.08428,1471.1663
98,78,0.6585,0.3415,CV,5.2226,6.7452,-8.093275780218303,-8.384365953118408,-19.07472,5.02847,281.3516
98,79,0.6397,0.3603,CV,33.1531,33.1531,-37.48003691377164,-37.45687965031773,10.48222,-7.23416,347.3357
98,76,0.5346,0.4654,CV,13.084,11.9689,-31.385293488076172,-30.857247350082158,-63.86466,7.67881,314.5488
99,32,0.6173,0.3827,CV,39.7616,39.9251,-43.71248212371821,-43.72431270266452,-1.57022,-0.97074,1568.9851
99,58,0.6008,0.3992,CV,40.3421,39.3644,-19.507525794097653,-19.48801198994287,-16.6715,-1.23708,3841.7233
99,53,0.6108,0.3892,CV,8.1011,8.049,-10.847078572694752,-10.829104406663381,-1.12223,0.63086,76.1436
99,65,0.6159,0.3841,CV,2.4252,2.4097,-4.634322806491294,-4.6361543858704755,-0.14302,-0.38142,19.8483
99,67,0.6159,0.3841,CV,32.0029,32.0429,-12.48614844614836,-12.48523008118074,1.66756,-1.21482,622.257
99,69,0.6131,0.3869,CV,52.5492,52.5906,-31.390223468396847,-31.386700705995732,-2.36179,-1.03207,1038.6401
99,71,0.6002,0.3998,CV,11.7566,11.6802,-66.75721887290157,-66.71063428242425,1.93708,-0.08486,71.8172
99,28,0.615,0.385,CV,4.034,4.1438,-9.744980897103417,-9.759346549974735,2.05475,0.09026,329.8458
99,68,0.6018,0.3982,CV,29.0398,28.8667,-33.05866684573972,-33.01284780991928,-2.62073,-3.50632,533.2474
99,74,0.5668,0.4332,CV,42.3748,42.1332,-13.398262489853872,-13.141685972170851,-49.6098,5.867,1328.0746
99,78,0.6532,0.3468,CV,9.7462,10.3815,-9.141683132475377,-9.240483992987391,5.55275,0.12742,243.873
99,79,0.5722,0.4278,CV,30.7596,30.413,-56.6758590113334,-56.46048795310696,26.93539,-19.27555,541.0632
99,76,0.6185,0.3815,CV,2.127,2.5168,-23.3918225889595,-23.52279538021381,-38.00436,4.85786,287.1929
100,32,0.6022,0.3978,CV,83.9825,83.9205,-124.41200117498275,-124.35368973830984,-1.95778,0.62458,1408.5835
100,58,0.6091,0.3909,CV,30.5002,29.7808,-17.231245807386614,-17.226439304754596,-12.31414,0.08605,3871.4274
100,53,0.5974,0.4026,CV,15.8267,15.7589,-11.655392758569365,-11.586749195172157,-1.74929,0.78516,75.9397
100,67,0.597,0.403,CV,100.4721,100.5339,-35.423892679995845,-35.34618790531434,-4.29405,-1.19145,665.472
100,69,0.6156,0.3844,CV,47.5346,47.622,-17.227503142013312,-17.231841938139222,1.13629,-1.33768,1093.13
100,71,0.5983,0.4017,CV,10.8741,10.7851,-105.49019311680863,-105.44113124834445,2.08015,-0.10809,72.6975
100,28,0.6181,0.3819,CV,5.1595,5.2113,-10.863137627596744,-10.875243840761977,1.02062,0.35183,325.6504
100,68,0.6035,0.3965,CV,26.2502,26.1391,-46.77900719669665,-46.74900731471864,-4.02042,-2.743,522.004
100,74,0.5418,0.4582,CV,29.6336,27.6238,-13.310033957340837,-13.078951858756158,-54.16857,5.29598,1300.8551
100,78,0.6301,0.3699,CV,5.3044,5.069,-12.690673043970126,-12.696919789290552,7.57277,-1.02609,212.4768
100,79,0.2439,0.7561,CA,55.8962,54.5371,-75.0224385530394,-73.48455069702935,72.34955,-33.98622,927.3994
100,76,0.6537,0.3463,CV,5.5733,6.1986,-27.920447478961247,-28.08135171415756,-13.94263,2.27966,239.3513
101,32,0.6172,0.3828,CV,17.2387,17.5855,-75.89596123076863,-75.92308849517704,0.15246,0.33695,1396.2919
101,58,0.6091,0.3909,CV,44.1499,43.4471,-19.78863178624413,-19.77134435695551,-12.03008,0.98524,3870.5941
101,53,0.5926,0.4074,CV,13.4494,13.3452,-15.721981910456853,-15.653158054097482,-1.91527,1.08877,74.9107
101,67,0.5624,0.4376,CV,107.8018,107.5222,-35.141227014080236,-34.94920376899805,-7.93915,-3.22906,692.8628
101,69,0.6146,0.3854,CV,29.7049,29.5633,-24.912413468099516,-24.90859456999866,1.08016,-1.39836,1167.6784
101,28,0.6176,0.3824,CV,6.9161,6.861,-11.089441924935649,-11.094654709870687,1.13838,0.30757,320.5984
101,68,0.6006,0.3994,CV,30.5566,30.3891,-25.37450498418542,-25.329913245378552,-4.76121,-1.93136,522.1694
101,74,0.5646,0.4354,CV,24.9958,23.4522,-13.397059088779015,-13.294286349439702,-47.08194,4.07099,1325.7371
101,78,0.5572,0.4428,CV,14.5735,14.2331,-10.09578493905154,-9.833856741006215,13.26462,-2.06399,187.6762
101,79,0.3157,0.6843,CA,30.4176,27.0095,-45.27067383933094,-44.55550593939748,103.98154,-47.82674,1234.1086
101,76,0.6493,0.3507,CV,4.8963,5.2328,-18.045151582919697,-18.13384798131076,-1.35684,0.7476,197.9025
101,26,0.5,0.5,CA,5.9037,5.9082,-12.04715681106047,-12.059388022668907,-0.30448,0.16308,445.3439
102,32,0.6177,0.3823,CV,50.9401,51.1108,-24.4351870785774,-24.44220037573815,-0.89158,-0.45723,1448.7673
102,58,0.614,0.386,CV,22.5083,21.996,-16.596569613648803,-16.59998031896555,-8.44829,1.91166,3842.212
102,53,0.5789,0.4211,CV,19.5998,19.4857,-17.162370395982556,-17.044255626872882,-2.49805,1.13824,77.18
102,67,0.5581,0.4419,CV,75.4428,74.9382,-27.962204348646875,-27.803461074672413,-9.37997,-4.15969,727.6375
102,69,0.6141,0.3859,CV,30.4014,30.2282,-25.18225009631835,-25.178003940517492,1.13549,-1.35617,1269.619
102,28,0.6154,0.3846,CV,13.5716,13.5164,-11.478669597784947,-11.475683366788015,1.67813,0.00865,313.6301
102,68,0.6027,0.3973,CV,27.7374,27.5596,-11.507705932831016,-11.476232584263098,-4.29366,-0.83782,531.2342
102,74,0.5577,0.4423,CV,25.895,23.8019,-13.142341436328026,-12.978733515341727,-47.01038,4.00996,1320.8934
102,78,0.5346,0.4654,CV,10.4514,9.8068,-8.615025866984674,-8.36887485118237,14.65498,-2.34051,172.5161
102,79,0.1055,0.8945,CA,64.6862,61.036,-59.280378349359935,-57.100753140686095,197.9855,-74.87426,1574.785
102,76,0.6356,0.3644,CV,5.4752,5.4511,-22.70039766368816,-22.73649828634501,-3.09458,0.77251,164.2435
102,26,0.566,0.434,CV,42.0229,42.0157,-16.76421645933137,-16.72745040436881,-0.37944,2.41776,387.3047
103,32,0.6116,0.3884,CV,49.865,49.7029,-13.707865300971843,-13.688557268343594,-1.89844,-1.11092,1511.0671
103,58,0.6179,0.3821,CV,19.0185,19.0486,-14.323152029844996,-14.335974021396787,-4.21311,2.58267,3802.98
103,53,0.5511,0.4489,CV,26.5133,26.3672,-26.586298408368737,-26.375194956635625,-3.67101,1.40818,77.2433
103,67,0.4296,0.5704,CA,173.4236,172.953,-70.11768398141668,-69.44801630849778,-19.79451,-8.6242,684.0263
103,69,0.6114,0.3886,CV,60.5635,60.4256,-18.53729871195178,-18.5224908011206,3.22182,-1.15443,1385.3109
103,28,0.6174,0.3826,CV,3.8195,3.7935,-12.042671697604261,-12.05121660314953,1.11859,-0.06968,312.0164
103,68,0.6044,0.3956,CV,22.467,22.221,-12.38410784734229,-12.356507981683826,-4.23302,-0.56226,527.9142
103,74,0.5778,0.4222,CV,25.9673,24.8623,-13.971848185882958,-13.900039139234433,-39.23781,2.80779,1287.5103
103,78,0.5896,0.4104,CV,3.0209,2.7668,-9.320628197420024,-9.33080788536282,10.38152,-1.93041,161.5433
103,79,0.2289,0.7711,CA,35.4506,29.8789,-37.358186849729236,-36.3972846338794,256.49603,-96.27046,1708.5977
103,76,0.6314,0.3686,CV,1.3536,1.4194,-12.83896344593801,-12.877290841184845,-1.32766,0.44662,143.2086
103,65,0.5,0.5,CA,11.1927,11.189,-10.5534218410363,-10.528490717973032,-0.60525,-0.08079,19.0024
104,32,0.6031,0.3969,CV,87.9487,87.8237,-27.87594061175524,-27.829781685751342,-6.36514,-0.92993,1514.3322
104,58,0.6187,0.3813,CV,28.4428,28.47,-13.63448074674916,-13.64495770564196,-0.76642,3.32215,3756.0254
104,53,0.5626,0.4374,CV,14.4903,14.2833,-30.92618075058417,-30.801794835499617,-3.71349,1.59158,79.8742
104,67,0.4881,0.5119,CA,50.0627,49.1606,-21.00106186224606,-20.751469537760883,-22.73779,-8.96931,758.0824
104,69,0.6163,0.3837,CV,17.2704,17.4547,-23.471750304958732,-23.481530764492106,1.18068,-1.01674,1447.8081
104,28,0.6145,0.3855,CV,15.9234,15.8629,-10.574363543942614,-10.567546056832928,1.80732,-0.07394,309.9547
104,68,0.6107,0.3893,CV,15.9136,15.8141,-16.537054408789214,-16.53353474560914,-3.3863,-0.33638,509.161
104,74,0.6025,0.3975,CV,39.4118,39.3711,-15.720998733275074,-15.722038724398507,-23.82871,1.70136,1181.534
104,78,0.6096,0.3904,CV,2.7865,2.5784,-7.403229978118683,-7.416650922416278,6.93849,-1.45091,146.9546
104,79,0.5833,0.4167,CV,10.3962,16.125,-33.093573379310634,-33.5096058414061,178.0814,-69.40601,1700.4708
104,76,0.6258,0.3742,CV,2.4839,2.4402,-12.460366199547842,-12.480685276803797,-1.45914,0.32245,126.1726
104,65,0.5728,0.4272,CV,4.3474,4.3359,-6.227256989372605,-6.218306233317168,-0.58924,0.0179,18.2825
105,32,0.602,0.398,CV,108.5051,108.4328,-27.72297661978764,-27.685019703044254,-2.55853,-2.81348,1691.0675
105,58,0.6175,0.3825,CV,39.3188,39.2315,-13.225229670677503,-13.22918005297689,2.24964,3.05685,3646.7545
105,53,0.5396,0.4604,CV,22.909,22.6989,-28.85154418085366,-28.617827780726774,-4.96945,1.81606,82.4589
105,67,0.4919,0.5081,CA,52.4424,51.2798,-40.4607144898148,-40.14305222365077,-27.81059,-11.65956,815.4652
105,69,0.6144,0.3856,CV,51.2916,51.2093,-16.869566187420716,-16.864200994746184,3.30805,-0.41005,1550.3267
105,28,0.6114,0.3886,CV,18.4504,18.3561,-10.070534957401012,-10.054910400593855,2.28226,0.07093,312.3322
105,68,0.5896,0.4104,CV,51.3182,51.1417,-18.293718746483137,-18.192842701460584,-6.27998,-0.39095,506.2093
105,74,0.5684,0.4316,CV,40.089,39.4605,-22.040784348000344,-21.865230112722305,-26.0627,1.2008,1043.975
105,78,0.6292,0.3708,CV,8.4531,8.7296,-10.28763872463281,-10.355038502644922,0.70743,-0.15691,132.5279
105,79,0.5656,0.4344,CV,21.078,18.8418,-26.278429478223693,-26.119535508306477,133.61211,-52.73119,1557.7853
105,76,0.6174,0.3826,CV,6.0168,5.9549,-14.438325238294937,-14.43151721124314,-2.17557,0.55434,113.3383
105,65,0.6028,0.3972,CV,3.0613,3.0693,-6.305842085598638,-6.31544728134475,-0.39817,-0.13771,17.3409
105,83,0.7,0.3,CV,25.9786,25.9786,-16.96161662801996,-16.96161662801996,0.0,0.0,142.4437
105,84,0.7,0.3,CV,1.2629,1.2629,-7.08977497177513,-7.08977497177513,0.0,0.0,62.1338
106,32,0.6073,0.3927,CV,50.0857,49.7812,-25.671966740188388,-25.65749274102443,-0.64036,-2.56229,1854.2735
106,58,0.6174,0.3826,CV,26.2461,26.0839,-12.353478514714093,-12.358800384921532,3.10786,2.92884,3595.4277
106,53,0.5105,0.4895,CV,23.6867,23.4088,-31.73965877175877,-31.42217587160721,-6.52856,2.47651,86.244
106,67,0.4883,0.5117,CA,43.9276,42.5464,-32.31619735793345,-31.978726817544096,-33.13805,-14.1945,873.8515
106,69,0.6164,0.3836,CV,15.3808,15.3208,-16.585261165379116,-16.591048173334357,2.50201,-0.66906,1624.8316
106,28,0.6065,0.3935,CV,25.6291,25.5084,-11.485298559131426,-11.453877789168754,2.79652,-0.05329,323.0651
106,68,0.6066,0.3934,CV,14.1118,14.0416,-10.3247951631322,-10.326001245528225,-4.17637,-0.02385,520.516
106,78,0.6099,0.3901,CV,11.5439,11.5618,-17.923470173258536,-17.87999425181259,-3.07447,0.52389,121.8173
106,79,0.6228,0.3772,CV,35.3557,39.9203,-31.28137332942685,-31.385776143479546,-74.10078,28.77423,1341.1767
106,76,0.6197,0.3803,CV,2.2732,2.269,-7.800421058964657,-7.815691587058112,-1.25401,0.33637,102.9879
106,65,0.5945,0.4055,CV,13.2133,13.215,-22.453864407045277,-22.384910225447587,-0.50269,0.36326,18.9068
106,83,0.6459,0.3541,CV,11.5982,11.5982,-17.693994100689036,-17.698041758388985,-4.4688,1.43416,188.7751
107,32,0.6132,0.3868,CV,9.3973,9.0487,-25.252531312079682,-25.255183825477225,-0.50955,-1.6898,1925.716
107,58,0.6168,0.3832,CV,28.6706,28.4618,-12.546101773596726,-12.549280335536434,3.43961,3.10464,3559.9822
107,53,0.4823,0.5177,CA,22.7783,22.4203,-32.52430430121897,-32.13632596914202,-8.66654,3.08988,91.1826
107,67,0.5497,0.4503,CV,18.4163,17.2239,-17.962522779153637,-17.87635205699135,-28.38935,-13.09223,915.5487
107,69,0.6143,0.3857,CV,47.3049,47.1622,-13.843971755805308,-13.837864886639668,4.18989,-0.89809,1735.4187
107,28,0.6109,0.3891,CV,11.101,10.9542,-9.358135377189845,-9.352170379891612,2.14712,-0.07701,333.1418
107,68,0.5358,0.4642,CV,100.9621,100.9273,-59.67014997676061,-59.35659009919072,-6.1357,-5.45825,437.9224
107,78,0.54,0.46,CV,21.3882,21.2172,-26.913314530385875,-26.61152364918864,-6.6454,1.04634,112.6599
107,79,0.5058,0.4942,CV,21.9813,19.2911,-32.08874786890263,-31.630794051485925,-95.85778,37.46567,1143.2825
107,76,0.6198,0.3802,CV,5.5489,5.5613,-6.904242714292215,-6.916591712290327,-0.68924,0.32676,98.0843
107,65,0.5987,0.4013,CV,5.7924,5.7364,-11.810887001395814,-11.771682014030267,-0.47309,0.41557,20.1491
107,83,0.6283,0.3717,CV,14.7454,14.8379,-10.570361145096982,-10.57979956707516,7.45196,3.36717,269.6248
107,74,0.5,0.5,CA,110.1602,110.5665,-40.95556317288636,-40.84731463145617,-1.78513,6.21723,1100.3102
108,32,0.6154,0.3846,CV,16.9033,16.7629,-25.321066199885088,-25.324530969916996,-0.99865,-1.01832,2028.185
108,58,0.6161,0.3839,CV,32.9636,32.7413,-13.40386754407868,-13.40489473949063,3.60461,3.22915,3550.1706
108,53,0.4616,0.5384,CA,20.2881,19.8277,-36.28898098488836,-35.8582560718592,-11.30862,3.89132,99.2637
108,67,0.5219,0.4781,CV,38.6333,37.5357,-21.300260855016862,-21.0138981328828,-34.69607,-11.2033,939.4742
108,69,0.6167,0.3833,CV,65.9822,66.1418,-31.29365583844868,-31.300709129458465,-0.72788,-1.90471,1898.4893
108,28,0.6155,0.3845,CV,2.3966,2.365,-11.871839494921797,-11.879178534530674,1.2672,-0.10822,338.5242
108,68,0.591,0.409,CV,51.0936,51.4558,-27.251715080883457,-27.265983734954034,5.3913,-3.63944,434.5406
108,78,0.5368,0.4632,CV,12.6496,12.2858,-12.158239312211968,-11.945817523642638,-7.35893,1.06828,108.8918
108,79,0.6063,0.3937,CV,3.3238,4.0226,-30.92790591280127,-31.049135116915103,-59.93404,23.76817,1014.0925
108,65,0.6159,0.3841,CV,4.5978,4.643,-9.04318579357277,-9.06986341325564,-0.28166,0.06164,19.2529
108,74,0.5595,0.4405,CV,39.7842,39.2251,-22.500694115547606,-22.43753846925096,-4.95779,5.95987,1049.8099
108,76,0.6183,0.3817,CV,8.9872,9.006,-21.92146691598109,-21.92715182075796,0.23894,0.43409,90.1014
109,32,0.6161,0.3839,CV,19.5692,19.4049,-26.747225475636846,-26.750347884836124,-0.58761,-1.00972,2179.0064
109,58,0.6157,0.3843,CV,32.2101,31.9475,-13.87899127592897,-13.879194039085723,3.83083,3.03923,3547.398
109,53,0.4743,0.5257,CA,15.4656,14.891,-21.924789854046026,-21.574210038347985,-13.36778,4.51106,110.6476
109,67,0.5014,0.4986,CV,36.4163,34.947,-13.876071581324776,-13.54802108517812,-40.64495,-11.04107,983.7303
109,69,0.6177,0.3823,CV,22.1078,22.1614,-26.040861856083914,-26.048637741802743,-1.35665,-0.27595,2009.1139
109,28,0.6146,0.3854,CV,17.7612,17.7162,-10.152769190675354,-10.149148722575175,1.79804,-0.09503,336.4008
109,68,0.5003,0.4997,CV,53.4924,53.1691,-49.457010652943154,-49.024270534080244,13.00505,-4.53485,419.6533
109,78,0.5685,0.4315,CV,6.3251,5.9537,-7.407966433380151,-7.328503249813587,-6.42266,0.96657,105.2331
109,79,0.6547,0.3453,CV,9.8615,11.5316,-29.953082617211017,-30.136244667567265,-16.32477,7.3168,825.5963
109,65,0.6155,0.3845,CV,3.7834,3.7761,-11.023121105721737,-11.02283798873574,-0.12241,0.1263,20.0265
109,74,0.5991,0.4009,CV,1.7804,1.7794,-18.414539504480828,-18.428280465656037,-2.98417,3.89398,1021.4809
109,86,0.7,0.3,CV,62.7858,62.7858,-30.398324615616303,-30.398324615616303,0.0,0.0,511.8213
110,32,0.6175,0.3825,CV,12.7182,12.7978,-22.881852024136876,-22.889486108238756,0.29965,-0.56272,2293.2553
110,58,0.6155,0.3845,CV,32.5115,32.2428,-14.570692739805144,-14.570625027676234,3.81532,2.87466,3568.9147
110,53,0.5378,0.4622,CV,8.2251,7.7209,-12.63718579119556,-12.523321721366969,-12.2009,3.62225,122.3977
110,67,0.5202,0.4798,CV,32.2111,30.8792,-15.376286668575391,-15.152855604386703,-41.36587,-7.86332,1004.6135
110,69,0.5856,0.4144,CV,189.3801,189.4398,-34.382113897719975,-34.25458285496094,-0.74515,5.84206,1676.2711
110,28,0.6176,0.3824,CV,3.1238,3.1994,-9.175638208146964,-9.186130827944142,0.9064,-0.02589,339.0325
110,68,0.3931,0.6069,CA,56.3045,55.5941,-36.301604698654174,-35.56449807329744,21.97233,-5.31983,424.1999
110,78,0.3577,0.6423,CA,39.9533,39.6419,-45.7046730182398,-44.71800299375777,-13.52332,1.77543,108.9822
110,79,0.6433,0.3567,CV,10.2699,10.2511,-27.295845982000174,-27.357164704596553,-8.69125,4.97281,676.8349
110,65,0.6178,0.3822,CV,1.9708,1.9797,-8.171815407746108,-8.181858014255116,0.00495,0.15789,20.249
110,74,0.6096,0.3904,CV,31.8151,31.8441,-11.660623127404861,-11.660169671096376,-5.37038,2.11212,992.4729
110,86,0.6089,0.3911,CV,72.6021,72.6021,-27.564199676730272,-27.409853690850642,-11.07122,-19.86365,805.2587
110,88,0.7,0.3,CV,13.3056,13.3056,-21.880037772777023,-21.880037772777023,0.0,0.0,154.1033
111,32,0.6176,0.3824,CV,34.9243,34.9632,-24.7736806587761,-24.779927609752562,1.77901,0.17143,2361.9059
111,58,0.6153,0.3847,CV,33.507,33.2323,-14.50738934779251,-14.507007229786627,3.98732,2.69997,3601.3723
111,53,0.5728,0.4272,CV,7.317,6.9131,-7.586860230756732,-7.523397272546401,-10.14474,2.62431,131.6107
111,67,0.5666,0.4334,CV,32.1746,31.8573,-29.213349180686727,-29.15020929107114,-31.00268,-1.53236,967.4141
111,69,0.4502,0.5498,CA,149.6169,149.2186,-53.79830345430769,-53.17242906726251,-16.30973,-5.19779,1575.0321
111,28,0.6183,0.3817,CV,11.9858,12.0172,-10.740855314300195,-10.749851634342098,-0.10841,-0.00767,336.4138
111,68,0.1971,0.8029,CA,79.153,78.0473,-44.06602200406454,-42.51064038658581,44.16774,-10.081,457.8457
111,78,0.416,0.584,CA,19.048,18.3929,-15.14294231237293,-14.702929155948114,-16.67679,1.8172,119.8964
111,79,0.6312,0.3688,CV,17.8917,17.9215,-26.25774438266984,-26.28370698643795,-0.2259,2.65713,561.1078
111,74,0.6109,0.3891,CV,53.8931,53.9768,-20.19247961093957,-20.18203721386555,-2.7655,1.3416,909.4435
111,86,0.5308,0.4692,CV,47.0545,45.7762,-21.19723410791949,-20.859938321077415,-28.61431,-22.19303,1428.0179
111,88,0.6383,0.3617,CV,25.5714,25.5714,-45.5360535147736,-45.506847388735444,-11.1258,-1.8071,210.4757
111,65,0.6102,0.3898,CV,9.3708,9.3605,-17.259141991665157,-17.233773885341083,-0.01911,0.2784,22.3618
112,32,0.5905,0.4095,CV,172.6464,172.6118,-30.167689853921033,-30.060305085000948,2.9417,5.96314,2072.4629
112,58,0.6151,0.3849,CV,36.2281,35.9508,-14.574622086555033,-14.573496936734134,4.21268,2.59732,3655.0894
112,53,0.6136,0.3864,CV,5.2058,5.4743,-8.244361584764677,-8.299341005336593,-5.27199,0.92569,135.9159
112,67,0.417,0.583,CA,55.654,54.5744,-30.147446703850516,-29.4137896737694,-49.78289,-0.48384,917.2337
112,28,0.6182,0.3818,CV,9.0487,9.0459,-15.747112395457764,-15.75478002466399,-0.74234,0.04294,339.94
112,68,0.3591,0.6409,CA,26.0537,24.4527,-14.136352146774406,-13.681514527060962,53.91222,-11.81292,497.1773
112,78,0.3769,0.6231,CA,26.1402,25.5265,-25.546046711364845,-24.86057203949312,-23.37655,2.48496,126.7697
112,79,0.6133,0.3867,CV,15.0123,14.9617,-12.902810126073517,-12.870720071120607,-7.5789,4.92705,474.9292
112,74,0.6097,0.3903,CV,24.8286,24.6686,-21.599373858840035,-21.58224104208727,-1.58182,-0.2664,861.4597
112,86,0.5467,0.4533,CV,24.7485,21.6597,-18.54140786344189,-18.382122232397982,-33.1867,-22.38972,2032.9607
112,88,0.3996,0.6004,CA,48.0478,47.7361,-51.45138071141002,-50.540230264492436,-47.01342,-6.2795,389.2528
112,65,0.6165,0.3835,CV,2.8171,2.8422,-13.791221532854067,-13.803738400938412,-0.12069,0.13289,22.7155
113,32,0.5906,0.4094,CV,56.166,55.6036,-13.827549313886683,-13.760824445805422,7.50638,6.43358,2074.6299
113,58,0.6157,0.3843,CV,27.7543,27.4865,-14.746785083429543,-14.748731933461317,4.03573,2.40229,3683.793
113,53,0.6251,0.3749,CV,9.6914,9.9052,-10.068094932701285,-10.111886391594494,-0.59847,-0.56372,133.7067
113,67,0.5844,0.4156,CV,35.0883,36.0334,-16.788220970885515,-16.94487464759026,-23.651,5.2046,915.3911
113,68,0.1403,0.8597,CA,64.6487,62.7357,-32.144823168710936,-30.22916443573466,99.15185,-21.00063,603.0871
113,78,0.6212,0.3788,CV,13.7197,14.6345,-15.555662122041863,-15.922245774140533,-7.00498,0.4819,132.4346
113,79,0.6193,0.3807,CV,20.415,20.8021,-29.889585826029254,-29.909360366526485,3.90621,-0.21265,412.4994
113,74,0.5964,0.4036,CV,34.4721,34.2035,-34.84795162852155,-34.776665483253076,-1.441,-0.65935,790.9557
113,86,0.5911,0.4089,CV,17.7357,15.644,-19.28286690762033,-19.281739874628514,-33.42938,-12.80341,2380.4625
113,88,0.2121,0.7879,CA,36.2471,34.1844,-26.65656815822402,-25.184550433782057,-88.46333,-15.09016,691.5832
113,83,0.5,0.5,CA,49.6333,49.6696,-15.977953444706042,-15.938372298528922,0.77778,1.44522,410.9068
113,76,0.5,0.5,CA,50.694,50.6972,-24.817748903809985,-24.732406412026414,-1.93922,0.04692,80.1513
113,28,0.6042,0.3958,CV,57.0529,57.0954,-23.253048867234355,-23.20171987523436,3.55953,0.17084,351.3319
113,65,0.6135,0.3865,CV,8.6455,8.6495,-9.323970768769009,-9.314349676011162,0.19739,0.48598,22.1085
114,32,0.6186,0.3814,CV,80.6701,81.4331,-20.421023258674758,-20.471144188020965,3.21914,-0.79561,2260.037
114,58,0.6133,0.3867,CV,79.6338,79.5634,-14.977091794290505,-14.967722719594335,3.76912,4.42651,3514.4914
114,53,0.6183,0.3817,CV,8.9004,8.8959,-11.098215405327132,-11.096157548384632,1.29925,-1.03422,128.4555
114,67,0.594,0.406,CV,24.2962,24.0067,-18.349342658965874,-18.305429798081818,-14.53147,7.67445,815.2473
114,28,0.5917,0.4083,CV,40.5224,40.378,-19.58159033405931,-19.499321922414197,4.72424,-0.05287,332.8271
114,68,0.197,0.803,CA,42.399,39.7008,-25.222123358290826,-24.02119254722247,145.87632,-28.86961,704.9776
114,78,0.581,0.419,CV,21.0679,21.3541,-20.564271457399965,-20.4125983658778,9.48385,-1.18694,128.2966
114,79,0.6124,0.3876,CV,13.8969,13.7554,-20.996641110348804,-20.97808901645331,4.34408,0.10001,365.363
114,74,0.6025,0.3975,CV,21.523,21.3447,-18.453086261201694,-18.42714078169427,1.44562,-1.53645,735.2381
114,86,0.6244,0.3756,CV,24.4457,24.8565,-19.223217319216907,-19.29718176555537,-27.05093,-2.78865,2406.8372
114,88,0.3084,0.6916,CA,21.3258,18.2002,-10.799955342378077,-10.095245914845771,-118.39963,-22.69745,872.1009
114,83,0.4662,0.5338,CA,188.6586,188.3999,-74.35149793046538,-73.91387516800854,4.88844,4.77193,490.833
114,76,0.571,0.429,CV,5.7297,5.6367,-13.097377682488961,-13.081114087889253,-1.7439,-0.02118,72.7097
114,69,0.5,0.5,CA,184.2955,184.9374,-48.60716417850962,-47.541800808267936,35.91195,26.73957,1361.3102
114,65,0.6154,0.3846,CV,2.2365,2.2174,-5.799897262222689,-5.8027584879864165,0.26723,0.34916,22.5605
115,32,0.6182,0.3818,CV,23.2558,23.0826,-12.5757675811625,-12.583053090649498,2.54147,-1.197,2356.4003
115,58,0.6129,0.3871,CV,42.8261,42.499,-13.162093201312052,-13.154649357004123,3.05532,4.74764,3416.8563
115,53,0.6188,0.3812,CV,10.6847,10.7151,-18.88365314962692,-18.893782304935492,0.00225,-0.24106,119.5316
115,67,0.5854,0.4146,CV,18.7974,18.1201,-12.867066615398379,-12.77364811069556,-15.88587,7.14465,736.1946
115,28,0.47,0.53,CA,75.9835,75.7243,-63.11609715845559,-62.56062959535197,11.15804,-0.40761,308.7413
115,68,0.4885,0.5115,CA,11.7812,12.243,-25.309364905436645,-25.387833865515038,123.60846,-21.66049,752.9075
115,78,0.4514,0.5486,CA,20.0476,19.5901,-18.760097903119078,-18.145623945491447,16.59874,-2.08393,128.9669
115,79,0.6149,0.3851,CV,10.1122,10.0403,-28.432998501765624,-28.435549028368577,2.94697,0.582,318.5205
115,74,0.5906,0.4094,CV,45.0904,45.0116,-38.002840282061165,-37.918436968089345,6.72774,-1.66507,692.2491
115,86,0.6188,0.3812,CV,28.048,27.6771,-16.82856841315953,-16.829728480470568,-20.62822,4.09207,2275.8088
115,88,0.4765,0.5235,CA,10.5721,8.5729,-10.39512359699378,-10.269543082095858,-107.65508,-23.61998,871.879
115,76,0.591,0.409,CV,9.4338,9.3587,-11.401354132535936,-11.364641326324987,-1.85468,-0.19958,69.3665
115,83,0.5684,0.4316,CV,88.5319,88.8104,-44.981406804822036,-45.002475771775316,6.2276,2.56264,415.7854
115,69,0.556,0.444,CV,11.9405,9.7834,-16.639603516542273,-16.562299533566833,28.89569,21.57829,1262.7802
116,32,0.6172,0.3828,CV,32.5326,32.4199,-12.486449528926705,-12.489884222327957,4.1093,-0.83458,2354.3419
116,58,0.6148,0.3852,CV,24.1894,23.8016,-12.708717811759175,-12.709839467433989,2.629,3.90976,3348.2759
116,67,0.5986,0.4014,CV,20.1555,19.9302,-10.398319127151925,-10.372168043555053,-9.80878,6.76569,686.0757
116,28,0.5893,0.4107,CV,13.4729,13.9758,-28.515671976244313,-28.61739971662415,6.42961,-0.48725,316.7194
116,68,0.6517,0.3483,CV,9.6096,12.3533,-18.411892365753257,-18.752743061946614,53.57355,-6.24884,729.8984
116,78,0.4057,0.5943,CA,17.0296,16.214,-15.48182052370559,-14.867010877529882,22.56843,-2.69469,138.2171
116,79,0.613,0.387,CV,10.857,10.762,-12.737090937915138,-12.727738547061515,2.80219,0.68871,289.4025
116,74,0.5833,0.4167,CV,31.4937,31.1073,-31.96834254680821,-31.87096328320374,7.97486,-1.98702,647.826
116,86,0.6039,0.3961,CV,30.7855,29.9261,-13.867422539519648,-13.814147424935713,-18.01673,6.9925,2111.089
116,76,0.5973,0.4027,CV,7.8804,7.7876,-8.726161119125859,-8.686459077884818,-1.90651,-0.2563,66.738
116,53,0.583,0.417,CV,21.2494,21.1988,-15.980562115375704,-15.840759416538987,1.23334,-0.21565,103.9989
116,88,0.6562,0.3438,CV,13.6905,16.1501,-16.450669316937837,-16.828488594220673,-31.05836,-12.97131,737.7552
116,83,0.5314,0.4686,CV,150.8458,150.633,-51.80515085252008,-51.53008205315345,5.64444,5.40506,514.9121
117,32,0.6174,0.3826,CV,16.6052,16.3786,-11.899855341172799,-11.905579113646782,3.69721,-0.55987,2371.1287
117,58,0.6138,0.3862,CV,39.0428,38.7482,-12.677200643418685,-12.671531854149718,3.093,2.49442,3203.7349
117,67,0.6008,0.3992,CV,15.0397,14.5932,-14.044561371975515,-14.008044402341675,-8.32314,6.20542,622.2555
117,28,0.6189,0.3811,CV,26.1294,26.4492,-25.119961008724495,-25.1732293943441,-1.01042,-1.14364,312.0192
117,68,0.6608,0.3392,CV,9.7336,10.3377,-24.200913763283058,-24.34387414724143,17.84374,0.13669,587.0843
117,78,0.42,0.58,CA,13.2817,12.2745,-12.233492318658719,-11.74221205292664,27.703,-3.42062,149.3716
117,79,0.6157,0.3843,CV,17.5764,17.6516,-16.940242046717813,-16.944878459005068,-0.19609,1.45643,268.8123
117,74,0.588,0.412,CV,21.4236,20.9776,-27.076518181039155,-27.009650284360042,7.63984,-1.95671,604.3342
117,86,0.6129,0.3871,CV,20.1835,19.8177,-12.53125666395359,-12.537669895063415,-12.73021,5.96422,2002.4334
117,76,0.5951,0.4049,CV,8.7342,8.6319,-8.111162543205197,-8.052657193580966,-2.14809,-0.37848,64.3231
