frame,track_id,mu_CV,mu_CA,dominant,nu_CV_norm,nu_CA_norm,L_CV,L_CA,ax,ay,P_trace
2,114,0.6461,0.3539,CV,13.3659,13.3659,-10.130685124241795,-10.135584504832394,1.4423,-2.86207,311.3227
2,115,0.6459,0.3541,CV,12.2207,12.2207,-14.329422340289897,-14.333166658555971,2.55796,-1.14195,170.8257
2,116,0.6445,0.3555,CV,18.9331,18.9331,-10.536384282589374,-10.534216705350962,3.67713,-2.01367,155.0087
2,117,0.6453,0.3547,CV,16.7417,16.7417,-10.635197061155337,-10.63646722356897,3.32634,-1.31303,193.5432
2,118,0.6425,0.3575,CV,33.2938,33.2938,-20.7202294007079,-20.709248912195093,7.35326,-3.10216,249.3986
2,119,0.6461,0.3539,CV,11.9203,11.9203,-12.332422573242743,-12.337231488262722,2.60692,-1.16862,239.7758
2,120,0.6435,0.3565,CV,28.8632,28.8632,-12.744888980042433,-12.738401698825008,6.13234,-2.6016,248.3854
2,121,0.6465,0.3535,CV,5.4219,5.4219,-9.002557621369144,-9.009307418738073,0.18319,-0.27479,202.4794
2,122,0.6455,0.3545,CV,10.6295,10.6295,-16.737367588153774,-16.739667654971424,1.72227,0.12917,95.9117
2,123,0.6439,0.3561,CV,20.2677,20.2677,-11.232462454906107,-11.227832429722111,4.87033,-0.09019,140.8911
2,124,0.6424,0.3576,CV,23.0719,23.0719,-12.180157260534127,-12.16899675614853,5.41869,0.98522,117.6056
2,125,0.6408,0.3592,CV,40.8132,40.8132,-14.922771366074986,-14.904513097380025,9.82408,-0.81867,267.6066
2,126,0.6428,0.3572,CV,58.4772,58.4772,-29.27233571905113,-29.262913978776282,13.94068,-1.53623,840.1188
2,127,0.6411,0.3589,CV,19.5289,19.5289,-12.078218393910376,-12.061018942991565,-4.65116,-0.17889,63.4241
2,128,0.6445,0.3555,CV,21.3944,21.3944,-23.56314489852752,-23.560799806687385,3.87888,-3.04769,194.0174
2,129,0.6431,0.3569,CV,25.5884,25.5884,-11.897516968920039,-11.889373520506581,-5.69609,2.14441,172.9153
2,130,0.6442,0.3558,CV,11.2751,11.2751,-8.769493111149288,-8.765935608213455,2.04003,0.17,47.4825
2,131,0.6464,0.3536,CV,6.7502,6.7502,-8.449550601133033,-8.455608622063927,0.7353,-0.7353,142.8089
2,132,0.6458,0.3542,CV,10.1618,10.1618,-15.774080950787434,-15.777550889114455,-1.33513,0.25841,117.455
2,133,0.645,0.355,CV,9.6052,9.6052,-8.466941408761521,-8.46678554037299,-2.20408,-0.36735,50.5153
2,134,0.6455,0.3545,CV,10.7306,10.7306,-12.290923786793265,-12.293081670745432,1.46729,-1.97167,91.06
2,135,0.6465,0.3535,CV,3.3187,3.3187,-14.53051943562048,-14.537177550228938,0.31752,-0.63505,71.7707
2,136,0.6458,0.3542,CV,12.8077,12.8077,-12.505944630627187,-12.509473575774436,2.84322,-0.27515,176.1913
2,138,0.646,0.354,CV,11.6688,11.6688,-9.13741914326994,-9.141754880040914,-0.69654,1.78488,203.2858
2,140,0.646,0.354,CV,9.0157,9.0157,-8.402104492373125,-8.406480077111093,1.87394,0.98159,117.7922
2,141,0.6122,0.3878,CV,68.6994,68.6994,-75.21134722609459,-75.07092802330382,-15.56943,5.58903,141.4141
2,142,0.6462,0.3538,CV,8.7877,8.7877,-9.746323197558768,-9.751716144704208,-1.96582,-0.62549,175.635
2,143,0.6451,0.3549,CV,13.1219,13.1219,-9.652366295307086,-9.652635481509211,0.26619,-3.03902,100.959
2,144,0.6458,0.3542,CV,5.2501,5.2501,-6.545543034999421,-6.549090048790481,0.3518,1.05539,31.3234
2,145,0.6455,0.3545,CV,10.9524,10.9524,-8.534300805184104,-8.536411610317138,-2.21693,-0.83135,93.5854
2,146,0.6466,0.3534,CV,1.8374,1.8374,-6.280049978620472,-6.286839243300912,-0.17755,-0.17755,41.0915
2,147,0.6464,0.3536,CV,21.089,21.089,-12.898081550089932,-12.904351969683475,0.41692,-0.17555,2302.2805
2,137,0.6446,0.3554,CV,65.3201,65.3201,-14.314421446837573,-14.312627238476896,0.09528,-9.33792,1906.5523
3,114,0.6254,0.3746,CV,16.5505,16.505,-9.924465302417493,-9.92138233039424,5.09199,-8.29534,452.1845
3,115,0.6119,0.3881,CV,15.138,15.0743,-12.583559208951158,-12.523527111195904,14.1467,-4.07176,248.6749
3,116,0.5533,0.4467,CV,30.1715,30.0569,-17.484138128320055,-17.185033702332323,19.34248,-8.07597,243.7235
3,117,0.5924,0.4076,CV,23.4691,23.3684,-12.486295611988506,-12.345898424147624,17.3615,-6.99336,285.6405
3,118,0.3501,0.6499,CA,59.0562,58.8745,-31.82268892399137,-30.69367631307349,53.17175,-8.22968,480.8018
3,119,0.6366,0.3634,CV,6.8944,6.8293,-15.26767455438886,-15.312636075933824,5.54549,-3.75955,337.2668
3,120,0.5639,0.4361,CV,23.7011,23.5157,-17.72332998375029,-17.468600266667387,26.25109,-9.37448,372.9866
3,121,0.2229,0.7771,CA,80.635,80.6512,-118.37471845866227,-116.60966039628327,-56.70404,1.70832,440.3056
3,122,0.5325,0.4675,CV,23.9336,23.9447,-23.439015571773233,-23.05447729594458,10.91568,8.01697,138.0046
3,123,0.4549,0.5451,CA,38.8934,38.779,-27.121559681885714,-26.42817414755258,30.03743,-7.29955,246.4975
3,124,0.5226,0.4774,CV,24.8817,24.7377,-17.207566845185767,-16.787627102145123,23.25805,6.13314,186.5529
3,125,0.4553,0.5447,CA,44.0401,43.7832,-23.650037766179832,-22.963181559258203,45.46062,-5.67271,456.6108
3,126,0.0768,0.9232,CA,119.0262,118.8412,-54.92547474091032,-51.92745856348414,53.55349,-62.45503,1763.478
3,127,0.2811,0.7189,CA,33.0697,32.9474,-36.58131368034266,-35.13415023259266,-31.01207,-0.85179,124.5587
3,128,0.5817,0.4183,CV,21.9036,21.8016,-39.43093591832765,-39.24753190606565,19.36869,-10.15686,295.4485
3,129,0.5681,0.4319,CV,24.737,24.5815,-17.5165946171728,-17.279632171161396,-20.37623,8.85634,265.3436
3,130,0.5519,0.4481,CV,16.4142,16.3716,-17.29765685026611,-16.993124917243527,12.32237,2.20579,70.1173
3,132,0.5147,0.4853,CV,32.8641,32.8265,-20.929383573539425,-20.47291691970769,-23.34762,-2.30633,185.5198
3,133,0.6198,0.3802,CV,6.1783,6.1237,-9.920147622613053,-9.894724108363532,-5.46959,-2.39316,70.9059
3,134,0.5718,0.4282,CV,16.9145,16.9218,-19.9450354754204,-19.719589317511982,-13.78751,-8.16774,135.7935
3,135,0.6218,0.3782,CV,9.3513,9.3638,-10.600755827566417,-10.581650052638622,-7.15703,0.28945,103.6194
3,136,0.6078,0.3922,CV,18.6274,18.621,-21.185378610448932,-21.108232912780803,7.57486,-8.11869,264.7692
3,138,0.6123,0.3877,CV,18.7278,18.6992,-12.447699240967038,-12.389062975023846,-5.43673,13.49691,284.2317
3,140,0.6175,0.3825,CV,11.8733,11.8211,-8.882867667905812,-8.846418074464474,10.59944,1.68809,168.3421
3,141,0.0294,0.9706,CA,42.9741,42.6166,-57.5352716571737,-53.57246371246905,-83.28613,8.73077,360.979
3,142,0.624,0.376,CV,13.9086,13.9454,-11.018384108521648,-11.009067142021358,8.22837,-5.57867,244.0
3,143,0.6097,0.3903,CV,13.3067,13.2571,-9.808936664625477,-9.74067173797584,-7.0289,-8.043,147.2817
3,144,0.6128,0.3872,CV,7.9915,7.9732,-7.85435635025732,-7.79807163511726,0.61662,1.35024,46.8513
3,145,0.619,0.381,CV,8.6105,8.5407,-7.853309199160451,-7.823923874988783,-8.55153,-3.59019,132.4195
3,146,0.6396,0.3604,CV,2.024,2.0284,-5.703653228752777,-5.760960642910454,-0.80124,1.3185,56.8349
3,147,0.6375,0.3625,CV,17.6993,17.6117,-12.625143644489505,-12.673691073919521,9.95808,3.16031,3218.8621
3,131,0.63,0.37,CV,8.876,8.8455,-9.444614544479947,-9.460624519705586,8.02559,-4.04462,201.0618
3,137,0.6176,0.3824,CV,34.3601,33.9717,-12.00204066904266,-11.96781050807461,18.10778,-23.505,2687.7202
3,148,0.7,0.3,CV,25.5283,25.5283,-12.348043985142816,-12.348043985142816,0.0,0.0,104.9825
3,149,0.7,0.3,CV,4.7449,4.7449,-7.037872580279411,-7.037872580279411,0.0,0.0,25.9237
4,114,0.547,0.453,CV,30.6984,30.3436,-15.170644439505004,-14.874449216963214,23.78152,-18.47439,595.1958
4,115,0.5101,0.4899,CV,19.7118,19.1253,-11.291988578968251,-10.867634364408191,28.0228,-6.17211,334.6519
4,116,0.2867,0.7133,CA,42.1135,41.104,-20.89193045722967,-19.601065546145207,44.72172,-13.55197,424.8607
4,117,0.395,0.605,CA,33.8302,33.0261,-16.344970150001913,-15.48243384419644,39.13591,-14.16655,437.2596
4,118,0.1315,0.8685,CA,54.4899,52.0971,-32.64303775772417,-30.66486222624004,113.19445,-9.47565,918.804
4,119,0.5035,0.4965,CV,29.9903,29.801,-33.250777220906876,-32.76344757290916,24.53843,-14.7411,439.9184
4,120,0.4079,0.5921,CA,26.5021,25.6337,-13.544376260846539,-12.777304706494181,49.46746,-8.10224,560.6738
4,121,0.0703,0.9297,CA,73.8383,71.4787,-98.06670592671857,-95.57294002847782,-142.51371,-0.53021,828.8242
4,122,0.2107,0.7893,CA,18.7749,18.0438,-27.944361387246488,-26.274393311109293,31.94485,19.95936,229.3823
4,123,0.152,0.848,CA,42.4645,40.9868,-24.599772064320035,-22.642557546034777,68.69042,-12.92699,471.6921
4,124,0.2432,0.7568,CA,28.5048,27.4653,-19.26740963366087,-17.797678327109406,48.76372,12.41035,328.3786
4,125,0.2066,0.7934,CA,38.0722,36.0584,-17.23549907307431,-15.651095384725018,91.53585,-9.44535,802.8716
4,126,0.3819,0.6181,CA,37.4207,39.9534,-37.75378315166198,-37.567146203903135,-115.29856,-24.68063,1566.5767
4,127,0.0307,0.9693,CA,34.4226,33.1619,-35.27431619562718,-31.826918046364764,-84.753,0.46043,236.4895
4,128,0.4023,0.5977,CA,30.7,29.7872,-36.34724409488085,-35.53101430329581,35.31725,-17.29645,462.6259
4,129,0.5898,0.4102,CV,7.9197,7.0183,-11.417714125122366,-11.380325285745709,-19.37809,6.16559,351.5288
4,130,0.4687,0.5313,CA,10.1574,9.6314,-27.504845548999874,-27.002639024642015,18.55004,4.08934,102.7819
4,132,0.1679,0.8321,CA,37.7783,36.7315,-24.48688739152715,-22.56329041314831,-55.31264,-7.36388,345.2933
4,133,0.5712,0.4288,CV,8.6748,8.5728,-8.611003851817319,-8.421417914758731,-11.2194,-1.43119,91.3487
4,134,0.4004,0.5996,CA,15.2804,14.6075,-16.234976536312168,-15.425331994442317,-27.8634,-11.14333,199.6295
4,135,0.4013,0.5987,CA,20.9596,20.6577,-16.101518754729526,-15.222070150888722,-23.21249,0.7706,153.2775
4,136,0.5359,0.4641,CV,20.684,20.0485,-30.54016499305186,-30.225201127633774,13.2587,-17.65588,363.6828
4,138,0.5248,0.4752,CV,20.083,19.4657,-15.394517868497342,-15.028372129648286,-9.30564,26.25987,379.2093
4,140,0.4195,0.5805,CA,23.2541,22.9255,-15.309160237525514,-14.511225706393077,24.4316,8.47454,235.7364
4,141,0.037,0.963,CA,41.5321,39.584,-39.5989412710763,-36.70280882236346,-171.69438,12.98351,525.3672
4,142,0.6208,0.3792,CV,18.8336,19.2587,-13.166381339295787,-13.176521395233339,-7.36134,-0.01548,308.4445
4,143,0.4976,0.5024,CA,20.694,20.247,-12.52090406441414,-12.04962831694651,-12.53678,-14.0311,213.5331
4,144,0.6054,0.3946,CV,7.0053,6.9728,-7.164071946570026,-7.1259824514179115,1.53665,5.3998,59.5128
4,145,0.6367,0.3633,CV,2.8529,2.5194,-6.387141807228337,-6.472686063069216,-6.74386,-1.9974,155.6361
4,147,0.6397,0.3603,CV,16.833,16.2566,-13.376058318817172,-13.447270453137968,15.7342,6.76539,3902.9431
4,148,0.6327,0.3673,CV,43.0332,43.0332,-21.94366357868239,-21.89025759677196,-5.10418,2.95057,156.3976
4,149,0.6432,0.3568,CV,6.9119,6.9119,-10.846703844770827,-10.838923954571035,-3.48443,-0.1515,35.1687
4,131,0.5777,0.4223,CV,14.3193,14.0485,-21.095365990337484,-20.91727061614111,16.78659,-4.42128,257.4653
4,137,0.6227,0.3773,CV,19.0362,17.1838,-10.63368117457434,-10.661409041006538,30.47756,-20.47302,3078.4574
4,152,0.7,0.3,CV,7.2333,7.2333,-7.618067602825582,-7.618067602825582,0.0,0.0,29.4384
5,114,0.4393,0.5607,CA,32.0262,30.9003,-13.556102647858731,-12.94191753566582,31.31123,-31.37142,721.9359
5,115,0.3232,0.6768,CA,24.1045,22.778,-13.467007991503593,-12.411145636708163,46.3864,-12.32071,429.2699
5,116,0.3315,0.6685,CA,29.4876,27.3847,-13.826132957523187,-13.123513705917938,60.95938,-15.95099,624.4426
5,117,0.1758,0.8242,CA,41.5643,39.4805,-19.311865984707524,-17.613414814878478,78.67387,-28.01311,653.1284
5,118,0.2375,0.7625,CA,41.5118,38.2062,-40.65595356941842,-39.70634220023003,160.26643,-1.85648,1255.7911
5,119,0.4893,0.5107,CA,14.1437,12.5761,-29.360873082741456,-29.01077988324712,29.70976,-18.71409,514.5867
5,120,0.3196,0.6804,CA,25.0609,22.611,-12.678888258479578,-11.7518499468738,76.65594,-15.70013,721.9374
5,121,0.1582,0.8418,CA,42.9117,39.6232,-94.35221489198251,-92.98463510209909,-202.87681,-9.43032,1086.2616
5,122,0.1433,0.8567,CA,22.5061,21.6281,-48.142836153314434,-46.45947210990236,64.25784,24.14617,290.844
5,123,0.2559,0.7441,CA,29.4054,26.95,-16.526187124501124,-15.646568097547107,102.5204,-15.90562,652.4275
5,124,0.2669,0.7331,CA,23.0294,20.9637,-20.023226817521724,-19.072222996859573,74.9589,20.11675,454.249
5,125,0.3415,0.6585,CA,29.6074,28.1852,-13.936054278501844,-13.390218646437585,104.67258,-10.04435,1052.7068
5,126,0.5079,0.4921,CV,17.7253,17.6761,-22.238578485812837,-22.13514700687636,-112.18824,-1.10941,1084.7745
5,127,0.1295,0.8705,CA,19.6339,17.7792,-13.908381020251436,-12.363725757981673,-118.31786,2.28343,286.882
5,128,0.0685,0.9315,CA,60.6526,58.6975,-44.860516764643606,-42.08658470731149,94.30699,-40.21363,718.4932
5,129,0.6103,0.3897,CV,5.6572,4.6803,-11.396232983533992,-11.412436296950407,-15.70916,5.9067,391.9432
5,130,0.4194,0.5806,CA,9.6688,8.7701,-23.17668052037627,-22.59369675037438,25.41766,4.79881,132.9377
5,132,0.3675,0.6325,CA,16.3428,14.9863,-13.518224200702388,-13.14037802322676,-63.63616,-5.59711,463.3605
5,133,0.5288,0.4712,CV,7.9028,7.4735,-12.287937893832432,-11.998271270744102,-14.07274,0.70113,101.5508
5,134,0.3205,0.6795,CA,14.0197,12.663,-12.279802630820484,-11.367581381277194,-44.00222,-13.69088,255.1888
5,135,0.4226,0.5774,CA,10.3107,9.1566,-10.711476261945528,-10.2370169387566,-29.78715,1.15191,195.0183
5,136,0.2906,0.7094,CA,41.0241,39.9331,-39.81485650256859,-38.56835223497366,36.15158,-29.33871,509.8628
5,138,0.5556,0.4444,CV,14.9744,14.5204,-9.415660021527373,-9.30104694828087,-2.53752,25.9806,449.8129
5,140,0.2404,0.7596,CA,18.9157,17.757,-15.392220139845467,-14.05359289464661,34.2055,19.24482,298.8767
5,141,0.1795,0.8205,CA,18.1851,14.6262,-10.53233794216732,-9.364468725629422,-198.63887,12.94669,597.4588
5,142,0.6041,0.3959,CV,12.576,12.2181,-10.373682312817554,-10.318165786335584,-12.50913,1.75042,334.9143
5,143,0.4401,0.5599,CA,19.7992,18.8974,-11.47606598583192,-10.936432852226861,-16.44511,-23.43315,276.3945
5,147,0.6425,0.3575,CV,16.2145,16.1309,-13.008429310212689,-13.088458219761772,14.59391,5.56359,4107.5609
5,148,0.5398,0.4602,CV,48.5619,48.277,-21.597225075057814,-21.261241273029917,-14.23132,10.90186,266.2542
5,149,0.6071,0.3929,CV,6.2409,6.1491,-21.71029755692893,-21.634239489543873,-7.76812,-0.90437,52.4216
5,152,0.6431,0.3569,CV,8.7685,8.7685,-13.600245448184339,-13.592078483942618,-1.60825,0.42003,41.44
5,137,0.4179,0.5821,CA,53.4919,51.1133,-14.770820868227808,-13.958759446569566,39.28622,-36.76523,3168.4316
5,145,0.6101,0.3899,CV,7.2169,6.9464,-11.994299042693918,-11.94037445200632,-10.28505,-1.04524,160.4539
5,153,0.7,0.3,CV,8.2854,8.2854,-9.143546976772434,-9.143546976772434,0.0,0.0,77.7995
5,154,0.7,0.3,CV,21.017,21.017,-16.358546076344158,-16.358546076344158,0.0,0.0,39.4467
6,114,0.4805,0.5195,CA,18.9253,17.6003,-14.356654388698686,-14.062969817396183,25.19534,-36.78414,765.5111
6,115,0.3053,0.6947,CA,18.4573,16.4257,-11.120679525016357,-10.246136072270804,66.68528,-15.74713,467.7845
6,116,0.1377,0.8623,CA,63.3511,60.8213,-29.954114349107222,-28.055602089122072,119.93314,-32.376,874.1258
6,117,0.3448,0.6552,CA,19.0959,16.6867,-15.185186983194992,-14.697222988954543,93.83492,-37.54303,737.364
6,118,0.3715,0.6285,CA,27.3239,23.9066,-45.31674828258575,-44.85858188304617,171.9142,11.91223,1539.0065
6,119,0.0533,0.9467,CA,74.3457,73.3002,-57.388944877722324,-54.22526832134023,77.83788,-35.54828,717.4353
6,120,0.3282,0.6718,CA,23.5598,21.1629,-18.245116625679614,-17.48139209635525,98.04607,-27.68928,778.6704
6,121,0.0385,0.9615,CA,65.2577,60.7637,-30.52100637522598,-27.481147233860128,-336.03724,-33.25693,1376.1349
6,122,0.3549,0.6451,CA,11.1926,10.3159,-26.08005846253707,-25.68278862896314,71.63938,15.05344,276.8037
6,123,0.0936,0.9064,CA,51.4505,48.5571,-23.999906351396028,-21.771533680328606,179.01824,-30.20791,854.5
6,124,0.2719,0.7281,CA,23.8427,21.7887,-35.594726496626414,-34.636250657728745,103.37333,20.3004,527.4123
6,125,0.4166,0.5834,CA,21.8846,18.6805,-14.965918919304894,-14.550879474515398,112.47448,-15.97291,1185.7464
6,126,0.5225,0.4775,CV,14.2261,12.664,-13.363929995422062,-13.140258387107151,-92.43589,1.12283,858.2563
6,127,0.31,0.69,CA,10.1453,7.8851,-11.043138497641483,-10.462849065981729,-125.65612,2.68296,335.8932
6,128,0.3333,0.6667,CA,17.8661,15.4011,-40.337280501104864,-39.95037302622717,108.20299,-44.99067,822.8829
6,129,0.6426,0.3574,CV,4.7993,5.4973,-10.146548620167987,-10.270741848658474,-6.49177,1.31509,390.2588
6,130,0.3892,0.6108,CA,11.144,10.1494,-10.491200789949811,-9.853004956151908,33.258,3.22221,155.8916
6,132,0.5161,0.4839,CV,7.6024,6.3564,-12.267477835583659,-12.217155847525584,-57.20464,-3.9742,499.6808
6,133,0.586,0.414,CV,3.1894,2.809,-20.866170548302197,-20.86983882631909,-10.87653,0.2265,99.752
6,134,0.4529,0.5471,CA,8.1259,7.0392,-9.356818658598549,-9.119265665157837,-45.09027,-12.46681,268.2075
6,135,0.611,0.389,CV,4.1604,5.2105,-18.700333355331757,-18.959654374421028,-15.68531,-0.44624,195.3256
6,136,0.3702,0.6298,CA,22.3275,20.2446,-52.77244252047047,-52.234396480547815,48.05602,-37.53667,615.0445
6,138,0.3466,0.6534,CA,34.6377,33.9124,-21.747604928034697,-20.731009469247688,-2.46375,41.95872,477.3087
6,140,0.6452,0.3548,CV,8.5639,10.2442,-10.253933590536974,-10.915465822833156,15.19924,4.22644,258.9057
6,141,0.4881,0.5119,CA,8.5236,8.9555,-36.16120319888454,-36.2625669269272,-169.52385,15.47584,667.4805
6,142,0.5203,0.4797,CV,22.6658,22.0058,-12.397534484072754,-12.025356954494399,-18.98599,-0.94758,358.367
6,143,0.3917,0.6083,CA,19.6147,18.1787,-11.58691595883581,-10.929930899727676,-21.39664,-32.67201,341.8963
6,147,0.6401,0.3599,CV,8.317,8.1759,-13.91547639434719,-13.981032832747893,9.91447,0.94115,4060.1496
6,148,0.4381,0.5619,CA,46.304,45.2976,-20.34568104508657,-19.73741243278651,-25.90204,18.22199,419.7554
6,152,0.5676,0.4324,CV,15.3855,15.3141,-17.660069722415244,-17.420972939766287,-9.7929,1.68472,66.4816
6,153,0.6282,0.3718,CV,31.0448,31.0448,-26.184331181231478,-26.11155444072435,7.13395,-3.8117,115.1672
6,154,0.642,0.358,CV,12.7227,12.7227,-9.637934704908478,-9.625008711392194,2.19321,1.97613,54.492
6,158,0.7,0.3,CV,4.1944,4.1944,-7.44261493136033,-7.44261493136033,0.0,0.0,40.2407
7,114,0.4532,0.5468,CA,27.0083,25.9487,-13.702681323692445,-13.240514448446344,34.06505,-44.28094,784.3121
7,115,0.4531,0.5469,CA,16.8741,16.603,-14.357314478633961,-14.141641289933418,57.91616,-25.98399,452.4452
7,116,0.3153,0.6847,CA,31.1595,28.1982,-22.41667146666442,-21.848928241998237,139.40262,-46.95099,1081.5462
7,117,0.3367,0.6633,CA,25.4258,23.2831,-26.266016759561367,-25.50526595399937,104.97817,-55.14736,792.7442
7,118,0.5604,0.4396,CV,13.5409,14.4341,-43.834232236358346,-43.956865716648906,124.24969,14.49054,1714.4263
7,119,0.3283,0.6717,CA,35.8561,34.7354,-25.698273967872584,-25.31067471225538,83.30284,-48.72744,774.5802
7,120,0.4746,0.5254,CA,23.2779,23.2621,-37.29176680438431,-37.13042985429295,71.10154,-39.51149,768.8623
7,121,0.7302,0.2698,CV,49.1283,54.1699,-25.82209298534906,-27.167338268134685,-185.9016,-62.98977,1128.5749
7,122,0.0087,0.9913,CA,40.2189,38.6829,-47.47389081490956,-42.64347102007169,146.19624,4.06606,320.1266
7,123,0.4289,0.5711,CA,15.5738,15.4957,-19.08814561778943,-19.072363269093124,164.26993,-38.96765,904.9776
7,124,0.2999,0.7001,CA,30.828,30.1594,-56.50600692026326,-55.67773102976815,105.42089,-2.37258,578.3586
7,125,0.5133,0.4867,CV,23.0757,21.9565,-10.952781296139026,-10.822437935354916,95.19807,-24.80186,1253.4547
7,126,0.593,0.407,CV,11.7863,11.3907,-8.967804217544657,-9.009745786142666,-60.90195,-8.72453,713.0604
7,127,0.6474,0.3526,CV,15.8036,17.8803,-21.875837119819145,-22.449439826531908,-56.43205,-8.78411,365.0681
7,128,0.3437,0.6563,CA,35.4635,33.7152,-45.51901637792776,-44.805339062574774,115.49064,-62.49335,936.9059
7,130,0.2459,0.7541,CA,23.7683,23.02,-29.53812293880047,-28.272478180993318,46.20742,-4.59247,187.8554
7,132,0.543,0.457,CV,24.4621,24.357,-13.474359878520088,-13.321381491037148,-39.52377,-14.85798,523.7724
7,133,0.5298,0.4702,CV,16.7945,16.9374,-42.710549046548124,-42.40327172674263,-2.77232,-7.41899,96.181
7,134,0.4429,0.5571,CA,17.4003,16.9511,-13.115442918215606,-12.650994951902984,-39.55736,-22.9269,263.6218
7,136,0.332,0.668,CA,30.265,28.3154,-84.57882660147952,-83.76122429629282,62.29383,-55.15672,688.576
7,140,0.5583,0.4417,CV,17.841,18.0487,-15.006140617838746,-14.72598476695055,5.14447,-12.17819,205.2998
7,141,0.3146,0.6854,CA,20.0555,15.5731,-11.5687656281926,-10.504852817155529,-193.41394,17.86705,907.6818
7,142,0.4819,0.5181,CA,28.2502,27.5716,-13.587546102827563,-13.183660811621138,-20.44116,-7.82496,386.2984
7,143,0.315,0.685,CA,28.7342,27.0782,-14.06860468225503,-13.142889209913559,-27.59682,-49.82989,420.8362
7,147,0.6337,0.3663,CV,18.629,18.5971,-14.052363038191261,-14.093916107915101,6.65523,-3.06287,3817.9202
7,148,0.4108,0.5892,CA,39.2189,37.6291,-19.35877167237194,-18.783766974156514,-39.45039,20.34197,605.708
7,152,0.299,0.701,CA,31.6136,31.2845,-27.36846066111043,-26.116650461297205,-17.9584,-8.3303,119.3973
7,153,0.3981,0.6019,CA,46.4417,46.2159,-79.31362044480574,-78.41135127413139,22.63501,-24.95691,214.8679
7,154,0.5619,0.4381,CV,20.7442,20.6784,-15.719826602889281,-15.459240361125264,12.08385,-0.65054,86.2131
7,158,0.6169,0.3831,CV,25.8839,25.8839,-23.004437796401817,-22.883857633553696,0.46537,-9.09629,59.3348
7,144,0.5,0.5,CA,67.6549,67.7849,-74.74358285806366,-71.54542192181785,-11.87333,-13.5095,84.6335
7,129,0.4582,0.5418,CA,46.5361,46.25,-22.697129928185767,-22.019039436224226,-20.76606,-1.16555,408.3696
8,114,0.5039,0.4961,CV,23.4379,22.6233,-12.84143118761145,-12.621299970302804,39.19899,-35.08953,740.3555
8,115,0.6673,0.3327,CV,14.9905,16.8099,-12.235783690703148,-12.696510040759701,13.29657,-1.39181,381.1958
8,116,0.4456,0.5544,CA,38.0873,37.2918,-27.422979479645093,-27.163206880706237,128.58237,-45.20764,1241.1209
8,117,0.6106,0.3894,CV,16.587,18.7395,-28.357290446502336,-28.735886230095595,51.10416,-24.79436,709.8053
8,118,0.477,0.523,CA,39.1856,36.8749,-61.68400952519295,-61.20234632603162,128.42889,22.54131,1774.1397
8,119,0.539,0.461,CV,17.1006,17.6006,-36.32795515073137,-36.42445473091553,66.15321,-39.87919,783.4252
8,120,0.5268,0.4732,CV,23.592,23.4623,-68.48912224332142,-68.33047226951325,55.84763,-25.08218,638.495
8,121,0.6763,0.3237,CV,28.9537,30.3235,-15.518061249296538,-15.611195188833026,-29.07187,-26.0505,1014.1538
8,122,0.7932,0.2068,CV,23.8006,26.7644,-20.502805673585307,-22.240012851545806,53.53864,-10.70387,212.4874
8,123,0.6336,0.3664,CV,10.6653,13.5209,-12.300193572158815,-12.646536638050932,91.32602,-17.24447,962.4648
8,124,0.6638,0.3362,CV,13.7434,16.8562,-51.39745982054208,-52.057847012870084,27.63122,-6.31547,491.1471
8,125,0.2637,0.7363,CA,47.2213,44.3426,-18.624923033102505,-17.27645805819662,151.36684,-32.28499,1394.6936
8,126,0.4775,0.5225,CA,22.6685,21.9153,-12.175077092832133,-11.647982401663649,-71.18097,-7.41707,584.126
8,127,0.6908,0.3092,CV,12.9462,14.4598,-46.20588447203605,-46.49224531166795,5.86831,-0.00478,322.5582
8,128,0.1126,0.8874,CA,49.9581,46.6955,-65.37210043043598,-63.226804874442514,201.05982,-87.39969,1176.0139
8,129,0.465,0.535,CA,26.0078,24.7781,-12.696330069848583,-12.313650973509905,-24.42536,-2.5098,436.4678
8,130,0.409,0.591,CA,11.0338,10.2475,-42.046286019472106,-41.73405363909514,51.26125,0.25774,201.402
8,132,0.4906,0.5094,CA,28.9662,28.3855,-16.618864154154252,-16.216980403568485,-50.85179,-5.49914,540.6033
8,133,0.5325,0.4675,CV,16.2081,16.4572,-39.764834471481414,-39.54977364200547,9.05712,-2.1196,88.4017
8,134,0.5499,0.4501,CV,11.9781,11.9233,-9.938041524034446,-9.917434646815414,-35.70343,-12.53425,250.8108
8,136,0.5009,0.4991,CV,22.8984,23.0451,-99.93301101812578,-99.87196959918667,51.489,-39.05533,685.2738
8,140,0.6202,0.3798,CV,5.7373,5.9744,-9.237991688714377,-9.341993286601877,-0.26519,-7.53266,167.8014
8,141,0.1811,0.8189,CA,43.483,40.8674,-27.365828407131204,-25.81654082086571,-246.04049,35.8371,961.7352
8,142,0.5105,0.4895,CV,18.0242,16.9912,-12.652606809325553,-12.418262086128873,-20.45556,-9.78255,403.3454
8,143,0.5161,0.4839,CV,5.5072,5.1417,-8.970840098190042,-8.994296983747057,-23.11806,-40.72366,474.6221
8,147,0.6284,0.3716,CV,16.5165,16.3966,-13.267623184292004,-13.295619574528365,2.77488,-3.1978,3516.0771
8,148,0.4373,0.5627,CA,33.3616,31.7664,-14.861838678184682,-14.434102602185582,-47.69568,26.89546,765.4719
8,152,0.4212,0.5788,CA,13.728,12.9717,-9.778603282377981,-9.442090502100012,-22.25614,-4.24133,169.7547
8,153,0.2894,0.7106,CA,28.8283,27.518,-110.6374659694631,-109.58132839706715,45.00594,-33.09275,376.0669
8,154,0.4851,0.5149,CA,19.7116,19.5109,-14.054148692030935,-13.603032877386543,14.52943,10.0327,124.5982
8,158,0.6186,0.3814,CV,6.9451,6.9137,-9.430520572277445,-9.442014291759826,4.44209,-4.61944,91.3721
8,144,0.6303,0.3697,CV,12.8014,13.4138,-9.552116925541707,-9.783299766537269,-6.39245,-5.58434,97.3803
8,159,0.7,0.3,CV,9.2244,9.2244,-8.443928245259235,-8.443928245259235,0.0,0.0,34.7884
9,114,0.6202,0.3798,CV,8.0639,9.463,-25.34070764211379,-25.523288768359095,20.44538,-14.70456,661.3337
9,115,0.6338,0.3662,CV,13.4061,13.5668,-19.535989519174215,-19.536833623595662,-3.22221,4.64361,319.6409
9,116,0.6151,0.3849,CV,27.953,30.2852,-29.163332654525533,-29.40715778792582,43.0087,-20.05748,1220.5872
9,117,0.6716,0.3284,CV,15.6858,17.1325,-9.621466886393375,-9.873965368512891,-0.31338,4.2202,573.3337
9,118,0.6419,0.3581,CV,22.5309,26.5462,-39.384605033656754,-39.69876283318973,28.54364,11.68363,1650.7328
9,119,0.0122,0.9878,CA,83.307,81.4295,-61.8566246875175,-57.100893287781034,165.64894,-82.00375,925.7762
9,120,0.1649,0.8351,CA,40.3398,41.8482,-30.583491833359837,-28.620818955514558,-79.00706,33.66347,547.4998
9,121,0.3598,0.6402,CA,30.3647,29.4044,-14.087656946852313,-12.95055423627511,-99.99877,-41.57392,866.0217
9,123,0.6813,0.3187,CV,13.3264,15.7124,-13.146551605069444,-13.409298665048976,13.66188,-0.23723,846.6324
9,124,0.6097,0.3903,CV,19.5628,20.454,-50.085329750188585,-49.9891601012993,-30.45723,-3.04154,388.9713
9,125,0.6258,0.3742,CV,19.391,24.2098,-12.917981684464023,-13.463296387801925,69.68065,-13.78146,1373.5574
9,126,0.5427,0.4573,CV,11.7133,11.3854,-14.62398513935916,-14.525087981121484,-45.82256,-6.51411,449.7046
9,127,0.5882,0.4118,CV,18.6121,18.5843,-59.700946404132466,-59.47419215294436,24.12368,2.93037,259.9688
9,128,0.5545,0.4455,CV,15.898,19.8041,-50.20509932866746,-50.66758586620259,141.81405,-53.12451,1063.7343
9,129,0.5738,0.4262,CV,9.8724,10.1049,-10.445994061019949,-10.491029362242307,-16.72766,-3.26928,438.8929
9,130,0.5868,0.4132,CV,13.3263,13.85,-48.272876255444395,-48.450665475697036,27.72366,4.52987,208.7896
9,132,0.1515,0.8485,CA,53.9734,52.5669,-29.416189750219793,-27.40436828115722,-95.82822,-11.01643,581.6994
9,133,0.5143,0.4857,CV,8.2963,7.9129,-45.3378455139914,-45.0460292231079,10.78546,-0.47465,83.6129
9,134,0.607,0.393,CV,12.7997,13.0479,-10.325239915524692,-10.385641917179058,-17.40112,-1.62294,233.4442
9,136,0.6063,0.3937,CV,13.2087,13.9656,-58.03552217028516,-58.163465208191475,25.84316,-13.71963,603.1821
9,140,0.5808,0.4192,CV,17.4747,17.6129,-13.656839714946184,-13.505840001956871,-7.52763,-0.23703,142.3212
9,141,0.8062,0.1938,CV,39.1891,45.8852,-15.478193553001637,-17.050345671637494,62.28813,-1.16437,696.1103
9,142,0.5646,0.4354,CV,15.6271,15.2563,-12.924989886053705,-12.86737880604975,-14.46755,-10.11743,409.7145
9,143,0.6225,0.3775,CV,19.2805,20.1787,-17.557749440138316,-17.732473903233217,-7.98484,-18.8276,460.8724
9,147,0.6202,0.3798,CV,31.6324,31.378,-11.892325127305222,-11.893455426577134,2.42771,-1.54743,3153.366
9,148,0.508,0.492,CV,20.6922,19.3194,-10.440929409082692,-10.260101738700474,-45.51427,26.21885,861.6559
9,152,0.4876,0.5124,CA,20.4825,20.4109,-13.59909368070316,-13.3590819415362,-22.04246,3.79386,196.3704
9,153,0.2353,0.7647,CA,35.586,33.881,-103.15825045236618,-101.97443646744289,72.89994,-40.71541,574.6634
9,154,0.4941,0.5059,CA,11.6806,11.0716,-8.912355131753849,-8.607734465679577,13.0168,14.45501,162.1586
9,158,0.6041,0.3959,CV,8.2337,8.0066,-8.492004191835024,-8.43960993560667,2.96327,-3.6345,120.9496
9,159,0.6198,0.3802,CV,20.2054,20.2054,-23.572780517601828,-23.464486804331774,6.74532,-6.16128,47.5972
9,144,0.6457,0.3543,CV,13.5623,13.9496,-9.489205141607323,-9.597485361134769,-0.6346,0.64847,100.7731
9,149,0.5,0.5,CA,110.3131,110.2606,-172.70040881022035,-161.26255141065434,-19.56533,32.43214,69.067
9,135,0.5,0.5,CA,46.5015,46.1287,-25.770082086297883,-24.73494946084888,-22.68362,-2.74051,168.1101
9,122,0.1603,0.8397,CA,28.8386,29.6425,-35.92260117974414,-33.523982636027206,-64.15814,-1.47115,207.5982
9,160,0.7,0.3,CV,3.6743,3.6743,-7.7457672241375155,-7.7457672241375155,0.0,0.0,92.0102
10,114,0.6424,0.3576,CV,7.4039,8.1071,-37.3594550222788,-37.4680807936459,6.9944,-2.26531,562.1804
10,115,0.5882,0.4118,CV,12.9537,12.6556,-15.85706111372777,-15.716517568884488,-10.9108,7.31092,273.0254
10,116,0.5924,0.4076,CV,26.1979,26.4818,-58.34533174419976,-58.24952330935939,-5.22381,-4.34765,995.7605
10,117,0.6543,0.3457,CV,2.4586,2.3561,-16.540957263962767,-16.625115876332465,-3.28893,3.76426,443.3729
10,118,0.5563,0.4437,CV,46.0082,46.2554,-16.86832506695894,-16.58504496549555,-32.29972,2.91541,1318.949
10,119,0.6838,0.3162,CV,31.6155,35.4858,-16.660457673574655,-17.81959747755907,65.23845,-24.39896,665.9093
10,120,0.1186,0.8814,CA,24.7249,23.1789,-21.34236561808168,-19.506138509439655,-139.6626,48.89052,434.781
10,121,0.6237,0.3763,CV,8.3849,11.6682,-33.64475461482036,-34.04603990022864,-38.8659,-20.46958,679.1772
10,123,0.656,0.344,CV,9.4528,9.3826,-10.40323211404673,-10.48012879226247,9.48244,-1.53634,698.6309
10,124,0.3998,0.6002,CA,22.1128,21.0541,-42.48056125850639,-41.61272267819185,-50.12762,-4.77402,361.7623
10,125,0.6597,0.3403,CV,26.6973,29.1067,-12.678500138418032,-12.854962648123262,-12.94199,1.41926,1150.9395
10,126,0.6767,0.3233,CV,12.533,13.978,-11.92607677466603,-12.301066414590068,7.03418,1.96558,316.1672
10,127,0.5076,0.4924,CV,29.3235,30.1701,-29.692492600951926,-29.292920744501846,-24.85208,1.40006,246.2554
10,128,0.6252,0.3748,CV,17.4179,18.1786,-48.480485388734266,-48.61125051660137,74.24675,-25.0715,923.7239
10,129,0.62,0.38,CV,24.3954,24.9714,-12.751707224918995,-12.832206508865344,-1.65095,-3.6679,425.1326
10,130,0.6174,0.3826,CV,15.9659,16.9068,-47.37929341509155,-47.429653798561496,-12.70054,2.23735,191.7378
10,132,0.437,0.563,CA,11.4883,11.1634,-10.510513988135068,-10.445803055977635,-87.18158,-12.98201,535.2133
10,133,0.5518,0.4482,CV,5.3787,5.0408,-53.96022285431284,-53.845597175909745,9.57951,-1.47909,79.2179
10,134,0.6146,0.3854,CV,14.0447,14.2139,-9.732103618188686,-9.74113284589107,-2.21617,2.43808,216.2712
10,136,0.6492,0.3508,CV,9.5522,10.4302,-23.33420176465379,-23.493018350759463,4.53331,1.12542,502.4727
10,140,0.5717,0.4283,CV,8.1708,7.8625,-7.66221453429197,-7.532029756796555,-7.79173,-0.19021,123.1442
10,141,0.5564,0.4436,CV,25.6593,25.0778,-42.65921648307293,-42.12186119668694,59.32482,-4.75946,465.644
10,142,0.4496,0.5504,CA,40.8482,40.1712,-61.033475381770614,-60.43562628249486,-24.79273,-13.62747,409.5177
10,143,0.6226,0.3774,CV,17.7206,17.9256,-19.05676581815306,-19.076658203603504,1.96013,-4.83733,417.826
10,147,0.6155,0.3845,CV,25.9055,25.4836,-11.57442731965107,-11.567997183317098,1.98553,-2.37616,2807.9514
10,148,0.5279,0.4721,CV,25.679,24.7216,-11.856397756078252,-11.654242172457822,-43.23795,21.2417,874.9775
10,152,0.5963,0.4037,CV,6.7494,7.1336,-7.869360287300619,-7.974890221266841,-11.41313,4.84693,201.5212
10,153,0.221,0.779,CA,36.7073,34.1096,-130.37882930047215,-129.189581316567,114.30517,-59.16812,728.2503
10,154,0.4825,0.5175,CA,12.8456,12.0396,-11.050465207965278,-10.68672412713407,17.11698,14.99141,192.4191
10,159,0.5924,0.4076,CV,10.2049,10.1319,-13.793040227011423,-13.690462772234302,5.96579,-5.01123,77.5743
10,144,0.1436,0.8564,CA,62.2303,62.2916,-83.80590285133667,-81.50522869229803,13.60016,13.45523,97.4612
10,160,0.6471,0.3529,CV,6.2576,6.2576,-7.421569747388526,-7.430836084799783,1.84004,-0.82289,125.706
10,149,0.7739,0.2261,CV,7.6426,9.4467,-7.874803203359075,-8.803166567998296,-0.90366,2.78113,94.4032
10,135,0.6448,0.3552,CV,15.3243,16.2818,-72.94711154768866,-73.24089150211005,-7.22932,-2.09548,159.988
10,158,0.5755,0.4245,CV,12.0678,11.7429,-8.849520446609725,-8.700412673129772,0.11606,-6.56263,145.6679
11,114,0.6316,0.3684,CV,10.0012,9.9905,-44.40608455229021,-44.43483568730307,2.17977,2.56613,468.2305
11,115,0.5934,0.4066,CV,11.2685,10.997,-55.508040904042105,-55.455881852946135,-7.24269,6.48861,248.1627
11,116,0.4242,0.5758,CA,38.4311,37.5306,-54.96047054836422,-54.21896629848463,-20.87602,-0.53572,793.4029
11,117,0.5084,0.4916,CV,30.7371,30.8547,-16.397080940422924,-15.902765470304152,22.8571,-7.04523,362.1924
11,118,0.5338,0.4662,CV,23.6876,22.3434,-13.070441574832838,-12.822225247118439,-37.83918,0.50309,1082.6016
11,119,0.4746,0.5254,CA,37.1463,38.5445,-20.442823662049822,-19.768840010429507,-46.35441,28.57856,533.0076
11,120,0.1449,0.8551,CA,20.8726,18.3164,-17.577653394957842,-16.037545022541874,-182.35848,54.13503,369.1815
11,121,0.6438,0.3562,CV,24.7439,25.7522,-18.497716505906677,-18.607412077114795,14.57618,8.4425,524.7875
11,123,0.5695,0.4305,CV,31.3224,31.0861,-15.482805401680693,-15.232085136779359,28.88737,-4.27485,644.4638
11,124,0.4914,0.5086,CA,7.3904,5.3974,-48.173652203034436,-47.97910123844859,-48.6424,-4.24197,355.3171
11,125,0.6363,0.3637,CV,25.5017,25.6411,-16.58808936728689,-16.611517185342926,4.79578,-1.90399,933.5275
11,126,0.6113,0.3887,CV,13.4765,13.3755,-18.48809844196471,-18.379298500476683,7.36211,5.48067,231.2911
11,127,0.0662,0.9338,CA,47.993,47.1155,-76.25680788020784,-73.29702178118364,-63.81425,4.2871,241.6851
11,128,0.6358,0.3642,CV,19.4835,19.9549,-17.55076348217934,-17.623429836738175,24.71987,-2.21096,741.1364
11,129,0.5188,0.4812,CV,47.9083,47.8809,-42.457925156905745,-42.05651518484903,13.50716,-3.66821,392.5085
11,130,0.52,0.48,CV,13.5908,13.0752,-32.21512802866205,-31.82225152168911,-21.83051,2.20743,176.6608
11,132,0.5794,0.4206,CV,34.1139,36.7056,-18.00780228425091,-18.11530876872504,48.00376,3.82792,446.3981
11,133,0.4362,0.5638,CA,13.0387,12.6363,-23.616274207785864,-22.98255714194306,14.34136,-1.25416,76.3206
11,134,0.5944,0.4056,CV,13.4166,13.2153,-11.56006336015972,-11.47343578771535,2.90588,4.59941,199.7407
11,136,0.5154,0.4846,CV,34.9555,34.7849,-50.851599763199275,-50.393092313036725,22.87962,-7.31513,431.1227
11,141,0.6309,0.3691,CV,12.2214,12.4634,-33.08187308086797,-33.23449273788076,31.33507,-5.25944,390.5892
11,142,0.4849,0.5151,CA,19.5163,18.4209,-80.201947744092,-79.91100679207774,-27.29531,-13.49658,421.8068
11,143,0.6053,0.3947,CV,19.754,19.7509,-14.949723993951356,-14.896684534774971,6.87322,4.45699,384.8235
11,147,0.5482,0.4518,CV,115.2041,114.9263,-39.01079456055698,-38.7340154266841,15.48233,0.73628,2387.3783
11,148,0.631,0.369,CV,27.4641,29.334,-19.349795224556996,-19.543997232774927,2.5698,-2.90668,814.9633
11,152,0.6206,0.3794,CV,12.3987,12.6075,-11.240890146783384,-11.290999998350472,-1.44361,4.66992,194.81
11,153,0.322,0.678,CA,29.778,28.2073,-147.52865013811146,-146.87486860662653,130.11693,-56.50629,822.0351
11,154,0.3592,0.6408,CA,24.5699,23.9447,-16.346518730380495,-15.490336323324751,23.11809,23.77642,210.0406
11,159,0.5829,0.4171,CV,9.9639,9.7973,-11.646958911786854,-11.545392255971176,1.97846,-0.96208,107.2092
11,160,0.639,0.361,CV,4.1443,4.1116,-7.232577302959487,-7.286380270462088,1.54216,1.7247,183.5601
11,149,0.069,0.931,CA,42.7698,43.0029,-75.02412844181163,-71.7098156415623,19.86284,-29.53341,103.4452
11,135,0.6338,0.3662,CV,2.8251,2.9304,-104.86712547322715,-104.90203299357611,-3.44076,-1.31133,151.6849
12,114,0.617,0.383,CV,13.0072,12.8368,-52.314330545002576,-52.29701631119391,2.68106,2.87137,394.8782
12,115,0.5869,0.4131,CV,9.0515,8.5853,-43.16928472540434,-43.083058993379105,-7.94832,6.10104,227.3179
12,116,0.3508,0.6492,CA,27.2347,26.3879,-13.234619869842119,-12.424709016426732,-56.84535,14.70339,669.3593
12,117,0.629,0.371,CV,14.6735,15.7215,-10.185984377082718,-10.399617872308061,1.74647,2.01228,311.7713
12,118,0.5853,0.4147,CV,25.3297,25.6127,-13.281566322161112,-13.275465397734372,-10.02121,0.52978,857.5698
12,119,0.1934,0.8066,CA,26.665,24.5429,-20.992952878482598,-19.298521203630255,-92.73163,50.86523,525.7964
12,120,0.5972,0.4028,CV,9.2628,11.7481,-9.054473512880183,-9.64592306515338,-125.48112,28.92076,310.8554
12,123,0.6115,0.3885,CV,14.236,14.4392,-11.432219054568975,-11.48312567526832,16.54221,-2.59814,628.077
12,124,0.3619,0.6381,CA,19.287,17.5424,-27.287325648736797,-26.430362408647674,-68.34864,-4.4049,364.4556
12,126,0.2935,0.7065,CA,26.2558,25.846,-20.776681980019582,-19.434169517447568,30.84324,8.48082,212.6116
12,128,0.5792,0.4208,CV,21.0506,21.5833,-13.121215988032297,-12.940499344731286,-27.11106,15.38316,597.4662
12,129,0.5974,0.4026,CV,21.9601,22.3062,-13.990489127091895,-14.055725667198224,5.80677,-4.11457,393.3209
12,130,0.3586,0.6414,CA,20.9417,20.2093,-25.331949293245152,-24.419543973951818,-33.25998,3.80733,170.467
12,132,0.6258,0.3742,CV,39.8358,40.6392,-24.61143219437102,-24.708476646355855,-2.50231,-2.30946,434.7305
12,133,0.5559,0.4441,CV,2.2329,2.0809,-12.081391449462032,-12.09452550542121,11.01545,-0.53533,75.2042
12,134,0.5972,0.4028,CV,12.2529,12.0975,-15.181160037697254,-15.13580436054325,4.39597,4.75328,181.9028
12,136,0.5362,0.4638,CV,15.3486,14.6485,-35.40182464357872,-35.22243596811453,21.65437,-5.5241,382.2009
12,141,0.6308,0.3692,CV,14.9746,15.0168,-38.131923514370726,-38.17466310404025,12.29169,-4.69547,323.5463
12,142,0.5038,0.4962,CV,16.8653,15.5983,-62.28453043907003,-62.01918375486578,-29.33854,-13.52179,440.1418
12,143,0.5405,0.4595,CV,30.1088,29.6921,-27.320302873728377,-27.027521855397374,10.67036,7.89102,345.7735
12,147,0.5891,0.4109,CV,25.7462,25.5082,-18.078138987068932,-18.066823749592736,13.47834,-1.40564,2114.4612
12,148,0.5496,0.4504,CV,30.8187,30.5279,-29.55281080004799,-29.258636544478144,22.91554,-14.42673,723.1539
12,152,0.5687,0.4313,CV,22.0627,22.0105,-13.84310923584216,-13.641892488206143,7.10893,3.48098,187.8452
12,153,0.5725,0.4275,CV,9.2741,11.2062,-51.083405591784334,-51.324729799823544,87.52243,-31.22335,811.4746
12,154,0.5273,0.4727,CV,6.6611,6.5791,-9.606805668507628,-9.613267885522198,15.97091,20.24978,212.7516
12,159,0.6382,0.3618,CV,9.5342,10.0042,-8.154815400649408,-8.300254348491698,-1.69636,2.81922,116.2075
12,160,0.6309,0.3691,CV,7.9559,7.8313,-8.694244477674928,-8.725349274644072,-1.19452,2.95543,228.4819
12,149,0.2882,0.7118,CA,17.9481,17.2138,-20.192086337503685,-19.593718608419522,24.10034,-39.4448,104.6534
12,135,0.5942,0.4058,CV,14.169,13.9973,-82.63696909714767,-82.52082889033338,-6.34068,-1.35813,147.3242
12,146,0.5,0.5,CA,71.0848,71.0871,-24.924887911795636,-24.80817222854743,0.03018,-2.20717,57.1637
12,131,0.5,0.5,CA,46.6833,46.7262,-14.607812997082693,-14.605521046096888,-1.49898,-0.35461,227.9843
12,138,0.5,0.5,CA,56.215,56.1755,-69.15768121716896,-69.11430875666598,3.79697,4.72541,237.6797
12,140,0.5,0.5,CA,11.0667,10.7419,-10.094571020275737,-9.94929171575394,-6.37349,0.56733,105.6679
12,144,0.5,0.5,CA,48.5176,48.0618,-58.21667953890522,-56.22596384771323,17.32677,30.25105,102.9682
12,121,0.5474,0.4526,CV,39.9187,40.0796,-19.96783852211386,-19.645720600986323,-15.71652,0.75463,456.4986
12,163,0.7,0.3,CV,3.8267,3.8267,-6.8770273294299695,-6.8770273294299695,0.0,0.0,32.9998
12,165,0.7,0.3,CV,8.6954,8.6954,-8.497490813443708,-8.497490813443708,0.0,0.0,38.4965
13,114,0.6101,0.3899,CV,11.1641,10.9622,-52.38403001094942,-52.359277912138765,2.3438,3.08281,336.548
13,115,0.5571,0.4429,CV,18.768,18.4622,-22.08810507580121,-21.88934805292458,-10.16549,6.38564,205.4027
13,116,0.4076,0.5924,CA,12.8744,10.3294,-23.34063070231972,-22.875498458296548,-66.54901,18.50161,552.7833
13,117,0.6165,0.3835,CV,9.9795,10.0001,-8.540584612783034,-8.524918134874797,-5.04474,3.78315,255.4237
13,118,0.633,0.367,CV,12.0597,12.5715,-16.939948252971814,-17.059267336477912,-4.11894,-1.88831,689.539
13,119,0.3043,0.6957,CA,14.4779,11.284,-23.402755804135026,-22.705505233802597,-116.8066,62.26316,513.0288
13,120,0.7289,0.2711,CV,7.6293,10.3651,-7.513824164342827,-8.059871124676839,-11.5961,-1.14179,258.0473
13,123,0.5996,0.4004,CV,19.2403,18.6725,-15.835653514458809,-15.775240826640015,15.68318,-3.26665,612.8624
13,124,0.4644,0.5356,CA,9.5742,7.7987,-13.46361336490872,-13.214341532390248,-67.31336,-3.85364,369.254
13,126,0.5887,0.4113,CV,10.8717,12.0178,-8.391782958292543,-8.739483822738407,12.22036,5.46448,196.4017
13,128,0.5255,0.4745,CV,16.2759,15.0642,-10.4183832213294,-10.103774136523672,-34.11227,17.9841,498.1804
13,129,0.5627,0.4373,CV,36.345,36.0089,-23.421460422888057,-23.230110622392843,9.03432,-5.12898,389.4674
13,130,0.0022,0.9978,CA,112.4585,112.6742,-349.5339217500435,-343.30001231660174,15.94311,25.3095,198.1983
13,132,0.0,1.0,CA,144.3327,144.5528,-176.79496327069282,-160.886196981395,189.58171,20.38535,427.2651
13,133,0.6256,0.3744,CV,5.8027,6.1084,-7.4013673446802315,-7.531843206179097,3.98741,-0.16835,72.2972
13,134,0.5236,0.4764,CV,30.606,30.5336,-23.016287456609664,-22.667433662524292,9.59376,4.57889,155.5116
13,136,0.6049,0.3951,CV,11.1803,11.5532,-26.624047473001262,-26.695472904026566,9.60668,0.58608,335.2669
13,141,0.5818,0.4182,CV,14.5628,14.1516,-15.207460920576423,-15.044746781440208,18.09249,-5.2901,277.4846
13,142,0.4917,0.5083,CA,24.9132,23.753,-36.35250214254198,-36.011729034726194,-33.28048,-13.46168,469.6684
13,143,0.5587,0.4413,CV,14.7456,14.2654,-47.341651656172736,-47.217072594172805,9.28184,8.57848,312.3489
13,147,0.6198,0.3802,CV,33.7093,34.3132,-21.756084300285067,-21.81360047788742,3.15142,-3.2947,1837.5569
13,148,0.5639,0.4361,CV,18.9816,18.2654,-18.89917306029668,-18.78228812915018,18.36199,-14.77777,648.6324
13,152,0.5294,0.4706,CV,21.6009,21.2208,-12.539612136711416,-12.25590214858539,10.49052,1.99908,187.1168
13,153,0.4319,0.5681,CA,30.692,29.4145,-85.92172303654317,-85.2403603457328,94.74579,-23.44498,764.9319
13,154,0.6333,0.3667,CV,6.0928,6.8987,-7.976870489564539,-8.181802986098267,4.14435,8.10019,191.8186
13,159,0.6416,0.3584,CV,2.9778,3.0689,-6.174267908390168,-6.252698099664037,-1.43693,0.66813,115.1121
13,160,0.6336,0.3664,CV,7.8068,7.8203,-10.446975915907124,-10.501458587274364,-1.66168,5.32635,245.4557
13,149,0.4856,0.5144,CA,13.899,13.8395,-21.32738358455546,-21.266318236690644,18.77679,-34.68589,114.3313
13,135,0.5359,0.4641,CV,22.6108,22.2973,-55.05155834565051,-54.75662592556615,-9.35384,-1.16255,144.3469
13,163,0.6415,0.3585,CV,9.0248,9.0248,-13.694587833935298,-13.679173389624893,-3.32011,2.69755,43.7862
13,165,0.6448,0.3552,CV,7.9123,7.9123,-12.473373629165046,-12.472322727275213,-2.50376,-0.25396,52.533
13,146,0.574,0.426,CV,11.6482,11.6612,-17.612914802293513,-17.60892492657315,0.70216,-1.43052,52.9476
13,131,0.577,0.423,CV,10.3064,10.3421,-16.96798112384541,-16.97616031831608,-0.5303,-0.38418,206.595
13,144,0.5999,0.4001,CV,35.8213,36.1755,-29.128868981637176,-29.231829955281825,6.19875,12.69174,135.1322
13,138,0.5583,0.4417,CV,16.977,17.1378,-31.753782860903982,-31.685879323061613,3.29428,-5.41843,208.6762
13,140,0.5346,0.4654,CV,10.8412,10.5923,-17.265197661435984,-17.101588735170687,-7.05271,1.27896,93.9452
14,114,0.6082,0.3918,CV,9.6643,9.4978,-48.43454140263188,-48.41224509056858,0.92882,3.63801,288.4748
14,115,0.5007,0.4993,CV,21.8068,21.406,-14.207919628177866,-13.82625499455699,-13.27499,7.03349,187.6433
14,116,0.6443,0.3557,CV,9.4186,11.4821,-8.397866661281187,-8.820946607577527,-24.78921,9.93651,428.7359
14,117,0.5811,0.4189,CV,22.4726,22.6444,-27.936484158635526,-27.792304828599917,6.69734,-0.50794,203.5245
14,118,0.5926,0.4074,CV,34.2876,34.3258,-55.770054824056956,-55.648518245688805,7.71408,-5.25133,570.7081
14,119,0.4733,0.5267,CA,13.4922,12.6509,-16.1404584760794,-16.00766941666196,-102.72411,53.40862,527.3493
14,120,0.6619,0.3381,CV,5.7726,5.5037,-6.882820021962585,-6.912954341276722,-14.86848,0.18296,183.7612
14,123,0.5103,0.4897,CV,58.152,57.5383,-45.365206419813624,-44.95973531504674,25.39104,-6.28897,592.9434
14,124,0.609,0.391,CV,9.0673,9.8262,-17.250236621650533,-17.44198939402449,-38.0656,-2.41963,357.8604
14,126,0.3417,0.6583,CA,25.3874,24.8544,-21.621847791565205,-20.535485024023806,30.86253,8.25768,192.6027
14,128,0.3338,0.6662,CA,24.7616,23.2307,-14.61105812942251,-13.581078175964244,-59.7126,27.01697,468.9749
14,129,0.3802,0.6198,CA,81.4866,80.9386,-44.62390241779294,-43.74259231088874,20.36776,-7.63406,398.7629
14,130,0.2351,0.7649,CA,27.2834,26.9749,-23.327813704295796,-22.550480577490738,-7.04691,33.21581,183.7501
14,132,0.0038,0.9962,CA,46.8088,43.1368,-42.77570147083088,-37.61606458839732,263.21345,25.52636,400.2731
14,133,0.0713,0.9287,CA,62.989,62.8315,-114.25794545781582,-111.20653053361684,23.10654,-2.74872,88.2855
14,134,0.4377,0.5623,CA,15.2265,14.7516,-12.365206615482917,-11.778490325218677,14.4346,5.58199,139.9801
14,136,0.6064,0.3936,CV,13.8401,13.9035,-20.913807918996927,-20.89170703030564,0.52889,4.47812,286.4261
14,141,0.5462,0.4538,CV,12.5702,11.8363,-20.485862621829966,-20.25040607412602,21.87691,-5.12358,256.3847
14,142,0.5304,0.4696,CV,33.8118,33.4215,-51.202386113298715,-51.03347067290294,-30.16121,-8.56234,475.8647
14,143,0.5829,0.4171,CV,9.2779,8.8916,-55.490793515249216,-55.43840274224888,7.09335,6.83118,279.8636
14,147,0.5379,0.4621,CV,148.4321,148.556,-42.69116037165138,-42.366395378259,-16.02795,-4.86841,1732.7062
14,148,0.6289,0.3711,CV,17.6022,18.5674,-9.994633111061862,-10.127784256567958,2.01159,-4.59398,587.7028
14,152,0.5289,0.4711,CV,16.1232,15.5915,-11.067068109645351,-10.838087319953885,11.78871,1.4354,182.1789
14,153,0.5603,0.4397,CV,14.7847,14.926,-20.903695528457156,-20.94057595169048,62.66795,-8.55653,705.0116
14,154,0.6312,0.3688,CV,3.8112,3.6915,-6.53203743642694,-6.572820887461365,3.03068,5.38436,161.0422
14,159,0.6304,0.3696,CV,8.1184,8.1828,-13.95004793609296,-13.97517762827415,1.65193,0.49161,108.7504
14,160,0.6258,0.3742,CV,6.7512,6.5349,-10.60337453679962,-10.620801827048822,-1.38769,4.29616,252.625
14,149,0.6164,0.3836,CV,17.187,17.631,-21.28882245819206,-21.481498855866313,4.14485,-13.36588,125.6751
14,163,0.5105,0.4895,CV,13.8144,13.6983,-17.20681588325789,-16.739951922910954,-14.09871,8.06182,72.6339
14,165,0.5996,0.4004,CV,11.5048,11.4324,-27.048281212953736,-26.93836664756918,-9.26187,-1.61482,79.4058
14,146,0.5875,0.4125,CV,15.5586,15.5389,-40.80902823250383,-40.753497249467486,1.52878,-0.62682,51.7395
14,131,0.5855,0.4145,CV,46.2556,46.2767,-91.46576475798904,-91.39772041915235,2.79575,-0.47798,203.3675
14,144,0.6029,0.3971,CV,20.7303,20.9124,-12.182105459756826,-12.152345386531467,-1.02148,0.40004,149.2998
14,145,0.5,0.5,CA,83.4699,83.452,-25.61061012374212,-25.5599629796127,-1.884,0.22799,87.6335
14,127,0.5,0.5,CA,56.4576,58.9723,-21.307867064525183,-20.699966228247693,63.94676,0.0231,190.8533
14,138,0.4855,0.5145,CA,20.1668,19.828,-22.308783141403467,-21.864336943723238,3.40396,-12.80005,190.7594
15,114,0.6022,0.3978,CV,11.834,11.6921,-31.57458232464019,-31.529713428730837,-0.82042,4.24106,249.5223
15,115,0.4552,0.5448,CA,18.1196,17.5421,-12.845027742778836,-12.361876809262249,-17.43464,7.83432,178.1173
15,116,0.3209,0.6791,CA,34.4683,35.1941,-42.23373733736226,-40.971022198933255,47.96479,-7.31746,366.1192
15,117,0.5881,0.4119,CV,18.1507,18.4581,-14.63266149482478,-14.569110303541617,-5.15975,3.55145,167.819
15,118,0.5938,0.4062,CV,25.3502,25.4315,-31.014174476088556,-30.957605764572563,-3.23233,-6.0681,481.7334
15,119,0.6541,0.3459,CV,11.7502,14.1257,-14.492467592786141,-14.865321806180072,-36.03825,18.51505,504.9529
15,120,0.5551,0.4449,CV,8.3531,7.8622,-7.531266047093851,-7.2133553449441905,-24.47235,2.69735,147.6313
15,123,0.5745,0.4255,CV,34.6692,34.6113,-23.575402602396018,-23.55870792694065,17.01648,-6.49186,592.5082
15,124,0.0029,0.9971,CA,92.2653,93.5291,-106.04558108242291,-99.73495496881795,141.6148,8.38107,437.5677
15,126,0.3804,0.6196,CA,14.1228,12.9146,-10.16465109039681,-9.598544857544013,38.83455,9.45789,201.1872
15,128,0.4043,0.5957,CA,12.5716,10.1567,-9.720644360764288,-9.265560498634054,-68.52495,30.19173,446.4061
15,129,0.4098,0.5902,CA,44.4275,43.3185,-29.97636174942524,-29.47920252216108,26.59819,-9.63536,430.1061
15,130,0.2617,0.7383,CA,31.4376,31.5104,-35.35225573971608,-34.386188657144004,-43.23009,26.4207,182.3667
15,132,0.4691,0.5309,CA,12.2613,13.2293,-12.821232305483546,-13.097305253443738,253.51121,19.07199,321.6293
15,133,0.4049,0.5951,CA,17.7126,17.5752,-17.63988819467136,-17.557316810616037,22.95244,-2.71527,104.2199
15,134,0.4165,0.5835,CA,11.2011,10.5167,-10.807978335875593,-10.257188389913347,19.26302,6.82047,127.5086
15,136,0.5266,0.4734,CV,27.0106,26.8365,-17.732576177894803,-17.38236182575698,8.23205,4.12254,238.5194
15,141,0.5542,0.4458,CV,9.2794,8.402,-69.40404955813467,-69.25279835538817,20.94907,-4.63801,246.5109
15,142,0.4699,0.5301,CA,36.4573,35.6615,-35.89007715251795,-35.42354004255033,-36.80347,-8.1607,479.5827
15,143,0.5788,0.4212,CV,14.6064,14.3182,-21.221293311586308,-21.116993795533695,7.6872,7.25998,258.4102
15,147,0.5399,0.4601,CV,61.9846,60.9296,-17.209725514489477,-17.013073879368356,-18.39135,-4.20397,1633.9796
15,148,0.3537,0.6463,CA,93.5005,93.5268,-98.99968523063895,-97.90667923369423,-27.51182,7.7636,570.4032
15,152,0.5493,0.4507,CV,10.7704,10.2242,-13.734774714636387,-13.589013424375038,11.33901,0.94952,178.9072
15,153,0.6217,0.3783,CV,24.5204,25.5865,-23.050115224136782,-23.15783842021485,1.81177,4.63926,544.2559
15,159,0.6168,0.3832,CV,6.5284,6.4513,-10.86055048466979,-10.844205067803586,1.48135,0.28614,98.174
15,160,0.6176,0.3824,CV,10.2811,10.1361,-8.996517849116465,-8.990248644426462,0.92195,3.66406,252.7772
15,149,0.5815,0.4185,CV,19.1067,19.1325,-20.53077068525463,-20.38816515320014,-3.86428,-1.14084,119.567
15,163,0.3991,0.6009,CA,10.8959,10.2292,-12.01073055064007,-11.284148296579234,-21.71903,12.69646,113.652
15,165,0.2053,0.7947,CA,30.1523,29.7513,-97.01691347647971,-95.21678082402521,-29.33656,-5.09239,139.8518
15,146,0.5778,0.4222,CV,16.8897,16.8247,-83.45334962298242,-83.33823171432189,2.15615,0.05836,50.9685
15,131,0.5544,0.4456,CV,48.5382,48.4258,-113.85619357132452,-113.64851588698913,5.13128,-0.12641,185.4753
15,144,0.6103,0.3897,CV,7.1296,6.9666,-8.13794818808845,-8.135134320128095,-1.27199,-1.16067,151.6736
15,145,0.577,0.423,CV,6.7614,6.7811,-8.107035893683912,-8.115116581619274,-1.20756,0.10829,80.8
15,127,0.4612,0.5388,CA,9.867,8.6976,-13.146457089605102,-12.688814997021582,63.98503,-2.0102,215.4775
15,135,0.5,0.5,CA,77.6585,77.2171,-56.034526180527585,-54.084668931761115,-22.76209,-2.3567,144.7495
15,140,0.5,0.5,CA,51.0317,50.9128,-62.240260711937104,-61.099955445782726,-10.1631,-4.57983,87.6075
15,154,0.5967,0.4033,CV,11.5311,11.4258,-10.1552877011624,-10.053515283321671,6.00478,5.627,139.2346
15,138,0.4883,0.5117,CA,18.2007,17.74,-17.441581476156045,-17.113413752277836,1.48878,-15.32966,183.0517
16,114,0.6004,0.3996,CV,13.3902,13.2672,-10.717022900880401,-10.673627047377703,-1.44848,3.87639,226.6059
16,115,0.3795,0.6205,CA,20.706,20.0107,-18.858730817215495,-18.128878844502403,-24.84395,9.81122,171.7695
16,116,0.3814,0.6186,CA,14.7869,13.3571,-22.23370051324391,-21.700645224097695,56.20415,-6.27576,339.7644
16,117,0.4124,0.5876,CA,23.9453,23.6595,-19.32802089797918,-18.544105426170105,-12.88933,6.37474,144.7795
16,118,0.5197,0.4803,CV,52.6507,52.4854,-43.16637899208885,-42.80715152721705,-12.76537,-5.37791,452.2559
16,119,0.6487,0.3513,CV,16.3173,17.3407,-13.685737178604416,-13.771323264557173,14.15247,-5.61892,412.403
16,120,0.6412,0.3588,CV,11.4326,12.2182,-16.881248493706895,-17.080217448436727,4.10655,-1.35489,129.3109
16,123,0.5983,0.4017,CV,26.5492,26.4559,-20.230366694287184,-20.21889771963702,9.96057,-5.99663,590.3911
16,126,0.6347,0.3653,CV,34.624,35.895,-40.27344371073193,-40.69321058573207,-12.96763,-1.70135,207.133
16,128,0.4719,0.5281,CA,9.776,7.7919,-8.297766618339342,-8.01890806756759,-67.90925,29.2072,425.7694
16,129,0.5062,0.4938,CV,41.3248,40.8814,-20.663458986374973,-20.51397550051646,24.80176,-8.18397,495.2843
16,130,0.1702,0.8298,CA,36.141,35.8783,-47.14114276222513,-45.59049092378275,-58.44976,2.85589,212.1418
16,132,0.005,0.995,CA,63.3853,70.4255,-57.01954305916728,-51.46198984317794,-529.92166,-43.11433,677.8519
16,133,0.5871,0.4129,CV,70.0963,70.8694,-74.40250429659181,-74.58708746329086,-15.51392,2.94992,109.305
16,134,0.4243,0.5757,CA,8.9893,8.1695,-22.22473939189794,-21.735820458755263,23.36188,8.18885,118.4764
16,136,0.5554,0.4446,CV,20.9813,21.233,-14.085235093031383,-13.967044982962793,-4.72056,6.61954,203.8563
16,142,0.57,0.43,CV,19.041,19.2103,-50.18811888457301,-50.210885224110534,-22.81506,-2.15521,463.8926
16,143,0.5645,0.4355,CV,15.2187,14.776,-10.68512944450881,-10.528411164753972,8.22527,7.62711,239.9629
16,147,0.5802,0.4198,CV,19.3444,18.4034,-19.24889029968446,-19.21286649821385,-14.63137,-3.92792,1537.7812
16,148,0.3428,0.6572,CA,56.8548,55.5168,-69.34374169163135,-68.59762094579851,-40.9285,10.39291,594.1475
16,152,0.5561,0.4439,CV,12.1317,11.7024,-15.306255963068601,-15.158433185765082,10.8664,0.42618,171.9366
16,153,0.2449,0.7551,CA,42.5225,42.6097,-34.63061046549394,-33.02522364520575,-69.17713,19.27909,524.1845
16,159,0.6244,0.3756,CV,11.4032,11.5215,-9.403677851620698,-9.439868475577116,-0.73639,-0.56518,92.0063
16,160,0.611,0.389,CV,9.4632,9.1996,-8.3489347856813,-8.32717217686423,1.38507,3.2905,250.1409
16,149,0.5494,0.4506,CV,14.6602,14.4326,-18.982635644096963,-18.76068821149806,-6.54199,3.05728,112.112
16,163,0.4327,0.5673,CA,9.3397,8.5482,-10.85494253511374,-10.424957707952483,-22.87373,16.75608,147.6236
16,146,0.565,0.435,CV,18.3371,18.2314,-81.85692941883964,-81.70341852740594,2.6083,0.36865,53.5135
16,131,0.6133,0.3867,CV,19.9768,20.2433,-49.16787572018392,-49.24843541556499,1.34629,0.24473,188.8293
16,138,0.4903,0.5097,CA,27.8135,27.5564,-25.903628232319278,-25.579054256009698,-2.09322,-15.34046,178.8363
16,144,0.6245,0.3755,CV,9.8499,9.9948,-8.713121172597093,-8.75922696722732,0.0918,-0.32411,147.2717
16,145,0.6069,0.3931,CV,9.0344,9.0951,-7.9088274406379595,-7.929671778073569,-0.03145,-0.07319,76.81
16,127,0.6305,0.3695,CV,10.7703,11.5524,-9.26452080614446,-9.551709400058577,26.12837,-2.50498,200.6053
16,140,0.4684,0.5316,CA,14.5429,14.0828,-15.529926830681003,-15.101006500386488,-11.85237,-3.87696,85.966
16,141,0.3059,0.6941,CA,66.357,67.2391,-65.93002917677438,-64.7305116253822,-36.07227,4.66708,265.6127
16,135,0.62,0.38,CV,7.0734,8.0266,-8.740150075986147,-8.927279647031662,-12.35448,-1.38475,153.5997
17,114,0.6005,0.3995,CV,12.7522,12.5974,-11.327371981960752,-11.287137664379973,-1.50747,3.22542,210.9916
17,115,0.3888,0.6112,CA,14.4718,13.6267,-16.78449563229605,-16.200782810922078,-31.28098,11.02915,169.8671
17,116,0.5825,0.4175,CV,9.8281,10.6957,-23.227729548626943,-23.4265280648503,30.64019,0.63096,298.7404
17,117,0.3253,0.6747,CA,22.0302,21.3651,-16.887959584999116,-15.980794882483124,-20.12166,9.4468,138.2872
17,118,0.5249,0.4751,CV,25.7435,25.0029,-43.12715203964869,-42.896056754728015,-14.24515,-6.00676,421.5283
17,119,0.6486,0.3514,CV,7.809,8.0753,-13.167228707214122,-13.26069932804564,2.23574,0.73732,337.7915
17,120,0.6164,0.3836,CV,12.7646,12.7674,-11.024347264942357,-10.990119970276593,-2.34624,0.35229,115.4617
17,123,0.6102,0.3898,CV,31.9364,32.086,-25.583559077337345,-25.586736704102602,0.86953,-4.3151,576.4104
17,128,0.4905,0.5095,CA,13.5574,12.1408,-9.894216282122464,-9.594083973079034,-65.88041,27.30477,418.8762
17,129,0.5327,0.4673,CV,33.509,32.5599,-21.28384487296902,-21.103697974536356,24.38741,-7.68401,557.8695
17,130,0.2961,0.7039,CA,22.4108,22.5317,-20.075166064517383,-19.371277482995442,-38.95242,-24.46205,220.0672
17,132,0.8815,0.1185,CV,18.1842,26.126,-69.3301472594143,-71.73520837572894,-375.01208,-30.14178,355.742
17,133,0.404,0.596,CA,27.2186,26.7921,-20.33367054625325,-19.516424014809672,-24.18089,4.32277,115.0291
17,134,0.5825,0.4175,CV,2.9603,3.4314,-12.45068546870509,-12.589055698355423,14.95446,5.60898,110.422
17,136,0.4124,0.5876,CA,28.8362,28.5647,-22.083346078757423,-21.34730609887862,-14.31699,7.63937,186.4131
17,141,0.0035,0.9965,CA,109.9168,108.5275,-116.64264871082169,-110.96363874314119,-123.32938,25.82931,317.5058
17,142,0.5951,0.4049,CV,19.6381,19.7202,-64.54272009814925,-64.52454954066467,-9.0778,2.47348,411.9703
17,143,0.4519,0.5481,CA,29.3126,28.8069,-21.29182764371241,-20.703557255354166,13.31964,10.59283,218.1702
17,147,0.6069,0.3931,CV,20.8693,20.9841,-15.580046051703473,-15.596229484163704,-7.99241,-3.43886,1480.818
17,148,0.4425,0.5575,CA,36.6475,35.6885,-52.52077381785624,-52.20968916376286,-44.18659,7.97642,606.9982
17,152,0.5588,0.4412,CV,10.7029,10.248,-8.341364216399015,-8.194277768932704,10.89065,-0.03638,168.536
17,153,0.6267,0.3733,CV,25.4929,27.4848,-13.302846071926758,-13.878109463005028,-19.52049,4.67248,432.2627
17,159,0.5943,0.4057,CV,15.559,15.5052,-17.681335510139874,-17.579699426776273,-2.20108,-0.95011,86.1757
17,160,0.6088,0.3912,CV,10.3811,10.1727,-8.548890104934628,-8.52780000417278,1.33808,3.2356,244.5476
17,149,0.5421,0.4579,CV,11.51,11.1628,-19.3961867351507,-19.191372470129146,-7.61122,4.77098,107.0573
17,163,0.4687,0.5313,CA,23.3829,23.5553,-23.632647804350672,-23.300854003259985,-9.13218,6.30872,182.5146
17,146,0.5481,0.4519,CV,22.2492,22.1033,-69.77330668149557,-69.5703388288374,3.21222,0.79818,57.3315
17,138,0.5467,0.4533,CV,17.8539,17.7073,-11.674621902026102,-11.573663626102014,-3.90749,-10.74806,177.3233
17,144,0.6198,0.3802,CV,8.3605,8.3117,-10.829164168669607,-10.834428061871673,0.28542,-0.55512,148.8234
17,145,0.6114,0.3886,CV,9.1691,9.1628,-8.112748267499187,-8.108519100478881,0.4461,0.01969,77.1089
17,127,0.6386,0.3614,CV,2.4158,2.1251,-6.520115766803253,-6.5968972111689625,15.70605,-1.8145,158.1546
17,135,0.6,0.4,CV,35.3762,35.9468,-22.972364761084975,-22.90102612107206,10.39482,0.9705,156.6394
17,140,0.5398,0.4602,CV,6.7342,6.4462,-9.471181854628444,-9.373556735827933,-10.53621,-2.51738,87.4718
17,126,0.5834,0.4166,CV,14.0954,13.7432,-12.724409112513408,-12.562290733113095,-15.8921,-2.45822,195.6068
17,168,0.7,0.3,CV,15.2333,15.2333,-12.040028321461683,-12.040028321461683,0.0,0.0,34.5946
18,114,0.6056,0.3944,CV,9.7527,9.6327,-20.524814678822157,-20.50561031329153,-0.83372,2.93389,192.3226
18,115,0.5108,0.4892,CV,6.2791,5.725,-13.36099631265644,-13.259740762389299,-27.90093,8.93093,168.9883
18,116,0.6287,0.3713,CV,12.7529,13.2857,-20.293535383976405,-20.398473369974084,3.08926,3.8002,255.7599
18,117,0.3442,0.6558,CA,16.1127,15.2102,-11.665044662347624,-10.964860052574629,-27.29786,12.58527,138.7446
18,118,0.4471,0.5529,CA,39.7652,39.0436,-24.11551688039497,-23.5653215430831,-21.3487,-7.78262,392.5039
18,119,0.6332,0.3668,CV,7.9652,7.8822,-8.39247729074646,-8.419212309217224,4.44458,-0.66385,288.7774
18,120,0.5918,0.4082,CV,8.7361,8.6208,-8.05186378735834,-7.951875391995088,-6.94592,1.13374,101.7499
18,123,0.5888,0.4112,CV,41.0424,40.8812,-18.46725538701149,-18.363928307378444,6.87436,-6.07082,563.0907
18,128,0.541,0.459,CV,15.1732,14.4826,-10.29169652777443,-10.167461483656469,-54.08827,21.20793,418.0026
18,129,0.5228,0.4772,CV,37.6747,36.6236,-18.050657859522694,-17.79282012030903,27.55046,-8.85897,585.6236
18,130,0.2223,0.7777,CA,20.6534,19.7953,-16.309112490865843,-15.042505131714613,-33.43705,-45.59229,238.06
18,132,0.0024,0.9976,CA,37.1225,33.6975,-89.87757131786343,-82.94754298817107,-445.13119,-34.27649,831.5506
18,133,0.4129,0.5871,CA,11.8043,10.9098,-11.897295622037227,-11.379359141670975,-28.98722,5.14759,131.8707
18,134,0.641,0.359,CV,8.3577,8.878,-8.08142909794735,-8.239629688282792,-0.57058,0.64797,97.6969
18,136,0.4504,0.5496,CA,17.4034,16.7946,-16.87570485522464,-16.4988598456795,-16.85162,7.7961,181.8417
18,141,0.619,0.381,CV,30.0183,32.0254,-30.09303224067131,-30.978807248177425,-93.05447,23.19529,279.9018
18,142,0.6027,0.3973,CV,10.3759,10.101,-48.224199484514905,-48.20080521025042,-5.60893,3.31213,361.4561
18,143,0.4857,0.5143,CA,10.9126,10.0817,-27.19782747636762,-26.906945397954246,14.52196,11.28032,205.4117
18,147,0.6042,0.3958,CV,95.6502,96.0531,-43.81617539383889,-43.78160907916846,7.83167,-0.86107,1399.7356
18,148,0.0302,0.9698,CA,113.6924,112.2808,-147.53253769850076,-143.84314071307563,-115.37222,21.21216,662.0415
18,152,0.5888,0.4112,CV,12.262,12.1727,-9.584933798298453,-9.556953716025518,7.58941,-1.52158,162.285
18,153,0.5509,0.4491,CV,12.3366,11.5844,-17.204241604840988,-16.921924171080338,-29.54113,6.14299,343.322
18,159,0.5776,0.4224,CV,13.7884,13.6501,-34.40837497607775,-34.28241367449683,-2.80181,-0.90181,81.2933
18,160,0.6099,0.3901,CV,16.0064,15.9472,-9.689422241400917,-9.675788618304749,-0.0165,2.30859,248.4694
18,149,0.5082,0.4918,CV,15.1966,14.8209,-18.80305887111797,-18.473131360097465,-9.45536,6.05098,103.5493
18,163,0.4927,0.5073,CA,20.8958,20.7105,-20.997860879614414,-20.711013924364416,-2.0572,-3.89052,201.0459
18,146,0.5412,0.4588,CV,22.5933,22.407,-45.987790497875885,-45.781239838580056,3.75468,1.07989,62.7395
18,144,0.617,0.383,CV,14.5346,14.5307,-9.492089379899548,-9.492488188128426,0.69932,-1.03268,145.1385
18,145,0.613,0.387,CV,8.6027,8.589,-9.893334594597345,-9.888977999193774,0.8089,-0.25062,74.8903
18,127,0.6529,0.3471,CV,4.5731,5.0693,-6.639518355806436,-6.767029460323132,1.29545,-0.51475,128.5622
18,135,0.6182,0.3818,CV,13.9967,14.0945,-18.518686058276614,-18.553461605421237,5.2646,1.02162,162.547
18,140,0.5678,0.4322,CV,7.645,7.4206,-8.266895376200498,-8.18031451674539,-9.03095,-1.48499,85.7688
18,168,0.6343,0.3657,CV,12.4563,12.4563,-17.59408592519121,-17.547500442213074,-4.81405,4.59465,48.5238
18,124,0.5,0.5,CA,49.8902,45.9488,-36.042448222819075,-35.33442812378088,142.9082,7.5796,578.4194
18,138,0.5279,0.4721,CV,18.1174,17.6949,-15.016143290241612,-14.758516864581239,-2.43208,-13.79173,182.3918
18,169,0.7,0.3,CV,4.0259,4.0259,-6.837687718208967,-6.837687718208967,0.0,0.0,44.7411
19,114,0.6076,0.3924,CV,7.9423,7.8042,-45.76629651742436,-45.747941101661105,-0.47513,2.57283,179.6098
19,115,0.5427,0.4573,CV,5.8965,5.0117,-10.492951643709823,-10.346419433489826,-25.16393,8.22849,164.8428
19,116,0.5721,0.4279,CV,17.1408,17.0477,-12.527108804077809,-12.327826016654264,15.20858,2.83368,211.2096
19,117,0.4068,0.5932,CA,11.3239,10.3717,-9.333656265202809,-8.874607250826598,-30.91428,15.04219,148.6956
19,118,0.4516,0.5484,CA,22.6924,21.6546,-18.16498359073546,-17.744002443425096,-26.22249,-8.30997,381.2031
19,119,0.6031,0.3969,CV,13.7528,13.5644,-22.019983545370465,-21.941882751351205,8.58781,-2.56322,250.2913
19,120,0.6051,0.3949,CV,5.3795,5.2598,-15.435263183252445,-15.426872107962556,-5.3189,1.22727,92.4038
19,123,0.5994,0.4006,CV,15.1933,14.7639,-14.280449714206519,-14.252606550539769,5.51573,-5.13527,565.8261
19,128,0.6559,0.3441,CV,10.2406,12.2671,-8.170668644340926,-8.454230551793819,-7.63027,1.99906,367.477
19,129,0.491,0.509,CA,64.4859,64.0442,-52.34318162255538,-51.97219483911912,28.18873,-10.21899,568.2592
19,130,0.3368,0.6632,CA,15.3753,14.3423,-11.807943033436308,-11.218961726963187,-34.9405,-54.47311,259.318
19,132,0.7659,0.2341,CV,17.7012,24.8803,-92.35787072979996,-93.94519405280181,-245.12026,-15.69057,319.4403
19,134,0.5983,0.4017,CV,9.763,9.6998,-9.041422386398656,-8.931869623102358,-5.29168,-0.42932,87.2481
19,136,0.4319,0.5681,CA,21.7264,21.2067,-15.494436297643851,-14.988656649633633,-19.72202,12.09128,170.2216
19,141,0.6089,0.3911,CV,43.4242,45.6121,-36.08900415667568,-36.05617135878384,47.73763,-10.21571,360.8429
19,142,0.6063,0.3937,CV,13.9979,13.9159,-34.91236980854575,-34.89286580509414,-0.96007,4.42355,322.613
19,143,0.3591,0.6409,CA,33.0379,32.5302,-24.249685771841868,-23.388487843892534,21.71608,18.06559,213.4569
19,147,0.6116,0.3884,CV,85.065,85.4571,-21.782777619853107,-21.783514299605983,-4.01461,0.65287,1390.0554
19,148,0.1429,0.8571,CA,75.5363,74.968,-59.71040214613691,-58.28086419019179,-140.64651,-2.4661,661.44
19,152,0.6168,0.3832,CV,15.5637,15.8041,-10.164726566078754,-10.209805807520434,0.57291,-1.93523,157.6049
19,153,0.3758,0.6242,CA,19.2816,18.1548,-34.8825066047761,-33.99936792953373,-45.79104,11.43734,299.7151
19,159,0.5714,0.4286,CV,15.069,14.9347,-49.711399162641925,-49.58462068727066,-3.16377,-0.34028,79.6185
19,160,0.6115,0.3885,CV,11.1045,10.9905,-8.874600358519025,-8.866549996005215,-0.51208,2.03801,248.0414
19,149,0.4713,0.5287,CA,15.1608,14.6577,-13.887287798399594,-13.458123338994518,-11.99774,8.09274,105.9501
19,163,0.5883,0.4117,CV,5.5075,5.6778,-18.338936686889465,-18.404203057556515,-2.92465,-0.62091,204.5077
19,146,0.5315,0.4685,CV,24.5991,24.3782,-35.5088564620276,-35.273680936975275,4.65782,1.2569,68.3552
19,138,0.5429,0.4571,CV,17.6167,17.2392,-10.862911630959433,-10.692314151481277,-2.70115,-13.84304,178.5879
19,144,0.6176,0.3824,CV,11.176,11.1968,-8.799111982812024,-8.806138738862712,-0.41299,-1.18958,141.4731
19,145,0.613,0.387,CV,7.5553,7.525,-10.17210337604761,-10.165409643048985,0.87178,0.09796,74.9029
19,127,0.5772,0.4228,CV,13.4717,13.4991,-11.063823009248114,-10.8491467289385,-10.66248,1.19584,106.6822
19,135,0.6119,0.3881,CV,12.7855,12.6819,-11.260940836213436,-11.24197296172398,4.23187,1.4636,158.9023
19,140,0.6047,0.3953,CV,9.1639,9.2193,-9.29667694140971,-9.321511185385226,-4.83867,0.49595,83.1694
19,168,0.4903,0.5097,CA,14.6078,14.4361,-14.254100449562728,-13.717190440167123,-10.78552,15.43862,82.3714
19,169,0.6398,0.3602,CV,11.6408,11.6408,-9.542993864692129,-9.520351151533603,-4.14723,4.16617,60.8799
19,124,0.388,0.612,CA,33.5967,38.0026,-22.66947024178508,-21.911338009882968,-152.84655,-6.45748,555.7518
19,131,0.5,0.5,CA,18.2989,18.3027,-49.296301635704914,-49.298951572674994,0.23603,-0.47686,185.8107
19,171,0.7,0.3,CV,21.3623,21.3623,-14.667632527867955,-14.667632527867955,0.0,0.0,44.9903
19,172,0.7,0.3,CV,16.8212,16.8212,-11.825981449071707,-11.825981449071707,0.0,0.0,38.9097
20,114,0.5753,0.4247,CV,33.0486,32.99,-39.543853909172746,-39.3889354326403,-3.02137,3.15292,161.932
20,115,0.4361,0.5639,CA,14.1351,13.2788,-10.682527465648942,-10.061589261079826,-32.62671,12.36617,166.8729
20,116,0.57,0.43,CV,21.5183,21.5974,-19.057146687070777,-18.932757323595716,2.94851,5.59198,192.2585
20,117,0.4349,0.5651,CA,19.9346,19.539,-19.21565167009583,-18.783887778169884,-30.31818,18.69956,157.5315
20,118,0.5458,0.4542,CV,11.6547,11.2924,-24.02305585286135,-23.973291670026033,-21.87163,-4.73361,363.3668
20,119,0.5805,0.4195,CV,26.4911,26.3953,-24.473447827653924,-24.34643750344317,7.57517,-0.84775,207.8629
20,120,0.5585,0.4415,CV,18.1438,18.026,-34.560135390533546,-34.34053869064111,-6.27856,2.60577,83.9324
20,123,0.6125,0.3875,CV,5.0963,5.0627,-13.909011013442077,-13.920396482598395,3.17905,-3.33708,564.4058
20,128,0.4984,0.5016,CA,24.5797,24.3753,-13.373791163893596,-12.836999187189939,-34.50266,14.1573,331.1939
20,129,0.5856,0.4144,CV,19.8706,20.1697,-19.82965486003328,-19.886151109133653,15.51363,-1.83215,559.6739
20,130,0.5775,0.4225,CV,12.9158,13.6545,-10.501084555518293,-10.742304936389722,-30.66943,-27.91728,246.6772
20,132,0.6796,0.3204,CV,25.0854,25.0128,-86.25504240035798,-86.30765663550596,-91.51204,-2.63087,318.2858
20,134,0.4958,0.5042,CA,21.8823,21.7452,-24.88601262905358,-24.424421094531606,-8.27633,0.74574,77.7344
20,136,0.25,0.75,CA,23.269,22.4193,-35.982302765991264,-34.67835123341169,-32.10789,21.2549,174.9204
20,141,0.2299,0.7701,CA,37.4518,35.7413,-56.70598365582981,-55.036702418457025,96.31627,-20.66602,485.8601
20,142,0.5711,0.4289,CV,26.6575,26.4717,-19.059532931488818,-18.889103292734617,3.97237,6.30145,293.8856
20,143,0.4914,0.5086,CA,45.4385,45.6921,-50.459685299512145,-50.32235427044264,4.97337,14.73591,211.8393
20,147,0.6045,0.3955,CV,93.2295,93.4579,-34.59300113269697,-34.552613428817985,6.52692,2.3326,1333.3056
20,148,0.6925,0.3075,CV,28.1767,31.18,-71.84064385253481,-72.85294418845316,-75.97564,-3.92504,622.5061
20,152,0.612,0.388,CV,13.6179,13.6295,-9.685050972027772,-9.668864410130801,-2.05617,-0.9868,155.166
20,153,0.3076,0.6924,CA,23.9029,22.7472,-43.27546706379484,-42.338018050858,-61.2329,18.91068,299.758
20,159,0.5663,0.4337,CV,21.7313,21.6346,-53.24767164475006,-53.108890356922295,-3.17124,0.89215,80.4569
20,160,0.6099,0.3901,CV,14.1989,14.0748,-9.820435909426976,-9.802860842263392,-0.32155,2.23161,248.7831
20,149,0.4477,0.5523,CA,16.4771,15.8719,-12.450164885278864,-11.978832614276012,-14.53977,11.29839,114.9486
20,163,0.5363,0.4637,CV,25.4747,25.1385,-18.773002942646485,-18.488415296294583,-5.28688,3.59931,222.4606
20,146,0.5298,0.4702,CV,24.1342,23.9027,-29.792203818399692,-29.56390109018987,5.27517,2.11281,73.7134
20,138,0.5693,0.4307,CV,24.5972,24.5724,-17.746268088859846,-17.661479754406344,-4.73723,-8.72385,176.5769
20,144,0.616,0.384,CV,14.3576,14.3619,-13.0971740310492,-13.09661265836144,-1.10013,-0.32387,138.8376
20,145,0.6099,0.3901,CV,18.0161,18.0372,-17.802530439118165,-17.7832186180933,0.09264,1.0803,70.1227
20,127,0.5811,0.4189,CV,16.0253,15.9907,-15.09594168014495,-15.009231759045882,-6.89588,2.45785,93.8335
20,140,0.5641,0.4359,CV,19.8302,19.7752,-18.49664409847169,-18.30022342770195,-2.4515,2.81952,77.5552
20,169,0.3886,0.6114,CA,24.0289,23.877,-22.194764083956045,-21.235454578639377,-12.31818,23.33609,113.9965
20,171,0.6092,0.3908,CV,25.2505,25.2505,-23.93183225192341,-23.778783380064,-10.05344,6.85451,65.3914
20,172,0.6296,0.3704,CV,22.8719,22.8719,-22.63602990133871,-22.569267886313106,-3.24036,6.36002,52.391
20,124,0.1441,0.8559,CA,28.5146,25.3811,-21.265271165415093,-19.340502871548395,-222.42076,-3.99079,529.7076
20,131,0.5762,0.4238,CV,18.6198,18.6677,-81.60679758745347,-81.61189387539672,1.0359,0.34663,184.3655
20,126,0.5,0.5,CA,42.9768,42.753,-20.166946301550247,-19.901464717934587,-11.54036,0.03582,159.7129
20,133,0.5,0.5,CA,82.2037,81.1167,-89.03471874792356,-81.1536591740959,-102.22248,24.8612,148.1037
20,135,0.5988,0.4012,CV,29.0199,28.9329,-27.38633932490093,-27.321912113927,3.98548,1.31359,172.6964
21,115,0.5292,0.4708,CV,10.7593,10.4731,-8.99744145462977,-8.903032946902329,-28.55806,8.84182,165.9584
21,116,0.5835,0.4165,CV,14.8362,14.7626,-12.683340657902185,-12.61688914163879,-2.65412,4.17295,175.8906
21,117,0.5444,0.4556,CV,4.4058,3.8618,-18.01828463416831,-17.986573945439822,-24.96294,15.09075,162.9578
21,118,0.4812,0.5188,CA,33.7477,33.2321,-30.280919630524966,-29.837662019797925,-27.56504,-5.80426,370.0946
21,119,0.6139,0.3861,CV,13.108,13.3432,-10.02132097003021,-10.066152591602696,-0.59739,1.16177,175.1984
21,120,0.61,0.39,CV,6.3249,6.4917,-13.541519965576118,-13.602042775291434,-2.19944,1.74358,76.9611
21,123,0.5911,0.4089,CV,46.0574,45.8307,-26.85933339958683,-26.761933209695215,5.6375,-4.91558,551.4516
21,128,0.5262,0.4738,CV,14.9563,14.1055,-11.04208530902002,-10.846853033812053,-33.31506,12.5862,328.1656
21,129,0.2121,0.7879,CA,76.3851,75.8342,-95.49514457326497,-93.75659027904348,52.41144,-8.05899,600.7793
21,130,0.3633,0.6367,CA,14.2044,12.9049,-16.00227998338708,-15.026850419988639,-41.22511,-44.40233,252.623
21,132,0.6509,0.3491,CV,9.2234,8.6209,-36.86021721595565,-36.917011748122576,-56.03713,-1.02577,260.1541
21,134,0.5966,0.4034,CV,2.8558,3.1025,-5.441425690520398,-5.53653999844818,-5.02645,0.26823,70.2982
21,136,0.3634,0.6366,CA,9.6484,8.4771,-28.643566727539913,-28.132825169741253,-39.64797,23.82055,176.6081
21,141,0.5404,0.4596,CV,21.764,23.0627,-30.52567859732088,-30.765881416859536,64.17342,-14.0265,586.6755
21,142,0.5817,0.4183,CV,13.3469,13.01,-9.230519808444477,-9.155389037230265,5.17623,5.25211,274.7095
21,147,0.6033,0.3967,CV,40.2065,39.8841,-22.091714466981387,-22.057098317844794,6.82136,1.38658,1324.718
21,148,0.7039,0.2961,CV,22.0906,23.9824,-22.37824379717091,-22.658664118265776,4.99486,1.68603,556.4742
21,152,0.6127,0.3873,CV,16.1357,16.1599,-36.828892735554604,-36.82265777132798,0.14334,-1.60749,148.6865
21,153,0.4947,0.5053,CA,5.667,4.8656,-51.86108115534919,-51.80924662504489,-52.97612,16.95772,288.7582
21,159,0.5434,0.4566,CV,23.9287,23.7429,-45.082389499422845,-44.85838931374137,-4.18635,0.89317,82.7101
21,160,0.6148,0.3852,CV,3.6346,3.5633,-8.329734656573748,-8.33547712593588,-0.02685,1.47286,251.67
21,149,0.5574,0.4426,CV,8.5418,8.5193,-9.929628795192956,-9.93266404085833,-11.48073,7.57467,123.5149
21,163,0.5361,0.4639,CV,18.4314,17.6768,-10.734782649423845,-10.525038445786546,-6.37184,4.31395,247.2883
21,146,0.5452,0.4548,CV,16.6798,16.4015,-21.205451509115065,-21.04180145301837,5.75131,1.73856,80.5822
21,138,0.5365,0.4635,CV,30.2524,30.0045,-22.309106023089107,-22.052795122679626,-5.98885,-9.02215,188.1966
21,144,0.6033,0.3967,CV,21.9272,21.8722,-13.805258985866848,-13.753583877947893,-2.02114,-1.35841,140.7993
21,145,0.6159,0.3841,CV,2.6159,2.6203,-17.245709528749774,-17.256043601405164,-0.06566,0.57116,67.8915
21,140,0.5901,0.4099,CV,4.6127,4.4465,-6.617779438675663,-6.587517261055402,-1.83257,2.3797,73.6646
21,169,0.4043,0.5957,CA,9.8746,8.7819,-9.021945988028312,-8.489914960958655,-19.33591,28.99167,177.5554
21,171,0.2454,0.7546,CA,30.8817,30.5657,-31.34621621698792,-29.761851098964204,-35.90305,9.65354,142.3393
21,172,0.592,0.408,CV,11.4937,11.3298,-16.62865521686315,-16.509854478431638,-5.74744,7.20944,82.4666
21,124,0.4245,0.5755,CA,7.9591,6.408,-8.83432053882873,-8.728886719651229,-201.86687,-3.83018,430.3364
21,126,0.6012,0.3988,CV,5.7254,6.0876,-7.601701924819297,-7.7097236413146994,-5.92919,-0.32842,144.8286
21,133,0.656,0.344,CV,7.9681,9.6239,-11.381785798517175,-11.725059352960963,-47.70343,12.96436,259.1097
21,114,0.5364,0.4636,CV,33.273,33.1322,-40.376380857457534,-40.11127015875243,-5.47595,2.24257,154.5991
21,135,0.4113,0.5887,CA,85.8437,85.619,-78.86207780819895,-78.05804762827991,12.61594,1.50752,186.7841
22,114,0.482,0.518,CA,36.6897,36.4162,-40.41751926785061,-39.99099452351606,-8.19284,1.80722,153.0263
22,115,0.6376,0.3624,CV,9.9906,10.7299,-10.083021776073284,-10.303873947673136,-5.45729,-0.17344,148.7273
22,116,0.5987,0.4013,CV,11.476,11.4007,-9.552846386533435,-9.529737751958024,-4.41702,2.1018,162.2783
22,117,0.6126,0.3874,CV,6.1904,6.3228,-24.844039821468797,-24.936037805240673,-14.94993,8.22235,156.2254
22,118,0.4696,0.5304,CA,30.3445,29.4687,-27.17883307634284,-26.78142854555847,-31.29736,-6.13554,391.7799
22,119,0.5892,0.4108,CV,16.669,16.6765,-12.137935576857895,-12.030775567550887,-5.50876,1.46713,152.6322
22,120,0.6036,0.3964,CV,11.1899,11.2632,-9.684176585982636,-9.642625929721397,2.0703,0.64501,69.2765
22,123,0.6068,0.3932,CV,26.8354,26.8343,-19.473929120180383,-19.473532401931184,2.69962,-4.20825,575.4184
22,128,0.5536,0.4464,CV,37.1374,38.6084,-24.010178192025002,-23.88556649291349,25.80886,-10.95334,312.3285
22,129,0.3095,0.6905,CA,43.5879,41.8262,-54.74382381570178,-54.04457136830197,72.87534,-7.07987,646.3617
22,130,0.5415,0.4585,CV,11.2813,11.5416,-13.309508944612121,-13.367186887464978,-23.127,-34.60413,238.1545
22,136,0.5651,0.4349,CV,3.476,4.047,-19.474827980514352,-19.627757370480204,-27.81572,16.38301,168.2626
22,141,0.6281,0.3719,CV,25.6964,26.7354,-14.742871210994434,-14.906525552188773,21.69043,-5.27543,594.925
22,142,0.6116,0.3884,CV,14.8051,14.9972,-9.333988152337259,-9.36755295445301,0.71889,3.29893,259.6454
22,147,0.6113,0.3887,CV,11.3797,11.0366,-18.41015109908705,-18.41067032648786,4.83767,0.79773,1310.0843
22,148,0.19,0.81,CA,52.6458,52.4946,-44.72641396534044,-42.673480855504955,73.58811,2.16964,533.404
22,152,0.6047,0.3953,CV,17.1979,17.1375,-59.08549408224803,-59.044606389765725,0.52792,-2.06687,138.0567
22,153,0.6457,0.3543,CV,7.6773,9.1928,-51.12914236235177,-51.434788299033464,-16.59872,6.96087,255.5531
22,159,0.532,0.468,CV,23.0342,22.7993,-38.8224588773448,-38.58584922924365,-5.16983,0.84886,85.2378
22,160,0.6149,0.3851,CV,18.9677,18.969,-10.16506105394744,-10.16369407800263,-1.00547,1.12231,247.8741
22,149,0.5979,0.4021,CV,13.861,13.8961,-27.986501822535253,-27.997991481875065,-7.52275,3.75006,118.3406
22,163,0.5784,0.4216,CV,20.8571,20.7416,-10.750844342534734,-10.712962583172159,-6.29856,4.39195,257.5279
22,146,0.5494,0.4506,CV,17.7125,17.4189,-13.144270692342392,-12.975148069481214,6.27591,1.40375,90.3838
22,138,0.5377,0.4623,CV,19.7176,19.2021,-16.73198804829598,-16.528319786856496,-6.60431,-9.62723,194.6138
22,144,0.5976,0.4024,CV,23.0738,22.9667,-11.99643416400091,-11.939852468362021,-2.29616,-1.38418,151.1803
22,145,0.6152,0.3848,CV,8.3974,8.3996,-7.8456414099403915,-7.844012980158288,-0.66543,0.01334,65.4305
22,140,0.6166,0.3834,CV,4.9434,5.0567,-7.98865134915196,-8.031127468316559,-0.0417,1.34401,69.9226
22,169,0.4904,0.5096,CA,11.3557,11.051,-8.941516450265645,-8.736760044949165,-21.37977,21.49577,219.3829
22,171,0.4093,0.5907,CA,7.3004,5.9226,-11.513466139144054,-11.202920612720172,-41.69893,9.71428,219.0628
22,172,0.4856,0.5144,CA,19.9228,19.5274,-22.762764066586634,-22.269424422404846,-12.49451,8.49927,124.9742
22,124,0.7076,0.2924,CV,4.5751,9.7694,-10.060446524471267,-10.749216789687402,-71.05339,-1.67398,366.3896
22,126,0.619,0.381,CV,10.8631,11.0858,-9.115448029725389,-9.151596502168164,1.62704,0.12369,126.4148
22,133,0.6834,0.3166,CV,10.1434,11.5623,-13.848869553454321,-14.088023850205216,4.66384,-0.49138,222.0656
22,165,0.5,0.5,CA,35.006,34.9829,-79.45271347470741,-79.43657311938075,-2.52963,1.9408,135.5258
22,127,0.5,0.5,CA,3.6399,3.464,-6.482675136711323,-6.501399600943874,-3.97731,0.90535,77.2187
22,132,0.6548,0.3452,CV,10.9227,12.4136,-14.199528035677375,-14.316829994086383,20.95107,1.93113,208.9538
22,134,0.6184,0.3816,CV,4.3679,4.4064,-11.911608047998033,-11.952086692798403,-3.05803,-0.45156,63.0057
23,115,0.5972,0.4028,CV,10.5547,10.6472,-14.804932393713543,-14.69584066926462,7.59436,-4.50074,125.2525
23,116,0.6068,0.3932,CV,10.2124,10.1749,-10.665439292656243,-10.653908719700533,-4.47876,0.27889,148.3717
23,117,0.6443,0.3557,CV,8.0227,8.5278,-38.329835152571185,-38.45811692051684,-1.37526,-0.171,137.4529
23,118,0.5493,0.4507,CV,10.3354,9.585,-16.118435720160473,-16.057356870543337,-26.87316,-5.61449,384.96
23,119,0.5765,0.4235,CV,13.5667,13.373,-13.297297476554418,-13.174345164376126,-5.98485,1.22169,139.1347
23,120,0.5783,0.4217,CV,18.9131,19.0223,-46.890176694934645,-46.75326832248727,-3.34588,1.44532,64.615
23,123,0.6094,0.3906,CV,26.0882,25.9628,-15.648890623375774,-15.636447096829045,0.88726,-3.93795,595.3748
23,128,0.5374,0.4626,CV,14.4102,13.5663,-11.757997091296618,-11.52853233206811,27.0341,-12.36972,299.9194
23,129,0.4892,0.5108,CA,29.9021,29.7711,-29.978894898306,-29.90239758830288,60.97146,-0.09969,695.9777
23,130,0.503,0.497,CV,11.8948,11.1367,-9.793760344860381,-9.443942903121192,-20.56463,-35.52262,220.5637
23,132,0.6385,0.3615,CV,4.8073,4.4461,-8.555502671240657,-8.595874994850973,16.17565,1.45156,163.3471
23,136,0.6358,0.3642,CV,14.4257,14.9675,-13.905728025378906,-14.066765599562046,-3.64635,1.88285,159.1123
23,141,0.6185,0.3815,CV,12.8381,12.3926,-10.033083033609666,-10.027504783187876,20.71948,-4.41996,537.731
23,142,0.6193,0.3807,CV,6.1948,6.3036,-9.041222416004892,-9.063529852797586,-0.28772,1.48805,246.3104
23,147,0.6133,0.3867,CV,83.9789,84.2004,-18.862374029338515,-18.859663296460514,-3.00295,0.26218,1329.3813
23,148,0.0028,0.9972,CA,90.594,87.8952,-115.6554510078557,-109.90318376529686,260.07473,8.67005,553.9502
23,152,0.6105,0.3895,CV,8.5486,8.5094,-48.13396091517805,-48.1292336978517,-0.1747,-1.70313,135.8981
23,153,0.6413,0.3587,CV,9.143,9.4997,-54.63980565481075,-54.70589194627056,3.50708,1.10718,208.4492
23,159,0.5247,0.4753,CV,21.9984,21.7193,-38.2796307899509,-38.03021038955091,-6.21133,0.94273,89.4672
23,160,0.6148,0.3852,CV,11.0745,11.0192,-8.882277182461433,-8.880595482789275,-1.17498,0.81162,245.4791
23,163,0.6072,0.3928,CV,13.6313,13.7188,-9.922205479603885,-9.942095546750611,-4.10406,3.11965,259.8423
23,146,0.5622,0.4378,CV,14.8266,14.5033,-9.69493878026975,-9.57144005709936,6.19915,1.06543,101.5811
23,138,0.5318,0.4682,CV,30.4037,30.156,-17.934856727434273,-17.70566086991362,-7.3992,-10.13763,185.4725
23,144,0.6031,0.3969,CV,15.1673,15.0432,-9.574749454739155,-9.549234622997275,-1.70252,-1.62463,159.6399
23,145,0.6164,0.3836,CV,4.0005,3.9825,-6.246704113325127,-6.251463768601629,-0.54285,-0.31241,63.3576
23,140,0.6191,0.3809,CV,6.2149,6.2474,-8.66109057050955,-8.674835592733544,0.89107,0.46089,66.041
23,169,0.3938,0.6062,CA,15.3819,14.1254,-10.800949169396752,-10.0809692195689,-31.04331,27.85094,250.8941
23,171,0.5191,0.4809,CV,5.7789,4.6785,-6.980495778352833,-6.883635700251324,-38.22832,7.03135,253.9898
23,124,0.704,0.296,CV,6.4757,7.4378,-10.090381447162542,-10.348078390656227,-10.63171,-0.44946,268.5071
23,126,0.4733,0.5267,CA,26.0323,25.9425,-39.60802269440839,-39.025892756894514,10.07705,0.58391,116.7249
23,133,0.6482,0.3518,CV,5.5797,5.4904,-16.364279179333774,-16.40336778235762,8.65286,-2.01392,173.1834
23,165,0.5784,0.4216,CV,3.3618,3.314,-144.9111698162741,-144.92509373968232,-2.31801,1.23722,118.4236
23,127,0.5878,0.4122,CV,7.3104,7.4448,-18.711488417269788,-18.763939420009265,-0.68636,-0.19056,68.4329
23,168,0.5,0.5,CA,50.9027,50.5684,-32.34429990439003,-30.80352366037496,-16.56294,17.44495,147.7159
23,114,0.4323,0.5677,CA,34.6492,34.246,-32.0248732673201,-31.475841964434643,-11.9286,1.67066,149.5569
23,149,0.5352,0.4648,CV,17.212,16.9427,-17.400039543008255,-17.09683719621875,-10.86094,6.27539,122.2236
23,176,0.7,0.3,CV,3.8486,3.8486,-10.034994835953636,-10.034994835953636,0.0,0.0,90.8196
24,114,0.428,0.572,CA,27.5241,27.0144,-28.07551449683949,-27.579510258708012,-15.52031,1.89345,159.3083
24,115,0.5979,0.4021,CV,5.2419,4.9531,-11.6168670344571,-11.570190706668505,6.74231,-4.11375,108.9931
24,116,0.618,0.382,CV,6.6709,6.7168,-12.011520448763367,-12.035323807544614,-2.40313,-0.56284,138.0345
24,117,0.6123,0.3877,CV,8.2396,8.243,-43.44477691955822,-43.38856620672415,5.11404,-3.72813,119.279
24,118,0.6146,0.3854,CV,11.6769,12.0545,-20.282934995060494,-20.376563216129668,-13.50297,-3.64788,360.2574
24,119,0.6027,0.3973,CV,4.1263,4.0305,-17.187804004224844,-17.191477553757004,-3.95052,0.7629,128.1344
24,120,0.5618,0.4382,CV,12.0879,11.9224,-19.82609808750569,-19.65895944361371,-3.86449,1.60894,63.7418
24,123,0.6094,0.3906,CV,25.5515,25.3777,-14.067346267456763,-14.05091677502537,0.06186,-3.85772,603.2728
24,128,0.599,0.401,CV,7.6846,7.6908,-12.005641339563219,-12.050821524692164,16.9521,-8.64737,281.0015
24,129,0.5875,0.4125,CV,21.7348,22.1727,-29.72679076160213,-29.79358325861007,35.52973,4.81749,695.6609
24,136,0.6205,0.3795,CV,7.5306,7.5541,-7.7888956629149035,-7.780423598421903,4.39718,-2.43942,138.3246
24,141,0.5965,0.4035,CV,15.7878,15.0842,-14.647358990668367,-14.56351514447909,21.58182,-4.21669,503.841
24,142,0.6054,0.3946,CV,32.3162,32.3553,-17.234603756096146,-17.186971867302802,-1.44499,-0.90158,212.9855
24,147,0.6077,0.3923,CV,53.9546,53.7664,-13.641152524920239,-13.612061954448233,-5.36903,0.44897,1334.1186
24,148,0.7199,0.2801,CV,19.1121,23.3022,-36.643980134516994,-37.989159014399654,219.41042,9.00808,421.3475
24,152,0.603,0.397,CV,22.6183,22.6049,-39.92378795195718,-39.8789863449407,1.74848,-1.43902,136.0244
24,153,0.5974,0.4026,CV,11.93,11.7795,-26.25657302496249,-26.142656351212537,10.25073,-1.37206,180.3039
24,159,0.5303,0.4697,CV,18.6858,18.355,-21.55761112401605,-21.341028926558355,-6.93596,1.06554,96.4816
24,160,0.6171,0.3829,CV,4.8869,4.8747,-8.400744689652127,-8.408712766831732,-0.64119,0.47625,244.9019
24,149,0.554,0.446,CV,58.7324,59.1467,-51.119838365305085,-50.98393010689578,3.73904,-5.33521,143.1715
24,163,0.605,0.395,CV,26.6756,26.828,-15.631761187530389,-15.600091952942666,-0.65223,0.66685,245.5839
24,146,0.5833,0.4167,CV,10.703,10.4449,-8.419540003644048,-8.363915020817293,5.33176,0.47137,109.6199
24,138,0.5242,0.4758,CV,19.2338,18.7955,-14.952271445967266,-14.701325974401765,-8.95298,-10.45856,192.9014
24,144,0.6066,0.3934,CV,17.0597,16.9776,-14.914353472536796,-14.895665796790224,-0.96843,-1.86784,166.9107
24,145,0.6192,0.3808,CV,3.6723,3.702,-6.3471237147975055,-6.361787166974232,-0.05412,-0.25151,62.0614
24,140,0.6075,0.3925,CV,9.4072,9.3609,-9.486874872636323,-9.44825061280646,1.65156,0.2409,63.9336
24,169,0.3827,0.6173,CA,47.6738,49.2147,-45.28614847916217,-44.656523872050805,44.73881,-26.10721,251.0729
24,171,0.57,0.43,CV,6.4418,5.6665,-15.039610689204023,-14.99169120529651,-30.77662,2.67539,261.9086
24,133,0.6211,0.3789,CV,12.6733,12.5935,-36.68967611683982,-36.66517895584726,8.45288,-2.39766,136.7492
24,176,0.6469,0.3531,CV,7.204,7.204,-8.462814167147897,-8.470995502017935,-3.55212,0.1989,124.1479
24,165,0.4211,0.5789,CA,36.0268,36.1349,-143.81587834387585,-143.08209475447975,9.89478,1.2109,110.8876
24,127,0.61,0.39,CV,3.1241,3.1388,-12.226795177908715,-12.244843321744368,0.45019,-0.18058,62.3099
24,168,0.6612,0.3388,CV,17.249,18.3928,-10.806164220529993,-11.17242029074195,-4.21333,4.95734,150.4436
24,172,0.5,0.5,CA,24.3178,23.4919,-28.965964747977445,-28.40841253657545,-17.52441,10.5347,192.6236
24,132,0.6328,0.3672,CV,15.2491,15.4858,-13.222293146285539,-13.262034560559602,-4.64497,0.64322,124.4286
25,114,0.4711,0.5289,CA,19.1343,18.4959,-14.336378789961941,-14.020606932685034,-17.34439,1.44548,172.5086
25,115,0.5999,0.4001,CV,5.6133,5.4031,-10.665116799919298,-10.625895047081425,5.69649,-3.50653,97.9835
25,116,0.6113,0.3887,CV,8.2138,8.1236,-14.818261433578783,-14.797329782464033,-2.29256,-0.94057,126.2962
25,117,0.5836,0.4164,CV,7.2102,6.9111,-42.049590109446925,-41.921660074767104,6.90922,-4.42969,105.2599
25,118,0.6339,0.3661,CV,10.7704,11.1635,-33.070925753913784,-33.151083869735274,-2.82469,-1.43507,332.309
25,119,0.6166,0.3834,CV,9.5763,9.6338,-14.578777659999556,-14.602837191961171,-2.13343,0.90113,113.326
25,120,0.591,0.409,CV,7.0458,6.9663,-8.7237401500832,-8.70050023404347,-2.65637,1.28316,64.0126
25,123,0.6074,0.3926,CV,35.7692,35.643,-16.73147361311986,-16.706794505029485,-1.39049,-3.76159,599.158
25,128,0.631,0.369,CV,10.0701,10.4948,-13.685018870476938,-13.775806546246793,4.18304,-3.44667,250.4622
25,129,0.1922,0.8078,CA,59.9822,58.8072,-26.898979576208422,-25.03426554799676,88.35386,4.1849,725.2508
25,136,0.5106,0.4894,CV,19.5821,19.3321,-32.15458794077966,-31.719270077626277,12.02084,-6.35664,134.1127
25,141,0.5684,0.4316,CV,25.6097,24.9682,-27.817903505397567,-27.650969357089608,23.12628,-3.82156,469.5262
25,142,0.5988,0.4012,CV,27.1572,27.2234,-21.826880728084426,-21.772002695280044,2.90528,-0.74755,197.2683
25,147,0.6083,0.3917,CV,36.5654,36.2801,-13.831116762413195,-13.812445325102917,-5.18574,1.32191,1353.7664
25,148,0.4206,0.5794,CA,31.7456,36.3636,-25.204070468296578,-24.256307760141357,-172.7864,-5.92739,687.9937
25,152,0.6085,0.3915,CV,8.1308,8.0393,-66.29465554328728,-66.28396890057775,1.16161,-1.4433,134.1136
25,153,0.5465,0.4535,CV,12.2518,11.7959,-25.679933129954787,-25.423177479247002,14.33505,-2.46827,158.8356
25,159,0.5218,0.4782,CV,24.4788,24.2333,-38.56699271986702,-38.308405085148216,-7.92511,1.98583,96.9065
25,160,0.6186,0.3814,CV,6.7638,6.8125,-8.674050508110167,-8.68531620836653,-0.24367,-0.05223,250.901
25,163,0.5579,0.4421,CV,28.2332,28.0247,-15.073101189376342,-14.851094066521359,-0.16548,-0.81415,227.4286
25,146,0.6049,0.3951,CV,8.1024,8.0666,-9.135562839855751,-9.138656339573005,3.54202,-0.2094,114.3161
25,138,0.4862,0.5138,CA,25.6765,25.1555,-17.90032786574735,-17.507931334132284,-11.98971,-12.15511,197.7191
25,144,0.6067,0.3933,CV,31.0928,31.0809,-28.691770697693904,-28.668277798965782,0.80339,-1.95532,175.8015
25,140,0.6013,0.3987,CV,9.2639,9.1897,-9.100081704517544,-9.052592771260466,1.86107,-0.18925,61.0589
25,176,0.6408,0.3592,CV,6.7349,6.8288,-18.047764841421227,-18.10995103874547,4.27678,-0.12044,179.7331
25,165,0.1774,0.8226,CA,38.1147,37.5785,-59.682533520525716,-57.95805481531869,21.86279,1.46127,114.7502
25,168,0.6437,0.3563,CV,13.4309,13.7329,-9.48208719983253,-9.535099939228942,1.62902,-1.14256,148.566
25,172,0.451,0.549,CA,22.543,21.8422,-37.48167201526028,-36.9828574942152,-21.41351,12.99057,212.8617
25,143,0.5,0.5,CA,65.0936,65.084,-27.19556200073552,-26.9437891986503,-4.70906,2.5675,132.5643
25,134,0.5,0.5,CA,41.2843,41.3477,-36.449959593090945,-35.96044472284215,3.88258,2.5053,53.4316
25,124,0.5,0.5,CA,26.2294,26.4989,-14.868593459758292,-14.216582852702102,35.77888,1.01404,180.2448
25,132,0.153,0.847,CA,41.0883,41.2788,-52.548764569382726,-50.34133569259323,35.34989,1.79545,132.5834
25,145,0.6173,0.3827,CV,6.5661,6.5647,-10.029832012322977,-10.032324128926092,-0.45957,-0.19037,61.4932
25,133,0.408,0.592,CA,18.3812,18.0422,-21.249584268691443,-20.399011307657076,20.57298,-5.43945,119.0384
25,127,0.56,0.44,CV,16.2027,16.1842,-43.112292766004884,-42.89126877877601,3.58022,-0.97069,53.5592
25,179,0.7,0.3,CV,9.2244,9.2244,-8.947680495660306,-8.947680495660306,0.0,0.0,20.4264
26,114,0.4942,0.5058,CA,16.9531,16.2937,-12.65962290305367,-12.375451141895875,-18.98604,0.75638,181.8245
26,115,0.6133,0.3867,CV,2.1496,2.0013,-8.16126797831614,-8.175211220044797,3.69638,-2.4348,88.2388
26,116,0.609,0.391,CV,6.0649,5.9342,-12.73614587933471,-12.715329349134409,-2.09508,-0.91765,116.0543
26,117,0.5319,0.4681,CV,12.438,12.1186,-21.23642367197538,-20.941132979746143,9.2379,-5.19163,98.3625
26,119,0.6141,0.3859,CV,4.3959,4.3025,-7.9352551796880775,-7.9281597090058185,-1.89486,0.85092,102.8933
26,120,0.5651,0.4349,CV,20.0696,19.9987,-17.1141423955851,-16.942091813395223,-3.82468,1.03938,58.0141
26,123,0.6004,0.3996,CV,46.4249,46.2855,-22.050429791975102,-21.999147898786283,-3.56891,-3.13549,583.9268
26,128,0.6266,0.3734,CV,8.5805,8.6589,-8.063601790063379,-8.088205312340293,-1.32948,-0.94135,223.1988
26,129,0.6707,0.3293,CV,34.7389,37.5594,-25.734550678644034,-26.5767997180692,6.37596,6.74389,659.7183
26,136,0.5809,0.4191,CV,6.232,6.1282,-14.921208624809632,-14.93038475347496,8.44473,-5.13724,129.5107
26,142,0.5902,0.4098,CV,31.417,31.5225,-41.44067100018105,-41.35974807053255,-2.48433,-1.62376,173.1317
26,147,0.6107,0.3893,CV,32.2486,32.0247,-14.390757448674139,-14.381606725648398,-3.91412,1.72307,1411.1015
26,148,0.6022,0.3978,CV,13.0621,13.7211,-9.742194977133947,-9.967452540976394,-98.94035,-2.36814,626.2683
26,152,0.6145,0.3855,CV,3.4148,3.3855,-67.51066043036624,-67.51719106599171,0.72491,-0.90399,134.1963
26,153,0.614,0.386,CV,9.2716,9.5502,-23.866026872466115,-23.96100545583748,6.40018,-0.95324,149.647
26,159,0.5285,0.4715,CV,13.9697,13.6114,-22.7981839307459,-22.578605051193065,-8.58893,2.11863,100.3221
26,160,0.6154,0.3846,CV,19.7854,19.7722,-10.323402144486977,-10.318466980423663,-1.37299,-0.25405,256.2778
26,163,0.5716,0.4284,CV,14.9338,14.7118,-12.914406757657682,-12.817072517314855,1.53622,-2.50002,217.8225
26,146,0.5971,0.4029,CV,15.3156,15.1581,-15.733097293345665,-15.671889562685877,3.80317,-0.68866,120.7441
26,138,0.5229,0.4771,CV,17.3279,16.916,-12.18049918730296,-11.98952818118798,-12.19336,-10.80987,198.5338
26,144,0.5919,0.4081,CV,43.5413,43.4587,-37.75786137397598,-37.67240000779688,2.72441,-2.17687,183.3406
26,140,0.6024,0.3976,CV,6.5004,6.4045,-7.870527378717176,-7.836700188171824,1.72624,-0.33084,59.1405
26,165,0.2838,0.7162,CA,21.3369,20.5507,-16.793844304661697,-16.020088300123874,31.41145,2.19373,120.0063
26,168,0.6034,0.3966,CV,16.288,16.224,-10.594706152422093,-10.502293855377484,3.73643,-4.25266,145.2806
26,179,0.637,0.363,CV,9.6749,9.6749,-9.97813536929149,-9.943302156972884,-4.3399,-0.1676,28.3102
26,172,0.4605,0.5395,CA,14.5679,13.5425,-39.44748260422003,-39.05678783913077,-25.23008,13.36329,241.9437
26,143,0.5048,0.4952,CV,14.158,13.9701,-13.149466576878087,-12.866581877586853,-7.21516,0.0698,117.3074
26,134,0.5438,0.4562,CV,8.2287,8.039,-11.83950744852663,-11.71307428726331,4.0698,1.90667,47.9256
26,124,0.6347,0.3653,CV,6.1827,7.1637,-10.77676307983348,-11.026946829540034,14.22263,0.85789,167.7477
26,135,0.5,0.5,CA,115.9522,115.8516,-47.8591481203371,-47.54909908064998,6.617,-4.39101,215.4271
26,149,0.5,0.5,CA,32.8801,32.9676,-15.618665365846072,-15.617867075290189,0.23466,-2.27154,134.7445
26,118,0.6249,0.3751,CV,11.9253,11.8931,-37.403199517847874,-37.41612664754642,-0.61112,-1.85922,299.0926
26,132,0.3461,0.6539,CA,10.9107,9.5911,-25.963952509183937,-25.51405325987789,44.42304,2.28694,132.4714
26,145,0.6168,0.3832,CV,3.9666,3.9459,-9.254777137336035,-9.258094025891474,-0.41304,-0.35198,59.998
26,176,0.485,0.515,CA,29.3076,29.4874,-19.236374192180282,-18.668677937064185,-23.61995,1.1819,244.8456
27,114,0.5584,0.4416,CV,6.2086,5.6203,-18.809987711222544,-18.750550932682973,-15.7028,0.28288,189.2141
27,115,0.6248,0.3752,CV,4.6045,4.7405,-6.807794007381503,-6.850981706051349,0.83477,-1.05151,80.5791
27,116,0.6118,0.3882,CV,4.0067,3.8911,-11.251102444507431,-11.245298410406146,-1.63296,-0.7051,106.2778
27,117,0.5739,0.4261,CV,7.1589,6.9624,-10.602515166452822,-10.55214853886977,7.33536,-3.97833,95.3613
27,119,0.6125,0.3875,CV,5.506,5.4355,-7.654096365216195,-7.6436929773897635,-1.58776,0.8539,92.0741
27,120,0.6207,0.3793,CV,9.5759,9.7671,-13.968370089417533,-14.064508883207559,-0.60843,0.16526,55.4767
27,123,0.586,0.414,CV,49.7372,49.5059,-25.75501031148599,-25.654532986836074,-6.0091,-2.03985,566.923
27,128,0.5801,0.4199,CV,22.5358,22.5844,-21.85357110067556,-21.6900387696025,7.42189,-4.6139,193.7613
27,129,0.5496,0.4504,CV,37.9338,38.4691,-30.203135171556895,-29.84976790134801,-38.92272,3.17897,549.5151
27,136,0.6235,0.3765,CV,13.335,13.5695,-10.22890157034849,-10.313946963097706,1.3571,-2.09617,118.7126
27,142,0.615,0.385,CV,14.4914,14.6239,-18.347759591205083,-18.38343854835746,0.7752,-0.69775,155.3822
27,147,0.6106,0.3894,CV,43.7841,43.5654,-14.717616871223695,-14.70413775650669,-3.04461,1.77362,1512.237
27,148,0.6006,0.3994,CV,6.8956,4.5242,-22.292907823486804,-22.250303275864873,-75.70581,-1.44968,472.9859
27,152,0.6117,0.3883,CV,14.842,14.812,-27.074810316301566,-27.060587650437014,1.41938,-0.5238,131.6897
27,153,0.5927,0.4073,CV,10.0841,9.8311,-17.41407292704197,-17.321198839805046,7.46543,-1.55237,140.2051
27,159,0.5532,0.4468,CV,9.0765,8.6882,-7.946344842938148,-7.816821949610793,-8.41053,1.83202,107.2472
27,160,0.6123,0.3877,CV,18.931,18.8719,-10.207925234342397,-10.194934599660503,-1.83594,-0.07013,251.498
27,163,0.5772,0.4228,CV,20.516,20.391,-20.626005357844328,-20.531552927151047,3.52424,-3.52036,210.5847
27,146,0.5986,0.4014,CV,16.9009,16.8042,-12.099891162632826,-12.0563561325156,3.0051,-1.5166,122.382
27,138,0.5495,0.4505,CV,11.9385,11.4671,-10.158635846397832,-10.022163696362364,-11.90043,-9.12956,201.1885
27,144,0.5926,0.4074,CV,24.488,24.3032,-37.29400306822058,-37.233151046930615,2.94349,-2.34224,190.18
27,140,0.6038,0.3962,CV,7.3094,7.2337,-8.170655718984456,-8.141331500635756,1.56174,-0.44763,59.017
27,176,0.4256,0.5744,CA,16.3546,15.0976,-10.394575915204705,-9.813895365853554,-33.54218,0.40994,310.4076
27,168,0.5539,0.4461,CV,23.4169,23.2314,-18.456752483187287,-18.220807209230216,4.48238,-6.0254,135.0296
27,179,0.5579,0.4421,CV,9.5426,9.4188,-10.978531637592095,-10.70907677726538,-10.31873,-1.12919,45.5882
27,172,0.4452,0.5548,CA,19.7407,18.8398,-56.37224231248921,-55.906289969298655,-30.65323,14.71104,259.6415
27,143,0.5052,0.4948,CV,10.4636,10.1292,-13.957714680712126,-13.669320262384174,-8.60617,-1.32225,104.6565
27,134,0.5384,0.4616,CV,14.0298,13.9106,-21.493528333618045,-21.281910218140716,4.74619,0.96542,46.6535
27,124,0.622,0.378,CV,12.0226,12.5084,-13.700250235160368,-13.699812419947254,-8.63109,-0.15421,143.346
27,135,0.5016,0.4984,CV,31.1219,30.8076,-17.7116038589312,-17.415758780834068,10.23349,-3.08656,206.3598
27,169,0.5,0.5,CA,69.0206,70.813,-31.600641383774374,-29.225829369006703,-71.89667,42.1845,168.7084
27,132,0.4092,0.5908,CA,14.5822,13.7923,-61.77182848299201,-61.31979533476924,48.02667,2.81088,150.9321
27,145,0.616,0.384,CV,5.7176,5.7054,-9.940790878839236,-9.941249451808424,-0.49744,-0.27083,56.9858
27,149,0.5702,0.4298,CV,8.7969,8.7195,-22.301860994223595,-22.282225327320827,-0.27338,-2.82069,130.1938
27,183,0.7,0.3,CV,11.2345,11.2345,-10.156455055067529,-10.156455055067529,0.0,0.0,36.6139
28,114,0.6293,0.3707,CV,15.372,16.0163,-28.0610377272435,-28.203718865598407,-0.48959,-0.87476,184.3506
28,115,0.6208,0.3792,CV,5.3498,5.3602,-6.660991215536742,-6.669870974262393,-0.54626,-0.45692,73.6422
28,116,0.6104,0.3896,CV,6.5858,6.5137,-9.59994769993283,-9.584196466897046,-1.79937,-0.3422,98.5307
28,117,0.5893,0.4107,CV,4.7172,4.4064,-10.228593058277871,-10.18077798876865,5.92226,-3.46571,90.4938
28,119,0.6121,0.3879,CV,4.4947,4.4202,-19.04094079275837,-19.0313480291652,-1.49554,0.57184,82.1985
28,120,0.6116,0.3884,CV,10.9156,10.9429,-12.925874528723224,-12.901985536790566,1.34448,-0.06871,53.446
28,123,0.5572,0.4428,CV,52.3319,51.9804,-29.55619036428689,-29.359138611754673,-8.43038,-0.52861,539.3562
28,128,0.6197,0.3803,CV,11.4307,11.7178,-12.110917302994153,-12.181053377398941,1.18193,-2.10701,175.5005
28,129,0.5705,0.4295,CV,12.5093,11.6785,-17.999283358322057,-17.909247028762966,-31.0485,3.33363,494.3067
28,136,0.6109,0.3891,CV,12.5929,12.5909,-13.550883153451522,-13.520171022180886,3.83603,-1.94344,110.2795
28,142,0.5778,0.4222,CV,23.2899,23.2439,-16.579997419370272,-16.42444784806894,3.78105,-0.20754,137.4672
28,147,0.6116,0.3884,CV,37.8593,37.6161,-14.468839558905488,-14.460189394200418,-2.08462,1.58705,1628.413
28,148,0.6744,0.3256,CV,8.6842,10.3109,-50.80445209907302,-51.08439529814563,-17.03924,-0.20532,392.0096
28,152,0.5485,0.4515,CV,46.6509,46.5796,-35.56260204905077,-35.292835596648814,4.34176,-0.8194,121.1416
28,153,0.5312,0.4688,CV,20.1384,19.8722,-35.7777985563887,-35.46613945786688,10.7677,-2.93794,127.8444
28,159,0.56,0.44,CV,13.1982,12.8904,-15.359270973391583,-15.221666187590092,-8.24632,1.38293,116.1695
28,160,0.6143,0.3857,CV,10.1129,10.0556,-8.826366372997914,-8.82631218189695,-1.59866,-0.4239,257.741
28,163,0.5479,0.4521,CV,36.3171,36.1598,-29.542694178734504,-29.320896745682532,5.83423,-4.17506,212.0689
28,146,0.6034,0.3966,CV,14.3916,14.3323,-10.411964667221554,-10.386378988117642,1.5411,-2.08223,123.3853
28,138,0.6004,0.3996,CV,6.3143,6.3767,-7.959769089467344,-7.9933934824203385,-7.84526,-4.95928,201.1543
28,144,0.563,0.437,CV,48.8715,48.6773,-87.79798596027044,-87.61479678687495,5.27019,-2.89432,199.7187
28,140,0.6037,0.3963,CV,7.8977,7.8156,-7.849907910207731,-7.817912398646727,1.53556,-0.33992,59.4126
28,176,0.3411,0.6589,CA,20.8171,19.2612,-12.094208113246033,-11.239166399686276,-49.99768,0.8702,370.8268
28,168,0.588,0.412,CV,13.2444,13.2018,-11.732886150929676,-11.708595722275875,1.92417,-4.72563,132.0013
28,179,0.4649,0.5351,CA,8.8143,8.3571,-10.163451846589648,-9.637093611990714,-15.70211,-1.86207,67.6682
28,172,0.538,0.462,CV,12.8853,12.54,-42.6665858379362,-42.594615094886706,-25.89152,10.16532,280.3148
28,143,0.3823,0.6177,CA,21.7473,21.3579,-21.42901649329023,-20.63947546367966,-13.24456,-2.51998,103.2615
28,134,0.5014,0.4986,CV,17.0261,16.8537,-19.0478717573148,-18.69601345688875,5.88334,0.2329,47.374
28,124,0.5525,0.4475,CV,16.0303,15.7625,-17.90922074094388,-17.640042444854174,-13.90485,-0.59727,134.3724
28,183,0.6377,0.3623,CV,13.9542,13.9542,-19.39492972123491,-19.363400486752326,-4.92009,2.33771,48.6031
28,135,0.4804,0.5196,CA,25.4865,25.0296,-28.4404986268132,-28.05737850535811,13.78706,-1.48575,207.3058
28,169,0.6352,0.3648,CV,15.7818,16.2879,-14.551706879510206,-14.80382830815509,-36.0134,17.97463,227.9844
28,133,0.5,0.5,CA,46.368,47.1371,-36.25510592540937,-35.48973486797057,-23.24281,4.93394,94.9383
28,132,0.2567,0.7433,CA,17.954,16.2714,-33.26023567906408,-32.023572210769004,71.49853,3.67955,187.0735
28,184,0.7,0.3,CV,19.0633,19.0633,-13.053125310098842,-13.053125310098842,0.0,0.0,60.0466
29,114,0.6154,0.3846,CV,10.4259,10.4313,-24.940313847307813,-24.919687419409406,4.29205,-0.71981,174.7929
29,115,0.6214,0.3786,CV,3.9057,3.9393,-6.823413888048144,-6.840865773754768,0.31185,-0.47829,67.0545
29,116,0.6053,0.3947,CV,9.3229,9.2478,-8.010365510644348,-7.975538795175825,-2.04763,-0.0424,92.5024
29,117,0.6146,0.3854,CV,6.8868,6.9627,-7.237251696327769,-7.272247787884725,2.84324,-2.16826,87.3841
29,119,0.6083,0.3917,CV,8.1554,8.1199,-32.717716345153605,-32.69283020571577,-1.74749,-0.02002,75.1799
29,120,0.6027,0.3973,CV,8.0312,7.9676,-11.106557629429105,-11.058923340296666,1.69668,0.22432,50.52
29,123,0.4994,0.5006,CA,50.3297,49.8003,-33.27074905807537,-32.88368416377393,-12.1271,1.32221,510.0893
29,128,0.612,0.388,CV,18.5999,18.6442,-13.920809924208225,-13.90028167642683,-2.0608,-0.30941,167.1335
29,129,0.544,0.456,CV,21.9439,21.1279,-11.246668228390678,-11.019254972495045,-30.5627,3.17779,479.336
29,136,0.5827,0.4173,CV,11.3348,11.1318,-17.736694950408257,-17.606972014564725,5.1592,-2.4482,104.2847
29,142,0.5439,0.4561,CV,19.743,19.555,-16.005826917779547,-15.767247884598497,5.34503,-0.02953,124.6681
29,147,0.6109,0.3891,CV,49.9479,49.6848,-15.01134274292955,-14.99809651768937,-1.964,1.70427,1781.4213
29,152,0.5745,0.4255,CV,9.3097,9.0687,-14.32422345519149,-14.252263214759186,3.97422,-0.8518,118.7998
29,153,0.4277,0.5723,CA,19.9534,19.4447,-19.96498380650071,-19.326595465725788,15.96071,-4.22397,123.9631
29,159,0.6011,0.3989,CV,19.2881,19.391,-12.118103765610702,-12.139219061542839,-3.86628,0.367,129.1807
29,160,0.6142,0.3858,CV,10.9014,10.8138,-9.35005993249116,-9.34670335420419,-1.58993,-0.61614,262.379
29,163,0.5593,0.4407,CV,24.2274,23.9368,-18.34726548541245,-18.214293775652976,5.57221,-4.24205,217.9207
29,146,0.6056,0.3944,CV,11.6791,11.5924,-12.460398788000571,-12.436895640503245,0.50165,-2.22247,124.8831
29,138,0.6091,0.3909,CV,12.4654,12.4208,-10.70489097407754,-10.70064444144727,-5.37304,-3.17975,186.3212
29,144,0.5271,0.4729,CV,52.3025,51.9802,-67.97348844419821,-67.688944012713,8.02378,-3.4315,215.1682
29,140,0.5993,0.4007,CV,16.3038,16.2523,-15.041893954585525,-14.991460210849539,1.37463,-0.48997,64.3153
29,176,0.5192,0.4808,CV,3.329,1.6596,-8.000214039691857,-7.999429063579774,-42.83165,0.2632,384.5174
29,168,0.6103,0.3897,CV,10.0009,10.0672,-20.577644069775413,-20.59656622420131,-0.21613,-2.4881,128.6845
29,172,0.5569,0.4431,CV,17.2957,16.9308,-43.06155425545639,-42.93322363863036,-22.94935,7.89513,271.4514
29,143,0.4043,0.5957,CA,14.9102,14.2814,-18.063933481298477,-17.540800943972663,-16.99771,-2.37097,105.2315
29,134,0.4337,0.5663,CA,20.0016,19.7531,-21.52190064048211,-20.950812726517164,8.21817,-0.45047,49.0724
29,124,0.6038,0.3962,CV,9.4902,9.5797,-18.865831460282465,-18.90942201795909,-7.75258,-0.20449,131.0818
29,183,0.5434,0.4566,CV,14.3963,14.2487,-21.318666661729726,-20.989534909447706,-13.80198,4.55683,77.6138
29,135,0.442,0.558,CA,28.8382,28.2938,-27.34212535326569,-26.834658901714178,18.82469,-0.23671,220.8017
29,184,0.6433,0.3567,CV,11.5782,11.5782,-11.285176208757264,-11.277660320824207,-3.84806,2.21977,82.3431
29,169,0.5091,0.4909,CV,31.2789,32.2433,-24.843625972829017,-24.38064657732086,33.30451,-20.3543,232.9331
29,133,0.6331,0.3669,CV,9.9657,10.5317,-15.922652664765378,-16.16578323492593,-9.05572,0.93441,94.1783
29,165,0.5,0.5,CA,46.8222,47.4733,-26.557175259626447,-26.336738921990744,-9.50276,-5.15845,160.8798
29,185,0.7,0.3,CV,7.0901,7.0901,-10.395370065778522,-10.395370065778522,0.0,0.0,25.6489
30,114,0.6011,0.3989,CV,10.6604,10.4665,-26.475705448206774,-26.415839550138983,5.5045,-0.37947,166.7964
30,115,0.6091,0.3909,CV,8.9561,8.9359,-8.312911833736196,-8.277394375110998,1.4532,-0.70666,61.6362
30,116,0.5927,0.4073,CV,14.5996,14.508,-17.955654638244358,-17.875404471694985,-2.526,-0.01633,89.3093
30,117,0.6192,0.3808,CV,4.4111,4.4171,-6.818051645467714,-6.835169895295977,1.31441,-1.4196,83.2074
30,119,0.6108,0.3892,CV,7.4362,7.4165,-20.886549424774266,-20.877848841777446,-1.21952,-0.3457,70.8331
30,120,0.594,0.406,CV,9.0568,8.977,-8.418089839842885,-8.347527302020204,1.94302,0.46293,48.9472
30,123,0.3915,0.6085,CA,45.0062,44.2272,-38.79909208278999,-38.056774468077634,-18.64217,4.87281,482.5741
30,128,0.5965,0.4035,CV,16.3097,16.1936,-11.181066626172434,-11.106822059270968,-3.74221,0.33931,153.4027
30,129,0.6044,0.3956,CV,18.2819,18.5744,-11.15107353702145,-11.209132759937152,-15.44978,3.08182,470.9176
30,136,0.5689,0.4311,CV,10.6253,10.3408,-19.571456476785976,-19.42702038263447,5.5578,-2.76841,98.6195
30,142,0.5936,0.4064,CV,19.9135,20.0104,-26.099680314199084,-26.112940971481976,2.651,0.36749,122.9631
30,147,0.61,0.39,CV,60.6335,60.344,-14.400606098322964,-14.384454092134478,-2.44469,1.77261,1982.7174
30,152,0.6024,0.3976,CV,3.0222,2.9271,-15.109761989609034,-15.11544113485224,2.75925,-0.7537,117.792
30,153,0.6121,0.3879,CV,10.9433,11.6022,-11.852551715422134,-12.10907476546349,5.18647,-2.27705,119.2445
30,159,0.6041,0.3959,CV,26.9591,27.0063,-13.951583215157761,-13.925347966487791,0.22171,-0.28438,143.9054
30,160,0.6108,0.3892,CV,19.9693,19.8999,-11.612659034455243,-11.595125313838125,-1.92491,-0.59497,254.7938
30,163,0.5817,0.4183,CV,18.7154,18.56,-33.441363863562884,-33.38336321964732,4.0501,-4.34714,207.8841
30,146,0.6087,0.3913,CV,10.4307,10.362,-14.707911306863613,-14.69424327733242,-0.42489,-1.98148,127.2255
30,138,0.6234,0.3766,CV,4.8902,5.0901,-10.028239049581542,-10.071421760601002,-2.10674,-0.7339,175.4473
30,144,0.4768,0.5232,CA,58.3789,57.9026,-53.558810447004674,-53.124746764706885,12.0803,-4.65901,238.1797
30,140,0.6097,0.3903,CV,12.4113,12.424,-10.274536135032633,-10.274568133887884,1.16176,0.17177,62.4953
30,176,0.6546,0.3454,CV,12.8829,14.4327,-9.375242533732381,-9.684781232388572,-6.13594,-0.97514,352.9281
30,172,0.5842,0.4158,CV,11.1257,10.8299,-33.24441213689584,-33.2001942722771,-17.52846,4.48097,262.813
30,143,0.4754,0.5246,CA,11.1205,10.6915,-48.058767430873004,-47.793921267566134,-17.94088,-1.86397,104.8932
30,134,0.4396,0.5604,CA,14.3554,14.0487,-23.38460653032865,-22.933736288627138,9.94901,-1.35588,51.145
30,124,0.6125,0.3875,CV,6.0017,5.899,-16.538357534583948,-16.543369215995092,-5.81861,0.04782,120.2507
30,183,0.2196,0.7804,CA,20.1907,19.5669,-34.177282716192465,-32.54459960166395,-31.18281,10.43687,135.3093
30,135,0.3143,0.6857,CA,40.0474,39.1706,-28.57273129070873,-27.57324703321419,31.08165,0.08308,244.8143
30,184,0.6072,0.3928,CV,11.4952,11.3607,-11.238540646973991,-11.162601954363833,-8.96664,4.83733,125.7911
30,169,0.3788,0.6212,CA,22.9139,21.6866,-16.04326983743958,-15.233159411693162,48.60574,-28.49831,258.6855
30,185,0.6304,0.3696,CV,13.6555,13.6555,-16.84345388034027,-16.780442760356145,-1.63054,5.53538,36.7362
30,133,0.6085,0.3915,CV,14.656,14.9345,-12.697573355414052,-12.642399819771505,5.51437,-2.11322,90.0342
30,165,0.4039,0.5961,CA,30.3682,29.8624,-18.366821867609687,-17.675107850239698,-23.12332,-6.46073,167.9537
30,186,0.7,0.3,CV,6.595,6.595,-21.515932767218366,-21.515932767218366,0.0,0.0,55.6589
31,114,0.531,0.469,CV,25.1735,24.884,-27.048083490393818,-26.723095472925642,9.3228,-0.5058,162.1747
31,115,0.5863,0.4137,CV,13.1917,13.115,-13.598386076592266,-13.486488943430569,2.26531,-0.96792,59.4141
31,116,0.5725,0.4275,CV,20.6185,20.4908,-33.58735044407023,-33.442729449344206,-3.19557,-0.04865,89.046
31,117,0.6046,0.3954,CV,9.3396,9.2708,-17.563030775771534,-17.512240863619038,2.43489,-1.69908,77.8211
31,119,0.6115,0.3885,CV,14.5282,14.5645,-14.457408583902328,-14.447821399660391,0.42639,-0.6864,67.4283
31,120,0.5712,0.4288,CV,13.4419,13.3368,-12.08237209745586,-11.930746404894702,2.5686,0.69609,47.8268
31,128,0.5813,0.4187,CV,16.1939,15.9947,-12.336710486601376,-12.222784077595199,-4.6054,0.92557,145.4323
31,129,0.6227,0.3773,CV,17.3389,17.6161,-10.436343020279798,-10.48343855965122,-3.97267,2.80901,437.3921
31,136,0.5759,0.4241,CV,7.5377,7.2272,-13.073912690520217,-12.977885990722642,5.16563,-2.57622,95.7785
31,142,0.5901,0.4099,CV,16.6141,16.536,-18.112778633062025,-18.03913934322409,3.23008,1.10424,111.0514
31,147,0.6089,0.3911,CV,75.8448,75.5558,-14.62340467077233,-14.604029446973538,-3.74649,2.71612,2190.7061
31,152,0.6126,0.3874,CV,5.147,5.1173,-20.159877749512326,-20.167327701927103,1.63444,-0.87247,112.7868
31,153,0.6016,0.3984,CV,16.6108,16.7953,-12.431939705427848,-12.378980222806469,-4.57057,-0.42211,108.996
31,159,0.5916,0.4084,CV,31.1966,31.1149,-14.402804461671305,-14.320005069131689,2.83321,-0.35825,156.6986
31,160,0.5887,0.4113,CV,43.5041,43.4061,-19.841536209871123,-19.7369259334855,-4.52318,-0.45542,260.7446
31,163,0.6034,0.3966,CV,3.2082,2.9165,-19.09095916846902,-19.089968925814325,2.81348,-3.08298,205.2027
31,146,0.5796,0.4204,CV,28.0386,27.9565,-16.980487256502585,-16.841406051599826,-1.71892,-2.49518,117.7973
31,138,0.622,0.378,CV,9.8318,9.9179,-11.257553969011386,-11.273592124987047,0.84054,0.68057,164.1475
31,144,0.415,0.585,CA,67.1673,66.4918,-35.514984707539305,-34.902349525391685,18.57624,-6.6484,281.4172
31,140,0.6079,0.3921,CV,12.3144,12.2906,-9.606213582038723,-9.583068461371829,1.01839,0.72961,60.0472
31,176,0.6462,0.3538,CV,2.9161,3.0688,-12.756167976561152,-12.830172292007514,-1.56708,-0.36895,305.915
31,172,0.6198,0.3802,CV,11.3329,11.5875,-28.534639420398783,-28.59930956316762,-7.34549,0.03504,249.2702
31,143,0.4545,0.5455,CA,9.6909,8.98,-36.3395478480064,-35.890056532819145,-21.31452,-2.58984,109.8089
31,134,0.4556,0.5444,CA,10.8555,10.5002,-16.983420782179028,-16.589144156895074,11.47842,-2.25093,54.6897
31,124,0.5869,0.4131,CV,10.5091,10.2851,-8.569595931974524,-8.454870142953855,-7.16407,0.04333,111.7066
31,183,0.1858,0.8142,CA,17.4547,16.149,-18.77609806646661,-17.390858494450104,-57.03523,16.30665,185.5419
31,135,0.297,0.703,CA,33.1764,31.9255,-19.5263224364371,-18.624709775795985,46.18299,1.22951,280.7615
31,184,0.4496,0.5504,CA,22.7957,22.6294,-16.468315620759583,-15.808043810733967,-16.38748,11.93215,173.1398
31,169,0.4738,0.5262,CA,10.5928,9.1076,-9.728576555102755,-9.493271787362644,48.48721,-27.70541,285.8381
31,185,0.4957,0.5043,CA,17.1781,17.0069,-20.410784500228885,-19.901415545532743,-1.7686,12.49496,66.4623
31,133,0.5173,0.4827,CV,14.733,14.4367,-11.09188273534983,-10.701370637394703,10.94799,-3.14873,88.6089
31,186,0.6131,0.3869,CV,25.7366,25.7366,-22.504439793358852,-22.36760881101185,-12.98356,-2.33253,77.9191
31,165,0.4675,0.5325,CA,13.5365,12.4802,-9.862335165255526,-9.566313051620188,-25.48577,-6.84003,192.3095
31,145,0.5,0.5,CA,24.8804,24.8859,-25.524258401715784,-25.492218562799547,0.28308,-0.54326,70.9284
32,114,0.5239,0.4761,CV,16.7731,16.2638,-25.804095381984244,-25.55286054327003,10.54258,-0.4439,158.582
32,115,0.5965,0.4035,CV,5.5924,5.4783,-11.173785528069416,-11.137388430942762,1.90301,-0.94456,55.5831
32,116,0.5623,0.4377,CV,19.585,19.4071,-40.34683599857562,-40.19028131347488,-3.75692,-0.08599,88.6349
32,117,0.6155,0.3845,CV,1.6958,1.7053,-14.929373427214736,-14.945855285221683,1.43497,-1.03906,73.3588
32,119,0.6066,0.3934,CV,9.6793,9.6359,-9.674684211758773,-9.643426127088604,0.90978,-0.82183,63.4563
32,120,0.5372,0.4628,CV,37.9166,37.8497,-55.60618018463544,-55.35020481324709,3.03886,0.10088,55.8529
32,128,0.5783,0.4217,CV,14.2765,14.0305,-13.514143393660277,-13.40988494053656,-4.76723,1.18715,141.3231
32,129,0.6145,0.3855,CV,23.8791,23.861,-13.13398748732482,-13.119506747576002,0.38776,3.03357,390.698
32,136,0.5656,0.4344,CV,12.2141,11.977,-15.657204635748084,-15.50903917379129,5.59979,-2.38899,91.1982
32,142,0.4383,0.5617,CA,44.3257,44.1599,-45.39508127455181,-44.71441357019623,7.65035,1.62249,110.0034
32,147,0.6104,0.3896,CV,63.9705,63.7194,-14.555350677990452,-14.54410662703907,-4.14286,3.93545,2321.6211
32,152,0.6092,0.3908,CV,7.5231,7.4268,-16.616921956741002,-16.59505212412499,1.81034,-0.76702,106.4528
32,153,0.5864,0.4136,CV,21.8569,22.0584,-19.94777476656063,-19.847254603727116,4.46058,-2.03721,104.886
32,159,0.5726,0.4274,CV,37.9506,37.782,-16.905315490948745,-16.762810766903037,4.835,-0.15502,163.1271
32,160,0.5934,0.4066,CV,19.7076,19.4563,-12.811431114469524,-12.758560370481803,-4.47324,-0.26418,267.0543
32,163,0.4487,0.5513,CA,99.8419,99.7203,-120.81846755787299,-120.16047252701685,9.99775,-3.9965,229.5739
32,146,0.5853,0.4147,CV,23.4386,23.4693,-73.12285235694861,-73.04997458748554,1.79093,-1.84267,112.8851
32,138,0.609,0.391,CV,13.0978,13.0344,-15.27069050894726,-15.234070615065995,2.41475,1.01546,152.4737
32,144,0.3113,0.6887,CA,78.8328,77.8406,-34.70775327306414,-33.732309513606715,31.89884,-10.81926,336.4625
32,140,0.6075,0.3925,CV,7.5147,7.4503,-7.472776479290838,-7.450461053853736,1.0094,0.89176,59.9743
32,176,0.6067,0.3933,CV,19.596,19.6215,-18.91569162619271,-18.833363541551186,7.40776,-0.85608,280.0914
32,172,0.6227,0.3773,CV,10.3317,10.4627,-28.294829393339622,-28.319375540023852,-0.61241,-1.98094,232.277
32,134,0.4155,0.5845,CA,11.1343,10.6509,-13.432493990815107,-12.852389291578566,15.20053,-3.09628,59.2256
32,124,0.6193,0.3807,CV,8.9578,9.1238,-12.294416627002093,-12.353084135414877,-2.68797,0.37875,102.2821
32,183,0.3266,0.6734,CA,7.9594,6.2506,-12.510862171332,-11.927480749146545,-66.90523,19.02787,197.0516
32,135,0.3021,0.6979,CA,28.3311,26.7717,-14.698757793220643,-13.845571304588045,63.73119,2.87609,335.4638
32,184,0.5141,0.4859,CV,5.7885,4.6775,-7.711205796106361,-7.537120383005515,-16.95384,12.7075,204.979
32,169,0.5364,0.4636,CV,12.4777,11.7617,-9.066012918881281,-8.947088319828183,41.64379,-22.81179,282.9362
32,185,0.4216,0.5784,CA,13.0334,12.3419,-13.415613005210247,-12.80302637284124,-3.40985,19.54085,107.0092
32,133,0.5716,0.4284,CV,5.6904,5.4449,-9.308917638161429,-9.270016830523335,8.47218,-2.80878,87.458
32,186,0.5386,0.4614,CV,13.1736,12.8147,-12.054823796628739,-11.742947029991868,-20.30398,-4.39792,131.4524
32,165,0.4816,0.5184,CA,15.1108,14.0662,-12.146637881557275,-11.816969453526447,-28.95327,-6.67218,214.4151
32,145,0.5704,0.4296,CV,13.359,13.3228,-20.481691906771054,-20.462840448814266,0.37802,-0.95935,64.9084
32,127,0.5,0.5,CA,23.0813,23.0835,-14.380487401542421,-14.364272373896377,0.15477,-0.1045,41.3291
32,118,0.5,0.5,CA,106.535,106.5448,-45.925175515253514,-45.81250424766574,-1.79673,2.80373,226.6317
32,187,0.7,0.3,CV,18.2368,18.2368,-11.999660324304035,-11.999660324304035,0.0,0.0,43.661
33,114,0.5345,0.4655,CV,13.1027,12.5727,-17.30292560232133,-17.104431701633406,11.00424,-0.48214,156.9361
33,115,0.5981,0.4019,CV,6.4591,6.3587,-17.974603513679867,-17.930108267194356,1.80698,-0.85454,53.6202
33,116,0.5824,0.4176,CV,13.1997,13.104,-49.33362357578697,-49.2741869430583,-3.27408,-0.5437,83.1572
33,117,0.6195,0.3805,CV,1.4456,1.4857,-7.147373020036651,-7.164571326331886,0.82508,-0.521,70.0414
33,119,0.61,0.39,CV,8.803,8.788,-7.9604786775809595,-7.950590417309265,0.32421,-0.69965,63.1025
33,120,0.5772,0.4228,CV,15.4422,15.3909,-18.82273140907753,-18.77838146608651,2.55664,0.77859,55.3149
33,128,0.5741,0.4259,CV,15.3981,15.1528,-10.816885962078876,-10.70019041498979,-5.05066,1.39544,135.3184
33,129,0.5863,0.4137,CV,63.159,63.1288,-53.204511543436425,-53.084397040007815,-2.51866,3.90992,411.7729
33,136,0.5614,0.4386,CV,10.0753,9.7912,-16.4618154950185,-16.31182640646696,5.84078,-2.30545,88.428
33,142,0.4458,0.5542,CA,25.4248,25.0071,-19.797892690415484,-19.36590528788441,9.72983,2.23256,115.1411
33,147,0.6122,0.3878,CV,42.6165,42.2692,-13.079436779542513,-13.073133178391654,-3.81735,3.60416,2527.6514
33,152,0.6188,0.3812,CV,3.0103,3.0952,-7.277894430368473,-7.301293808043029,0.96833,-0.31729,102.8509
33,153,0.5863,0.4137,CV,13.047,12.8981,-10.032584653182232,-9.953782260296954,3.62222,-2.24348,103.4949
33,159,0.5579,0.4421,CV,36.273,36.0348,-17.269133523133135,-17.094404509062947,6.24774,0.11238,164.1939
33,160,0.5988,0.4012,CV,17.0606,16.8334,-14.92697207249486,-14.88975058981875,-4.14838,-0.62998,274.0591
33,163,0.37,0.63,CA,71.3147,70.6794,-67.34955658326328,-66.58804183452594,16.49111,-6.28743,241.8389
33,146,0.5854,0.4146,CV,12.8368,12.7236,-56.35283564990316,-56.27191109354403,2.73315,-0.68439,107.9974
33,138,0.607,0.393,CV,9.9167,9.8108,-13.728856957127867,-13.702883283970952,2.56956,0.80729,146.4354
33,144,0.2505,0.7495,CA,66.5859,65.2348,-31.126686545037643,-29.994902133566733,52.6092,-18.9403,406.7776
33,140,0.6049,0.3951,CV,8.7601,8.6905,-8.734609534513918,-8.702309341395608,1.31611,0.85749,60.2003
33,176,0.6178,0.3822,CV,8.1739,8.1626,-14.704081181423046,-14.7273145073712,5.34871,0.02331,249.2628
33,172,0.4534,0.5466,CA,49.781,49.7918,-43.47355666552126,-42.80559515392574,-15.93242,3.21981,227.9671
33,134,0.4702,0.5298,CA,8.037,7.5911,-7.875508017847244,-7.573925087444543,15.93948,-3.82054,66.2061
33,124,0.6214,0.3786,CV,5.3642,5.3981,-8.606353409258375,-8.625897594633155,-0.64718,0.36308,92.659
33,183,0.4506,0.5494,CA,4.4857,2.3897,-6.125471291126603,-5.86981394271295,-64.00633,18.0281,196.6798
33,135,0.1043,0.8957,CA,44.2025,42.1218,-34.048538956956044,-31.87546740165018,118.8303,5.15698,415.8216
33,184,0.5825,0.4175,CV,5.325,4.9734,-7.625908790869407,-7.636357323724511,-15.17021,9.98194,202.5167
33,169,0.6153,0.3847,CV,3.5466,3.9911,-7.029475438517454,-7.144322973124206,24.63889,-13.08246,268.7429
33,133,0.5866,0.4134,CV,5.9739,5.7188,-14.708149033642822,-14.652515831044349,6.91236,-2.59448,84.8262
33,186,0.3399,0.6601,CA,19.8272,18.9314,-17.75883263873996,-16.737135789483194,-36.16557,-7.31103,219.8813
33,165,0.5853,0.4147,CV,11.1889,11.4316,-8.731095675171296,-8.799655135472296,-18.54168,-3.7895,240.4504
33,187,0.5991,0.4009,CV,26.1238,26.1238,-25.706634714149594,-25.511231951156052,13.73747,1.77983,62.6163
33,145,0.601,0.399,CV,10.6167,10.6378,-14.392125530258514,-14.397745116948663,0.64544,-0.49124,61.7048
33,127,0.5766,0.4234,CV,1.3163,1.3445,-8.125447573894103,-8.132088353538567,0.11722,-0.05811,34.8779
33,118,0.5492,0.4508,CV,38.4006,38.2789,-18.189002368608474,-18.08408371859978,-3.65038,2.48811,206.9697
33,171,0.5,0.5,CA,78.4691,78.5329,-19.540797349607978,-19.52712731592436,2.23526,-0.12527,137.0907
33,143,0.5,0.5,CA,28.079,27.2567,-53.589655032095344,-52.137844376171024,-35.99466,-2.73915,110.8552
33,185,0.6309,0.3691,CV,12.0234,12.9106,-10.799660476992251,-11.144823845296497,-3.71121,3.16566,121.3741
33,189,0.7,0.3,CV,23.2172,23.2172,-14.171673835719568,-14.171673835719568,0.0,0.0,65.8544
34,114,0.5624,0.4376,CV,8.2202,7.7237,-10.910728590841938,-10.809646620723225,9.90467,-0.61507,153.8593
34,115,0.5804,0.4196,CV,33.0485,33.143,-56.75172793966213,-56.63151534767245,-2.30469,0.00988,52.0076
34,116,0.6167,0.3833,CV,19.179,19.3263,-14.049883390843119,-14.103769681701475,0.28182,-0.73322,82.5961
34,117,0.62,0.38,CV,4.5977,4.6192,-6.764814769994012,-6.778215378035423,0.14925,-0.3952,67.5666
34,119,0.6071,0.3929,CV,11.5089,11.4692,-9.843488484500021,-9.816559540384228,-0.11493,-0.7293,64.5541
34,120,0.5584,0.4416,CV,23.7854,23.6633,-30.537165680800193,-30.35788168574736,3.22973,0.55899,60.649
34,128,0.606,0.394,CV,4.0306,4.117,-10.23262337420084,-10.25357207310254,-3.08192,0.62459,132.7578
34,129,0.5832,0.4168,CV,45.0034,44.8718,-65.57872625376964,-65.48744078875407,1.97363,4.41677,404.6595
34,136,0.5935,0.4065,CV,6.1668,6.0802,-12.466965330671865,-12.454702546164558,4.02025,-2.22385,86.2881
34,142,0.5432,0.4568,CV,5.3136,4.8978,-24.692658524047786,-24.640706029200484,8.1366,2.13851,117.0999
34,147,0.6136,0.3864,CV,57.851,57.7306,-15.239785078823491,-15.237165817128172,-3.96248,4.14142,2603.7848
34,152,0.6177,0.3823,CV,13.6745,13.7202,-9.947660643431458,-9.952344216343949,-0.25528,0.26414,102.9839
34,153,0.6029,0.3971,CV,11.5427,11.5269,-10.081725439618879,-10.072155272023522,1.53011,-2.05908,99.6895
34,159,0.5298,0.4702,CV,36.5559,36.2441,-20.64262029721096,-20.376381012739195,8.34671,0.13885,166.5407
34,160,0.602,0.398,CV,18.3076,18.1159,-17.913311869517706,-17.88180081652452,-3.77523,-0.98288,286.1119
34,146,0.5983,0.4017,CV,8.8952,8.8259,-32.5738512209716,-32.54650685727841,2.50887,0.58063,103.6077
34,138,0.6078,0.3922,CV,9.8801,9.781,-14.381022247453314,-14.361378060706596,2.3077,0.50777,143.7918
34,144,0.3294,0.6706,CA,34.7954,33.0023,-14.548633114659827,-13.886911412945977,68.22616,-25.63725,527.8235
34,140,0.591,0.409,CV,14.6727,14.5931,-16.739699200942482,-16.653336964537072,2.07546,0.85789,60.4418
34,176,0.6191,0.3809,CV,2.5219,2.3082,-17.27931359994275,-17.29149468422483,3.72254,0.08345,229.4753
34,172,0.6228,0.3772,CV,38.0322,38.8933,-69.78151456439622,-70.04714097646166,0.57866,-1.33338,234.4765
34,134,0.5694,0.4306,CV,4.9826,4.965,-6.286996504642776,-6.306825495308095,11.14786,-3.56599,67.9747
34,124,0.6059,0.3941,CV,10.0383,10.012,-9.084879518078079,-9.036140572062603,-2.65151,0.39032,85.3266
34,183,0.6811,0.3189,CV,10.9263,12.5528,-10.802613010449203,-11.329768948857856,-5.38144,-0.49017,179.0595
34,135,0.6136,0.3864,CV,16.2862,18.7512,-10.37308453891205,-11.090957741045262,70.68705,4.49925,393.8873
34,184,0.6027,0.3973,CV,3.7811,3.1078,-7.3508442076213685,-7.34604546505902,-11.85978,8.34178,182.6861
34,169,0.6156,0.3844,CV,4.7131,4.0156,-7.162990358795665,-7.1642554298599,18.45274,-9.71771,239.6801
34,133,0.5776,0.4224,CV,11.0542,10.8843,-12.645325867551312,-12.5304847235187,6.54057,-2.81949,78.7982
34,186,0.3772,0.6228,CA,15.5665,14.3862,-19.284295784526325,-18.707093866478047,-43.45851,-18.30606,293.0801
34,165,0.63,0.37,CV,8.6521,9.3981,-9.41594917756459,-9.522566968974953,-5.86805,-1.36838,239.3729
34,145,0.6078,0.3922,CV,10.1398,10.1264,-10.176345740137597,-10.165709773293967,0.81404,-0.13194,59.5597
34,189,0.6415,0.3585,CV,19.8359,19.8359,-15.037438027557448,-15.022312154477675,-2.40084,-0.64549,92.5608
34,127,0.603,0.397,CV,4.299,4.3043,-9.34997319966572,-9.35505291525494,0.16285,-0.20244,33.3538
34,118,0.5418,0.4582,CV,44.6337,44.456,-55.234017293048886,-55.02838261463405,-6.15465,1.66979,201.8449
34,171,0.5569,0.4431,CV,18.3511,18.2664,-11.69725142261131,-11.623615530137897,3.50884,-0.41711,126.0045
34,149,0.5,0.5,CA,93.6644,93.6676,-33.431264532123656,-33.29228093817539,2.82805,0.47655,120.1158
34,185,0.4547,0.5453,CA,18.5528,18.4516,-22.61057871850469,-21.935961571830937,-4.14662,16.11271,133.5303
35,114,0.5934,0.4066,CV,4.4116,4.1191,-7.218559733164778,-7.204458395360853,7.37401,-0.13367,150.9816
35,115,0.5766,0.4234,CV,11.7545,11.6375,-14.068421088541855,-13.958821152567758,-2.539,0.21079,52.2306
35,116,0.6111,0.3889,CV,14.2362,14.235,-10.360021544446635,-10.340036606079202,-0.82827,-0.67064,85.2084
35,117,0.6173,0.3827,CV,7.191,7.1945,-13.647852582557324,-13.649350677334628,-0.50889,-0.12479,65.6194
35,119,0.6045,0.3955,CV,11.7595,11.6938,-15.54888872153676,-15.515510351793733,-0.13672,-0.85325,67.0679
35,120,0.5704,0.4296,CV,17.8993,17.7374,-43.276187434660734,-43.17309512020167,2.91788,0.74598,70.4925
35,128,0.6157,0.3843,CV,7.9509,7.9917,-19.491862641344316,-19.50713255099035,-1.48951,0.81563,131.0454
35,129,0.5919,0.4081,CV,25.6369,25.4127,-33.80534165718847,-33.754608198390734,0.24743,4.49576,398.573
35,136,0.6107,0.3893,CV,4.3383,4.3239,-7.1974813141065725,-7.2100061800520665,2.29734,-1.71943,82.6259
35,142,0.6089,0.3911,CV,13.4703,13.688,-43.2146961368599,-43.292862419115636,3.30138,1.44554,110.4727
35,147,0.6136,0.3864,CV,49.4058,49.169,-13.844131307773868,-13.839246177295939,-4.35106,4.1194,2671.0329
35,152,0.6114,0.3886,CV,18.2532,18.2689,-30.787949121280484,-30.767740331649044,1.26916,0.26498,99.4389
35,153,0.6031,0.3969,CV,16.4575,16.4618,-21.79999961764181,-21.766639186985916,-0.59882,-1.80417,92.4015
35,159,0.4922,0.5078,CA,33.6436,33.2068,-22.92072882024945,-22.544252744812823,11.52688,-0.03497,175.1529
35,160,0.6078,0.3922,CV,11.4796,11.2824,-21.39467464597631,-21.382619594030565,-3.04128,-0.87893,297.9185
35,146,0.6102,0.3898,CV,14.344,14.4135,-16.15017909433005,-16.153636215987497,0.47474,1.7883,101.1176
35,138,0.6076,0.3924,CV,10.7848,10.6797,-12.605025672461785,-12.583375285095418,2.07457,0.35735,143.7202
35,144,0.3517,0.6483,CA,31.9954,29.5813,-12.990565375801978,-12.317947068192884,85.40229,-34.90647,671.1825
35,140,0.5814,0.4186,CV,14.2228,14.1075,-23.082898849777862,-22.97729998426375,2.60795,0.68665,61.1551
35,176,0.6162,0.3838,CV,5.5597,5.4113,-14.869601872531817,-14.867680252106862,3.18755,0.1889,211.3513
35,172,0.5927,0.4073,CV,28.2687,28.2432,-54.11699765544775,-54.011067794666666,6.22934,-2.95602,228.8251
35,134,0.6154,0.3846,CV,2.574,2.6868,-8.912447730341473,-8.979759008162715,6.09494,-2.37008,64.7771
35,124,0.5362,0.4638,CV,19.4605,19.3236,-17.146726249668124,-16.835844445027103,-5.15016,0.62958,76.6639
35,183,0.6497,0.3503,CV,5.1953,5.3321,-7.240558499260358,-7.289861428676856,8.23477,-3.7103,136.7424
35,135,0.6941,0.3059,CV,15.4332,17.2278,-14.22624370088974,-14.57809675747237,-0.78259,1.7475,354.8453
35,184,0.6207,0.3793,CV,6.8108,6.8311,-8.521400686521533,-8.562666540226816,-7.84794,3.49055,164.4433
35,169,0.6019,0.3981,CV,14.1674,13.9316,-10.245259775964227,-10.188150841544292,15.30415,-6.95412,207.4521
35,133,0.5344,0.4656,CV,10.9714,10.662,-11.302513627029636,-11.025812571677447,8.48594,-3.16254,77.9445
35,186,0.5656,0.4344,CV,16.1265,16.9437,-18.135948997249496,-18.271508567644418,-13.8221,-18.94756,305.0385
35,165,0.6238,0.3762,CV,18.9485,19.0715,-12.547643737970596,-12.561598612745719,1.28473,-0.40398,241.2803
35,145,0.6139,0.3861,CV,4.3068,4.2923,-6.862107533862738,-6.867160030943209,0.58487,0.27524,60.0274
35,189,0.5852,0.4148,CV,25.8759,25.8882,-15.084008836453695,-14.919216575067463,-10.86293,6.66276,131.4651
35,127,0.6011,0.3989,CV,13.1827,13.1733,-14.673489763439806,-14.631564448087296,0.81717,-0.53708,32.0646
35,118,0.534,0.466,CV,36.6611,36.3539,-58.928589675065346,-58.70246105424842,-7.71719,1.36236,210.5614
35,171,0.548,0.452,CV,23.4407,23.2645,-26.921312328838177,-26.72946211863246,5.24081,-0.88883,122.779
35,149,0.5572,0.4428,CV,24.5161,24.4076,-13.89594370214218,-13.823356150518347,3.04206,-0.22825,109.0734
35,179,0.5,0.5,CA,37.2028,37.1869,-21.588046097527346,-21.504573013904732,-1.46511,2.07655,60.7744
35,143,0.5,0.5,CA,11.2589,9.9665,-14.060452195534404,-13.708294787226663,-29.7853,-1.68435,131.5918
36,114,0.5977,0.4023,CV,7.1739,6.8951,-15.2575980797264,-15.215662574486291,6.27055,0.03058,147.7761
36,115,0.4086,0.5914,CA,37.8109,37.6823,-76.65468536233585,-75.87188495054369,-5.90657,0.77236,49.7258
36,116,0.593,0.407,CV,24.4435,24.3735,-14.96399189258793,-14.87664808430372,-1.57959,-0.52517,93.024
36,117,0.6131,0.3869,CV,8.5345,8.5112,-30.48013633667834,-30.467778194518534,-0.84142,0.30078,64.2439
36,119,0.6087,0.3913,CV,9.2845,9.2476,-16.517035825285,-16.50509408365166,-0.25057,-0.96264,66.4155
36,120,0.5867,0.4133,CV,33.8764,33.9194,-64.91678793754329,-64.86311749065682,1.56654,2.18133,63.5261
36,128,0.6018,0.3982,CV,19.0413,18.9802,-13.062849619921643,-13.005218260186972,-2.00035,1.84033,124.5325
36,129,0.5923,0.4077,CV,43.5337,43.4796,-18.257189058973893,-18.195064367614123,-0.78183,4.76999,360.9836
36,136,0.477,0.523,CA,30.5691,30.4548,-39.16966652411712,-38.6143774401629,6.99633,-2.67666,80.0449
36,142,0.6126,0.3874,CV,4.616,4.5253,-38.50447743827734,-38.50238717246634,3.04929,0.83375,107.1689
36,147,0.6012,0.3988,CV,116.9586,116.6502,-17.88497781150396,-17.827914650738784,-9.98746,5.29395,2665.6677
36,152,0.6139,0.3861,CV,8.5979,8.5915,-19.20938448621653,-19.208974798560895,1.00756,0.19003,92.2165
36,153,0.5616,0.4384,CV,25.3882,25.3797,-22.28289161417025,-22.078834376813433,2.9165,-2.61394,83.8079
36,159,0.3993,0.6007,CA,38.4717,37.9026,-55.42981602453062,-54.7304315867951,17.96564,0.52036,185.5354
36,160,0.602,0.398,CV,26.8399,26.6653,-18.246038434784353,-18.20086070095735,-3.78977,-0.86233,309.0152
36,146,0.4886,0.5114,CA,39.5254,39.4489,-89.69918024538266,-89.19128442794856,4.01514,3.82983,93.0026
36,138,0.6084,0.3916,CV,12.5604,12.4778,-10.489282466244152,-10.47157274583627,1.69938,0.16536,148.0495
36,144,0.4842,0.5158,CA,21.5445,20.4441,-12.393566080911151,-12.23787824213155,75.76449,-36.12718,804.1488
36,140,0.5833,0.4167,CV,10.9427,10.804,-24.45834213178233,-24.37474468448376,2.73576,0.44329,61.5533
36,176,0.6175,0.3825,CV,13.8446,13.8741,-14.833713639439686,-14.841381529955637,1.38837,0.16543,187.4803
36,172,0.6048,0.3952,CV,13.6582,13.5698,-22.49971632341829,-22.488742912248526,3.99152,-2.61921,219.2004
36,124,0.5324,0.4676,CV,11.0342,10.8147,-13.065570045694987,-12.840929398369955,-5.56568,0.2106,69.032
36,183,0.6475,0.3525,CV,2.8617,2.8906,-6.8153049531448175,-6.902441329862483,5.38268,-2.02766,109.2247
36,135,0.6351,0.3649,CV,13.8508,13.9258,-16.21708782572636,-16.18318152364772,14.53807,0.93689,272.1083
36,184,0.6173,0.3827,CV,4.9059,4.6955,-6.880930624785171,-6.881168844173302,-5.75609,1.9253,146.7051
36,133,0.5329,0.4671,CV,11.2466,10.8958,-13.020461570999144,-12.800728069075085,8.79775,-3.30567,81.1525
36,186,0.5767,0.4233,CV,14.1757,14.3161,-19.868974727947155,-19.781116429258915,6.10937,-11.87484,280.5358
36,165,0.6001,0.3999,CV,22.4452,22.3509,-20.235817967319086,-20.15914135712469,6.03452,0.16158,235.3627
36,145,0.6106,0.3894,CV,8.703,8.666,-8.538773027056209,-8.520941368828439,0.93614,0.67564,60.3202
36,189,0.4318,0.5682,CA,24.3028,23.8032,-16.15882522999392,-15.458840744646084,-17.72929,17.95768,196.512
36,118,0.4601,0.5399,CA,62.1058,61.6953,-54.07921884780002,-53.567991026017026,-12.27532,1.40508,228.6334
36,171,0.5288,0.4712,CV,26.2951,26.0343,-44.2151261463502,-43.95914510857695,6.63495,-1.13842,125.9573
36,149,0.5799,0.4201,CV,18.4942,18.3578,-11.751536137800326,-11.689102270803549,2.96558,-0.55498,113.2583
36,179,0.5636,0.4364,CV,9.1492,9.1119,-13.398559484591637,-13.352054333074996,-2.27813,1.32388,56.549
36,143,0.6238,0.3762,CV,4.9889,5.8517,-10.747745008204411,-10.951060871547124,-13.46462,-0.26354,126.541
36,185,0.5,0.5,CA,21.5604,21.3714,-13.19083454184321,-12.964606378038908,-6.42317,8.31172,155.2448
36,134,0.631,0.369,CV,2.2163,2.3713,-9.913799091702106,-9.980506112274076,2.35715,-1.29588,59.6858
37,114,0.5948,0.4052,CV,8.6243,8.3511,-26.683759895030303,-26.623659830036765,5.84592,0.26342,141.3056
37,115,0.5537,0.4463,CV,1.2942,1.5395,-18.93726919091677,-18.980383908119904,-4.29359,0.56259,49.8603
37,116,0.5957,0.4043,CV,14.5217,14.3829,-15.53988238871649,-15.490308541759987,-1.67893,-0.53218,98.3109
37,117,0.6106,0.3894,CV,8.2924,8.254,-38.301753350073284,-38.28472863835488,-0.97845,0.52234,61.4575
37,119,0.6102,0.3898,CV,11.8718,11.8616,-19.028844847515952,-19.016666109621745,-0.30131,-1.02943,62.7066
37,120,0.5769,0.4231,CV,15.2938,15.1806,-53.18148141067621,-53.06393744960511,2.5218,2.38519,67.389
37,128,0.5923,0.4077,CV,16.5372,16.4114,-13.713170857170493,-13.636925099153464,-1.99868,2.45982,122.5776
37,129,0.5701,0.4299,CV,37.0091,36.8636,-32.12440192051112,-31.970649787633505,-2.39309,4.55615,324.5497
37,142,0.5701,0.4299,CV,16.4486,16.3035,-31.791876510061062,-31.608057127454426,5.42129,0.91011,104.2275
37,147,0.6086,0.3914,CV,29.6476,29.0175,-12.626081368453743,-12.61847400778349,-7.75437,3.89852,2747.1479
37,152,0.6182,0.3818,CV,10.3101,10.3578,-11.9667643204445,-11.980903477110873,-0.29475,0.33967,88.7276
37,153,0.61,0.39,CV,10.6133,10.7614,-11.080088895558266,-11.136277845192655,-0.09358,-1.23905,78.1548
37,159,0.4758,0.5242,CA,13.144,12.3108,-51.63337407529869,-51.37722083751925,19.67231,0.24863,205.3761
37,160,0.5917,0.4083,CV,35.7601,35.5546,-15.370432624554912,-15.291222030473111,-5.00711,-0.76849,314.0312
37,146,0.4769,0.5231,CA,20.8923,20.6708,-45.85756622950686,-45.47925334305516,3.53015,6.15032,90.6733
37,138,0.6116,0.3884,CV,8.2879,8.208,-8.173849073743883,-8.168115940201648,1.36643,-0.12787,150.5599
37,144,0.3587,0.6413,CA,32.3375,29.4804,-15.021937527197299,-14.161399021779054,105.52085,-47.86825,921.1195
37,140,0.5837,0.4163,CV,11.1117,10.9709,-29.590553889988648,-29.50561703574421,2.85683,0.42791,63.206
37,176,0.6184,0.3816,CV,3.09,3.0331,-15.081854489212565,-15.09148375373804,0.8368,0.20283,171.3027
37,172,0.5848,0.4152,CV,46.7372,46.929,-44.70572271004357,-44.59371409479451,-5.10323,-0.10875,212.9401
37,134,0.6074,0.3926,CV,8.9999,9.073,-8.919198437952884,-8.862369919923152,-2.77681,-0.08756,53.1619
37,124,0.4774,0.5226,CA,12.0759,11.805,-19.066601224506876,-18.627477544198165,-7.68825,0.59364,62.7832
37,183,0.6147,0.3853,CV,5.4248,5.2699,-6.429252179546462,-6.378607666079507,6.87323,-1.71876,91.3123
37,135,0.5503,0.4497,CV,20.7116,21.2638,-13.662614521044546,-13.365387666544398,-19.86257,-1.01742,230.7981
37,184,0.5985,0.4015,CV,12.5395,12.406,-10.498119631219012,-10.424671462615187,-4.55166,0.7296,138.4555
37,133,0.563,0.437,CV,8.5153,8.2183,-18.56377059199157,-18.46746880656575,7.45146,-3.07822,84.8233
37,186,0.5503,0.4497,CV,12.4694,12.0303,-18.79053937931237,-18.57921485909535,13.39355,-7.17106,253.2686
37,165,0.618,0.382,CV,6.9308,7.1713,-9.949171487506826,-9.982984003319476,2.5859,-0.31423,229.6533
37,145,0.6172,0.3828,CV,11.8883,11.9403,-9.199157535558246,-9.214030202625318,-0.12595,0.41847,63.6568
37,189,0.5297,0.4703,CV,12.9621,12.7497,-9.429383139744598,-9.343126638574052,-16.90544,13.81569,257.7384
37,118,0.3293,0.6707,CA,84.5326,83.8825,-48.69684446678316,-47.74018876882329,-21.80662,1.59184,260.6428
37,171,0.4711,0.5289,CA,38.4076,38.0521,-67.6606232231809,-67.20138865757963,9.60101,-1.51025,133.9852
37,149,0.5722,0.4278,CV,34.7646,34.6161,-18.28235777012855,-18.155421435423577,3.61264,-0.78552,127.0902
37,143,0.6396,0.3604,CV,5.2139,5.4482,-10.29424084849536,-10.385335966039897,-4.25908,0.38425,111.7821
37,185,0.5736,0.4264,CV,16.4327,16.4716,-12.736951722306298,-12.73139610800214,-2.37777,7.58319,152.9867
37,136,0.484,0.516,CA,13.2902,12.8873,-23.135523560022115,-22.802151050937155,8.21302,-3.40361,80.1706
37,179,0.5604,0.4396,CV,12.7221,12.6341,-11.467915912727436,-11.316564804300203,-3.41237,0.81532,51.9976
38,114,0.6148,0.3852,CV,5.3526,5.4389,-30.86496109567858,-30.89294868937668,3.13683,0.63029,135.6054
38,115,0.6183,0.3817,CV,7.425,7.6273,-10.817346948630846,-10.919925693266453,-0.95739,0.0936,48.9329
38,116,0.5909,0.4091,CV,25.0059,24.9265,-15.516587931490141,-15.443270351889847,-2.50041,-0.11594,98.4346
38,117,0.5912,0.4088,CV,35.9152,35.9603,-36.44167778221071,-36.34786462073802,1.7352,0.60441,63.2965
38,119,0.5844,0.4156,CV,38.9218,38.9303,-34.55884619182857,-34.43732207165815,1.86595,-1.11702,69.155
38,120,0.564,0.436,CV,16.8446,16.6582,-52.81825753617173,-52.662282168125046,3.02469,2.93005,73.9462
38,128,0.5909,0.4091,CV,16.2631,16.1317,-21.19508820708502,-21.12687198681739,-1.44221,2.82297,123.3249
38,129,0.6034,0.3966,CV,12.1636,12.2315,-21.008503264933744,-21.024780746700095,0.68221,3.13659,305.7024
38,142,0.5241,0.4759,CV,17.7839,17.4982,-27.156209245957445,-26.849362836313077,7.29038,1.30376,100.2117
38,147,0.6159,0.3841,CV,12.1645,12.1108,-12.360184323166695,-12.372275134884259,-4.13515,2.21383,2846.4145
38,152,0.6168,0.3832,CV,5.9962,5.9791,-18.942534787629672,-18.944349136610313,-0.56764,0.46168,86.5187
38,153,0.59,0.41,CV,17.2103,17.226,-24.4756784625118,-24.37767134809663,-2.6718,0.1755,74.043
38,159,0.4803,0.5197,CA,18.7077,17.9645,-46.98425355985606,-46.63775362310532,22.81174,-1.47178,223.6758
38,160,0.601,0.399,CV,14.3295,14.0546,-13.990847789772783,-13.965278527920335,-4.26734,-0.77664,323.0012
38,146,0.4983,0.5017,CA,20.6767,20.5232,-34.39659957428593,-34.120497824346984,1.32984,7.40132,91.7047
38,138,0.6128,0.3872,CV,8.5968,8.5209,-10.736391170157058,-10.73088139490395,1.19669,-0.27312,154.3408
38,144,0.5574,0.4426,CV,26.3867,27.274,-22.335440778268442,-22.46384116004598,63.95861,-29.41621,897.5783
38,140,0.5821,0.4179,CV,11.9879,11.8369,-26.92049679832251,-26.828496584477453,3.01576,0.39952,65.4146
38,176,0.6173,0.3827,CV,7.0078,6.9883,-20.86869238637475,-20.872434626827317,-0.0155,0.20874,154.2627
38,172,0.5746,0.4254,CV,43.9178,44.0507,-27.248700688008114,-27.12452996076619,1.46837,-1.73662,184.8967
38,124,0.5274,0.4726,CV,8.4522,8.2875,-16.43465731182299,-16.274469341721723,-7.54272,0.53379,60.5304
38,183,0.6187,0.3813,CV,2.9865,2.8727,-6.38629037367876,-6.401354854214515,4.67742,-1.02609,79.5284
38,135,0.2725,0.7275,CA,23.9038,22.9976,-15.703671572255164,-14.346731598468455,-40.84548,-1.67531,220.4644
38,186,0.555,0.445,CV,10.0139,9.4566,-16.088790057654855,-15.935077137874185,14.94662,-3.65843,233.0705
38,165,0.5098,0.4902,CV,71.5109,71.3847,-84.38533868821025,-83.950455668063,10.3344,-0.28454,243.6518
38,145,0.6109,0.3891,CV,15.4316,15.4279,-11.891641709707228,-11.869983051572955,0.90706,0.55426,65.8342
38,189,0.5283,0.4717,CV,15.118,14.5426,-10.632581753309768,-10.4010394105421,-17.64955,17.32587,275.0792
38,118,0.3401,0.6599,CA,57.0822,56.142,-26.19416565012763,-25.470379020526423,-32.02897,0.98208,294.2432
38,171,0.4442,0.5558,CA,38.4021,37.9046,-49.0255490031812,-48.54018803556289,12.9252,-1.82386,149.2343
38,149,0.5392,0.4608,CV,50.4951,50.3171,-31.82073995743971,-31.571342635414695,5.47179,-1.52632,126.5333
38,179,0.6148,0.3852,CV,5.4879,5.6528,-7.157051887868935,-7.235240172752153,-1.18967,0.23225,48.8222
38,143,0.6219,0.3781,CV,7.7748,7.8903,-9.896628873945645,-9.888177819736583,3.53471,0.83989,97.9549
38,185,0.5938,0.4062,CV,11.451,11.3024,-9.20813244887598,-9.179255602600147,-0.63107,5.2644,157.6512
38,134,0.598,0.402,CV,5.0392,4.914,-12.53146266107469,-12.470243820884207,-3.1936,0.11119,49.1193
38,133,0.5852,0.4148,CV,6.0621,5.7787,-25.78474772497975,-25.7355586909176,5.87285,-2.62713,87.4711
38,192,0.7,0.3,CV,11.2065,11.2065,-9.259107733126248,-9.259107733126248,0.0,0.0,31.0693
39,114,0.6195,0.3805,CV,11.9784,12.0701,-24.244448405575042,-24.262754658330724,0.08372,1.01745,127.1055
39,115,0.613,0.387,CV,9.4177,9.4606,-8.801754130710375,-8.78723536577208,1.33145,-0.18847,47.0574
39,116,0.6068,0.3932,CV,31.9639,32.0215,-20.20853265411494,-20.208602732805513,-0.39334,-0.58328,110.7919
39,117,0.57,0.43,CV,26.4002,26.3004,-19.0631827805748,-18.9105410366981,2.47892,0.35662,68.5293
39,119,0.5795,0.4205,CV,22.1376,22.0176,-14.396138730879386,-14.292597944926582,2.39537,-0.74421,75.8172
39,120,0.5542,0.4458,CV,17.7356,17.5234,-44.84523312724717,-44.66839497183487,3.85285,3.20792,76.7164
39,128,0.5873,0.4127,CV,17.0864,16.9296,-27.145949345259396,-27.064785469330662,-1.11768,3.21956,122.5516
39,129,0.5939,0.4061,CV,27.2659,27.2946,-23.081397170011808,-23.009099526182702,3.45942,-1.58258,275.8881
39,142,0.5467,0.4533,CV,18.7027,18.643,-16.013008882908327,-15.863364811344795,5.52514,2.68696,91.0542
39,147,0.6181,0.3819,CV,16.7971,16.6931,-12.224426620144028,-12.235011942824013,-1.73234,1.27492,2899.6561
39,152,0.6147,0.3853,CV,8.3608,8.3462,-20.521213917391236,-20.516409244791983,-0.79936,0.16802,80.6262
39,153,0.5625,0.4375,CV,14.7583,14.6228,-30.751568051918213,-30.570092492021693,-3.60223,1.00616,70.204
39,159,0.4837,0.5163,CA,18.1622,17.3364,-22.053484312639974,-21.713948056363698,25.26945,-3.20948,242.9632
39,160,0.6068,0.3932,CV,13.8309,13.6254,-16.046051111358945,-16.03102533259866,-3.60853,-0.64037,339.6108
39,146,0.4853,0.5147,CA,23.2416,22.9931,-29.903502653853458,-29.5447270814479,-0.31115,8.52826,96.0728
39,138,0.6142,0.3858,CV,6.8765,6.8082,-15.384026430539544,-15.382788374540766,1.10058,-0.23939,157.989
39,144,0.5515,0.4485,CV,35.0311,36.3821,-38.71155740251471,-38.53303608696643,-21.87285,11.36776,714.7907
39,140,0.58,0.42,CV,13.7118,13.5586,-19.248470030537028,-19.150184555034997,3.14895,0.33788,69.1355
39,176,0.6183,0.3817,CV,6.3784,6.3913,-35.0163751454248,-35.02597371529252,-0.69666,0.18933,142.835
39,172,0.5518,0.4482,CV,35.178,35.2698,-31.768820472053022,-31.566444856213174,-6.15321,-1.47674,180.0522
39,124,0.5957,0.4043,CV,8.2496,8.3494,-13.83649092414333,-13.882267425459652,-3.91705,-0.17928,58.7282
39,183,0.573,0.427,CV,8.0665,7.855,-7.590581885778217,-7.409594916163497,6.43359,-1.67467,71.5502
39,135,0.4195,0.5805,CA,9.1806,7.9469,-17.97201028169843,-17.665766592491835,-44.10049,-1.00287,219.478
39,186,0.5754,0.4246,CV,7.6396,7.1268,-15.491484626635565,-15.413722813769837,13.30146,-1.33503,216.1168
39,165,0.439,0.561,CA,59.0306,58.4706,-109.18860616355187,-108.62709599090537,15.51247,-1.17308,244.0941
39,145,0.6103,0.3897,CV,9.8946,9.8635,-9.50039239989373,-9.48554461693063,0.99403,0.63372,63.794
39,189,0.5753,0.4247,CV,8.5282,8.1342,-9.420198682338109,-9.380618264448593,-11.3537,15.43435,274.2638
39,118,0.2297,0.7703,CA,66.2285,64.9714,-35.072076880436086,-33.785856209651214,-55.02685,1.21188,369.9624
39,171,0.3861,0.6139,CA,46.3616,45.7102,-30.610014892327243,-29.923337137672757,19.22023,-2.996,171.3846
39,149,0.5348,0.4652,CV,30.0774,29.8071,-26.079701484040253,-25.860394855192098,6.54031,-1.87532,127.5374
39,143,0.6169,0.3831,CV,3.176,2.9934,-6.374811219221101,-6.371735701484793,3.48323,0.71629,87.5804
39,185,0.6154,0.3846,CV,22.7658,23.0636,-14.498398738544445,-14.530020514567138,0.81161,-1.91237,156.0764
39,192,0.6432,0.3568,CV,6.8302,6.8302,-7.342998754607702,-7.335035357898316,2.65529,3.1029,43.6317
39,132,0.5,0.5,CA,70.6838,70.6153,-27.47767211643917,-27.46716914188927,1.80306,-0.5019,138.3865
39,127,0.5,0.5,CA,20.4217,20.4348,-16.28246534150769,-16.235753517413833,-1.00702,-0.2382,32.9077
39,136,0.5,0.5,CA,52.3913,52.6013,-60.40924595638229,-60.28112238920431,-1.62615,0.29095,109.6505
39,134,0.5914,0.4086,CV,6.078,5.9549,-17.664968492955005,-17.59034009968112,-3.25172,0.47441,46.4893
39,133,0.5938,0.4062,CV,8.9832,8.8343,-24.23969969376075,-24.193901151672293,5.03407,-2.25405,85.1401
40,114,0.5985,0.4015,CV,25.5035,25.4927,-34.2059054551073,-34.1290840401322,-2.11889,1.20154,129.7854
40,115,0.5951,0.4049,CV,8.5055,8.433,-12.026184956978184,-11.945033233158583,2.18319,-0.2684,45.4362
40,116,0.5856,0.4144,CV,53.4495,53.4841,-42.72330943098786,-42.61190180247525,2.49716,-1.81377,104.8306
40,119,0.4373,0.5627,CA,62.5731,62.4977,-81.37226774585247,-80.70276576260416,4.98335,-3.2943,63.6086
40,120,0.5737,0.4263,CV,25.0146,24.998,-20.397682275737598,-20.314338398579103,1.33719,3.8816,83.6186
40,128,0.5771,0.4229,CV,20.3113,20.1568,-25.16275902637065,-25.044861764676977,-1.19456,3.83168,117.2675
40,129,0.5796,0.4204,CV,48.7507,48.9286,-46.50796873952545,-46.390947517182944,-4.83206,-2.38303,260.0947
40,142,0.5009,0.4991,CV,18.8013,18.6575,-17.270913615544373,-16.905146723346185,8.66628,1.92197,90.9371
40,147,0.6159,0.3841,CV,39.9541,39.7359,-12.649624405582065,-12.647896797745192,-0.66081,1.86805,2859.3019
40,152,0.6118,0.3882,CV,10.4913,10.4753,-27.05283928796384,-27.038747901050105,-1.13819,0.18519,79.8919
40,153,0.5578,0.4422,CV,11.9277,11.7421,-21.021928122217698,-20.861825390662293,-3.82205,1.46042,67.9592
40,159,0.5252,0.4748,CV,11.6266,10.7412,-10.629944556722823,-10.45190545200471,24.02759,-3.96301,258.5572
40,160,0.6049,0.3951,CV,22.3975,22.196,-17.73850681809866,-17.707189817702314,-3.87646,-0.6651,356.0367
40,146,0.4609,0.5391,CA,25.2033,24.8311,-25.69018154461591,-25.252241326064283,-1.30771,10.55023,103.8664
40,138,0.6174,0.3826,CV,13.1235,13.1705,-10.11238627136186,-10.12254499682144,0.19163,-0.3083,154.9024
40,144,0.3794,0.6206,CA,30.8699,30.9262,-34.28674572429836,-33.418383245511166,29.51202,-7.88076,525.7773
40,140,0.5909,0.4091,CV,10.2262,10.0809,-15.202978325946436,-15.152627918615806,2.70276,0.17851,73.9795
40,172,0.5933,0.4067,CV,24.7319,24.8325,-14.169894847896856,-14.170533742321947,-3.1594,-2.08643,185.8099
40,124,0.5937,0.4063,CV,5.4398,5.2716,-9.077939805167759,-9.016090076133088,-3.71072,-0.21547,55.6072
40,183,0.5878,0.4122,CV,3.9492,3.6981,-5.860128532768078,-5.807514093564074,5.29726,-1.56025,65.4242
40,135,0.4759,0.5241,CA,7.7601,6.3614,-20.587044363123773,-20.30253440028371,-44.61824,-1.31065,213.2529
40,133,0.5549,0.4451,CV,15.1398,14.9229,-16.65181636891333,-16.434126721694838,6.5422,-2.61587,82.7845
40,186,0.5737,0.4263,CV,9.857,9.397,-8.904192262903287,-8.789775506008251,12.31391,0.28102,202.4416
40,165,0.4052,0.5948,CA,43.9458,43.2374,-110.38210252434487,-109.7829389906486,21.61492,-2.74782,253.5664
40,145,0.6124,0.3876,CV,7.1704,7.1425,-8.441050864696212,-8.435983379742002,0.95076,0.36491,66.146
40,189,0.6171,0.3829,CV,12.2586,12.4566,-11.155258868834464,-11.221451288038917,-8.60216,7.63587,264.0047
40,118,0.3476,0.6524,CA,32.2209,30.619,-31.42519588373522,-30.87411519680726,-67.95055,-1.25026,457.9094
40,171,0.412,0.588,CA,31.6801,30.8226,-15.637201603400438,-15.140660512434529,24.35329,-4.69568,199.2303
40,149,0.5172,0.4828,CV,27.2636,26.9433,-30.67123252077824,-30.387903491899372,8.28044,-2.1908,130.9859
40,143,0.6015,0.3985,CV,7.4417,7.3152,-10.452739226493488,-10.392326934583352,4.20146,0.36411,77.3716
40,185,0.5982,0.4018,CV,18.2191,18.1166,-10.728947637876354,-10.657098259163645,2.099,-3.23734,154.4362
40,192,0.6029,0.3971,CV,6.8754,6.7826,-8.225352825142739,-8.13158680045965,6.98699,6.66919,65.0941
40,132,0.563,0.437,CV,17.5961,17.5267,-13.286669155155387,-13.237617088127305,3.05851,-0.74815,127.6013
40,127,0.5656,0.4344,CV,21.3346,21.3857,-27.475369311968386,-27.437015205496902,1.1947,-0.44928,31.5468
40,136,0.5579,0.4421,CV,30.4747,30.443,-19.10163606791522,-19.032002886229016,-2.886,-0.98712,103.5896
40,184,0.5,0.5,CA,40.578,40.4509,-99.89111565274662,-99.60140046998492,-6.1107,0.98091,118.7905
40,179,0.5,0.5,CA,65.8027,65.8509,-133.03094761749617,-130.8475240998228,7.92501,-2.8377,45.6726
40,176,0.5557,0.4443,CV,39.2672,39.2288,-33.33145563904605,-33.08091042890669,-4.24823,0.10911,133.1236
40,134,0.6019,0.3981,CV,3.5256,3.4178,-16.54335921421194,-16.521907910536733,-2.59008,0.47893,42.7309
41,115,0.5726,0.4274,CV,10.4348,10.3151,-11.623783628812564,-11.476192514797354,2.84534,-0.34825,44.3988
41,116,0.6094,0.3906,CV,10.7346,10.7998,-9.306103349395993,-9.324806199566956,0.9018,-1.22625,102.9933
41,119,0.518,0.482,CV,7.5887,7.3843,-7.933161369372693,-7.7921384543780094,4.1982,-4.05362,64.7655
41,120,0.5807,0.4193,CV,22.043,21.9813,-13.608641083118908,-13.5254534400301,2.91677,2.78384,91.7865
41,128,0.5759,0.4241,CV,15.9269,15.7584,-15.156417426851784,-15.048722930427534,-2.13706,3.74284,114.4967
41,129,0.5635,0.4365,CV,22.4309,22.1348,-13.344337898386527,-13.182152429470001,-5.67494,-3.29348,239.2853
41,142,0.5476,0.4524,CV,11.1308,10.9427,-16.56515917425512,-16.452453604817315,7.48798,1.094,92.1363
41,147,0.6153,0.3847,CV,29.4704,29.1387,-12.592524166518373,-12.591439838553601,-1.15623,2.09956,2816.7325
41,152,0.6019,0.3981,CV,14.0508,14.0005,-14.671240131509757,-14.620035935007532,-1.74019,-0.16076,75.5375
41,153,0.5824,0.4176,CV,9.3422,9.2459,-8.19684923226404,-8.143828309753493,-2.8615,1.52419,68.3243
41,159,0.3271,0.6729,CA,36.264,35.2746,-26.401107501340153,-25.341401448935713,41.5939,-5.42279,296.1336
41,160,0.6037,0.3963,CV,23.872,23.6546,-16.074664010326284,-16.041097931837516,-4.0397,-0.60037,374.9094
41,138,0.6132,0.3868,CV,19.6812,19.6791,-11.989459321480028,-11.977343283083442,-1.17222,-0.38318,152.996
41,144,0.3372,0.6628,CA,30.9901,32.3325,-41.40851218110723,-40.601251309974636,-57.18288,28.23973,398.03
41,140,0.5943,0.4057,CV,11.5729,11.4364,-10.56600309724281,-10.5140445577626,2.60402,-0.13545,77.1518
41,124,0.6026,0.3974,CV,4.8628,4.7676,-7.0071879836609385,-6.985600295080176,-2.63705,-0.20795,54.0846
41,183,0.6186,0.3814,CV,3.0133,3.1621,-5.770840464239866,-5.824859243282451,2.58885,-0.86361,59.3143
41,133,0.5281,0.4719,CV,12.6663,12.3242,-12.092079508082293,-11.823346308337577,7.83246,-3.0147,82.9464
41,186,0.5811,0.4189,CV,11.7912,11.4822,-9.336413718151615,-9.254964449715612,10.44917,0.38526,197.5246
41,145,0.6119,0.3881,CV,7.5619,7.5122,-7.518947251631145,-7.508597482068787,1.04914,0.13564,68.4674
41,189,0.6344,0.3656,CV,9.4959,9.7579,-10.6788183966752,-10.757610406782359,-2.33489,4.12168,235.007
41,118,0.2954,0.7046,CA,37.5487,35.5954,-28.2469662167517,-27.290734957663755,-93.57632,-3.55436,571.0173
41,171,0.3201,0.6799,CA,47.0285,45.9832,-24.522154729529532,-23.59141407968432,37.71398,-7.51032,254.4623
41,149,0.3987,0.6013,CA,35.8778,35.4532,-48.39725844426661,-47.659528731243064,13.88116,-3.8894,137.2028
41,185,0.5873,0.4127,CV,16.7389,16.519,-11.092461667307264,-11.00069249165879,2.219,-3.99794,156.4622
41,192,0.4602,0.5398,CA,10.232,9.855,-10.035596640058206,-9.424627410394326,13.37612,12.58064,91.8854
41,132,0.5657,0.4343,CV,19.6657,19.5073,-12.112327288046641,-11.983573270518137,4.9469,-0.45704,125.2442
41,136,0.5661,0.4339,CV,22.5516,22.4167,-13.751014091572259,-13.631254996038043,-3.8962,-1.37958,102.6344
41,184,0.5037,0.4963,CV,19.6078,19.3061,-76.18981323165981,-75.90217836868713,-7.64173,1.09107,111.22
41,179,0.4652,0.5348,CA,10.1007,9.6428,-12.243954338961961,-11.802172665888515,8.1328,-3.10048,45.9234
41,169,0.5,0.5,CA,60.6446,60.688,-28.13741938504502,-28.061849147764796,0.15009,2.20998,142.4426
41,114,0.6123,0.3877,CV,5.6035,5.6193,-36.16546692811737,-36.17723956296594,-1.11854,1.04391,124.3203
41,146,0.4689,0.5311,CA,21.9422,21.5481,-20.37678540788057,-20.00557321802304,-2.59459,12.32672,107.9794
41,176,0.5833,0.4167,CV,7.8504,7.6394,-9.11622593639908,-9.070103054716116,-3.55112,0.32615,126.3052
41,165,0.4397,0.5603,CA,24.6279,23.6639,-58.80459468973648,-58.39440104087663,26.39312,-3.56204,280.6898
41,143,0.6063,0.3937,CV,3.7364,3.5902,-10.596251182419461,-10.578438367273113,3.26053,0.25536,69.5764
41,127,0.5019,0.4981,CV,24.1658,24.0998,-59.99371225940248,-59.60448125049172,3.17783,-0.79211,32.2999
42,114,0.6018,0.3982,CV,16.2562,16.1826,-23.899596528432447,-23.846975759943014,-2.13361,1.11952,119.5091
42,115,0.5853,0.4147,CV,6.8589,6.7444,-7.485225599045369,-7.422785341776391,2.45322,-0.24808,44.8003
42,116,0.6154,0.3846,CV,10.3243,10.3553,-8.550283356512558,-8.559195905106439,-0.45127,-0.59822,103.5904
42,119,0.5978,0.4022,CV,6.1521,6.292,-9.859456449456749,-9.927782892659526,0.96329,-2.83541,63.9841
42,120,0.5618,0.4382,CV,29.2863,29.1493,-17.640867966838247,-17.47039237097203,4.41147,1.91963,97.2407
42,129,0.6086,0.3914,CV,32.3014,32.5431,-30.45405335726838,-30.501424721723723,0.79229,-2.75889,225.9802
42,142,0.5554,0.4446,CV,9.9129,9.5838,-11.769493386841697,-11.621045009449514,7.33589,0.83534,92.1795
42,147,0.6153,0.3847,CV,26.4912,26.1503,-13.8325470705025,-13.832315645878053,-1.76815,1.80699,2760.0293
42,152,0.5707,0.4293,CV,19.2754,19.1911,-17.343006183550195,-17.177408026971058,-2.7418,-0.40766,68.9543
42,153,0.5934,0.4066,CV,10.4604,10.3979,-9.908447883979377,-9.864952448726006,-2.05583,1.86531,64.6251
42,159,0.4036,0.5964,CA,16.1839,14.3558,-15.102155291906755,-14.653861461614165,49.51395,-6.69085,334.0927
42,160,0.608,0.392,CV,14.612,14.3802,-12.668800934260563,-12.654933689891653,-3.48562,-0.48423,391.9193
42,138,0.6123,0.3877,CV,10.7751,10.7077,-16.000822200960606,-15.990949898897163,-1.3949,0.00339,152.7861
42,144,0.3275,0.6725,CA,14.3081,12.6566,-31.301467935147826,-30.510048562350697,-73.47957,36.91359,329.6446
42,140,0.5953,0.4047,CV,12.1635,12.0342,-10.690891631381827,-10.6378009976006,2.60675,-0.35406,79.1285
42,176,0.608,0.392,CV,3.5045,3.5496,-9.11431053406123,-9.13022651702397,-2.10037,0.46829,119.0881
42,124,0.6027,0.3973,CV,5.2169,5.1202,-6.81704411127339,-6.782519654576885,-2.62503,-0.03118,50.9036
42,183,0.6189,0.3811,CV,2.4284,2.3804,-8.064155071076186,-8.074458825582358,1.74052,-0.72794,53.8249
42,186,0.5871,0.4129,CV,7.9268,7.4837,-23.427725273372793,-23.360163654903747,9.33613,-0.06342,186.6116
42,145,0.6155,0.3845,CV,8.296,8.3096,-7.67625900931929,-7.682065451529751,0.51462,-0.4083,70.5317
42,189,0.6216,0.3784,CV,13.2212,13.3071,-18.523896527263716,-18.52196678972903,2.55138,0.31601,209.7235
42,118,0.1159,0.8841,CA,46.0685,42.9857,-20.57703184019885,-18.531921759015503,-168.96313,-6.90935,749.6018
42,171,0.323,0.677,CA,38.8724,37.4233,-23.715913986126843,-22.927785545844806,52.89577,-12.34935,325.6487
42,149,0.3171,0.6829,CA,27.4011,26.7519,-55.5989379775896,-54.673338359250124,22.55913,-3.72854,151.5855
42,185,0.5701,0.4299,CV,35.2642,35.1727,-20.78492104871992,-20.638495556135567,3.9913,-2.70086,150.9994
42,192,0.5114,0.4886,CV,4.7784,3.9248,-6.142644468155671,-5.942664041167666,14.99083,12.07456,107.8346
42,132,0.4528,0.5472,CA,41.9818,41.7152,-48.92426091368658,-48.33775897063725,9.77953,-0.39894,119.9922
42,136,0.5939,0.4061,CV,26.0627,26.1935,-32.06405244099826,-32.04661500567461,0.68604,-2.60953,100.3405
42,184,0.2906,0.7094,CA,43.2619,42.8886,-58.912509234593685,-57.712732683376686,-15.46669,1.84186,113.5121
42,169,0.5742,0.4258,CV,14.4573,14.4938,-56.15433569026033,-56.15104142084993,1.70997,0.80768,123.9946
42,146,0.4479,0.5521,CA,19.9509,19.4663,-18.186639910382688,-17.71965648744232,-4.06928,15.24881,115.6893
42,133,0.5753,0.4247,CV,38.3432,38.7176,-39.05883281177181,-39.01975901374969,-5.537,0.45221,86.6799
42,143,0.5703,0.4297,CV,11.1783,11.0415,-9.819767623977388,-9.646401439283874,4.56666,0.83324,63.9031
42,179,0.6046,0.3954,CV,7.6656,7.9262,-8.2594584366214,-8.431709251951489,3.43723,-1.79892,44.4908
43,114,0.5721,0.4279,CV,25.5339,25.406,-21.16087017478463,-21.001567829757697,-3.6296,1.49973,116.4295
43,115,0.6173,0.3827,CV,6.8316,6.9529,-16.80088852961063,-16.853357602227042,0.70407,-0.15053,44.2353
43,116,0.6132,0.3868,CV,9.3897,9.3505,-9.10855699809903,-9.099172126244294,-0.99616,-0.06435,102.0125
43,119,0.6148,0.3852,CV,5.8341,5.8833,-17.989020204050323,-18.012256115173034,-0.89665,-1.50391,61.4323
43,120,0.5314,0.4686,CV,33.7895,33.5568,-20.563422441550827,-20.297912538203036,5.95312,1.48951,106.9082
43,129,0.6067,0.3933,CV,17.0851,17.0242,-15.841615140099936,-15.81507106202258,0.6096,-2.24932,223.0174
43,142,0.5777,0.4223,CV,6.2394,5.9448,-8.006430099025312,-7.937739096157701,6.43725,0.65463,89.7876
43,147,0.6169,0.3831,CV,14.8872,14.5702,-15.820272094941876,-15.826955431025164,-1.47471,1.98132,2708.5698
43,152,0.5212,0.4788,CV,20.2818,20.1457,-21.191295246126984,-20.87198683263282,-4.49092,-0.11656,66.6911
43,153,0.5963,0.4037,CV,6.7936,6.6722,-7.73631760877338,-7.688943121271566,-1.70639,1.85558,62.8603
43,159,0.5281,0.4719,CV,5.8048,4.6314,-8.576830877496594,-8.524027466660629,41.77787,-6.21191,358.7895
43,160,0.6117,0.3883,CV,11.1457,10.9509,-10.139072393832175,-10.134244448271819,-2.83171,-0.46682,409.8591
43,146,0.3949,0.6051,CA,24.7245,24.145,-25.64905524282812,-24.994104303599592,-6.61929,20.4564,134.6937
43,138,0.6105,0.3895,CV,15.2097,15.1784,-30.574430354670778,-30.55847156894492,-0.51299,0.16065,146.3509
43,144,0.2528,0.7472,CA,15.3418,13.1705,-28.467512346685645,-27.32497938774948,-97.17253,47.03885,328.9187
43,140,0.6059,0.3941,CV,8.3297,8.2757,-14.142868941885686,-14.132451114956595,1.94392,-0.45453,78.6534
43,176,0.6193,0.3807,CV,10.2632,10.3584,-19.210646089548774,-19.238221009891937,-0.2668,0.31364,115.0105
43,124,0.6114,0.3886,CV,3.6387,3.6018,-5.790563291253148,-5.79247626976681,-1.70836,-0.05908,49.7479
43,183,0.6057,0.3943,CV,5.9597,5.888,-24.22967573529566,-24.183649303395303,2.05873,-0.94314,48.4891
43,133,0.5872,0.4128,CV,13.0587,12.9768,-24.469076932147907,-24.4103266916813,-4.13191,-0.77515,83.6972
43,186,0.5443,0.4557,CV,17.5523,17.1237,-23.38071709309487,-23.130162179194876,11.60202,-0.51267,182.4481
43,145,0.6003,0.3997,CV,23.898,23.8916,-21.278716557919097,-21.21531507873682,-0.00692,-1.69463,67.0666
43,189,0.5824,0.4176,CV,21.3423,21.2568,-17.880039579831234,-17.73329883493818,5.19656,-3.37379,198.4412
43,118,0.5972,0.4028,CV,23.5882,26.7127,-11.66801559885604,-12.300839695266703,-108.52432,-5.02885,785.8934
43,171,0.3908,0.6092,CA,23.8978,22.2333,-19.708500787711667,-19.21224254610696,62.11081,-15.81111,406.299
43,149,0.4373,0.5627,CA,11.6154,10.9767,-48.426821021749355,-48.13056231218649,24.87253,-1.86074,166.6326
43,185,0.5727,0.4273,CV,14.9616,14.695,-10.810459159504894,-10.699978664476134,3.73655,-3.38292,148.3073
43,192,0.0216,0.9784,CA,38.6663,38.5679,-73.84131510497508,-69.70847660180138,-0.89146,35.06542,140.1464
43,132,0.5126,0.4874,CV,13.9406,13.5259,-25.18814858245917,-25.003559392922632,9.83331,0.23439,118.9028
43,136,0.5946,0.4054,CV,12.376,12.2699,-13.756754794285989,-13.70156140394224,-0.0688,-2.77208,99.0692
43,184,0.4392,0.5608,CA,11.5191,10.9649,-52.77101028365193,-52.51976993977864,-16.73943,1.15748,119.6959
43,169,0.596,0.404,CV,31.4574,31.5536,-81.0690229603658,-81.04844139453157,-2.17364,0.36405,117.3363
43,179,0.6224,0.3776,CV,7.8443,7.9955,-8.341688824729658,-8.387405871503372,-1.18151,-0.1858,42.0873
44,114,0.5329,0.4671,CV,29.4542,29.242,-24.20297724943537,-23.92838882149268,-5.33953,1.96876,116.6254
44,115,0.6192,0.3808,CV,7.0504,7.0864,-19.64134852183529,-19.654742733502363,-0.23806,-0.23776,42.0322
44,116,0.6139,0.3861,CV,9.5649,9.5527,-8.217863109519644,-8.214813268752248,-1.29954,0.57726,103.5413
44,119,0.6147,0.3853,CV,4.888,4.8561,-22.162839117541317,-22.16077300156748,-1.36599,-0.65902,58.5635
44,120,0.5374,0.4626,CV,53.1029,53.2141,-49.03181136580184,-48.83419812872019,1.89145,3.07107,89.7945
44,129,0.607,0.393,CV,15.9345,15.8603,-16.707292874536027,-16.684922105027226,1.43341,-2.13688,209.7328
44,142,0.5727,0.4273,CV,9.2751,9.0274,-20.102920244965183,-19.98112395045116,6.44367,0.3745,87.0267
44,152,0.334,0.666,CA,34.0029,33.7691,-44.72684241243887,-43.703770514363136,-9.13153,0.13852,67.3003
44,153,0.6054,0.3946,CV,4.1112,4.0086,-6.763048149840988,-6.748939550955823,-1.17352,1.56652,61.3179
44,159,0.5296,0.4704,CV,11.5891,10.2043,-8.624969248011592,-8.400922226493057,40.96809,-6.87775,362.9991
44,160,0.6096,0.3904,CV,24.1452,23.9884,-14.487248605438195,-14.468325844671167,-3.21692,-0.21572,434.5618
44,146,0.4963,0.5037,CA,14.1368,13.7252,-16.89787932604736,-16.730086985621597,-7.75569,18.43543,152.1813
44,138,0.5864,0.4136,CV,32.9791,32.9496,-94.25071231420475,-94.13685927032613,-3.45006,0.70416,146.6799
44,144,0.4891,0.5109,CA,6.7274,6.4697,-20.005135928056045,-20.007654331161277,-79.70512,37.52478,314.0156
44,140,0.6091,0.3909,CV,6.1834,6.0949,-13.385644331890644,-13.373336573340834,1.68639,-0.27523,78.932
44,124,0.6164,0.3836,CV,2.2947,2.2789,-5.65096537155166,-5.661196166452894,-0.99398,-0.01907,48.5707
44,183,0.614,0.386,CV,4.2677,4.2629,-13.860797447774894,-13.86935977520087,1.31981,-0.661,45.9426
44,133,0.5969,0.4031,CV,7.1877,7.054,-29.067282509764155,-29.03128568110671,-3.21269,-1.04231,82.5851
44,186,0.4842,0.5158,CA,22.9603,22.3727,-21.74625111988947,-21.31682096263102,15.45439,-0.83127,184.3645
44,145,0.5888,0.4112,CV,17.2187,17.1453,-18.478615840758337,-18.389695770874837,-0.81611,-2.25414,68.0286
44,189,0.5742,0.4258,CV,18.8385,18.5997,-17.978724632754936,-17.856113412075707,4.64429,-4.7044,191.9157
44,118,0.6821,0.3179,CV,19.2212,22.0384,-10.359936290701393,-10.680096710345738,-18.41597,-2.28335,765.7738
44,171,0.5069,0.4931,CV,24.7211,24.4134,-37.71903544447751,-37.59934439047175,50.63607,-16.73238,458.7338
44,149,0.4965,0.5035,CA,10.2845,9.6696,-36.578947061753595,-36.35194825298587,24.32773,0.34101,172.5014
44,185,0.569,0.431,CV,17.0463,16.803,-10.463193054960634,-10.333443168268822,3.22639,-4.40574,145.6818
44,192,0.5606,0.4394,CV,20.8982,21.5693,-19.301745247846704,-19.9193780113461,-4.79914,18.03845,134.6132
44,132,0.579,0.421,CV,7.7248,7.6712,-21.551659851732605,-21.550021207939327,7.02893,0.84575,121.5827
44,136,0.5981,0.4019,CV,10.578,10.4843,-9.918534212179416,-9.876578184001819,-1.18791,-2.49084,99.3208
44,184,0.4999,0.5001,CA,12.2124,11.7374,-38.74917938534313,-38.532972377236334,-16.69986,0.61315,128.8412
44,179,0.5864,0.4136,CV,8.0473,7.9835,-8.897147545181209,-8.765860948233616,-2.96618,0.20619,38.9153
44,169,0.5264,0.4736,CV,41.4051,41.2964,-70.6667404524953,-70.33082254518244,-5.7445,0.05616,118.1399
44,172,0.5,0.5,CA,73.8216,73.8581,-27.887400825606697,-27.76675997513619,3.12088,-2.0582,190.8919
44,165,0.5,0.5,CA,65.4426,64.5376,-25.40456273927658,-24.489592926581246,34.4928,-4.4977,297.9877
44,143,0.5,0.5,CA,19.1617,18.9657,-22.176753919442348,-21.825923528896627,5.74287,0.21791,56.8106
44,147,0.6137,0.3863,CV,39.0203,38.743,-19.48710726158108,-19.47768001020779,-1.60177,2.85713,2579.8452
44,176,0.6122,0.3878,CV,15.4288,15.4087,-12.181351252994702,-12.162141804316953,-0.7491,0.40378,116.8016
44,193,0.7,0.3,CV,8.4188,8.4188,-7.795874796333081,-7.795874796333081,0.0,0.0,47.08
44,194,0.7,0.3,CV,10.4704,10.4704,-12.030700736534273,-12.030700736534273,0.0,0.0,33.1178
44,195,0.7,0.3,CV,26.2441,26.2441,-42.19693135233188,-42.19693135233188,0.0,0.0,49.3855
45,114,0.5106,0.4894,CV,30.196,29.9069,-20.558111220801333,-20.250730457959605,-6.93128,2.16999,123.668
45,115,0.6154,0.3846,CV,7.4901,7.496,-10.789288564870763,-10.78347678051566,0.49903,-0.42889,39.8836
45,116,0.5978,0.4022,CV,17.9757,17.8975,-12.162816735147423,-12.091531443359179,-2.13651,1.37329,103.1022
45,119,0.6148,0.3852,CV,4.2362,4.1892,-11.349004572123103,-11.347588784694622,-1.08634,-0.27219,56.4434
45,120,0.4503,0.5497,CA,18.3218,18.1744,-20.22005968569796,-19.664691043696422,7.7805,3.13279,89.6195
45,129,0.6104,0.3896,CV,10.8691,10.8087,-20.938763858834694,-20.930176990652463,0.40519,-2.14669,200.3104
45,142,0.4932,0.5068,CA,19.6869,19.3901,-16.223205925462864,-15.788736730098151,9.44686,0.45331,90.1458
45,152,0.2962,0.7038,CA,24.4304,23.9973,-35.604166018287835,-34.67100147868797,-14.86479,0.07194,70.8454
45,153,0.6138,0.3862,CV,2.0519,2.0108,-6.822915718863896,-6.8311938345412955,-0.76067,1.05644,58.7022
45,159,0.6051,0.3949,CV,12.5711,12.7881,-9.430027953370127,-9.511969236263099,23.15551,-5.38361,340.8481
45,160,0.6091,0.3909,CV,23.7375,23.5558,-14.410175021338944,-14.392119707682854,-3.26051,-0.11951,465.8597
45,146,0.1442,0.8558,CA,71.3497,70.7642,-68.08066375971399,-66.00250599876682,-20.05135,36.76602,198.3974
45,138,0.5533,0.4467,CV,29.3202,29.1156,-84.28008352355052,-84.06675684093793,-5.2037,1.19699,145.516
45,144,0.6334,0.3666,CV,4.0431,5.3185,-19.752201700487582,-20.01239055576577,-41.5654,18.40241,279.9541
45,140,0.615,0.385,CV,4.2852,4.2676,-22.6969088005292,-22.70450724460376,0.99767,-0.09983,78.5933
45,124,0.6209,0.3791,CV,3.5603,3.6153,-7.0877972364444695,-7.109743961080342,-0.24128,3e-05,46.0446
45,183,0.6036,0.3964,CV,14.9759,15.045,-19.672825733876152,-19.625522703582117,-1.44195,0.03463,42.1692
45,133,0.6089,0.3911,CV,8.4404,8.4229,-23.00536565239522,-23.005149110642762,-2.21945,-0.5704,84.5123
45,186,0.4324,0.5676,CA,23.9215,23.1448,-25.04721487433971,-24.4952990419603,20.91865,-1.1438,190.5205
45,145,0.586,0.414,CV,15.7165,15.6195,-14.785510053521246,-14.70222564264178,-0.21148,-2.68668,71.4136
45,189,0.586,0.414,CV,14.7072,14.4916,-42.628997776948985,-42.5671940669591,3.29573,-4.51073,187.495
45,118,0.569,0.431,CV,36.2872,36.8434,-22.556564228932345,-22.2642686293695,41.20658,-0.48278,668.1732
45,171,0.4915,0.5085,CA,14.8868,13.1633,-9.61898130843522,-9.272833730545464,55.772,-16.77086,480.4618
45,149,0.5644,0.4356,CV,7.9286,7.7064,-13.905022714156498,-13.866859453101103,18.14095,2.3506,170.95
45,185,0.5815,0.4185,CV,12.2931,12.0675,-9.029030142902643,-8.95622720503597,2.24569,-4.49801,144.7954
45,192,0.5568,0.4432,CV,13.8845,13.9403,-10.68867465838525,-10.527156775108523,-11.396,6.67049,124.3423
45,132,0.6113,0.3887,CV,13.3998,13.5423,-21.45442952400557,-21.490696472900503,2.55831,1.66978,121.6186
45,136,0.5904,0.4096,CV,17.2102,17.1404,-14.805859784879184,-14.727161639236208,-2.70679,-1.69062,100.9713
45,184,0.4721,0.5279,CA,17.2782,16.6503,-20.89112961110789,-20.477222260127995,-19.95775,-0.03582,140.3437
45,179,0.6031,0.3969,CV,1.9634,1.8428,-6.221239832901533,-6.212072422096627,-2.24111,0.24481,35.7508
45,169,0.4534,0.5466,CA,42.0478,41.7507,-75.5006114368182,-74.97344528103869,-8.85615,-1.04203,121.6917
45,193,0.6436,0.3564,CV,8.4813,8.4813,-9.841437460851205,-9.835503382542365,-3.77862,0.98739,62.369
45,195,0.621,0.379,CV,37.4725,37.4725,-79.88032608559774,-79.77686099890632,-8.38308,3.52221,69.2052
45,172,0.534,0.466,CV,45.2203,45.0683,-23.082396062806463,-22.916198290528513,5.16123,-1.64053,193.5043
45,165,0.6019,0.3981,CV,7.9832,8.4965,-12.93493738874688,-13.046098836523896,20.54188,-1.61645,299.3631
45,128,0.5,0.5,CA,66.7946,66.7269,-39.391771477760656,-39.03096987027797,-4.64517,2.30988,100.0899
45,127,0.5,0.5,CA,26.1199,26.1842,-37.92960392352248,-37.86268506748545,-1.0335,0.73248,43.0976
45,176,0.6083,0.3917,CV,27.6263,27.6707,-16.448482854161952,-16.42339329973371,1.46924,0.05159,113.6314
45,143,0.5392,0.4608,CV,6.3455,6.0791,-32.567952970654545,-32.42273515977354,5.58131,0.02166,52.5269
46,114,0.4967,0.5033,CA,30.5161,30.1293,-16.982032969325758,-16.65142624085741,-8.74388,2.48589,133.4934
46,115,0.6135,0.3865,CV,7.1228,7.1165,-13.897282092321056,-13.8892465841562,0.60735,-0.39715,40.4013
46,116,0.577,0.423,CV,25.4586,25.3409,-22.08477913316912,-21.95104527711899,-3.00443,1.72922,108.616
46,119,0.611,0.389,CV,5.6722,5.6115,-6.699969993745956,-6.682499675762077,-1.00651,0.05336,55.301
46,120,0.4041,0.5959,CA,13.6867,13.3136,-13.142282339170478,-12.522344213242773,12.7067,2.9613,90.3235
46,129,0.6054,0.3946,CV,23.6214,23.6117,-13.666382206478048,-13.631946550565594,2.17951,-1.22912,187.5078
46,142,0.4096,0.5904,CA,23.3035,22.8088,-20.67868504324677,-20.020430138117867,13.96801,0.3635,96.2651
46,152,0.3167,0.6833,CA,17.908,17.3555,-44.48053866438242,-43.69697626989131,-21.10726,0.24661,78.1027
46,153,0.6095,0.3905,CV,9.4764,9.4521,-8.642450842939997,-8.619748336330987,-1.20509,0.65763,58.5595
46,159,0.6217,0.3783,CV,17.5382,18.1107,-19.737334568310633,-19.779105916131385,-4.93477,-1.3369,291.4638
46,160,0.6107,0.3893,CV,18.4126,18.2215,-15.181058248530865,-15.170803456310823,-3.08279,-0.19157,490.5945
46,138,0.5389,0.4611,CV,24.6643,24.3797,-49.09243310079337,-48.86926748213984,-6.39702,1.94917,147.461
46,144,0.6669,0.3331,CV,3.2697,4.0355,-9.39709276456443,-9.594743050392625,-15.50444,5.99631,228.1618
46,140,0.6126,0.3874,CV,11.084,11.0684,-20.312299644611798,-20.301118379316357,1.33021,0.27965,81.9539
46,124,0.6176,0.3824,CV,4.8347,4.8279,-12.825733204678134,-12.826948157808264,-0.56836,-0.15919,43.9114
46,133,0.6131,0.3869,CV,6.7178,6.6847,-45.45901859277607,-45.45922182230363,-1.48147,-0.80363,81.9216
46,186,0.5145,0.4855,CV,10.6289,9.9259,-18.04571193686375,-17.897730357918277,19.73438,-1.07528,205.2705
46,145,0.5548,0.4452,CV,31.9346,31.8583,-53.059650806768175,-52.85278146806118,-2.35394,-3.04033,74.8178
46,189,0.5842,0.4158,CV,18.1291,17.8903,-37.96019186549832,-37.87356742565025,2.67881,-4.62823,187.3403
46,118,0.6215,0.3785,CV,6.0514,6.5817,-17.223137258612027,-17.31709451048011,22.10039,-0.97733,610.3581
46,171,0.6448,0.3552,CV,17.01,19.0292,-11.772997531077767,-12.079093502161708,5.78846,-3.40456,453.3142
46,149,0.6029,0.3971,CV,8.7525,8.7837,-8.85610295770714,-8.878549391938257,9.71314,3.51428,161.2633
46,185,0.5851,0.4149,CV,31.1624,31.158,-21.023740208603748,-20.947285573182413,-0.68015,-4.17676,151.9505
46,132,0.6138,0.3862,CV,13.69,13.7326,-15.271352521179278,-15.270731900453573,-0.04366,1.41821,112.9068
46,136,0.5972,0.4028,CV,19.2516,19.2162,-30.038605630163122,-29.999108448713304,-1.78673,-1.56404,109.8491
46,184,0.5521,0.4479,CV,12.0021,11.8225,-13.74162362676952,-13.68851075591541,-15.5042,-1.35173,153.6636
46,169,0.4052,0.5948,CA,38.7675,38.3218,-47.83757936763827,-47.217895930080765,-12.92987,-2.38788,130.9722
46,195,0.4344,0.5656,CA,43.2856,43.017,-135.03642018151575,-134.29428896215032,-20.4829,6.78689,130.204
46,172,0.5107,0.4893,CV,60.0345,59.7676,-33.24010300209339,-32.93165821598198,8.07222,-0.55493,210.2634
46,165,0.6421,0.3579,CV,11.0797,11.7465,-16.426721478750153,-16.560899133757445,2.54181,1.14091,268.156
46,127,0.5789,0.4211,CV,17.8604,17.9291,-17.694011362240637,-17.709882970563566,0.58659,0.28667,39.5847
46,146,0.2148,0.7852,CA,46.3991,45.3004,-45.36601186764801,-44.26852955327494,-33.32258,59.16444,231.7491
46,176,0.5944,0.4056,CV,21.9231,21.8464,-13.6097192007193,-13.532484014147876,2.45008,0.07231,109.9424
46,183,0.5734,0.4266,CV,15.2076,15.15,-23.352065683191338,-23.195310929408933,-2.13288,-0.52976,40.6954
46,193,0.5014,0.4986,CV,22.8966,22.8853,-18.882804720345746,-18.376480245306247,-12.38152,7.59555,111.7126
47,114,0.4476,0.5524,CA,39.006,38.5442,-29.68525300551541,-29.177151353036088,-12.5644,3.02711,144.6125
47,115,0.6144,0.3856,CV,4.2491,4.2233,-34.48029167587049,-34.47887757685787,0.35717,-0.40291,40.7041
47,116,0.5834,0.4166,CV,17.1771,17.0026,-23.420818759416903,-23.343914496830784,-2.59967,2.00989,115.3122
47,119,0.6214,0.3786,CV,6.9027,6.9752,-7.157401892811782,-7.189478136317886,-0.21285,0.00087,50.9262
47,120,0.5514,0.4486,CV,7.7746,7.8959,-27.023308519089248,-27.06332511327375,8.95182,-0.83375,86.5812
47,129,0.6177,0.3823,CV,11.3174,11.4157,-11.681125912294467,-11.70539799415289,0.33208,-0.97628,180.7786
47,142,0.42,0.58,CA,17.2846,16.6542,-23.563524233122195,-23.067085096653656,17.68689,-0.04263,105.1894
47,152,0.3266,0.6734,CA,15.9539,15.2577,-43.173577815935325,-42.40644311732463,-28.26527,0.58928,91.8383
47,153,0.6088,0.3912,CV,7.5067,7.4538,-7.395055958275616,-7.375895098523834,-1.17979,0.28291,58.7835
47,159,0.6131,0.3869,CV,11.7636,12.0036,-11.268287586239545,-11.249559462111499,8.85142,-2.6272,244.5668
47,160,0.6125,0.3875,CV,15.8055,15.6345,-13.717374807452138,-13.711969822934392,-2.84416,-0.1332,512.3903
47,138,0.5287,0.4713,CV,24.5013,24.1616,-28.69516980378826,-28.451906828350687,-7.63163,2.64102,152.9112
47,144,0.6205,0.3795,CV,11.7341,11.5338,-10.540909768433151,-10.485721842181967,-12.88525,4.31612,198.965
47,140,0.6012,0.3988,CV,22.1411,22.0941,-17.200503512161074,-17.145277067245935,1.50289,0.55191,91.4756
47,124,0.6191,0.3809,CV,2.9016,2.9165,-10.41417921984349,-10.426545739512662,-0.14921,-0.19621,41.7917
47,183,0.5929,0.4071,CV,4.0747,3.9658,-6.530896143911723,-6.4982858613711745,-1.7029,-0.51238,39.1765
47,133,0.5263,0.4737,CV,32.4047,32.3328,-37.042077445062965,-36.68059892366573,-4.93582,-0.63066,77.5944
47,186,0.5923,0.4077,CV,8.7023,8.9065,-8.43503937417751,-8.48553047434559,12.24382,-0.68699,216.3055
47,145,0.5332,0.4668,CV,24.8186,24.6062,-59.330798574707764,-59.0824081333467,-3.22802,-3.78617,78.4975
47,189,0.5829,0.4171,CV,21.925,21.6897,-22.64005424556941,-22.55048694847047,2.27841,-4.51248,196.1525
47,118,0.6353,0.3647,CV,17.0636,17.8042,-16.097602207921682,-16.173649254477937,-3.36739,-0.83882,523.1957
47,171,0.6201,0.3799,CV,15.176,15.1369,-16.586927157229553,-16.563157632693244,-5.69473,-0.01824,372.1122
47,149,0.3504,0.6496,CA,28.5365,28.1708,-33.68593459597568,-32.617215508470906,25.25962,3.56546,164.1772
47,132,0.5954,0.4046,CV,15.0224,14.9649,-11.17081862336681,-11.089458141367569,-1.7119,1.0297,102.401
47,136,0.5953,0.4047,CV,16.747,16.627,-32.76072808401171,-32.70358219029923,-2.07123,-1.86914,110.4887
47,184,0.5741,0.4259,CV,12.7027,12.4299,-9.625176327422361,-9.54645279894701,-12.29833,-2.14421,161.7927
47,169,0.4184,0.5816,CA,27.9716,27.3958,-27.155395195166722,-26.658357407539214,-16.6141,-4.0393,142.8077
47,193,0.3899,0.6101,CA,17.8009,16.9486,-11.903133112411572,-11.151272956946865,-20.52168,16.08711,181.136
47,195,0.3469,0.6531,CA,50.66,49.9746,-177.22791208416766,-176.3864748683463,-24.04991,4.33466,250.6317
47,172,0.4379,0.5621,CA,75.8056,75.3842,-51.7654189884025,-51.19811582702599,13.13803,0.43891,225.3303
47,165,0.6168,0.3832,CV,11.4062,11.4229,-17.447350977320475,-17.413525258081116,-5.38212,1.94572,227.6212
47,147,0.5,0.5,CA,98.7335,98.5681,-19.619193797222522,-19.580619811891815,3.13246,2.94139,2231.6609
47,192,0.5,0.5,CA,15.8722,16.258,-10.995269009141975,-10.979664086014289,-0.86327,-5.92644,115.6673
47,179,0.5,0.5,CA,8.6624,8.6165,-9.409457143122387,-9.353620278440603,-1.70197,0.36206,34.645
48,114,0.419,0.581,CA,34.049,33.4626,-66.61813733618055,-66.06389460679169,-17.37365,3.66918,156.2614
48,115,0.6096,0.3904,CV,9.7996,9.7868,-27.20671733928355,-27.183765193128835,0.73095,-0.57507,38.4039
48,116,0.5858,0.4142,CV,19.0818,18.9054,-30.227458681734632,-30.151271842833893,-2.33039,2.25374,123.0195
48,119,0.6184,0.3816,CV,6.4401,6.4464,-17.666458114954445,-17.670385419789515,0.17993,0.10152,50.2448
48,120,0.4417,0.5583,CA,14.574,14.2348,-22.368131943993262,-21.757734588637078,13.38822,-1.91246,84.5871
48,129,0.6188,0.3812,CV,3.3713,3.3677,-8.974459675463438,-8.98543152504947,0.22913,-0.55656,171.3726
48,142,0.402,0.598,CA,18.202,17.5453,-27.288878555809966,-26.703102510474984,23.04976,-0.6484,115.2268
48,152,0.2736,0.7264,CA,15.7911,14.7589,-48.616348510100394,-47.582623763637656,-41.38143,0.74371,111.8421
48,153,0.6175,0.3825,CV,7.8338,7.8873,-8.4598096395592,-8.47867212744466,-0.27639,-0.27584,57.7207
48,159,0.6292,0.3708,CV,4.9538,5.1481,-11.235440112543802,-11.297322851108866,3.0756,-1.02716,202.8565
48,160,0.6134,0.3866,CV,16.1693,16.0161,-13.401989399035319,-13.397876377436912,-2.74505,-0.09002,534.5934
48,138,0.2457,0.7543,CA,64.0391,63.6343,-58.25546234408822,-56.79016146183994,-17.99927,4.53365,153.9604
48,144,0.5447,0.4553,CV,11.9243,11.3731,-8.672038595417186,-8.373839427343954,-19.7581,7.59509,180.5555
48,140,0.6045,0.3955,CV,12.1039,11.9994,-17.924790760300247,-17.89999902711243,1.1779,0.43588,100.1869
48,124,0.6134,0.3866,CV,8.2932,8.2939,-9.89025756903536,-9.876470329458346,0.60216,-0.3713,39.6679
48,183,0.574,0.426,CV,12.0982,12.0098,-12.207134414193884,-12.068351948856362,-2.15913,-0.79868,38.2384
48,133,0.5639,0.4361,CV,10.6152,10.453,-14.704569712052344,-14.62160802299477,-4.46995,-0.26759,80.5425
48,186,0.6199,0.3801,CV,5.6021,5.9323,-9.398924032835387,-9.45214543916693,5.89059,-0.75234,214.0115
48,145,0.5045,0.4955,CV,35.7591,35.5432,-29.588792001252674,-29.25703781884762,-4.94067,-4.0525,89.6085
48,189,0.5197,0.4803,CV,62.4264,62.2166,-55.751073500297274,-55.40784717510683,6.03409,-5.90511,207.2446
48,118,0.6225,0.3775,CV,9.5301,9.381,-8.643554811003403,-8.644251585877543,-7.78815,-0.43018,460.4956
48,171,0.5432,0.4568,CV,21.6163,21.2838,-18.92743067741429,-18.62376580107783,-14.01339,1.58142,303.5139
48,149,0.4689,0.5311,CA,9.9637,9.1976,-12.928194037686144,-12.712760840879012,25.49681,3.37095,173.9501
48,136,0.4795,0.5205,CA,57.2666,57.2001,-73.44184535159253,-72.91926814427745,-5.75674,-1.35496,95.8432
48,184,0.5886,0.4114,CV,14.3229,14.1637,-10.299607358704758,-10.248565928435877,-8.87499,-2.83237,162.012
48,169,0.5132,0.4868,CV,13.8119,13.4234,-11.438120289652844,-11.30473840971105,-14.84362,-5.12525,158.7783
48,193,0.5209,0.4791,CV,17.4836,17.9283,-14.351559438014526,-14.289057880934529,-18.87806,7.29731,212.073
48,195,0.3884,0.6116,CA,32.1846,30.4823,-194.9933542419137,-194.45360168512804,-31.92945,5.25158,388.9846
48,172,0.3965,0.6035,CA,66.0184,65.3424,-34.43355528408978,-33.799659552424956,19.66496,0.66055,260.2867
48,165,0.572,0.428,CV,13.3209,13.0385,-17.018249330307135,-16.83641926578439,-9.56406,2.46702,197.2344
48,147,0.582,0.418,CV,28.4718,28.8298,-11.650611847350055,-11.679162469323815,3.1177,0.0423,2091.2363
48,192,0.4908,0.5092,CA,26.3768,26.4789,-23.900627615549254,-23.56141351238222,8.32851,-3.85961,108.2056
48,179,0.5742,0.4258,CV,2.1522,2.0812,-5.9771390741398545,-5.973728982551796,-1.41679,0.18494,31.8403
48,128,0.5,0.5,CA,30.8546,30.7031,-23.602559159138572,-23.329677664142515,-5.04954,1.52385,91.773
48,132,0.5822,0.4178,CV,11.0766,10.9543,-9.149198406289534,-9.040638283423153,-2.8777,0.16839,93.3192
49,114,0.2943,0.7057,CA,40.6989,39.9275,-85.59380033319658,-84.53178114239138,-29.31885,5.18849,182.0661
49,115,0.6,0.4,CV,11.7096,11.673,-32.507061085736,-32.451103821762196,1.13386,-0.5702,39.4632
49,116,0.5891,0.4109,CV,37.2779,37.3186,-29.42786610215893,-29.361638678217794,-1.41625,1.97822,104.4037
49,119,0.6194,0.3806,CV,1.9516,1.9694,-14.655464496252941,-14.667984799909505,0.15035,0.02217,48.1133
49,120,0.2704,0.7296,CA,18.7383,18.1415,-18.342453652329812,-17.13080063988841,22.91827,-3.16077,90.3626
49,129,0.6176,0.3824,CV,10.0687,10.0746,-8.572782525330252,-8.577282176501495,-0.61173,-0.59111,165.5216
49,142,0.4357,0.5643,CA,11.8431,11.0574,-22.86376791226193,-22.441912676350476,26.49433,-1.30448,127.8849
49,152,0.3132,0.6868,CA,10.5526,9.1486,-32.02061138640692,-31.252562333399457,-53.23535,0.80099,136.4633
49,153,0.614,0.386,CV,8.3355,8.3124,-12.124413620161622,-12.115571643869945,-0.32613,-0.24107,59.6902
49,159,0.6262,0.3738,CV,10.6864,10.8241,-25.192917227800205,-25.218638096693994,-1.94549,0.83942,175.2403
49,160,0.6141,0.3859,CV,15.3842,15.2331,-12.191577810570816,-12.188914300127283,-2.6343,-0.10571,562.7786
49,138,0.4154,0.5846,CA,10.9492,10.1687,-19.05042226809154,-18.764669690068168,-20.18739,5.50733,163.5819
49,144,0.4368,0.5632,CA,17.7239,16.8416,-11.265327472564529,-10.644599601203602,-27.59474,10.33691,188.2202
49,140,0.6076,0.3924,CV,10.8298,10.7303,-17.597261560053777,-17.58047455080142,0.97653,0.33603,108.2101
49,183,0.6079,0.3921,CV,8.8969,8.9592,-10.765791154866267,-10.794915114894875,-0.60551,-0.92635,37.1326
49,133,0.5847,0.4153,CV,6.4925,6.2538,-17.781949318504033,-17.729455809367902,-3.86508,-0.18272,81.2255
49,186,0.6259,0.3741,CV,7.6961,7.8425,-16.693127566391873,-16.730925913660762,2.18809,-0.22429,203.0147
49,145,0.5548,0.4452,CV,11.1813,10.8582,-35.2621414638105,-35.17330883433302,-4.3288,-3.9455,95.5235
49,189,0.5264,0.4736,CV,37.4638,36.997,-27.580270401231374,-27.355185745652992,6.92827,-6.25119,229.2561
49,118,0.6048,0.3952,CV,21.8428,21.6735,-20.364890558267312,-20.3099032519279,-8.45621,-0.92099,389.398
49,171,0.389,0.611,CA,21.6341,20.9475,-14.175407617326197,-13.359430543952865,-28.30653,5.84933,263.4673
49,149,0.5803,0.4197,CV,6.343,6.4704,-14.992894028914133,-15.05896948698509,17.40354,1.86623,165.6843
49,136,0.4183,0.5817,CA,25.57,25.293,-31.816577924066447,-31.213803075103144,-9.6648,-0.80488,99.1906
49,184,0.6047,0.3953,CV,15.7567,15.7935,-15.824251218157482,-15.818565505824436,-3.13787,-3.03004,156.6342
49,169,0.5629,0.4371,CV,10.6152,10.2741,-8.78497867505768,-8.716587679979657,-11.71266,-5.22147,171.3365
49,193,0.0548,0.9452,CA,37.8237,38.2386,-46.94427460855556,-43.76500854635364,16.49526,-37.70448,243.5088
49,195,0.5489,0.4511,CV,25.4756,25.8425,-159.18177506737092,-159.23382231884472,-27.22174,7.37786,463.7055
49,172,0.3949,0.6051,CA,59.0409,58.1079,-26.01289717491572,-25.43061444173309,27.15223,0.97462,320.6547
49,165,0.5483,0.4517,CV,18.0912,17.8005,-12.423456263212072,-12.210942316832703,-10.58665,2.89836,186.3314
49,192,0.5428,0.4572,CV,9.0663,8.8307,-8.116790287112842,-7.9993817377409036,8.05844,-1.44592,103.8863
49,179,0.2735,0.7265,CA,53.5933,53.6447,-169.60020229438504,-168.21393722754965,4.16188,-3.66604,31.9163
49,128,0.5738,0.4262,CV,5.6875,5.6328,-7.377609506489489,-7.372566729696739,-3.87578,0.56186,83.0427
49,124,0.6,0.4,CV,9.7716,9.7347,-12.519390887953247,-12.45756855377919,1.24011,-0.31364,37.4238
49,132,0.5867,0.4133,CV,14.1194,14.0926,-11.57731459164107,-11.506192290636214,-3.66568,0.05558,90.5418
50,114,0.1838,0.8162,CA,41.3085,40.1632,-84.41296598982763,-82.91026708087881,-53.07281,8.5299,223.5493
50,115,0.5927,0.4073,CV,11.4338,11.362,-22.919942968667492,-22.847874426963358,1.46696,-0.5671,40.1698
50,116,0.5913,0.4087,CV,9.6584,9.5354,-14.567292135741386,-14.505507040785561,-0.72694,2.05177,99.9189
50,119,0.6165,0.3835,CV,8.118,8.1273,-9.82495955930233,-9.823911569227533,-0.39425,-0.17343,44.8979
50,120,0.2628,0.7372,CA,14.0205,13.1211,-16.031142782463668,-15.020872897447767,34.73907,-4.37594,97.6009
50,129,0.616,0.384,CV,8.9988,8.9684,-9.174486634414272,-9.173892008235098,-0.62949,-0.69543,163.4638
50,142,0.5589,0.4411,CV,6.2657,6.252,-11.850765321652256,-11.876642233498114,19.27023,-1.99195,133.5267
50,152,0.3465,0.6535,CA,12.8634,11.7074,-13.206612920649276,-12.53348938834282,-62.85352,0.80131,170.4486
50,153,0.6122,0.3878,CV,8.9515,8.9205,-11.855254710124346,-11.843600188943649,-0.66,-0.30058,60.8495
50,159,0.6124,0.3876,CV,9.044,8.95,-12.054347443758054,-12.025782773291997,-3.10294,1.35658,154.4463
50,160,0.615,0.385,CV,13.5323,13.4004,-11.752177766089112,-11.75268236102478,-2.29696,-0.21823,598.4498
50,138,0.5746,0.4254,CV,10.8384,11.1966,-19.85952659301137,-19.978254890843715,-12.18313,5.15756,169.5784
50,144,0.6202,0.3798,CV,30.1152,31.4481,-20.25811036631812,-20.536337046508102,13.88501,-4.98954,183.0537
50,140,0.6098,0.3902,CV,18.7158,18.6986,-22.983994437828827,-22.97178317144555,1.42758,-0.12333,109.0668
50,183,0.6117,0.3883,CV,4.5084,4.4867,-7.469056519415773,-7.464597270696928,-0.12609,-0.84464,35.7631
50,133,0.5997,0.4003,CV,5.3485,5.2083,-32.26303703091457,-32.24247197238858,-3.01635,-0.35275,79.7383
50,186,0.2246,0.7754,CA,76.6342,76.7038,-78.232373513824,-76.50756513608582,-20.05046,-1.0037,187.8271
50,145,0.5737,0.4263,CV,15.0932,14.9316,-50.13338869829787,-50.04931274691926,-4.15924,-3.37138,95.2637
50,189,0.5321,0.4679,CV,36.6241,36.1062,-28.053038863716637,-27.84140526245992,7.89504,-7.04851,249.7487
50,118,0.593,0.407,CV,15.9467,15.6848,-9.644611815882929,-9.56673408707134,-9.67209,0.387,346.6364
50,171,0.2987,0.7013,CA,21.944,20.8602,-14.779832179229498,-13.781711565717174,-43.71916,10.95876,252.6296
50,149,0.0946,0.9054,CA,33.7225,33.0613,-33.35735277173111,-30.68064834479335,48.23676,4.76802,172.3611
50,132,0.4939,0.5061,CA,37.1883,37.0332,-47.96451559926282,-47.51232665378466,-5.97437,0.27815,96.0189
50,136,0.3525,0.6475,CA,25.7769,25.336,-23.006956703819544,-22.21265318625281,-15.47936,0.12709,106.5525
50,184,0.5816,0.4184,CV,14.7093,14.5146,-13.783049777168237,-13.6580888221019,-6.04431,-3.18142,150.8752
50,169,0.533,0.467,CV,17.5366,17.0208,-27.18337673780605,-26.92271996854513,-14.32747,-5.43572,177.4523
50,195,0.3414,0.6586,CA,49.7836,48.7108,-107.6193324274023,-106.5896772913649,-48.1623,10.62182,567.1391
50,172,0.3475,0.6525,CA,66.8757,65.6389,-26.688921316553945,-25.90557771673988,40.76481,1.75129,398.12
50,165,0.5552,0.4448,CV,10.8355,10.313,-12.031084767121605,-11.881031566029037,-10.49449,2.99529,172.1515
50,179,0.3669,0.6331,CA,16.2594,16.014,-20.30650370756335,-19.777923679417405,5.27665,-5.46032,33.6418
50,128,0.6117,0.3883,CV,8.3673,8.4918,-7.724370666355777,-7.769837012007264,-1.44627,-0.49906,79.5058
50,124,0.5869,0.4131,CV,10.45,10.3881,-11.700599108682498,-11.604619512300996,1.66125,-0.5147,36.5644
50,202,0.7,0.3,CV,9.5017,9.5017,-15.180994867471549,-15.180994867471549,0.0,0.0,27.5139
51,114,0.4746,0.5254,CA,12.6403,12.8358,-21.067683274782972,-21.108765495885756,-45.31346,5.77828,243.872
51,115,0.5907,0.4093,CV,10.4606,10.3841,-14.251714309650405,-14.182142212149273,1.56765,-0.79028,39.5376
51,116,0.6088,0.3912,CV,3.0083,2.9244,-12.353999397988364,-12.361850580792693,-0.12546,1.2963,95.6506
51,119,0.6099,0.3901,CV,8.7141,8.6954,-9.039118278310095,-9.014199535866789,-0.93441,-0.1339,43.6592
51,120,0.2639,0.7361,CA,12.4674,11.4442,-18.577225036177367,-17.58374603195551,47.68791,-6.32489,111.9207
51,129,0.6123,0.3877,CV,13.7615,13.7157,-15.90888777174024,-15.894879574089767,-1.20156,-0.86095,158.0968
51,142,0.496,0.504,CA,10.958,10.301,-9.003622340426165,-8.600577258921838,23.60967,-2.4067,131.8779
51,152,0.548,0.452,CV,5.3664,5.5679,-12.808672543022544,-12.916289936620423,-46.70597,0.31734,175.4124
51,153,0.6092,0.3908,CV,10.3395,10.2915,-22.85120307135671,-22.82974538022611,-0.89369,-0.36746,62.6484
51,159,0.6066,0.3934,CV,22.586,22.6327,-14.554461899587658,-14.521715579320757,0.59093,1.20995,146.3449
51,160,0.616,0.384,CV,9.8582,9.7254,-11.747825964152767,-11.751126458912202,-1.97519,-0.16233,629.391
51,138,0.6159,0.3841,CV,6.3613,6.5753,-23.002698060585047,-23.064639140496478,-5.58238,3.46874,165.457
51,144,0.5557,0.4443,CV,11.0433,10.5379,-11.355359120070979,-11.102033033115937,17.81288,-6.59533,167.8836
51,140,0.6075,0.3925,CV,16.0041,15.932,-16.703543099551133,-16.678604919360303,1.74556,-0.43319,113.4342
51,124,0.5843,0.4157,CV,8.0989,8.0056,-11.099132021329073,-11.011407772790344,1.79301,-0.59846,35.3471
51,133,0.6028,0.3972,CV,6.1399,5.9963,-27.2102559513541,-27.180444701467763,-2.6699,-0.35282,79.8589
51,145,0.4943,0.5057,CA,34.202,33.9922,-25.858456433641226,-25.42668728938342,-7.78851,-3.81109,102.9945
51,189,0.5108,0.4892,CV,47.7597,47.2126,-26.998690384512987,-26.693354845425596,10.29348,-8.6864,273.999
51,118,0.6254,0.3746,CV,17.3583,17.7747,-10.780386420078138,-10.855733298256403,-1.17874,0.73019,318.0736
51,149,0.781,0.219,CV,27.2736,28.6861,-23.401200498555557,-24.941707600021907,-1.46589,-0.20587,153.2537
51,132,0.5638,0.4362,CV,19.9954,19.985,-19.74769072353508,-19.710812859562683,-3.66183,0.89964,103.1341
51,136,0.2935,0.7065,CA,29.2389,28.6381,-30.147996787379952,-29.17580167934876,-24.31788,0.58081,123.403
51,184,0.6155,0.3845,CV,11.138,11.3673,-16.628557827648347,-16.678886555320844,-1.08951,-2.04432,146.8667
51,169,0.5147,0.4853,CV,23.2401,22.9139,-38.911357743038536,-38.6205515299663,-14.26067,-6.80148,175.913
51,195,0.388,0.612,CA,29.341,27.5054,-105.11543895989614,-104.5815154853503,-60.2787,11.5222,668.9697
51,172,0.2969,0.7031,CA,65.7188,64.2756,-30.74056783078818,-29.791814781868478,61.76017,4.17328,488.6585
51,165,0.5815,0.4185,CV,5.8385,5.3967,-27.518372058295952,-27.465421546635447,-8.49122,2.45674,164.3753
51,179,0.5204,0.4796,CV,6.9016,6.8793,-8.141819077935574,-8.10981483141202,3.48238,-5.07072,35.2875
51,128,0.6145,0.3855,CV,9.9074,9.948,-12.766653168541946,-12.768530076297601,0.47356,-0.88176,76.139
51,202,0.6322,0.3678,CV,12.7136,12.7136,-42.545711580526216,-42.4902247224514,6.11792,0.55102,36.9282
51,194,0.5,0.5,CA,7.0725,7.0725,-9.862160669523494,-9.913294452081233,0.06153,1.19955,85.3732
51,185,0.5,0.5,CA,63.2854,63.2538,-37.85740434187508,-37.76072739378316,-0.26805,-2.05776,125.4271
51,192,0.5,0.5,CA,13.054,13.2615,-9.88953958897219,-9.910604043277793,0.73036,2.30567,99.44
51,183,0.6067,0.3933,CV,7.1071,7.0777,-26.1634410550297,-26.132463191554734,-0.17456,-0.91937,33.1546
51,186,0.1765,0.8235,CA,33.171,32.3063,-29.06149128254647,-27.607189460499626,-39.87096,0.26339,187.4283
51,171,0.5083,0.4917,CV,12.674,12.7502,-14.413354800148067,-14.428189630017474,-33.72528,12.07772,232.7992
52,114,0.0298,0.9702,CA,70.2593,69.6164,-102.00205860119438,-98.25355328066672,-83.90711,31.49742,319.0113
52,115,0.5781,0.4219,CV,13.7718,13.6835,-22.15105975344197,-22.03216087020278,2.08077,-0.76616,40.7489
52,116,0.6196,0.3804,CV,4.9642,5.0178,-10.55496496665225,-10.582506685984534,-0.75631,0.69628,91.2698
52,119,0.6001,0.3999,CV,13.343,13.3109,-15.868466565137652,-15.812559987674746,-1.2036,-0.03827,45.386
52,120,0.1597,0.8403,CA,15.7156,14.225,-19.710826333148805,-18.08068625594582,75.02153,-9.02637,136.0291
52,129,0.6132,0.3868,CV,19.8273,19.8461,-12.851523820365752,-12.846691009505331,0.13475,-1.01904,161.0384
52,142,0.3779,0.6221,CA,13.0628,12.0783,-31.115188093674025,-30.320037211427987,33.76831,-2.93463,139.5217
52,152,0.657,0.343,CV,11.3868,12.4453,-20.48994411022324,-20.768410823720128,1.30976,-1.08289,149.0956
52,153,0.6069,0.3931,CV,12.5175,12.4768,-29.05295240743513,-29.026352680251424,-1.16648,-0.54751,62.1061
52,159,0.6163,0.3837,CV,11.0222,11.0725,-17.330400336972502,-17.34736066014122,1.00119,0.76446,127.3315
52,160,0.6175,0.3825,CV,2.4312,2.406,-12.280047113629852,-12.288095020319712,-1.17676,-0.11264,660.5945
52,138,0.6014,0.3986,CV,10.5899,10.4071,-13.691400669257824,-13.632020762397257,-6.58151,2.58914,159.6797
52,144,0.5902,0.4098,CV,6.7987,6.5502,-7.233675019802792,-7.215789732264501,12.95581,-4.99176,153.9546
52,140,0.602,0.398,CV,20.3303,20.2443,-12.252474121687781,-12.2078812879239,2.27691,-0.75851,116.2124
52,124,0.5801,0.4199,CV,39.4973,39.5654,-82.77255510098662,-82.67137822390112,-0.31452,1.20788,39.9895
52,133,0.5785,0.4215,CV,16.3481,16.2097,-20.78345401237291,-20.648793129075553,-3.70704,-0.28,79.9243
52,186,0.3805,0.6195,CA,9.6199,8.8305,-9.067319667814305,-8.733148076138908,-43.33484,2.76825,179.5558
52,145,0.4664,0.5336,CA,24.8415,24.4046,-17.46460538214593,-17.035958223048514,-10.49793,-4.38305,112.0714
52,189,0.4872,0.5128,CA,50.0843,49.4665,-37.965323176174635,-37.59642133252399,13.68088,-10.73073,294.659
52,118,0.6216,0.3784,CV,8.8005,8.8298,-8.485644269894145,-8.49739784873292,0.97587,0.46967,292.0622
52,171,0.5551,0.4449,CV,12.9416,12.7716,-9.916773762775785,-9.823737558012676,-23.00093,11.75879,211.9464
52,149,0.647,0.353,CV,20.0493,20.2499,-16.838404636978623,-16.721111665882486,-11.1904,-1.04,129.8177
52,132,0.5804,0.4196,CV,17.2993,17.1348,-28.949855192047877,-28.879791151142243,-2.66586,0.77046,112.0025
52,136,0.2287,0.7713,CA,29.3906,28.5225,-33.13794481809688,-31.91120589884334,-39.47949,2.7373,142.0636
52,184,0.5928,0.4072,CV,25.6599,25.6903,-19.292865073937765,-19.198066283079413,3.72048,-0.7693,146.064
52,169,0.1547,0.8453,CA,81.1178,80.6725,-94.75340252950423,-92.73145153955943,-35.01435,-11.6595,231.6082
52,195,0.5007,0.4993,CV,24.1232,23.624,-87.35103362446424,-87.21055317958034,-52.93346,10.27861,697.4198
52,172,0.3839,0.6161,CA,45.0869,44.2875,-35.336129870463736,-34.84760233912279,67.1571,4.98524,573.4471
52,165,0.5956,0.4044,CV,5.3292,4.9803,-40.570559424585255,-40.537471430068436,-6.79097,2.01987,154.6804
52,179,0.5903,0.4097,CV,10.9317,11.0405,-11.818026344896417,-11.851687429584308,-0.20398,-2.68669,36.1059
52,128,0.6081,0.3919,CV,10.3216,10.2724,-20.444623248891826,-20.415043565971658,0.51212,-1.00989,76.0102
52,202,0.5733,0.4267,CV,7.8871,7.7504,-33.107575945829396,-32.907956595971044,9.99244,-2.44911,56.6874
52,194,0.5632,0.4368,CV,12.3246,12.3411,-17.4708094349659,-17.42273554239882,-2.28737,0.2192,77.6765
52,185,0.5619,0.4381,CV,27.1654,27.3041,-25.49394372444265,-25.440562058101385,-0.02204,0.27345,126.0069
52,192,0.5656,0.4344,CV,11.374,11.3764,-9.058627458009312,-9.020293320515446,-2.24235,2.41424,90.0623
52,206,0.7,0.3,CV,3.8245,3.8245,-6.10199277741416,-6.10199277741416,0.0,0.0,23.2959
53,114,0.4448,0.5552,CA,30.7174,31.647,-22.55672001414966,-22.69720005677847,-41.48084,32.83454,284.2857
53,115,0.5629,0.4371,CV,14.8102,14.6974,-18.820811525260137,-18.65880053016044,2.62481,-0.99512,40.5537
53,116,0.6139,0.3861,CV,7.5597,7.5204,-8.08184076783568,-8.069245752586353,-1.43405,0.59626,85.8916
53,119,0.5983,0.4017,CV,13.8834,13.8324,-25.789391233010853,-25.7400935524052,-0.95668,-0.02312,49.5567
53,120,0.5351,0.4649,CV,7.5719,8.4479,-12.999212539937556,-13.316775023129455,56.11295,-6.70155,145.9782
53,129,0.6118,0.3882,CV,13.4497,13.3948,-11.97893778187806,-11.967056543450232,0.55522,-1.24539,160.6858
53,142,0.6156,0.3844,CV,5.6131,6.9535,-21.420795454570253,-21.762658856195326,14.64696,-1.256,137.2115
53,152,0.6421,0.3579,CV,3.7673,3.7523,-6.66618026921303,-6.718767623310451,7.6782,-0.75397,115.9837
53,153,0.6003,0.3997,CV,13.9259,13.8635,-36.556601271795074,-36.5058027701405,-1.63179,-0.53821,61.6731
53,159,0.6199,0.3801,CV,3.6613,3.7088,-15.514488643625668,-15.532233661834823,0.06005,0.53398,116.0938
53,160,0.6175,0.3825,CV,13.2594,13.2243,-10.912529466859539,-10.918132432937034,-1.35473,0.06154,679.456
53,138,0.5707,0.4293,CV,13.3017,12.971,-13.109411231573272,-12.944668282699986,-8.29711,2.79697,152.9831
53,144,0.6308,0.3692,CV,14.1884,14.7391,-16.801491551078097,-16.904288006579442,-2.4221,0.34515,144.4871
53,140,0.5948,0.4052,CV,20.3861,20.2648,-11.46696251946192,-11.400380077237243,2.84351,-0.91528,117.4719
53,124,0.5692,0.4308,CV,23.1358,23.0316,-38.72315323780765,-38.58348629065301,-0.55997,1.22336,47.954
53,133,0.5776,0.4224,CV,12.9876,12.8277,-23.95152649089659,-23.84875585770684,-3.76482,0.26767,78.4624
53,186,0.0995,0.9005,CA,26.7018,25.3473,-21.304069587938386,-18.968156741173093,-78.52491,4.0375,204.9868
53,145,0.5697,0.4303,CV,5.6945,5.764,-12.709118104279703,-12.735459817646824,-7.54268,-2.75318,122.7996
53,189,0.3942,0.6058,CA,62.2911,61.5111,-28.985559988436115,-28.27169492313528,22.30319,-15.25535,330.9178
53,118,0.6177,0.3823,CV,12.493,12.4781,-9.375993182842928,-9.37670760097101,1.77728,-0.06692,262.1964
53,171,0.4879,0.5121,CA,14.4479,13.7942,-13.108532410261962,-12.678476473512656,-28.3842,13.15198,202.4684
53,149,0.5663,0.4337,CV,12.2758,11.8797,-14.396779586632892,-14.14636286527523,-11.35945,-0.79084,115.2451
53,132,0.5692,0.4308,CV,30.6082,30.4023,-18.78694327220081,-18.647142079376742,-3.38775,0.67164,127.3969
53,136,0.3091,0.6909,CA,18.4984,17.8061,-17.148695912545712,-16.42445492859698,-47.29628,4.63256,156.4312
53,184,0.6191,0.3809,CV,19.87,20.0906,-41.78371629877056,-41.832873514999285,-0.36998,-0.50529,144.9913
53,169,0.2532,0.7468,CA,63.1035,61.8139,-51.78250576392059,-50.88463754423194,-56.8216,-17.53922,299.19
53,195,0.4867,0.5133,CA,38.4978,37.7089,-159.3678591739362,-159.01148281526096,-53.63695,16.90132,765.7931
53,172,0.3397,0.6603,CA,29.5625,27.9496,-15.643490388302045,-14.841152165627326,84.75253,7.56929,636.0954
53,165,0.5538,0.4462,CV,16.3476,16.0174,-20.018433361490676,-19.79368351845617,-8.84598,2.54267,149.5665
53,179,0.5788,0.4212,CV,10.6874,10.6605,-10.97053166626206,-10.85542279708999,-2.2274,-0.92111,36.5336
53,128,0.607,0.393,CV,8.5307,8.4589,-16.709392191653496,-16.68513246802816,0.83981,-0.82079,75.9385
53,202,0.6077,0.3923,CV,6.168,6.2687,-34.07256926643757,-34.1021591876457,3.6994,-7.54441,72.3173
53,206,0.6468,0.3532,CV,3.4704,3.4704,-5.565196769034602,-5.572990011201393,-0.30234,0.52435,31.7695
53,194,0.5315,0.4685,CV,16.895,16.7689,-41.80883705748278,-41.54163899561265,-4.3462,-0.15286,74.8297
53,185,0.5178,0.4822,CV,28.796,28.6053,-19.245184423779328,-18.924866268777514,-0.67268,1.40648,133.1182
53,192,0.5668,0.4332,CV,11.4216,11.2623,-10.393925471431615,-10.265912528031112,-3.47836,2.92816,87.8386
53,176,0.5,0.5,CA,34.2833,34.2912,-20.874573934101782,-20.865321080004037,-0.51247,-0.42512,93.9963
53,207,0.7,0.3,CV,4.7006,4.7006,-8.287159798126826,-8.287159798126826,0.0,0.0,69.1101
54,114,0.4763,0.5237,CA,29.6985,31.1022,-32.8042257546645,-32.48562883309127,37.91217,-2.27146,272.0724
54,115,0.5707,0.4293,CV,8.7637,8.6179,-10.24788085976179,-10.139565031237879,2.71246,-0.94531,41.0565
54,116,0.6222,0.3778,CV,6.0125,6.0939,-6.880617436009846,-6.911601784074389,-0.19682,0.23213,81.0929
54,119,0.6015,0.3985,CV,10.6986,10.6239,-35.40979087596969,-35.37658811627968,-0.79884,-0.13629,53.6627
54,120,0.4962,0.5038,CA,7.244,5.9052,-9.561546000238605,-9.193469635204337,52.47545,-7.36355,154.3411
54,129,0.6129,0.3871,CV,9.8143,9.7615,-12.686823348758526,-12.681757013649879,0.40442,-1.31919,156.9762
54,142,0.6084,0.3916,CV,14.8626,15.3878,-17.293027690926753,-17.263437653824937,-10.10202,0.90052,124.266
54,153,0.6082,0.3918,CV,31.0774,31.1538,-24.46365433169273,-24.455727428379078,1.00239,-0.68817,66.5631
54,159,0.6169,0.3831,CV,10.3804,10.3961,-8.919330184170851,-8.918963266659624,0.90075,-0.30633,108.2736
54,160,0.6168,0.3832,CV,16.7552,16.6908,-11.539727740720037,-11.542691124307819,-1.66758,0.05304,692.5608
54,138,0.5787,0.4213,CV,9.7944,9.5058,-24.363774196350427,-24.27697660915504,-7.35404,2.93713,143.2902
54,140,0.5748,0.4252,CV,25.2773,25.1166,-14.792713949589363,-14.654657005279311,3.97882,-1.23713,117.6627
54,124,0.5868,0.4132,CV,20.3907,20.3301,-31.380772754424846,-31.329257480201697,-0.29406,0.56338,55.8861
54,133,0.5509,0.4491,CV,16.9601,16.7698,-13.530820107484786,-13.320611112120288,-4.79562,0.30225,76.3059
54,145,0.5153,0.4847,CV,22.9142,22.5454,-15.360805524113633,-15.019038206325186,-10.80052,-3.64683,129.0685
54,189,0.4479,0.5521,CA,30.4496,29.2569,-14.917785978973072,-14.556648520050244,26.49301,-17.27794,398.8465
54,118,0.5936,0.4064,CV,24.2494,24.1531,-13.274231334476273,-13.17961545932459,4.30187,-0.15432,237.0993
54,171,0.5391,0.4609,CV,9.8778,9.3458,-19.50014667560783,-19.371698127206756,-24.53907,11.10665,199.8292
54,149,0.6147,0.3853,CV,4.0795,4.3692,-18.322521841856027,-18.391707807471725,-6.06537,-0.11898,106.4844
54,132,0.5576,0.4424,CV,39.1591,38.9438,-18.845064799481328,-18.674343474955162,-4.70512,1.11814,138.4546
54,136,0.0117,0.9883,CA,34.3699,32.9859,-54.606384979702625,-50.13631664538668,-113.13667,9.70738,203.1586
54,184,0.6135,0.3865,CV,16.641,16.6415,-35.55220703391469,-35.53885514957982,-1.68622,0.10365,139.5166
54,169,0.0533,0.9467,CA,91.6285,90.2835,-84.62203336839879,-81.79145579059274,-110.10809,-36.46923,336.3742
54,195,0.56,0.44,CV,25.6439,25.3444,-124.9024099871934,-124.86017266211111,-39.02774,16.12496,783.3143
54,172,0.5978,0.4022,CV,29.3668,30.8112,-17.395366067497037,-17.716180446410448,30.42152,13.76642,631.2609
54,165,0.4342,0.5658,CA,29.9879,29.5843,-20.89627714080838,-20.251533569356233,-14.1274,4.17778,142.3689
54,179,0.5726,0.4274,CV,7.8855,7.7769,-14.195207707238598,-14.071332560294573,-2.86233,0.1842,36.291
54,128,0.6015,0.3985,CV,13.5626,13.4935,-11.657438829861334,-11.611620824326376,1.33417,-0.59047,77.2153
54,202,0.5,0.5,CV,11.1835,10.9562,-28.840099818284486,-28.381430766185666,0.18471,-11.15541,85.9578
54,206,0.6329,0.3671,CV,3.7823,3.7591,-6.768688997131322,-6.796678618208908,-2.48116,0.08938,46.69
54,194,0.4919,0.5081,CA,17.5891,17.3409,-66.25322280861201,-65.8732496258931,-6.07337,-0.14655,72.8419
54,185,0.533,0.467,CV,19.9528,19.5804,-12.156697857108465,-11.96113576964046,-1.2874,1.6718,141.6313
54,192,0.5829,0.4171,CV,13.4581,13.405,-11.513224772402776,-11.449040004302447,-3.29578,2.00103,79.6415
54,207,0.64,0.36,CV,14.8308,14.8308,-18.62650767999003,-18.60460191082207,-6.94811,1.19486,94.8496
54,183,0.5,0.5,CA,38.9998,38.9899,-57.84509053994808,-57.30182923001712,-3.00206,-0.89567,31.9217
54,152,0.6451,0.3549,CV,5.5596,5.7697,-40.601532882548916,-40.68928645942785,-0.36846,-0.56389,95.4255
54,144,0.6235,0.3765,CV,10.2761,10.2668,-28.135127718094072,-28.14679339350329,-1.29731,-0.61316,125.6861
54,186,0.5318,0.4682,CV,4.9544,6.7117,-6.603932527847305,-6.9934128409189205,-60.13118,3.74959,199.0455
54,176,0.5785,0.4215,CV,6.9214,6.955,-12.821106520670265,-12.835554783679518,0.5056,-0.31264,87.7973
54,209,0.7,0.3,CV,19.1218,19.1218,-13.797658128685136,-13.797658128685136,0.0,0.0,39.9974
54,210,0.7,0.3,CV,13.6207,13.6207,-9.467291951938854,-9.467291951938854,0.0,0.0,51.5923
55,114,0.1191,0.8809,CA,28.7915,27.5615,-30.201515434399663,-27.9317486433449,81.42437,-24.55101,308.2446
55,115,0.5788,0.4212,CV,7.6986,7.5678,-8.313568704025663,-8.226894492871903,2.70241,-0.69911,40.9548
55,116,0.6195,0.3805,CV,4.7952,4.7892,-7.390664467778371,-7.398202811234493,-0.46072,0.07998,77.4727
55,119,0.6015,0.3985,CV,15.2704,15.2186,-24.6986560417364,-24.660877708338546,-1.08638,-0.40062,55.9034
55,120,0.5838,0.4162,CV,4.7241,4.3755,-8.07669365755833,-8.118272380269696,36.58727,-5.96722,147.4383
55,129,0.6118,0.3882,CV,11.6329,11.5691,-9.293198893684824,-9.281816516845414,0.0825,-1.56308,156.8309
55,142,0.6161,0.3839,CV,3.1536,2.9122,-33.894123083444356,-33.90756275252063,-7.35225,0.91946,112.0803
55,153,0.6097,0.3903,CV,9.7699,9.7247,-8.18463660204175,-8.17137120101163,1.04948,-0.22072,71.3635
55,159,0.6173,0.3827,CV,5.1469,5.1348,-8.40567995233153,-8.411753829038643,0.55134,-0.60206,99.3295
55,160,0.6183,0.3817,CV,11.2539,11.3084,-11.330705351098974,-11.34084425709129,-0.31298,-0.03627,711.7407
55,138,0.6114,0.3886,CV,3.7737,3.883,-26.85957241969306,-26.896760141311752,-4.06076,2.07523,134.8299
55,144,0.5966,0.4034,CV,13.3699,13.2954,-38.60950660791618,-38.518893283857835,-4.13562,-0.04749,112.7509
55,140,0.5555,0.4445,CV,22.1918,21.9711,-14.019660763304346,-13.832324780745935,4.81235,-1.59019,116.0918
55,124,0.5889,0.4111,CV,33.4941,33.4302,-35.26811029590672,-35.199432077898116,0.0237,-0.08339,70.1793
55,133,0.5224,0.4776,CV,16.759,16.5095,-13.148677688977921,-12.862789868384432,-6.19493,0.4739,76.8072
55,145,0.4602,0.5398,CA,24.2746,23.8021,-21.86163758596387,-21.37800947262365,-14.50704,-3.90672,134.4365
55,189,0.5169,0.4831,CV,16.6173,15.2637,-14.814707772168994,-14.654233353019588,25.71634,-16.69052,456.0294
55,118,0.6155,0.3845,CV,7.9685,8.1279,-11.478898226061862,-11.511545598362943,1.86898,0.42257,219.4376
55,171,0.624,0.376,CV,4.5988,5.3868,-31.656789851313036,-31.804916288532567,-10.43445,5.28674,185.1854
55,149,0.6295,0.3705,CV,7.1122,7.3319,-23.52935594096536,-23.59062232840114,-1.07364,0.40944,96.7717
55,132,0.5455,0.4545,CV,40.4922,40.2288,-36.19011535734584,-35.987238637022344,-6.09056,1.51509,147.3319
55,136,0.3558,0.6442,CA,8.8873,8.2209,-18.249943115076995,-18.044774249803123,-114.84802,10.76571,192.1631
55,184,0.6126,0.3874,CV,9.2956,9.2281,-17.549802125173304,-17.540755666528028,-1.55988,0.46831,138.7828
55,195,0.5496,0.4504,CV,25.9103,24.9339,-173.66911580276212,-173.4792739655761,-39.73231,15.25013,766.5977
55,172,0.4502,0.5498,CA,45.4096,46.4214,-22.042307046480936,-21.39827335355527,-51.57093,2.44859,586.6477
55,165,0.3139,0.6861,CA,26.0327,25.3529,-20.601736099952102,-19.611043875148287,-23.04332,6.57135,145.4854
55,179,0.5684,0.4316,CV,9.5876,9.4741,-17.47058312499955,-17.33863666388561,-2.91997,0.66766,37.9717
55,128,0.5899,0.4101,CV,21.2214,21.1305,-13.771531776004164,-13.685497048495652,1.88679,-0.35743,81.9035
55,202,0.5631,0.4369,CV,5.8376,5.6489,-22.362704415849635,-22.314291531796165,-3.30679,-8.61442,90.2659
55,206,0.634,0.366,CV,2.5899,2.4966,-9.994077476573647,-10.047532059216525,-3.16367,-0.03595,57.227
55,194,0.4054,0.5946,CA,23.391,23.0711,-85.69090030316708,-85.01715816691974,-9.3832,-0.14765,73.1688
55,185,0.5944,0.4056,CV,7.1325,7.2891,-7.858432320785837,-7.890981245387658,-0.43471,0.58281,143.2276
55,207,0.4401,0.5599,CA,30.1256,29.9293,-27.154111833396005,-26.406693764820325,-28.10817,3.91387,173.4092
55,210,0.6473,0.3527,CV,3.0765,3.0765,-8.067614554632804,-8.077705848032057,-0.22909,-0.39926,69.1267
55,183,0.5814,0.4186,CV,3.7443,3.7987,-7.25167497253819,-7.278017411274643,-1.94054,-0.74948,30.5288
55,127,0.5,0.5,CA,41.1965,41.1972,-17.489530233356135,-17.464489942826265,-0.82109,0.37415,58.1995
55,186,0.6905,0.3095,CV,12.894,14.6387,-9.742882391971303,-10.19732897071632,5.67411,1.35092,182.7481
55,209,0.6176,0.3824,CV,24.2834,24.2834,-23.240468638449528,-23.122767928660977,-9.86982,0.93555,56.248
55,176,0.5651,0.4349,CV,27.7191,27.7189,-31.79099864177939,-31.637105790879176,2.25387,1.04745,91.704
55,211,0.7,0.3,CV,20.1097,20.1097,-30.27887446087899,-30.27887446087899,0.0,0.0,73.41
55,212,0.7,0.3,CV,13.4452,13.4452,-20.8268348304133,-20.8268348304133,0.0,0.0,29.1487
56,114,0.1617,0.8383,CA,24.5618,22.1682,-15.465880062282828,-14.054663506300452,126.44168,-42.55617,337.3565
56,115,0.5725,0.4275,CV,9.525,9.3939,-11.063202523908163,-10.939154058539824,3.05748,-0.60708,42.1208
56,116,0.6171,0.3829,CV,5.9726,5.957,-7.5027642882835766,-7.503704039837697,-0.32458,-0.15113,75.7859
56,119,0.6039,0.3961,CV,10.7004,10.6252,-27.944655964365232,-27.917025998174285,-1.08243,-0.45359,59.879
56,120,0.6472,0.3528,CV,2.1395,2.635,-12.504416961019409,-12.687619883875184,18.07082,-2.86906,124.9532
56,129,0.6099,0.3901,CV,16.6445,16.6078,-31.221037948474553,-31.203283660370708,0.97672,-1.49308,152.3395
56,142,0.5457,0.4543,CV,13.5583,13.2987,-30.0702617861047,-29.782277735175942,-11.18796,1.93872,102.023
56,153,0.5158,0.4842,CV,72.9296,72.9945,-111.2101928704791,-110.81177159436514,-4.26123,0.77149,68.173
56,159,0.6128,0.3872,CV,11.9751,11.9614,-9.185990032015571,-9.172165018355155,0.23968,-0.70542,97.1491
56,160,0.6186,0.3814,CV,12.2967,12.3277,-13.900168066804026,-13.909367244461343,0.62887,-0.06604,742.9232
56,138,0.6167,0.3833,CV,2.7075,2.5906,-27.459430074689696,-27.47092728959693,-2.65594,1.56256,124.2239
56,144,0.5273,0.4727,CV,19.5926,19.3885,-29.45629722089587,-29.12339374668175,-7.40971,0.53475,103.5197
56,140,0.5729,0.4271,CV,10.047,9.7806,-8.79721319469405,-8.708661316753007,4.27198,-1.50374,115.8934
56,124,0.6014,0.3986,CV,19.4657,19.4184,-19.707295430598986,-19.6874976451888,0.36992,-0.49148,79.248
56,133,0.5468,0.4532,CV,12.375,12.1969,-12.83801482298734,-12.691120744294128,-5.64715,1.43327,74.6279
56,145,0.5712,0.4288,CV,5.0624,5.1868,-21.61618314172574,-21.657460253133237,-10.29096,-2.17749,143.7012
56,189,0.4906,0.5094,CA,30.317,29.0347,-16.342107976219868,-15.978062009521743,30.94689,-19.46788,510.3882
56,118,0.6118,0.3882,CV,10.2958,10.2086,-11.297691622411092,-11.282506254924431,2.25732,0.55979,204.5217
56,171,0.5733,0.4267,CV,19.9261,20.3001,-26.057074222518132,-25.869624297440666,11.93061,-3.63016,165.5016
56,149,0.6234,0.3766,CV,5.4623,5.4537,-8.91420629036734,-8.927409095598517,-0.49055,0.37003,91.0599
56,132,0.5561,0.4439,CV,30.9635,30.7209,-32.40466655742843,-32.26210859780092,-6.51081,2.0221,151.0315
56,136,0.0323,0.9677,CA,24.3137,21.0378,-26.942711717919906,-23.445020675280823,-193.98235,19.55227,300.6433
56,184,0.5419,0.4581,CV,46.5744,46.5105,-36.46178362946246,-36.16388735671813,-4.7621,0.0259,123.6257
56,195,0.6322,0.3678,CV,16.9695,18.6241,-137.3076210076272,-137.475734900093,-9.05869,5.21914,737.1761
56,172,0.2257,0.7743,CA,38.5924,36.407,-26.65157983174943,-25.18765290719331,-95.23459,-3.30842,647.7817
56,165,0.1442,0.8558,CA,31.6674,30.7356,-32.72009729630882,-30.899493201740885,-45.08562,11.81635,156.9041
56,179,0.4342,0.5658,CA,24.8862,24.7179,-31.245014875273135,-30.579220756382327,-5.55853,1.68932,39.6842
56,128,0.5934,0.4066,CV,19.5454,19.4847,-12.95233943238754,-12.89774504918006,2.15807,0.23303,80.2294
56,202,0.5774,0.4226,CV,6.2681,6.0031,-26.960130179126836,-26.878865373451855,-2.44417,-6.80147,92.3478
56,206,0.6163,0.3837,CV,5.8876,5.7976,-13.887626374380151,-13.863783793978712,-2.87814,-1.15888,64.8023
56,194,0.2337,0.7663,CA,32.1463,31.6942,-80.2407976153484,-78.88555711741722,-17.60939,-0.05276,78.4565
56,185,0.6009,0.3991,CV,13.2199,13.104,-11.010786688314013,-10.980935482321067,-1.20663,0.72497,149.2135
56,207,0.0963,0.9037,CA,36.3017,35.1088,-32.02368637931224,-29.567632713068612,-67.93189,11.50178,328.4783
56,212,0.6328,0.3672,CV,13.472,13.472,-33.69767190456936,-33.64484558587261,6.12793,-0.13664,38.9744
56,183,0.6175,0.3825,CV,7.0257,7.1238,-7.941342588965893,-8.00030968836139,-0.46075,-0.28983,30.1093
56,186,0.6602,0.3398,CV,3.5064,3.5608,-12.191283712598814,-12.272822642198363,-1.87348,1.49138,146.8678
56,210,0.5145,0.4855,CV,22.8927,22.9133,-26.42816548556658,-25.96888225605889,14.3749,-4.25547,106.3719
57,114,0.3248,0.6752,CA,9.9772,6.6786,-13.205863523788654,-12.648106617104593,135.77298,-47.0817,374.2252
57,115,0.5477,0.4523,CV,12.4133,12.2478,-16.273989043075332,-16.05830860203929,3.85805,-0.79801,42.6825
57,116,0.6124,0.3876,CV,11.4722,11.4553,-12.298710501306525,-12.283531569947284,0.11964,-0.63096,75.6211
57,119,0.6029,0.3971,CV,14.8631,14.8021,-20.318431065724234,-20.283091868822606,-1.2969,-0.73635,62.9131
57,129,0.6136,0.3864,CV,19.0362,19.0761,-42.58327275015355,-42.58393499676804,-0.89801,-1.03018,150.033
57,142,0.4318,0.5682,CA,15.2382,14.7071,-23.629653499557314,-22.987122320951826,-16.8426,2.47566,99.2247
57,153,0.3634,0.6366,CA,47.5648,47.329,-54.99473210883187,-54.109009797998226,-8.56438,1.72587,72.112
57,159,0.6103,0.3897,CV,12.3546,12.3267,-9.963194192861234,-9.945445509366486,-0.4975,-0.66252,95.4461
57,160,0.6117,0.3883,CV,66.7177,66.7556,-17.61862299627908,-17.59840113753247,-3.59985,0.58804,797.2199
57,138,0.6232,0.3768,CV,6.2861,6.3821,-9.468691879005915,-9.49996577312553,-0.68307,0.77642,116.7634
57,144,0.5118,0.4882,CV,14.6088,14.2818,-26.934930844906432,-26.64041853463339,-8.68033,0.39213,96.7087
57,140,0.5913,0.4087,CV,6.473,6.2555,-7.396768119944289,-7.358308485054563,3.22831,-1.30964,113.6878
57,124,0.6097,0.3903,CV,20.486,20.501,-12.202500995029627,-12.199401171991546,0.90058,-0.68395,77.2953
57,133,0.6005,0.3995,CV,7.7459,7.8384,-11.401349906594719,-11.439214128223565,-2.61432,1.78751,73.4694
57,186,0.6172,0.3828,CV,8.1851,8.0855,-9.003169423733492,-8.944223222547508,-7.05853,1.66474,124.6868
57,145,0.5793,0.4207,CV,9.4855,9.1629,-40.64398086315175,-40.55875663880221,-9.34298,-1.76185,140.9798
57,189,0.4533,0.5467,CA,33.6541,32.026,-16.763845326017453,-16.28779548696125,39.23967,-23.74663,594.4501
57,118,0.6162,0.3838,CV,4.4556,4.4317,-7.491874723591407,-7.500684217439006,1.55294,0.11325,192.6209
57,171,0.5772,0.4228,CV,9.5819,9.2438,-9.204881432033467,-9.10807908677449,10.82248,-2.9571,156.0602
57,149,0.6119,0.3881,CV,10.887,10.8975,-9.279023750801953,-9.252196975581933,1.74859,0.46256,85.3709
57,132,0.5727,0.4273,CV,36.1503,36.1858,-23.021062275140793,-22.93062273148327,-3.57968,1.31356,139.7482
57,136,0.8811,0.1189,CV,26.9529,31.1798,-18.54015088695846,-20.901435770557526,-19.81578,4.13467,196.6937
57,184,0.6089,0.3911,CV,11.3357,11.5684,-9.439784388827679,-9.5198861032445,-1.9647,0.49541,123.9683
57,195,0.6245,0.3755,CV,19.0698,19.4218,-111.98976175679205,-112.00367417355965,6.59055,-0.82036,680.0796
57,172,0.2709,0.7291,CA,28.6777,25.4175,-24.11352232183444,-23.207454155067218,-132.76919,-7.4931,733.1277
57,165,0.2137,0.7863,CA,18.4142,17.1766,-38.26895930806093,-37.16476213369087,-64.37611,14.90988,169.9019
57,179,0.5258,0.4742,CV,5.3352,5.0586,-17.01499171371978,-16.909610053771342,-5.02232,1.68597,42.4804
57,128,0.6068,0.3932,CV,11.356,11.358,-9.675444423357895,-9.671886511159737,1.3239,0.76807,77.6263
57,202,0.5899,0.4101,CV,12.8326,12.9093,-22.807414944312598,-22.7567225974703,1.16122,-6.1307,85.8815
57,206,0.5463,0.4537,CV,13.1297,12.9886,-12.188968598692771,-11.90332016583443,-6.58538,-0.10115,69.4393
57,194,0.4204,0.5796,CA,23.5066,23.3974,-20.809768959003293,-20.561438608421806,-17.19845,3.05992,89.8812
57,185,0.6078,0.3922,CV,17.76,17.7405,-36.85257456619652,-36.842056772667135,0.27873,0.49101,159.1626
57,212,0.0311,0.9689,CA,35.5998,35.4315,-87.78126255764711,-83.84762218218789,40.44915,-5.57943,93.5185
57,183,0.6183,0.3817,CV,6.4046,6.4317,-11.751548282008036,-11.760846398535406,0.34349,0.07746,29.3167
57,193,0.5,0.5,CA,99.4262,99.7144,-19.78183707174601,-19.64243745808288,-1.69767,8.2087,91.4336
57,169,0.5,0.5,CA,55.2484,52.6721,-25.677215585932448,-24.23994264135993,-113.72233,-54.85192,381.3537
57,207,0.2154,0.7846,CA,23.5063,21.8065,-15.776541728660547,-14.75048769678037,-97.82068,23.40411,433.7261
57,213,0.7,0.3,CV,16.725,16.725,-11.858103521964331,-11.858103521964331,0.0,0.0,50.9122
58,114,0.5867,0.4133,CV,6.6468,8.3941,-9.728652150351447,-10.024215100002635,88.71455,-31.2868,424.9026
58,115,0.5585,0.4415,CV,7.733,7.5369,-10.850472382851791,-10.714417567653289,3.89506,-0.64344,42.7857
58,116,0.6127,0.3873,CV,8.5891,8.5655,-8.119642695817802,-8.112729574645073,-0.24063,-0.77265,73.9101
58,119,0.5972,0.4028,CV,18.419,18.3545,-14.308756440172381,-14.250995551951139,-1.72994,-0.99019,63.2457
58,129,0.602,0.398,CV,24.2406,24.1986,-65.1979131225093,-65.14435544168337,-2.49505,-0.36164,148.564
58,153,0.2443,0.7557,CA,44.2132,43.7798,-51.62116377127258,-50.383088802259806,-16.54333,3.20909,84.3878
58,159,0.6039,0.3961,CV,16.4779,16.4275,-15.62412660473945,-15.583506830057882,-1.19786,-0.71843,93.9139
58,160,0.6122,0.3878,CV,26.1393,25.9697,-14.404982129156245,-14.397177446498532,-3.56392,1.00071,816.7496
58,138,0.6193,0.3807,CV,7.9864,7.9993,-11.031132754100163,-11.035940856776532,0.59129,0.33183,110.3183
58,144,0.6103,0.3897,CV,27.7282,28.0498,-24.773067234567428,-24.902659438868454,0.61145,-1.36931,98.2497
58,140,0.6195,0.3805,CV,12.382,12.5469,-9.424934309822442,-9.47802338478963,1.47821,-0.63656,116.9815
58,124,0.6054,0.3946,CV,19.7025,19.6507,-11.394336208206788,-11.360863027783637,1.44805,-1.17633,80.9931
58,133,0.6075,0.3925,CV,13.258,13.3457,-10.685582614936731,-10.674178177241988,1.21687,1.3972,71.5837
58,186,0.6056,0.3944,CV,5.0301,4.7551,-8.53305573087517,-8.489101148167471,-6.90855,1.61919,106.9838
58,145,0.5594,0.4406,CV,12.0321,11.6782,-45.73509515040423,-45.556835822340666,-10.03147,-1.40354,135.6772
58,189,0.521,0.479,CV,15.0557,13.0907,-12.696384278586681,-12.544598971482122,37.19622,-21.83009,672.5406
58,118,0.601,0.399,CV,22.0026,21.9342,-17.52698103641862,-17.465270412089087,2.71093,0.95648,178.8324
58,171,0.6141,0.3859,CV,8.1494,8.2651,-8.259677329747076,-8.310226502940049,5.36064,-1.64735,147.1605
58,149,0.6125,0.3875,CV,3.8044,3.7052,-6.683404851276009,-6.67656669432306,1.56734,0.41369,80.2898
58,132,0.5898,0.4102,CV,14.5244,14.4681,-14.714526423421567,-14.670226446248853,-3.00992,-1.35774,142.3
58,136,0.585,0.415,CV,19.3245,19.586,-16.235743556164927,-15.691561467244899,23.5441,-1.98226,141.5471
58,184,0.6171,0.3829,CV,17.4256,17.5266,-14.604763476119153,-14.621583436298401,0.78173,0.48263,124.4909
58,195,0.6074,0.3926,CV,24.6428,24.3942,-101.06594039239133,-101.01863150498171,7.93995,-1.55805,604.9888
58,172,0.2076,0.7924,CA,34.4913,30.4266,-20.633697001644485,-19.314815022702092,-190.59205,-12.33675,884.1371
58,165,0.4121,0.5879,CA,8.3482,7.4896,-37.61005962623353,-37.3555611281912,-63.65717,12.9499,188.0619
58,128,0.6125,0.3875,CV,13.9926,14.0323,-18.641587732615974,-18.641863237939027,-0.2756,0.57706,74.3399
58,202,0.6269,0.3731,CV,5.2285,5.4047,-7.716201558240224,-7.802557648824674,-0.4094,-2.90109,80.045
58,206,0.5321,0.4679,CV,9.6761,9.39,-11.261888256620473,-11.021626177296334,-7.47725,-0.12068,71.0314
58,194,0.6156,0.3844,CV,29.9695,30.591,-24.013769888287808,-24.295724395655572,3.03332,1.91995,97.6636
58,185,0.6071,0.3929,CV,21.5851,21.5301,-31.003335414658302,-30.979795474554535,1.32615,0.36112,169.2173
58,207,0.3812,0.6188,CA,10.5869,8.0433,-8.416364909872295,-8.030568037740512,-103.539,26.94728,480.869
58,183,0.6155,0.3845,CV,4.112,4.0938,-9.282995473645322,-9.27892777885703,0.48184,0.2619,29.0551
58,213,0.6318,0.3682,CV,26.504,26.504,-18.247374723666034,-18.19017203513668,5.18623,-0.83323,74.8596
58,193,0.5055,0.4945,CV,18.5457,18.4731,-22.527090092861492,-22.246978680339083,-3.53958,8.35595,88.4613
58,169,0.0,1.0,CA,92.0598,95.8728,-86.45102304580304,-75.12254189470032,363.44746,141.52104,650.8754
58,147,0.5,0.5,CA,105.7162,105.7146,-17.459667748731892,-17.460730978090318,1.22733,-0.67266,1400.2851
58,127,0.5,0.5,CA,104.2233,104.1934,-154.48705112532883,-153.96751143622095,-4.34259,0.06922,82.5975
58,210,0.5,0.5,CA,37.2954,37.1225,-49.40909829819976,-46.348928268825944,6.74535,-38.82333,157.8645
58,142,0.4047,0.5953,CA,18.4689,18.0933,-19.32316986259863,-18.73193714709368,-20.71916,1.40285,94.6705
58,179,0.5637,0.4363,CV,8.2852,8.1704,-8.01094096366076,-7.92798874995446,-4.534,1.05984,42.3742
58,214,0.7,0.3,CV,8.8457,8.8457,-8.916777644669226,-8.916777644669226,0.0,0.0,40.973
58,215,0.7,0.3,CV,3.938,3.938,-7.901423779784173,-7.901423779784173,0.0,0.0,90.1049
59,114,0.6828,0.3172,CV,7.0977,9.1271,-7.850629779752041,-8.189607589980637,26.02553,-9.76423,371.1082
59,115,0.5672,0.4328,CV,6.4643,6.272,-8.3670232083819,-8.250865262765734,3.81606,-0.62166,42.5147
59,116,0.609,0.391,CV,12.0838,12.0473,-10.54952556037262,-10.526628571819428,-0.74284,-0.79554,74.0152
59,119,0.5733,0.4267,CV,27.2922,27.1961,-23.855094296491608,-23.707166463460638,-3.03471,-0.94472,68.2914
59,129,0.5357,0.4643,CV,43.2019,43.0795,-70.68559611102805,-70.37833385545497,-5.29796,0.76436,138.4522
59,153,0.3862,0.6138,CA,29.8149,29.6534,-28.4650806193302,-28.05982349971377,-16.33775,8.64359,97.3401
59,159,0.6023,0.3977,CV,13.2584,13.1723,-37.227335842300434,-37.189455658073534,-1.35623,-0.65393,95.1741
59,160,0.6137,0.3863,CV,18.047,17.8683,-14.900304518758258,-14.897902662427402,-3.1159,1.10205,831.4442
59,138,0.6108,0.3892,CV,11.3802,11.3408,-22.233489362477304,-22.20830448032531,1.51032,0.31809,103.1195
59,144,0.5988,0.4012,CV,13.8998,13.8073,-9.799841326919237,-9.737678724816355,1.93897,-1.57641,97.8825
59,140,0.5991,0.4009,CV,15.4974,15.4233,-10.782171663762345,-10.707692993186956,2.91437,-1.16159,111.1294
59,124,0.5972,0.4028,CV,21.5584,21.4618,-13.776567206015892,-13.715119086543504,1.99955,-1.78578,88.7161
59,133,0.5797,0.4203,CV,13.7029,13.6077,-15.815447992736802,-15.678514165473523,2.98498,1.24153,69.0662
59,145,0.5989,0.4011,CV,5.6161,5.5689,-11.513152207959928,-11.526045193543187,-6.55188,-0.14059,129.5852
59,189,0.596,0.404,CV,30.1536,30.4906,-14.593600957455862,-14.649979746404245,21.24675,-12.07806,668.5914
59,118,0.6142,0.3858,CV,13.9073,13.9784,-10.20730573091357,-10.223522370884517,0.77552,1.24695,171.8523
59,171,0.6162,0.3838,CV,13.4471,13.4573,-11.170184944595956,-11.175380435223053,3.99445,-2.26505,129.3053
59,149,0.6155,0.3845,CV,2.0825,2.0088,-6.12975552795173,-6.1342758437897515,1.12541,0.35296,76.2649
59,136,0.3963,0.6037,CA,14.6789,13.8761,-13.534897260417939,-12.688615180360053,32.39508,-3.19229,133.3584
59,184,0.6146,0.3854,CV,11.2992,11.2847,-16.66616161402823,-16.660263776209796,1.3564,-0.22998,119.8599
59,195,0.5085,0.4915,CV,66.1665,65.9616,-69.82855819136898,-69.40458431431061,5.97662,1.54263,496.8281
59,172,0.4499,0.5501,CA,9.149,6.5574,-10.283396675040406,-10.191838302383259,-174.37681,-12.78827,1009.6463
59,165,0.3751,0.6249,CA,13.993,12.6158,-36.363016662110496,-35.67541368098657,-71.63615,12.48461,229.8889
59,128,0.5541,0.4459,CV,37.1706,37.1849,-56.069453309180275,-55.82123175711191,3.71913,0.52419,75.3
59,202,0.5751,0.4249,CV,15.538,15.5092,-22.30516395027417,-22.120751140709686,2.23687,-3.25461,71.8986
59,206,0.6207,0.3793,CV,6.6316,6.9497,-12.727381690927297,-12.871394579047596,-2.82462,-0.39895,71.7899
59,194,0.3481,0.6519,CA,41.1376,41.0655,-37.68389590608946,-36.586213558603944,18.2738,-0.80955,104.4978
59,185,0.6003,0.3997,CV,30.9129,30.8279,-21.924006255704604,-21.872876295869993,2.39468,0.07257,179.4622
59,183,0.6167,0.3833,CV,2.8036,2.7951,-18.684709307457574,-18.690379353633023,0.37117,0.2583,27.9826
59,213,0.5346,0.4654,CV,29.9444,29.7182,-18.295650499457242,-17.939870720383556,12.0465,-2.83929,130.3768
59,214,0.6414,0.3586,CV,11.3527,11.3527,-15.900698682898406,-15.885183932021494,4.32424,-1.46564,55.8028
59,215,0.6431,0.3569,CV,13.9805,13.9805,-11.550422016104566,-11.542092289437388,5.15687,-2.71423,123.9
59,193,0.5394,0.4606,CV,16.7801,16.6915,-16.0432637870619,-15.89090585802826,-3.90085,5.3227,83.4712
59,169,0.4699,0.5301,CA,22.3512,23.0268,-56.60933927742042,-56.89437823715934,342.05117,139.49784,414.7894
59,147,0.489,0.511,CA,197.9809,197.9632,-70.51060165557388,-70.16442196859467,-2.87735,-17.22441,1284.199
59,152,0.5,0.5,CA,60.5578,60.5501,-33.91393878092046,-33.551589048222105,-5.50852,-0.78892,67.1124
59,211,0.5,0.5,CA,145.9356,145.9356,-145.38603211558927,-133.77318872978844,-84.0349,10.18847,214.0004
59,186,0.6161,0.3839,CV,6.7909,6.7953,-8.135275765876804,-8.15278246580354,-3.34941,1.46706,96.2137
59,132,0.4256,0.5744,CA,37.1542,37.04,-32.090006083673295,-31.3577148779172,2.1596,-5.6677,133.9642
59,207,0.6136,0.3864,CV,10.3692,12.0295,-8.991472068841642,-9.320209561621189,-55.33115,20.66502,479.6692
59,210,0.0322,0.9678,CA,25.9876,24.0224,-31.834948656682453,-28.12901120875003,12.65369,-81.97125,234.479
59,217,0.7,0.3,CV,6.7322,6.7322,-7.48683448575998,-7.48683448575998,0.0,0.0,39.6863
60,114,0.6447,0.3553,CV,15.5222,15.9525,-10.451720241431634,-10.476753830674085,-11.5247,2.56776,283.2472
60,115,0.5916,0.4084,CV,8.7506,8.7244,-11.426001600288659,-11.397489426873529,2.80787,-0.80229,44.7461
60,116,0.6116,0.3884,CV,6.881,6.8412,-19.31232428729043,-19.30576779247853,-0.81054,-0.63619,72.6089
60,119,0.5386,0.4614,CV,29.7086,29.5476,-21.05044402807215,-20.797117884111547,-4.38976,-1.53601,69.4633
60,129,0.4013,0.5987,CA,54.549,54.2966,-80.9586641201266,-80.20516902522284,-10.63984,0.57754,147.0507
60,153,0.4447,0.5553,CA,12.0207,11.3389,-12.623155140298962,-12.26029441572138,-18.46381,9.82976,112.6926
60,159,0.606,0.394,CV,11.868,11.8153,-54.166916851155904,-54.1465816961925,-1.42722,-0.69011,91.9835
60,160,0.6155,0.3845,CV,15.9212,15.8251,-17.325063447261588,-17.328158688229145,-2.34833,0.74945,838.8164
60,138,0.6013,0.3987,CV,27.69,27.7701,-28.838142560886432,-28.785720382186376,-1.93589,0.83227,97.1864
60,144,0.606,0.394,CV,8.9721,8.9045,-8.199563440066175,-8.184394238045401,1.30194,-1.60737,93.5989
60,140,0.6212,0.3788,CV,18.1333,18.3082,-12.98141128863509,-13.029906747460522,-0.48128,0.12012,109.3533
60,124,0.59,0.41,CV,20.91,20.7671,-18.26264470771445,-18.183535331990285,2.41571,-2.27829,95.4229
60,133,0.5622,0.4378,CV,12.3404,12.1612,-28.103884803374648,-27.936692945912768,3.72197,1.30817,66.887
60,186,0.5935,0.4065,CV,11.9503,11.8292,-9.618134224354101,-9.525355201149868,-3.92375,1.58911,90.6875
60,145,0.4277,0.5723,CA,27.0969,26.808,-50.38898080526861,-49.65189193683766,-14.1829,-0.33312,126.3378
60,189,0.619,0.381,CV,22.9961,23.4051,-11.75856736148005,-11.802425504550541,3.47129,-2.274,620.9303
60,118,0.6147,0.3853,CV,9.3351,9.3095,-10.078747447396436,-10.077732427737484,1.23277,0.63838,163.6282
60,149,0.6161,0.3839,CV,3.4143,3.3729,-6.944598408178151,-6.947422166494354,0.8836,0.27896,73.918
60,136,0.5309,0.4691,CV,7.3543,7.1343,-7.615209947880443,-7.583805775705315,26.08209,-2.62189,137.0126
60,184,0.6173,0.3827,CV,6.1291,6.1372,-16.272279539867327,-16.28160023198699,0.65608,-0.58368,115.6747
60,195,0.5913,0.4087,CV,10.6578,10.9677,-46.810782709413594,-46.865490762766086,-1.36631,2.04082,425.5107
60,172,0.6404,0.3596,CV,10.8866,14.9715,-10.023073091332567,-10.36931175447624,-82.41333,-5.52705,1060.2099
60,165,0.6085,0.3915,CV,9.264,10.5192,-18.47506349005289,-18.7905205296978,-35.65105,3.3353,234.1148
60,128,0.6174,0.3826,CV,19.509,19.7122,-32.572357773200956,-32.67062001778962,-0.03372,0.34564,74.3897
60,202,0.5012,0.4988,CV,16.4875,16.3191,-18.245006268700322,-17.839109809984386,4.1977,-3.40832,66.4476
60,206,0.6094,0.3906,CV,5.5987,5.4695,-6.672178703175604,-6.639171288504853,-2.87801,-0.21537,70.5954
60,194,0.2411,0.7589,CA,32.004,31.1563,-24.50053158118568,-23.266488708948053,31.40803,-2.17906,129.2362
60,185,0.5919,0.4081,CV,36.9483,36.851,-21.68332315331912,-21.60726498948756,3.34066,-0.7293,182.5235
60,183,0.6181,0.3819,CV,2.33,2.3333,-15.478476167284981,-15.487860917763536,0.22333,0.16205,27.9438
60,213,0.4373,0.5627,CA,29.8678,29.0565,-16.55722587831817,-15.952891670020527,18.58892,-5.422,213.8682
60,214,0.5874,0.4126,CV,11.8275,11.6975,-22.939164195313865,-22.7838501505856,10.8503,-3.18076,86.5854
60,215,0.6015,0.3985,CV,14.4692,14.3149,-10.075238816706138,-9.975835676841228,12.92983,-7.93704,186.6652
60,193,0.5363,0.4637,CV,17.6097,17.4027,-14.076485782364124,-13.86317521204628,-3.56274,4.67456,86.2687
60,169,0.7847,0.2153,CV,23.6774,32.8486,-26.78961052402512,-27.823391934755648,-140.21641,-53.58245,455.5542
60,217,0.6404,0.3596,CV,9.9075,9.9075,-8.721865423574302,-8.701657398732355,4.70428,1.93209,56.222
60,147,0.5107,0.4893,CV,65.121,64.2465,-18.203919260580896,-17.96017881897673,-2.65139,-21.88839,1276.2569
60,211,0.0395,0.9605,CA,28.8505,24.7355,-34.24204242175675,-30.74779335920705,-156.054,16.62625,478.893
60,171,0.6167,0.3833,CV,12.3082,12.3671,-17.88258687824578,-17.88692697662585,0.07536,-1.33838,112.8985
60,207,0.6581,0.3419,CV,12.6366,13.8416,-12.22478350301628,-12.412368150621337,-0.09248,6.26435,398.8493
60,210,0.5989,0.4011,CV,14.3302,15.7368,-14.873134603376197,-15.63259886878067,13.42171,-53.82482,202.585
60,152,0.5688,0.4312,CV,4.4936,4.3399,-12.366761019739464,-12.34138787836557,-4.25152,-0.60182,58.5173
60,218,0.7,0.3,CV,13.717,13.717,-21.35701798571214,-21.35701798571214,0.0,0.0,70.8798
61,114,0.65,0.35,CV,5.4286,5.9128,-26.67625488382737,-26.781834658234246,3.1967,-1.85924,228.7295
61,116,0.6089,0.3911,CV,10.2487,10.1987,-38.97989512828161,-38.958054084400715,-1.1185,-0.56677,73.2169
61,119,0.5138,0.4862,CV,22.4764,22.238,-20.512175840429464,-20.209407178580467,-5.71732,-2.11089,71.441
61,129,0.2476,0.7524,CA,66.8058,66.2475,-81.03644533678019,-79.7628551303107,-20.7004,1.25263,168.093
61,153,0.4352,0.5648,CA,17.9663,17.3602,-13.712969082498198,-13.228813560748446,-22.92047,10.16976,136.2325
61,159,0.6129,0.3871,CV,16.1183,16.1556,-13.876585517179787,-13.879796786331283,0.02633,-1.08551,89.2508
61,160,0.6159,0.3841,CV,16.4271,16.3107,-19.191240655109098,-19.193237462397533,-2.05449,0.28099,842.7687
61,138,0.5952,0.4048,CV,12.0463,11.9431,-22.498189342802817,-22.434319706153012,-2.37735,0.57543,91.3768
61,144,0.5201,0.4799,CV,32.9902,32.9207,-71.29434740659543,-70.91880945213626,5.01627,-2.22221,85.1863
61,140,0.6207,0.3793,CV,3.9572,3.9711,-7.264312588997884,-7.2783903459270025,-0.24022,-0.24935,104.8408
61,124,0.5867,0.4133,CV,18.5272,18.3476,-21.049683372027538,-20.967525952723555,2.58652,-2.69406,102.1371
61,133,0.5632,0.4368,CV,10.6968,10.5302,-42.815122290842055,-42.67705846095909,3.7994,1.42801,62.8624
61,186,0.6008,0.3992,CV,6.9406,6.8113,-7.6010490775141974,-7.572155840918228,-2.85226,1.40669,86.0987
61,145,0.5212,0.4788,CV,10.2853,10.0013,-29.238140971001954,-29.123586952515147,-12.53817,0.87825,127.3715
61,189,0.6038,0.3962,CV,21.1052,20.8562,-10.982229827338198,-10.928358909473328,1.34697,-0.31835,545.375
61,118,0.615,0.385,CV,5.9871,5.9229,-9.262387160958701,-9.261743839667842,1.21425,0.40095,156.4967
61,149,0.6185,0.3815,CV,4.491,4.5213,-8.080607580617713,-8.092841449187059,0.20802,0.22362,72.3096
61,136,0.6216,0.3784,CV,4.9362,5.5545,-6.695184043707101,-6.844919419127658,11.7515,-0.96799,131.363
61,184,0.6143,0.3857,CV,8.2964,8.2489,-24.53866811617435,-24.531174527430306,0.89561,-0.8141,112.4913
61,195,0.6203,0.3797,CV,18.5731,18.8458,-29.869242811788073,-29.92552634113419,3.40111,-1.18767,364.531
61,172,0.4402,0.5598,CA,37.6569,35.7755,-16.228881716588976,-15.481564547296536,-119.62944,-6.2165,1010.94
61,165,0.6581,0.3419,CV,7.8454,8.8862,-9.829121500035303,-10.024036045782902,-0.15669,-1.76739,201.9859
61,128,0.5627,0.4373,CV,30.827,30.8267,-46.804842753262044,-46.58406076610483,-3.61074,-0.00418,73.7095
61,202,0.6067,0.3933,CV,10.3797,10.5913,-9.595194943875544,-9.724721850872337,1.93446,-0.95094,64.7124
61,194,0.0862,0.9138,CA,46.6418,45.57,-49.144499929549696,-46.845979617562776,65.25855,-6.63465,155.0868
61,185,0.594,0.406,CV,22.2418,22.056,-14.107732059805663,-14.05303189761624,3.47911,-0.79718,193.6013
61,183,0.6137,0.3863,CV,6.3763,6.3628,-15.382064079206481,-15.370871366209645,0.45346,0.12018,28.6995
61,213,0.3483,0.6517,CA,37.3767,35.9864,-16.321676467870617,-15.481996324307676,29.08183,-9.01591,335.9162
61,214,0.5267,0.4733,CV,11.1328,10.6438,-24.90047190764766,-24.57846282818423,16.04659,-3.43256,121.0607
61,215,0.5801,0.4199,CV,12.366,11.9801,-11.075372819087686,-10.949153583821648,9.53948,-15.31183,244.035
61,193,0.5839,0.4161,CV,19.5547,19.6456,-13.974155842473005,-13.958434207367574,-2.10715,0.09466,85.7004
61,169,0.66,0.34,CV,11.2778,10.3923,-19.925083647632277,-19.859044848522764,-77.2715,-27.5338,347.6982
61,217,0.6008,0.3992,CV,12.8539,13.0056,-11.13587663954938,-11.037378368383589,-10.2916,-2.05212,84.3571
61,147,0.5632,0.4368,CV,35.4912,34.9335,-13.25717991969678,-13.193678063857408,-0.23771,-18.43757,1300.3401
61,210,0.6121,0.3879,CV,22.4155,23.5541,-21.584847049517954,-21.595237702205537,4.65656,17.31485,184.9201
61,218,0.6203,0.3797,CV,23.0915,23.0915,-38.45972683851559,-38.353387447950894,-13.7177,-0.73217,99.676
61,211,0.4263,0.5737,CA,3.2838,3.1401,-32.54108117774355,-32.59253836232185,-147.82344,13.62923,372.0373
61,120,0.5,0.5,CA,3.8098,3.9118,-15.747648524781862,-15.786463171570531,0.78796,-0.21966,66.711
61,115,0.5892,0.4108,CV,18.4349,18.4061,-15.514118437963582,-15.439538268103824,1.69163,-0.66794,50.6306
61,171,0.3183,0.6817,CA,45.5669,45.5642,-53.98800963812987,-52.754709338648134,11.80498,-5.44266,112.0947
61,220,0.7,0.3,CV,17.6117,17.6117,-34.03448508850739,-34.03448508850739,0.0,0.0,77.5163
61,221,0.7,0.3,CV,12.0082,12.0082,-11.482089053768096,-11.482089053768096,0.0,0.0,63.7876
61,222,0.7,0.3,CV,15.6299,15.6299,-11.775978873615447,-11.775978873615447,0.0,0.0,44.3798
62,114,0.6286,0.3714,CV,10.0177,10.0917,-31.566613737436704,-31.57139633287339,-5.14575,0.45382,187.1082
62,115,0.5964,0.4036,CV,8.9919,8.8765,-11.394038169591399,-11.353076578842952,1.30678,-0.72029,54.3196
62,116,0.5831,0.4169,CV,26.505,26.4525,-39.633579095550964,-39.508748413189174,-2.49544,-0.13095,72.0358
62,119,0.4293,0.5707,CA,29.9181,29.6186,-24.669619499310247,-24.062750110482106,-9.6333,-2.53181,80.4377
62,129,0.2125,0.7875,CA,63.2621,62.4258,-68.37026994322513,-67.11358108830962,-36.6151,2.90076,198.8049
62,153,0.5319,0.4681,CV,5.1975,4.3595,-11.315304705235992,-11.23302827443552,-19.78154,9.08159,155.3566
62,159,0.6063,0.3937,CV,16.6575,16.6304,-15.8150079082635,-15.780668599988555,-0.96426,-1.33367,91.2205
62,160,0.6171,0.3829,CV,12.7786,12.7153,-19.585100412273636,-19.59173227507656,-1.46767,-0.65916,853.57
62,138,0.6143,0.3857,CV,4.3674,4.4603,-9.573995901311198,-9.599171663247157,-1.18087,0.21212,88.3331
62,144,0.5474,0.4526,CV,46.3973,46.681,-63.300289054952486,-63.15941124837602,-5.48418,0.26481,86.1669
62,140,0.6106,0.3894,CV,14.5529,14.5541,-21.256062257329866,-21.228140692626294,0.99351,-0.86282,97.0374
62,124,0.5674,0.4326,CV,34.4262,34.2668,-31.41792469608487,-31.261322971569367,3.94222,-2.8895,118.9903
62,145,0.5831,0.4169,CV,10.1829,10.1943,-18.773504623644925,-18.77632234525393,-7.87206,1.94032,124.9589
62,189,0.5635,0.4365,CV,28.4454,28.291,-16.42812208019621,-16.23069687392269,-8.67514,6.12972,476.5434
62,118,0.6163,0.3837,CV,8.7955,8.7948,-8.060345929861603,-8.064679005707704,0.55497,0.6282,153.9553
62,171,0.117,0.883,CA,49.5498,48.858,-64.59608422690451,-62.52881242849801,27.68224,-12.04302,115.4017
62,149,0.6177,0.3823,CV,7.4669,7.4786,-7.5131756084405295,-7.51845903812463,-0.35164,0.24154,68.6853
62,136,0.6267,0.3733,CV,7.2589,7.2627,-7.662937297790859,-7.701838280257134,6.15561,-0.39298,124.2512
62,184,0.6121,0.3879,CV,13.7385,13.7405,-25.89594527815334,-25.8838682824491,-0.17066,-0.92322,104.9493
62,195,0.6082,0.3918,CV,22.8173,22.805,-28.696014545323496,-28.658342014031202,3.45562,-2.26794,332.8795
62,172,0.657,0.343,CV,37.1917,41.7181,-13.14602099551394,-13.578992391159561,37.86619,2.98929,989.5581
62,128,0.4641,0.5359,CA,33.4419,33.2444,-46.22090160527373,-45.684079041461196,-6.47343,-0.03201,76.7671
62,194,0.6693,0.3307,CV,17.0708,18.7003,-11.794547626571752,-12.780737352014324,35.09258,-3.82702,159.0185
62,185,0.5863,0.4137,CV,33.0944,32.9402,-28.197366296127612,-28.107472521515042,4.02986,-1.52641,194.4519
62,183,0.6143,0.3857,CV,8.0482,8.0546,-11.391670509655384,-11.389410047639691,-0.08534,0.09262,29.9445
62,213,0.3039,0.6961,CA,45.7829,44.0142,-20.735495117429142,-19.81912878869534,47.02046,-15.74076,487.2077
62,214,0.4476,0.5524,CA,13.2967,12.6079,-20.64200294391393,-20.090960642686365,22.74986,-3.30294,152.6127
62,215,0.5573,0.4427,CV,12.2183,11.4871,-10.76134883483132,-10.573503558935663,6.72331,-18.82139,284.3441
62,193,0.566,0.434,CV,24.3627,24.2454,-20.979552613446742,-20.821546582107942,-2.41054,-1.05993,87.7799
62,169,0.6357,0.3643,CV,13.9387,13.665,-32.22584738913733,-32.2460322689982,-46.15581,-14.36038,292.5301
62,217,0.5374,0.4626,CV,9.7055,9.3707,-11.072192759740526,-10.773499074551573,-15.4997,-0.37822,114.1672
62,147,0.5851,0.4149,CV,39.0321,38.5633,-15.04521614098408,-14.995615488566177,0.70655,-13.96529,1341.534
62,218,0.2419,0.7581,CA,31.4216,31.0356,-48.55223327052129,-46.932784132613136,-46.58033,-1.67049,215.1601
62,211,0.6251,0.3749,CV,2.243,4.5961,-21.174968113221002,-21.488715327424874,-88.89811,6.98873,350.9407
62,220,0.6016,0.3984,CV,40.9407,40.9407,-63.67765826957786,-63.49279383223358,-17.05233,1.78274,107.0235
62,221,0.6421,0.3579,CV,12.7491,12.7491,-10.906128854827955,-10.893371730317039,4.75224,-0.38157,89.5659
62,120,0.5727,0.4273,CV,5.895,5.9234,-6.9740560782307135,-6.9646263175185394,-1.96449,0.2254,58.8931
62,127,0.5,0.5,CA,76.3391,76.2738,-66.41226489437241,-66.25074391518055,-2.93427,2.55612,116.2659
62,152,0.5,0.5,CA,23.2614,23.1326,-20.830328129035244,-20.58362295530248,-4.56965,0.55741,57.8347
62,186,0.6027,0.3973,CV,7.362,7.2497,-7.430031518522629,-7.3980674344761805,-2.46909,1.40797,80.9081
62,210,0.3346,0.6654,CA,20.7196,20.164,-19.57747782323166,-18.425096028006433,7.38101,31.30058,177.653
62,222,0.6412,0.3588,CV,10.8983,10.8983,-10.040119694229787,-10.023425766417262,-3.40065,-3.75147,61.647
62,223,0.7,0.3,CV,5.4731,5.4731,-6.756995415356192,-6.756995415356192,0.0,0.0,30.8596
63,114,0.5838,0.4162,CV,15.9939,15.8245,-53.012851656981844,-52.86157216493178,-9.3469,1.57359,167.7878
63,115,0.6052,0.3948,CV,8.8024,8.7534,-14.407286239156631,-14.392648319696491,0.59308,-0.51737,58.0761
63,116,0.5239,0.4761,CV,34.5947,34.4656,-43.71600576284178,-43.38933917222587,-4.41338,0.33658,73.8491
63,119,0.2984,0.7016,CA,35.0485,34.5409,-33.402725315841664,-32.346086995701505,-17.20754,-3.64219,94.4525
63,129,0.0733,0.9267,CA,85.6729,84.4789,-70.4109472634591,-67.97599157765447,-74.97171,6.53754,255.509
63,153,0.61,0.39,CV,10.304,10.5757,-17.4698300164061,-17.568913946668005,-9.87133,5.98908,156.8433
63,159,0.5413,0.4587,CV,45.1063,45.0697,-110.56615498990652,-110.27518532737284,-4.06837,-0.49312,86.3077
63,160,0.6151,0.3849,CV,28.4644,28.406,-27.922216847971914,-27.918571057651867,-0.1442,-1.93208,841.6345
63,138,0.5868,0.4132,CV,20.4222,20.363,-25.58658135462466,-25.469159477303364,-2.65637,0.42057,83.1589
63,144,0.4991,0.5009,CA,21.7302,21.4499,-16.092574533193627,-15.71829169274967,-7.66198,0.65234,89.0534
63,124,0.5631,0.4369,CV,28.244,27.9675,-49.30290791091566,-49.15687477513179,4.80022,-2.85243,132.9835
63,186,0.6093,0.3907,CV,16.8279,16.9259,-12.636248140222751,-12.629406148080722,1.12299,0.82316,76.6717
63,145,0.6082,0.3918,CV,4.1775,4.1319,-7.015970262697138,-7.033078888703056,-4.75723,1.55343,120.3565
63,189,0.5538,0.4462,CV,17.6558,17.0353,-21.809762690504876,-21.631730254140592,-10.76549,8.11413,422.9541
63,118,0.6116,0.3884,CV,15.4789,15.4413,-13.56999632149024,-13.552662992477128,1.36236,0.52104,151.0686
63,171,0.5488,0.4512,CV,17.034,17.6829,-25.280591749703436,-25.7139699231366,18.19667,-9.72441,117.9766
63,149,0.6141,0.3859,CV,8.052,8.03,-10.892353823722054,-10.883497362139757,-0.75215,0.37344,67.2062
63,136,0.6287,0.3713,CV,6.6937,6.7974,-8.30998370167639,-8.349825399180963,1.23973,0.2011,116.7406
63,184,0.6168,0.3832,CV,7.7175,7.7436,-12.2554976985964,-12.266357022245764,-0.5683,-0.59397,104.1002
63,195,0.6006,0.3994,CV,19.1742,18.9864,-28.972603646567173,-28.921368632323855,2.87016,-2.10164,317.7078
63,172,0.6519,0.3481,CV,10.7949,11.2111,-28.32943503759335,-28.42485970355192,12.94492,0.55982,794.1192
63,128,0.2832,0.7168,CA,48.9659,48.6069,-54.400938947234614,-53.22143877139892,-12.6718,-0.19699,85.6476
63,194,0.6863,0.3137,CV,6.7336,7.7369,-7.0263067914662365,-7.258480138910363,6.99077,-1.26501,153.0846
63,185,0.5177,0.4823,CV,57.5278,57.2937,-30.908560103124284,-30.552260929119704,7.7715,-2.57804,195.5916
63,183,0.6121,0.3879,CV,6.4453,6.418,-7.647236366346286,-7.6352461598104995,-0.14692,0.01244,31.8152
63,213,0.28,0.72,CA,51.8301,49.7182,-27.911550910553053,-26.941785244451903,71.14083,-24.97698,672.9838
63,214,0.4338,0.5662,CA,10.1627,9.0782,-8.367740283703148,-7.873801087702934,28.68058,-3.3567,177.1421
63,215,0.5723,0.4277,CV,11.0158,10.4695,-9.727518549902463,-9.633625461106625,1.34466,-17.47792,299.9698
63,193,0.5573,0.4427,CV,26.5403,26.3652,-17.341854998612323,-17.174566264897358,-2.64439,-0.98931,98.2403
63,169,0.6636,0.3364,CV,7.3165,7.7376,-23.221986809941082,-23.401465686572664,-14.95024,-3.20392,231.5488
63,217,0.2116,0.7884,CA,35.3399,34.9261,-45.60986450896177,-43.93875235821056,-21.39652,9.49653,181.9705
63,147,0.585,0.415,CV,66.3244,65.8659,-18.180667413711134,-18.098500014195004,1.99333,-10.52163,1440.8785
63,218,0.1886,0.8114,CA,21.1546,19.3583,-45.7637229190167,-44.366086459195785,-84.0042,-2.41879,357.9253
63,211,0.6611,0.3389,CV,13.6171,16.0254,-9.157862171552885,-9.34160596322788,36.83665,-4.50484,291.6925
63,220,0.0911,0.9089,CA,55.5248,55.0335,-68.11381845529422,-65.36353006423523,-62.19649,6.28192,263.4537
63,221,0.5374,0.4626,CV,21.8497,21.7032,-14.998426959376904,-14.638581607571545,19.65907,-1.05991,147.0275
63,222,0.5344,0.4656,CV,21.145,21.0415,-20.227387183425982,-19.856899120644158,-3.1017,-10.11983,107.518
63,120,0.2168,0.7832,CA,48.0912,48.1797,-86.37693588641498,-84.68522879817895,12.53152,-2.81001,63.491
63,206,0.5,0.5,CA,77.971,77.8806,-79.89880897913251,-78.25632544988247,-9.47029,-1.15173,69.9283
63,210,0.2141,0.7859,CA,23.0651,22.2306,-30.546267109860548,-29.17728824660244,16.06403,45.38927,184.6378
63,223,0.6463,0.3537,CV,4.8772,4.8772,-6.336849757983835,-6.342451086815643,-1.54624,1.42397,43.1646
63,152,0.5208,0.4792,CV,14.4814,14.3183,-32.93183661824645,-32.71297815787384,-5.09612,0.97947,52.9868
63,225,0.7,0.3,CV,11.7014,11.7014,-11.182896908532229,-11.182896908532229,0.0,0.0,85.6241
63,226,0.7,0.3,CV,16.8377,16.8377,-10.199791552385403,-10.199791552385403,0.0,0.0,99.8309
64,114,0.5139,0.4861,CV,22.2053,21.878,-38.618901038775704,-38.25114922192295,-13.05617,1.89139,147.3579
64,115,0.6134,0.3866,CV,4.3172,4.318,-11.653954119554726,-11.660439950623585,0.17021,-0.45171,60.0831
64,116,0.434,0.566,CA,43.7449,43.5062,-46.954790346034024,-46.35266485642558,-7.41997,0.72807,81.2992
64,119,0.2653,0.7347,CA,26.5669,25.8416,-22.838417547466367,-21.801917267588074,-27.4787,-6.13635,110.2078
64,129,0.1726,0.8274,CA,42.0168,40.1947,-21.08421273762571,-19.8166859449394,-103.52934,7.5488,326.7506
64,153,0.6285,0.3715,CV,7.7165,7.9112,-22.500013544218977,-22.563845700671155,-2.24089,2.75396,147.3341
64,160,0.6145,0.3855,CV,20.7989,20.6688,-30.96988638099175,-30.96654017885025,0.86933,-2.46376,836.7449
64,138,0.6164,0.3836,CV,9.2834,9.4056,-9.112890674363133,-9.159068541531514,-0.79674,0.45958,80.6934
64,144,0.6156,0.3844,CV,17.0121,17.3758,-56.02706032700375,-56.197067718521104,-1.6642,-0.55216,85.7787
64,124,0.5641,0.4359,CV,24.9123,24.6063,-67.25462368358919,-67.11932501304099,5.32086,-3.0535,142.8999
64,186,0.6006,0.3994,CV,12.2157,12.1447,-18.798586700410063,-18.74543372022308,1.29913,1.21413,74.2854
64,145,0.5507,0.4493,CV,17.483,17.2632,-14.914683224437168,-14.658761024852852,-8.0341,2.08023,114.9705
64,189,0.6023,0.3977,CV,2.1771,2.2703,-50.19024413979702,-50.225331838952656,-6.73726,5.45126,378.5801
64,118,0.6004,0.3996,CV,23.438,23.3671,-34.41225076419184,-34.354929376097715,2.40191,0.2313,147.7071
64,171,0.6387,0.3613,CV,27.3779,28.0061,-27.83282182420796,-28.02973874579844,-4.64856,-0.1792,118.9014
64,149,0.6169,0.3831,CV,4.2221,4.2276,-14.214942261673066,-14.223284389671349,-0.4376,0.18517,64.1647
64,136,0.6233,0.3767,CV,6.3076,6.276,-8.699908835380215,-8.713740283386965,0.38069,0.38993,111.2613
64,184,0.6192,0.3808,CV,7.9733,8.0156,-7.995985036687161,-8.010013720374246,0.1301,-0.07278,103.4254
64,195,0.6083,0.3917,CV,10.3065,10.168,-38.405262352080335,-38.397385171917875,1.49177,-1.62399,308.2073
64,172,0.5604,0.4396,CV,34.3448,34.0173,-36.43335851475199,-36.151918248086936,36.25504,0.6963,708.9521
64,128,0.2275,0.7725,CA,43.3843,42.8173,-47.570565492103555,-46.35159338194045,-22.79174,-0.994,96.8762
64,194,0.5661,0.4339,CV,14.5645,14.3719,-18.63237068892859,-18.32199336112285,15.82412,-1.72551,133.214
64,185,0.5544,0.4456,CV,19.7342,19.3603,-10.613655468788627,-10.504311697997924,7.73022,-2.26136,214.1579
64,183,0.6106,0.3894,CV,14.0962,14.11,-12.763486425427725,-12.74811101154116,-0.64276,-0.31837,29.7535
64,213,0.5121,0.4879,CV,28.694,29.2182,-16.080177483864603,-16.136488922068963,55.45402,-24.38572,800.1301
64,214,0.501,0.499,CV,6.5957,5.5845,-7.3966301960382665,-7.1925601731469,28.39737,-2.51445,181.367
64,215,0.6108,0.3892,CV,3.0595,2.6285,-8.443431607432593,-8.487325931844785,0.1354,-11.82428,291.7671
64,193,0.5336,0.4664,CV,47.0793,46.9792,-46.75622501721073,-46.50578533633066,-4.1126,-1.95861,95.9414
64,217,0.325,0.675,CA,21.883,21.0946,-13.203799513352902,-12.576783153715873,-36.86957,9.25186,218.4486
64,147,0.609,0.391,CV,33.5807,33.8246,-13.25233727830489,-13.270279750426706,2.91684,-4.09252,1454.3988
64,210,0.3653,0.6347,CA,14.1305,13.7135,-12.032098814266083,-11.579924073616848,22.76726,40.20917,177.6864
64,218,0.2506,0.7494,CA,16.3012,13.9451,-25.579157356825853,-24.619997010320347,-112.71149,-5.00032,439.2757
64,220,0.0495,0.9505,CA,60.7286,58.9396,-48.578446060551215,-45.897632620223234,-145.83612,19.44554,473.1977
64,221,0.4085,0.5915,CA,21.0512,20.2164,-19.834702575047373,-19.108656309428703,30.10764,-4.88438,236.2376
64,120,0.3881,0.6119,CA,87.8826,88.1541,-234.70791666912547,-234.3492204245785,-7.32469,-6.25021,68.175
64,225,0.6333,0.3667,CV,24.1509,24.1509,-20.354145377328805,-20.30339335014364,-10.01121,-1.36331,118.4259
64,226,0.6272,0.3728,CV,26.9689,26.9689,-25.88041764010353,-25.803563939420407,-13.06095,0.9135,132.8536
64,206,0.4711,0.5289,CA,18.4319,17.9916,-13.664205886064575,-13.246373130675911,-9.87616,-0.45362,72.564
64,176,0.5,0.5,CA,13.7423,13.7397,-23.74041250791405,-23.74468321874896,0.18583,-0.20326,97.0473
64,169,0.6519,0.3481,CV,6.2588,6.4185,-7.391507323308294,-7.476765519321624,-0.69581,1.38496,178.7363
64,222,0.5818,0.4182,CV,8.6892,8.5446,-11.994535631458012,-11.972988943801647,-5.30707,-11.58875,144.3578
64,223,0.6258,0.3742,CV,5.8926,5.86,-8.31260622174974,-8.311087477033503,-2.40838,-1.76155,65.2048
64,152,0.5705,0.4295,CV,16.3559,16.474,-21.53728610084792,-21.48889704548186,0.21169,1.62175,48.4331
64,230,0.7,0.3,CV,5.9525,5.9525,-10.880802557782575,-10.880802557782575,0.0,0.0,700.3567
65,114,0.5715,0.4285,CV,55.5615,55.9395,-48.84827231575084,-48.813809318989854,3.84078,-3.3908,161.3915
65,115,0.6137,0.3863,CV,14.1326,14.1452,-11.161843742799203,-11.15749484323114,0.20826,-0.83517,57.6628
65,119,0.462,0.538,CA,6.1091,5.5739,-10.149165628753854,-10.025471464169389,-26.67683,-4.95816,128.1715
65,129,0.1826,0.8174,CA,36.0535,33.2773,-16.58141027906747,-15.241065883322374,-140.35497,9.61674,472.5989
65,160,0.6161,0.3839,CV,10.6892,10.5289,-26.026710498880526,-26.03116610457856,1.1384,-2.07045,835.8579
65,138,0.611,0.389,CV,18.566,18.5874,-15.95412249967108,-15.93416807817722,0.58483,0.32622,83.0316
65,144,0.5985,0.4015,CV,10.7531,10.6717,-59.828453613386706,-59.75752660243884,-3.17823,-0.32744,82.3457
65,124,0.5628,0.4372,CV,26.1386,25.8168,-62.64107992863402,-62.49874088230541,6.01295,-3.07525,159.6398
65,186,0.5732,0.4268,CV,19.0916,18.9999,-20.695717756626152,-20.542311619651237,2.63076,1.37997,70.7654
65,145,0.6146,0.3854,CV,12.3763,12.6662,-9.17525386531996,-9.26665699955727,-2.00481,1.76073,111.1404
65,118,0.5792,0.4208,CV,29.5619,29.4592,-51.31311451437374,-51.18455644480359,3.59103,0.03425,136.9184
65,171,0.4561,0.5439,CA,30.0529,29.8691,-31.17040891028287,-30.489910859325384,-14.89046,4.31867,122.521
65,149,0.6032,0.3968,CV,15.4343,15.4097,-21.822064464968904,-21.76863997995514,-1.47842,0.25552,62.1747
65,136,0.6157,0.3843,CV,9.8808,9.8761,-9.512462543847986,-9.502238753822724,-1.67088,0.72495,105.2311
65,184,0.6133,0.3867,CV,15.3938,15.391,-16.015227042795242,-16.000686306348076,1.00672,0.47574,99.7415
65,195,0.6153,0.3847,CV,16.2146,16.274,-69.86807732164287,-69.8782369384717,-0.3254,-0.91567,299.8448
65,128,0.3696,0.6304,CA,15.7366,15.0182,-12.184560769620893,-11.732163832349787,-27.0387,-1.9204,113.9511
65,185,0.5657,0.4343,CV,20.5344,20.1031,-11.416906263591066,-11.300704972821158,7.86429,-2.47688,230.0573
65,183,0.6158,0.3842,CV,2.15,2.1578,-7.459613625264285,-7.4683427530499085,-0.32029,-0.28382,30.2086
65,213,0.3579,0.6421,CA,61.4591,60.2999,-25.31799462246174,-24.413995664294426,73.26103,-32.73577,901.3943
65,214,0.6062,0.3938,CV,3.2954,3.6753,-6.42659360208402,-6.554317421479158,17.05334,-0.21938,169.3445
65,215,0.6277,0.3723,CV,7.0365,7.1717,-10.47546218364506,-10.534473602165148,1.86312,-6.50564,273.6734
65,193,0.5741,0.4259,CV,34.2858,34.3172,-29.662829312788194,-29.611065663117085,-1.14372,-3.3431,104.2234
65,217,0.4499,0.5501,CA,19.4093,19.349,-21.65985134243306,-21.403582302557744,-35.20987,2.64271,231.4785
65,147,0.6179,0.3821,CV,35.0402,35.3457,-12.107088050979955,-12.127327922993977,1.82537,0.86048,1420.439
65,210,0.6047,0.3953,CV,9.2334,9.8593,-8.33455491316424,-8.647978797563951,11.18385,25.17178,166.659
65,218,0.2593,0.7407,CA,15.7606,12.5214,-18.224402611818157,-17.224083024796947,-142.83439,-4.96431,493.0752
65,220,0.2256,0.7744,CA,19.2025,15.9059,-11.135287053157924,-10.235987997438565,-171.14939,21.23544,603.9361
65,221,0.3533,0.6467,CA,20.7113,19.1409,-28.06834675764052,-27.29140057239164,44.93069,-3.86774,336.4697
65,222,0.5409,0.4591,CV,12.8087,12.4865,-10.857125893695418,-10.600609144761474,-2.82871,-15.70029,166.8566
65,120,0.2795,0.7205,CA,32.7492,32.4202,-45.71479776094665,-44.624199632131415,-15.19748,-8.0019,71.684
65,225,0.4166,0.5834,CA,33.9007,33.6313,-31.818327297814168,-30.985183393776428,-33.39389,-8.64262,213.8414
65,230,0.6484,0.3516,CV,2.9245,2.9245,-10.237680280154178,-10.25234705212887,-1.14523,-0.81246,944.3603
65,206,0.547,0.453,CV,17.1262,17.0503,-14.162776678766743,-14.090365194169564,-7.6983,0.77694,80.0226
65,176,0.5677,0.4323,CV,19.7759,19.7657,-13.60407408414314,-13.574318224239551,1.50438,-0.31609,89.588
65,212,0.5,0.5,CA,53.7446,53.6364,-15.925454423121225,-15.844778676889348,5.40528,0.78308,112.8625
65,140,0.5,0.5,CA,48.6264,48.6398,-27.56779183638163,-27.443789740275072,0.6332,-0.8703,124.9895
65,153,0.6158,0.3842,CV,10.0103,9.9628,-32.03273775626345,-32.01501554824235,0.89472,1.70261,131.8011
65,172,0.5577,0.4423,CV,22.3164,21.2597,-44.112479439664334,-43.955026632526966,34.46291,-0.34722,665.8808
65,169,0.5009,0.4991,CV,16.6839,16.6658,-16.462484846489097,-15.941592223610057,20.91048,7.77406,152.3169
65,223,0.6431,0.3569,CV,5.9763,6.1847,-7.054834052667875,-7.1580424738999495,-2.31324,1.48246,76.4457
65,226,0.4666,0.5334,CA,26.8635,26.5483,-41.00934945933269,-40.38782372541182,-33.05674,5.06551,239.2121
65,152,0.5622,0.4378,CV,12.9037,12.8849,-15.38336828252926,-15.229278367531139,0.91208,2.9331,47.3756
65,231,0.7,0.3,CV,11.4736,11.4736,-9.580509609119472,-9.580509609119472,0.0,0.0,43.2631
65,232,0.7,0.3,CV,5.1559,5.1559,-7.22231432263317,-7.22231432263317,0.0,0.0,43.8759
66,114,0.5528,0.4472,CV,31.4779,31.2007,-16.02032013225906,-15.826967748006576,5.31251,-4.0872,172.336
66,115,0.6154,0.3846,CV,4.5909,4.5687,-7.471204959555683,-7.473652146410817,-0.12826,-0.69695,58.5472
66,129,0.1801,0.8199,CA,36.8866,33.1693,-14.87060557273148,-13.499423973134423,-195.38576,13.03104,711.3369
66,160,0.618,0.382,CV,12.7886,12.8067,-18.25579859520529,-18.265683097986244,0.98419,-1.60363,851.1865
66,138,0.6047,0.3953,CV,14.4633,14.3954,-15.288873174532508,-15.250546291908716,0.8623,0.43402,86.4807
66,144,0.5673,0.4327,CV,14.0809,13.9258,-52.08197834443313,-51.907807235532935,-4.6172,0.22814,79.7789
66,124,0.5409,0.4591,CV,47.4652,47.1527,-32.05623552260214,-31.827155703235896,7.62958,-2.98257,193.291
66,186,0.5398,0.4602,CV,21.7168,21.5625,-24.21163086005287,-23.963245054402098,3.85231,1.60504,71.426
66,145,0.5978,0.4022,CV,18.1098,18.1524,-12.651422437453322,-12.578933764676172,2.67692,1.32809,105.8697
66,118,0.6041,0.3959,CV,49.6652,49.8529,-48.50932272031378,-48.51510442591177,-2.43791,0.1135,139.842
66,171,0.2931,0.7069,CA,29.4313,28.7211,-23.335470299107012,-22.215506885966526,-25.73071,7.30407,132.2531
66,149,0.6033,0.3967,CV,9.233,9.185,-43.73863634167469,-43.70577692458389,-1.37977,-0.20407,58.4667
66,136,0.6033,0.3967,CV,19.0062,18.979,-13.524100372284314,-13.47262962022068,-2.0579,1.04327,92.5383
66,184,0.6068,0.3932,CV,13.11,13.056,-37.28511948430667,-37.252258992347095,1.39702,0.64102,94.6333
66,195,0.6195,0.3805,CV,13.4685,13.5671,-66.59994004990017,-66.6172944863544,0.03888,-0.11934,285.0481
66,128,0.1616,0.8384,CA,34.5601,33.5835,-49.48933032928874,-47.72527372460441,-48.83978,-3.11094,147.694
66,185,0.5798,0.4202,CV,15.6143,15.1966,-10.37681849249213,-10.301627179497192,7.1392,-2.60366,240.9156
66,183,0.6169,0.3831,CV,6.3576,6.3701,-8.954454828271631,-8.960182162858132,0.15348,-0.17797,31.8959
66,214,0.6375,0.3625,CV,11.5422,12.0189,-11.565767394148118,-11.673846114017284,-0.83921,2.11998,153.5789
66,215,0.6228,0.3772,CV,10.734,10.725,-8.702408519645958,-8.715771144928189,-0.59477,-4.6259,254.8668
66,193,0.5782,0.4218,CV,20.3974,20.2536,-41.87511796122426,-41.78109969937256,-0.1358,-3.87049,108.4571
66,217,0.5399,0.4601,CV,7.5284,7.186,-11.99139501212423,-11.920677236993981,-27.35837,2.28328,223.4325
66,147,0.6061,0.3939,CV,71.6948,71.6167,-18.388078456655347,-18.345372589392234,5.47648,4.13302,1381.6779
66,218,0.5038,0.4962,CV,3.8968,2.8566,-14.204209994197964,-14.256216888577729,-118.26655,-4.23927,480.685
66,220,0.5489,0.4511,CV,8.7033,10.6491,-20.553519906562133,-20.833778267708837,-131.18983,17.27856,705.5067
66,221,0.3511,0.6489,CA,27.7163,27.0077,-40.17022799948919,-39.461285098094876,55.47314,3.4219,396.0246
66,222,0.5446,0.4554,CV,9.0324,8.4776,-9.218559113426284,-9.036360512288287,0.3612,-16.1173,179.4846
66,120,0.4479,0.5521,CA,6.1804,5.6191,-28.275129604601027,-28.074565902934594,-16.14449,-7.3925,77.8241
66,225,0.3292,0.6708,CA,20.0831,18.6226,-32.226269608428645,-31.330542191655148,-51.54649,-16.66673,358.7064
66,231,0.6455,0.3545,CV,7.0955,7.0955,-10.514811831264254,-10.516957495465965,-1.82545,-2.14495,58.2628
66,232,0.6454,0.3546,CV,6.9552,6.9552,-7.27548002524318,-7.277154702206538,1.02756,2.32582,57.1414
66,176,0.604,0.396,CV,6.9307,7.001,-10.459574759723242,-10.48164330854029,0.4588,0.1672,88.2558
66,212,0.5728,0.4272,CV,21.6456,21.7792,-12.739700149556715,-12.730888053867776,-0.43566,1.10564,108.0363
66,140,0.5591,0.4409,CV,34.9372,34.8936,-17.523550317388228,-17.45871803019591,1.39384,-1.87054,110.013
66,165,0.5,0.5,CA,46.6465,46.6438,-35.39297213340307,-35.25506000557883,-7.45059,0.28644,115.105
66,211,0.5,0.5,CA,32.9748,33.8179,-21.156398166447143,-20.834798379364038,-29.43313,2.87775,177.4012
66,119,0.4805,0.5195,CA,9.6039,8.8033,-23.546686762944844,-23.2207435016242,-28.0057,-3.92553,140.0749
66,153,0.147,0.853,CA,59.2166,59.1594,-84.89718332735757,-82.66801046949958,19.87055,-5.05061,137.4653
66,169,0.4918,0.5082,CA,8.6237,7.7048,-30.954248595909196,-30.61814016747101,23.565,8.71422,140.1209
66,226,0.0307,0.9693,CA,49.7078,48.2492,-107.40951771167023,-103.70412282129382,-97.76594,3.70462,474.9525
66,152,0.482,0.518,CA,34.0839,34.0335,-45.15834305724773,-44.6941960815838,-1.24181,3.63935,53.6489
66,230,0.6379,0.3621,CV,16.8724,16.8394,-10.386539305938221,-10.43395087616808,-12.93948,-2.23216,1380.4784
66,206,0.5578,0.4422,CV,16.9259,16.7395,-13.297346899883784,-13.159698697041495,-6.89066,1.62167,83.7555
67,114,0.5984,0.4016,CV,30.0379,30.3432,-14.789234605924147,-14.809583403845886,-2.38715,-1.1497,168.9188
67,115,0.6135,0.3865,CV,8.3227,8.3,-9.697395554090097,-9.689662060178925,-0.6875,-0.66355,60.2158
67,129,0.0957,0.9043,CA,49.0085,43.7538,-18.4342851445686,-16.336152801571608,-309.4809,24.52693,1023.9216
67,160,0.6177,0.3823,CV,13.873,13.8205,-15.82680762126418,-15.832726821242716,0.99625,-1.31901,869.2759
67,138,0.6072,0.3928,CV,9.8349,9.7577,-17.75252963727646,-17.733758578774086,0.65897,0.58439,89.1606
67,124,0.5328,0.4672,CV,47.7961,47.3776,-19.162306548063583,-18.932486936993982,9.44565,-2.20376,222.3645
67,186,0.493,0.507,CA,27.8255,27.5984,-27.68005561655164,-27.292530943426417,5.48283,2.25778,74.8948
67,145,0.5903,0.4097,CV,30.041,30.0878,-27.299850882494038,-27.220781312739113,-1.13371,2.03568,111.0133
67,171,0.3059,0.6941,CA,19.6927,18.6693,-18.464019029140655,-17.634391530878247,-36.93743,10.65419,154.8196
67,149,0.5782,0.4218,CV,17.3605,17.295,-49.06590153496911,-48.929024194650275,-2.41074,-0.65321,57.4732
67,136,0.61,0.39,CV,4.0168,3.9263,-6.380980210132376,-6.376233647109369,-1.52839,0.98244,87.1868
67,195,0.6158,0.3842,CV,20.2317,20.2257,-21.36750574175195,-21.363071181450657,-0.18125,-0.58785,294.8102
67,128,0.1186,0.8814,CA,33.152,31.6496,-33.022404472393625,-31.19043729941832,-86.34052,-4.24104,197.5314
67,185,0.5741,0.4259,CV,22.2258,21.8535,-12.823340584405667,-12.704330121618243,7.48226,-2.95328,245.7174
67,183,0.6142,0.3858,CV,6.6358,6.6192,-7.6195859894523394,-7.61253950107013,0.34921,-0.09981,34.0524
67,214,0.5973,0.4027,CV,10.8568,10.7151,-9.352411143703113,-9.243897079883869,-5.90272,2.88982,137.0914
67,215,0.6218,0.3782,CV,3.9838,3.8646,-15.143708814345617,-15.15976364265741,-0.7977,-2.98957,236.1935
67,193,0.5825,0.4175,CV,17.1455,16.9841,-47.74162438067643,-47.659213424124125,-0.97732,-3.85992,110.5971
67,217,0.5341,0.4659,CV,8.5154,7.7986,-7.642106904495208,-7.4189985905116504,-28.51254,4.03462,210.9989
67,147,0.6028,0.3972,CV,42.8986,42.5316,-13.43856956035155,-13.39945113641435,5.95668,5.2533,1388.1808
67,218,0.712,0.288,CV,11.1506,14.6523,-17.977454822930053,-18.574692267919826,-3.22751,0.68152,400.7173
67,220,0.0616,0.9384,CA,44.1076,40.5035,-23.960445748164844,-20.86486733870958,-236.60083,37.18804,1066.7532
67,221,0.5619,0.4381,CV,4.3461,5.253,-36.680556205802674,-36.83785820430281,37.79036,4.88941,396.3164
67,222,0.5631,0.4369,CV,6.9696,6.3183,-11.827091743280443,-11.714455489318748,1.69297,-14.61679,179.0845
67,120,0.6196,0.3804,CV,7.5782,8.1827,-30.74476225167435,-31.004651409890332,-6.5707,-2.3903,80.306
67,225,0.1428,0.8572,CA,33.0026,30.8584,-26.30824316361464,-24.454923682618553,-100.72595,-24.46128,527.1327
67,226,0.1498,0.8502,CA,30.213,28.3517,-73.30289710002089,-71.92767034135508,-142.63924,14.9659,547.5758
67,152,0.4578,0.5422,CA,48.211,48.0114,-77.01486829800106,-76.56919033096445,-0.51853,3.75346,71.1305
67,206,0.5831,0.4169,CV,30.9741,31.2885,-37.06895967581795,-37.01887248802144,4.49611,0.15355,79.3657
67,232,0.6139,0.3861,CV,8.0678,8.014,-8.162804030737044,-8.112073832193325,7.63451,4.42349,84.7494
67,176,0.5988,0.4012,CV,17.3407,17.3261,-15.069670454608628,-15.016890574452908,1.58555,-0.64873,83.3903
67,212,0.5253,0.4747,CV,36.1895,36.1038,-22.11632681153629,-21.809952742963958,-6.56894,1.60894,113.3469
67,140,0.584,0.416,CV,16.2792,16.1439,-17.988957808705518,-17.94065184623908,1.25851,-1.92385,113.3962
67,211,0.5673,0.4327,CV,24.9677,26.0338,-20.406852272122766,-20.37544138161396,18.34948,-1.44579,169.875
67,127,0.5,0.5,CA,160.7773,160.8227,-76.02410348595674,-75.46363553620624,7.97018,0.1188,192.1249
68,114,0.4905,0.5095,CA,51.2498,51.1376,-30.794210093635996,-30.311077771457605,-9.96587,1.89123,167.3729
68,115,0.6046,0.3954,CV,12.4996,12.4516,-10.417882823218527,-10.375153555909618,-1.14156,-0.82233,58.8857
68,129,0.5942,0.4058,CV,29.9954,33.9503,-13.464510124620055,-14.113493875760078,-223.75978,17.97001,1144.2896
68,160,0.6169,0.3831,CV,16.3393,16.2593,-11.243691191233026,-11.246768522226388,0.76013,-1.29653,892.9487
68,138,0.6092,0.3908,CV,9.7863,9.7229,-19.363826926460174,-19.349959498739373,0.63881,0.76311,91.215
68,145,0.5487,0.4513,CV,32.787,32.6407,-28.469820106480142,-28.232271995785506,-3.20402,3.25258,110.9656
68,171,0.4718,0.5282,CA,5.3273,4.1916,-13.957227927053776,-13.816185610016877,-35.23865,9.77445,170.1433
68,149,0.5495,0.4505,CV,17.3438,17.2091,-51.59315070586179,-51.37658657416792,-3.32412,-0.95527,56.1599
68,136,0.6122,0.3878,CV,8.85,8.8467,-8.870332858104753,-8.864813313796494,-0.29391,0.66469,79.0782
68,195,0.618,0.382,CV,4.9909,5.0565,-10.177113555316172,-10.187444272763177,0.05362,-0.20285,294.9742
68,128,0.1708,0.8292,CA,21.9427,19.7608,-15.926961236235021,-14.582028570728236,-117.88335,-4.91403,254.9261
68,185,0.5653,0.4347,CV,22.3229,21.9068,-13.794164061572094,-13.647481004611915,8.0875,-3.37107,249.1865
68,183,0.6172,0.3828,CV,5.1497,5.1676,-6.534022505187052,-6.543348901801295,-0.08444,-0.05539,35.0172
68,214,0.566,0.434,CV,12.1252,11.8182,-11.298232215228772,-11.120566688028877,-7.36288,3.29064,128.4568
68,215,0.6226,0.3774,CV,2.5469,2.5966,-15.968081652114286,-15.989256594464969,-0.47402,-1.54969,221.8515
68,193,0.5573,0.4427,CV,30.9273,30.8083,-54.861066725160626,-54.66960671470211,-3.33761,-3.84841,111.0935
68,217,0.6121,0.3879,CV,2.788,3.0781,-7.643506001004351,-7.748400266424341,-17.1413,3.03467,192.1296
68,147,0.6037,0.3963,CV,36.8089,36.4019,-12.307051075005308,-12.276496467640596,5.31151,5.88249,1405.5386
68,218,0.6719,0.3281,CV,6.5774,6.5478,-9.813989506026882,-9.915147845554213,-6.22943,-1.2889,286.4925
68,220,0.5488,0.4512,CV,20.5025,24.3159,-15.144365019328557,-15.656667037321089,-163.59019,35.19948,951.0984
68,221,0.481,0.519,CA,14.6486,13.3332,-28.79274378128632,-28.3252453500371,46.78072,5.84422,378.7544
68,222,0.5707,0.4293,CV,6.565,5.9234,-9.659789164762989,-9.55113945560642,1.12215,-13.69738,171.5199
68,120,0.6121,0.3879,CV,13.0169,13.2278,-15.978934867150855,-15.958825035726685,2.63652,2.88772,77.5787
68,225,0.1747,0.8253,CA,28.8832,25.8699,-38.56571742318853,-37.213897228022745,-152.9049,-36.36615,615.1759
68,226,0.4565,0.5435,CA,7.0624,6.7208,-49.48721768311437,-49.503723606124225,-130.14885,14.47254,555.8315
68,152,0.5693,0.4307,CV,24.7768,24.8993,-31.353565703776383,-31.390273493336945,0.70625,3.2578,62.8927
68,206,0.5183,0.4817,CV,15.7621,15.564,-39.521045383874885,-39.17161210293345,7.10659,-0.86053,76.1922
68,212,0.4187,0.5813,CA,45.5068,45.1175,-31.083704433556605,-30.416960807550247,-12.02661,2.62922,120.5348
68,140,0.5982,0.4018,CV,11.807,11.6788,-35.70438211997221,-35.67851938567996,1.13639,-1.85894,119.0052
68,211,0.336,0.664,CA,32.3099,31.7267,-25.32122571201093,-24.240439307674613,36.63347,-3.1562,191.9339
68,127,0.4819,0.5181,CA,65.2836,64.8185,-33.443501918787014,-33.06866052700193,10.18522,-0.48491,190.0892
68,213,0.5,0.5,CA,89.8947,92.585,-20.1402002284928,-19.888995885001044,-49.74994,14.54631,974.7098
68,118,0.5,0.5,CA,50.3022,50.2043,-99.3263411567414,-99.0463745156268,-5.20316,0.24686,133.6909
68,230,0.5,0.5,CA,30.6675,30.7928,-14.51323939009187,-14.574358710005214,9.42668,-5.09651,2078.0448
68,186,0.4861,0.5139,CA,22.8814,22.5627,-15.942105428827809,-15.594397797003523,6.95657,2.62392,79.3113
68,232,0.6299,0.3701,CV,5.7332,5.79,-6.632504988331119,-6.696575388760563,1.3217,6.6821,104.3552
68,176,0.5383,0.4617,CV,32.0076,31.9329,-50.72145695926119,-50.42936972953299,4.23424,-1.25378,85.6309
69,114,0.4092,0.5908,CA,40.9616,40.3982,-23.5421746239776,-22.886271502255106,-15.45622,4.19521,179.0472
69,115,0.6082,0.3918,CV,5.1663,5.0857,-6.72602986864667,-6.711944620518165,-1.05856,-0.59618,58.5264
69,129,0.7017,0.2983,CV,34.714,38.8339,-14.150444971462063,-14.567254764474512,-29.71857,3.09151,1322.5522
69,160,0.6164,0.3836,CV,16.768,16.6693,-11.352182196422403,-11.35412080467298,0.61614,-1.10875,925.2654
69,138,0.6072,0.3928,CV,13.9626,13.8936,-21.37198789531827,-21.346822248779596,0.89115,0.77577,96.7858
69,145,0.5667,0.4333,CV,18.4498,18.2575,-19.303815421376022,-19.19983291572654,-2.40738,3.42502,114.7499
69,171,0.3396,0.6604,CA,18.5182,17.34,-13.794254982624267,-12.867282203567356,-49.71931,12.56741,197.3201
69,149,0.5145,0.4855,CV,18.1891,18.0074,-47.805007824043955,-47.48949193272712,-4.57022,-1.19876,55.5693
69,195,0.6134,0.3866,CV,27.4746,27.4446,-22.747367737090496,-22.735147310904082,-0.16155,-0.58763,316.8284
69,128,0.1894,0.8106,CA,19.7559,16.8195,-13.496803629357938,-12.203814137057279,-153.46511,-4.31219,341.2113
69,185,0.5686,0.4314,CV,17.7165,17.2772,-13.253128070595604,-13.13272915349172,7.86906,-3.57495,250.4869
69,183,0.6175,0.3825,CV,2.0557,2.0501,-6.5315493953819805,-6.5379707673986225,0.04056,-0.08135,36.1335
69,214,0.5651,0.4349,CV,12.4046,12.106,-11.454877100964534,-11.319235702682358,-6.87822,3.29938,126.5299
69,215,0.6167,0.3833,CV,13.6135,13.5786,-12.40479517840743,-12.399807699022094,-0.49985,-1.00591,218.7459
69,193,0.5362,0.4638,CV,25.399,25.1771,-56.92392162905287,-56.68415554658515,-5.15941,-3.56503,114.0589
69,217,0.6403,0.3597,CV,10.4173,10.9798,-9.48652700776484,-9.59787303928178,1.72584,0.79999,166.9539
69,147,0.6038,0.3962,CV,43.4213,43.0591,-12.62035306583427,-12.588961946706306,5.23157,5.55607,1453.5867
69,218,0.6504,0.3496,CV,6.2943,6.4162,-18.878981847281214,-18.945333194566643,3.67969,-1.35843,223.7532
69,220,0.6374,0.3626,CV,12.9691,14.2187,-46.48224788043273,-46.673761524434646,-83.65098,22.77129,940.5112
69,221,0.6112,0.3888,CV,36.3172,37.8551,-60.59424950197918,-60.77150584828227,-17.23107,-0.01445,386.1353
69,222,0.5873,0.4127,CV,12.0605,11.9299,-14.426434144896476,-14.37500986539788,1.70227,-9.9967,170.9346
69,120,0.5798,0.4202,CV,12.0766,11.9436,-11.093084332421215,-10.949870364629067,3.14809,4.00738,76.4977
69,225,0.6679,0.3321,CV,14.05,18.0506,-59.94934652974977,-60.803784101359426,-85.26085,-17.2984,572.7139
69,226,0.7237,0.2763,CV,13.5548,17.3276,-43.79229569430571,-44.515076740138326,-18.10987,5.45929,505.575
69,152,0.5504,0.4496,CV,23.0932,23.0681,-36.27302548209303,-36.07319812569118,2.82519,2.97062,59.2027
69,212,0.3798,0.6202,CA,37.5721,36.9576,-22.72339452048705,-22.04617306810357,-17.75383,4.07503,134.9711
69,140,0.6025,0.3975,CV,16.5044,16.4179,-31.800296017917923,-31.771375281517948,1.70223,-1.44963,125.3267
69,211,0.3585,0.6415,CA,31.3599,30.3081,-20.96590889653279,-20.31357813230503,48.26542,-4.06313,241.0789
69,127,0.484,0.516,CA,53.3157,52.779,-28.416836050361958,-28.076440072641176,12.71873,-0.94641,216.4182
69,213,0.6106,0.3894,CV,20.1458,21.5345,-10.557871002969947,-10.705240428133127,-24.34194,8.10204,919.9353
69,118,0.6033,0.3967,CV,22.8819,23.1477,-48.151389089347404,-48.26842539671658,-0.37268,0.56108,127.878
69,230,0.2852,0.7148,CA,147.8312,148.0738,-39.04669275458085,-37.825675007116196,-38.36523,-59.51791,2311.508
69,179,0.5,0.5,CA,52.1266,52.1295,-33.963369386799855,-33.945201302208375,0.40383,-0.49265,38.9257
69,159,0.5,0.5,CA,80.6451,80.606,-38.86175547090879,-38.56066208809568,-3.96086,-0.73425,80.2739
69,165,0.5,0.5,CA,59.2405,59.0269,-60.67075523364467,-59.99169058141532,-10.43313,-0.54436,120.6775
70,114,0.4228,0.5772,CA,28.1049,27.3463,-17.722947423397844,-17.238158020733902,-19.67144,6.51174,194.4181
70,115,0.6045,0.3955,CV,7.9592,7.8835,-7.658778805202958,-7.623760848915496,-1.22835,-0.53571,57.1979
70,129,0.6654,0.3346,CV,16.5093,16.8711,-11.409964199177924,-11.497481028086359,2.84354,1.46439,1141.2893
70,160,0.6091,0.3909,CV,76.6048,76.6297,-22.703212657339765,-22.6751706801847,-3.52754,-2.70915,909.5328
70,138,0.6088,0.3912,CV,11.0834,11.0089,-20.49284025758002,-20.477225493372156,0.83477,0.94922,101.5089
70,145,0.5732,0.4268,CV,20.3926,20.2235,-17.29534821608092,-17.191597790728917,-1.81022,3.89481,115.2441
70,171,0.4351,0.5649,CA,13.5924,12.6189,-16.052138420368536,-15.715451468005885,-51.90516,12.66089,237.4937
70,149,0.3943,0.6057,CA,29.2254,28.9887,-42.524274602617744,-41.77202452486156,-7.96106,-1.62139,58.4737
70,195,0.6071,0.3929,CV,57.0162,57.066,-41.331232399589524,-41.299509785336056,-2.56172,0.53544,297.46
70,128,0.7785,0.2215,CV,23.2691,27.2393,-13.333567439374633,-14.72590194240676,-32.01395,0.25913,351.3893
70,185,0.5694,0.4306,CV,18.0339,17.6624,-11.721083400233447,-11.598958335860338,7.45865,-3.32151,244.3998
70,183,0.6162,0.3838,CV,8.506,8.5162,-15.391737898060704,-15.392210236684583,-0.01388,-0.27279,34.6997
70,214,0.5861,0.4139,CV,10.0696,9.8763,-12.57140039553174,-12.523142371403985,-4.9701,2.88178,126.6449
70,215,0.615,0.385,CV,19.7922,19.7975,-10.937404972176271,-10.933602614449107,0.60004,-0.15683,218.309
70,193,0.5378,0.4622,CV,19.4092,19.1087,-54.61407192530539,-54.411360421690674,-6.25565,-3.33644,121.1387
70,217,0.6042,0.3958,CV,8.9216,8.7999,-10.405380724367777,-10.3212326217681,7.27851,0.16964,145.5034
70,147,0.6016,0.3984,CV,58.9488,58.5869,-13.993537724821927,-13.952785928067204,4.87345,5.52461,1550.9622
70,218,0.6255,0.3745,CV,10.8298,10.7774,-27.530799130793802,-27.521754333226355,6.03349,-0.96623,191.0596
70,220,0.6076,0.3924,CV,35.4683,37.7059,-38.86388055600726,-38.79832526336105,46.79158,-5.15034,900.3282
70,221,0.5213,0.4787,CV,22.6762,22.06,-31.810553713195098,-31.431769293379546,-30.97469,-0.20388,359.4982
70,222,0.5977,0.4023,CV,6.7481,6.4111,-12.414323354317418,-12.381691789054392,1.6397,-7.52727,166.8483
70,120,0.578,0.422,CV,9.9932,9.8276,-19.80405991822154,-19.701112032755013,2.21588,4.04111,73.6086
70,225,0.7043,0.2957,CV,15.6947,17.7442,-57.335117678055425,-57.65477818226264,1.48022,1.8185,516.3927
70,226,0.6868,0.3132,CV,5.5992,6.0785,-24.589709836530545,-24.74128445428647,2.39357,1.52898,377.9309
70,152,0.4439,0.5561,CA,20.5247,20.3573,-49.97909775513529,-49.3789482337583,6.54866,3.18765,61.2794
70,212,0.4176,0.5824,CA,24.2675,23.5063,-14.079442067811758,-13.614856545289065,-22.23214,5.06417,155.8418
70,140,0.5673,0.4327,CV,46.6094,46.5221,-30.519797900388298,-30.33973878416609,4.22641,-1.42314,125.7436
70,211,0.5163,0.4837,CV,12.8019,12.4636,-13.262633323162254,-13.225880297425526,40.42189,-2.74874,276.6321
70,127,0.4814,0.5186,CA,50.2587,49.6133,-30.091006869438765,-29.737025256863095,15.9959,-1.86107,251.0181
70,213,0.6031,0.3969,CV,67.4645,67.6862,-34.688951471362316,-34.644639755453476,-1.10192,3.94252,809.2593
70,118,0.5523,0.4477,CV,37.8885,37.9039,-41.103837216041846,-40.86160049807525,5.07085,1.1127,124.8646
70,230,0.6559,0.3441,CV,104.4812,107.8488,-26.129798719914348,-26.775754269361812,-4.49716,13.79241,2348.6357
70,179,0.551,0.449,CV,22.435,22.4105,-86.85595638838713,-86.7585419524367,1.40833,-0.66753,35.4085
70,159,0.5308,0.4692,CV,20.0206,19.8632,-15.22930359259848,-15.05019109872027,-4.50307,-0.14921,77.8526
70,165,0.1563,0.8437,CA,79.7262,79.1922,-93.4556972842461,-91.46734709337204,-22.6245,-0.3242,112.9467
70,194,0.5,0.5,CA,89.9721,89.9177,-55.2572852937371,-55.012428003832895,4.78012,0.60063,152.1914
71,114,0.5697,0.4303,CV,59.1102,59.6225,-42.03394527118772,-42.12231278527633,0.32766,6.59574,218.6053
71,115,0.6057,0.3943,CV,9.855,9.8251,-8.539852755669841,-8.51519619109826,-1.56879,-0.12539,58.4479
71,129,0.6425,0.3575,CV,24.0279,24.039,-17.455302964201906,-17.497072324793777,11.63139,1.06345,972.6301
71,160,0.6115,0.3885,CV,21.478,21.2814,-13.513632759787331,-13.506771916685068,-2.67946,-2.90017,909.3546
71,138,0.6106,0.3894,CV,10.451,10.391,-14.366119747360996,-14.355514640825234,0.91206,0.99704,103.707
71,145,0.5843,0.4157,CV,21.7509,21.6821,-23.938830100309215,-23.871118247170017,0.14807,3.69638,116.5247
71,171,0.5941,0.4059,CV,12.0445,12.7072,-27.404049222499346,-27.575244315038326,-28.61978,7.53541,256.8853
71,149,0.4242,0.5758,CA,15.695,15.2914,-42.14251250545011,-41.684584415729134,-10.21897,-1.92533,62.2181
71,195,0.6117,0.3883,CV,9.2656,9.1519,-19.593578069479438,-19.59031161410412,-2.0702,0.64415,301.6681
71,128,0.6849,0.3151,CV,15.622,16.5104,-16.352714751155066,-16.40977008000196,17.53987,1.39581,276.1663
71,185,0.5641,0.4359,CV,15.596,15.1667,-10.344818813825224,-10.200172691764848,7.82693,-3.09006,236.0445
71,183,0.6179,0.3821,CV,4.9632,4.9783,-16.563223554442736,-16.572430351289935,0.25058,-0.12497,36.2326
71,214,0.6039,0.3961,CV,21.2088,21.2657,-20.338401144256878,-20.333097227468706,-1.51364,2.55285,115.5435
71,215,0.6088,0.3912,CV,25.551,25.4981,-26.642852585154735,-26.61580692138248,1.44731,0.38652,220.9063
71,193,0.5236,0.4764,CV,23.8079,23.4664,-46.738362533489855,-46.47611957896035,-7.83356,-3.34157,130.7835
71,217,0.5967,0.4033,CV,7.0384,6.7778,-8.62914907133286,-8.567356096766508,6.79144,0.40271,128.0541
71,147,0.6034,0.3966,CV,52.4773,52.0562,-13.326125033751,-13.295926898319921,4.21438,4.85466,1670.3
71,218,0.6046,0.3954,CV,7.9786,7.7098,-66.23951604456045,-66.1791417120756,7.33383,-0.83613,166.2997
71,220,0.5384,0.4616,CV,26.3113,24.8687,-29.410633399103805,-29.105981140109748,58.88998,-6.86455,836.858
71,221,0.437,0.563,CA,23.3365,22.1005,-26.945175744840355,-26.358854416336822,-41.08828,0.26228,368.8685
71,222,0.6014,0.3986,CV,5.9154,5.5687,-10.030819054552053,-9.998136839688245,1.26695,-6.46564,160.7425
71,120,0.4331,0.5669,CA,25.2569,25.0846,-24.285977388303195,-23.601470668763632,7.63966,6.10442,73.8218
71,225,0.624,0.376,CV,17.5839,17.5477,-34.17879066840432,-34.08150218218644,-19.83428,-1.8056,442.9608
71,212,0.3461,0.6539,CA,32.8662,32.0276,-19.150087025551535,-18.32858072886813,-32.45991,7.87333,183.5422
71,140,0.5728,0.4272,CV,20.079,19.8662,-27.34006299570304,-27.234013531784548,4.47782,-1.19869,127.4008
71,211,0.632,0.368,CV,22.0121,23.0308,-16.95878558914263,-17.17377148536228,8.45577,0.86216,287.1788
71,127,0.3994,0.6006,CA,71.4147,70.6566,-31.531111715991447,-30.8473073772163,24.60609,-4.55634,293.4915
71,213,0.5638,0.4362,CV,42.195,41.9137,-35.36768753579302,-35.17253512594435,9.29844,2.68629,714.0618
71,118,0.4243,0.5757,CA,41.5647,41.2873,-39.066923420570156,-38.38398021882009,9.74495,1.66975,127.6536
71,179,0.595,0.405,CV,8.2246,8.2479,-23.48280240857371,-23.491663401823196,0.88696,-0.13409,37.2709
71,159,0.5664,0.4336,CV,10.8703,10.6991,-10.710120805138539,-10.63101910634105,-3.99276,0.2558,79.9439
71,165,0.4917,0.5083,CA,5.5322,6.2593,-8.82064370557331,-8.969001432669232,-18.52531,-0.35536,121.5377
71,194,0.5465,0.4535,CV,33.0161,32.7659,-42.103163533721066,-41.987590588358,5.30237,0.16033,132.9609
71,210,0.5,0.5,CA,88.3853,88.5828,-34.02517818997467,-33.62921579627598,-6.53357,-11.05498,107.6614
71,153,0.5,0.5,CA,24.9069,24.6191,-26.787892007114213,-26.744282138353455,6.09852,-2.54858,152.2154
71,231,0.5,0.5,CA,74.3777,74.3899,-41.44584161365087,-39.70899345801149,17.95709,-6.41472,119.1514
71,176,0.5,0.5,CA,13.1655,13.0774,-9.601345036426686,-9.58287814783294,1.90876,0.0203,97.6457
71,226,0.6027,0.3973,CV,17.2779,17.3647,-25.836715447225135,-25.676419850045257,-16.97148,0.58704,288.735
72,114,0.2467,0.7533,CA,92.4553,92.4841,-72.36390846898179,-70.84460056445614,-27.7282,8.6444,243.3678
72,115,0.5874,0.4126,CV,14.9694,14.8819,-12.09757735900688,-11.994922445992753,-2.32654,-0.084,58.2408
72,129,0.6095,0.3905,CV,38.9799,39.2857,-14.568782462445848,-14.503762096504818,-16.63452,3.62605,840.7633
72,160,0.6112,0.3888,CV,27.8085,27.6297,-11.666834285858988,-11.654734237650992,-2.1436,-3.48908,903.8985
72,138,0.6122,0.3878,CV,11.2544,11.2242,-11.151757256411479,-11.145253026838171,0.78889,1.01994,102.6085
72,145,0.5792,0.4208,CV,22.8366,22.7465,-40.917229538814915,-40.812581382209785,1.24617,3.49542,110.4252
72,171,0.5794,0.4206,CV,13.5049,12.9344,-26.281339269202004,-26.162993604436025,-25.45133,6.49815,260.7947
72,149,0.3908,0.6092,CA,18.7295,18.287,-37.47697768374478,-36.838485014270766,-14.1945,-2.94806,69.7879
72,195,0.6171,0.3829,CV,10.3414,10.4199,-14.827731686351616,-14.840426076199051,-0.74492,0.57551,316.7943
72,128,0.3037,0.6963,CA,33.4895,33.071,-64.81865707086759,-63.41486513379101,45.72349,0.94597,235.9751
72,185,0.5427,0.4573,CV,16.9619,16.4924,-12.552438927090662,-12.328871686054308,8.91345,-3.94596,223.4261
72,183,0.6179,0.3821,CV,2.5865,2.5788,-9.628357219059495,-9.635419701422446,0.16527,-0.22706,37.7823
72,214,0.6141,0.3859,CV,6.7399,6.7647,-17.092101792741268,-17.103808430477542,0.14437,1.34962,108.1501
72,215,0.6092,0.3908,CV,19.5858,19.5295,-51.551432552961195,-51.53518752799663,1.72568,0.68924,215.6448
72,193,0.478,0.522,CA,30.4306,30.047,-43.6008753856711,-43.17682797033003,-10.76961,-3.41108,134.7188
72,217,0.555,0.445,CV,11.7379,11.4528,-9.521718100848418,-9.300040504400087,9.21917,-0.3752,117.7576
72,147,0.6088,0.3912,CV,31.9921,31.6006,-12.562714057572832,-12.55279883460135,2.89407,3.89094,1776.3853
72,218,0.591,0.409,CV,7.9409,7.6014,-77.66039250178781,-77.57426656276706,7.65329,-0.63057,151.0984
72,220,0.5482,0.4518,CV,18.2929,16.7223,-23.11024914157685,-22.94622708081348,55.14987,-6.07332,801.1484
72,221,0.539,0.461,CV,12.9982,12.5221,-23.652656164668812,-23.596436826544593,-33.92271,0.66773,395.9017
72,222,0.5965,0.4035,CV,9.7036,9.4405,-14.0627582981612,-14.004289168635797,1.51803,-5.83047,157.1005
72,120,0.4876,0.5124,CA,9.6641,9.2094,-9.315362705666955,-9.058593100710366,7.82437,6.96646,76.4493
72,225,0.584,0.416,CV,15.1503,14.5209,-27.90882126826368,-27.76524840172116,-22.85451,-1.95906,393.4604
72,212,0.2323,0.7677,CA,40.8496,40.0866,-32.49167849195045,-31.21202670772887,-49.59671,10.50672,214.3816
72,140,0.5784,0.4216,CV,15.4372,15.1923,-35.31786684010908,-35.226433905511726,4.67523,-1.13565,132.1761
72,211,0.6247,0.3753,CV,15.9211,16.0474,-10.685016010547953,-10.699837154660546,-2.99824,1.95495,265.7277
72,127,0.3203,0.6797,CA,66.6312,65.4332,-27.751287026591797,-26.839296326831203,39.65389,-7.30748,370.2552
72,213,0.317,0.683,CA,68.2356,67.664,-53.854926882694905,-52.692989129233496,33.70134,-1.80471,629.1628
72,118,0.3313,0.6687,CA,39.4303,38.903,-31.48047779320496,-30.583737108267115,16.28201,2.67119,136.0283
72,179,0.6033,0.3967,CV,10.3799,10.3557,-15.76615524153407,-15.745350681065037,0.6336,0.18303,40.8708
72,159,0.5911,0.4089,CV,5.4398,5.2599,-9.528296703972629,-9.49874839712897,-3.27198,0.10717,79.115
72,165,0.6397,0.3603,CV,27.0732,27.7555,-18.55443201185036,-18.8382894040215,1.93899,-0.8195,126.837
72,194,0.4295,0.5705,CA,89.7332,89.4981,-64.67327208489263,-64.02011758081719,10.32191,-0.76855,122.9129
72,210,0.565,0.435,CV,16.9599,16.9179,-15.683112143569481,-15.6425111715638,-5.50363,-7.2918,103.7689
72,176,0.581,0.419,CV,7.8215,7.9163,-8.85977826387332,-8.884512275960862,0.61786,0.10024,92.8343
72,206,0.5,0.5,CA,54.9724,54.9381,-44.30924309561131,-43.72336366781333,3.73425,4.08259,70.7873
72,226,0.6404,0.3596,CV,10.3797,11.0328,-16.66507134405014,-16.790873446159846,2.6556,-1.73044,234.5138
72,153,0.549,0.451,CV,26.5097,26.4268,-16.515165005568573,-16.40935282702105,7.55763,-0.95056,137.7838
72,231,0.5993,0.4007,CV,8.4884,8.7299,-7.967108447037438,-8.067265889786938,10.12283,-6.03464,124.907
73,114,0.3689,0.6311,CA,32.1804,31.28,-17.466178223460624,-16.983859447416307,-35.44075,7.10689,284.0763
73,115,0.5679,0.4321,CV,20.5909,20.5128,-18.010078767788272,-17.854572709395654,-2.66406,-1.40289,59.4771
73,129,0.5851,0.4149,CV,22.9169,22.2186,-11.056792111604691,-10.939379866775084,-21.44593,3.08904,750.1477
73,160,0.6087,0.3913,CV,39.444,39.3048,-12.886109544315339,-12.864182705117413,-0.49292,-5.0503,919.2743
73,138,0.6092,0.3908,CV,18.0524,18.0522,-11.59140082993501,-11.570139199939932,0.68952,-0.01147,97.1273
73,171,0.6339,0.3661,CV,12.5381,13.2904,-32.24305952391726,-32.37479856570966,-6.03791,0.82361,255.8063
73,149,0.2901,0.7099,CA,27.7371,27.2561,-44.6368512309749,-43.59480049192216,-21.40493,-7.07679,83.1115
73,195,0.6178,0.3822,CV,12.2522,12.2786,-20.42299207253167,-20.43078763078266,-0.31418,-0.31259,331.3899
73,185,0.5769,0.4231,CV,17.846,17.8043,-15.480078514945582,-15.42652075366497,4.94832,-5.52409,212.2842
73,183,0.5972,0.4028,CV,19.8466,19.831,-17.66338873350972,-17.583609799541772,0.65567,-1.29073,39.3192
73,214,0.5879,0.4121,CV,22.1072,22.1399,-24.10572289331421,-23.992685432709777,3.38485,-1.24334,104.4248
73,215,0.6111,0.3889,CV,19.6875,19.673,-65.46681610620442,-65.45792942178079,1.68007,-0.5317,211.1246
73,193,0.4003,0.5997,CA,29.5347,28.9767,-24.43943599065681,-23.764320820684826,-15.83825,-6.5755,146.6103
73,217,0.5802,0.4198,CV,18.2744,18.2537,-19.34276300788289,-19.2850159636547,6.36528,-2.02761,108.7668
73,147,0.6135,0.3865,CV,22.0602,21.8949,-12.153176643940586,-12.155015011277706,1.69622,2.14496,1886.2787
73,218,0.5555,0.4445,CV,19.0663,18.8278,-51.0395535209128,-50.82837154623191,8.88253,-1.55928,139.7726
73,220,0.5706,0.4294,CV,17.456,16.4453,-16.4368090227316,-16.349518444915144,46.90254,-6.20011,738.8864
73,221,0.6347,0.3653,CV,20.8186,21.8107,-10.805278969112813,-10.999389058169134,-7.04006,-1.08196,377.7391
73,222,0.5278,0.4722,CV,27.0011,26.7203,-20.992885964307426,-20.662120481023717,1.80119,-9.32234,152.9376
73,225,0.6189,0.3811,CV,5.7366,5.8756,-22.541286273807906,-22.602346021615965,-13.49498,-1.27173,355.0767
73,226,0.3831,0.6169,CA,38.3556,38.3047,-41.95393879952347,-40.970373346520304,23.09295,-0.23508,213.0034
73,140,0.5661,0.4339,CV,23.3855,23.1716,-32.54627891613418,-32.396453180239554,5.25688,-2.59001,139.1779
73,211,0.6233,0.3767,CV,16.3385,16.3454,-10.12013580672602,-10.139784540574544,-2.25515,0.84783,234.2716
73,127,0.2358,0.7642,CA,71.5655,69.9493,-45.23559253934181,-44.011302502539166,66.91916,-15.05783,487.4378
73,213,0.4757,0.5243,CA,12.198,11.1523,-19.49024780476511,-19.349033477389902,35.4136,-4.67806,583.5876
73,118,0.3343,0.6657,CA,34.5674,33.9632,-25.50183346834121,-24.74919126243617,23.57086,1.17903,153.6705
73,179,0.6008,0.3992,CV,18.6087,18.595,-21.13068787963283,-21.08727050584101,0.76628,-0.74529,43.694
73,159,0.5891,0.4109,CV,17.6538,17.6039,-19.14506187814125,-19.07087248128688,-2.84592,-1.37904,79.7646
73,165,0.5488,0.4512,CV,35.7333,35.6793,-27.87865476340222,-27.56822221292945,9.80129,-1.41236,138.002
73,194,0.4936,0.5064,CA,37.7026,37.3701,-18.524688832420594,-18.29709053762042,10.79049,-2.01122,144.5241
73,210,0.5009,0.4991,CV,30.9859,30.7211,-22.73181708866568,-22.33938351807254,-7.32312,-9.05635,112.1536
73,153,0.521,0.479,CV,22.6801,22.4153,-24.120097799227047,-23.831144956772913,10.12261,-1.67076,129.685
73,176,0.6011,0.3989,CV,14.8392,14.8424,-10.477598524919028,-10.468076801409191,0.33851,-1.04911,93.9209
73,206,0.5647,0.4353,CV,19.8696,19.9095,-18.771960246713856,-18.730073238695574,4.578,1.50859,64.0292
73,136,0.5,0.5,CA,69.5282,69.5346,-39.22096683034514,-38.9596066060207,2.7129,-1.29212,63.2739
73,232,0.5,0.5,CA,45.309,45.3224,-35.06023358458342,-34.779400574539245,5.4525,-1.55408,107.1937
73,231,0.4431,0.5569,CA,27.2709,27.1259,-26.525299273741336,-25.850399681317132,5.5412,-10.52053,125.1145
73,238,0.7,0.3,CV,22.8307,22.8307,-14.779746201845498,-14.779746201845498,0.0,0.0,70.9509
73,239,0.7,0.3,CV,24.3638,24.3638,-14.436413897382115,-14.436413897382115,0.0,0.0,64.5197
73,240,0.7,0.3,CV,13.4234,13.4234,-9.710892878989684,-9.710892878989684,0.0,0.0,117.9374
74,114,0.1179,0.8821,CA,62.9599,61.6238,-50.16321017739948,-48.03389788121683,-72.70517,16.5751,338.0566
74,115,0.5825,0.4175,CV,9.0495,8.9106,-10.606109004301004,-10.538827259690603,-2.62016,-0.9418,59.2037
74,129,0.6156,0.3844,CV,35.5514,36.003,-21.17321812173236,-21.218759702475225,-3.19277,0.31596,645.2257
74,160,0.6109,0.3891,CV,30.8337,30.7159,-11.62431580327856,-11.615079169660081,1.70139,-4.25947,931.6218
74,138,0.6,0.4,CV,13.3012,13.2186,-14.408440654984073,-14.352834045033923,0.79391,0.46284,93.0252
74,171,0.6269,0.3731,CV,7.7333,7.6734,-26.48551373783047,-26.50720674068404,-6.51931,1.53305,234.5527
74,149,0.2786,0.7214,CA,19.5994,18.7383,-27.334581632250835,-26.37691478458469,-32.51434,-9.46741,103.3197
74,195,0.616,0.384,CV,17.9412,17.907,-34.82516502444865,-34.82419850908301,-0.52237,-0.237,357.2962
74,185,0.6189,0.3811,CV,10.4954,10.7685,-9.442387672768495,-9.513712730577875,0.52216,-1.89204,193.548
74,183,0.5985,0.4015,CV,10.4916,10.4347,-9.545774775485745,-9.501562088574948,1.0702,-1.03566,40.3659
74,214,0.5883,0.4117,CV,9.2652,9.0621,-14.593138768537532,-14.520641367566613,3.46908,-1.13224,100.9259
74,215,0.6041,0.3959,CV,24.4611,24.3763,-54.76788914643624,-54.72680850970822,2.64282,-0.13049,210.5671
74,193,0.3891,0.6109,CA,25.3751,24.7325,-20.47772850943054,-19.865999319197222,-21.99197,-6.41493,162.5257
74,217,0.5558,0.4442,CV,10.4187,10.1253,-16.4571624225671,-16.263147539974327,7.77942,-1.71568,99.4598
74,147,0.6156,0.3844,CV,20.8427,20.7274,-12.083557812563972,-12.087137642257836,0.91166,2.36523,1968.5182
74,218,0.577,0.423,CV,7.0769,6.7413,-9.717224933781228,-9.645551065105495,7.83527,-0.88209,131.2394
74,220,0.5543,0.4457,CV,36.0396,35.612,-16.722015223109985,-16.535839617347513,39.52512,-4.45813,632.7471
74,221,0.6239,0.3761,CV,19.8007,19.8972,-36.33963889469485,-36.346962036640036,2.57428,-0.97108,330.1735
74,222,0.5892,0.4108,CV,11.2432,11.2912,-14.600421590487908,-14.618908649708759,1.47909,-6.00428,159.4943
74,225,0.6299,0.3701,CV,16.1191,16.4307,-10.208008559536076,-10.264648488032062,-1.72823,1.26736,327.1837
74,226,0.3282,0.6718,CA,23.61,22.5297,-59.149296854192244,-58.296249456818,35.02068,-0.03784,210.9602
74,140,0.5646,0.4354,CV,18.3426,18.0349,-27.14405955011179,-27.006197994751794,5.92913,-2.32313,144.4894
74,211,0.5991,0.4009,CV,23.2341,23.1737,-19.05532612457982,-18.97529604428091,0.31304,0.70085,198.4496
74,127,0.4886,0.5114,CA,6.1074,6.183,-16.909941402003412,-16.93413014924003,57.81997,-14.09137,606.484
74,213,0.5782,0.4218,CV,5.7058,5.8784,-21.08394460921304,-21.131719535830587,24.49047,-2.00547,519.4818
74,118,0.4256,0.5744,CA,16.6609,15.7853,-20.33545410407921,-19.967706645209987,26.79181,1.85841,176.4727
74,179,0.6146,0.3854,CV,20.6877,20.7553,-27.053217014126307,-27.0713506654784,-0.59288,0.10353,42.2461
74,159,0.6005,0.3995,CV,6.4232,6.3043,-22.48387750843291,-22.460358564153495,-2.52529,-0.72521,80.3895
74,165,0.5633,0.4367,CV,21.875,21.7248,-14.703569711879624,-14.585623148691036,9.16192,-1.63758,130.9283
74,194,0.5556,0.4444,CV,21.2201,20.9581,-11.69962121676712,-11.629654954594175,8.80456,-2.70806,169.7024
74,210,0.5761,0.4239,CV,25.5199,25.6143,-18.591025469399035,-18.59423111785233,-5.1887,-3.36973,111.4112
74,153,0.6063,0.3937,CV,7.6317,7.9993,-12.925222307304178,-13.02450255675886,4.6816,-0.02865,128.2068
74,176,0.6086,0.3914,CV,15.8709,15.8972,-14.118194520224062,-14.110712694259725,-0.99926,-0.66251,90.3069
74,238,0.6444,0.3556,CV,9.639,9.639,-15.357456510638414,-15.354819361154785,-4.40959,-3.11522,97.6779
74,239,0.6393,0.3607,CV,14.31,14.31,-11.006070274697288,-10.981469421986834,-6.53416,2.95266,89.2579
74,240,0.6393,0.3607,CV,18.8433,18.8433,-11.644915409853821,-11.61999788140475,-9.23757,3.78014,162.6898
74,136,0.5848,0.4152,CV,32.2359,32.3279,-26.376829733446748,-26.417095294380466,0.96225,-0.43353,67.0833
74,232,0.5541,0.4459,CV,10.6275,10.4154,-26.5498135656384,-26.464774071357184,5.05629,-0.502,98.6496
74,119,0.5,0.5,CA,42.4881,42.4927,-21.884924233226478,-21.867244085305238,-0.79298,0.98554,95.7917
74,230,0.5,0.5,CA,141.7709,141.9888,-34.337261668776506,-34.236299458712445,10.82453,-5.39608,1780.486
74,212,0.5,0.5,CA,41.7541,43.1509,-27.7102294861464,-27.256259597188397,21.1639,-16.12057,221.9731
74,231,0.4592,0.5408,CA,21.2538,21.2409,-20.010532998976448,-19.625683746374026,-2.42367,-8.37489,110.7149
75,114,0.4412,0.5588,CA,11.5369,11.5267,-9.630494426109692,-9.63009777578728,-66.64066,16.24087,364.6497
75,115,0.5836,0.4164,CV,9.8496,9.7057,-15.058215417425854,-14.974352463722642,-2.74673,-0.89023,59.7792
75,129,0.5871,0.4129,CV,31.312,31.0954,-13.854180148328048,-13.735835017903296,-7.03754,0.23837,541.836
75,160,0.6143,0.3857,CV,10.5323,10.2882,-13.912868757435639,-13.915065742289803,1.18424,-3.35349,936.6645
75,138,0.6015,0.3985,CV,12.4316,12.3961,-9.956196749208404,-9.920773447446848,1.93147,-0.32214,92.6478
75,171,0.6221,0.3779,CV,18.8391,18.8598,-25.467918766086086,-25.47911927602818,-3.46737,1.49873,205.7967
75,195,0.6167,0.3833,CV,12.4403,12.4323,-35.255109220366556,-35.259827087967615,-0.68087,0.3814,372.8904
75,185,0.6221,0.3779,CV,8.9642,9.0484,-9.81723766208278,-9.84048336069514,-1.13972,0.44663,174.8671
75,183,0.5882,0.4118,CV,13.9429,13.8653,-17.087087777938393,-16.99874318268269,1.56653,-1.12817,41.6911
75,214,0.5947,0.4053,CV,8.1819,8.0162,-13.284284476089343,-13.237398503637007,2.98435,-1.36799,98.165
75,215,0.5934,0.4066,CV,27.4282,27.2903,-50.57288034728222,-50.49766006571097,3.62255,0.00477,207.5489
75,193,0.5502,0.4498,CV,13.2331,13.4179,-9.919580476839371,-9.97598555752137,-14.4699,-4.08775,167.3085
75,217,0.4983,0.5017,CA,14.2771,13.9109,-15.764846475629666,-15.375414604046258,10.32536,-2.28691,95.457
75,147,0.6173,0.3827,CV,7.9424,8.0158,-11.971702804722582,-11.979399454700383,0.10341,1.36836,2052.0098
75,218,0.5929,0.4071,CV,29.6328,30.0039,-68.06602773003118,-68.02834910934982,-5.0575,0.10586,124.8073
75,220,0.5942,0.4058,CV,8.0162,7.4204,-8.861665497448268,-8.862450707556752,28.36543,-3.86428,539.9787
75,221,0.5731,0.4269,CV,20.8759,20.7153,-53.2694495300136,-53.08136273009044,12.04297,-1.25672,299.6216
75,222,0.5983,0.4017,CV,10.9286,10.7547,-10.889034315268471,-10.856000071445617,1.25914,-5.07055,155.6799
75,225,0.6045,0.3955,CV,20.7613,20.7852,-12.114029366344454,-12.046685550142609,6.57876,1.79581,305.6476
75,226,0.503,0.497,CV,11.046,10.8546,-42.71991427106912,-42.67252112860841,30.29835,0.20363,200.9588
75,140,0.5545,0.4455,CV,27.6393,27.3818,-14.746655938802832,-14.570227998120195,6.55139,-2.88995,159.7438
75,211,0.5146,0.4854,CV,26.2569,26.1118,-26.83971562087861,-26.452031358512304,6.0428,-0.37847,165.0115
75,127,0.0911,0.9089,CA,91.2174,89.0021,-41.030706732470414,-38.44401459116814,130.56966,-28.5691,847.2213
75,213,0.5621,0.4379,CV,15.7602,14.9957,-21.677282395600198,-21.51156486434042,24.935,-3.80803,465.4942
75,118,0.3333,0.6667,CA,29.574,28.7282,-18.307171091651323,-17.417492479775262,38.83169,3.98183,198.2438
75,179,0.5773,0.4227,CV,24.6878,24.6606,-44.20637182484903,-44.04925279503989,-2.14983,-0.31282,40.8381
75,159,0.608,0.392,CV,10.994,10.9734,-13.108912746893921,-13.099571114459305,-1.53671,-0.5551,84.6754
75,165,0.528,0.472,CV,16.2735,15.919,-11.556068920703584,-11.274718872459871,10.74174,-2.0897,127.6518
75,194,0.5671,0.4329,CV,26.936,26.6381,-14.318795043197884,-14.206293688930671,8.08117,-3.72189,184.1635
75,210,0.558,0.442,CV,22.6153,22.4677,-23.525815851214205,-23.34672874467008,-5.73553,-2.29135,106.7549
75,238,0.5566,0.4434,CV,16.3502,16.2073,-25.612297474817133,-25.326474772876654,-14.61834,-13.65714,154.0089
75,239,0.5704,0.4296,CV,20.6609,20.6161,-13.125531867416296,-12.903472573961455,-6.99848,-3.55555,149.3898
75,240,0.5676,0.4324,CV,19.3201,19.0593,-13.603825182553491,-13.370381956213969,-24.24288,3.30319,256.9939
75,136,0.5888,0.4112,CV,27.8652,27.8094,-17.483103728476078,-17.41692768684734,0.36046,-0.2727,79.5248
75,232,0.5789,0.4211,CV,7.4162,7.1662,-31.838987382177557,-31.776909686432763,4.34334,-0.60641,97.2541
75,119,0.579,0.421,CV,3.5297,3.5732,-6.854715817881338,-6.87099410520087,-0.16171,0.61549,86.1047
75,230,0.5652,0.4348,CV,47.2742,47.001,-18.693526995539283,-18.65342683885195,10.46342,-3.93789,1671.6235
75,206,0.5,0.5,CA,28.1127,28.2032,-42.28236182763993,-42.208423490222074,0.62208,-2.08924,68.1533
75,153,0.5933,0.4067,CV,10.0806,9.8814,-8.834866349207413,-8.755892069991035,5.57238,-0.03037,124.041
75,231,0.563,0.437,CV,4.1114,4.0908,-5.711959907474753,-5.721339132306684,-4.49931,-5.0142,96.6976
75,176,0.6024,0.3976,CV,13.0458,12.9872,-24.743398216671558,-24.699032683118,-1.33828,-0.86755,85.638
75,212,0.5083,0.4917,CV,11.4204,10.8857,-13.780893935176247,-13.511903035961375,13.35613,-15.39224,204.4109
75,241,0.7,0.3,CV,11.3338,11.3338,-10.003352003634038,-10.003352003634038,0.0,0.0,83.52
76,114,0.6583,0.3417,CV,17.0725,18.8638,-13.551333689303114,-13.98840479209395,-15.029,7.44129,358.1478
76,115,0.6098,0.3902,CV,5.8705,5.9308,-45.08947059422238,-45.11279822347574,-1.59305,-0.09531,61.1168
76,129,0.6106,0.3894,CV,25.0255,25.3938,-11.730709438795515,-11.75200638897823,4.91108,-0.14511,484.451
76,160,0.6167,0.3833,CV,14.4526,14.4183,-18.644835182202968,-18.652022735778395,0.4718,-2.19082,921.2285
76,138,0.5968,0.4032,CV,10.403,10.2858,-9.86948987162332,-9.811949263112115,2.47441,-0.03433,90.5314
76,171,0.6103,0.3897,CV,9.8073,9.6887,-19.45293436220216,-19.421538982666426,-5.27692,1.81041,193.0793
76,195,0.6161,0.3839,CV,21.4817,21.4817,-29.50516399384015,-29.506400061001514,-0.06897,1.30773,382.2988
76,185,0.6119,0.3881,CV,19.768,19.8057,-19.54217688068401,-19.517702252304847,0.90667,1.78493,161.8917
76,183,0.5954,0.4046,CV,9.9489,9.8871,-22.141358099454084,-22.097808926783813,1.70296,-0.52597,42.6637
76,214,0.609,0.391,CV,2.6452,2.5481,-8.661640932824014,-8.66517729706769,2.06355,-0.82213,96.3126
76,215,0.5785,0.4215,CV,33.6235,33.4474,-34.593918102067136,-34.47295384124422,4.92211,0.51534,214.8701
76,193,0.6126,0.3874,CV,15.6317,16.1087,-11.704167361577506,-11.78800684013781,1.40138,2.24502,160.6883
76,147,0.6177,0.3823,CV,40.8146,40.9051,-13.108699668653088,-13.115863335518739,-1.2008,-0.46214,2074.894
76,218,0.5587,0.4413,CV,16.8213,16.5903,-37.65937840330937,-37.458507612930575,-7.09621,0.90596,120.9304
76,220,0.6196,0.3804,CV,7.7064,7.6797,-9.807091373954599,-9.856224285370924,16.10807,-1.91591,442.3996
76,221,0.5171,0.4829,CV,27.4817,26.9781,-17.386894579033694,-17.04752975942609,17.20166,-0.69539,294.8934
76,222,0.6182,0.3818,CV,9.9822,10.1408,-9.295632362065367,-9.332566574188064,0.94527,-1.84624,150.7144
76,225,0.6137,0.3863,CV,29.863,30.0377,-14.384060978261596,-14.392971909632266,-0.70749,1.55021,299.003
76,226,0.6216,0.3784,CV,8.3986,9.0261,-46.682039439496684,-46.8719713686374,12.03101,0.62189,179.9397
76,140,0.5784,0.4216,CV,16.7469,16.4764,-10.67984941977642,-10.615246273715183,5.58165,-2.08124,176.801
76,211,0.4919,0.5081,CA,38.8176,38.8686,-40.186719091385825,-39.83117857631453,7.34943,5.29775,158.3868
76,127,0.3341,0.6659,CA,29.0197,25.953,-12.130698071059236,-11.715171985266329,150.92178,-32.13336,1054.9729
76,213,0.5346,0.4654,CV,18.5813,17.7103,-11.803192982270197,-11.549883577345707,27.60601,-2.8838,443.5373
76,118,0.3271,0.6729,CA,22.3365,21.1953,-17.485977997075143,-16.698021287130082,52.02447,6.1167,251.2402
76,159,0.6116,0.3884,CV,15.1962,15.2072,-13.810682796157128,-13.805695391213861,-0.83568,0.55104,87.8038
76,165,0.4137,0.5863,CA,20.1782,19.6574,-14.602365725319629,-13.911014371155563,17.02849,-2.38826,127.9476
76,194,0.5746,0.4254,CV,22.7346,22.4466,-12.906997620701022,-12.808551467921681,7.45444,-3.84849,191.2231
76,210,0.4281,0.5719,CA,41.2679,41.0438,-62.4035644374089,-61.727883549575004,-10.21455,-2.70169,112.3595
76,238,0.1668,0.8332,CA,33.1289,32.4895,-36.00749171745035,-34.0149111663089,-44.76331,-16.84707,284.1303
76,239,0.5074,0.4926,CV,17.9094,17.2052,-11.072179991759182,-10.69765451174082,-13.70935,-2.93344,221.641
76,136,0.5945,0.4055,CV,29.6899,29.6372,-18.003249625896988,-17.954880227472323,-0.4058,0.2293,91.3091
76,232,0.5967,0.4033,CV,6.0005,5.8405,-20.79904133305301,-20.77425924451568,3.44528,-0.10949,95.8775
76,241,0.6396,0.3604,CV,18.1137,18.1137,-16.62926681919588,-16.605841965076436,-6.03419,0.13375,118.4536
76,119,0.6013,0.3987,CV,7.4763,7.4461,-11.169973225046846,-11.16442158560336,-0.39049,0.94318,80.9765
76,230,0.5716,0.4284,CV,72.0205,71.6007,-16.60350896862349,-16.495603918805728,13.61496,0.32256,1605.6511
76,206,0.5367,0.4633,CV,32.5411,32.4772,-34.4208988963347,-34.26568782637338,2.05444,-1.81153,75.1993
76,149,0.5,0.5,CA,141.169,142.4684,-242.9592459325513,-230.33852454762453,141.09855,51.35683,139.8332
76,217,0.5202,0.4798,CV,14.2929,14.0159,-15.513762316815846,-15.29475202813764,10.62248,-1.57293,97.8388
76,179,0.6018,0.3982,CV,5.4777,5.463,-14.156625433421635,-14.155518844570615,-1.53723,0.27099,42.4531
76,153,0.4271,0.5729,CA,57.1392,56.922,-47.39588168907691,-46.664921920039276,11.43673,-0.13104,140.4926
76,240,0.3248,0.6752,CA,28.9086,27.8776,-16.841758569058808,-15.710273747531552,-48.8753,11.73491,415.3361
76,242,0.7,0.3,CV,4.6012,4.6012,-10.023586286088507,-10.023586286088507,0.0,0.0,22.705
76,243,0.7,0.3,CV,11.218,11.218,-21.5860470483591,-21.5860470483591,0.0,0.0,57.722
76,244,0.7,0.3,CV,6.5061,6.5061,-7.07140632959702,-7.07140632959702,0.0,0.0,34.4723
77,114,0.6005,0.3995,CV,15.6357,15.4118,-11.234197247466026,-11.10767731724695,-20.63285,3.92214,300.6094
77,115,0.6015,0.3985,CV,13.4275,13.3831,-56.8661055801623,-56.816015741707865,-1.72099,0.74075,60.1428
77,129,0.5929,0.4071,CV,20.7204,20.4457,-10.559033114406505,-10.472012114092927,7.36065,-1.37427,420.8851
77,160,0.614,0.386,CV,30.6301,30.5596,-21.437772180822442,-21.42979213659637,-0.2436,-1.49245,876.2898
77,138,0.5786,0.4214,CV,14.7438,14.6061,-17.683761755926803,-17.558239842500036,3.4144,-0.19811,87.9375
77,171,0.6126,0.3874,CV,11.8586,11.7981,-11.95498290718492,-11.950609184426645,-3.7889,1.5058,188.8005
77,195,0.6143,0.3857,CV,24.1415,24.094,-25.883813284708978,-25.877944135000547,0.90223,1.69986,404.3055
77,185,0.6054,0.3946,CV,12.3992,12.3258,-15.997320986898234,-15.960566609488712,-0.2339,2.27564,151.7504
77,183,0.6048,0.3952,CV,8.2387,8.2157,-40.60904670615492,-40.59378659725779,1.33711,0.13926,42.3535
77,214,0.6115,0.3885,CV,7.0388,6.9849,-7.381133520324609,-7.37430399740607,1.74736,-0.21748,93.6712
77,215,0.5667,0.4333,CV,34.2339,33.9864,-29.214292006756516,-29.06702228922454,5.80282,1.66248,220.1385
77,193,0.5793,0.4207,CV,13.1249,12.937,-16.005602678084767,-15.859669835675302,2.09078,3.65461,141.8754
77,147,0.617,0.383,CV,31.6919,31.6126,-12.335398076719205,-12.338557875874717,-1.41178,-1.18632,2094.7315
77,218,0.6014,0.3986,CV,7.6951,7.7525,-30.67182279136199,-30.695978812944595,-4.18142,1.1568,116.4526
77,220,0.5437,0.4563,CV,27.0704,26.7713,-19.151719881848372,-18.850647118895502,18.24812,-1.98318,341.6152
77,221,0.3646,0.6354,CA,43.1443,42.2463,-46.403579191685324,-45.52117408964012,29.06141,-0.49855,296.4251
77,222,0.6119,0.3881,CV,18.0938,18.1194,-12.878845401051262,-12.860102035326783,0.13201,0.34185,138.7815
77,225,0.6129,0.3871,CV,14.5422,14.4519,-9.528961172076677,-9.520837091843584,0.29668,1.69667,291.6116
77,140,0.6112,0.3888,CV,8.3947,8.6681,-8.612731403388848,-8.64947151301301,2.59159,-1.23565,184.5543
77,127,0.5099,0.4901,CV,8.5055,6.1395,-9.659206340598493,-9.631224292825285,126.77351,-26.52436,1284.2152
77,213,0.6331,0.3669,CV,27.341,28.5677,-13.20023848585289,-13.393672213658135,-2.38335,1.33959,417.8323
77,118,0.5888,0.4112,CV,13.6846,14.9518,-35.61610853534286,-35.917158301981516,26.59258,5.52796,274.8265
77,179,0.5724,0.4276,CV,55.0757,55.1012,-70.97610134778728,-70.81790167669774,-0.20798,1.57132,54.9268
77,159,0.589,0.411,CV,35.6806,35.7189,-27.257242696097588,-27.152856446003234,2.09862,1.45436,83.6994
77,165,0.5013,0.4987,CV,6.7396,6.0565,-12.690304059151499,-12.516059822806106,16.80906,-2.7801,131.6027
77,194,0.5922,0.4078,CV,14.4178,14.2187,-9.973777568029472,-9.936626022214288,5.31923,-3.46738,198.074
77,210,0.3026,0.6974,CA,44.3418,43.9303,-98.95016455879252,-97.91519888341264,-17.0465,-1.77503,119.0629
77,153,0.6218,0.3782,CV,35.6976,36.3609,-20.79019052291963,-21.08881028137901,0.74494,0.89301,133.2878
77,238,0.3082,0.6918,CA,18.3706,16.6999,-50.01018006192889,-49.368326975700214,-63.20671,-17.17131,371.4587
77,239,0.3081,0.6919,CA,44.7028,45.2962,-32.87480265302628,-31.7531154985529,-13.09389,-13.65604,279.9076
77,240,0.3,0.7,CA,22.3005,20.1275,-14.414230317211668,-13.512001920070883,-74.04035,16.83717,548.8249
77,136,0.6051,0.3949,CV,52.8154,52.913,-56.42808688584526,-56.415470857576096,1.07897,0.36821,67.3534
77,232,0.599,0.401,CV,9.8882,9.7797,-15.17591365431629,-15.134998529402134,3.02419,0.43221,93.1796
77,241,0.5583,0.4417,CV,25.2759,25.3411,-26.580670430357728,-26.308862065814786,-3.50913,18.3775,180.2228
77,119,0.6058,0.3942,CV,10.2691,10.2335,-17.48860173003049,-17.46906732952089,-0.16322,1.07173,80.2001
77,230,0.5947,0.4053,CV,28.5595,28.1265,-12.626150805470632,-12.603987068160338,10.35841,2.35539,1565.4706
77,242,0.6402,0.3598,CV,8.2943,8.2943,-21.78127283663789,-21.76040817887244,3.54716,1.47747,31.6572
77,244,0.6463,0.3537,CV,5.088,5.088,-6.524044937194319,-6.529786403393477,1.01194,1.87639,45.4865
77,206,0.5288,0.4712,CV,34.4753,34.3109,-22.878838358268048,-22.63916802499388,3.83755,-1.7686,81.8198
77,149,0.6591,0.3409,CV,16.137,17.367,-12.139810029458324,-12.496652585097426,59.59491,24.7748,313.9402
77,145,0.5,0.5,CA,79.7107,79.7089,-45.66677344037957,-45.39889565063845,-3.54979,2.15355,117.1145
77,120,0.5,0.5,CA,29.8049,29.8073,-53.253471724635354,-53.20164745613764,-0.16212,1.90706,67.8968
78,115,0.5886,0.4114,CV,14.97,14.8832,-35.231343868775205,-35.139972214381785,-2.05219,1.17781,61.8153
78,129,0.5841,0.4159,CV,18.1427,17.7898,-12.254300032478739,-12.15718092499382,8.32119,-2.09353,379.9635
78,160,0.6107,0.3893,CV,27.3506,27.2003,-18.112699439341903,-18.095140516926303,1.28715,-1.32024,833.7821
78,138,0.6186,0.3814,CV,21.8778,22.0643,-22.45289029971496,-22.52064755142846,-0.70284,0.49319,86.4559
78,171,0.616,0.384,CV,19.335,19.3932,-13.733730574077331,-13.740704818928073,-0.88915,1.66036,174.3847
78,195,0.6126,0.3874,CV,24.5077,24.4145,-21.639739812535097,-21.629603813272844,1.68235,1.73291,430.4695
78,185,0.6027,0.3973,CV,11.3549,11.2415,-30.436214512172146,-30.397629130826566,-0.75654,2.38964,140.6386
78,214,0.614,0.386,CV,6.2065,6.173,-8.66177839233093,-8.66166118845969,1.28018,0.22365,92.6386
78,215,0.5183,0.4817,CV,49.2863,48.9675,-25.64789104481305,-25.322397147475428,8.56064,3.04908,223.0546
78,193,0.595,0.405,CV,5.7199,5.5194,-28.99310321009483,-28.960594466902677,1.81708,3.65821,126.3367
78,147,0.6147,0.3853,CV,43.4657,43.311,-12.711598370193759,-12.706584904801987,-0.99367,-2.39856,2087.9372
78,218,0.4565,0.5435,CA,33.2419,33.0412,-29.809425762210303,-29.18580165468221,-9.98918,1.86724,110.1735
78,221,0.44,0.56,CA,19.5855,18.4974,-41.41017017337221,-41.05858709016598,32.69813,-0.83761,303.798
78,222,0.6113,0.3887,CV,9.3159,9.2646,-7.981338402814538,-7.969269024523255,0.69558,0.98233,132.3442
78,225,0.6044,0.3956,CV,36.5968,36.5687,-21.498741898780732,-21.45616206544419,-1.06832,2.39356,264.9955
78,140,0.5749,0.4251,CV,39.8325,39.7168,-31.904708338521637,-31.74287899702907,5.68683,-1.7644,182.4175
78,127,0.6156,0.3844,CV,6.7252,9.7836,-10.711973175543369,-10.866477330169428,71.72791,-13.99866,1427.874
78,213,0.6053,0.3947,CV,23.246,23.3378,-20.27499284196691,-20.206278977939256,8.98953,0.63835,370.4569
78,118,0.5319,0.4681,CV,22.0322,21.5798,-21.923660347822384,-21.620568707594387,28.07767,8.07079,261.5085
78,179,0.6116,0.3884,CV,20.6183,20.7424,-13.600260895399785,-13.647239766285852,0.06796,0.95497,48.499
78,159,0.5894,0.4106,CV,12.54,12.4102,-9.28342771910178,-9.213883187918206,2.02924,1.7857,83.1196
78,165,0.4526,0.5474,CA,19.7797,19.2758,-18.187397434088467,-17.69314453285106,20.90886,-4.12568,141.674
78,194,0.6087,0.3913,CV,18.0387,18.1248,-11.819186533185881,-11.825320434124844,0.73916,-2.48019,201.0414
78,210,0.3043,0.6957,CA,30.1168,29.5065,-29.58621154878082,-28.73552924230846,-25.35221,-1.22606,134.0122
78,153,0.581,0.419,CV,22.9392,22.8655,-27.486505241973823,-27.333937911853397,4.95678,1.22353,131.7685
78,238,0.431,0.569,CA,14.4776,13.5534,-163.87397546618797,-163.56468066192522,-64.8082,-20.84349,396.8067
78,239,0.4689,0.5311,CA,134.4081,135.6436,-123.41945536285633,-123.26345172105417,-6.98563,16.29339,394.4831
78,240,0.3669,0.6331,CA,15.3634,12.8569,-11.955530571434643,-11.389914093503743,-90.50494,15.47483,599.4934
78,136,0.5842,0.4158,CV,16.0946,16.0335,-32.5722745138896,-32.457580809473846,2.76545,0.09611,66.7545
78,232,0.5852,0.4148,CV,14.1859,14.0355,-10.069359787582865,-9.967810976359093,3.53952,0.56396,94.0833
78,241,0.4937,0.5063,CA,17.5547,17.1194,-25.701677760120205,-25.290011289407268,-11.94727,24.58815,262.0917
78,119,0.6014,0.3986,CV,15.5469,15.4884,-14.78782895030026,-14.74310517730331,-0.30603,1.02832,83.618
78,230,0.6119,0.3881,CV,36.6459,36.8251,-12.488507400984046,-12.504107268933398,5.05774,3.01539,1468.3069
78,242,0.5968,0.4032,CV,8.9128,8.8605,-9.199543804945193,-9.08462603812035,2.28494,2.78487,50.8224
78,244,0.6198,0.3802,CV,7.1039,7.0749,-7.225149559326632,-7.197993036142563,4.42811,4.71102,68.4726
78,206,0.4732,0.5268,CA,50.6082,50.368,-62.794199429634716,-62.34307861095594,6.37139,-2.06218,92.2161
78,149,0.5628,0.4372,CV,23.0711,24.715,-14.102937033443208,-13.8201912165839,-46.84902,-15.57294,275.2029
78,145,0.5873,0.4127,CV,8.9035,9.1247,-8.9405460623157,-8.991161869092666,-1.95131,1.16624,106.6631
78,120,0.5626,0.4374,CV,12.6352,12.6346,-41.295903381598535,-41.245277853805774,-1.93065,0.79039,63.8674
78,124,0.5,0.5,CA,75.9694,75.9675,-32.48562659438439,-32.47853709520152,0.89046,0.99772,354.4709
78,176,0.5,0.5,CA,8.9647,8.9839,-10.216524997092893,-10.228939506832846,0.16604,-0.69112,88.8071
78,226,0.5,0.5,CA,90.9329,91.3319,-121.07238729672326,-114.15010997795194,-62.91018,-2.89836,151.6127
78,220,0.2384,0.7616,CA,25.3809,24.6349,-20.14657910569669,-18.62015076426178,41.24647,-7.49257,273.7484
78,248,0.7,0.3,CV,15.0759,15.0759,-13.853547453680326,-13.853547453680326,0.0,0.0,24.4615
79,115,0.588,0.412,CV,16.5076,16.425,-13.291553723580632,-13.216761331921747,-1.65669,1.48386,67.0132
79,129,0.5886,0.4114,CV,17.1409,16.855,-12.519727493751557,-12.453724688454749,7.30661,-2.86838,352.6565
79,160,0.6095,0.3905,CV,25.899,25.7578,-17.17264797439485,-17.154630515507037,3.29935,-0.32937,798.9623
79,138,0.6143,0.3857,CV,8.4878,8.4573,-12.379603560901817,-12.370032866659585,-0.75111,0.88879,85.4488
79,171,0.6031,0.3969,CV,23.4038,23.3843,-15.402753307518456,-15.35026720813159,1.91559,1.57813,167.1018
79,195,0.6122,0.3878,CV,20.814,20.6792,-18.541770732284885,-18.53255550767085,1.88094,1.77038,458.6901
79,185,0.5965,0.4035,CV,14.0175,13.8948,-19.6427110438523,-19.582184941093686,-1.33034,2.34987,135.9481
79,214,0.6167,0.3833,CV,8.2126,8.2331,-10.587705296766957,-10.595394387411055,0.40645,0.64769,90.3512
79,215,0.5183,0.4817,CV,32.4894,32.0454,-24.86019474751076,-24.60481287513004,9.61586,4.63772,230.0772
79,193,0.6091,0.3909,CV,9.4778,9.5055,-47.003495333178364,-47.0072914277348,2.45426,2.82569,116.6915
79,147,0.614,0.386,CV,33.0473,32.7811,-12.446618316754485,-12.441691580227062,-1.84434,-2.16902,2085.1605
79,218,0.5772,0.4228,CV,9.7345,9.9287,-19.51813491528626,-19.58906437970399,-6.00364,2.1033,110.8502
79,221,0.4032,0.5968,CA,24.2041,22.9415,-29.393056932389044,-28.783851101785118,42.86745,-1.08889,331.4804
79,222,0.6044,0.3956,CV,14.9223,14.8673,-12.181523073271912,-12.141302972627209,1.35683,1.78755,128.6297
79,225,0.5533,0.4467,CV,46.3523,46.2375,-25.014152993914486,-24.774600344073683,-5.39899,3.02498,243.4371
79,140,0.5631,0.4369,CV,25.7968,25.5253,-31.279681990881393,-31.12297580853432,6.53571,-1.65379,180.6727
79,127,0.3353,0.6647,CA,63.9563,61.6349,-54.016906117798925,-52.86204218100666,136.00996,-24.28362,1573.4588
79,213,0.6125,0.3875,CV,17.4542,17.4928,-11.244861844047572,-11.247724137992929,3.27656,2.30102,329.9951
79,118,0.3852,0.6148,CA,22.3055,21.2607,-23.865509252878166,-23.050047445684257,43.59399,10.22974,284.7126
79,179,0.5999,0.4001,CV,14.4065,14.4077,-18.81724111050156,-18.757969286436364,1.17414,0.45096,44.8273
79,159,0.5988,0.4012,CV,8.0924,7.98,-11.789321064275148,-11.757812831888241,1.49608,1.79625,82.3287
79,165,0.3571,0.6429,CA,24.0978,23.2142,-15.028246013811632,-14.20565427390315,30.47209,-6.34335,161.7771
79,194,0.5994,0.4006,CV,17.673,17.5338,-23.721527772321856,-23.66440295548167,-0.61475,-2.08005,195.5203
79,210,0.2538,0.7462,CA,33.4255,32.647,-27.53866733848661,-26.434390268261097,-38.87778,0.47685,160.2304
79,153,0.6136,0.3864,CV,18.8638,19.0778,-11.814822057735416,-11.857675373310068,-0.3596,1.59327,128.6628
79,238,0.4843,0.5157,CA,9.0116,7.1321,-175.1479338956337,-174.88086038635092,-64.1214,-17.92749,422.4646
79,240,0.4463,0.5537,CA,11.8361,9.4013,-15.035263457309119,-14.706052498428395,-92.53207,12.08569,614.004
79,136,0.5577,0.4423,CV,13.831,13.681,-24.85270321358995,-24.660370331234247,4.10665,0.68994,67.4798
79,232,0.5979,0.4021,CV,8.0807,7.955,-8.33296622157312,-8.304207658216976,2.73833,0.86734,93.5519
79,241,0.4409,0.5591,CA,16.936,15.9461,-52.45352463699693,-51.92279697355261,-22.33646,28.03952,322.1619
79,119,0.5927,0.4073,CV,21.783,21.6978,-14.28655165810308,-14.212420481279768,-0.89412,1.26209,88.8543
79,230,0.6154,0.3846,CV,25.2196,25.211,-11.397206698006523,-11.402326196130371,1.4814,3.17863,1391.8873
79,244,0.582,0.418,CV,7.5553,7.2622,-7.857111313076774,-7.711530601361357,7.00376,7.08612,88.8573
79,206,0.4705,0.5295,CA,38.9553,38.5763,-44.8019253308649,-44.41980828620558,8.48227,-2.47213,105.305
79,149,0.1386,0.8614,CA,26.8894,25.0307,-14.81075009988736,-12.591235034707939,-98.74191,-35.12132,302.6663
79,248,0.6438,0.3562,CV,6.8298,6.8298,-9.771628462542985,-9.76653457068079,-2.37792,-0.32854,33.9636
79,145,0.6134,0.3866,CV,19.1126,19.2243,-11.874327257443214,-11.907282778288188,0.18632,-0.0001,105.1293
79,120,0.5616,0.4384,CV,13.296,13.1934,-30.225408974241745,-30.080666472841457,-2.64821,1.42394,60.0305
79,124,0.4792,0.5208,CA,86.7846,86.7288,-54.876379244376324,-54.49066618040271,-0.7673,5.17082,272.0945
79,226,0.5676,0.4324,CV,8.0552,7.6788,-22.34630779409705,-22.315932006191957,-43.32766,-2.46546,219.4298
79,212,0.5,0.5,CA,30.5048,30.5801,-17.279699053863396,-17.21695436222101,2.66865,1.60137,124.3182
79,211,0.5,0.5,CA,68.818,69.0873,-49.93439096255153,-49.367898007440196,-10.01012,-1.3808,119.0278
79,114,0.5,0.5,CA,22.6119,23.1173,-13.944961205907253,-13.909465843936394,5.59529,-5.13457,234.4528
79,249,0.7,0.3,CV,25.457,25.457,-13.056234389247876,-13.056234389247876,0.0,0.0,1137.723
80,115,0.5836,0.4164,CV,16.8603,16.7318,-15.07144087559622,-14.979284402839168,-1.74673,1.8586,69.9121
80,129,0.5762,0.4238,CV,24.3597,24.0979,-17.38522186140202,-17.261845258219992,6.92331,-3.70971,312.9078
80,160,0.6197,0.3803,CV,18.5032,18.7382,-42.154503410176375,-42.18141851926594,1.08756,0.75386,787.4325
80,138,0.5135,0.4865,CV,40.4043,40.3523,-54.30762131643792,-53.8934075500082,-4.06729,2.10136,79.8975
80,171,0.5827,0.4173,CV,30.6742,30.5507,-16.050269039641954,-15.932221076583023,3.36541,1.7888,171.1755
80,195,0.6119,0.3881,CV,22.8381,22.6979,-18.842045633214784,-18.832031218642015,1.96324,1.78847,496.7884
80,185,0.5874,0.4126,CV,18.8546,18.7086,-11.479504205065659,-11.390620284785381,-1.91182,2.32887,135.7402
80,214,0.6105,0.3895,CV,14.5784,14.5699,-11.483762507999973,-11.46120737537101,-0.65262,1.03518,86.3459
80,215,0.5068,0.4932,CV,30.406,29.8709,-30.318758594027,-30.017288019178743,11.5985,6.18197,240.0312
80,147,0.6132,0.3868,CV,32.4115,32.1065,-13.529063825239554,-13.521986305769587,-1.60513,-1.61147,2058.4973
80,218,0.6137,0.3863,CV,13.1262,13.3002,-26.639852497420037,-26.688842706324447,-1.11969,1.74213,108.8946
80,221,0.4331,0.5669,CA,23.4463,22.2228,-14.46935776567722,-14.035520722302023,48.8836,-3.40869,375.1051
80,222,0.6004,0.3996,CV,13.3054,13.2185,-9.282396067805035,-9.235832485093415,0.52862,2.44709,121.8799
80,225,0.5945,0.4055,CV,10.7153,10.7196,-11.982003501364254,-11.985542889667148,-2.72076,3.00147,235.2156
80,140,0.5753,0.4247,CV,16.4585,16.205,-28.165482100464512,-28.07563428276601,6.10339,-0.58571,180.4973
80,127,0.6144,0.3856,CV,25.1598,30.0772,-29.746699097508582,-30.143055357134045,56.18059,-6.95931,1660.0632
80,213,0.6109,0.3891,CV,20.4353,20.4543,-20.08435401303828,-20.069826605853216,-0.60786,2.90366,309.3366
80,118,0.5374,0.4626,CV,14.2026,14.2158,-36.13077715655111,-36.14124955911264,32.37229,9.94967,301.7751
80,179,0.585,0.415,CV,9.363,9.2995,-19.675091308862125,-19.57114301509681,1.43388,1.78149,44.5645
80,159,0.6066,0.3934,CV,9.4066,9.3767,-17.83128430127956,-17.81878756997782,0.37613,1.79052,81.5494
80,165,0.1579,0.8421,CA,44.9045,43.7146,-34.649187340255345,-32.87534949363777,57.98957,-10.65748,214.6353
80,194,0.5599,0.4401,CV,31.2903,31.2188,-18.53539775967443,-18.32980762262115,4.57226,-2.93292,188.1177
80,210,0.0924,0.9076,CA,45.1429,43.9614,-49.08145764468925,-46.841984244329495,-75.50815,3.35482,203.2319
80,153,0.5257,0.4743,CV,87.592,87.5872,-102.31870235643254,-101.95425613873194,4.75274,2.388,154.0898
80,238,0.2531,0.7469,CA,26.6732,24.823,-131.1738218316457,-129.81175641298088,-97.42186,-19.75882,484.5006
80,240,0.5982,0.4018,CV,2.5246,3.8104,-26.81739954374254,-26.989591387126424,-60.05913,6.27454,572.8388
80,136,0.5419,0.4581,CV,11.4857,11.2742,-18.108913955377503,-17.891314120811845,4.68781,1.73325,67.1052
80,232,0.6097,0.3903,CV,12.6274,12.6539,-9.247881904166803,-9.249711391954492,1.03931,1.35115,91.273
80,241,0.3615,0.6385,CA,20.9954,19.8008,-77.54598583378343,-76.7589802859108,-35.60435,32.46665,379.4587
80,119,0.587,0.413,CV,24.3537,24.2411,-13.866224357122778,-13.781036529312198,-1.17493,1.67834,94.3941
80,230,0.6006,0.3994,CV,84.6516,84.6248,-25.898752451721084,-25.836780673384396,6.75964,3.87524,1429.563
80,244,0.562,0.438,CV,7.2942,6.8491,-7.669849395912996,-7.498234814726658,6.12837,9.48522,103.2484
80,206,0.4514,0.5486,CA,39.6786,39.2326,-42.67293246172113,-42.217749199589676,11.69583,-3.27814,118.8793
80,149,0.4622,0.5378,CA,5.5591,5.8942,-9.120247216996827,-9.175246847234684,-86.16226,-30.1697,305.0503
80,248,0.5005,0.4995,CV,19.7792,19.8411,-21.447717504705118,-20.937370185794414,13.21116,3.88919,57.3476
80,145,0.6127,0.3873,CV,12.7533,12.7424,-9.033055340077443,-9.024654156169557,1.01692,-0.37404,106.1881
80,120,0.5431,0.4569,CV,13.5218,13.3702,-32.42550159663605,-32.20706990403703,-3.39268,1.93912,57.8955
80,249,0.6483,0.3517,CV,14.6327,14.6327,-12.818810195207401,-12.833362432736724,7.5494,-2.52267,1566.2143
80,124,0.5433,0.4567,CV,29.7421,29.9615,-22.99764142127696,-22.89888223808096,-7.09138,4.94956,268.2244
80,226,0.6573,0.3427,CV,16.9733,18.6343,-23.675874631569677,-23.927408057468707,15.68751,0.76779,204.1133
80,211,0.6125,0.3875,CV,30.2426,30.6724,-43.715959087259286,-43.87141820305801,4.69966,-0.36386,112.2807
80,114,0.0008,0.9992,CA,106.554,106.3352,-157.87765581363274,-150.38352901811598,70.59465,-15.08127,246.9058
80,243,0.5,0.5,CA,78.7796,78.7796,-60.151043293713606,-55.363542868753235,48.31869,8.88111,166.3551
80,251,0.7,0.3,CV,8.1903,8.1903,-7.773965307441944,-7.773965307441944,0.0,0.0,50.4581
81,129,0.54,0.46,CV,35.7703,35.5489,-23.72399759512845,-23.471864965498312,10.55451,-1.97658,298.0981
81,138,0.556,0.444,CV,18.247,18.2034,-18.131708272205124,-18.03489258119856,-2.38519,3.25719,80.044
81,171,0.5618,0.4382,CV,38.6049,38.404,-19.119355594994396,-18.94590899268902,3.9259,2.95553,177.6901
81,195,0.6081,0.3919,CV,38.1429,37.9854,-17.68276659291513,-17.65731458793856,2.53992,2.48851,541.0344
81,185,0.5865,0.4135,CV,17.2822,17.1148,-14.241211780145601,-14.162008460334675,-2.04889,2.58395,132.8206
81,214,0.5873,0.4127,CV,23.4707,23.412,-19.406620596313495,-19.296701872370203,-1.72912,1.89515,87.1605
81,215,0.4679,0.5321,CA,34.7931,34.1743,-37.02119641892523,-36.58053390049206,14.858,9.39754,254.5885
81,147,0.6144,0.3856,CV,27.6861,27.4645,-12.881003574411242,-12.8802012477984,-2.05389,0.55658,2032.8317
81,218,0.5921,0.4079,CV,21.2454,21.1929,-30.363003784490008,-30.267977837103093,1.09611,2.41259,107.2034
81,221,0.4427,0.5573,CA,17.772,15.8782,-11.1675321280404,-10.73038583061297,56.33809,-4.17615,418.427
81,222,0.561,0.439,CV,25.8518,25.7346,-24.875383332646194,-24.672609999727918,-0.64594,4.0211,113.0501
81,225,0.604,0.396,CV,23.5054,23.5279,-16.979670143786088,-16.962603164800598,-0.18488,3.12734,237.4126
81,140,0.5802,0.4198,CV,24.3053,24.2073,-17.64662825324728,-17.559127671872055,5.41314,2.05761,185.7092
81,127,0.6226,0.3774,CV,44.7081,46.6424,-20.817172494595404,-20.84912479485071,-27.25812,8.90791,1450.7424
81,213,0.5776,0.4224,CV,37.4641,37.3482,-83.34758651020944,-83.19726954993463,3.05888,4.35169,288.8118
81,118,0.4267,0.5733,CA,37.6654,37.1712,-33.830853176736674,-33.17928643456264,38.05654,16.00238,293.6487
81,179,0.4212,0.5788,CA,22.4016,22.28,-38.102514871836284,-37.35940685164137,3.38942,5.18938,45.6826
81,159,0.5829,0.4171,CV,20.5943,20.5134,-21.612295495799565,-21.49005232649727,-0.24753,2.96047,82.2919
81,165,0.1616,0.8384,CA,37.7875,36.0819,-23.915529689521794,-22.448762756009465,95.73366,-17.51156,255.1401
81,194,0.5562,0.4438,CV,28.918,28.9169,-18.626732113959783,-18.46387119326056,2.06616,1.91136,175.2088
81,210,0.1447,0.8553,CA,35.9403,34.8255,-40.194366391447176,-38.68957411019711,-104.96675,12.66337,244.6095
81,153,0.5529,0.4471,CV,54.752,54.6271,-26.551574170605637,-26.424864740764548,2.25055,3.26285,190.3758
81,238,0.3368,0.6632,CA,25.3102,23.8704,-83.99536182621593,-83.36347505639783,-110.55213,-14.25687,533.1977
81,240,0.6624,0.3376,CV,18.0365,19.5641,-46.60523920113862,-46.83474139942036,4.92482,2.71627,482.3801
81,136,0.5218,0.4782,CV,14.9627,14.8053,-21.65048332792031,-21.37532414663092,4.64815,3.98481,68.2363
81,232,0.5966,0.4034,CV,20.802,20.7615,-13.98538958579639,-13.915153564164118,-0.23812,2.20318,91.812
81,241,0.1064,0.8936,CA,36.6484,34.8084,-127.10406851270037,-124.86980974107976,-70.69001,67.12999,429.3513
81,119,0.5697,0.4303,CV,37.1851,37.0615,-21.360838314033057,-21.213303212708453,-1.54243,2.71648,100.3164
81,230,0.5955,0.4045,CV,59.6419,59.1966,-17.831828239206875,-17.770449878962584,6.9974,4.51632,1479.0294
81,244,0.4167,0.5833,CA,16.7021,16.2765,-13.663052843307197,-12.934854213828487,4.96561,16.58173,116.8495
81,206,0.4879,0.5121,CA,32.9421,32.675,-38.89596049835477,-38.61457551760911,12.99881,-1.29293,126.185
81,149,0.5925,0.4075,CV,14.8376,15.1786,-13.290019995186164,-13.415881376990603,-53.47886,-16.44368,292.3354
81,145,0.611,0.389,CV,13.2539,13.219,-9.182349478252045,-9.167831633899587,1.31528,0.23045,108.7262
81,249,0.6401,0.3599,CV,20.7604,20.7287,-15.21662792831863,-15.27344510612053,16.89943,7.5941,2228.3077
81,124,0.4099,0.5901,CA,41.2172,40.7922,-24.928155826848062,-24.199257348761023,-12.24955,8.5464,273.4843
81,226,0.4742,0.5258,CA,21.6161,21.2665,-27.056430235645315,-26.420627723760038,31.9609,2.87992,179.0507
81,251,0.6297,0.3703,CV,20.7549,20.7549,-16.936648002568248,-16.87056336633393,-5.26165,6.9769,67.9553
81,211,0.4915,0.5085,CA,20.9983,20.8221,-29.8368920683225,-29.337149589472816,9.50027,2.30559,102.7783
81,114,0.1035,0.8965,CA,48.2207,47.0722,-41.93932556842054,-40.18422878691742,97.20225,-16.37801,237.366
81,243,0.3329,0.6671,CA,17.3736,16.2221,-16.26323069464575,-15.26592475855346,49.44929,18.30984,266.5393
81,152,0.5,0.5,CA,41.896,41.9012,-13.611940012125725,-13.605596581933519,-0.3799,0.10086,62.2713
81,128,0.5,0.5,CA,13.789,13.813,-41.55312986104706,-41.562334734050665,0.6959,-0.02754,96.3168
81,248,0.0908,0.9092,CA,25.1431,24.6146,-35.55235535543754,-32.94549861970248,29.33298,20.5383,111.0578
82,129,0.5956,0.4044,CV,3.5359,3.7119,-36.63737388832283,-36.664936408541635,6.76234,-1.5715,281.8368
82,138,0.5986,0.4014,CV,13.007,13.0769,-10.238834156973473,-10.255681615070358,-0.12805,2.20996,80.7218
82,171,0.5659,0.4341,CV,28.1509,27.9022,-16.721845853494386,-16.59564551406923,3.83661,3.61977,178.9594
82,195,0.6105,0.3895,CV,22.8747,22.6951,-15.71278726761075,-15.702774424526922,2.62373,2.14979,569.617
82,185,0.5323,0.4677,CV,40.216,40.0795,-29.896824231041798,-29.59873569276172,-3.70435,4.19985,122.9157
82,214,0.5959,0.4041,CV,9.1103,8.9735,-34.191765353124154,-34.15137442331091,-1.71973,1.58171,87.002
82,215,0.48,0.52,CA,22.6658,21.8851,-42.17272032860539,-41.836112959330464,17.35309,10.52953,265.428
82,147,0.6161,0.3839,CV,27.8602,27.7751,-16.16450878670466,-16.16906076045487,-3.48919,1.59786,2034.9552
82,218,0.6006,0.3994,CV,8.5549,8.4413,-20.119589512083138,-20.092110539480192,0.36957,2.28218,103.4654
82,221,0.6099,0.3901,CV,14.1272,15.5446,-11.056624177139884,-11.282862941873145,26.4662,-3.00431,453.3031
82,222,0.5549,0.4451,CV,18.2649,18.1003,-32.09115257497812,-31.921301354750575,-2.06358,4.15408,108.0496
82,225,0.6087,0.3913,CV,12.6411,12.5529,-17.722400843358727,-17.710892571848383,0.73794,2.53467,228.753
82,140,0.5876,0.4124,CV,21.8808,21.7474,-12.185412552556837,-12.121127041271599,4.85277,1.85303,199.1793
82,127,0.5511,0.4489,CV,37.0222,35.8646,-15.087566459963055,-14.811900370847168,-48.80567,11.19804,1311.6143
82,213,0.586,0.414,CV,27.0706,27.0416,-43.08559970293657,-43.018710967462766,-1.27313,4.41351,267.6918
82,118,0.4444,0.5556,CA,14.8881,13.8179,-14.254276777020728,-13.832906871078194,42.88482,17.77033,288.6697
82,179,0.4609,0.5391,CA,8.7784,8.4738,-15.750497294820542,-15.403498680743395,4.62119,5.65827,46.2069
82,159,0.5889,0.4111,CV,15.306,15.2123,-14.231254589121177,-14.168556744193953,-0.35159,2.64586,87.5485
82,194,0.5888,0.4112,CV,21.7188,21.8526,-14.153701700188362,-14.12938195022504,-3.02929,2.69485,170.2856
82,210,0.4256,0.5744,CA,7.3562,6.8105,-7.635788822883285,-7.534229567534096,-97.76373,14.61866,275.6428
82,153,0.5685,0.4315,CV,75.0782,75.0163,-32.58306782537621,-32.48043736676035,-1.07212,2.46819,228.562
82,240,0.6439,0.3561,CV,7.206,7.1549,-58.862161949895196,-58.91446414769095,10.81185,-0.62683,390.698
82,136,0.5729,0.4271,CV,6.4439,6.3238,-8.874529423681857,-8.834500079004862,4.2531,2.81679,69.6045
82,232,0.5984,0.4016,CV,11.3444,11.2372,-9.772483230311618,-9.728966106394658,-0.73213,2.06755,91.2114
82,241,0.4629,0.5371,CA,14.6527,15.2463,-119.41305476026324,-119.5169523678564,-66.30061,48.01211,399.3888
82,119,0.5696,0.4304,CV,27.9765,27.7983,-14.793323937229925,-14.670695512240666,-1.98523,3.10344,106.9543
82,230,0.6055,0.3945,CV,23.688,23.228,-13.985125818499682,-13.972815917890706,5.08677,3.59749,1506.5068
82,244,0.5779,0.4221,CV,3.3112,3.743,-6.362900317177875,-6.493068565434338,1.90299,10.90275,119.2116
82,149,0.668,0.332,CV,6.5628,8.2432,-20.497221367559742,-20.7600719729012,-9.91539,-2.58171,259.4668
82,145,0.6108,0.3892,CV,12.5321,12.4873,-9.52382126131587,-9.511027500906977,1.21275,-0.22953,114.4607
82,249,0.6274,0.3726,CV,44.1713,44.8242,-13.495915515906258,-13.510063973004314,8.78581,-11.29453,2755.6021
82,124,0.3694,0.6306,CA,39.1875,38.3487,-20.058441662092264,-19.34926864398823,-19.81813,10.90691,289.0277
82,226,0.4114,0.5886,CA,16.6149,15.6678,-23.33245884672193,-22.708827939368646,40.5982,2.80085,190.5085
82,251,0.578,0.422,CV,12.382,12.1931,-19.281754271662432,-19.104894953355,-12.41475,7.03768,107.6978
82,211,0.555,0.445,CV,6.3573,6.1201,-17.49296379948275,-17.423657427927584,8.24061,1.12666,95.1856
82,114,0.0533,0.9467,CA,41.5157,39.3281,-55.05121417051586,-52.43078219126653,145.60297,-24.18631,274.6682
82,243,0.6386,0.3614,CV,7.8549,9.8306,-10.331707583779883,-10.834875659147627,15.09152,9.12416,240.3543
82,152,0.5749,0.4251,CV,25.4057,25.4279,-24.718113910708468,-24.717847497393254,0.35722,-0.04658,48.3516
82,128,0.5349,0.4651,CV,14.8199,14.7915,-30.756842806691097,-30.594245070942904,5.34588,0.07944,85.6794
82,220,0.5,0.5,CA,101.3786,102.7446,-36.123186557694595,-34.20341715288701,-60.77129,10.40942,148.9048
82,165,0.1318,0.8682,CA,25.1206,22.5571,-14.716232346171306,-13.00532404508174,139.3926,-26.96392,326.1973
82,259,0.7,0.3,CV,24.8663,24.8663,-11.909026993054947,-11.909026993054947,0.0,0.0,128.2311
83,129,0.6229,0.3771,CV,15.751,16.0465,-33.69390754229926,-33.75484283502314,1.13693,-0.64312,259.5476
83,138,0.6017,0.3983,CV,13.8712,13.8561,-10.612795501021042,-10.580217636578357,1.34501,1.29734,80.2243
83,171,0.5687,0.4313,CV,25.4523,25.2116,-17.45157963778632,-17.330529868986297,3.87667,4.13236,176.9496
83,195,0.6116,0.3884,CV,21.7776,21.5974,-16.63577437705603,-16.62720717799488,2.75826,1.83842,603.9803
83,185,0.4726,0.5274,CA,32.2459,31.9991,-38.45341020530268,-37.99486747106896,-6.5902,5.07292,119.6283
83,214,0.5873,0.4127,CV,16.8413,16.7355,-32.48983408185897,-32.40120575591381,-2.40691,1.4146,84.8449
83,215,0.5413,0.4587,CV,10.9357,10.2799,-20.885204834219,-20.77726518160037,16.42016,8.56653,280.4301
83,147,0.618,0.382,CV,18.788,18.7838,-15.103830014534624,-15.113930908884088,-2.48302,2.08772,2049.1722
83,218,0.6104,0.3896,CV,6.7796,6.7611,-10.727713541046176,-10.728621796269941,-0.53209,1.61291,101.6468
83,221,0.621,0.379,CV,23.4484,23.5882,-11.74895024364747,-11.780626403762122,10.46406,-4.06762,434.9676
83,222,0.5474,0.4526,CV,18.2587,18.0706,-40.249545938108106,-40.058299237847365,-3.36635,4.13569,105.2946
83,225,0.6102,0.3898,CV,22.0798,22.1053,-43.092528481279764,-43.080399926479146,-1.48027,1.81346,217.6258
83,140,0.5331,0.4669,CV,41.9283,41.7273,-21.33798229139195,-21.041327057927738,8.34756,1.26477,188.2956
83,127,0.5322,0.4678,CV,29.8913,27.7966,-12.823071404281666,-12.576161929005956,-53.18959,10.57174,1279.0215
83,213,0.5663,0.4337,CV,33.357,33.2387,-31.957267187958113,-31.79740165858445,-5.32375,3.43828,253.412
83,118,0.5861,0.4139,CV,6.4689,6.791,-21.969436814303037,-22.09426502627965,28.8211,10.8938,275.3199
83,179,0.5046,0.4954,CV,7.5961,7.3745,-11.176820658909818,-10.948689820196268,5.63406,5.24618,47.3523
83,159,0.6012,0.3988,CV,9.9611,9.8777,-11.857524033849037,-11.83690821996342,0.14039,1.98421,92.0996
83,165,0.2874,0.7126,CA,13.0952,10.0133,-9.31081937780074,-8.618935616057472,156.47448,-31.14788,388.839
83,194,0.5598,0.4402,CV,22.0191,21.8535,-14.51454571871589,-14.323938720707474,-5.51797,1.43455,158.1476
83,210,0.6996,0.3004,CV,9.7012,12.6439,-15.210260979060262,-15.859254067520904,-22.56927,4.78001,278.2703
83,153,0.5541,0.4459,CV,99.915,99.7727,-42.83639994252455,-42.65226170724107,-4.85783,2.14035,265.3586
83,240,0.6405,0.3595,CV,11.0902,11.4475,-79.13923536392672,-79.20439462603144,-2.795,-0.40057,326.8346
83,136,0.5891,0.4109,CV,5.3539,5.1691,-7.042854627971308,-6.9956915954604035,3.84737,1.93902,67.7561
83,241,0.5502,0.4498,CV,18.277,18.6273,-120.34633847108584,-120.29838939005582,-44.3274,17.96116,371.1387
83,119,0.5762,0.4238,CV,22.0971,21.8902,-11.751601241741675,-11.655973787705289,-2.17068,3.25644,116.0075
83,230,0.6124,0.3876,CV,18.0849,17.9241,-12.825953706136557,-12.827902507264472,3.09705,2.19287,1554.5321
83,244,0.6328,0.3672,CV,8.0638,8.4086,-7.643809316969909,-7.773031096377842,-0.64271,2.7052,113.912
83,149,0.6384,0.3616,CV,5.2278,4.9757,-15.942816431543555,-15.962736993284334,-12.85737,-4.07693,215.0008
83,145,0.6087,0.3913,CV,14.978,14.9166,-11.442225143889765,-11.4208528339258,1.3625,-0.7428,117.7474
83,249,0.6204,0.3796,CV,24.7249,23.2307,-11.523298107309278,-11.5266614797929,1.19185,-14.52747,3000.9351
83,124,0.3532,0.6468,CA,41.5023,40.6646,-21.077068335390727,-20.35481658196953,-29.78916,12.91029,309.9147
83,226,0.5123,0.4877,CV,5.9866,4.8242,-13.880374482612062,-13.753149684697917,36.85599,2.50483,187.5148
83,251,0.597,0.403,CV,6.5423,6.2477,-30.921176438397282,-30.899123326032083,-12.60428,1.92414,140.8315
83,211,0.6034,0.3966,CV,6.2327,6.3025,-18.673704633335902,-18.711816328084552,4.83771,-0.28125,86.917
83,114,0.9421,0.0579,CV,48.9452,52.1677,-40.63384568458827,-43.75194086729699,22.37174,-3.09984,244.3585
83,243,0.6435,0.3565,CV,11.9395,12.5397,-15.112071929288572,-15.19824813790448,-8.6011,-1.67207,197.0702
83,259,0.6381,0.3619,CV,24.5946,24.5946,-15.990829234254393,-15.960896890170178,-7.21288,6.83587,176.4496
83,152,0.5746,0.4254,CV,32.9927,32.9737,-35.49963990311363,-35.38979649804186,1.74434,-0.18395,47.2433
83,128,0.5235,0.4765,CV,13.2233,13.0216,-30.117159772342387,-29.85871165907298,7.30676,0.89457,76.9278
83,220,0.6349,0.3651,CV,30.991,33.1106,-26.159557051445645,-26.410393223375042,48.46757,-10.04374,174.9526
83,206,0.5,0.5,CA,56.1888,55.6162,-42.321326713904405,-40.71244365031306,27.36331,-4.38445,150.493
83,248,0.5,0.5,CA,64.5165,63.1465,-86.68546199483991,-80.93641102451427,89.1415,66.76232,172.9108
83,260,0.7,0.3,CV,7.8755,7.8755,-7.854476396179053,-7.854476396179053,0.0,0.0,26.8251
83,261,0.7,0.3,CV,18.5292,18.5292,-16.093533429960118,-16.093533429960118,0.0,0.0,34.9059
83,262,0.7,0.3,CV,18.1776,18.1776,-17.140436362398948,-17.140436362398948,0.0,0.0,39.8115
83,263,0.7,0.3,CV,5.1554,5.1554,-6.501681777529794,-6.501681777529794,0.0,0.0,26.8623
84,129,0.6156,0.3844,CV,16.7023,16.7407,-24.230701851391565,-24.220343314365024,-2.13509,0.06318,238.802
84,138,0.6001,0.3999,CV,10.7022,10.6118,-10.166451081465329,-10.12229613543496,1.78237,0.8666,79.7503
84,171,0.5935,0.4065,CV,10.6461,10.4872,-13.094162386093108,-13.071308247346469,2.39233,3.63623,180.2493
84,195,0.6136,0.3864,CV,17.4376,17.2912,-22.564787768530685,-22.562890984394983,2.08245,1.88243,654.9947
84,185,0.1277,0.8723,CA,63.9026,63.55,-92.19860694976674,-90.01412784264289,-18.81308,8.45368,125.102
84,214,0.5652,0.4348,CV,21.8357,21.7077,-34.84355230650278,-34.677303825391476,-3.58371,1.08531,84.0347
84,215,0.5429,0.4571,CV,18.3014,17.7812,-10.710549163877971,-10.5206329945986,17.00265,6.63219,278.4792
84,147,0.6158,0.3842,CV,45.4414,45.3835,-14.870405309510176,-14.868089065086743,-2.23513,2.9009,2117.7706
84,218,0.6181,0.3819,CV,11.0473,11.1069,-22.401524788658964,-22.420480010616068,-0.6862,0.27428,95.7087
84,221,0.6044,0.3956,CV,23.1665,22.9309,-12.56169951557047,-12.507267815211478,8.52933,-4.84728,408.1109
84,222,0.5321,0.4679,CV,19.151,18.9144,-45.75113210754178,-45.509301350231894,-4.66433,4.2211,103.3273
84,225,0.551,0.449,CV,45.1046,45.047,-82.52831436098145,-82.2708085568259,-0.26636,3.13515,184.5448
84,140,0.596,0.404,CV,6.8869,7.0704,-10.271717803370272,-10.310708785674388,4.81762,1.2572,186.1456
84,127,0.5643,0.4357,CV,18.1191,16.1847,-10.978873745197596,-10.888899671868696,-45.78303,8.15313,1269.3625
84,213,0.5465,0.4535,CV,31.3821,31.1005,-22.58240000067111,-22.37107452928478,-7.59768,2.29449,246.063
84,118,0.6151,0.3849,CV,7.2005,7.0696,-14.443440394076235,-14.485391884493168,18.71882,6.39821,236.9715
84,179,0.5771,0.4229,CV,2.998,2.9163,-10.006484006539534,-10.008417575434978,4.45032,3.41062,47.0138
84,159,0.6069,0.3931,CV,11.1675,11.1131,-10.100175238748083,-10.085482370338534,0.67827,1.42412,95.3138
84,165,0.6419,0.3581,CV,7.6946,11.5265,-8.36548580277458,-8.946966081203074,83.81924,-18.15131,404.3754
84,194,0.5439,0.4561,CV,16.7396,16.4656,-11.70653249745552,-11.494148131240816,-6.37191,0.46447,144.81
84,210,0.5464,0.4536,CV,18.9181,19.5944,-34.35235898242651,-33.942100456040684,36.08388,-4.13705,242.2289
84,153,0.4993,0.5007,CA,123.438,123.1502,-61.11696867939149,-60.73390094937008,-9.8695,2.80906,280.7469
84,240,0.5941,0.4059,CV,17.1696,17.0277,-61.328384439041045,-61.201812177815384,-10.48877,-0.10719,285.2241
84,136,0.6098,0.3902,CV,2.8505,2.8202,-10.359861185262785,-10.375103203333762,2.59882,1.00007,66.4333
84,241,0.5764,0.4236,CV,16.2771,16.5861,-74.82677279997436,-74.760081031803,-16.15315,-4.84242,328.0911
84,119,0.5785,0.4215,CV,22.8267,22.6076,-11.739418920792538,-11.643453594008207,-2.39945,3.49249,127.2278
84,230,0.6142,0.3858,CV,27.0668,26.9244,-12.358276703822877,-12.357809851784692,2.40815,0.78084,1632.078
84,149,0.5553,0.4447,CV,13.0823,12.5708,-11.089662813811177,-10.807534386379004,-20.95574,-6.64719,193.8127
84,145,0.5965,0.4035,CV,27.2549,27.1651,-21.916815203221155,-21.84750283454622,2.19753,-1.02339,125.0537
84,249,0.642,0.358,CV,13.7472,15.4424,-12.240160140724267,-12.34677436551884,2.41297,-5.12842,2952.9831
84,124,0.2941,0.7059,CA,41.3006,40.2698,-22.79265408496318,-21.822745047436012,-44.60069,18.30893,344.5379
84,251,0.6318,0.3682,CV,5.3812,5.5283,-35.97760467320084,-36.074557411320015,-6.46122,-2.74728,153.7365
84,211,0.5889,0.4111,CV,8.021,7.862,-18.97319921504222,-18.880297370008343,4.8166,-0.81333,80.0541
84,114,0.7297,0.2703,CV,17.3425,17.5743,-11.312671928170253,-11.3124498285545,-4.95026,0.73221,197.6571
84,243,0.5459,0.4541,CV,14.8559,14.6032,-15.03824035917573,-14.710657586220702,-15.57395,-6.65272,166.6154
84,259,0.5312,0.4688,CV,31.5471,31.2675,-19.77546372131612,-19.396491091440968,-16.65951,23.02198,293.2586
84,152,0.4845,0.5155,CA,46.0772,45.9856,-61.27229906063491,-60.80013483209733,4.23297,-0.36304,47.9265
84,128,0.3686,0.6314,CA,18.493,18.1319,-22.21450616600649,-21.340120678833827,13.1157,1.10448,72.9095
84,260,0.6449,0.3551,CV,6.4166,6.4166,-11.790155529071953,-11.789706233871243,-2.1722,0.54062,36.317
84,262,0.6272,0.3728,CV,20.7791,20.7791,-18.108055678822986,-18.031154959716098,-7.72753,2.00676,52.049
84,263,0.6476,0.3524,CV,3.1142,3.1142,-6.473404768535754,-6.48487637059014,-0.4001,-0.96019,37.3565
84,206,0.5055,0.4945,CV,16.211,15.4921,-10.843614913318186,-10.563306139126922,24.91706,-4.0686,189.535
84,248,0.7458,0.2542,CV,9.8319,13.4807,-25.78717779172661,-26.561000850736427,17.29056,14.89353,261.9793
84,238,0.5,0.5,CA,33.6265,32.8145,-116.01329246079409,-115.93941545369238,-49.05779,-6.35234,474.1166
84,244,0.6268,0.3732,CV,5.4146,5.3925,-6.748753371766573,-6.7714388012853615,-0.88557,2.35784,101.2885
84,226,0.5608,0.4392,CV,4.5329,3.5029,-12.722889232648189,-12.647445275527357,30.37461,1.75813,181.6762
84,264,0.7,0.3,CV,2.929,2.929,-7.570811248356319,-7.570811248356319,0.0,0.0,82.1936
84,265,0.7,0.3,CV,14.7227,14.7227,-12.178413568884247,-12.178413568884247,0.0,0.0,45.6049
85,129,0.6094,0.3906,CV,11.9451,11.8371,-18.86144132150545,-18.835949520384005,-2.90614,-0.04365,223.3512
85,138,0.6084,0.3916,CV,4.025,3.918,-6.707804562674192,-6.701113027242887,1.40476,0.57313,79.4153
85,171,0.6122,0.3878,CV,18.7388,18.8336,-10.438658736510137,-10.457301651450937,0.65255,1.91204,194.6369
85,195,0.6122,0.3878,CV,30.9712,30.8359,-20.402104785111412,-20.39139176800722,2.71668,2.22563,684.1464
85,185,0.2493,0.7507,CA,29.4152,28.8024,-26.89637305377763,-26.016075881226442,-29.26027,11.14802,135.183
85,214,0.5341,0.4659,CV,24.2641,24.0789,-31.56861189301173,-31.30878280201853,-5.03062,0.77093,85.1414
85,215,0.5991,0.4009,CV,9.2016,9.287,-14.674299675796185,-14.712208650337327,10.91778,2.61057,275.5146
85,147,0.6148,0.3852,CV,34.9976,34.7927,-13.053737026618709,-13.050522854553359,-1.85775,2.49802,2196.4923
85,218,0.6179,0.3821,CV,9.8136,9.8442,-26.932579637171937,-26.93904904181784,0.43764,-0.33025,91.4104
85,221,0.5912,0.4088,CV,27.5449,27.3095,-14.000194724129926,-13.915242933486232,6.04918,-5.60286,382.2931
85,222,0.4971,0.5029,CA,21.9557,21.6647,-52.52825671450836,-52.16826397821026,-6.56165,4.74564,102.261
85,225,0.5142,0.4858,CV,39.4247,39.4608,-36.72171743717936,-36.402684772971966,-7.09934,1.07767,176.267
85,140,0.6202,0.3798,CV,12.8929,13.1056,-9.904020872522413,-9.952792799278527,1.05203,1.06885,187.8326
85,127,0.5897,0.4103,CV,12.1806,10.5197,-11.030934836987337,-10.998540188792624,-35.52792,5.8161,1243.1307
85,213,0.5286,0.4714,CV,30.8898,30.5177,-15.847945395306946,-15.59306401083398,-9.50005,1.36376,237.2024
85,118,0.5686,0.4314,CV,10.0464,9.4454,-14.610660093491301,-14.41702975767413,20.91485,6.50665,210.3989
85,179,0.5681,0.4319,CV,7.8608,7.7126,-9.493749728299175,-9.354112424877808,4.54384,2.88712,47.1135
85,159,0.6149,0.3851,CV,5.6687,5.6966,-9.1867270766296,-9.197218364907183,0.67382,0.63957,96.1191
85,165,0.6906,0.3094,CV,13.0765,15.0788,-14.550036237346074,-14.843625760162144,-10.16799,1.52796,327.8718
85,194,0.606,0.394,CV,6.262,6.4682,-44.80757119393743,-44.87246152599354,-2.91613,-0.09587,132.0312
85,153,0.4464,0.5536,CA,100.2675,99.7389,-51.68749442146049,-51.171059195442666,-16.03995,4.2579,306.8287
85,240,0.5976,0.4024,CV,11.5341,11.2628,-37.68485952248204,-37.64189304463842,-8.6943,-0.12588,264.2626
85,136,0.6219,0.3781,CV,4.4231,4.5241,-7.928545253224242,-7.964440072170613,0.98443,0.47723,65.4364
85,241,0.572,0.428,CV,10.4511,9.9776,-69.99318063819948,-69.87049260885586,-9.75275,-8.49545,272.7089
85,119,0.5763,0.4237,CV,25.4855,25.2706,-12.730741540922544,-12.622717968612282,-2.7822,3.97022,134.0058
85,230,0.6168,0.3832,CV,2.3294,2.5403,-13.023569218835702,-13.031374032857672,1.34692,0.44563,1676.0126
85,149,0.39,0.61,CA,22.5279,21.6903,-13.976796294015706,-13.147300697987772,-33.12069,-10.62937,187.1604
85,145,0.598,0.402,CV,18.1894,18.0582,-15.512865577213997,-15.467932853569286,2.18413,-1.33962,130.2205
85,249,0.6386,0.3614,CV,19.7259,20.2947,-12.952491915838156,-13.012136859931235,1.66208,-0.08994,2762.8307
85,124,0.3733,0.6267,CA,18.6602,17.029,-13.165653061977174,-12.635636721614155,-54.22089,21.44901,394.1658
85,251,0.6383,0.3617,CV,5.4821,5.6036,-38.7395594407131,-38.813455169542934,-0.88755,-3.47011,150.2798
85,211,0.5829,0.4171,CV,7.6838,7.4991,-14.671469269095017,-14.575317928459771,4.51411,-1.12974,74.7051
85,114,0.6613,0.3387,CV,12.9095,13.0171,-20.603743347823652,-20.62982501957003,-0.04946,-0.34745,165.0924
85,243,0.5123,0.4877,CV,11.6499,11.0763,-15.480869695196422,-15.161569160160319,-16.56093,-8.43504,153.5316
85,259,0.3318,0.6682,CA,37.3198,36.0557,-19.66707324216091,-18.619845327336265,-35.46689,38.25132,499.2522
85,152,0.3003,0.6997,CA,54.1799,53.9583,-80.19812491942166,-79.0719773200219,9.07343,-0.4677,54.3812
85,128,0.3157,0.6843,CA,16.6026,16.0302,-20.62808078332967,-19.738555346785063,19.8624,1.23787,75.0663
85,260,0.5972,0.4028,CV,10.0897,10.0217,-12.21249607242051,-12.092466787278283,-6.79766,2.38157,56.2911
85,262,0.4984,0.5016,CA,19.9882,19.8161,-27.84374901144505,-27.349665807265687,-16.54571,4.75097,92.1669
85,264,0.6359,0.3641,CV,22.9848,22.9848,-71.47207124660676,-71.43261457046427,-6.20026,0.35672,119.0641
85,265,0.6043,0.3957,CV,22.5381,22.5381,-22.35556086857234,-22.181711748872104,12.59381,4.69323,63.5683
85,206,0.5677,0.4323,CV,16.7628,16.6108,-12.705149022406268,-12.667330937511775,17.83215,-3.46804,222.7419
85,238,0.6368,0.3632,CV,9.1391,10.7131,-70.40506474701118,-70.66413177888208,-1.44412,0.6113,384.5892
85,261,0.5,0.5,CA,13.9781,13.9781,-17.53878020132188,-17.16300631868844,-14.96601,2.62642,85.7868
85,210,0.4473,0.5527,CA,12.4299,11.0088,-52.56554788652578,-51.98468456427792,46.45117,-5.86547,241.1419
85,263,0.6187,0.3813,CV,6.9946,6.9972,-7.294236818417296,-7.260132234713707,6.29427,-1.45435,55.6262
85,248,0.5025,0.4975,CV,21.4858,22.2116,-32.09645872370943,-31.43857703303389,-36.32077,-25.67964,233.1757
86,129,0.5904,0.4096,CV,22.2471,22.0989,-13.121439549205302,-13.025868236673801,-4.27858,-0.15427,213.3176
86,138,0.611,0.389,CV,7.7639,7.7196,-7.988051053357816,-7.979929424649322,1.02123,0.3449,81.7892
86,171,0.6135,0.3865,CV,21.3969,21.4195,-14.900033283169098,-14.89699538351194,-1.20215,1.17306,198.3652
86,195,0.61,0.39,CV,34.1156,33.9326,-18.190089369101475,-18.17192467091111,3.68371,2.20563,718.6216
86,185,0.1447,0.8553,CA,35.353,34.4786,-32.58927367990489,-30.863531595672153,-49.23761,15.66956,156.0469
86,214,0.491,0.509,CA,25.8076,25.5476,-30.912561839430676,-30.525251988277258,-7.0729,0.48136,86.3772
86,215,0.5912,0.4088,CV,16.7884,16.5488,-61.4280429868536,-61.35075319167541,9.63551,0.50931,263.9926
86,147,0.6158,0.3842,CV,41.771,41.7627,-13.70703528483443,-13.709590452125676,-2.28941,2.96433,2142.8572
86,218,0.6166,0.3834,CV,6.8697,6.8568,-7.770525832372739,-7.771943390932164,0.73505,-0.42701,90.121
86,221,0.5857,0.4143,CV,27.784,27.6004,-13.275646685400096,-13.18757914599083,2.02531,-5.81545,352.9744
86,222,0.4667,0.5333,CA,21.0889,20.7117,-49.13055325835567,-48.69886534326054,-8.85949,5.66603,104.5146
86,225,0.614,0.386,CV,33.2102,33.6026,-27.00656245957353,-27.148069619763483,2.39855,-0.85781,163.8266
86,140,0.6199,0.3801,CV,4.454,4.4133,-10.50023174855061,-10.512337061293737,0.73359,0.94211,181.3339
86,127,0.6071,0.3929,CV,7.8366,6.6494,-12.834442528045495,-12.83735602313824,-24.94189,3.75725,1206.4852
86,213,0.5332,0.4668,CV,23.5457,23.1204,-12.30490919533826,-12.094380825097526,-10.41523,0.30408,233.8208
86,118,0.522,0.478,CV,10.6338,9.793,-14.044766995730214,-13.731474484501655,23.86091,7.30973,193.7355
86,159,0.6138,0.3862,CV,13.8333,13.834,-14.77068357905434,-14.764594841573292,1.048,-0.01268,93.4341
86,194,0.5721,0.4279,CV,17.7707,17.6745,-49.69076945106648,-49.52507921715819,-5.25266,0.63291,122.559
86,153,0.3864,0.6136,CA,92.1036,91.2725,-40.79922665292172,-40.110614849211174,-25.81422,6.66447,378.4699
86,240,0.6162,0.3838,CV,9.4752,9.5523,-27.01506358186063,-27.044829718019265,-4.79998,-0.60269,236.5179
86,136,0.6223,0.3777,CV,6.493,6.5417,-9.975731136883255,-9.995354040710167,-0.07265,-0.16343,62.0021
86,241,0.5294,0.4706,CV,12.7921,12.2353,-77.02320533092589,-76.7347895222181,-15.23608,-6.9878,235.0003
86,119,0.5844,0.4156,CV,19.7296,19.552,-13.38797295556017,-13.316261965128062,-2.66549,3.80846,135.5165
86,230,0.6176,0.3824,CV,6.541,6.5706,-13.491330816492177,-13.498767420829264,0.98454,0.03573,1717.4684
86,145,0.603,0.397,CV,14.522,14.4067,-9.31039177591458,-9.284109748618489,1.70909,-1.54458,138.6091
86,249,0.628,0.372,CV,24.5258,24.4748,-13.851771046966448,-13.870789447335412,0.06618,2.88076,2519.1075
86,124,0.425,0.575,CA,16.1095,14.2304,-9.634044910012303,-9.209024336605651,-60.84039,22.46232,450.69
86,251,0.6262,0.3738,CV,6.7225,6.6816,-30.743993571121948,-30.755747916166406,2.04156,-2.87527,141.9314
86,211,0.6065,0.3935,CV,4.8954,4.8891,-8.724637762657768,-8.734941927812244,2.50553,-1.23814,69.4731
86,114,0.6331,0.3669,CV,6.9083,6.9,-25.60612324029255,-25.613310423715664,0.40561,-0.36054,149.6305
86,243,0.5323,0.4677,CV,8.6383,8.0683,-13.559856934149709,-13.369383770421429,-15.44768,-8.72249,145.5305
86,259,0.3958,0.6042,CA,21.8464,19.4802,-10.602280883241775,-10.114598061422486,-46.81368,44.47014,696.9439
86,152,0.1717,0.8283,CA,56.9646,56.5434,-80.93489862320617,-79.34067286057146,19.03883,-0.94274,67.1336
86,260,0.3365,0.6635,CA,20.7002,20.4169,-21.173065094910758,-20.05090083530688,-18.37432,7.86634,88.9811
86,262,0.3047,0.6953,CA,22.1523,21.3095,-27.79833127004256,-26.67332937449664,-30.24244,8.64295,163.6371
86,264,0.6097,0.3903,CV,15.7571,15.6631,-176.69127504077622,-176.6368594633982,0.61208,-0.0189,187.8345
86,265,0.6387,0.3613,CV,8.3912,8.7159,-11.141328763726623,-11.257338280897184,-2.63173,4.01252,96.2918
86,206,0.5701,0.4299,CV,14.0632,13.4572,-19.66092399550228,-19.54309584161018,16.37398,-3.97715,238.219
86,238,0.5459,0.4541,CV,17.4031,17.3636,-15.929801498282275,-15.612191268986194,-28.668,-1.76645,287.1848
86,261,0.1808,0.8192,CA,24.8718,24.28,-28.96793651393157,-27.154529331524397,-25.34643,11.41323,161.7532
86,220,0.5,0.5,CA,38.2497,38.0723,-52.40774075574566,-52.05021075487325,16.86421,-3.33202,125.5564
86,179,0.4602,0.5398,CA,16.7438,16.5481,-20.250194081754827,-19.690085183453093,7.26459,3.34175,46.8341
86,165,0.5853,0.4147,CV,18.8053,18.6975,-35.87736993944814,-35.639279661624826,-30.13656,7.47874,277.6588
86,149,0.3457,0.6543,CA,17.217,16.001,-26.549559520138207,-25.765157489610196,-45.69776,-13.49708,198.7419
86,248,0.3495,0.6505,CA,16.6524,15.4026,-21.40501157201173,-20.477886636072878,-48.09743,-34.13343,221.0276
86,268,0.7,0.3,CV,51.1181,51.1181,-61.44636865990668,-61.44636865990668,0.0,0.0,92.5247
86,269,0.7,0.3,CV,23.5006,23.5006,-34.56942277633934,-34.56942277633934,0.0,0.0,104.834
87,129,0.6171,0.3829,CV,14.9864,15.1825,-10.707096052625513,-10.751079014078291,-1.16178,-0.60213,204.3014
87,138,0.6121,0.3879,CV,6.3814,6.3137,-10.431429865273554,-10.424023142721351,0.85106,0.22183,84.3054
87,171,0.5989,0.4011,CV,34.1865,34.1304,-23.764145682147564,-23.697843245852802,-3.24271,0.04635,200.2408
87,195,0.609,0.391,CV,32.8706,32.6468,-16.932799081202074,-16.914100228143354,4.21985,2.07169,773.0319
87,185,0.1551,0.8449,CA,26.1509,24.8115,-21.066968000302627,-19.57004225833573,-74.86338,21.73522,189.4408
87,214,0.4569,0.5431,CA,23.7703,23.4207,-24.170369034919077,-23.707997647431704,-9.67468,0.11916,91.0244
87,215,0.6201,0.3799,CV,6.2326,6.4866,-72.72213063932703,-72.77762648254972,4.70741,0.11111,243.1662
87,147,0.6153,0.3847,CV,32.8937,32.7412,-12.191102058259355,-12.19003154827376,-2.27055,2.9637,2202.3424
87,218,0.6137,0.3863,CV,7.5719,7.5273,-14.748601991588988,-14.739844403976253,1.01078,-0.43657,87.0859
87,221,0.5906,0.4094,CV,17.6714,17.4223,-10.08638618983685,-10.026384665075541,-0.18288,-5.33018,332.1678
87,222,0.4451,0.5549,CA,19.0224,18.528,-43.108769924564754,-42.63362434306202,-11.66934,7.11628,109.188
87,225,0.568,0.432,CV,23.3103,23.2,-15.81283506019674,-15.618386289372353,5.37529,-1.93685,152.0391
87,140,0.6191,0.3809,CV,5.5728,5.5439,-13.124913287397408,-13.134030673990186,0.17511,0.92102,173.8365
87,127,0.6283,0.3717,CV,18.1954,19.2429,-10.606340238944755,-10.673441156957386,-7.26725,0.70148,1168.2461
87,213,0.5735,0.4265,CV,22.6646,22.5521,-11.64563912135069,-11.591916487429499,-7.93986,-0.89013,244.6789
87,118,0.5351,0.4649,CV,8.6753,7.9487,-10.315853577309944,-10.122528225303256,22.95582,6.57885,179.3814
87,179,0.5921,0.4079,CV,5.2585,5.5158,-7.850920795731954,-7.97788368683875,3.9322,1.65954,48.0949
87,159,0.6146,0.3854,CV,5.8219,5.774,-7.586143060829686,-7.58520765051544,1.03209,-0.16147,95.1081
87,194,0.5078,0.4922,CV,23.0617,22.8102,-49.37398648241825,-48.99880005219286,-7.61504,1.05898,117.1045
87,153,0.3043,0.6957,CA,103.2543,101.9826,-42.793725703688274,-41.825676577962135,-43.65499,10.57821,504.7864
87,240,0.5903,0.4097,CV,16.0937,15.8834,-81.54674935655906,-81.44083863601392,-6.86483,-0.58652,217.5338
87,136,0.6152,0.3848,CV,7.562,7.548,-8.349748337349746,-8.338681612075314,-0.6916,-0.55239,58.359
87,241,0.5816,0.4184,CV,7.3773,7.2695,-63.5414686512889,-63.526311842304466,-7.3895,-8.39948,207.3615
87,119,0.5891,0.4109,CV,15.7856,15.6051,-21.248513416400897,-21.184473211855156,-2.30875,3.61571,137.0148
87,230,0.6049,0.3951,CV,115.4289,115.3998,-21.093909155228523,-21.046689009777403,7.18438,1.40146,1671.1243
87,145,0.6017,0.3983,CV,19.262,19.1344,-14.915684016154167,-14.876274424757497,1.69426,-1.87926,149.0899
87,249,0.6201,0.3799,CV,21.5156,21.1588,-12.855237553887779,-12.856758906931525,-0.93608,3.97657,2273.4016
87,124,0.5174,0.4826,CV,23.6372,23.3705,-15.019584495154746,-14.893694194609159,-50.16954,19.11266,463.0821
87,251,0.6006,0.3994,CV,9.9244,9.7556,-21.08629064873476,-21.008165876090594,3.7784,-2.69526,131.5713
87,211,0.6095,0.3905,CV,4.4409,4.3563,-8.799670988445362,-8.787801410838266,1.74237,-1.19277,64.7612
87,114,0.6164,0.3836,CV,18.1489,18.156,-20.00300254890837,-19.98104242884636,-1.47621,-0.45001,133.8287
87,243,0.5612,0.4388,CV,7.6131,7.2052,-14.690378982278883,-14.587547052183542,-12.81732,-8.08402,138.0316
87,259,0.4213,0.5787,CA,28.0344,26.5566,-20.15459944795849,-19.68297553131781,-56.12152,52.07799,799.7187
87,152,0.2594,0.7406,CA,29.6869,29.0666,-25.19079930482077,-24.301750758983545,27.93981,-1.07964,83.4345
87,260,0.4663,0.5337,CA,5.237,4.3698,-12.090433132954447,-11.88440393691036,-18.87436,9.57341,116.4373
87,262,0.2908,0.7092,CA,19.0389,17.6414,-28.651000599325375,-27.732940124354094,-47.61867,12.95905,237.4155
87,264,0.412,0.588,CA,47.3096,47.2164,-115.7066682256379,-114.88952153478317,-25.31533,1.3733,292.0369
87,265,0.6019,0.3981,CV,8.0709,7.9215,-17.820343948155447,-17.729076128507845,-10.35609,3.35312,117.7885
87,206,0.5841,0.4159,CV,26.5548,26.4599,-19.01552871769636,-18.951651599603764,11.97908,-4.67192,232.3286
87,238,0.4921,0.5079,CA,26.9213,28.0471,-34.56441132330707,-34.164551420348374,30.57483,4.53712,245.3544
87,268,0.6399,0.3601,CV,21.9018,21.9018,-31.98365822424437,-31.96157379632386,-7.06134,-1.30173,122.8432
87,269,0.6258,0.3742,CV,30.3028,30.3028,-44.66005400406661,-44.57721861854578,-10.68584,-4.21053,155.3909
87,261,0.4167,0.5833,CA,15.6125,15.6978,-15.807682534021273,-15.618721067313912,-33.81023,2.43674,193.8787
87,220,0.3799,0.6201,CA,24.4418,23.8632,-22.640252663120187,-21.84790136731848,29.92182,-5.84469,125.92
87,239,0.5,0.5,CA,74.6856,74.7955,-13.866394634979013,-13.867233488307992,0.07722,-0.57345,484.2024
87,232,0.5,0.5,CA,35.5488,35.5309,-18.031277572522605,-17.99405065097049,-1.35972,0.70515,112.7396
87,226,0.5,0.5,CA,19.2735,18.4718,-15.162638564469347,-14.960675531215221,20.80171,0.65635,145.4048
87,165,0.4425,0.5575,CA,20.0758,19.1292,-32.00410111290795,-31.34714422419136,-43.15132,11.69268,253.2986
87,270,0.7,0.3,CV,48.1255,48.1255,-16.149671967433108,-16.149671967433108,0.0,0.0,512.7701
87,271,0.7,0.3,CV,25.3236,25.3236,-23.072033443907586,-23.072033443907586,0.0,0.0,48.4567
88,129,0.6123,0.3877,CV,20.0894,20.0718,-20.532956231283283,-20.517554501039587,-0.05095,-0.92764,205.5544
88,138,0.6126,0.3874,CV,12.0186,12.0111,-11.368613582113431,-11.36176716284039,1.10051,0.26358,80.8705
88,171,0.5758,0.4242,CV,37.1032,36.9379,-21.67447909077875,-21.534449575723976,-4.85531,-0.93841,198.3812
88,195,0.6069,0.3931,CV,38.3569,38.0991,-15.23952214213706,-15.213228487155884,4.95831,2.16991,815.1325
88,185,0.2295,0.7705,CA,15.6253,13.7429,-13.721263386295679,-12.693554892173431,-95.356,25.76745,229.656
88,214,0.4488,0.5512,CA,20.338,19.877,-18.379848628820746,-17.93374426518215,-12.47575,0.2133,99.7116
88,215,0.6184,0.3816,CV,15.8198,15.8682,-9.990239317433291,-9.995938702796408,1.65463,-1.40651,233.7618
88,147,0.6159,0.3841,CV,22.4596,22.2685,-11.998962794931716,-12.00132254946962,-1.5553,2.72508,2282.6539
88,218,0.617,0.383,CV,15.9794,16.0307,-13.300705048999257,-13.309787513599346,-0.44912,-0.25441,87.4429
88,221,0.5782,0.4218,CV,26.695,26.5108,-13.469980415180322,-13.351741179413668,-3.73247,-4.75561,303.6067
88,222,0.4127,0.5873,CA,19.7764,19.178,-37.74903652141843,-37.17230880705577,-15.83136,9.28448,119.1101
88,225,0.6141,0.3859,CV,8.8439,9.0588,-34.53745683609566,-34.60145382147927,2.02635,-1.56118,139.9307
88,140,0.6148,0.3852,CV,10.8478,10.8092,-18.470419082468943,-18.462488423499444,0.72455,0.90331,162.5185
88,127,0.6178,0.3822,CV,38.3463,38.6201,-15.049172497680633,-15.0404635045926,6.45303,-1.22483,1134.1375
88,213,0.5698,0.4302,CV,29.165,28.8651,-14.407039829758519,-14.279696286440425,-7.50338,-1.70147,260.0997
88,118,0.5817,0.4183,CV,8.8894,8.7315,-9.969079504746288,-9.946256793806493,16.80849,3.4985,162.653
88,179,0.6157,0.3843,CV,1.0938,1.2031,-12.282589216354722,-12.318483340761734,2.18668,0.85199,46.6691
88,159,0.6159,0.3841,CV,6.8374,6.823,-8.830147622075394,-8.833461293486703,0.65045,-0.32728,93.6602
88,194,0.465,0.535,CA,20.445,20.0551,-30.344909750683826,-29.891276214846176,-10.23025,0.85585,111.2521
88,153,0.2821,0.7179,CA,86.2994,84.4409,-28.02260374723006,-27.062756658636587,-68.75411,16.51404,662.2575
88,240,0.6093,0.3907,CV,6.7804,6.7572,-92.93815141349658,-92.94924300953397,-4.20714,-0.81325,200.5368
88,136,0.5913,0.4087,CV,13.9852,13.9416,-17.305803163856044,-17.205413869088,-1.74541,-0.56951,53.565
88,241,0.6084,0.3916,CV,4.5488,4.3613,-23.675957159041424,-23.696173555499445,-4.80481,-5.97573,183.8885
88,119,0.5914,0.4086,CV,12.9504,12.7341,-9.077043944081543,-9.015335394337235,-2.49931,3.78438,144.4207
88,230,0.6172,0.3828,CV,97.864,98.2547,-21.022434107873508,-21.045718766917688,-0.90893,-1.1895,1813.0191
88,145,0.5989,0.4011,CV,22.434,22.2892,-31.578552452838267,-31.52989578656436,1.79432,-2.22498,161.4029
88,249,0.6235,0.3765,CV,9.9974,10.3209,-11.141047823689926,-11.168521512487926,-1.21984,1.47494,2084.9799
88,251,0.6164,0.3836,CV,4.8702,4.8962,-15.842570571087034,-15.86850818481565,2.64803,-1.03142,123.5962
88,211,0.5919,0.4081,CV,9.2907,9.191,-11.568573058180286,-11.479099402831281,2.43333,-1.31368,60.2756
88,114,0.6113,0.3887,CV,9.676,9.609,-11.947960675688774,-11.929295200970717,-1.60084,-0.48867,125.5265
88,243,0.5831,0.4169,CV,5.35,4.9378,-13.761900835350065,-13.706859520966308,-10.20265,-6.77552,131.5857
88,259,0.3194,0.6806,CA,34.063,32.05,-31.00694324019716,-30.059788487647467,-80.68573,61.09729,892.3935
88,152,0.2395,0.7605,CA,24.8892,24.1068,-26.94113782091194,-25.822660311067303,40.04885,-0.16775,105.1581
88,260,0.4411,0.5589,CA,9.3939,8.5077,-9.76319981187362,-9.272103163405061,-24.08435,11.59333,132.3086
88,262,0.3927,0.6073,CA,10.901,9.1969,-44.8789486844594,-44.435765961664416,-55.14053,15.34187,287.6196
88,264,0.3004,0.6996,CA,37.8965,36.7828,-156.77761384423812,-155.7549941552676,-44.92568,7.38642,416.594
88,265,0.4452,0.5548,CA,14.5131,13.9859,-33.92918987819809,-33.25885364754917,-18.88505,2.91165,143.6201
88,206,0.6192,0.3808,CV,21.8003,22.2481,-18.732564654245184,-18.794621609346507,-1.43931,-1.75548,235.6697
88,238,0.1227,0.8773,CA,30.0885,28.8299,-37.90617676667338,-35.64770482654137,69.33758,9.04956,255.0379
88,269,0.6359,0.3641,CV,7.8376,8.0424,-18.785446052012208,-18.85766176774213,-0.26415,-0.81166,232.9587
88,270,0.6442,0.3558,CV,34.8951,34.8951,-14.305524304321244,-14.301979077057219,6.79944,-1.20484,701.4839
88,220,0.3869,0.6131,CA,17.78,16.9024,-16.58867687592192,-15.99609851596933,38.09848,-7.67683,151.6431
88,239,0.5539,0.4461,CV,14.3229,14.226,-13.73883487506074,-13.652844336163714,1.94798,-1.82604,393.3933
88,226,0.5089,0.4911,CV,12.363,11.8608,-19.1332373335781,-18.8665385235363,22.20603,0.02735,142.6318
88,248,0.5,0.5,CA,38.9799,36.8311,-26.02326457881559,-23.336042769388364,-89.88925,-70.09489,162.3024
88,165,0.2573,0.7427,CA,23.8816,22.5485,-22.777220458370365,-21.497012974820926,-67.73672,19.52193,263.3957
88,268,0.4978,0.5022,CA,32.2199,32.0445,-56.32699339489785,-55.81179227887093,-25.89715,-1.47644,197.4407
88,271,0.6001,0.3999,CV,37.8241,37.8241,-36.00882274165186,-35.8176005691853,11.41419,2.49216,57.4369
88,272,0.7,0.3,CV,16.2215,16.2215,-12.308839355230397,-12.308839355230397,0.0,0.0,133.2148
88,273,0.7,0.3,CV,30.2024,30.2024,-40.82822855121851,-40.82822855121851,0.0,0.0,100.8445
89,129,0.612,0.388,CV,26.2398,26.2821,-43.75420077054522,-43.744502280959196,0.47129,-1.40871,182.4616
89,138,0.6108,0.3892,CV,8.7328,8.6821,-11.610980447350062,-11.595588488899393,1.19917,0.42523,79.0055
89,171,0.5676,0.4324,CV,44.1485,44.1417,-53.13529423834324,-52.99540967016573,-3.37037,3.01441,185.171
89,195,0.6066,0.3934,CV,35.5244,35.2513,-14.15546779290326,-14.131049591479172,5.40615,1.63481,844.3716
89,185,0.4611,0.5389,CA,9.1064,8.8208,-12.061205042497795,-11.984139710760005,-84.10391,18.74652,256.6383
89,214,0.4372,0.5628,CA,19.9268,19.3716,-14.840877818717178,-14.359055895049313,-15.99556,-0.47066,110.4007
89,215,0.5737,0.4263,CV,36.0334,36.0776,-21.301437512780694,-21.124098042545846,-5.71454,-2.75627,221.2424
89,147,0.6163,0.3837,CV,32.2048,32.133,-12.64346929551045,-12.646509559062428,-0.90137,1.29304,2400.8866
89,218,0.6149,0.3851,CV,7.6471,7.6143,-12.16659550581323,-12.162173606834692,-0.6144,-0.46242,87.2128
89,221,0.5539,0.4461,CV,25.8253,25.5152,-13.279104249899321,-13.08042760852669,-5.90845,-4.91155,276.6234
89,222,0.4185,0.5815,CA,15.1531,14.3419,-29.520802027852213,-29.013510821683504,-19.92124,11.66553,131.7782
89,225,0.619,0.381,CV,3.2315,3.2357,-32.634458424276644,-32.65151501703079,0.97811,-1.14529,130.3732
89,140,0.6159,0.3841,CV,5.4864,5.4311,-7.935255663353923,-7.938117051267281,0.69969,1.01115,155.9872
89,127,0.6179,0.3821,CV,7.5999,7.2112,-10.310367330227496,-10.31744714557005,5.13634,-1.02723,1103.3506
89,213,0.5747,0.4253,CV,25.5631,25.2324,-20.334527259420565,-20.232319112775826,-7.03334,-2.56262,266.1227
89,118,0.6197,0.3803,CV,5.8037,5.9374,-7.6377669297766895,-7.705598387471097,8.43319,0.75505,141.3051
89,179,0.6259,0.3741,CV,5.3151,5.4161,-19.0148727878464,-19.05908821868868,0.09616,0.01427,43.782
89,159,0.6127,0.3873,CV,8.8047,8.7569,-23.954209733475274,-23.942220813348037,0.78819,-0.43373,90.67
89,165,0.2867,0.7133,CA,13.4759,11.2667,-18.256942262664587,-17.385119175725542,-89.66754,25.96612,266.9687
89,194,0.5053,0.4947,CV,17.0331,16.7607,-22.706696218577676,-22.475670552848506,-10.43187,0.69504,115.4421
89,153,0.2615,0.7385,CA,69.4792,67.0077,-21.796431615517605,-20.763167059629428,-103.57628,24.09934,885.2577
89,240,0.6119,0.3881,CV,5.2603,5.0994,-79.50413481505194,-79.49849943238472,-3.24867,-0.66998,184.8179
89,241,0.5856,0.4144,CV,18.1617,18.2577,-18.00569563212757,-17.891690371237498,4.70591,-4.84535,167.6935
89,119,0.5627,0.4373,CV,27.6089,27.46,-19.98289870675149,-19.800455167169744,-3.18618,3.88214,136.6617
89,230,0.6145,0.3855,CV,78.028,78.0978,-15.597783572373611,-15.59113919246216,4.36614,-0.88103,1846.8051
89,145,0.5957,0.4043,CV,25.5443,25.377,-46.422772606795746,-46.36447054287654,2.07179,-2.535,175.815
89,249,0.6216,0.3784,CV,31.9236,32.0916,-11.722831009483917,-11.737300464205795,-0.69279,-0.62496,1974.546
89,251,0.578,0.422,CV,16.6103,16.4826,-65.32099895110869,-65.16426964918448,4.10377,-1.69703,111.851
89,211,0.5953,0.4047,CV,5.6694,5.54,-7.73787828297974,-7.688395041807474,2.1251,-1.29691,57.1208
89,114,0.5963,0.4037,CV,17.9944,17.907,-11.386585822338347,-11.312563413201744,-2.60683,-0.46482,119.2258
89,259,0.3786,0.6214,CA,26.1758,24.5522,-24.93838656228877,-24.395984754382255,-90.89581,57.53089,883.6937
89,152,0.2586,0.7414,CA,14.2397,12.9689,-11.68740452038843,-10.698807467012326,54.98347,-0.28026,141.1871
89,260,0.2174,0.7826,CA,18.158,17.1229,-15.892841783009786,-14.393552509591306,-42.03771,18.50676,154.5885
89,262,0.5647,0.4353,CV,11.0548,11.5025,-54.15818769928369,-54.26824454007151,-37.07755,8.79565,291.4604
89,264,0.4362,0.5638,CA,12.3664,10.4496,-166.79030025872206,-166.5132550849557,-49.70348,7.21743,502.8567
89,265,0.3191,0.6809,CA,17.1584,16.1065,-37.67164779368146,-36.68948813823083,-30.36884,5.22627,174.5547
89,206,0.606,0.394,CV,24.7254,24.6413,-35.65510235750894,-35.609903799316655,0.21092,-2.76856,241.4667
89,238,0.3443,0.6557,CA,9.4795,7.5405,-11.057987308386746,-10.643225675175422,79.50303,9.78561,253.2145
89,269,0.5374,0.4626,CV,28.5022,28.2616,-13.919192859255382,-13.568427391095774,10.34635,-5.67213,326.8283
89,270,0.5873,0.4127,CV,58.9167,58.6732,-31.329941529647005,-31.169823497026574,34.33524,-7.22091,1078.1926
89,271,0.0039,0.9961,CA,52.4819,52.1619,-113.7300451711208,-107.74326093904594,65.60838,1.93933,148.2529
89,220,0.4902,0.5098,CA,9.7259,8.9672,-14.35671737079267,-14.175724294046159,36.17382,-7.45677,172.2097
89,272,0.6347,0.3653,CV,30.3494,30.3494,-27.58987704433344,-27.545140498096917,-10.1186,4.10015,187.7056
89,273,0.6214,0.3786,CV,31.8675,31.8675,-95.59425427321355,-95.49241331304381,-15.31893,1.45977,140.3061
89,226,0.302,0.698,CA,20.3676,19.4775,-25.427397501880638,-24.274459517198718,38.21707,0.33022,148.0026
89,248,0.7154,0.2846,CV,16.8761,20.3271,-23.003751769256418,-23.62298596195533,47.01514,33.75154,188.244
89,149,0.5,0.5,CA,53.7871,54.2625,-40.47190194334519,-40.306572555158844,1.59055,-3.84266,242.6848
89,243,0.5963,0.4037,CV,6.5092,6.2807,-14.244109020032413,-14.21157013897756,-7.61178,-5.58345,122.0161
89,239,0.5224,0.4776,CV,14.249,13.9145,-28.99800693610958,-28.707594976477438,2.31937,-1.88384,275.6371
90,138,0.5947,0.4053,CV,19.5989,19.5438,-13.747952577058296,-13.668369352500239,2.27812,-0.0756,80.0185
90,171,0.587,0.413,CV,16.8266,16.7652,-50.40382408519038,-50.355395705977166,-1.30746,1.53367,176.3287
90,195,0.6053,0.3947,CV,36.8966,36.6,-12.671373101132062,-12.641993931475842,5.95866,1.23291,870.5983
90,185,0.6425,0.3575,CV,9.8912,11.1622,-13.690678993925514,-14.030269650390746,-32.84798,2.79551,236.9263
90,214,0.4341,0.5659,CA,17.5387,16.8666,-12.291074863932018,-11.813163579282351,-19.87751,-1.31107,124.1489
90,215,0.2963,0.7037,CA,75.9333,75.5977,-63.39396852021524,-62.12007707155121,-16.62721,-4.12909,220.3068
90,147,0.6171,0.3829,CV,12.1778,12.0467,-12.1898280059203,-12.195714557166166,-0.32236,1.26879,2481.9148
90,218,0.6147,0.3853,CV,5.8198,5.7774,-8.238893055793916,-8.236728170452016,-0.68396,-0.44969,86.3922
90,221,0.5867,0.4133,CV,23.4811,23.5918,-32.333042599138935,-32.30341616730237,0.39464,-4.85601,252.8132
90,222,0.4333,0.5667,CA,14.2986,13.4462,-18.462801736839488,-18.007874711541632,-23.78204,13.61056,150.7944
90,225,0.6156,0.3844,CV,8.8607,8.8324,-13.007413191426084,-13.002880670827462,0.82795,-0.82022,126.1629
90,140,0.615,0.385,CV,10.7821,10.7684,-11.302127618797625,-11.299707381011164,-0.25444,1.26464,149.4974
90,127,0.6194,0.3806,CV,6.7336,6.7617,-10.711509568799361,-10.72487658946713,2.92044,-0.95831,1072.7859
90,213,0.5819,0.4181,CV,21.9793,21.6387,-17.455920524432926,-17.37612902696899,-6.21436,-2.82651,278.8449
90,118,0.61,0.39,CV,7.1732,7.0205,-7.546227855054006,-7.517039276777367,6.85991,-0.0232,120.4881
90,159,0.6135,0.3865,CV,5.7588,5.7019,-60.50216439105242,-60.49827664242797,0.92902,-0.19222,89.0414
90,165,0.2264,0.7736,CA,19.3762,17.2244,-12.530686328854127,-11.300713919008807,-120.19283,35.64981,311.3193
90,194,0.4539,0.5461,CA,21.6955,21.2001,-30.777198184082728,-30.282485945306316,-14.19153,0.99869,119.576
90,153,0.1539,0.8461,CA,77.6559,74.079,-24.45208497408121,-22.781950489574157,-177.82338,39.22743,1257.6485
90,240,0.6178,0.3822,CV,6.4882,6.5155,-34.33913606995094,-34.35431647710643,-1.84195,-0.53125,176.4657
90,241,0.5935,0.4065,CV,12.1302,12.01,-9.182975909934745,-9.135365555768466,3.99703,-4.27497,145.4574
90,119,0.5641,0.4359,CV,12.4368,12.1606,-26.0539064295763,-25.918786006312292,-2.82439,3.85657,132.9269
90,230,0.6088,0.3912,CV,69.2409,69.1023,-27.00422777301769,-26.977983136295094,5.44991,0.30672,1763.2487
90,145,0.5881,0.4119,CV,32.9461,32.7639,-52.73208307545142,-52.64711504227026,2.75928,-3.12718,186.8308
90,249,0.6189,0.3811,CV,21.7798,21.7166,-11.912839149895877,-11.918298275445862,0.47669,-0.85341,1883.363
90,251,0.6027,0.3973,CV,11.5228,11.5452,-63.947686896070806,-63.94930494841623,2.47995,-1.55533,109.5579
90,211,0.5785,0.4215,CV,11.0296,10.909,-12.439456584164805,-12.315501728479253,2.66159,-1.34154,55.9592
90,114,0.5901,0.4099,CV,15.4107,15.2812,-13.795573044274892,-13.718160756998909,-2.88654,-0.57901,111.5858
90,243,0.579,0.421,CV,7.0431,6.6445,-10.925553734294693,-10.802310471891047,-7.97583,-5.58891,115.3136
90,152,0.1559,0.8441,CA,19.0807,17.3252,-22.26706662902633,-20.61598944923816,87.95362,-0.85509,189.4142
90,260,0.5499,0.4501,CV,3.0914,4.4837,-13.536178182815593,-13.832356576700414,-29.4414,12.33633,153.8263
90,262,0.612,0.388,CV,14.9855,15.8235,-46.45737028605593,-46.517423295885536,2.29806,-1.9588,252.2637
90,264,0.0975,0.9025,CA,53.585,51.7758,-98.6997546564991,-96.2633545364756,-105.68837,14.0752,616.8459
90,265,0.4043,0.5957,CA,9.9761,8.6386,-32.73092839242799,-32.29656990640737,-35.99664,6.35148,195.4313
90,206,0.5984,0.4016,CV,26.4855,26.38,-29.49997822312794,-29.44283219659224,-1.2713,-3.17085,230.0237
90,238,0.5748,0.4252,CV,1.4558,3.862,-6.613630517084676,-6.8331145711285615,54.03724,6.68194,253.0647
90,270,0.5529,0.4471,CV,42.862,41.7144,-28.894401419658436,-28.678009351787683,45.48273,-14.74863,1444.988
90,220,0.3836,0.6164,CA,19.3167,18.346,-13.503470974186241,-12.740937261148304,47.64862,-10.97683,181.0398
90,272,0.54,0.46,CV,35.0166,34.6901,-31.74634204706865,-31.408037285099944,-22.56022,5.22313,320.4654
90,273,0.3534,0.6466,CA,38.0841,37.6528,-95.39530333663743,-94.312468837264,-44.52838,1.08613,279.7831
90,226,0.2687,0.7313,CA,15.598,14.2041,-17.77582304763102,-16.751634220681797,56.36486,-0.02569,163.3102
90,248,0.5563,0.4437,CV,6.9151,5.7322,-14.358016626227332,-13.963648575331812,42.67856,31.693,151.6253
90,149,0.5375,0.4625,CV,21.7342,21.6289,-29.44733334846122,-29.295301892373203,-11.7747,-7.07809,224.2965
90,136,0.5,0.5,CA,4.0764,4.0144,-6.699364326784424,-6.699733434620762,-1.07099,-0.2565,51.3508
90,129,0.5913,0.4087,CV,45.7637,45.7605,-46.410573167727,-46.31506030944568,-1.05991,-2.56936,192.5037
90,259,0.0783,0.9217,CA,49.8703,46.9795,-44.563907117748414,-41.967447783917514,-176.01546,101.92207,981.5911
90,271,0.0814,0.9186,CA,30.0003,29.0482,-78.15412500569929,-76.12996815677631,95.42638,10.02612,242.166
91,138,0.6073,0.3927,CV,9.1601,9.1518,-9.011575461940891,-9.008096970725527,1.46377,0.19363,76.5362
91,171,0.5978,0.4022,CV,19.5101,19.561,-39.816395842207015,-39.78472954439741,2.4352,-0.30352,169.9832
91,195,0.6103,0.3897,CV,21.0976,20.8473,-12.22633725743435,-12.219809300509581,5.08792,0.10089,917.0086
91,185,0.645,0.355,CV,8.654,9.305,-12.215481499783241,-12.302309018319015,5.44477,-5.03421,179.9562
91,214,0.4537,0.5463,CA,16.2032,15.5527,-10.900018055094236,-10.505552476892433,-22.56034,-2.89772,140.8007
91,215,0.2997,0.7003,CA,45.229,44.4036,-26.912682574583556,-26.049258943605256,-26.67242,-5.6312,230.0808
91,147,0.6176,0.3824,CV,16.3542,16.3288,-12.8109535916781,-12.817652426665465,-0.99672,1.19692,2536.4945
91,218,0.5927,0.4073,CV,25.9125,25.8828,-19.88160951513745,-19.78789821112401,-1.97941,-0.65588,80.1204
91,221,0.5953,0.4047,CV,8.6243,8.3688,-26.10764759066297,-26.06590281788184,-0.48062,-4.47863,229.4408
91,222,0.4768,0.5232,CA,9.8533,8.7838,-15.488134884647557,-15.187818253488178,-25.33767,14.27368,169.4826
91,225,0.6093,0.3907,CV,21.8044,21.8492,-14.638780039182993,-14.61271873857312,-1.4314,-0.80476,115.432
91,140,0.6064,0.3936,CV,17.966,17.9216,-22.907043631692854,-22.86966790506734,-1.43663,1.46288,144.3602
91,127,0.6196,0.3804,CV,17.996,18.0835,-17.923428892408214,-17.935462120376627,0.35588,-1.08069,1042.0881
91,213,0.585,0.415,CV,22.4762,22.1204,-13.140605047162751,-13.063135071466988,-5.88527,-3.02009,292.7691
91,159,0.6029,0.3971,CV,17.4037,17.3986,-46.868849274027696,-46.81900938598743,-0.192,0.93543,82.6077
91,165,0.4592,0.5408,CA,5.0813,3.3936,-7.891657844933887,-7.811228791152412,-107.59481,32.2746,319.1739
91,153,0.2892,0.7108,CA,38.6131,33.6678,-12.52053610738015,-11.806220598990974,-219.68252,45.77626,1642.651
91,240,0.564,0.436,CV,33.5867,33.5055,-22.79106024323209,-22.574793438377178,-5.33105,-0.66949,159.3691
91,241,0.4647,0.5353,CA,113.47,113.5037,-122.35488113755557,-121.77562665481616,8.46274,2.59925,171.2339
91,230,0.612,0.388,CV,22.9058,22.5651,-32.49388435612127,-32.489434125569296,4.39919,-0.34972,1762.279
91,145,0.5757,0.4243,CV,46.1383,45.9367,-52.40271645286628,-52.277975838125585,4.08873,-3.1271,214.2261
91,249,0.6195,0.3805,CV,27.7926,27.9322,-12.355007200069876,-12.367299841859722,-0.34169,0.18541,1735.2981
91,251,0.588,0.412,CV,24.1093,24.0303,-35.59671303717668,-35.5012393845761,1.85344,-1.68884,115.3426
91,211,0.5638,0.4362,CV,12.256,12.0942,-36.19792489432622,-36.03859604532646,3.11677,-1.49139,55.2333
91,114,0.5996,0.4004,CV,7.2524,7.1144,-10.309781709613896,-10.280831072825734,-2.38425,-0.64563,106.6879
91,243,0.547,0.453,CV,10.6094,10.1853,-9.055841586177946,-8.82804176814306,-9.42092,-5.95825,111.5674
91,259,0.4857,0.5143,CA,21.5598,23.2907,-34.37783664193809,-34.61313290703329,-146.81728,69.79611,869.2264
91,152,0.3147,0.6853,CA,9.1035,7.0131,-27.82242599247097,-27.226521591154352,99.68917,0.5223,214.4323
91,260,0.6608,0.3392,CV,6.1309,7.101,-19.79274500638011,-20.085413385203868,-7.28382,2.42402,138.0536
91,262,0.4539,0.5461,CA,24.3108,24.61,-16.805579588517233,-16.155707051160498,-29.17219,5.27768,236.1188
91,264,0.3407,0.6593,CA,13.8843,11.3899,-91.98758799367786,-91.59242661885874,-118.8297,14.6289,640.7015
91,265,0.4405,0.5595,CA,9.9512,8.5851,-22.688477199076537,-22.282878685898076,-40.17203,6.24383,214.073
91,206,0.5858,0.4142,CV,26.7941,26.71,-21.263077473943525,-21.164510489103527,-4.91717,-1.62606,223.2018
91,238,0.5705,0.4295,CV,5.5041,3.987,-6.926892329021827,-6.8003464362420445,44.60871,5.51904,245.0245
91,270,0.5541,0.4459,CV,27.8835,25.9355,-29.771993214709987,-29.6109075671496,46.36462,-15.50815,1712.4292
91,272,0.4287,0.5713,CA,37.2676,35.9707,-30.737176013975684,-30.090136459142396,-34.30843,6.90966,523.4802
91,273,0.0488,0.9512,CA,51.4136,49.4681,-68.51856758934447,-65.45454373310139,-114.2673,3.17608,558.2952
91,226,0.3767,0.6233,CA,8.7404,7.2365,-17.608672541295253,-17.128940067436645,62.98578,-0.87797,173.3795
91,248,0.5688,0.4312,CV,4.4038,3.2174,-11.645381075916433,-11.539022378895057,33.81481,25.33913,139.865
91,149,0.4869,0.5131,CA,26.4008,25.9019,-33.28752480292774,-32.87897580163379,-22.17174,-8.78567,225.4528
91,136,0.5625,0.4375,CV,11.6639,11.6278,-21.373015271794724,-21.32212042897878,-1.59304,0.07352,50.0874
91,129,0.4753,0.5247,CA,99.6884,99.6111,-76.28922634240406,-75.75587798261077,-7.31025,-2.15807,197.6857
91,118,0.609,0.391,CV,8.3274,8.2488,-11.801472035056754,-11.782455877298496,4.88714,-0.63175,107.2794
91,271,0.1903,0.8097,CA,18.1793,16.1293,-50.470951007512724,-49.31075999573078,121.01256,6.9413,307.522
91,276,0.7,0.3,CV,14.7542,14.7542,-10.37198919495329,-10.37198919495329,0.0,0.0,38.9097
92,138,0.6118,0.3882,CV,4.2813,4.214,-7.408310611268531,-7.404907139062685,1.31397,0.11954,75.8981
92,171,0.6166,0.3834,CV,5.365,5.4628,-29.633242987857273,-29.66431279687654,1.31425,-0.85848,163.4841
92,195,0.6096,0.3904,CV,29.9956,29.7194,-11.81830174449877,-11.801507976554735,5.35173,-0.31972,954.3389
92,214,0.4524,0.5476,CA,17.2179,16.511,-11.707335391454766,-11.280079839062788,-25.88555,-4.63039,161.1568
92,215,0.3502,0.6498,CA,27.9976,27.0096,-17.817158914236675,-17.17932550480492,-35.43708,-7.28614,245.8559
92,147,0.618,0.382,CV,15.8871,15.915,-13.155375276513016,-13.163211815996172,-1.24764,0.22105,2588.0482
92,218,0.6138,0.3862,CV,5.5386,5.6229,-11.382612379920019,-11.409431288174655,-0.73142,-0.37815,78.1484
92,221,0.6095,0.3905,CV,12.7986,12.8174,-13.131962932694368,-13.136736679099341,-1.42126,-3.2569,216.3281
92,222,0.6083,0.3917,CV,5.6438,6.5681,-8.94237038164459,-9.113548673663818,-12.70065,7.49495,178.6786
92,225,0.6108,0.3892,CV,16.2928,16.3315,-27.631877500985933,-27.621540797562734,0.40089,-1.06373,103.7919
92,140,0.6005,0.3995,CV,18.7281,18.6464,-52.11028815240097,-52.06122251180463,-1.98208,1.25776,145.1797
92,127,0.6177,0.3823,CV,24.2457,24.2555,-25.896171322741587,-25.89956040866165,-2.01959,-0.45038,1020.9428
92,213,0.5961,0.4039,CV,17.9085,17.6675,-12.14159316909844,-12.105498061915359,-4.94654,-2.85498,294.4364
92,159,0.5972,0.4028,CV,26.9492,26.9962,-45.3027599492305,-45.24492727365066,-1.9713,0.80814,87.0197
92,165,0.4643,0.5357,CA,13.4438,12.1014,-10.122049082836053,-9.734948976664828,-97.91618,28.3156,315.8774
92,153,0.5516,0.4484,CV,21.7187,24.0907,-10.740557644984332,-10.94282110380147,-158.60287,31.21781,1870.4095
92,240,0.6139,0.3861,CV,15.323,15.5367,-10.590865357438965,-10.659986081497522,-1.22729,-0.53735,145.365
92,241,0.4403,0.5597,CA,73.5594,73.0645,-35.08136912711368,-34.589526982084564,10.17563,5.18024,220.7819
92,230,0.6093,0.3907,CV,41.2274,40.9462,-61.26464725413676,-61.24393519673669,3.58883,0.0178,1712.4584
92,145,0.5722,0.4278,CV,43.325,43.0164,-59.30422360933728,-59.18358360108102,4.66445,-3.44254,249.8365
92,249,0.6186,0.3814,CV,14.6737,14.6508,-12.687725467506034,-12.695145262196764,0.05705,0.32743,1624.091
92,251,0.5903,0.4097,CV,16.3818,16.217,-20.600880519959823,-20.536164332573854,1.5212,-1.79656,119.7601
92,211,0.6047,0.3953,CV,9.8375,9.908,-16.054108600728185,-16.085116968078832,1.25128,-1.37777,53.4017
92,114,0.595,0.405,CV,39.5177,39.6373,-68.36980696402529,-68.30760731161197,2.54596,-0.46912,104.6625
92,243,0.5829,0.4171,CV,7.4914,7.2988,-7.782593029044452,-7.7470968347943785,-7.32319,-4.24866,111.9368
92,260,0.561,0.439,CV,10.9658,10.7373,-13.115081558541188,-12.822549585902767,-15.20283,4.946,118.8554
92,262,0.2929,0.7071,CA,20.7658,19.3781,-14.329517563225908,-13.211756062008861,-47.74974,10.20215,239.3635
92,264,0.5592,0.4408,CV,1.2908,3.9256,-73.23513648164541,-73.3961484165687,-87.32881,10.61913,650.5906
92,265,0.3493,0.6507,CA,18.0615,16.8264,-31.449633887618713,-30.610051245467105,-53.81698,8.83143,237.4394
92,206,0.5354,0.4646,CV,37.2399,36.998,-19.518440609260495,-19.233914640935318,-8.17489,-0.51069,209.135
92,238,0.5273,0.4727,CV,8.8042,7.4389,-9.085562223367766,-8.790630452815305,45.15834,5.92804,240.1651
92,270,0.111,0.889,CA,115.3122,112.9694,-42.008093773255425,-39.547144578492464,128.77501,-27.45091,2262.1206
92,272,0.3722,0.6278,CA,41.509,39.917,-34.33030627564203,-33.60687729736612,-55.82322,13.20374,741.8468
92,273,0.0845,0.9155,CA,46.1573,43.4766,-60.048369415224805,-58.00064633845021,-193.3653,11.9583,714.2829
92,226,0.6066,0.3934,CV,5.4794,6.75,-23.198200799077338,-23.503845854077152,34.95347,-1.63739,173.1803
92,248,0.0002,0.9998,CA,42.5042,41.1286,-50.09975814806422,-40.97268678509248,123.10595,92.82206,196.3615
92,149,0.5348,0.4652,CV,11.9521,11.1853,-45.84315420139877,-45.698851943544454,-21.25677,-7.36778,239.5314
92,276,0.6347,0.3653,CV,21.9304,21.9304,-16.00615749284125,-15.961257898884147,4.35459,-1.46029,55.6759
92,136,0.6026,0.3974,CV,6.6211,6.6771,-16.095846118529593,-16.119808804380444,-0.60427,-0.24396,49.4655
92,124,0.5,0.5,CA,80.1558,79.6125,-26.858501536215186,-26.552694824905437,-24.43649,5.79804,290.5659
92,232,0.5,0.5,CA,20.1327,20.1544,-27.095272115162885,-27.09909421859289,0.50867,0.05301,120.0581
92,179,0.5,0.5,CA,17.3892,17.3896,-14.418372164816281,-14.326629003079391,-1.42286,-1.04775,43.0194
92,129,0.5822,0.4178,CV,20.2026,20.4698,-11.080641621943428,-11.145524014422946,-3.94911,-1.32451,207.2894
92,118,0.6114,0.3886,CV,5.5021,5.405,-7.3393966887990665,-7.3321935062621115,3.3309,-0.89899,93.9009
92,259,0.2468,0.7532,CA,42.5391,39.812,-26.125181890003965,-24.727367339049273,-186.58638,80.35997,1092.4774
92,277,0.7,0.3,CV,10.4635,10.4635,-12.366461863006041,-12.366461863006041,0.0,0.0,32.3822
92,278,0.7,0.3,CV,8.5673,8.5673,-14.282381725261645,-14.282381725261645,0.0,0.0,26.7541
93,129,0.6122,0.3878,CV,42.4817,42.6953,-19.568887122066876,-19.60403019672648,1.30697,0.44759,212.5781
93,138,0.6042,0.3958,CV,11.0291,10.9744,-9.901318519548234,-9.859578047942316,1.42899,0.21747,71.0831
93,171,0.6078,0.3922,CV,11.3087,11.2117,-35.27269133349579,-35.23898448641091,1.4349,-1.55341,150.2485
93,195,0.6086,0.3914,CV,33.1913,32.909,-11.801902495190829,-11.781835510622617,5.6605,-0.78353,999.4639
93,214,0.5764,0.4236,CV,12.8384,13.0928,-9.491810563638316,-9.56553643656041,-15.07357,-4.6324,176.7961
93,215,0.3363,0.6637,CA,24.89,23.5996,-13.635580452240031,-12.865348933683627,-47.81176,-9.23778,278.1263
93,147,0.6181,0.3819,CV,11.2301,11.1843,-13.373427552647517,-13.3811564313366,-1.31829,-0.11102,2651.0434
93,218,0.6176,0.3824,CV,10.7093,10.7524,-16.6386406421728,-16.650450481220822,0.51981,-0.2692,77.9286
93,221,0.6047,0.3953,CV,24.7156,24.7021,-14.761599150707248,-14.725186339462658,-1.17678,-2.02624,217.1828
93,222,0.6114,0.3886,CV,10.0389,9.9055,-15.724635831854368,-15.71822024819883,-9.10333,4.91729,178.2122
93,225,0.5895,0.4105,CV,18.3379,18.3022,-40.9732300729798,-40.87205278388472,2.31273,-1.13633,96.2415
93,140,0.6023,0.3977,CV,13.281,13.1537,-85.66693375719683,-85.63374119958222,-1.90401,1.08232,146.7771
93,127,0.616,0.384,CV,20.3263,20.2138,-30.51034771101311,-30.50944400195116,-2.80214,0.05731,1006.7251
93,213,0.6136,0.3864,CV,24.7094,24.8619,-11.29290767584638,-11.314032712928881,-0.75542,-2.39597,293.3179
93,159,0.569,0.431,CV,25.0084,24.877,-22.464248411147157,-22.29871067767628,-3.08894,1.02109,90.139
93,165,0.6918,0.3082,CV,11.1328,14.1124,-8.115710821049369,-8.672843471145715,7.61606,-3.85461,253.2742
93,153,0.4311,0.5689,CA,34.3158,29.3934,-15.963839499540004,-15.309787753419961,-185.83531,35.3166,2135.3982
93,240,0.6129,0.3871,CV,15.1089,15.1659,-11.248862766620597,-11.240661062777706,1.59991,-0.38836,135.1374
93,241,0.5795,0.4205,CV,18.4023,18.9964,-15.161993330135907,-15.26563653593924,5.07336,3.39907,217.9085
93,230,0.614,0.386,CV,18.0165,17.7794,-66.97309675914138,-66.97607528290492,1.83779,-1.09464,1684.8014
93,145,0.5466,0.4534,CV,68.21,67.9514,-40.95547637628293,-40.73594706615167,6.70038,-5.24824,247.6198
93,249,0.6161,0.3839,CV,28.6476,28.5777,-16.58697765806527,-16.585168591366056,0.55008,1.16674,1501.5562
93,251,0.6038,0.3962,CV,10.3813,10.318,-18.653662151757693,-18.64206256939561,1.20107,-1.64588,116.7248
93,211,0.6005,0.3995,CV,8.3587,8.2795,-11.166115732973626,-11.119155343940324,1.3345,-1.3941,53.8841
93,114,0.5528,0.4472,CV,31.8696,31.7359,-37.88483206916847,-37.65706410659445,4.39863,-0.22437,107.0964
93,243,0.5402,0.4598,CV,14.3295,13.9343,-9.835633862084501,-9.574608246011842,-9.16892,-5.25208,111.6929
93,260,0.6327,0.3673,CV,6.0426,6.4819,-42.42575368464939,-42.57932657440195,-4.96025,0.7485,104.2287
93,262,0.1495,0.8505,CA,26.8687,25.0904,-33.93422659850308,-32.18533707092636,-85.0527,18.08579,267.158
93,264,0.6537,0.3463,CV,5.3738,7.6065,-70.35570300527459,-70.60337397631167,-37.55359,4.76174,599.8182
93,265,0.4333,0.5667,CA,12.5796,11.6531,-51.216374185076575,-50.85876764913578,-54.87415,9.76524,249.4879
93,238,0.6456,0.3544,CV,9.6379,10.5574,-23.289196219704458,-23.547533461935434,14.29817,2.83602,212.0456
93,270,0.3059,0.6941,CA,53.0677,49.2356,-15.24107835593012,-14.667681499568207,171.00298,-31.66987,2528.8197
93,272,0.3436,0.6564,CA,37.6544,35.3427,-32.13009580756736,-31.361366813616712,-78.32366,21.6212,951.5278
93,273,0.3094,0.6906,CA,12.7846,8.7638,-37.35181159555149,-36.83227773693993,-204.71581,17.27452,782.4248
93,226,0.6321,0.3679,CV,7.2732,7.3346,-7.516461915091217,-7.60051817497582,18.65513,-1.12565,160.6283
93,248,0.597,0.403,CV,25.2719,26.7282,-18.082371617922668,-18.880429108193546,99.81173,75.87073,175.9966
93,149,0.5818,0.4182,CV,12.0117,11.7621,-31.27330999576968,-31.251366102363786,-16.03376,-4.85575,253.6619
93,276,0.5722,0.4278,CV,20.4984,20.3352,-14.698600880799878,-14.490828196715746,6.71063,-2.75588,92.3235
93,136,0.6016,0.3984,CV,17.9845,18.0064,-15.649348887870465,-15.610424807012755,0.98862,-0.65242,48.4345
93,277,0.6235,0.3765,CV,17.0951,17.0951,-21.991921900943417,-21.8993819126683,8.39026,-0.07392,45.123
93,278,0.6397,0.3603,CV,9.7203,9.7203,-34.56829665090021,-34.54506215722951,4.4189,0.17649,36.1492
93,124,0.6204,0.3796,CV,19.3056,19.9579,-11.162886204148734,-11.351693370188912,-7.8469,0.87449,282.6298
93,232,0.5729,0.4271,CV,16.5045,16.5118,-59.73855878443397,-59.7300190902876,-0.72816,-0.40522,109.273
93,179,0.4948,0.5052,CA,23.6922,23.6018,-26.25528283144285,-25.93223471432255,-3.20709,-1.45699,39.2509
93,194,0.5,0.5,CA,33.3094,33.5906,-22.54402482913282,-22.51986111274644,1.91698,1.98509,139.7768
93,220,0.5,0.5,CA,35.9709,36.1381,-41.91397861323107,-41.803792866757554,13.46343,-2.14759,198.2013
93,118,0.5989,0.4011,CV,8.6439,8.5261,-8.089954545003947,-8.02655240677726,3.35922,-1.11563,84.6625
93,206,0.5016,0.4984,CV,29.4094,28.9852,-16.435144272512037,-16.08832671810577,-11.16312,0.44344,209.8687
94,138,0.5935,0.4065,CV,10.3924,10.3035,-18.172014965924582,-18.097144681391363,2.06726,0.00409,67.43
94,171,0.5987,0.4013,CV,13.3348,13.2357,-32.77906115844107,-32.720440457776675,2.50997,-1.5405,140.2777
94,195,0.6111,0.3889,CV,27.1378,26.907,-11.601044084993655,-11.592797080713975,4.84447,-0.68966,1069.9364
94,214,0.5912,0.4088,CV,26.0501,26.277,-15.390910900349397,-15.347060058054321,0.66676,-3.97894,181.1491
94,147,0.6115,0.3885,CV,92.071,92.0415,-16.255166012255323,-16.234560204634082,-2.37096,-0.64982,2484.92
94,218,0.6147,0.3853,CV,9.3363,9.3219,-10.458063327379875,-10.451890889210269,0.824,-0.12882,79.3972
94,221,0.5931,0.4069,CV,27.948,27.7975,-15.378354730455587,-15.301139311298588,-1.9316,-1.78555,222.5137
94,222,0.625,0.375,CV,8.2819,8.4311,-32.05424241011348,-32.10092410823042,-3.86919,1.40979,172.4445
94,225,0.5586,0.4414,CV,18.4856,18.3537,-47.421665034166224,-47.22530971509056,3.64484,-1.23113,90.0381
94,140,0.6061,0.3939,CV,10.8244,10.7139,-112.79902661628653,-112.7792432976721,-1.6732,1.16991,144.9551
94,127,0.6188,0.3812,CV,26.5667,26.7225,-18.404845811544014,-18.418622130822307,0.19943,0.23434,1012.7036
94,213,0.6107,0.3893,CV,18.6637,18.5783,-11.882594220815317,-11.865252026722402,0.30457,-2.46528,288.0039
94,159,0.5274,0.4726,CV,31.268,31.1077,-24.989420562792173,-24.697405071046063,-4.55227,1.82249,86.1918
94,165,0.6209,0.3791,CV,9.2986,9.1543,-8.22590785382296,-8.134672595829654,22.62708,-7.8152,189.3502
94,153,0.646,0.354,CV,25.9318,31.3144,-22.287961944346407,-22.685203387762343,-60.54514,8.31824,2047.027
94,240,0.5969,0.4031,CV,16.4885,16.4148,-12.042115499723568,-11.96814334849451,2.91093,-0.38704,128.3253
94,230,0.6104,0.3896,CV,51.3687,51.2827,-56.86770590338427,-56.848826541935246,6.05211,-1.78028,1679.049
94,145,0.5204,0.4796,CV,53.3789,52.9405,-28.64689598225747,-28.35894140276805,9.63232,-6.50645,269.7849
94,249,0.6174,0.3826,CV,51.342,51.4931,-14.36946319292588,-14.377085744868687,0.88942,-0.95147,1503.9639
94,251,0.6117,0.3883,CV,4.9034,4.8535,-8.659925319330538,-8.661399812445639,0.99243,-0.95795,118.8168
94,211,0.6027,0.3973,CV,6.4099,6.3106,-7.1140086119653105,-7.082670588214437,1.19301,-1.24535,54.7386
94,114,0.5503,0.4497,CV,21.9279,21.6825,-29.884118377573195,-29.707641715938617,5.01853,0.01083,109.1943
94,243,0.5603,0.4397,CV,9.58,9.1756,-8.04141806851757,-7.923877863246631,-8.1994,-4.94435,116.2476
94,260,0.6221,0.3779,CV,8.868,8.8517,-24.10266018095057,-24.105227080162123,-4.05749,0.53299,95.0621
94,262,0.7156,0.2844,CV,20.2167,22.6102,-17.43985189749744,-18.55412245549676,-24.83633,4.09545,243.198
94,264,0.6549,0.3451,CV,14.5341,15.1309,-87.63434369218992,-87.7477839314401,-2.91374,0.28415,486.3717
94,265,0.5466,0.4534,CV,7.172,6.6822,-29.19355536427379,-29.173365276180864,-44.23784,7.6222,253.7998
94,238,0.5942,0.4058,CV,7.3284,6.8793,-10.37548013824413,-10.241730312724592,19.49943,3.10195,173.4315
94,270,0.5139,0.4861,CV,31.1496,31.4241,-14.037239759362269,-14.064547743827232,138.46034,-19.17017,2684.3529
94,272,0.3721,0.6279,CA,35.1819,33.1418,-41.759307542616504,-41.1550714821749,-94.55625,27.89361,1081.2584
94,273,0.6223,0.3777,CV,13.214,16.2226,-38.32136199477152,-38.787637811678785,-119.33789,11.86082,793.5119
94,248,0.6167,0.3833,CV,33.7338,36.7727,-23.03716290135911,-23.069716878681128,-52.36679,-39.31654,299.0159
94,149,0.5036,0.4964,CV,28.2567,27.6547,-38.6306709000372,-38.22457976646131,-22.62939,-6.69124,249.6686
94,276,0.516,0.484,CV,20.0879,19.5694,-16.425262775334694,-16.08259135036754,10.65722,-2.54103,138.7757
94,136,0.5733,0.4267,CV,19.5759,19.5112,-19.753328475604533,-19.59912909672216,2.07053,-0.96919,48.2552
94,277,0.2648,0.7352,CA,24.1658,23.9309,-29.467285212325706,-27.96390602306098,29.38593,-0.37182,94.8269
94,278,0.5295,0.4705,CV,16.3851,16.3052,-26.676293901889544,-26.288469908107437,9.83016,2.47834,62.8461
94,124,0.57,0.43,CV,29.7502,30.0346,-20.899693585524012,-20.703979758767623,11.33582,-4.87851,262.4369
94,232,0.5961,0.4039,CV,15.2351,15.2245,-26.0279771156584,-26.009446619083366,-0.93711,-1.67231,113.0817
94,179,0.5305,0.4695,CV,10.1386,9.9655,-40.161478858860605,-39.988846698687304,-3.53914,-1.3279,39.15
94,194,0.5482,0.4518,CV,25.9011,25.9422,-17.720670192020176,-17.611901789736507,-4.34921,2.34416,135.2668
94,220,0.5274,0.4726,CV,15.3002,14.865,-21.782518838746192,-21.590075757583715,20.25215,-4.5797,177.0577
94,239,0.5,0.5,CA,1188.7155,1188.688,-5160.20711420363,-5065.414625146016,95.5971,-14.25246,118.3428
94,271,0.5,0.5,CA,68.2649,72.1611,-109.25944911411466,-108.44684229268844,-102.48363,-13.28125,456.1202
94,129,0.5976,0.4024,CV,33.6517,33.5896,-15.021321123739355,-14.951579928125064,3.26707,1.88211,214.1641
94,241,0.6055,0.3945,CV,6.8051,6.8157,-30.63497765471025,-30.6459841126154,3.02611,1.90831,227.8101
94,226,0.5965,0.4035,CV,9.2474,8.9191,-8.204782573137928,-8.101111409303954,19.23522,-1.14961,137.1239
95,138,0.5929,0.4071,CV,9.8843,9.8079,-20.408488503685714,-20.346822379440017,2.35454,-0.41898,65.9537
95,171,0.5837,0.4163,CV,17.7097,17.5807,-41.10901712679313,-41.00137549360164,3.29958,-1.87469,134.7782
95,195,0.6129,0.3871,CV,38.7866,38.705,-14.466914554268822,-14.462826931682393,3.09271,-0.6262,1181.7984
95,147,0.6139,0.3861,CV,30.377,30.1644,-14.974573856649041,-14.974180601352039,-4.04707,-1.01358,2493.2448
95,218,0.6171,0.3829,CV,5.7691,5.7792,-8.556618751528594,-8.564800463370505,0.41843,0.29547,79.1168
95,221,0.6052,0.3948,CV,27.7354,27.7782,-19.71227636323235,-19.702149298107976,-0.53946,-2.63163,205.9564
95,222,0.6043,0.3957,CV,20.0473,20.202,-25.113768627762628,-25.053082812829246,3.88763,-3.23919,159.7538
95,225,0.5625,0.4375,CV,11.9514,11.761,-36.92259477906561,-36.78717399585202,3.88952,-1.23282,85.8824
95,140,0.5821,0.4179,CV,32.8278,32.7488,-81.29885035186888,-81.17415977296719,-3.00974,1.75792,134.5161
95,127,0.6133,0.3867,CV,52.2538,52.2421,-15.016534495660547,-15.002530713767662,3.56757,-0.08551,1016.3802
95,213,0.6142,0.3858,CV,13.5159,13.4963,-21.321843004467418,-21.323963070870292,-0.2749,-2.21337,297.7457
95,159,0.5022,0.4978,CV,23.2148,22.9628,-19.5902747840802,-19.257562267097768,-6.23622,1.98693,87.3408
95,165,0.5591,0.4409,CV,11.8145,11.2811,-14.34892329685221,-14.10827747039183,24.75323,-8.16128,171.9916
95,240,0.5871,0.4129,CV,16.3093,16.1713,-20.148216930526306,-20.057355609172497,3.36301,0.14056,124.1221
95,230,0.5931,0.4069,CV,78.3019,77.9692,-45.214142854580246,-45.128346176816486,10.66868,-1.99978,1675.5144
95,145,0.4847,0.5153,CA,54.7478,54.1311,-22.365277522508226,-21.97266577843503,13.83447,-8.64258,304.8803
95,249,0.6124,0.3876,CV,50.7148,50.6027,-13.33067501426466,-13.315257774651618,0.81488,-1.95653,1543.38
95,251,0.5947,0.4053,CV,29.435,29.3764,-27.063265777462195,-26.982127533133934,2.55626,-1.02009,121.2616
95,211,0.6025,0.3975,CV,23.8185,23.8872,-43.710299837761504,-43.67484209516133,-1.35275,-0.43898,51.6396
95,114,0.5767,0.4233,CV,11.422,11.1865,-28.788272707792608,-28.722843635054367,4.34101,0.23037,113.7933
95,243,0.5933,0.4067,CV,20.3134,20.3088,-12.614370860569077,-12.602515492764143,-4.94177,-3.22946,128.1824
95,260,0.5473,0.4527,CV,13.982,13.7957,-19.61256592557607,-19.322455593649856,-8.18928,2.11868,88.2877
95,262,0.6169,0.3831,CV,21.4839,22.2681,-15.189081046355355,-15.044289397423952,22.15059,-4.68847,209.6593
95,264,0.6143,0.3857,CV,12.2413,12.2545,-68.28289727651537,-68.21955911035145,15.26892,-2.0667,398.8847
95,265,0.6231,0.3769,CV,5.548,5.9988,-18.878909627347834,-19.012393239896127,-23.66077,4.22414,243.6304
95,238,0.315,0.685,CA,19.1624,18.4071,-17.43841854329428,-16.222782595623613,38.34413,5.30017,166.1691
95,270,0.5393,0.4607,CV,67.4474,66.7039,-21.769404198175152,-21.604715499703833,101.67685,-5.04766,3007.595
95,272,0.4831,0.5169,CA,26.9333,26.3992,-34.480016559695365,-34.291342449310136,-80.52752,21.01949,1077.9854
95,273,0.6706,0.3294,CV,28.3313,30.0205,-14.28786389266228,-14.51860493938279,0.32743,8.57559,731.5799
95,226,0.5987,0.4013,CV,7.6775,7.4613,-15.571682412145558,-15.529651842823164,14.57663,-1.61058,120.5888
95,248,0.0388,0.9612,CA,38.4322,36.2682,-30.181481052649715,-26.499489227813807,-132.41409,-99.63061,473.9859
95,149,0.5301,0.4699,CV,12.5544,11.62,-8.95857654736205,-8.771646844151615,-22.2006,-6.07336,264.2623
95,276,0.4968,0.5032,CA,19.8204,19.1549,-15.976028681758804,-15.637840501969185,15.33709,-1.15613,185.8157
95,136,0.6046,0.3954,CV,26.0934,26.1827,-104.15000096403224,-104.16628108486086,-0.46567,-0.87048,51.6335
95,277,0.1033,0.8967,CA,21.1378,19.9716,-21.092095247247748,-18.960618215274206,63.54707,-1.6445,172.6912
95,278,0.3661,0.6339,CA,18.0925,17.6395,-29.89888276595824,-29.005388641101547,21.1359,-0.29342,102.6556
95,124,0.5111,0.4889,CV,24.3428,23.7414,-22.14063910836738,-21.78165395507403,16.75608,-6.38053,260.5156
95,232,0.5697,0.4303,CV,45.7149,45.7383,-53.892578801467366,-53.7315573177817,3.23905,-2.13945,121.9851
95,179,0.472,0.528,CA,19.7095,19.5375,-46.899296696340144,-46.44098301127751,-5.42696,-1.30865,40.0447
95,194,0.5011,0.4989,CV,30.9475,30.6836,-19.632568243510583,-19.265123966109268,-9.11072,2.43372,138.2712
95,220,0.5136,0.4864,CV,15.9559,15.4281,-15.805878647068077,-15.518432585356905,23.31174,-6.43988,174.6546
95,239,0.3542,0.6458,CA,93.6206,98.132,-84.67259215756127,-83.76980293366253,-262.68672,40.15353,379.6491
95,271,0.2759,0.7241,CA,34.1569,31.4706,-67.54071760049132,-66.2733376886868,-138.91424,-13.80834,679.1913
95,215,0.5,0.5,CA,111.6872,109.7161,-79.466744281829,-70.80348763035695,-176.79664,-37.24478,296.3401
95,129,0.5833,0.4167,CV,37.4294,37.252,-16.399519985074395,-16.292082216991364,4.0762,2.30698,233.8772
96,138,0.5848,0.4152,CV,11.0962,10.9803,-14.39764222454996,-14.303207014900085,2.65668,-0.65391,64.5425
96,171,0.4852,0.5148,CA,40.0495,39.8463,-41.80284240232996,-41.3202328697169,6.44027,-3.00834,130.1276
96,195,0.6138,0.3862,CV,29.4295,29.2539,-15.202345310544798,-15.19925345838086,2.05802,-0.24532,1294.6126
96,147,0.6168,0.3832,CV,10.6435,10.3157,-13.893328265637464,-13.901610521023827,-2.96636,-1.04422,2506.5053
96,218,0.6129,0.3871,CV,12.2175,12.1937,-10.30976647796532,-10.296675045512467,0.28818,0.35951,83.4432
96,221,0.6064,0.3936,CV,19.9509,19.8959,-17.233230751459637,-17.21044444396002,-0.98194,-1.88831,212.4725
96,225,0.5632,0.4368,CV,15.4466,15.2921,-17.680710640074565,-17.542438844241836,3.96149,-1.19441,86.1854
96,140,0.5882,0.4118,CV,21.6988,21.6718,-32.056527107453675,-31.99201368180179,-1.02078,2.65533,125.9149
96,127,0.5863,0.4137,CV,107.7164,107.5238,-25.845339009734005,-25.727104491446667,8.73761,-0.9025,1046.4305
96,213,0.6002,0.3998,CV,46.855,46.8174,-27.53329979491044,-27.471386314002054,2.55509,-2.43408,319.1698
96,159,0.5497,0.4503,CV,9.4488,9.1957,-14.6694284857994,-14.563261441494255,-5.78559,1.61871,86.9875
96,165,0.59,0.41,CV,4.6572,4.0507,-11.954158974824699,-11.930408495514307,19.35844,-6.04815,158.0073
96,240,0.6019,0.3981,CV,7.9416,7.8579,-37.08658198420365,-37.071722059116254,2.58527,0.40783,115.466
96,230,0.5834,0.4166,CV,67.6449,67.0594,-51.83433155665844,-51.7338700591936,12.86481,-0.72042,1641.2901
96,145,0.467,0.533,CA,58.6909,57.9352,-25.979059618398715,-25.566554569452812,17.81234,-11.37909,376.0185
96,249,0.6145,0.3855,CV,15.1474,14.9123,-11.408159240671209,-11.40873415031622,0.63015,-1.51868,1542.1294
96,251,0.5845,0.4155,CV,24.2994,24.1547,-22.410018706220686,-22.31159415297028,3.32059,-0.96993,124.3737
96,211,0.6145,0.3855,CV,10.7745,10.8267,-21.32552686356979,-21.340782549882693,-0.07034,-0.73118,52.8035
96,114,0.5745,0.4255,CV,23.835,23.6475,-18.19192513411204,-18.07912109868077,4.39095,0.1907,126.0907
96,243,0.5955,0.4045,CV,20.1548,20.0182,-11.364568330718335,-11.31410816504779,-3.53719,-2.6877,141.8023
96,260,0.5623,0.4377,CV,6.726,6.339,-20.165512761597647,-20.045724837992978,-7.53917,2.0225,86.2063
96,262,0.3095,0.6905,CA,23.8569,22.9995,-15.184439338780015,-13.909739715180757,41.61598,-9.04563,206.2609
96,264,0.5986,0.4014,CV,8.9742,8.4056,-36.729751508631736,-36.660840726450395,16.04579,-2.57941,340.8438
96,265,0.5631,0.4369,CV,12.1824,11.5203,-18.84556354347945,-18.61778097949878,-27.7969,5.25463,224.1937
96,238,0.344,0.656,CA,13.073,11.7592,-9.63565152628539,-8.949071584859535,49.74548,5.84532,170.1546
96,270,0.5979,0.4021,CV,33.9302,34.1525,-15.483917562319833,-15.521900415360989,55.54911,2.20876,3117.6048
96,272,0.057,0.943,CA,101.5774,102.4137,-86.2464075245111,-83.16270539167589,40.65901,35.06315,1072.3539
96,273,0.3226,0.6774,CA,40.6252,40.663,-21.413323889871684,-20.119169256533702,86.22983,-1.35851,636.9666
96,226,0.567,0.433,CV,20.083,20.5761,-24.29934114314425,-24.12335897566768,-12.08639,-0.21936,114.2951
96,248,0.233,0.767,CA,21.4571,18.2856,-20.877759999933705,-20.035593799219,-167.34932,-125.12342,457.0746
96,149,0.5961,0.4039,CV,6.7691,6.8836,-9.916226864857123,-9.959742061856005,-14.20803,-4.21573,263.4026
96,276,0.4718,0.5282,CA,20.1205,19.1437,-11.195504775135369,-10.785084286217494,19.64256,-1.64479,236.3612
96,136,0.5591,0.4409,CV,39.6689,39.6952,-52.36203916073619,-52.14557835886839,2.61936,-0.972,50.1929
96,277,0.508,0.492,CV,2.2507,3.6413,-7.282095091912678,-7.570882551545042,52.57659,-2.58276,182.981
96,278,0.3501,0.6499,CA,12.8071,11.7848,-19.368711037447053,-18.63737050459258,30.29588,-2.3001,145.507
96,124,0.5793,0.4207,CV,6.1498,5.9159,-21.504418799784073,-21.506102343666427,11.9917,-4.70984,262.8429
96,232,0.6119,0.3881,CV,12.1607,12.3656,-13.632939975478433,-13.68537837906297,1.13247,-1.12397,120.9638
96,179,0.3307,0.6693,CA,25.8595,25.5899,-42.268331285976274,-41.30089379302836,-9.57557,-1.73975,43.6778
96,194,0.5165,0.4835,CV,17.4437,16.9342,-11.345392351313723,-11.107555314147515,-10.26849,2.56246,143.2325
96,220,0.6034,0.3966,CV,15.7332,16.0394,-10.886826643987497,-10.984811460167764,9.9572,-4.19492,177.9605
96,271,0.3372,0.6628,CA,47.6112,45.5992,-67.78675386973467,-67.12461121460059,-165.04791,-14.21598,979.372
96,215,0.725,0.275,CV,27.3653,29.646,-18.286264476981525,-18.953483382656565,-32.21751,-4.27897,521.1136
96,153,0.5,0.5,CA,101.8686,100.4416,-67.49030214220751,-66.37446503154406,-112.17859,20.20936,1324.5216
96,241,0.5,0.5,CA,84.8489,84.7474,-82.23260152467138,-81.85477778242367,9.51227,-0.1082,263.3839
96,281,0.7,0.3,CV,43.004,43.004,-29.868701743267177,-29.868701743267177,0.0,0.0,73.4027
97,138,0.5761,0.4239,CV,11.873,11.731,-9.785428755097428,-9.667044952341143,2.98327,-0.74071,63.4066
97,171,0.406,0.594,CA,36.2603,35.8749,-32.481836188629906,-31.82008700452227,9.98222,-4.91737,129.1782
97,195,0.6149,0.3851,CV,31.884,31.805,-14.137888649203322,-14.13836458642089,2.05354,1.15963,1367.5073
97,147,0.5812,0.4188,CV,124.6488,124.4506,-22.944285124725866,-22.799835969194437,-3.13372,1.10932,2208.7413
97,218,0.6098,0.3902,CV,13.1376,13.0843,-15.842122624605352,-15.822160825201799,0.16078,0.58651,89.6457
97,221,0.6083,0.3917,CV,17.4322,17.3626,-11.174282218737588,-11.157783119932077,-1.68,-1.42903,213.4335
97,225,0.5862,0.4138,CV,11.1148,11.0086,-9.40139226258816,-9.356289858141512,2.9683,-0.76152,88.3911
97,140,0.5895,0.4105,CV,16.0849,16.0137,-24.73509651596742,-24.666849110043252,-2.4523,2.60442,125.0343
97,127,0.5957,0.4043,CV,41.3728,40.9332,-16.777294318629558,-16.737652916150708,7.7021,-1.12355,1105.4202
97,213,0.6051,0.3949,CV,24.5277,24.4462,-17.118119480204356,-17.097350269880543,2.38048,-2.30927,307.8102
97,165,0.5196,0.4804,CV,11.2801,10.6256,-13.989776852688403,-13.635705064997119,23.69978,-6.8607,149.6034
97,240,0.5677,0.4323,CV,22.3577,22.2452,-22.688937346519985,-22.511444295393495,3.86514,0.95829,104.9393
97,230,0.5795,0.4205,CV,63.65,62.9867,-35.935122736630746,-35.832812682983885,14.35923,-1.02566,1653.7027
97,145,0.4757,0.5243,CA,53.4908,52.4731,-21.462871189699882,-21.110251229013127,22.18773,-12.14518,461.9767
97,249,0.6165,0.3835,CV,3.5312,3.3562,-11.28085749419472,-11.286830748778108,0.44338,-1.01331,1535.2596
97,251,0.5816,0.4184,CV,21.4552,21.2925,-23.86755237934269,-23.772444978477576,3.71074,-0.97848,123.7536
97,211,0.6014,0.3986,CV,19.9364,19.9261,-24.042085237307294,-23.98455046022761,1.07383,-0.67093,57.1353
97,114,0.4671,0.5329,CA,61.687,61.4956,-44.71924862674336,-44.17765354007891,8.75004,0.79915,120.4538
97,243,0.6115,0.3885,CV,21.7678,21.8192,-11.689188127155209,-11.70210322594362,-1.45856,-2.2257,136.8845
97,260,0.6054,0.3946,CV,7.649,7.7314,-11.260418353914284,-11.296187543001285,-4.13053,1.21948,86.8335
97,262,0.5391,0.4609,CV,5.8208,6.3413,-9.246627252511322,-9.370160958144126,30.10251,-6.63256,201.8533
97,264,0.609,0.391,CV,6.0758,5.7172,-14.907219473161904,-14.905100986959475,11.58295,-1.99086,290.4705
97,265,0.6358,0.3642,CV,6.1866,7.0475,-12.979889426160968,-13.143680017876704,-10.30096,2.47095,212.5809
97,238,0.4856,0.5144,CA,5.0235,3.9659,-10.147472148556394,-10.008096586500393,45.45452,4.77097,168.5237
97,270,0.6392,0.3608,CV,46.182,48.2902,-13.524247755421866,-13.652053199956875,-0.89399,4.20537,2873.1692
97,272,0.2695,0.7305,CA,21.1839,19.8753,-14.270417901180437,-13.596203776670968,95.42789,30.68629,779.805
97,273,0.0841,0.9159,CA,40.2391,36.8978,-25.9347819617425,-23.49477095238972,177.97631,-8.76387,719.7762
97,226,0.2875,0.7125,CA,23.507,22.9181,-18.287949830243328,-16.981465355354437,-27.79939,0.08519,115.3232
97,248,0.5638,0.4362,CV,11.4893,13.662,-23.898359381926134,-24.228957497965688,-121.25085,-89.44422,511.4152
97,149,0.5448,0.4552,CV,23.3805,22.9174,-73.95227802996592,-73.69051145706752,-18.35556,-3.75469,258.5928
97,276,0.501,0.499,CV,15.2543,14.096,-12.455206653857685,-12.19723308081877,21.26965,-1.11619,283.6372
97,136,0.5734,0.4266,CV,12.5504,12.4336,-10.544859716410976,-10.453148697969635,2.4903,-0.95765,53.5124
97,278,0.4973,0.5027,CA,5.7468,5.0918,-23.209044844659452,-23.108079722217443,28.01534,-4.4,166.089
97,232,0.4921,0.5079,CA,71.1899,71.1227,-69.63664052343056,-69.14024177077016,6.4272,-2.01037,131.3465
97,179,0.3347,0.6653,CA,19.5136,19.1462,-21.159901561579023,-20.409894530171993,-13.87195,-1.174,49.6037
97,281,0.6397,0.3603,CV,20.6544,20.6544,-25.84236676825276,-25.81923736548443,6.20464,-1.55705,96.184
97,215,0.5934,0.4066,CV,39.6425,40.0005,-21.111105335901712,-20.853585257265188,27.39583,7.60917,442.4876
97,153,0.6511,0.3489,CV,54.4836,58.2289,-39.36627496120104,-39.688011184967664,57.92552,-15.04082,1216.5901
97,241,0.5102,0.4898,CV,43.8041,43.3139,-46.53427778996451,-46.272927186379036,11.29916,-1.53642,274.1561
97,206,0.5,0.5,CA,19.2781,19.0739,-11.744751478889691,-11.725774540594461,-3.59457,-0.70645,203.8297
97,129,0.5,0.5,CA,96.6863,96.6182,-65.68644174394703,-65.55297800034998,0.60908,3.13068,355.8232
97,194,0.2622,0.7378,CA,61.092,60.5605,-45.92842861197788,-44.56775746712265,-21.94994,4.51485,166.1418
97,282,0.7,0.3,CV,15.1187,15.1187,-15.48267434912909,-15.48267434912909,0.0,0.0,23.4036
98,138,0.5862,0.4138,CV,7.075,6.9124,-11.148097938970455,-11.083988933222772,2.73517,-0.72439,61.7374
98,171,0.3186,0.6814,CA,36.2749,35.7491,-30.620453885359865,-29.69162641448918,15.93504,-9.02461,133.8698
98,195,0.6152,0.3848,CV,38.0344,37.9841,-13.393830800117094,-13.393853234692703,2.27059,2.21331,1399.0698
98,218,0.6111,0.3889,CV,10.6892,10.6443,-14.952209060100039,-14.942572449744198,0.09712,0.85217,92.4024
98,221,0.6059,0.3941,CV,23.3292,23.2803,-12.028676738955763,-11.999377949985627,-2.27178,-1.13334,202.1197
98,225,0.5926,0.4074,CV,9.5538,9.3814,-12.550911591690156,-12.498603098033271,2.67742,-0.70753,89.5927
98,140,0.587,0.413,CV,13.983,13.8262,-19.855924916929933,-19.77577521325357,-3.08159,2.32424,123.6639
98,127,0.6052,0.3948,CV,26.2299,25.8629,-23.201679459425808,-23.18790399334165,6.00602,-1.67186,1150.4737
98,213,0.613,0.387,CV,14.4265,14.439,-10.027598362948778,-10.032725142447767,0.60371,-2.12392,307.0427
98,165,0.4614,0.5386,CA,11.8082,10.9125,-15.300536342189298,-14.815464011976756,28.93372,-7.95483,149.6156
98,240,0.5075,0.4925,CV,24.2476,24.0512,-30.166945590746394,-29.796686691827624,6.24408,1.15588,101.0525
98,230,0.5883,0.4117,CV,42.2965,41.5427,-19.88046559198455,-19.820159344841038,13.37601,-1.772,1662.1106
98,145,0.4962,0.5038,CA,47.0135,45.9847,-16.96422634648143,-16.681575536243532,25.76502,-11.60189,531.0835
98,249,0.6174,0.3826,CV,2.3195,2.2389,-11.170197585844548,-11.177101309036521,0.19396,-0.66021,1543.6114
98,251,0.5878,0.4122,CV,13.7459,13.5537,-19.020140484543358,-18.954566850837107,3.63976,-0.83525,124.7082
98,211,0.6067,0.3933,CV,18.9879,19.0173,-16.805508533349307,-16.78974319376568,1.18333,0.24471,52.0641
98,114,0.4958,0.5042,CA,19.3654,18.9146,-18.883932361142747,-18.611645711058863,10.03774,0.92289,128.0909
98,243,0.6142,0.3858,CV,12.8721,12.8664,-9.272089098047415,-9.272705092796842,-0.23344,-1.6534,133.5929
98,260,0.5706,0.4294,CV,46.3109,46.2298,-35.3507416455503,-35.17983088816825,-4.1275,0.78609,102.9354
98,262,0.5087,0.4913,CV,9.1938,8.2601,-33.8882975729234,-33.564576887917006,32.34542,-6.92336,182.4101
98,264,0.6235,0.3765,CV,15.9351,16.187,-19.95835819474955,-20.002091549071107,0.4173,-0.29387,240.275
98,265,0.619,0.381,CV,16.1989,16.4676,-17.26804350891494,-17.252978816763303,5.57103,-0.40228,182.2009
98,238,0.5621,0.4379,CV,8.704,8.4461,-8.447881907269341,-8.4158886825373,34.32586,3.06252,169.3747
98,270,0.6319,0.3681,CV,30.2217,30.2763,-24.416722754117668,-24.45149872384213,-4.88832,2.97651,2570.6634
98,272,0.7583,0.2417,CV,36.5152,39.4326,-27.30006941137301,-28.466160278541853,-9.78842,4.27061,560.5734
98,273,0.2853,0.7147,CA,18.7067,15.1549,-13.30198293122002,-12.667643718036182,204.81853,-13.0625,703.4904
98,248,0.6625,0.3375,CV,13.3554,14.6973,-22.256464643185584,-22.536718299221256,-53.01744,-37.92145,526.3092
98,149,0.6196,0.3804,CV,8.913,9.7272,-41.73540007374089,-41.856254920647395,-7.25282,-0.91306,254.0641
98,276,0.5538,0.4462,CV,15.2894,14.8193,-14.60992861081636,-14.522311673168787,19.01788,0.07541,309.799
98,278,0.4849,0.5151,CA,8.535,7.441,-11.584425959475585,-11.225749714318264,31.05897,-4.29365,177.568
98,179,0.4956,0.5044,CA,14.2549,14.2197,-16.925446855177828,-16.839296162298595,-11.63737,0.35836,59.1925
98,281,0.2101,0.7899,CA,82.9617,82.8162,-117.12120116188342,-115.29050370273377,38.09153,9.9338,217.3712
98,215,0.3962,0.6038,CA,40.4762,39.3852,-17.09638218147756,-16.23762878862822,55.25636,12.98228,452.5985
98,282,0.5962,0.4038,CV,18.6524,18.6524,-30.137340356608128,-29.92976268995197,10.40882,-0.32838,32.872
98,153,0.1204,0.8796,CA,76.4746,74.7907,-57.21925967608549,-54.70784219701977,145.31833,-37.43152,1158.2678
98,241,0.5131,0.4869,CV,41.7537,41.222,-37.04652151865026,-36.781853881457835,13.05224,-3.22785,294.4988
98,206,0.5623,0.4377,CV,12.6624,12.4798,-26.780677202001844,-26.729043247943657,-4.36182,-0.74532,184.6248
98,129,0.5475,0.4525,CV,74.6802,74.3587,-42.42748323608076,-42.31592313911286,0.33211,4.3676,413.7612
98,259,0.5,0.5,CA,118.3496,119.5492,-38.16393695884506,-38.13030465559775,1.6734,0.01806,1443.8912
98,214,0.5,0.5,CA,43.2208,43.2227,-27.632223174896698,-27.49125485992471,-6.01459,-1.88309,165.3102
98,222,0.5,0.5,CA,55.6333,55.4809,-29.703385999576216,-29.139039845420506,8.72452,-5.18713,130.0868
98,277,0.5,0.5,CA,22.3707,20.6579,-12.681408754169018,-11.116629381625838,70.89886,-7.84208,166.9382
98,147,0.5568,0.4432,CV,62.9164,62.1972,-22.245109301577138,-22.05373464494064,0.36184,4.86602,2017.7683
98,194,0.3004,0.6996,CA,39.9692,38.9576,-22.27040051978445,-21.457840441443345,-33.05058,7.64995,198.2668
98,285,0.7,0.3,CV,3.8466,3.8466,-7.9128791934537235,-7.9128791934537235,0.0,0.0,31.769
99,138,0.5838,0.4162,CV,13.4347,13.34,-34.10599822764615,-34.017241539750934,2.72959,-0.43327,63.8438
99,195,0.613,0.387,CV,62.8076,62.7283,-15.741234867989768,-15.731493416569844,2.46115,1.83964,1582.1116
99,218,0.6108,0.3892,CV,14.9236,14.9017,-13.139412076669448,-13.12647006951577,0.26629,1.20759,90.9866
99,221,0.6019,0.3981,CV,21.7596,21.7093,-14.99198692657161,-14.949349936825381,-1.6432,-0.99381,186.496
99,225,0.6008,0.3992,CV,8.8146,8.6931,-17.93499195039835,-17.90727708448993,2.03174,-0.6828,92.7346
99,127,0.6088,0.3912,CV,30.3975,30.1004,-19.121974989425638,-19.109283197801908,4.94687,-2.13189,1209.2318
99,213,0.6144,0.3856,CV,12.3275,12.2695,-9.517249651552474,-9.516717450527528,-0.31968,-1.90756,308.248
99,165,0.5337,0.4663,CV,8.0499,7.5327,-15.42284868551085,-15.31069614616286,25.28218,-6.42324,153.7393
99,240,0.419,0.581,CA,28.2889,27.9625,-39.53814518898128,-38.89812987937273,9.93816,1.59262,100.8074
99,230,0.5466,0.4534,CV,115.532,114.8248,-39.73117556908554,-39.488181373987764,20.59646,-2.11155,1697.7929
99,145,0.5029,0.4971,CV,47.5129,46.5018,-16.541768022208753,-16.256532581912342,29.30882,-10.14277,612.1317
99,249,0.6179,0.3821,CV,5.7862,5.8219,-11.386715619654417,-11.39454244781376,-0.20145,-0.33955,1555.6408
99,251,0.5992,0.4008,CV,9.8643,9.7362,-18.61136685157519,-18.584258727253896,2.86056,-0.63496,123.4852
99,211,0.5937,0.4063,CV,12.5346,12.4723,-21.0206440982778,-20.9428300602677,1.73625,0.5814,50.7197
99,114,0.5135,0.4865,CV,29.489,29.1959,-16.05484162148764,-15.812811067904704,10.7647,0.72983,151.2459
99,260,0.3791,0.6209,CA,121.1358,121.3449,-150.63843399430255,-149.7407324464437,10.03986,0.02102,103.3966
99,262,0.64,0.36,CV,17.2708,17.9677,-26.60746025448094,-26.868097287118196,5.18086,-0.03303,177.3651
99,265,0.2536,0.7464,CA,76.168,76.3312,-133.2776080732835,-131.7228922631367,-22.88976,-1.57089,181.8095
99,238,0.4268,0.5732,CA,13.0034,11.908,-9.748395086833652,-9.06166671435736,45.86623,3.71318,172.3645
99,270,0.5328,0.4672,CV,97.9168,98.1305,-21.067038558608825,-20.704141322434385,40.69404,-2.35606,2337.5861
99,273,0.2753,0.7247,CA,23.2172,18.5882,-11.98511331120541,-11.017942913730801,235.37586,-18.71915,874.2727
99,248,0.5626,0.4374,CV,32.7072,32.0498,-24.541117491775218,-24.2523543775328,-53.81502,-36.95861,503.5561
99,149,0.57,0.43,CV,38.7231,39.0348,-58.779946528507004,-58.585584966960845,10.53684,2.54653,248.2878
99,276,0.5842,0.4158,CV,27.6172,27.791,-18.308303942517796,-18.268413272821704,10.18892,-0.29897,299.8387
99,278,0.4521,0.5479,CA,12.4111,11.5444,-12.575884732254355,-12.102766011579007,35.23993,-5.88457,184.6899
99,179,0.4794,0.5206,CA,24.7711,24.5172,-65.36205688803759,-64.98359131408012,-12.0042,1.23393,74.1285
99,194,0.1555,0.8445,CA,56.5609,55.4377,-49.15495143042331,-47.442653039242224,-59.77913,15.14324,238.3377
99,281,0.4775,0.5225,CA,4.5012,4.0726,-72.05009527659644,-72.06599932969611,34.28047,7.26845,335.5306
99,215,0.5391,0.4609,CV,7.0439,6.3017,-11.125578633606347,-11.127236050093014,44.73156,10.14483,477.6863
99,282,0.1043,0.8957,CA,22.0445,21.7474,-36.7077785719385,-34.115470553652614,35.14308,1.20824,80.8025
99,153,0.2662,0.7338,CA,34.6518,30.9789,-18.996735212963976,-18.214955277463275,191.14488,-51.16843,1126.5417
99,241,0.5049,0.4951,CV,42.0761,41.4595,-33.51869974768249,-33.21726971291581,15.2482,-5.27984,323.2184
99,285,0.6477,0.3523,CV,3.0836,3.0836,-8.079999409694542,-8.09199504104218,-1.10001,-1.18656,43.2975
99,206,0.5741,0.4259,CV,15.9773,15.7843,-23.244981164973098,-23.151290182507715,-5.51076,-0.18425,178.4803
99,129,0.5754,0.4246,CV,54.9055,54.5686,-28.320762179282042,-28.253877296054576,0.31759,4.9007,464.7078
99,214,0.4118,0.5882,CA,47.4632,47.2081,-35.80787803318053,-35.14910030315335,-12.16362,-1.02576,147.9863
99,222,0.5066,0.4934,CV,13.3911,12.9447,-11.60301350374229,-11.327043866530126,9.57421,-4.93378,122.8271
99,277,0.6992,0.3008,CV,14.736,17.1559,-11.292829131844687,-11.833972352526729,-35.76507,2.11436,162.7955
99,159,0.5,0.5,CA,97.8369,97.6458,-101.35104723680932,-98.64665638958135,-17.03221,3.42739,96.9867
99,243,0.6075,0.3925,CV,17.2228,17.157,-10.796696388488797,-10.765099503832396,0.54898,-2.03673,134.9142
99,287,0.7,0.3,CV,12.7986,12.7986,-16.79843796943758,-16.79843796943758,0.0,0.0,20.4264
99,288,0.7,0.3,CV,16.1701,16.1701,-12.413953402725593,-12.413953402725593,0.0,0.0,68.3119
100,138,0.598,0.402,CV,7.0985,7.006,-48.924148603001136,-48.897719312630855,2.24889,0.03624,63.18
100,195,0.6117,0.3883,CV,53.5908,53.3486,-14.373611188739945,-14.361727017866766,2.56622,2.90311,1774.6292
100,218,0.6012,0.3988,CV,21.384,21.3444,-16.179128940912566,-16.126310418203968,1.09442,1.55892,87.4087
100,221,0.5912,0.4088,CV,17.5553,17.4233,-20.618753647558343,-20.537616061431372,-2.50873,-0.3144,174.5538
100,225,0.6051,0.3949,CV,8.1205,8.005,-16.136670119896696,-16.11509123658935,1.78805,-0.77541,94.3054
100,127,0.6062,0.3938,CV,50.8569,50.5528,-17.100324319746164,-17.071614793001046,5.74266,-2.45294,1285.7574
100,213,0.6149,0.3851,CV,10.8041,10.7282,-10.49822212049833,-10.497786692277085,-0.48315,-1.54565,303.1303
100,165,0.5075,0.4925,CV,14.3269,13.7767,-18.492974550159385,-18.17203266062927,27.12976,-5.84963,148.4402
100,240,0.3646,0.6354,CA,25.3147,24.8229,-32.041525393404385,-31.29895072680566,14.96917,2.55482,103.8852
100,230,0.5118,0.4882,CV,114.2905,113.1599,-31.03265247938819,-30.71038509696654,27.96638,-1.71894,1747.4155
100,145,0.5313,0.4687,CV,40.0888,39.3564,-24.66148522286877,-24.480458417052436,28.41087,-9.7746,655.7485
100,249,0.6182,0.3818,CV,9.85,9.8889,-11.395497949963548,-11.403836865170943,-0.02971,0.03562,1557.6831
100,251,0.6021,0.3979,CV,8.8242,8.6654,-8.50869843149578,-8.476831941125843,2.81141,-0.61266,124.3735
100,211,0.6041,0.3959,CV,4.9019,4.8376,-19.53638123162108,-19.521068815460993,1.24479,0.66215,49.5639
100,114,0.5197,0.4803,CV,29.5487,29.1038,-14.168271051756655,-13.925439497095802,11.6836,-0.62919,175.9191
100,260,0.5052,0.4948,CV,15.568,15.3167,-11.49653942341704,-11.386468453396505,9.16453,0.85313,111.6786
100,262,0.5978,0.4022,CV,16.9317,16.9932,-24.70269364508048,-24.592239372193752,-8.04193,2.66753,163.8305
100,265,0.552,0.448,CV,33.924,34.7137,-41.50870672874359,-41.76249925053614,2.57381,-6.05857,178.0155
100,238,0.5512,0.4488,CV,10.9606,10.8896,-10.754139644876943,-10.761479013904605,33.78131,1.4485,165.0732
100,270,0.5817,0.4183,CV,16.9142,15.6705,-11.975218693862303,-11.95533155545621,30.80244,-2.80866,2178.7936
100,273,0.5105,0.4895,CV,17.2174,17.4199,-12.279250694449154,-12.335723810282012,179.23665,-19.26272,891.9076
100,248,0.6318,0.3682,CV,24.9479,25.6989,-12.402433534834664,-12.549798558429728,-17.60606,-9.96478,486.2853
100,149,0.5256,0.4744,CV,25.1903,24.6315,-25.275640058013806,-24.974952922235957,14.51417,2.73568,246.6884
100,278,0.592,0.408,CV,6.1818,6.6141,-10.294902193007626,-10.433102583490115,20.39796,-4.66154,177.4588
100,179,0.2695,0.7305,CA,35.7519,35.1793,-28.69648635699201,-27.426241877847723,-23.76876,1.33125,91.3045
100,194,0.3801,0.6199,CA,11.0532,9.5911,-10.647449726803329,-10.341114189429273,-63.74478,17.35263,286.1879
100,281,0.6136,0.3864,CV,38.3514,39.7944,-74.12598095900587,-74.31854666536803,-18.98533,-2.86573,382.9881
100,215,0.5238,0.4762,CV,54.5892,56.346,-22.515903058159278,-22.252657088579163,-41.04167,-8.64009,497.7337
100,282,0.087,0.913,CA,19.6853,18.6403,-23.0515755542595,-20.955530254972476,73.95393,2.99724,132.0683
100,153,0.7266,0.2734,CV,70.4642,75.4596,-45.6498411646276,-46.65451465112381,-37.26176,2.44382,1099.8271
100,241,0.5179,0.4821,CV,35.7327,35.0503,-17.952462012890656,-17.71480666447863,15.87724,-7.25279,361.5526
100,285,0.5336,0.4664,CV,15.2492,15.2057,-13.918432158758153,-13.534967131186619,-9.85395,-9.28634,72.0458
100,206,0.5871,0.4129,CV,13.6539,13.4753,-13.542347259959799,-13.485184755516226,-5.06182,0.49389,176.8435
100,129,0.5865,0.4135,CV,57.4088,57.0957,-26.777550313455322,-26.715940672334483,0.13964,5.72095,521.7539
100,287,0.6356,0.3644,CV,9.7171,9.7171,-14.852445684293375,-14.811729390108091,4.62483,-1.18459,27.6587
100,288,0.6368,0.3632,CV,21.0245,21.0245,-20.122018719346368,-20.086458601089788,5.02072,-3.90286,96.8298
100,214,0.539,0.461,CV,5.1978,4.9825,-9.442010321572573,-9.421511782313818,-9.96336,-0.13993,147.8445
100,222,0.4927,0.5073,CA,16.3076,15.9212,-15.60413406389196,-15.263220582485951,11.58787,-4.50193,120.3456
100,277,0.6088,0.3912,CV,8.0937,7.7188,-24.86268417697158,-24.708909910547582,-28.98508,2.01127,135.5021
100,159,0.3476,0.6524,CA,26.0566,25.1033,-19.714549927483258,-18.782509427532585,-21.49375,4.25923,109.3619
100,269,0.5,0.5,CA,88.5919,88.6004,-23.530272139650762,-23.52560393623098,-0.05468,-0.90049,269.7023
100,136,0.5,0.5,CA,71.1278,71.0423,-79.53841462822416,-78.7273297170622,5.944,-1.91399,57.5851
100,289,0.7,0.3,CV,11.4375,11.4375,-17.31166642307634,-17.31166642307634,0.0,0.0,92.0102
101,138,0.586,0.414,CV,15.3715,15.279,-63.175616472488365,-63.07867393361297,2.57674,-0.62467,64.8086
101,195,0.6119,0.3881,CV,46.8162,46.5362,-13.681497603767584,-13.672378380831304,2.64489,3.47863,1926.0111
101,218,0.5878,0.4122,CV,21.5344,21.4571,-25.984440685832215,-25.890282587558872,2.45761,1.52253,89.4036
101,221,0.5879,0.4121,CV,15.8336,15.712,-17.550348062957603,-17.471295252491966,-3.28507,1.14774,165.1732
101,225,0.6081,0.3919,CV,11.1615,11.112,-11.209937463704755,-11.194339265312632,1.41901,-1.11109,93.3935
101,127,0.6036,0.3964,CV,57.6792,57.3338,-15.549323886632523,-15.513410629331567,6.56779,-3.21529,1351.0826
101,213,0.5827,0.4173,CV,43.2302,43.141,-21.93341075428842,-21.797758811424423,-0.63353,-3.02593,271.7082
101,165,0.5575,0.4425,CV,8.6971,8.3368,-15.048630194192377,-14.966750587710184,22.2528,-4.0499,149.6588
101,240,0.3335,0.6665,CA,21.7008,21.0479,-23.277999675342272,-22.47497415608025,21.97537,3.90871,111.7028
101,230,0.5704,0.4296,CV,24.996,23.8909,-21.187536071600277,-21.151788374240482,22.18138,-1.90729,1832.23
101,145,0.5608,0.4392,CV,15.6905,14.3451,-17.079522069359644,-16.97682090710712,26.0378,-8.79543,712.8
101,249,0.6172,0.3828,CV,31.5483,31.5389,-13.477730350504736,-13.481148457872383,0.0649,1.06552,1522.1996
101,251,0.4837,0.5163,CA,41.3901,41.2433,-34.61739002625122,-34.101891125531395,6.53292,-0.64395,113.5295
101,211,0.6165,0.3835,CV,2.4019,2.4537,-14.953206516096701,-14.974333611712495,0.50604,0.47115,48.9626
101,114,0.4857,0.5143,CA,39.6948,39.1685,-20.464087541900824,-20.076151559142225,14.93303,-2.11399,197.102
101,260,0.5956,0.4044,CV,19.5544,19.8308,-11.401654324297672,-11.478963826698816,3.14054,1.53978,125.2012
101,262,0.1696,0.8304,CA,105.076,105.2162,-156.50657606704078,-154.4741878195498,24.35559,1.63082,178.9566
101,265,0.2107,0.7893,CA,55.4043,55.3703,-68.21608027656293,-66.51787985228809,31.82734,-7.00474,177.2195
101,238,0.6463,0.3537,CV,12.7635,13.642,-11.844679908213717,-12.071660256789428,-3.68887,-1.19491,149.193
101,270,0.6059,0.3941,CV,19.478,19.2083,-12.333691335193867,-12.343251407119787,19.77105,-2.61022,1981.7262
101,273,0.6879,0.3121,CV,14.8358,18.9438,-9.284438797311314,-9.75762340052845,29.42389,-7.5307,742.4291
101,248,0.6184,0.3816,CV,16.1168,15.7877,-12.528293404752517,-12.516509211218969,-15.85892,-8.66819,423.9809
101,149,0.5233,0.4767,CV,19.2991,18.5636,-15.36391231910147,-15.118008661778138,16.09185,2.69658,250.1352
101,278,0.6404,0.3596,CV,9.1897,9.8525,-16.61129310705887,-16.75308708181778,-1.72969,-1.35766,155.499
101,179,0.3152,0.6848,CA,21.6602,20.8345,-27.07155737743264,-26.318233602872546,-33.18242,2.2207,112.6215
101,194,0.5797,0.4203,CV,4.6728,6.1601,-7.453292608612721,-7.6426693922482745,-41.90092,11.24585,317.4462
101,281,0.4396,0.5604,CA,47.1841,47.8982,-92.1374089743891,-91.42709058922438,32.12939,0.56568,420.9743
101,215,0.4635,0.5365,CA,28.7092,27.3954,-15.244080688100599,-14.761210269617708,-53.57481,-12.21788,498.3374
101,282,0.2934,0.7066,CA,5.871,4.116,-6.846451100197817,-6.247767429309888,82.53887,2.80168,149.1902
101,153,0.6148,0.3852,CV,24.6912,24.0469,-31.435451711309383,-31.26516134193733,-50.59753,7.79999,919.1343
101,241,0.5335,0.4665,CV,31.1278,30.412,-12.405075991948356,-12.211271864816556,15.75058,-8.71416,393.7387
101,285,0.4625,0.5375,CA,12.4474,12.2244,-11.006302356239964,-10.50559842505511,-16.75062,-7.68407,101.9139
101,206,0.5454,0.4546,CV,29.5129,29.2528,-27.801884763522807,-27.555402590313008,-7.34694,0.74207,175.4863
101,129,0.5759,0.4241,CV,101.1186,100.786,-34.1263230360548,-34.00470038935394,-1.34843,8.09431,622.7223
101,287,0.6284,0.3716,CV,2.7397,2.6487,-5.226091836578565,-5.251259008351391,3.98262,-2.78039,41.0421
101,288,0.5529,0.4471,CV,24.5739,24.3527,-23.344127494102093,-23.054666003758904,11.67692,-9.84555,161.8187
101,214,0.6089,0.3911,CV,9.3572,9.665,-16.474569916331646,-16.558808443053575,-4.35545,0.85784,145.6735
101,222,0.4542,0.5458,CA,21.6603,21.2578,-15.827118650786977,-15.351733723522653,14.7321,-4.06072,123.7924
101,277,0.0832,0.9168,CA,33.6377,34.6038,-39.17837352791834,-36.31855196698551,62.52784,-4.79277,156.9374
101,289,0.4756,0.5244,CA,75.9576,75.9576,-81.60607629723182,-80.91128611764528,35.97676,2.68577,141.6666
101,159,0.4307,0.5693,CA,12.043,11.1238,-9.007940319912345,-8.642349916580802,-24.21923,4.64572,128.9385
101,136,0.5206,0.4794,CV,10.8898,10.5843,-18.009747596640153,-17.789828526074743,5.81025,-2.22453,57.5567
101,119,0.5,0.5,CA,18.9526,18.953,-10.92632720034036,-10.928887182051348,0.00444,-0.15091,75.6871
101,124,0.5,0.5,CA,113.8885,113.8271,-44.41384116623105,-44.28243686747524,3.322,-2.45303,435.8643
101,140,0.5,0.5,CA,17.7029,17.8056,-32.864601258082146,-32.878484134778176,0.27612,-0.26483,131.4385
101,272,0.5,0.5,CA,29.9976,30.0185,-100.46095245232895,-100.4175013926621,-3.57993,-4.64973,294.2438
102,138,0.5617,0.4383,CV,22.6495,22.58,-44.562942464606714,-44.38417549006718,3.42372,-0.30694,58.7856
102,195,0.6132,0.3868,CV,36.0787,35.7879,-12.999431100718521,-12.995231324164106,2.84841,3.1061,2091.9641
102,218,0.6046,0.3954,CV,24.1376,24.2154,-17.22380796640072,-17.219137229354924,-0.53679,1.81947,89.834
102,221,0.5792,0.4208,CV,14.9044,14.7171,-14.847244852246469,-14.737180196588705,-3.61669,2.2411,153.8259
102,225,0.6097,0.3903,CV,8.177,8.106,-10.199860492981815,-10.18685743173212,1.15619,-1.17049,92.9438
102,127,0.6053,0.3947,CV,45.004,44.6285,-14.268959903927652,-14.243784996132012,6.30216,-3.709,1401.9302
102,213,0.6104,0.3896,CV,24.7248,24.8792,-13.391514109325467,-13.41869243434024,-2.47614,-1.12649,275.8461
102,165,0.5586,0.4414,CV,11.4689,11.1004,-13.41533366433601,-13.265613393259262,20.17863,-2.84994,139.2899
102,240,0.3412,0.6588,CA,15.9567,15.09,-14.57845871692636,-13.85379449276174,29.77378,5.57124,124.2521
102,230,0.6115,0.3885,CV,22.7257,23.8254,-15.99729921542735,-16.046822336590708,10.46382,-1.24791,1857.413
102,145,0.6184,0.3816,CV,14.3448,15.3617,-10.704034034019752,-10.796747483479136,11.04513,-3.97358,726.3874
102,249,0.6183,0.3817,CV,9.2454,9.2835,-11.11494651683569,-11.124682695151446,-0.55286,0.31306,1534.7952
102,251,0.5839,0.4161,CV,5.7778,5.9589,-8.913532970232193,-8.973274889688355,3.93053,0.50295,112.2473
102,211,0.6182,0.3818,CV,2.2666,2.2529,-16.049288753297407,-16.059580036956195,0.4137,0.17946,47.5407
102,114,0.4968,0.5032,CA,38.085,37.6983,-19.193953652759994,-18.899388901972387,15.70497,-4.41808,208.9843
102,260,0.5961,0.4039,CV,35.8887,36.0141,-23.51528158647364,-23.46383552374677,-1.88497,0.94366,112.1778
102,262,0.4041,0.5959,CA,20.0758,19.5633,-15.961606977302656,-15.736252471022175,25.95789,2.75604,190.4771
102,265,0.1325,0.8675,CA,39.9716,38.7547,-34.181055884896296,-32.40719335363759,61.10297,-10.49676,191.3137
102,238,0.5626,0.4374,CV,14.2333,14.3756,-10.980136770119907,-10.715951814653314,16.31365,-0.02303,123.9116
102,270,0.622,0.378,CV,13.4499,14.1464,-10.593894746260105,-10.635926389613108,8.69341,-2.00508,1839.1924
102,273,0.596,0.404,CV,19.9818,19.4764,-11.558146275884887,-11.368415201683973,45.87125,-9.04887,530.2308
102,248,0.6174,0.3826,CV,21.1534,21.8585,-10.522767720537185,-10.527025295908668,8.10571,6.83978,373.2728
102,149,0.379,0.621,CA,43.1467,42.4073,-36.17061786773522,-35.34108633099321,26.64662,3.47917,258.3491
102,278,0.6396,0.3604,CV,3.2112,3.3078,-6.411173690570427,-6.477692059337904,-0.18402,-0.89954,135.7984
102,194,0.5999,0.4001,CV,7.3161,6.7338,-14.11946964374999,-14.107046139988594,-30.28176,7.49793,310.2932
102,281,0.0374,0.9626,CA,63.2599,61.6266,-68.08761805349899,-64.62375969164937,90.61887,3.21909,516.8375
102,215,0.5078,0.4922,CV,30.3389,29.8692,-37.08129494797869,-36.86251930427724,-47.17356,-12.03174,477.2888
102,282,0.2935,0.7065,CA,8.0199,5.9257,-15.727818703554053,-14.838554187498406,93.20318,1.37028,185.4608
102,153,0.6493,0.3507,CV,18.0211,19.3356,-25.221459171375056,-25.368220418992593,-10.80267,-0.47901,812.4447
102,241,0.5584,0.4416,CV,38.7549,38.3643,-22.098337948642463,-21.98253716705569,13.90617,-7.7019,459.9516
102,285,0.5427,0.4573,CV,3.4577,2.6583,-5.666459833636102,-5.5887991928834655,-16.36984,-6.4282,117.037
102,206,0.5062,0.4938,CV,37.9941,37.6402,-20.15848370846685,-19.81558118891145,-9.47971,1.07842,186.6326
102,129,0.5359,0.4641,CV,212.0981,212.4716,-92.49531042289256,-92.22736448059135,-4.39166,-3.52444,404.18
102,287,0.4332,0.5668,CA,12.1254,11.9379,-22.4265026588578,-21.66833514495239,13.06231,-5.48575,59.4905
102,288,0.4006,0.5994,CA,36.6595,35.905,-27.91797338086353,-27.136366653283584,19.88418,-10.28153,275.8182
102,214,0.6145,0.3855,CV,12.4625,12.495,-12.962962906191745,-12.96869654997096,-1.59953,0.9432,145.6098
102,222,0.4132,0.5868,CA,22.9672,22.3994,-18.437365049346173,-17.849658970798224,19.50553,-4.31409,133.0402
102,289,0.3752,0.6248,CA,26.1428,25.3772,-15.648333418567633,-14.870722949679758,50.09856,-9.34708,306.6864
102,159,0.5355,0.4645,CV,9.4699,9.1651,-17.827735356399984,-17.76636168662332,-20.15289,3.73722,149.683
102,136,0.4795,0.5205,CA,19.9401,19.6929,-21.44369638048711,-21.029643835198037,7.90404,-2.09786,64.1336
102,124,0.5609,0.4391,CV,116.3501,116.2693,-52.08402674198068,-52.02649328457689,1.11271,-0.95814,516.3985
102,140,0.5523,0.4477,CV,35.7714,35.8163,-25.109063116772838,-25.016639903234783,-0.41052,2.13151,105.8413
102,272,0.3466,0.6534,CA,58.8375,58.8586,-107.0241592038673,-106.08786246306019,18.35716,-4.64266,276.581
102,220,0.5,0.5,CA,42.0368,42.0311,-26.262673258833587,-26.226374183140138,-0.02273,-1.75624,115.8472
102,226,0.5,0.5,CA,79.1336,78.5848,-27.488911216398158,-26.44759214618632,-28.62382,-0.98701,109.3636
102,264,0.5,0.5,CA,20.102,20.0939,-11.031429725147365,-11.0328596908023,-0.30847,-1.09094,133.7814
102,277,0.5839,0.4161,CV,11.3451,12.8469,-12.391267005898802,-13.015501790098341,32.7737,-2.51994,148.8048
102,119,0.5598,0.4402,CV,14.9335,14.9301,-14.535550250943004,-14.473805751205003,1.67749,-0.86268,68.2429
103,138,0.5207,0.4793,CV,15.1767,14.9998,-34.00929493400076,-33.70105129720256,4.91505,-0.5772,57.6516
103,195,0.6141,0.3859,CV,35.3666,35.1017,-12.96778636282371,-12.965553059594285,2.96299,2.48461,2295.9275
103,218,0.5918,0.4082,CV,15.202,15.0971,-19.47119194244368,-19.388560435648728,-0.74808,2.37093,86.9777
103,221,0.5698,0.4302,CV,17.6989,17.5311,-11.596365142427715,-11.46038177114707,-3.97331,3.26692,147.0017
103,225,0.5986,0.4014,CV,16.7086,16.6321,-11.011191042215966,-10.94907973706404,2.04262,-1.2461,92.0399
103,127,0.6099,0.3901,CV,32.6813,32.405,-12.106607301111502,-12.098405094783246,4.96549,-3.07733,1516.6484
103,213,0.6066,0.3934,CV,20.346,20.2604,-13.508986309167714,-13.479261203679837,-3.24084,-0.10312,277.176
103,165,0.5642,0.4358,CV,6.2171,5.6156,-9.118738553790696,-8.990313782203142,18.37302,-2.38847,131.0393
103,240,0.3829,0.6171,CA,10.6129,9.4939,-8.469963318357472,-7.914936875630424,36.16292,6.79934,140.4562
103,230,0.6197,0.3803,CV,31.3169,31.6988,-12.792771153476302,-12.816958353829431,2.82703,-1.23037,1900.0407
103,145,0.6178,0.3822,CV,16.384,16.2323,-14.129598703850705,-14.135526685742892,7.3878,-2.1609,694.2687
103,249,0.6169,0.3831,CV,39.9116,39.9327,-14.96347874286116,-14.965678378421538,1.44587,-2.08512,1538.5526
103,251,0.6108,0.3892,CV,11.0705,11.1727,-9.841383664773211,-9.868219715666694,0.96533,1.86649,108.2853
103,211,0.6171,0.3829,CV,6.0341,6.0352,-11.062879617401542,-11.065855151639516,0.55514,0.18569,47.9115
103,114,0.5327,0.4673,CV,29.1862,29.013,-21.059286741270455,-20.892470274115578,11.72766,-6.10152,215.1888
103,260,0.4245,0.5755,CA,41.0073,40.9184,-48.758875226456325,-48.013078314842026,-10.62741,2.2907,119.697
103,262,0.6086,0.3914,CV,21.5946,22.5141,-27.65069731487415,-27.925944294691664,4.6806,2.86974,189.8659
103,265,0.1092,0.8908,CA,33.2092,31.697,-35.30454076320908,-33.42113347667734,95.81324,-13.76733,224.2091
103,238,0.6099,0.3901,CV,1.089,1.0037,-16.73648172713061,-16.790793839830357,10.35223,-0.06919,109.8335
103,270,0.6236,0.3764,CV,14.8793,15.1854,-10.78809400318251,-10.813290516546315,2.69206,-1.32968,1725.476
103,273,0.5951,0.4049,CV,20.0685,21.4373,-15.136573590960872,-15.08022292405074,-26.61171,0.67685,417.7838
103,248,0.5753,0.4247,CV,19.0169,18.5433,-10.174091381669026,-10.004699370746252,14.79405,10.31752,340.5419
103,149,0.331,0.669,CA,33.181,32.074,-35.19326516908844,-34.35899214688367,39.1757,4.02951,279.9172
103,278,0.6195,0.3805,CV,7.6457,7.6326,-7.565118709713104,-7.546530498567007,3.58266,-1.46504,120.2078
103,194,0.6346,0.3654,CV,2.8878,3.3482,-29.429672820298023,-29.53447363380975,-15.83538,3.35543,288.078
103,281,0.2463,0.7537,CA,28.3176,26.4471,-47.319758622262206,-46.552249328378885,115.82009,-0.48946,544.2947
103,215,0.3901,0.6099,CA,22.6588,21.1491,-14.063446723795325,-13.303055456018498,-65.97121,-14.75654,450.62
103,282,0.7368,0.2632,CV,10.06,12.7023,-9.025287103098611,-10.043655980163173,10.40172,-3.60884,158.324
103,153,0.6366,0.3634,CV,14.2443,14.4424,-11.807778677915561,-11.847976615864535,3.13541,-2.27723,692.7281
103,241,0.5803,0.4197,CV,26.5352,26.0689,-25.521309354366526,-25.458871856898153,11.12655,-7.83208,492.6391
103,285,0.2938,0.7062,CA,42.7462,43.0194,-46.81196945021171,-45.57120600030825,2.16729,-9.85111,160.3469
103,129,0.0644,0.9356,CA,95.9666,96.0778,-105.78827668293897,-102.75803356046576,45.45852,-10.39592,502.7646
103,287,0.4332,0.5668,CA,6.717,5.9845,-13.441048914195239,-12.965135383369823,16.69831,-7.07023,76.7692
103,288,0.461,0.539,CA,18.8915,17.4712,-32.55166939026033,-32.23431841541956,24.8763,-14.54111,383.2087
103,214,0.6125,0.3875,CV,11.3576,11.3193,-16.69935994171332,-16.688562838954226,-1.99581,1.33179,137.1885
103,222,0.4153,0.5847,CA,21.3563,20.675,-19.337539550458615,-18.816573623949587,24.2113,-4.45297,149.9944
103,289,0.537,0.463,CV,18.0421,18.527,-10.350179204125663,-10.373026892699071,22.90984,-17.46131,455.5017
103,159,0.5618,0.4382,CV,32.3781,32.4414,-25.82800904277545,-25.723297365570538,-12.47981,-0.05423,140.9727
103,136,0.4335,0.5665,CA,19.3841,18.9593,-27.410318969552335,-26.869854275413548,11.02627,-2.99782,71.3278
103,119,0.5451,0.4549,CV,14.5838,14.4962,-17.633228303626886,-17.425453725973284,3.08741,-1.85826,64.2044
103,124,0.5993,0.4007,CV,17.9128,18.1458,-21.920371794127767,-21.932725010645107,0.68762,-0.3944,501.0875
103,140,0.5461,0.4539,CV,21.0784,21.0239,-17.425997355510223,-17.23323450030979,-3.50417,2.89708,101.5799
103,272,0.1454,0.8546,CA,55.3182,54.3767,-91.9732982265024,-90.11697994460152,43.20194,-8.00015,280.223
103,220,0.5701,0.4299,CV,8.7562,8.7337,-12.07745374173252,-12.057261937107294,-1.51216,-1.49092,105.0474
103,226,0.6448,0.3552,CV,13.9462,14.6621,-10.115095147932117,-10.409171252477853,-11.62684,-0.79287,124.8119
103,264,0.5752,0.4248,CV,11.873,11.9147,-11.204833907374505,-11.205471150367039,1.58334,-0.24767,114.5406
103,206,0.4172,0.5828,CA,54.6106,54.1855,-33.317471878781596,-32.671940259434294,-14.89208,-0.94797,190.0135
103,293,0.7,0.3,CV,8.3688,8.3688,-8.580567431537816,-8.580567431537816,0.0,0.0,106.8523
104,138,0.5021,0.4979,CV,12.062,11.8034,-29.60855960867699,-29.28505923701544,6.28051,-0.8208,57.601
104,195,0.614,0.386,CV,48.4773,48.2525,-13.26504605389053,-13.261317500356753,3.24173,1.51557,2568.6902
104,218,0.5994,0.4006,CV,7.0508,6.9235,-13.644455334008855,-13.612122454742957,-0.22226,2.20752,85.4206
104,221,0.5285,0.4715,CV,24.1965,23.9353,-16.103109390921116,-15.814056522669393,-5.49186,4.4339,141.276
104,225,0.5878,0.4122,CV,18.0536,17.9398,-14.454443879951572,-14.364060362736716,2.8228,-1.12771,95.047
104,127,0.6079,0.3921,CV,53.8057,53.4923,-13.438913994401517,-13.415637201400582,6.08949,-3.41556,1592.7936
104,213,0.5977,0.4023,CV,45.4249,45.5523,-25.04438881217345,-24.983129233538932,1.18558,-1.28902,241.9495
104,165,0.5821,0.4179,CV,5.1521,4.6664,-8.938453208002272,-8.875013659307504,15.23611,-1.79902,124.4734
104,240,0.4566,0.5434,CA,6.8803,5.7211,-9.091889230666554,-8.781561733479482,37.46645,6.78423,151.3933
104,230,0.6197,0.3803,CV,27.7649,27.8619,-16.941490280877815,-16.953209108109608,-0.72925,-1.76673,1882.5258
104,145,0.612,0.388,CV,26.8023,26.7678,-14.548107574145055,-14.530368401846772,1.93316,0.2178,637.9215
104,249,0.6178,0.3822,CV,35.8482,35.9401,-12.133794682994191,-12.141920222945977,0.32842,-0.93693,1612.695
104,251,0.6033,0.3967,CV,14.1924,14.1816,-13.676425628900397,-13.632429379951915,-0.8155,2.22101,106.6422
104,211,0.6195,0.3805,CV,3.3679,3.3978,-8.439364141613577,-8.454395507856995,0.15931,0.00599,46.4259
104,114,0.4089,0.5911,CA,30.4987,29.8964,-28.6131394874314,-27.895413383644943,21.19494,-9.03723,227.8087
104,262,0.6059,0.3941,CV,22.8858,23.0441,-29.7784893043881,-29.74880170613705,-5.4928,0.95959,191.3727
104,265,0.2195,0.7805,CA,22.2366,20.4512,-23.22133758217413,-22.201380825073347,117.76998,-15.17896,274.9992
104,238,0.6272,0.3728,CV,6.0501,6.1392,-23.433521384199715,-23.49174676372124,4.84147,-0.1222,99.7585
104,270,0.6187,0.3813,CV,22.8381,22.7294,-12.391601396667975,-12.393588867463267,4.31858,-1.53622,1644.4534
104,273,0.6222,0.3778,CV,3.9317,3.4869,-7.21604468979779,-7.274866522446581,-19.10138,1.28339,327.579
104,248,0.5721,0.4279,CV,13.4442,12.6884,-9.226338004753265,-9.105442725320007,14.90319,9.8469,318.6985
104,149,0.3898,0.6102,CA,18.9028,17.6145,-21.268376912917176,-20.75675599236946,47.29865,3.80032,303.1194
104,278,0.621,0.379,CV,9.8691,9.9362,-21.831831722508397,-21.849643303452197,0.32791,-0.90528,104.347
104,194,0.5904,0.4096,CV,12.7278,12.2992,-37.148315057840406,-37.01541527885032,-18.24674,3.37148,252.1692
104,281,0.4262,0.5738,CA,25.4076,24.5618,-28.520017258906424,-28.27788580508688,108.14511,-2.73288,656.9122
104,215,0.649,0.351,CV,22.3532,24.7134,-18.806640556694248,-19.27503761288785,3.33118,3.02688,399.8502
104,282,0.6772,0.3228,CV,5.2347,5.5477,-9.53275427902435,-9.619714047392936,-8.73324,-1.93869,117.3629
104,153,0.6225,0.3775,CV,11.8505,11.6843,-16.685282401350506,-16.684041903544212,7.96388,-2.29734,595.8974
104,241,0.598,0.402,CV,17.6103,17.2525,-14.126515247197645,-14.105024758031718,7.84865,-6.13229,532.3831
104,206,0.5003,0.4997,CV,21.939,21.4762,-12.371607699103507,-12.1880500471365,-14.74605,-0.91374,212.1246
104,129,0.0615,0.9385,CA,74.0296,72.7484,-66.50281001779021,-64.0894766858526,112.57172,-17.43636,568.2789
104,287,0.6083,0.3917,CV,3.7343,4.2739,-7.187477305156749,-7.420315067039757,7.83543,-5.45573,79.6452
104,288,0.5144,0.4856,CV,20.0354,19.3252,-50.90462830952029,-50.71548320707708,26.04653,-16.67898,451.2912
104,214,0.6059,0.3941,CV,10.5323,10.4173,-17.296225741369796,-17.260379860637542,-2.33502,1.44882,131.0093
104,222,0.5698,0.4302,CV,6.2346,6.7386,-50.1439739329176,-50.24289967466728,15.79115,-1.99965,161.2716
104,289,0.5607,0.4393,CV,14.6859,14.0609,-9.846650640035477,-9.73515715218485,7.94372,-18.13818,523.1773
104,159,0.1197,0.8803,CA,29.259,28.7708,-60.11063823186734,-57.72379744620207,-39.914,3.255,154.9849
104,136,0.5493,0.4507,CV,6.6124,6.541,-11.503646337894171,-11.493643365191698,8.38419,-3.04991,78.6574
104,119,0.557,0.443,CV,9.0487,8.8912,-20.727542099989734,-20.58927385773716,2.93566,-2.38872,60.9212
104,140,0.4884,0.5116,CA,26.925,26.7562,-23.485695151718453,-23.07054968778492,-6.61294,2.8005,102.4663
104,293,0.6356,0.3644,CV,23.7594,23.7594,-22.88344139147752,-22.84282826334653,-9.56194,3.63688,149.4966
104,220,0.5995,0.4005,CV,6.5885,6.5652,-7.02522963556654,-7.024959146251183,-1.2597,-0.87987,98.0725
104,226,0.1136,0.8864,CA,49.3898,48.9142,-56.21084934366872,-53.642384007005916,-40.04101,-2.46183,146.387
104,264,0.5995,0.4005,CV,11.3902,11.4118,-9.462539731409699,-9.454973883745826,0.56328,1.27167,99.2433
104,277,0.5,0.5,CA,110.2628,111.2368,-146.88984943963288,-135.17704431138654,-126.38157,4.25395,134.1112
104,260,0.4599,0.5401,CA,30.8818,30.5501,-23.98560554320021,-23.629729762159094,-12.17677,2.58895,142.5708
104,285,0.4195,0.5805,CA,15.9009,15.1295,-12.141189132549354,-11.80497807953793,0.15373,-9.06538,183.9918
104,294,0.7,0.3,CV,15.6829,15.6829,-9.61139173376169,-9.61139173376169,0.0,0.0,86.6448
105,138,0.4953,0.5047,CA,10.4017,10.0989,-29.094802652246905,-28.77073082219165,7.47242,-1.46156,57.2124
105,195,0.6153,0.3847,CV,48.8143,48.7434,-13.264223645655775,-13.265824672845682,3.50352,2.58639,2691.897
105,218,0.5877,0.4123,CV,17.6243,17.5892,-13.243662001257556,-13.15157225227762,-2.17,1.4413,82.0011
105,221,0.5159,0.4841,CV,20.4726,20.1213,-24.162701678914985,-23.88317031736564,-6.4272,5.39022,138.9329
105,225,0.5929,0.4071,CV,13.1096,12.9709,-26.49752411527801,-26.44419576575461,2.74331,-0.73027,100.0404
105,127,0.6104,0.3896,CV,35.1,34.7851,-13.088373050732274,-13.078432921265513,5.22403,-3.62009,1637.4599
105,213,0.6132,0.3868,CV,8.085,8.1244,-14.27418550531759,-14.291202053224636,-0.03963,0.03157,226.3624
105,165,0.603,0.397,CV,2.7861,2.3296,-7.7401881690199055,-7.737093045429851,11.11046,-1.16885,115.7948
105,240,0.365,0.635,CA,13.3528,12.2607,-10.662111496177182,-9.867813829655555,48.8794,7.95463,171.781
105,230,0.6171,0.3829,CV,35.3945,35.325,-28.514856800546724,-28.515853583322226,-0.96432,-2.93812,1819.5527
105,145,0.6194,0.3806,CV,12.0733,12.191,-10.048379279006127,-10.07046644198032,-1.57284,1.11844,604.4302
105,249,0.6169,0.3831,CV,38.2836,38.2882,-13.55199881290345,-13.554937266864574,-1.8175,0.25468,1665.7951
105,251,0.5875,0.4125,CV,16.6982,16.5708,-17.291947647847664,-17.19354008413567,-1.48791,2.30827,108.244
105,211,0.6183,0.3817,CV,4.1119,4.1105,-9.050115460084573,-9.056154484268088,0.18992,-0.25325,45.9088
105,262,0.4759,0.5241,CA,41.2826,41.0372,-46.53011282910902,-45.97739806709282,-15.74796,-0.72325,194.0079
105,265,0.4959,0.5041,CA,7.8542,8.2103,-9.822737469742435,-9.899166765699597,97.81398,-10.39849,334.9595
105,238,0.5931,0.4069,CV,8.6394,8.461,-26.4288992147392,-26.31812203959467,7.09298,-0.27315,89.8022
105,270,0.6185,0.3815,CV,20.5159,20.4923,-11.148823594736527,-11.156977531790703,2.61195,-1.84606,1539.993
105,273,0.6378,0.3622,CV,2.2622,2.491,-6.847651711709049,-6.933519172209274,-9.6994,0.89869,260.6727
105,248,0.5044,0.4956,CV,83.6868,84.3491,-78.96227907285129,-78.57352333161137,-17.44587,-8.42517,332.1838
105,149,0.5462,0.4538,CV,4.4695,4.4131,-10.134261335779758,-10.173796138617927,36.0972,2.31574,311.0376
105,278,0.6104,0.3896,CV,8.6549,8.6416,-26.47186756756478,-26.44230413995958,-2.01562,-0.49365,94.1105
105,281,0.5312,0.4688,CV,16.541,15.6358,-30.45020163144388,-30.378043487374946,87.46696,-5.99206,771.3688
105,215,0.6019,0.3981,CV,14.215,14.0788,-13.283304400096657,-13.176737674400957,17.01834,6.83339,323.5327
105,282,0.6376,0.3624,CV,4.2357,4.0727,-16.046972602807035,-16.049731222193998,-8.76575,-0.85282,91.1099
105,153,0.6249,0.3751,CV,33.4816,33.698,-14.062843760943998,-14.092571629003807,-0.83064,0.03959,564.5517
105,241,0.6144,0.3856,CV,48.8633,49.1799,-15.720748750422935,-15.742354133366543,-0.89018,-3.06267,522.9363
105,285,0.5892,0.4108,CV,42.2303,43.1253,-38.491755311026466,-38.664732227136525,-3.01843,8.28633,160.6693
105,206,0.5273,0.4727,CV,24.2054,23.6428,-12.296068589767522,-12.102586426864416,-14.78193,-1.04213,239.8101
105,129,0.0495,0.9505,CA,51.0991,48.5471,-32.6461475454043,-30.00700672641357,173.4366,-22.34742,632.5171
105,287,0.6044,0.3956,CV,3.915,3.6488,-17.082833372621586,-17.04715525896686,7.48791,-3.89069,75.46
105,288,0.5169,0.4831,CV,23.001,22.3132,-66.986958836741,-66.73158634915794,26.59658,-16.58489,482.9152
105,214,0.5938,0.4062,CV,14.2227,14.0777,-12.930571159790986,-12.854277245755718,-2.94597,1.68494,126.5319
105,222,0.4828,0.5172,CA,20.7993,20.2232,-35.32840574157699,-34.85660319073178,22.30137,-2.5205,171.2435
105,289,0.5627,0.4373,CV,12.7905,11.5229,-17.209401584577158,-17.071882104545608,11.98405,-18.68888,550.5337
105,159,0.4294,0.5706,CA,5.2249,4.9585,-36.1326692325311,-36.081730080100805,-38.3625,1.90826,153.3298
105,136,0.5623,0.4377,CV,8.5838,8.2401,-31.805036315625415,-31.682150781750046,7.78713,-3.11734,84.8718
105,140,0.4786,0.5214,CA,22.3856,22.0647,-21.45234010201048,-21.081038627464302,-8.43103,2.35199,106.2755
105,293,0.482,0.518,CA,34.6823,34.3816,-53.67806023658047,-53.10586650575653,-29.81,8.20324,265.2272
105,220,0.4666,0.5334,CA,41.2694,41.3338,-56.72816322366243,-56.147988826195515,6.37111,-1.51478,88.618
105,226,0.8337,0.1663,CV,55.8388,57.1577,-48.14532636355428,-49.99972316722147,16.37502,-0.33463,149.3061
105,264,0.6039,0.3961,CV,7.176,7.1208,-7.2309513556394736,-7.206158959937818,0.8707,1.45644,88.0067
105,294,0.6409,0.3591,CV,18.7281,18.7281,-11.932646700038053,-11.914879166819551,2.44232,-5.25558,120.0534
105,272,0.5,0.5,CA,105.441,103.7767,-79.12548403036672,-74.12789697326816,123.99118,-29.72253,297.5413
105,114,0.5144,0.4856,CV,35.8254,35.8206,-22.251814129542446,-22.136631166585527,18.47747,-7.11893,269.7409
105,194,0.6119,0.3881,CV,19.7232,20.1914,-15.01292908102489,-15.03489574044129,2.63194,-2.28379,215.6663
105,119,0.5626,0.4374,CV,8.5747,8.3964,-19.436109848053412,-19.303205136323776,2.75856,-2.65127,58.4471
106,195,0.6163,0.3837,CV,29.0338,28.912,-12.721068586323993,-12.725200862354205,2.84454,2.53403,2801.7804
106,218,0.6177,0.3823,CV,13.0991,13.2272,-12.02307531906349,-12.07361073652243,0.28976,0.20792,79.0938
106,221,0.5353,0.4647,CV,12.8376,12.4173,-38.31564794127521,-38.13206175801428,-6.60909,5.65512,135.0718
106,225,0.6148,0.3852,CV,18.2299,18.3405,-10.99706121732526,-11.027860830441048,0.44402,-0.85686,104.1395
106,127,0.6128,0.3872,CV,24.3319,23.9979,-11.831678490090534,-11.82825835420155,4.34388,-3.40843,1719.75
106,213,0.6183,0.3817,CV,12.7495,12.8185,-16.459606905813533,-16.474933350190504,-1.22149,0.73401,214.9837
106,165,0.594,0.406,CV,5.3799,4.9859,-8.248850753342573,-8.177557633748386,10.0861,-1.42153,107.2013
106,240,0.4799,0.5201,CA,13.7383,13.3582,-13.081609235609356,-12.890098521237388,43.54026,4.90513,190.1271
106,230,0.6084,0.3916,CV,58.381,58.2402,-27.348601825664367,-27.31670562451569,-5.67987,-3.20648,1750.6735
106,145,0.5907,0.4093,CV,36.8399,36.6779,-26.507922475139296,-26.398696952604173,-6.28823,3.5836,554.4379
106,249,0.6151,0.3849,CV,60.2376,60.284,-13.971143469704533,-13.967656971652529,-2.07287,2.08512,1577.5168
106,251,0.5932,0.4068,CV,10.4737,10.2873,-14.977883380518133,-14.926080992861259,-1.40475,2.01618,109.6956
106,211,0.6139,0.3861,CV,7.7659,7.7496,-10.839743025132414,-10.829057516398432,0.2839,-0.65475,45.227
106,262,0.4656,0.5344,CA,30.4627,29.7756,-15.281745000574693,-14.876094632328934,-18.97252,-1.57442,219.3565
106,265,0.6662,0.3338,CV,6.1049,8.8751,-7.605699535899267,-8.00025270509263,35.9916,-3.09959,349.7138
106,238,0.5618,0.4382,CV,11.128,10.8815,-25.597995103502534,-25.409251377755613,8.06697,-0.73167,83.3932
106,270,0.6166,0.3834,CV,28.3996,28.3428,-11.8194645825435,-11.820207562245539,0.9071,-2.51445,1441.8989
106,248,0.4031,0.5969,CA,51.5487,50.5995,-40.53363436357622,-39.83258426650063,-28.12187,-13.6033,356.3633
106,149,0.6217,0.3783,CV,10.5312,11.0525,-8.455386065456814,-8.583468347787656,15.6643,-0.35568,284.5122
106,278,0.6112,0.3888,CV,5.1378,5.0569,-16.704464417079723,-16.694433910396583,-1.52186,-0.56821,84.1711
106,194,0.0001,0.9999,CA,97.4336,97.3147,-167.80306765848474,-158.39788357586025,70.70611,-12.11087,218.0231
106,281,0.6447,0.3553,CV,16.2363,18.3154,-14.014157378270504,-14.262859600612469,26.84139,-5.33375,797.5512
106,215,0.5798,0.4202,CV,9.9764,9.3034,-8.280464646285603,-8.152096827565149,18.48741,6.88896,284.9361
106,282,0.5258,0.4742,CV,13.0235,12.8194,-38.51698135031878,-38.11719606123047,-13.3409,-0.34716,84.7992
106,153,0.6186,0.3814,CV,20.1296,20.0633,-28.341708453880806,-28.341461468845743,0.58448,-0.35588,540.5105
106,241,0.6152,0.3848,CV,12.0498,11.8844,-10.352310676006692,-10.352759304307028,-0.3584,-2.83023,525.3228
106,285,0.6529,0.3471,CV,4.1095,4.6237,-6.003511262097616,-6.20377238735007,-0.39361,2.59167,140.4895
106,206,0.491,0.509,CA,34.7987,34.1303,-15.662337248621157,-15.284951370105539,-19.13647,-1.91574,256.7636
106,129,0.245,0.755,CA,17.3538,13.7357,-10.320257193166881,-9.5287599281284,192.58339,-25.78451,677.6445
106,287,0.5635,0.4365,CV,6.5716,6.2506,-22.70067483867075,-22.50219291092566,8.26774,-4.81135,70.282
106,288,0.4997,0.5003,CA,18.3416,17.0673,-45.513947140105785,-45.18606568520475,30.24171,-18.28318,498.1053
106,214,0.6046,0.3954,CV,5.0634,4.8969,-21.643789866309422,-21.630431228496523,-2.41661,1.13435,122.9692
106,222,0.4406,0.5594,CA,17.5808,16.5646,-29.531896726387902,-29.01530282040101,28.42637,-3.48811,192.2472
106,159,0.611,0.389,CV,9.4331,10.1797,-28.510022635458284,-28.75993196275551,-18.2434,-1.38365,146.1052
106,136,0.5696,0.4304,CV,15.7201,15.5989,-37.49282181117972,-37.38088394268123,6.10734,-3.95686,85.8238
106,140,0.5051,0.4949,CV,16.0004,15.5981,-19.667838462252472,-19.416363019600432,-9.26073,1.89048,110.2913
106,293,0.2896,0.7104,CA,36.5524,35.1277,-76.12879894216215,-74.95500113240422,-54.69166,7.36195,474.4548
106,226,0.6759,0.3241,CV,15.8428,15.8019,-26.82237107615374,-26.748760879007005,0.59212,-0.35125,131.3344
106,264,0.6009,0.3991,CV,8.414,8.3565,-7.8296452442329985,-7.785746752320673,1.71948,1.07225,77.7815
106,294,0.5401,0.4599,CV,29.2625,29.082,-20.54845575705068,-20.20126332148272,8.25635,-19.74131,196.2535
106,272,0.6415,0.3585,CV,30.0623,31.1724,-16.565057816803662,-16.844718582064232,49.71955,-18.25196,464.663
106,138,0.4885,0.5115,CA,11.1984,10.92,-31.098792439113375,-30.757014937404016,8.46877,-2.65599,58.3482
106,273,0.4201,0.5799,CA,23.3767,23.0302,-19.603455934608448,-18.777673939986606,-28.82232,2.47071,220.0897
106,296,0.7,0.3,CV,11.8246,11.8246,-12.617499664758721,-12.617499664758721,0.0,0.0,28.3767
107,195,0.6177,0.3823,CV,20.6527,20.7271,-12.657417344793014,-12.665977135133911,2.15124,0.40806,3017.2765
107,218,0.5992,0.4008,CV,17.6111,17.6167,-14.2476561558823,-14.17644023728609,1.39103,-1.6349,77.1461
107,221,0.5637,0.4363,CV,8.7411,8.4079,-47.19558438004052,-47.09884688869462,-6.32465,4.63413,130.1416
107,225,0.6048,0.3952,CV,23.1675,23.1388,-13.486813851485906,-13.443016985627594,-0.32642,-1.88404,104.3275
107,127,0.6131,0.3869,CV,43.0737,42.9267,-12.80507237412838,-12.799399921518043,2.62941,-4.49634,1747.5357
107,213,0.615,0.385,CV,14.3264,14.3218,-13.773380802968884,-13.767694284471919,-1.41555,0.0683,208.0738
107,165,0.6049,0.3951,CV,19.7522,19.8267,-18.973125331928557,-18.96060665873922,3.2355,-2.32101,95.9681
107,240,0.5589,0.4411,CV,19.7354,19.8351,-17.70767327116335,-17.670769416626875,25.09347,-0.23567,199.4551
107,230,0.5874,0.4126,CV,75.5786,75.2407,-31.447250234150623,-31.340793152069438,-6.74641,-5.79812,1604.9276
107,249,0.614,0.386,CV,97.1315,97.2874,-20.865106555493853,-20.85955186019563,-1.26149,-1.69724,1731.3414
107,251,0.6093,0.3907,CV,3.8892,3.8644,-9.696088333617238,-9.70333087391121,-1.12372,1.24727,107.8541
107,211,0.5928,0.4072,CV,16.8305,16.7972,-18.707874570188373,-18.615589951183946,0.06825,-1.59299,43.7207
107,262,0.4781,0.5219,CA,32.4484,31.8292,-16.060989587584075,-15.720138332273404,-21.41659,-3.69735,237.3372
107,265,0.6169,0.3831,CV,24.2003,24.0618,-28.100167912975664,-28.030680228483785,23.95225,-2.99907,334.2376
107,238,0.5509,0.4491,CV,16.4957,16.3499,-23.159605423863418,-22.972694350424383,7.40215,-1.84284,79.637
107,270,0.616,0.384,CV,20.0631,19.9317,-11.045734400969355,-11.046330973437149,0.55251,-2.95619,1385.3779
107,248,0.4268,0.5732,CA,29.3164,27.8426,-45.78116526445326,-45.32162087738208,-34.63338,-17.99139,390.386
107,149,0.534,0.466,CV,17.1813,16.7372,-12.044899809153367,-11.701844345470882,23.63944,-1.88597,251.3486
107,278,0.6065,0.3935,CV,11.5408,11.5193,-9.728887539570993,-9.697508451791776,-0.6544,-1.34502,77.6278
107,194,0.2913,0.7087,CA,11.4515,10.0481,-15.198525695159455,-14.714667357114173,78.47014,-14.31163,197.3584
107,281,0.5094,0.4906,CV,39.4081,38.7171,-39.235308751260156,-38.7593302901215,53.71066,-8.19617,734.6301
107,215,0.5875,0.4125,CV,10.4329,10.0012,-8.511844315642328,-8.447652759749205,16.31775,4.73775,264.3846
107,282,0.4804,0.5196,CA,13.7303,13.394,-43.34235331842396,-42.92453893374899,-15.82016,-1.78267,79.5022
107,153,0.6061,0.3939,CV,39.2248,39.299,-116.83894109487252,-116.79512187210187,-5.36123,1.33109,491.4918
107,241,0.6099,0.3901,CV,26.5818,26.433,-11.205526250870143,-11.182603418998836,-0.44963,-4.00448,537.7189
107,285,0.1565,0.8435,CA,40.2887,40.2562,-58.041701496372475,-55.831160484515365,13.56217,10.73175,132.7207
107,206,0.5187,0.4813,CV,25.5784,25.0283,-14.109293558614905,-13.894794506848656,-18.98343,-3.63439,273.5452
107,129,0.0007,0.9993,CA,103.9739,98.8491,-67.36811396354493,-60.13453646918681,473.72072,-63.50526,1134.9931
107,287,0.4923,0.5077,CA,12.4123,12.1747,-28.39171607605644,-27.96704949027498,8.33894,-7.25284,67.1745
107,288,0.4523,0.5477,CA,28.5378,27.6156,-45.29683388551759,-44.803585051454384,34.07716,-23.02182,491.587
107,214,0.5786,0.4214,CV,23.2754,23.1819,-34.713965670859025,-34.57683749390902,-3.76701,0.31088,114.1141
107,222,0.4932,0.5068,CA,12.6983,11.7885,-31.19069808905935,-30.945899332077634,28.81371,-4.75822,211.084
107,159,0.1506,0.8494,CA,29.2753,28.7193,-29.123615730966392,-26.930164335542898,-47.26464,-2.54603,151.1999
107,136,0.5399,0.4601,CV,23.9717,23.8949,-35.6576504045842,-35.414888300060554,2.86267,-5.17973,84.4037
107,140,0.5603,0.4397,CV,10.9915,10.8144,-12.83782403045814,-12.770622482212902,-7.77733,0.42649,110.8759
107,293,0.6444,0.3556,CV,60.6074,62.9591,-34.50633998126661,-35.0952143088555,40.87083,15.43399,523.7771
107,226,0.6262,0.3738,CV,14.0656,13.9937,-28.175527116568986,-28.13097054354523,-1.663,-0.7043,119.098
107,264,0.5368,0.4632,CV,23.9501,23.8952,-33.57364644002302,-33.272525772765775,3.80283,-0.48525,70.6612
107,294,0.3401,0.6599,CA,32.5052,31.5351,-26.204119461169807,-25.18129241017406,14.53786,-38.89278,326.1049
107,296,0.6175,0.3825,CV,19.5329,19.5329,-22.106197205397827,-21.988081419138407,6.22093,-5.74555,40.0983
107,272,0.6007,0.3993,CV,34.3786,35.0024,-26.08584790382413,-25.985509858063093,-12.73154,-3.21737,462.1039
107,276,0.5,0.5,CA,97.2456,97.2729,-22.23937433509727,-22.192213040735773,-2.12394,1.28815,205.0357
107,179,0.5,0.5,CA,58.9929,59.3975,-21.74029882441755,-21.585157653556497,10.10726,0.21402,121.8234
107,119,0.5,0.5,CA,51.0487,50.9672,-42.696999656703,-42.29236047895493,2.57908,-1.62841,78.5204
107,220,0.5,0.5,CA,46.6245,46.405,-53.08651428088362,-51.78364293748387,9.15517,-7.56451,81.4578
107,298,0.7,0.3,CV,13.971,13.971,-10.147696348383864,-10.147696348383864,0.0,0.0,35.5571
107,299,0.7,0.3,CV,12.8877,12.8877,-9.74475618167899,-9.74475618167899,0.0,0.0,50.3569
108,195,0.6176,0.3824,CV,35.1177,35.0854,-12.989625082825242,-12.995499831588978,2.11622,-1.43489,3279.7948
108,218,0.6029,0.3971,CV,9.2086,9.1516,-13.016291451526566,-12.987835333487421,0.78275,-1.73175,76.6594
108,221,0.511,0.489,CV,18.2502,17.9185,-43.15164098517217,-42.80152452104227,-8.89225,5.34343,124.8903
108,225,0.5993,0.4007,CV,16.9966,16.9136,-12.915308633118924,-12.86371827422954,-0.35492,-2.23421,101.4641
108,127,0.613,0.387,CV,38.3362,38.1385,-14.255030030366296,-14.248243995951793,1.05806,-4.57283,1752.2401
108,213,0.6076,0.3924,CV,16.3855,16.29,-12.992211791137708,-12.959941190397895,-2.02741,0.18534,201.7558
108,240,0.5403,0.4597,CV,15.1545,14.6584,-12.800277933119244,-12.574487389841117,25.21966,-1.19707,192.1551
108,230,0.5921,0.4079,CV,30.4044,29.7972,-50.464257327730586,-50.408245590972484,-5.92758,-5.75381,1500.0285
108,249,0.6128,0.3872,CV,52.4661,52.315,-13.422599027548415,-13.413638696317507,0.5939,-2.92106,1867.2306
108,251,0.6078,0.3922,CV,18.1386,18.1377,-12.545358304041041,-12.522162587651673,-1.33195,1.0547,99.3123
108,211,0.5979,0.4021,CV,6.4615,6.376,-7.262612638137637,-7.222583828339843,0.13157,-1.52368,43.225
108,262,0.404,0.596,CA,48.7924,48.3541,-34.57004418536068,-33.910249811903626,-27.25762,-5.87635,235.1767
108,265,0.5814,0.4186,CV,19.9126,19.5696,-17.02018615952751,-16.87661044495088,27.65558,-4.655,284.4218
108,238,0.5983,0.4017,CV,9.1961,9.2602,-9.399636186795867,-9.42223558687446,3.51946,-1.78747,77.639
108,270,0.6167,0.3833,CV,15.1891,15.0975,-10.744126506814471,-10.748944835130445,-0.56753,-2.44806,1333.1727
108,248,0.1032,0.8968,CA,79.7116,78.2027,-42.22914531150353,-39.86844600931341,-78.1378,-36.86503,461.1097
108,149,0.4919,0.5081,CA,12.6284,11.8156,-9.299178744568323,-8.915361084829563,27.48896,-1.48013,221.9668
108,194,0.7655,0.2345,CV,20.9408,23.1633,-16.458439273592894,-17.63351499622889,21.19661,-4.94439,202.1225
108,281,0.566,0.434,CV,23.0526,22.7079,-37.59170201189843,-37.54145858990837,38.86128,-7.66566,690.6194
108,215,0.55,0.45,CV,14.6363,13.9278,-9.250286377643965,-9.022038990955108,18.49714,5.0655,254.1533
108,282,0.3898,0.6102,CA,10.7738,10.1161,-33.65546086474223,-32.9328807480001,-22.31527,-2.06747,80.1179
108,241,0.6031,0.3969,CV,36.1957,36.0254,-18.92235007429377,-18.879022691850295,-2.4355,-4.24386,548.5872
108,285,0.4854,0.5146,CA,10.8723,11.148,-9.127360654411051,-9.250489685595289,10.30365,9.07958,126.2386
108,206,0.4943,0.5057,CA,27.9819,27.3463,-19.63600170982212,-19.28407988610271,-21.98227,-4.85631,283.7004
108,129,0.8827,0.1173,CV,69.8128,78.7902,-30.459013593110885,-32.881439351666444,275.90678,-35.59302,890.4908
108,287,0.5865,0.4135,CV,9.7072,9.8746,-13.338416583475537,-13.396693792657446,2.04022,-4.43464,65.3814
108,288,0.4332,0.5668,CA,23.7996,22.7876,-31.476267028649733,-30.973208846353003,39.34208,-25.21608,472.0599
108,214,0.6087,0.3913,CV,8.9942,9.0745,-20.4400530298138,-20.465878166987338,-1.6714,-0.50024,107.4221
108,222,0.5666,0.4334,CV,3.3986,2.2894,-23.894544191150555,-23.870088764208347,22.49974,-3.80256,221.1141
108,159,0.657,0.343,CV,12.7399,14.1925,-13.58196330883492,-14.421445195187436,-13.82375,-3.06864,139.1339
108,136,0.5471,0.4529,CV,15.6203,15.5438,-24.346945645955714,-24.17620749320115,-1.24444,-4.37951,83.766
108,140,0.524,0.476,CV,17.1557,16.8239,-14.040832770127782,-13.74748346105611,-9.78194,0.37867,111.3336
108,293,0.6531,0.3469,CV,9.7573,10.1566,-24.331403210004662,-24.451087924364565,13.42497,8.36754,481.4949
108,226,0.4357,0.5643,CA,45.6678,45.5549,-52.80003485439485,-52.055342865116636,-10.24425,-0.79126,109.6008
108,264,0.5586,0.4414,CV,8.4307,8.251,-7.937621388724604,-7.817862584925927,3.56784,-0.89864,64.8138
108,294,0.4125,0.5875,CA,15.5383,13.6565,-23.35168434140016,-22.92188361812679,19.69864,-47.18298,443.5484
108,296,0.4475,0.5525,CA,16.2489,16.0187,-20.349869494385786,-19.665774456948338,16.3586,-10.79387,71.9547
108,298,0.6291,0.3709,CV,14.7922,14.7922,-13.450129938149601,-13.381222824565178,7.25174,-2.96608,48.4786
108,299,0.6432,0.3568,CV,10.6738,10.6738,-8.7158852822551,-8.708220593044873,3.38166,1.00205,70.0789
108,276,0.5664,0.4336,CV,27.1271,27.0743,-19.045898302205465,-19.01069300341923,-2.75293,0.29841,176.1189
108,179,0.5041,0.4959,CV,14.1099,13.7507,-14.815115108844212,-14.529412879881386,13.17281,-0.09158,118.3465
108,119,0.5363,0.4637,CV,57.6439,57.6943,-64.45792206339493,-64.3011690444743,2.2981,1.84348,72.9057
108,220,0.4697,0.5303,CA,18.7988,18.4484,-22.40524346364262,-21.98172717575847,8.49299,-8.13782,85.8219
109,195,0.6173,0.3827,CV,33.9403,33.8396,-13.061092351996088,-13.066089909872074,2.48514,-2.34399,3448.0276
109,218,0.6055,0.3945,CV,7.6552,7.5831,-7.393381245796573,-7.370316810995566,0.9896,-1.48394,72.8835
109,221,0.3727,0.6273,CA,23.3552,22.8545,-38.26408726072873,-37.42534417373672,-14.73787,8.54666,124.3414
109,225,0.5146,0.4854,CV,42.0954,42.0296,-38.92794966205443,-38.54011438603094,-3.7348,-2.68225,91.8589
109,127,0.6148,0.3852,CV,29.3581,29.2241,-33.03056859470617,-33.031599296527844,2.93379,-3.312,1801.3593
109,213,0.6048,0.3952,CV,15.6907,15.5753,-10.000613223958913,-9.967413981520977,-2.31268,0.47991,194.9352
109,240,0.4878,0.5122,CA,17.2099,16.6057,-17.098287527022794,-16.68935898933167,30.43847,-1.4568,185.5931
109,249,0.6137,0.3863,CV,35.0369,34.8476,-12.339609770668472,-12.336544043139899,1.71326,-2.85252,1928.7811
109,251,0.6042,0.3958,CV,11.2708,11.2013,-13.199865121332227,-13.164089636662933,-1.69527,1.25037,99.3651
109,211,0.6078,0.3922,CV,5.9518,5.9335,-12.466815734622365,-12.46075146478512,0.54367,-1.00382,42.3716
109,262,0.5258,0.4742,CV,8.1328,7.7627,-46.233776475284415,-46.17108010787342,-22.22076,-6.21293,242.1722
109,265,0.6181,0.3819,CV,13.6289,13.7269,-9.809432547143206,-9.870800443124757,13.50087,-3.22094,244.146
109,238,0.6169,0.3831,CV,4.9795,5.0688,-6.501066754594509,-6.532840712594126,0.98505,-1.19527,72.1563
109,270,0.6175,0.3825,CV,10.2054,10.1339,-13.332685166256393,-13.339838998353088,0.19747,-1.98914,1291.8825
109,248,0.4903,0.5097,CA,22.1888,23.1606,-27.439295356147127,-27.657452532017505,-63.56883,-24.30437,482.1233
109,149,0.6184,0.3816,CV,13.9103,14.5981,-18.502526919112654,-18.694675483942067,2.43672,0.50644,182.391
109,194,0.4681,0.5319,CA,29.9118,30.5572,-24.266384951817017,-23.4399371823246,-35.81534,6.3449,189.2554
109,281,0.6215,0.3785,CV,11.0743,11.6902,-32.84663188589056,-32.94507162863255,16.81241,-4.02791,610.3724
109,215,0.6042,0.3958,CV,5.0751,5.2882,-9.393007101814195,-9.441508118630079,11.17619,3.37548,248.4456
109,241,0.5712,0.4288,CV,66.2834,66.0521,-36.167016116904996,-36.001760906884385,-5.91939,-5.30897,527.5569
109,285,0.5492,0.4508,CV,33.3714,33.6332,-27.70648590755982,-27.622444723238424,1.85376,0.59933,134.1903
109,206,0.5425,0.4575,CV,10.8043,10.0401,-22.057942177114224,-21.934282304783537,-20.16336,-3.77406,292.4041
109,129,0.01,0.99,CA,111.8569,114.786,-49.22939324476112,-43.74653838317899,-380.71795,50.11335,1871.5971
109,287,0.6218,0.3782,CV,8.2313,8.4125,-11.724480533574479,-11.794101077607529,-1.41158,-0.17716,57.3507
109,288,0.5168,0.4832,CV,18.4858,18.2587,-36.926947790594355,-36.78697986578438,32.77129,-15.81856,424.6564
109,214,0.602,0.398,CV,9.8168,9.7294,-8.994105741569783,-8.948020622745382,-1.78949,-0.10878,98.0241
109,222,0.6222,0.3778,CV,8.3834,8.7999,-11.878229337251657,-11.97882408190239,10.88519,-0.96938,218.1267
109,159,0.5814,0.4186,CV,18.2122,18.759,-24.601748526286507,-24.39821380548179,18.65829,0.33928,117.9258
109,136,0.5446,0.4554,CV,14.4491,14.378,-19.849817256581417,-19.65872531860813,-4.97206,-1.69383,81.2683
109,140,0.4826,0.5174,CA,16.4844,16.0081,-15.378013966014453,-14.971872788052266,-12.62376,0.88305,114.726
109,226,0.5572,0.4428,CV,2.4682,2.5271,-6.955972036721833,-6.974925956934046,-7.54357,-0.73236,107.7067
109,264,0.5779,0.4221,CV,5.6191,5.4441,-6.970248115086803,-6.897512071859751,3.23489,-0.65849,59.9777
109,294,0.5782,0.4218,CV,5.7568,6.4691,-26.569629608324323,-26.707041979056548,16.39167,-30.71281,477.7543
109,296,0.107,0.893,CA,21.5119,20.7574,-25.187262835054604,-22.838157111903534,41.65249,-15.30066,138.7549
109,298,0.2659,0.7341,CA,41.612,41.7285,-67.96913450286829,-66.4633413863509,-2.10562,24.40622,110.2299
109,299,0.6121,0.3879,CV,10.3253,10.2571,-11.064355290443654,-11.00921628891643,7.31364,6.13486,103.749
109,276,0.5627,0.4373,CV,40.7799,40.6585,-23.864062139795525,-23.7182468950743,-4.51561,-0.43766,176.6955
109,179,0.4759,0.5241,CA,13.505,12.8971,-14.769857243269794,-14.364977051873637,16.62038,-0.0317,118.9479
109,119,0.5809,0.4191,CV,10.0449,9.9767,-30.569256104111297,-30.541384226087857,1.31789,2.03695,71.9481
109,220,0.4857,0.5143,CA,14.442,14.0886,-14.004759057024385,-13.688482249808548,9.07167,-9.28919,83.6806
109,273,0.5,0.5,CA,60.1139,59.1799,-33.37439642772262,-31.737404314517203,-46.80897,6.37128,177.6316
109,278,0.5,0.5,CA,39.9354,39.9525,-36.39395012622841,-36.00138496203033,3.97383,-0.98334,68.2056
109,153,0.5,0.5,CA,91.2246,91.453,-116.83520102900934,-116.69326045120086,6.88106,-0.85165,529.8733
109,272,0.5,0.5,CA,51.389,50.9464,-26.151198554108905,-25.47643687132116,-38.36548,3.97641,358.5896
109,293,0.6262,0.3738,CV,15.7777,15.8327,-10.609210300864632,-10.598899215967188,17.11942,2.60193,426.2599
109,303,0.7,0.3,CV,7.165,7.165,-8.083488755110869,-8.083488755110869,0.0,0.0,61.6039
110,195,0.6172,0.3828,CV,30.3251,30.1767,-12.97386251057257,-12.978752054465792,2.13567,-2.89507,3587.874
110,218,0.6049,0.3951,CV,7.3295,7.2449,-10.49595849004134,-10.466353786311913,1.17859,-1.3058,70.6575
110,221,0.2737,0.7263,CA,24.528,23.8126,-40.53471693213154,-39.43693718802673,-24.32087,13.88896,135.3386
110,225,0.5928,0.4072,CV,13.3792,13.5126,-11.204414894821193,-11.256499027912206,-1.91575,-2.50692,96.1148
110,127,0.6169,0.3831,CV,29.5766,29.5857,-31.673420245608277,-31.68057406740916,-0.16854,-2.99925,1834.9225
110,213,0.61,0.39,CV,7.9278,7.8272,-8.906249236771625,-8.899363261893106,-1.86415,0.62155,187.8705
110,240,0.5676,0.4324,CV,4.5643,4.089,-11.017504481315902,-11.00464238393856,23.32348,-1.64793,183.2024
110,249,0.6151,0.3849,CV,24.8012,24.6228,-12.086405264353889,-12.08755849561809,1.84861,-2.81894,1988.7522
110,251,0.605,0.395,CV,11.9081,11.8429,-28.181765837800388,-28.15463998332793,-1.43292,1.22353,103.4552
110,211,0.5892,0.4108,CV,14.5526,14.5148,-24.15361710258982,-24.05526519277772,1.5529,-0.83354,40.8382
110,262,0.5464,0.4536,CV,63.1353,63.6012,-127.87664779209383,-127.72348156399761,2.47285,7.92252,266.096
110,265,0.6303,0.3697,CV,9.537,9.8989,-12.017216708874466,-12.076800576526388,-2.51876,-0.36824,196.8408
110,238,0.6202,0.3798,CV,1.8958,1.9024,-14.496956580706282,-14.51516135062915,0.21231,-0.74629,67.8263
110,270,0.6151,0.3849,CV,34.0361,33.9856,-12.284487249797415,-12.279953610258627,2.27109,-1.91021,1233.4681
110,248,0.6422,0.3578,CV,38.2437,40.2222,-37.00840163025641,-37.304930334471194,10.40551,11.19226,482.5443
110,194,0.1903,0.8097,CA,24.6498,23.3444,-17.409911974726853,-15.704858048806782,-63.63922,10.37653,221.8971
110,281,0.6314,0.3686,CV,6.9463,7.253,-26.39514525544218,-26.454156032089934,5.48214,-1.77049,529.1116
110,215,0.5991,0.4009,CV,10.8867,10.5672,-8.954832255108368,-8.903314362275964,10.1515,2.90225,231.8311
110,285,0.5985,0.4015,CV,27.1639,27.4717,-17.658377034921813,-17.684360163269034,-3.33297,1.50449,122.9781
110,206,0.5795,0.4205,CV,6.5715,5.8768,-25.833200231656104,-25.79045060529428,-16.38808,-2.4853,288.5381
110,129,0.0144,0.9856,CA,83.9355,75.9951,-28.884999620774312,-25.050702915161146,-690.14081,90.81256,2132.3427
110,287,0.6109,0.3891,CV,5.1691,5.1319,-9.05219369741851,-9.02368928867159,-2.00253,1.24242,50.4278
110,288,0.5971,0.4029,CV,17.5116,18.2685,-60.45641590684254,-60.52357339118031,3.67143,4.34563,353.0637
110,214,0.6059,0.3941,CV,15.0106,15.067,-15.190372527843934,-15.17014750919466,1.08834,-0.60998,89.4372
110,222,0.6193,0.3807,CV,12.9575,12.9065,-12.452606635258778,-12.459072796396473,6.88365,0.3592,211.9907
110,159,0.4411,0.5589,CA,13.6497,13.0422,-13.052132735534483,-12.395437841546972,24.99494,1.16758,115.008
110,136,0.5414,0.4586,CV,11.208,10.9784,-14.393256473210668,-14.192584901227125,-6.21284,-0.0647,79.491
110,140,0.529,0.471,CV,7.8835,7.304,-20.449524145568674,-20.287998844658752,-12.20567,1.00537,120.3616
110,293,0.2197,0.7803,CA,104.2998,104.9288,-94.2802039060089,-92.52708071141575,-34.63776,2.7142,498.8579
110,226,0.611,0.389,CV,11.8196,12.025,-8.947315646892317,-9.014323207153177,-2.97314,-0.67767,109.3103
110,264,0.5014,0.4986,CV,18.8483,18.6883,-19.689346981675726,-19.279935167263634,5.19362,-1.08376,57.5013
110,294,0.6395,0.3605,CV,6.377,7.3375,-31.458483161434465,-31.616505919715294,8.49297,-11.59215,446.8359
110,296,0.2132,0.7868,CA,16.0267,14.8476,-12.952506312788735,-11.89827274539972,63.87819,-19.06127,182.4309
110,298,0.2713,0.7287,CA,22.5478,21.375,-42.86638730093449,-41.906024331310945,-3.20132,36.02184,200.5073
110,299,0.5997,0.4003,CV,13.737,13.8928,-11.707268391131825,-11.646168659586454,-5.61485,7.96516,133.5986
110,276,0.5274,0.4726,CV,47.6226,47.4018,-27.11477537868898,-26.831769648514253,-6.59594,-1.90026,175.3342
110,179,0.4439,0.5561,CA,17.0889,16.4531,-11.801671835433154,-11.30869425570018,20.87295,-0.02125,127.9673
110,119,0.606,0.394,CV,23.4572,23.5643,-42.02131001062289,-42.0324134120339,-1.5584,0.7441,70.8463
110,220,0.5358,0.4642,CV,5.1087,4.6559,-8.180728636009555,-8.042376167736021,8.13564,-8.72138,83.8526
110,273,0.4654,0.5346,CA,11.6783,10.1606,-10.393451032151619,-9.952727867312353,-44.97432,6.23519,213.2323
110,153,0.5115,0.4885,CV,79.494,79.2042,-82.7462966804077,-82.49019201888876,11.63726,-0.66031,456.3893
110,165,0.5,0.5,CA,15.9935,15.8936,-18.211237404927207,-18.107782170524835,4.38449,-1.2566,77.898
111,195,0.6173,0.3827,CV,32.2214,32.1058,-12.946918963112338,-12.952404978047456,0.9923,-2.79418,3694.9928
111,221,0.1901,0.8099,CA,28.9686,27.9656,-37.93591343064779,-36.50324863696514,-41.49229,24.30048,156.5107
111,225,0.6179,0.3821,CV,16.4833,16.6437,-12.70282386297394,-12.746873112121055,0.31303,0.21571,98.25
111,127,0.6152,0.3848,CV,37.4512,37.3247,-32.656386188557526,-32.653417473924335,-2.18027,-2.47837,1820.6801
111,213,0.6101,0.3899,CV,12.4897,12.4237,-11.879379677455512,-11.865219308760366,-1.70098,0.97247,178.8934
111,240,0.6285,0.3715,CV,3.6779,4.3172,-11.707405267992794,-11.833223888903351,10.8129,-0.76973,169.4922
111,249,0.6167,0.3833,CV,22.709,22.69,-12.143609772865645,-12.14963104345484,0.31249,-2.66997,2042.1768
111,251,0.5967,0.4033,CV,17.5974,17.4901,-32.74565092222289,-32.68263385671607,-1.4732,1.80608,106.7979
111,265,0.6143,0.3857,CV,17.065,17.0945,-12.948474773733167,-12.921682702224103,-5.15584,2.32013,166.2342
111,238,0.6128,0.3872,CV,10.7457,10.7715,-18.47889111726812,-18.460731609758664,-1.45505,0.23383,64.5878
111,270,0.614,0.386,CV,24.0786,23.9282,-15.398011339997637,-15.392450575609931,2.65102,-1.50748,1172.3388
111,248,0.4737,0.5263,CA,34.1182,33.549,-54.145652343222,-53.53065311233179,33.6862,22.61348,461.2819
111,281,0.5918,0.4082,CV,28.0942,27.926,-19.49933384885647,-19.37711860529842,12.64378,-1.29935,448.6851
111,215,0.4968,0.5032,CA,27.94,27.4648,-15.53152644670631,-15.072652674565255,16.81155,5.11679,230.7045
111,285,0.5562,0.4438,CV,20.1187,19.9402,-15.162001345959439,-14.942481801609542,-4.69617,2.18052,120.7277
111,206,0.5923,0.4077,CV,13.8807,13.6601,-23.747401597814935,-23.703556560411258,-12.7526,0.14734,275.1981
111,129,0.6551,0.3449,CV,17.1002,31.1345,-9.925045248161206,-10.950873917412304,-577.10706,76.57531,1692.276
111,287,0.6177,0.3823,CV,14.0893,14.1599,-21.83353205476802,-21.84981233334252,-0.19904,0.35867,49.8268
111,288,0.4707,0.5293,CA,22.173,21.9901,-72.0063298367969,-71.44588242007958,-16.54259,17.45977,294.4722
111,214,0.6092,0.3908,CV,25.1029,25.202,-23.73846234981517,-23.72651719086436,-1.26677,0.15204,89.7805
111,222,0.6213,0.3787,CV,17.2893,17.5415,-10.223205067022366,-10.242340669428124,-2.24724,1.33689,192.6342
111,159,0.5503,0.4497,CV,9.2788,9.2062,-9.71277190661695,-9.696394732959433,18.96179,2.30525,114.4538
111,136,0.5188,0.4812,CV,15.6807,15.4565,-14.58431161650802,-14.297638461175758,-7.17614,1.90051,80.1526
111,140,0.515,0.485,CV,14.3222,13.8673,-26.09978900993312,-25.815854357716596,-13.59732,2.26615,123.3692
111,293,0.6129,0.3871,CV,40.5248,42.0478,-47.756024091535,-48.30788840877008,-14.32329,-0.36619,447.8228
111,226,0.6201,0.3799,CV,10.2992,10.4136,-8.51703142840203,-8.543599484310667,-0.15732,0.05608,108.4491
111,264,0.4498,0.5502,CA,21.1671,20.9209,-20.34048940103562,-19.834700576686398,7.08267,-0.88513,59.9949
111,294,0.6326,0.3674,CV,12.4841,12.6106,-50.06873916485792,-50.10603885681762,5.39745,-0.37828,397.4842
111,296,0.2757,0.7243,CA,13.1297,11.7447,-10.7236733657512,-9.859170389293103,78.53799,-15.50976,212.1921
111,298,0.4395,0.5605,CA,27.395,27.7119,-47.46676564122918,-47.24372614243144,16.80014,21.44242,267.7437
111,299,0.5497,0.4503,CV,13.0933,12.8424,-22.192262592955714,-21.945022039053363,-1.1646,13.21006,151.483
111,276,0.3934,0.6066,CA,68.0039,67.6469,-48.118482260606385,-47.3435641070739,-12.79241,-2.59743,182.9324
111,179,0.4609,0.5391,CA,11.8305,10.9419,-9.574866597630969,-9.19573607655347,23.97157,0.18077,133.9581
111,119,0.5962,0.4038,CV,13.7401,13.6737,-32.01382099764449,-31.94754907896727,-2.47017,0.07483,71.9844
111,220,0.6317,0.3683,CV,6.451,6.9303,-7.194335100224395,-7.38002520203424,1.84038,-1.79584,78.8206
111,273,0.1118,0.8882,CA,34.5495,32.8864,-21.604475435093278,-19.279007246657596,-91.00255,13.05162,288.4048
111,153,0.4986,0.5014,CA,57.3261,56.8359,-72.52488560704187,-72.2004280297671,15.47754,-3.34017,470.8214
111,211,0.5739,0.4261,CV,13.9903,13.9303,-50.41430411432339,-50.280540950653155,2.22221,0.0063,39.8928
111,262,0.2997,0.7003,CA,66.7748,67.0604,-59.418768598110745,-58.201028988720246,-33.03295,-5.39125,276.569
112,195,0.6167,0.3833,CV,42.0472,41.8822,-13.09540004015289,-13.097960298487857,0.66596,-2.18506,3743.4826
112,221,0.2255,0.7745,CA,28.0684,26.9723,-46.16532192771284,-45.06579233599398,-56.94084,36.10861,193.32
112,225,0.5944,0.4056,CV,22.011,22.0004,-16.300275122499052,-16.208740037479235,1.29914,2.48933,94.4295
112,127,0.6071,0.3929,CV,63.2403,63.043,-26.327130062413477,-26.29258893769552,-5.4769,-1.02991,1760.6869
112,213,0.5685,0.4315,CV,37.4967,37.3975,-22.653442682868416,-22.466794964951873,-3.91878,2.14669,167.3278
112,240,0.6205,0.3795,CV,9.4563,9.3663,-14.903669628860424,-14.905964565491567,8.31364,0.38246,148.5508
112,249,0.6176,0.3824,CV,29.6044,29.6565,-12.559511013851733,-12.567101167397013,-1.07344,-1.35862,2064.174
112,251,0.5769,0.4231,CV,28.1654,28.027,-33.088209786369234,-32.9556931586366,-2.06132,2.60637,111.3905
112,262,0.0403,0.9597,CA,77.3704,75.8686,-74.97162243890739,-71.78116384695855,-86.69287,-14.26229,334.7438
112,265,0.6153,0.3847,CV,6.3755,6.2697,-10.965033318212571,-10.96637117330513,-4.215,1.69922,145.4294
112,238,0.5841,0.4159,CV,16.2781,16.2203,-20.071171239717728,-19.944739511364705,-2.33239,1.34057,60.902
112,270,0.6161,0.3839,CV,32.5276,32.5826,-12.426151244693276,-12.43140697854368,2.67459,0.62412,1172.0499
112,248,0.475,0.525,CA,34.5128,33.8791,-36.74851030744217,-36.38373541589982,27.93127,25.75655,480.3246
112,281,0.6183,0.3817,CV,31.5396,32.0007,-17.086578468786822,-17.13363706732801,-2.86276,2.42934,418.2884
112,215,0.4766,0.5234,CA,24.4202,23.6802,-20.179284963637727,-19.787740680567303,19.83303,7.2354,236.0516
112,285,0.5138,0.4862,CV,25.0709,24.8198,-17.877029548364984,-17.5489498749332,-5.36895,4.03915,121.9678
112,206,0.5985,0.4015,CV,25.5932,25.6486,-13.996470710215107,-13.959588804316631,-5.17644,3.53688,267.7402
112,129,0.7701,0.2299,CV,31.38,42.8448,-13.342092919050465,-14.021811911136902,31.86386,-2.97604,2291.0769
112,287,0.5503,0.4497,CV,20.2903,20.2676,-24.142746905869586,-23.871078062966234,-2.26989,2.65228,47.3968
112,288,0.3265,0.6735,CA,24.9951,24.1006,-56.94275876231273,-55.958366286224916,-28.27151,28.42558,279.1249
112,214,0.406,0.594,CA,57.1851,57.1179,-73.64971915915348,-72.80834310137507,-6.28706,1.43868,83.9016
112,222,0.6019,0.3981,CV,15.8124,15.6893,-11.44815094388361,-11.38273003625803,-3.79387,2.25806,176.9172
112,159,0.594,0.406,CV,19.949,20.2895,-19.26941336341759,-19.275116938721094,-1.85952,2.96989,104.2017
112,136,0.473,0.527,CA,23.4088,23.1142,-20.23235085367967,-19.794829768444814,-8.67351,3.39111,86.8898
112,140,0.3667,0.6333,CA,25.4879,24.9163,-26.868511406902563,-25.998454744580503,-21.47017,4.61967,131.123
112,293,0.3404,0.6596,CA,44.3914,43.7802,-111.8703591953044,-110.74250776888357,-35.75269,0.84546,429.6264
112,226,0.6133,0.3867,CV,17.8453,17.8487,-11.558918801973913,-11.543086810360599,-0.71056,1.15195,104.2606
112,296,0.4168,0.5832,CA,13.2825,12.9977,-11.07952505336964,-10.757606818703294,70.14507,-2.96595,237.0924
112,298,0.3228,0.6772,CA,32.593,32.1641,-55.4317715362253,-54.47448899781316,33.96556,10.26244,331.633
112,299,0.2285,0.7715,CA,31.1022,30.5798,-26.904053154562067,-25.313192641461892,-12.34049,25.35542,191.6479
112,276,0.2588,0.7412,CA,65.0832,64.4261,-50.42323392604502,-49.22020499259177,-24.1731,-4.1956,200.363
112,179,0.0382,0.9618,CA,41.2605,40.2786,-55.77608307596524,-52.30395876755552,62.36023,0.68147,158.6375
112,119,0.5181,0.4819,CV,33.674,33.5467,-28.7610472536234,-28.39156557311545,-5.13311,0.21047,76.7765
112,153,0.4128,0.5872,CA,79.8699,79.39,-65.67450815238875,-65.02196573557283,20.78286,-9.24325,441.4016
112,278,0.5,0.5,CA,33.6349,33.7384,-26.96014765624632,-26.834638232663046,-1.05783,2.23104,58.8709
112,218,0.5,0.5,CA,38.0646,38.1079,-24.864141609743875,-24.777812569550605,-0.48085,0.71368,87.0939
112,194,0.5,0.5,CA,12.2378,10.8486,-10.044532860926507,-9.91141129842039,-51.61741,9.67136,239.5492
112,165,0.5,0.5,CA,51.0983,51.104,-48.04657513472539,-47.77327918709939,2.66318,2.13917,85.9357
112,264,0.495,0.505,CA,20.391,20.186,-28.2553229897374,-28.00459755283928,6.93564,-0.37652,67.51
112,304,0.7,0.3,CV,13.9158,13.9158,-10.609001866083975,-10.609001866083975,0.0,0.0,33.2158
112,305,0.7,0.3,CV,57.5237,57.5237,-56.839352943429624,-56.839352943429624,0.0,0.0,176.9797
113,195,0.6158,0.3842,CV,42.6631,42.4106,-13.477690689533937,-13.477696843944788,2.21045,-2.32119,3793.7724
113,221,0.5004,0.4996,CV,5.2692,5.6317,-15.102428563199487,-15.18826981940515,-48.33374,29.45028,216.0589
113,225,0.5823,0.4177,CV,16.3843,16.2725,-11.792357088034532,-11.68541439574839,2.50436,2.30412,93.5745
113,127,0.59,0.41,CV,70.1777,69.769,-21.98703205684648,-21.893310385291805,-7.48398,-0.27298,1652.8373
113,213,0.5616,0.4384,CV,22.8269,22.6144,-24.724732341664286,-24.5711428469254,-4.86309,2.33354,166.2963
113,240,0.5915,0.4085,CV,9.582,9.3335,-11.647901937577977,-11.540393767813121,9.92518,-0.46083,133.7476
113,249,0.6164,0.3836,CV,37.6621,37.5865,-12.375399992024287,-12.376458853069558,-0.99214,-1.19954,2045.0423
113,251,0.5591,0.4409,CV,33.4666,33.3498,-27.12016413875482,-26.94415362463763,-2.71144,3.38741,103.7365
113,262,0.4056,0.5944,CA,15.1914,15.0625,-9.84680149827555,-9.811811026506124,-85.22762,-18.3011,350.5627
113,265,0.5636,0.4364,CV,38.7737,38.6993,-31.744785563391975,-31.53077364511703,-3.09972,3.1974,145.2516
113,238,0.601,0.399,CV,5.1196,5.0515,-26.537269341562663,-26.52281293051822,-1.98607,0.66263,58.2391
113,270,0.6171,0.3829,CV,23.6042,23.6261,-11.208445715001696,-11.214673616039772,1.13421,0.65845,1188.8427
113,248,0.5514,0.4486,CV,23.3409,23.2181,-19.529796222051065,-19.46968303926034,15.10111,19.63903,489.0267
113,281,0.6142,0.3858,CV,13.6357,13.5067,-11.420936213602152,-11.411523019537661,-4.06198,2.10234,393.5259
113,215,0.5278,0.4722,CV,16.7882,16.3101,-21.0042098473363,-20.846741085507613,18.53151,6.70512,232.5309
113,285,0.5128,0.4872,CV,18.8685,18.595,-15.733818468761907,-15.463008213786829,-6.20138,4.27498,116.0077
113,206,0.6081,0.3919,CV,10.1567,10.0572,-17.483129065988365,-17.477193796735357,-1.52906,3.34715,252.3124
113,129,0.6763,0.3237,CV,37.8454,37.6155,-20.30788922043486,-20.338456875917366,56.98644,-6.83955,1498.4315
113,287,0.5658,0.4342,CV,7.9882,7.8364,-10.585604348930914,-10.475625543078877,-2.54611,2.27958,45.3909
113,288,0.571,0.429,CV,12.5021,13.3411,-12.582751764323174,-12.811402517986105,-14.47074,17.42791,265.0989
113,214,0.5589,0.4411,CV,10.3339,10.4781,-19.749475580235497,-19.81740015927933,-4.36221,-0.13787,81.2176
113,222,0.6056,0.3944,CV,7.0939,6.9048,-15.555383789701844,-15.534299393444734,-3.30615,1.85457,162.8091
113,159,0.6112,0.3888,CV,4.5914,4.5703,-6.468145042882031,-6.482216048266246,-4.93877,1.29509,89.6807
113,136,0.5324,0.4676,CV,15.1278,14.8771,-12.76375239933899,-12.629701096780678,-7.57644,3.07781,96.5995
113,140,0.4952,0.5048,CA,5.0849,4.1685,-24.757096253724697,-24.624181904683738,-20.48202,4.00862,141.3149
113,293,0.5861,0.4139,CV,20.0307,21.1084,-81.93802747483815,-82.20945724462017,-14.06479,0.7024,376.1387
113,226,0.607,0.393,CV,12.3873,12.3191,-13.549082913657498,-13.516810019387256,-1.27512,1.37023,101.1352
113,264,0.5431,0.4569,CV,9.018,8.6943,-28.831589089278566,-28.709114806807854,6.74502,-0.4442,69.2197
113,296,0.5108,0.4892,CV,7.9717,7.2469,-10.597022602899822,-10.456327036921278,60.10727,-4.54711,225.1596
113,298,0.1602,0.8398,CA,39.2233,38.2736,-75.69728502112535,-73.98901387262447,56.81415,-7.41256,393.548
113,276,0.3381,0.6619,CA,33.8673,32.9686,-19.9960236669056,-19.36172658562336,-32.81787,-6.37549,235.7825
113,179,0.4815,0.5185,CA,6.6311,7.5894,-17.68691556248518,-17.96286516664368,53.60943,-0.32888,157.8452
113,119,0.4549,0.5451,CA,31.3063,31.0579,-29.574677195706865,-29.065626995098192,-7.44254,-1.32905,78.0345
113,153,0.426,0.574,CA,41.2378,40.607,-47.05360386889799,-46.577063965712775,29.26435,-8.73161,479.4623
113,304,0.6461,0.3539,CV,5.2472,5.2472,-6.288163045392292,-6.292862153603622,2.693,0.43453,44.8116
113,305,0.6443,0.3557,CV,16.8904,16.8904,-28.146252532997114,-28.14322098282288,-0.00535,1.49328,221.4141
113,278,0.5664,0.4336,CV,5.8672,5.787,-6.718511441405825,-6.6835263088587915,-1.46132,1.80033,52.9253
113,218,0.5581,0.4419,CV,35.3821,35.3599,-23.690007162766022,-23.621014442255134,1.14464,0.55663,91.7088
113,194,0.5889,0.4111,CV,4.1144,3.9207,-9.67615746067354,-9.733311639424219,-35.57387,6.24518,237.7167
113,165,0.5258,0.4742,CV,28.1596,27.9436,-28.64994138454726,-28.451069570634928,2.88146,2.73848,87.8467
113,273,0.5,0.5,CA,22.5982,20.5733,-35.71984872767548,-35.362586374788066,-88.67272,14.97068,317.4615
113,299,0.3437,0.6563,CA,15.4408,14.2571,-12.826826528750832,-12.259950061656472,-18.37777,32.69599,213.6252
113,308,0.7,0.3,CV,14.1779,14.1779,-13.884505651927215,-13.884505651927215,0.0,0.0,27.3385
114,195,0.6164,0.3836,CV,28.3662,28.037,-12.91247049052352,-12.915929597489898,1.66379,-2.75211,3856.8296
114,221,0.5492,0.4508,CV,8.3784,7.7049,-8.81380055949358,-8.708443351221568,-39.58248,22.04939,232.8461
114,127,0.609,0.391,CV,9.3216,9.0917,-34.11868890248004,-34.12894164240579,-5.65199,0.30307,1630.367
114,213,0.5766,0.4234,CV,12.724,12.4437,-38.879264932335865,-38.79710967189407,-4.71794,2.01499,162.0922
114,240,0.6171,0.3829,CV,5.9871,6.0659,-9.34728933484621,-9.38963670747544,5.59531,-0.62159,125.9338
114,249,0.6157,0.3843,CV,30.2853,30.1063,-12.42385472312652,-12.423513793766878,-0.25946,-1.14639,2031.3951
114,251,0.5784,0.4216,CV,18.1244,18.0199,-26.229821156382027,-26.158520045442458,-2.66068,2.98828,111.9959
114,262,0.6946,0.3054,CV,29.5227,31.7943,-16.249330382990138,-16.902946106168187,-15.66934,-7.62067,389.7717
114,265,0.5571,0.4429,CV,28.7638,28.5373,-19.91366449670449,-19.749056652525127,-2.73998,3.38863,151.087
114,238,0.6032,0.3968,CV,11.9477,11.9502,-35.088885520126276,-35.05902448709547,-1.22411,0.05758,51.492
114,270,0.6182,0.3818,CV,31.8113,31.9116,-11.87417769362363,-11.883602873337871,-0.96679,-0.38534,1151.6631
114,248,0.5648,0.4352,CV,12.6185,11.5916,-12.376200403664395,-12.260629743321868,17.64213,18.98843,472.2021
114,281,0.5851,0.4149,CV,31.3306,31.1052,-14.712112023512642,-14.587433068525574,-7.94318,2.15311,379.606
114,215,0.5671,0.4329,CV,17.3125,17.1775,-31.925380697621236,-31.853207277322262,13.50838,5.21417,217.5991
114,206,0.5865,0.4135,CV,25.3434,25.3144,-23.684659651219494,-23.57514992092497,4.67454,3.37854,240.1131
114,287,0.6039,0.3961,CV,8.7359,8.7876,-19.169173976446814,-19.19350413063563,-1.24391,1.2454,46.8523
114,288,0.5752,0.4248,CV,10.1319,9.7018,-14.585658397422264,-14.483797028922847,-12.67748,15.97778,227.1889
114,214,0.606,0.394,CV,9.9755,10.0857,-35.2206405033932,-35.26376666065782,-1.74205,-0.95463,79.7091
114,222,0.6018,0.3982,CV,13.3546,13.2691,-30.057241480573357,-30.01481249982241,-1.94098,2.10408,146.157
114,159,0.6315,0.3685,CV,2.7564,2.9228,-5.678677505661492,-5.753495727244618,-1.9636,0.43556,77.827
114,136,0.5568,0.4432,CV,10.1987,9.7937,-9.718781433968779,-9.598143048224664,-7.29594,2.96454,100.8376
114,140,0.4607,0.5393,CA,15.1593,14.55,-20.21181006068427,-19.75883855203515,-24.64392,4.43659,141.4152
114,293,0.6096,0.3904,CV,11.0564,11.1327,-91.36969979805939,-91.38824405590545,-4.83966,-1.35881,305.8226
114,226,0.5967,0.4033,CV,15.4829,15.3822,-23.837328938867547,-23.77160835494282,-1.72539,1.80252,99.6557
114,264,0.5088,0.4912,CV,18.2662,18.015,-24.138563516568368,-23.809379763708893,8.52121,-1.27467,70.594
114,296,0.6247,0.3753,CV,4.781,5.1539,-20.337625760419407,-20.529501595017592,32.17329,-3.73703,189.0056
114,298,0.2359,0.7641,CA,25.9607,24.3768,-54.29236946898387,-53.29314685700236,78.84945,-18.08693,419.3221
114,299,0.5675,0.4325,CV,11.2634,11.8802,-9.154910306751256,-9.34539349086085,-10.41053,21.50808,223.0065
114,276,0.1087,0.8913,CA,64.363,63.1217,-42.723265487950734,-40.54588121732457,-67.52437,-12.60808,292.3287
114,179,0.6349,0.3651,CV,7.6762,8.6587,-7.717509419136398,-7.994942824174541,26.64425,-0.7433,166.0374
114,119,0.5176,0.4824,CV,14.6862,14.4791,-33.962645333020895,-33.79490952108178,-6.81141,-2.783,82.9701
114,304,0.6357,0.3643,CV,3.2427,3.1693,-5.580900481454326,-5.622133573506897,4.39581,1.24887,64.7244
114,305,0.6268,0.3732,CV,16.6312,16.762,-35.371897878756236,-35.37732243026197,-7.70693,-8.9937,330.725
114,308,0.6243,0.3757,CV,16.7739,16.7739,-16.732917442622522,-16.643581747098693,4.0815,-0.60293,41.6481
114,278,0.5861,0.4139,CV,5.5116,5.4057,-16.353285866897373,-16.30305639080082,-1.5926,1.73824,50.2094
114,218,0.5549,0.4451,CV,49.6938,49.6042,-35.03346709545048,-34.868107627049575,2.8738,0.32903,99.5432
114,194,0.6143,0.3857,CV,3.3492,2.6852,-9.180656917061924,-9.214910820844956,-24.46862,4.17731,216.8803
114,165,0.5677,0.4323,CV,17.4799,17.3524,-18.907791137242793,-18.840825827013127,1.62195,2.8831,90.7918
114,273,0.0118,0.9882,CA,68.6219,71.135,-65.92520611129453,-61.19217861571166,192.38464,-24.20012,458.5785
114,285,0.5312,0.4688,CV,10.454,10.0658,-15.753016816618219,-15.557376714892875,-6.62857,4.18924,113.4313
114,129,0.4918,0.5082,CA,36.072,34.6912,-32.51361969937497,-31.91977612946294,107.03265,-15.18561,1259.503
114,153,0.2732,0.7268,CA,55.0179,53.6245,-26.9211948610141,-25.74593029596737,51.83487,-13.96968,521.2807
115,195,0.617,0.383,CV,26.9901,26.7325,-12.973796601762858,-12.979015817784969,1.71153,-3.60476,3935.0915
115,221,0.6384,0.3616,CV,12.0587,12.7242,-9.409991839762853,-9.60524984633806,-12.73521,3.83704,216.2619
115,213,0.5844,0.4156,CV,12.1613,11.9255,-42.33321717504783,-42.260961863471685,-4.63787,1.48649,156.4231
115,240,0.6182,0.3818,CV,11.1547,11.1668,-8.767103015883194,-8.77670108685072,2.75634,-1.20808,116.94
115,249,0.6161,0.3839,CV,25.5362,25.365,-11.774024247190374,-11.77644160152895,-0.85252,-2.49289,2042.2998
115,251,0.5234,0.4766,CV,37.2191,37.062,-25.452315257438844,-25.130503806130257,-4.63187,4.46856,106.6385
115,262,0.623,0.377,CV,32.5641,32.7141,-16.849282303408987,-16.76253634171082,8.87965,-3.21041,391.1125
115,265,0.5818,0.4182,CV,13.3899,13.1403,-11.254180876285586,-11.199900213605119,-2.16946,2.89927,153.8006
115,238,0.5345,0.4655,CV,31.0308,31.0995,-64.97560823406933,-64.6616725028679,3.42164,-0.9242,51.0393
115,270,0.6175,0.3825,CV,15.2238,15.1679,-25.39400005176136,-25.39888609004667,-1.50077,-0.55185,1138.8171
115,248,0.59,0.41,CV,12.424,11.9279,-10.142517190603328,-10.110791915371596,15.69747,13.92124,458.6008
115,281,0.5867,0.4133,CV,24.1411,23.8494,-11.34279666531944,-11.267963795926212,-7.81392,0.99621,360.9749
115,285,0.5623,0.4377,CV,14.2834,14.1671,-11.735450564051543,-11.638853774648968,-6.59942,2.97025,116.9854
115,206,0.559,0.441,CV,62.8946,63.1569,-51.39714803155188,-51.20659360975435,-7.16529,1.02772,245.3459
115,287,0.618,0.382,CV,10.7185,10.7968,-12.837749933117138,-12.865917665614818,-0.24431,-0.26039,46.0636
115,288,0.5909,0.4091,CV,8.9718,8.7347,-12.829913190370666,-12.786594916584745,-11.99385,11.83191,203.7356
115,214,0.5968,0.4032,CV,13.9111,13.8608,-34.95162626130145,-34.88763382053138,-0.95365,-2.03254,76.977
115,222,0.3156,0.6844,CA,86.179,86.2885,-148.69070563980446,-147.4665413429981,12.24467,-0.57501,153.8929
115,159,0.6217,0.3783,CV,12.0824,12.129,-12.360626934905637,-12.363506099934686,0.34036,-0.7062,71.4455
115,136,0.5864,0.4136,CV,8.1091,7.9289,-12.67058043820347,-12.635588840483019,-5.96986,1.75914,103.5208
115,140,0.5219,0.4781,CV,9.1706,8.7474,-17.230738058265793,-17.072095746386246,-22.63791,2.3873,144.0818
115,293,0.5763,0.4237,CV,16.7671,16.6613,-76.85625242459375,-76.7024556477233,1.75083,-3.96345,241.1862
115,226,0.5722,0.4278,CV,22.2771,22.1487,-28.95057297763137,-28.798997550765584,-2.3077,2.68264,95.5819
115,264,0.4868,0.5132,CA,15.8619,15.4793,-29.02923114505489,-28.66157524337978,10.1651,-1.92885,79.2613
115,296,0.6356,0.3644,CV,5.5537,5.4568,-16.169363744830775,-16.241662445981508,17.71101,-4.06932,147.6374
115,298,0.3928,0.6072,CA,13.9923,12.8691,-31.030423560097734,-30.664543329657715,77.7191,-25.74143,419.191
115,299,0.4186,0.5814,CA,37.7412,37.4822,-54.97746857027411,-54.249237610863695,-20.28455,19.45696,235.5344
115,276,0.3257,0.6743,CA,17.9796,16.3793,-11.140226249192395,-10.66142508287848,-78.57536,-15.20675,354.7728
115,179,0.6418,0.3582,CV,16.4904,16.9821,-11.589887942898411,-11.674304340938072,-1.2973,-1.04654,166.127
115,119,0.363,0.637,CA,34.6018,34.2604,-71.8600800936841,-70.97028397020877,-11.86001,-5.97423,91.0464
115,153,0.6015,0.3985,CV,119.5472,120.9584,-56.01722872706843,-56.44649785084522,2.23534,4.66853,639.5044
115,304,0.615,0.385,CV,7.8849,7.9383,-7.6535486226164196,-7.621734705178982,2.73017,-6.39024,79.6568
115,305,0.5671,0.4329,CV,20.814,20.3909,-33.41622497471832,-33.19927799090778,-18.47409,-16.04938,422.4327
115,308,0.4899,0.5101,CA,19.6047,19.4201,-17.322588710114875,-16.799048884238108,8.43156,-8.59641,76.7055
115,218,0.524,0.476,CV,65.6689,65.4856,-39.18229015223948,-38.89673526906715,4.73094,-0.00583,118.1378
115,165,0.5905,0.4095,CV,20.8385,20.8278,-15.936838343107937,-15.902729063817837,-0.07657,2.73058,88.2528
115,273,0.6661,0.3339,CV,18.0731,22.0496,-14.672876825948142,-15.751588339446364,113.16473,-12.85221,330.9184
115,289,0.5,0.5,CA,52.4684,52.4449,-69.63532566925613,-69.63670061698049,-0.15237,-0.73793,534.5636
115,278,0.5632,0.4368,CV,14.2942,14.2278,-18.449452215584493,-18.276629081887585,-2.95299,1.10263,48.198
115,194,0.6135,0.3865,CV,13.8368,13.7335,-24.3075299224882,-24.30115899429313,-16.76562,1.29962,190.8209
115,309,0.7,0.3,CV,6.4971,6.4971,-8.564631888797383,-8.564631888797383,0.0,0.0,49.8599
116,195,0.6173,0.3827,CV,32.6427,32.4989,-12.966816123682676,-12.972438887681328,1.62079,-4.4733,4051.0768
116,221,0.3019,0.6981,CA,31.3009,31.6305,-26.190748956951214,-24.848110583919222,33.20292,-23.07666,212.8216
116,213,0.5898,0.4102,CV,12.7138,12.5535,-30.341212810886304,-30.280055379135845,-4.30714,0.59901,147.5074
116,240,0.5791,0.4209,CV,25.9785,25.9096,-20.55008356676781,-20.394793566671254,2.69407,-2.70156,106.0081
116,249,0.6139,0.3861,CV,38.8981,38.698,-13.306191678459223,-13.298801408084492,0.30551,-4.39311,2026.9647
116,251,0.6041,0.3959,CV,20.0836,20.3004,-21.65935076264549,-21.74578555416354,-2.70201,0.29323,111.8165
116,262,0.5505,0.4495,CV,44.4568,44.0868,-29.083567082085175,-28.80481578849971,11.6965,-5.14533,391.7
116,265,0.6064,0.3936,CV,11.3947,11.4273,-9.592731923834366,-9.604174831577916,-1.78833,1.39005,156.0118
116,238,0.1808,0.8192,CA,46.3733,46.174,-102.14323392169123,-100.28077197851026,9.0792,-3.81105,51.488
116,270,0.6133,0.3867,CV,41.3066,41.231,-33.895637421938304,-33.883646851205924,-3.29793,-1.38255,1108.0477
116,248,0.6185,0.3815,CV,27.0829,27.379,-12.50160455485997,-12.551961142428523,7.26173,2.03024,428.8323
116,281,0.616,0.384,CV,31.0899,31.3621,-17.82240348061923,-17.867343361698964,-1.64412,-1.44037,345.8979
116,285,0.5716,0.4284,CV,33.3778,33.4324,-22.57104361890366,-22.467062070680733,-4.0351,-1.57058,125.0209
116,206,0.5016,0.4984,CV,55.3384,55.0845,-47.2849502621419,-46.904043974686786,-10.69374,-2.73306,244.9444
116,287,0.5921,0.4079,CV,21.5248,21.5025,-20.028979239568145,-19.927618588875205,-0.10113,-1.56619,47.5561
116,214,0.5248,0.4752,CV,32.222,32.2618,-44.912481154003395,-44.56913522441841,4.02087,-1.65435,68.8762
116,159,0.528,0.472,CV,29.0011,28.9427,-37.50571675311821,-37.13846796183383,3.9106,-2.04914,70.2098
116,136,0.5423,0.4577,CV,44.5971,44.6162,-69.53330812132164,-69.27542560492192,-3.86589,-3.27277,102.8532
116,140,0.5649,0.4351,CV,18.5695,18.6501,-28.6829106754301,-28.610321702051344,-11.64893,-2.68369,136.9351
116,293,0.5071,0.4929,CV,31.2719,31.2068,-53.16313935451937,-52.77908346793511,1.84695,-8.41175,211.9113
116,226,0.5661,0.4339,CV,17.7227,17.6052,-18.05703452837863,-17.916264164618724,-1.99876,2.66041,87.7216
116,264,0.376,0.624,CA,37.5296,37.2854,-47.2221999075791,-46.43223000358741,13.47784,-5.93286,85.2907
116,296,0.456,0.544,CA,18.9152,18.6474,-31.519585390364277,-30.843193943472897,21.00433,-8.07233,127.6394
116,298,0.5018,0.4982,CV,19.3154,19.4367,-14.192782693834353,-14.049829720415453,48.0047,-30.41996,420.8451
116,276,0.4045,0.5955,CA,19.5769,18.0202,-12.246868464109994,-11.804053358588728,-81.95112,-19.62083,441.2855
116,179,0.6045,0.3955,CV,18.9777,18.8855,-15.234194595834389,-15.14896655779885,4.26873,-1.90184,161.2057
116,119,0.2103,0.7897,CA,47.2172,46.7758,-89.50992843302431,-88.07860647200904,-18.11662,-14.46317,107.9347
116,153,0.5667,0.4333,CV,62.1027,61.6236,-24.067395027874948,-23.88635573969557,-1.7011,1.97737,727.5887
116,304,0.2428,0.7572,CA,23.8796,23.5637,-24.195300575918356,-22.588387341959795,0.41623,-20.2125,110.1797
116,305,0.3992,0.6008,CA,31.0651,30.0128,-33.65434968311858,-32.8463251588968,-23.47113,-34.95102,537.9376
116,218,0.4786,0.5214,CA,78.2392,77.9711,-47.29133055195689,-46.869016802243166,7.74961,-0.70186,133.0721
116,165,0.6095,0.3905,CV,16.345,16.4218,-12.300671447513281,-12.312426213594765,-1.44024,0.62842,88.5835
116,273,0.6987,0.3013,CV,24.3338,25.9063,-15.69102940495621,-15.986543742562729,-10.14859,-1.37634,314.7883
116,294,0.5,0.5,CA,64.9735,65.0249,-27.562948034556253,-27.48772324736224,-3.29196,1.75733,220.763
116,225,0.5,0.5,CA,46.9803,47.0934,-27.758660838747968,-27.597675701644675,-2.82633,-1.89996,95.4751
116,288,0.5844,0.4156,CV,24.8796,25.3215,-19.032984245475483,-18.940007218231678,2.64186,-7.90632,181.2968
116,299,0.4693,0.5307,CA,26.213,26.0045,-25.290499657458785,-24.981148794470286,-19.22203,8.27654,248.6978
116,278,0.5526,0.4474,CV,18.7411,18.714,-20.89814055514296,-20.715864397235496,-2.85566,-1.14895,47.0474
116,309,0.6318,0.3682,CV,16.9444,16.9444,-17.915966246114163,-17.858978232577364,4.96238,-6.99954,68.9559
117,195,0.6174,0.3826,CV,25.7184,25.5053,-12.885991585016331,-12.891868921427571,1.3205,-3.63719,4059.2024
117,221,0.5562,0.4438,CV,8.5196,9.2265,-7.884926418016875,-8.08816992458839,22.88545,-14.59583,207.6032
117,213,0.5357,0.4643,CV,27.5018,27.3306,-30.866879342409312,-30.5774176629376,-6.33575,3.10318,142.6328
117,240,0.6064,0.3936,CV,9.899,9.9344,-12.5121277792881,-12.527659160645204,1.21988,-1.43223,94.5109
117,249,0.6141,0.3859,CV,25.7586,25.4584,-13.024224167871857,-13.020979676253912,0.13596,-3.80306,1983.7475
117,262,0.5852,0.4148,CV,17.6898,17.5064,-21.64864414676932,-21.61797158407876,4.98084,-5.61933,384.113
117,265,0.6118,0.3882,CV,15.1485,15.1393,-19.19441884886147,-19.192643163948713,-0.74575,1.61934,155.5503
117,238,0.4698,0.5302,CA,6.536,6.5882,-7.560114219028353,-7.586112498002752,8.44749,-2.40995,51.7308
117,270,0.6107,0.3893,CV,37.7648,37.6393,-52.48615363884948,-52.46943259626358,-4.17815,0.38497,1069.0283
117,248,0.6289,0.3711,CV,11.8775,12.1296,-9.857437610469649,-9.910257932162876,1.46564,0.01917,388.1502
117,281,0.6126,0.3874,CV,23.0932,23.0797,-25.355770248447957,-25.342869161794056,-0.11158,-0.93241,316.9854
117,285,0.5689,0.4311,CV,21.7535,21.5215,-13.866216769704392,-13.738097480153291,-3.68207,-1.94477,134.2387
117,206,0.5659,0.4341,CV,10.9613,10.6133,-26.90121154937873,-26.861596021615146,-8.30853,-2.57639,252.4143
117,287,0.603,0.397,CV,8.4592,8.4129,-10.312496363701241,-10.294640774951285,-0.08725,-1.0748,51.1137
117,288,0.5317,0.4683,CV,24.6864,24.658,-57.62826071906918,-57.330709290426135,10.51866,-9.58396,157.2077
117,214,0.5852,0.4148,CV,8.2394,8.2723,-8.139945913862134,-8.146025970687603,3.04107,0.21025,64.8202
117,159,0.5752,0.4248,CV,11.4339,11.3572,-45.040510838374544,-45.00129226200684,2.86637,-1.40321,72.2594
117,136,0.1128,0.8872,CA,88.0113,88.2441,-250.2303508299665,-247.8050878627432,19.55476,-1.33602,111.0438
117,140,0.6064,0.3936,CV,6.4941,6.474,-21.00344313966084,-21.039866614162417,-9.71464,-0.48472,119.7562
117,293,0.5759,0.4241,CV,5.5665,5.3898,-19.946035659615468,-19.939327374719035,2.89166,-6.1801,182.4559
117,226,0.4617,0.5383,CA,29.8641,29.7536,-36.144230489165764,-35.59306083560359,0.07373,6.24731,83.8633
117,264,0.4435,0.5565,CA,11.9156,11.4241,-19.50388021216041,-19.15053476532675,16.67159,-5.22283,94.9676
117,296,0.6427,0.3573,CV,13.2866,14.1413,-19.311747549445364,-19.6592685652655,-7.04131,0.42152,109.085
117,298,0.6763,0.3237,CV,16.5291,18.3202,-14.428394107902756,-14.860322423064446,-5.02109,0.90233,362.6061
117,276,0.5471,0.4529,CV,19.7861,19.8245,-10.8736877336233,-10.89588868719827,-61.2697,-11.05641,524.88
117,179,0.6073,0.3927,CV,12.0221,11.9771,-10.295800072536906,-10.27778991473565,-0.7665,-1.40737,158.4009
117,119,0.4033,0.5967,CA,13.0222,12.4667,-22.51023502489997,-22.224046148876617,-18.50187,-16.8754,122.971
117,153,0.5602,0.4398,CV,58.2744,57.7876,-20.604705520591367,-20.448243060273025,7.16286,-0.67933,791.8336
117,304,0.4808,0.5192,CA,11.3153,11.4271,-14.156044952829546,-14.139404631485245,0.44665,-15.12669,131.7205
117,305,0.4545,0.5455,CA,16.5827,14.8303,-16.460183700200012,-16.118545969950915,-22.75078,-41.51869,598.6547
117,218,0.3548,0.6452,CA,96.9121,96.5383,-74.0862102964707,-73.21643199275383,14.78779,0.58949,145.5991
117,165,0.5972,0.4028,CV,16.8256,16.7416,-12.55637749307268,-12.488857575758924,-2.2825,1.19005,91.4175
117,273,0.2559,0.7441,CA,28.0474,27.6921,-18.03274757435028,-16.370219587486613,-76.48036,7.88901,316.9845
117,309,0.6175,0.3825,CV,7.841,7.7883,-12.58045447997581,-12.565157629499696,9.28537,-1.291,104.4955
117,294,0.5575,0.4425,CV,12.1809,12.0753,-16.311778846348062,-16.240509916352593,-3.11047,3.87287,188.8534
117,225,0.5879,0.4121,CV,10.2061,10.3595,-10.071390959426544,-10.124244287107162,-1.34038,-0.48176,87.7147
117,303,0.5,0.5,CA,9.1842,9.1842,-15.336758021175134,-15.369738986308047,-0.15708,0.83052,166.2125
117,222,0.5,0.5,CA,136.0943,136.6161,-137.5754319085819,-136.64794863221704,-16.47592,9.20004,177.8076
117,289,0.5,0.5,CA,40.6688,40.6868,-37.02988887122623,-37.02906088897197,-0.73402,-0.35107,457.9557
117,278,0.461,0.539,CA,21.6949,21.581,-38.329828152797255,-37.79562250574549,-5.27305,0.20299,43.7299
118,195,0.6177,0.3823,CV,20.7435,20.5418,-12.663464961669185,-12.670162166714679,0.94781,-3.68247,4109.5608
118,221,0.6367,0.3633,CV,8.6965,9.3173,-23.672580919841867,-23.850464533637837,7.04646,-4.61277,174.7558
118,213,0.5011,0.4989,CV,23.3251,22.9684,-29.28033532744609,-28.93112281524195,-8.50068,3.74464,142.6946
118,240,0.4039,0.5961,CA,42.9808,42.9273,-63.274892526578085,-62.4290521800751,8.65873,-2.65396,95.5385
118,249,0.6146,0.3854,CV,22.8777,22.5868,-12.076451448540265,-12.074904237247278,0.64094,-3.98917,1946.3048
118,262,0.586,0.414,CV,27.0995,27.0426,-17.4694983562705,-17.391242180313945,-3.49348,-6.19554,367.1728
118,265,0.6145,0.3855,CV,9.7589,9.7336,-29.336178701144576,-29.33774802072859,-0.47854,1.40263,153.3537
118,238,0.5977,0.4023,CV,4.7588,5.0611,-8.608492974792874,-8.745413642873867,4.37984,-1.3932,51.3593
118,270,0.602,0.398,CV,48.8723,48.7127,-80.50510082245893,-80.4559963311705,-3.79133,0.27896,981.7063
118,248,0.627,0.373,CV,4.7119,4.7823,-15.892812606023192,-15.922307760617784,0.39253,0.16411,357.3836
118,281,0.6018,0.3982,CV,22.1761,22.0829,-11.591602379901818,-11.538612578729717,1.80351,-0.82047,289.7306
118,285,0.5256,0.4744,CV,55.5961,55.5952,-45.031996793100234,-44.73257998368113,-1.26441,-5.08322,116.2219
118,287,0.6054,0.3946,CV,9.7794,9.7321,-11.531008678454594,-11.507184041404805,0.26375,-1.18676,52.0575
118,288,0.5691,0.4309,CV,7.5022,7.2104,-35.38224703301435,-35.312475156604044,9.07428,-7.39072,144.2984
118,214,0.0542,0.9458,CA,66.2348,66.1365,-189.88724004685056,-186.6019358080091,10.14818,8.17218,67.4093
118,159,0.5916,0.4084,CV,22.7588,22.7912,-50.53275536193671,-50.49239742311141,0.5367,-2.02759,66.595
118,136,0.5618,0.4382,CV,20.7598,21.3144,-124.475612367408,-124.96738891823196,9.56574,0.97762,111.3449
118,293,0.5996,0.4004,CV,7.6155,7.5314,-14.1940754564709,-14.185930996532175,1.38277,-4.43568,164.9463
118,226,0.494,0.506,CA,16.3249,16.1365,-21.941773752680916,-21.67000159763347,1.30176,7.25686,85.9047
118,264,0.4775,0.5225,CA,10.3378,9.7774,-14.75561438440448,-14.443540591992884,18.00541,-6.16412,101.592
118,298,0.6377,0.3623,CV,13.5957,13.5633,-39.559714455977655,-39.56389614576387,-2.00292,-0.98522,273.4348
118,276,0.63,0.37,CV,13.648,14.7001,-10.06382827983675,-10.226080495442389,-24.40577,-3.00634,536.1671
118,179,0.6116,0.3884,CV,11.2385,11.1663,-9.472821445417294,-9.46904135004234,-1.07464,-1.52864,150.5082
118,153,0.5508,0.4492,CV,67.7562,67.1628,-21.599318415822264,-21.414202865099668,13.29892,-3.64572,859.5542
118,304,0.5162,0.4838,CV,11.6838,11.3225,-10.639058385327456,-10.429191453260856,-0.18157,-17.52261,134.0253
118,305,0.4737,0.5263,CA,15.7192,13.9241,-16.644042865924966,-16.301211700552514,-28.92119,-44.66801,612.9495
118,218,0.2896,0.7104,CA,70.9193,70.2423,-59.3531125289216,-58.359216467781486,25.54577,2.17984,180.7118
118,165,0.588,0.412,CV,19.3194,19.2024,-14.345288448218128,-14.257994402505856,-2.98466,0.87374,97.6258
118,273,0.583,0.417,CV,10.9373,12.6027,-15.845459629560825,-16.222453946307446,-39.95215,2.39714,299.6373
118,309,0.6217,0.3783,CV,7.7781,7.8018,-45.032237599599114,-45.055965755643236,4.28389,-7.69936,129.2266
118,294,0.6069,0.3931,CV,11.7956,11.9472,-27.87559895403774,-27.92460013877075,0.27782,2.13714,163.8673
118,225,0.6104,0.3896,CV,12.0602,12.1278,-9.202813574136165,-9.22216958918776,0.2723,-0.23201,88.0219
118,303,0.5787,0.4213,CV,4.2718,4.2809,-10.775696047633653,-10.790886928694277,-0.09942,0.28731,152.1638
118,222,0.3233,0.6767,CA,52.7425,51.951,-31.341485626189225,-30.30037610984798,-25.69497,11.06194,196.1517
118,289,0.5741,0.4259,CV,24.4961,24.4668,-35.250727445907415,-35.24701367032224,-0.47269,0.47882,428.5532
118,308,0.5,0.5,CA,4.8118,4.8154,-9.041624676837415,-9.147768860354317,3.82302,-1.02091,143.2624
118,206,0.6127,0.3873,CV,14.9344,15.3122,-34.100897071859606,-34.16230512409981,-3.01751,-1.44784,258.1499
118,140,0.6158,0.3842,CV,2.5326,2.2848,-20.71412882029563,-20.729278693503453,-6.99099,-0.5789,105.4695
118,296,0.5735,0.4265,CV,7.9132,7.6914,-7.921709497130571,-7.7072119319429016,-12.7679,2.11513,93.7227
118,119,0.5172,0.4828,CV,12.5835,12.4051,-10.111784824308577,-10.015572904441047,-13.69284,-15.5491,138.9687
118,278,0.3801,0.6199,CA,16.2579,16.0017,-45.108265971507414,-44.37234587646333,-8.23961,0.82811,44.3588
119,195,0.6177,0.3823,CV,20.5722,20.3631,-12.73063222099448,-12.737131288467326,0.78972,-3.64325,4166.4859
119,221,0.6392,0.3608,CV,4.8532,5.0623,-41.75722919348074,-41.827350344703284,0.23723,0.05897,144.1338
119,213,0.4788,0.5212,CA,22.7657,22.2981,-27.00033804610057,-26.61164593601768,-10.83713,4.67033,145.8446
119,240,0.4358,0.5642,CA,18.4938,17.9802,-26.1264856172495,-25.702200862987162,10.86515,-3.50458,97.8733
119,249,0.6134,0.3866,CV,36.3663,36.1883,-12.68841902334168,-12.681068071208387,2.97018,-4.32286,1914.3942
119,262,0.5917,0.4083,CV,15.6229,15.2446,-27.105229426120665,-27.049422847602763,-3.74616,-5.67616,363.145
119,265,0.6109,0.3891,CV,17.2487,17.2179,-24.114329191992212,-24.096864226990196,-1.62798,1.09061,158.0525
119,238,0.6259,0.3741,CV,8.741,8.9167,-24.073335823627254,-24.144034712503043,-0.16907,0.33145,49.5453
119,281,0.6161,0.3839,CV,5.6678,5.7749,-8.389815274708575,-8.412835924383694,0.67732,-0.88406,276.4408
119,285,0.5043,0.4957,CV,21.2537,21.0823,-17.290485376371798,-16.968729092270245,2.28758,-6.72054,115.5291
119,287,0.6026,0.3974,CV,11.2673,11.1998,-9.436951913659582,-9.397924768593615,0.26903,-1.41436,53.6545
119,288,0.5958,0.4042,CV,11.5559,11.5121,-17.951350777597153,-17.937297338133288,6.09769,-4.31836,135.9335
119,214,0.3258,0.6742,CA,19.0737,18.7902,-46.1369411744401,-45.73683550413464,12.1638,10.68921,70.741
119,159,0.5843,0.4157,CV,13.1363,13.0632,-20.16927296888285,-20.074728830214774,1.97969,-2.02039,65.7464
119,136,0.5379,0.4621,CV,37.7714,38.1845,-73.40955605794925,-73.17003866943746,-13.25589,1.76147,109.9582
119,293,0.612,0.388,CV,5.0718,5.0118,-8.098594788934623,-8.107605846293023,1.57005,-2.68535,150.2324
119,226,0.5156,0.4844,CV,28.9338,28.8678,-41.57740301265831,-41.34629285363403,2.78493,5.69554,95.9512
119,264,0.516,0.484,CV,6.7342,6.0716,-11.993589029107072,-11.787641965111577,18.00132,-5.35672,108.3728
119,276,0.6321,0.3679,CV,17.3268,17.9323,-25.000642109036328,-25.050299969020244,3.69056,2.73135,497.7892
119,179,0.6215,0.3785,CV,15.8655,15.9466,-10.611677087170921,-10.643130181258673,-0.38042,-0.72455,134.3712
119,153,0.5568,0.4432,CV,55.4622,54.6947,-26.897627496171545,-26.7500857082604,15.75567,-4.76036,913.5702
119,304,0.5875,0.4125,CV,7.7412,7.7707,-9.039212691427092,-9.06707240621935,-1.82411,-11.2674,138.3152
119,305,0.5802,0.4198,CV,6.1046,5.8517,-17.96609667538696,-18.024926474004577,-22.7611,-30.44126,583.8668
119,278,0.2688,0.7312,CA,19.5295,19.1636,-31.10230943340045,-29.969247388793622,-14.02931,2.17252,47.9743
119,218,0.2891,0.7109,CA,52.3595,51.365,-51.89863869879493,-50.99318324279282,39.3306,4.93599,237.6983
119,165,0.5884,0.4116,CV,15.1659,14.9988,-10.238730717137122,-10.166154121237213,-3.18888,0.60782,100.4137
119,273,0.6447,0.3553,CV,13.2899,14.3634,-11.193690310640505,-11.367033882912647,3.87813,-2.33115,243.5147
119,309,0.5734,0.4266,CV,16.4464,16.4666,-57.54754470569247,-57.36400087635626,-3.34791,-5.58035,152.0649
119,294,0.5928,0.4072,CV,16.2474,16.2022,-41.759087338871396,-41.67707465901326,2.42169,1.61534,145.08
119,225,0.6097,0.3903,CV,12.5709,12.5685,-9.770233421778366,-9.7538010221151,1.15935,0.60421,85.0121
119,222,0.2802,0.7198,CA,45.3327,44.2377,-29.607291873999017,-28.611242302800296,-40.17644,14.72963,242.0849
119,308,0.5258,0.4742,CV,20.0483,20.2295,-15.796569730738991,-15.597606438724725,-2.31945,-2.54385,128.9994
119,149,0.5,0.5,CA,138.9572,138.9596,-48.13559224694653,-48.064235795150196,-0.73336,1.10947,56.0594
119,220,0.5,0.5,CA,24.4261,24.4302,-43.430465481882436,-43.425738192849764,-0.11213,0.2213,52.5378
119,248,0.6164,0.3836,CV,15.8572,15.8539,-31.31973594512735,-31.30659546532619,2.61547,2.35004,335.4771
119,140,0.6338,0.3662,CV,5.0747,5.3359,-21.202039400944905,-21.28008235044642,-0.86195,-0.68321,92.0684
119,296,0.5526,0.4474,CV,7.5042,7.147,-19.737690775059,-19.540385504308382,-12.96977,2.90267,83.3595
119,119,0.3557,0.6443,CA,41.4614,40.9177,-70.31268113580592,-69.39148826887022,-20.30622,-23.00101,178.9333
119,312,0.7,0.3,CV,4.8769,4.8769,-7.610633039972848,-7.610633039972848,0.0,0.0,36.4301
120,195,0.6179,0.3821,CV,16.1649,15.9615,-12.681367191453555,-12.688625685171496,0.5357,-3.18006,4192.2098
120,221,0.6329,0.3671,CV,5.2296,5.2393,-30.844831650673942,-30.88430639312806,0.51255,0.51457,121.8471
120,213,0.473,0.527,CA,20.8342,20.2897,-23.302998725143205,-22.922820686874672,-12.85033,6.41529,151.1537
120,240,0.2052,0.7948,CA,41.993,41.5066,-49.82854732272075,-48.26387012556074,22.12368,-5.86956,100.9261
120,249,0.6146,0.3854,CV,28.3081,28.1644,-11.685643627208597,-11.68517703691049,2.10097,-2.42904,1822.9859
120,262,0.6116,0.3884,CV,16.0629,16.2041,-12.126540328039104,-12.145471418438119,0.39498,-3.50391,350.5015
120,265,0.5932,0.4068,CV,34.7425,34.7234,-40.85021276429181,-40.76386923795392,-1.21736,2.10112,142.2266
120,238,0.5904,0.4096,CV,11.265,11.236,-37.83534516866787,-37.71541753310986,-2.32904,1.56246,47.7581
120,281,0.5826,0.4174,CV,30.7737,30.6825,-16.378079765058004,-16.24050113318548,1.41958,-0.82851,237.355
120,285,0.4787,0.5213,CA,18.095,17.7573,-13.650226419360196,-13.256704859406776,5.01906,-8.10708,115.1364
120,287,0.609,0.391,CV,7.211,7.1767,-7.463317610731773,-7.455282296081147,0.21757,-1.15676,53.4937
120,288,0.6135,0.3865,CV,12.6502,12.7591,-13.460256500812278,-13.481267437411873,1.77669,-0.30993,129.063
120,214,0.5105,0.4895,CV,2.6185,2.4083,-29.512297179453668,-29.4980655200929,10.68186,8.86266,70.876
120,159,0.5813,0.4187,CV,10.6236,10.4752,-15.673760782054758,-15.577588484555237,2.42284,-1.98273,65.4821
120,136,0.2724,0.7276,CA,29.6265,29.0914,-31.15116077617754,-29.811806925464246,-24.00568,3.10704,120.0819
120,226,0.5023,0.4977,CV,38.0855,37.8643,-46.236102841110466,-45.920585511479025,3.94446,4.24398,113.878
120,264,0.563,0.437,CV,9.2337,9.0198,-10.896932395908824,-10.825127237515154,14.59388,-2.82978,112.6974
120,276,0.5869,0.4131,CV,34.2923,34.3645,-21.825571537366926,-21.682003714161464,-15.40482,0.63806,463.5123
120,179,0.6207,0.3793,CV,8.3518,8.3663,-10.612566769386497,-10.626222551648137,-0.39231,0.23213,124.1077
120,153,0.4165,0.5835,CA,149.4799,148.854,-49.79714291515891,-49.07590225341458,30.0521,-9.02573,898.0094
120,304,0.6245,0.3755,CV,7.2919,7.5502,-9.33537280211981,-9.415308078134839,-2.24654,-3.8543,133.0855
120,305,0.595,0.405,CV,36.5886,36.8576,-30.666927836663533,-30.633494778783465,-9.48272,-13.14564,588.8262
120,278,0.229,0.771,CA,21.0278,20.5522,-25.706033420725824,-24.515776582291693,-22.26428,4.7761,56.1086
120,218,0.1122,0.8878,CA,79.2623,77.8101,-52.96380418310528,-50.89027025228582,78.66086,10.72902,346.2901
120,165,0.5872,0.4128,CV,15.7618,15.5933,-10.025598871722519,-9.947611895114107,-3.28977,0.98496,103.5871
120,273,0.6359,0.3641,CV,4.1433,4.0051,-7.840290891577073,-7.884513151581002,3.53869,-1.88581,197.7783
120,309,0.6063,0.3937,CV,17.6404,18.0014,-40.527592628180436,-40.5509783077174,6.07267,-1.82656,155.7425
120,225,0.5906,0.4094,CV,27.742,27.7116,-29.101554210030727,-29.00622671779888,2.06267,-0.00196,91.3509
120,222,0.3113,0.6887,CA,37.8209,36.4513,-23.71039275819323,-22.92405913999593,-55.28282,19.15798,316.2676
120,312,0.5867,0.4133,CV,24.5749,24.5749,-30.089436099149392,-29.842586208659146,13.85553,-0.12258,50.72
120,308,0.5937,0.4063,CV,11.0976,11.2769,-9.75251820277548,-9.79244723159667,-3.99527,2.04537,120.5925
120,149,0.5715,0.4285,CV,9.4751,9.4573,-13.836182812237961,-13.821890864463334,-1.00107,0.63105,50.3739
120,220,0.5706,0.4294,CV,13.2001,13.1817,-27.52547017030457,-27.50762604202169,0.15416,0.34385,49.7324
120,194,0.5,0.5,CA,88.4947,88.6303,-51.65756058847844,-51.39569612078986,7.95309,-0.42357,203.4393
120,303,0.5,0.5,CA,7.4909,7.5042,-7.968603033704895,-7.984978648196554,-0.70339,0.05406,140.4097
120,296,0.3345,0.6655,CA,15.2162,14.7478,-38.54895933361856,-37.48281765511217,-21.88633,5.45118,78.846
120,119,0.4415,0.5585,CA,22.2503,21.4831,-21.75473866370884,-21.4217007663085,-24.58776,-23.60076,217.1821
120,313,0.7,0.3,CV,13.6862,13.6862,-9.535508133708408,-9.535508133708408,0.0,0.0,44.5157
121,195,0.618,0.382,CV,15.4397,15.2602,-12.653745368447726,-12.661245528144194,0.46674,-2.79316,4208.3016
121,221,0.6239,0.3761,CV,6.1276,6.1001,-14.635662180442491,-14.64591782880915,1.35192,0.24052,105.9354
121,213,0.5141,0.4859,CV,12.6913,12.1106,-10.985960372491448,-10.778772075986627,-12.67736,7.13963,156.81
121,240,0.5004,0.4996,CV,3.9342,4.41,-7.010298226217328,-7.12476424577081,17.96816,-4.71598,105.4755
121,249,0.6154,0.3846,CV,34.6336,34.6179,-12.017449483508358,-12.018848856781263,-1.60087,-1.42556,1736.442
121,262,0.6158,0.3842,CV,16.4399,16.4888,-19.50353591794091,-19.510872107603202,-1.77033,-1.96514,333.8281
121,265,0.5933,0.4067,CV,16.7691,16.688,-24.687972522036286,-24.62848415209959,-2.69045,1.47152,139.9325
121,238,0.5956,0.4044,CV,6.3114,6.2194,-34.78276501335194,-34.73684000951407,-1.69052,1.64945,46.4683
121,281,0.6089,0.3911,CV,11.4222,11.495,-9.862799759178092,-9.883532565749258,2.28844,-0.23186,220.381
121,285,0.4824,0.5176,CA,13.2161,12.7641,-10.155501933124796,-9.813300951803402,6.209,-9.41247,113.1516
121,287,0.6124,0.3876,CV,5.2995,5.2651,-7.35445241182676,-7.351462509519008,0.16418,-0.87802,53.3861
121,288,0.626,0.374,CV,12.4076,12.5194,-40.14907214590618,-40.19676015486776,-0.22497,-0.03846,113.5934
121,214,0.5534,0.4466,CV,15.2009,15.1653,-46.224333963609816,-46.12144402463024,9.17999,4.80985,76.9379
121,159,0.5882,0.4118,CV,7.9811,7.8194,-14.12749243103156,-14.064066960769326,2.39383,-1.69451,66.3293
121,264,0.5352,0.4648,CV,15.7331,15.388,-16.545198821600543,-16.29319722767497,14.82016,-2.21304,121.1818
121,276,0.5963,0.4037,CV,23.7699,23.593,-16.117751267951977,-16.079766934920755,-10.60149,2.2446,426.9774
121,179,0.6203,0.3797,CV,4.7578,4.7542,-11.439613488147424,-11.452501563085324,-0.68334,0.46187,117.54
121,153,0.3612,0.6388,CA,81.8947,80.3123,-50.53681219435386,-49.783078690772925,47.01283,-12.8977,1010.2591
121,304,0.6189,0.3811,CV,12.0995,12.1304,-10.108326930617995,-10.109806814328042,-1.40223,-2.54926,118.6142
121,305,0.6208,0.3792,CV,15.562,15.9399,-9.98479131533221,-10.037761340538268,0.14243,-2.05247,542.2834
121,278,0.2722,0.7278,CA,16.5154,15.8569,-15.484723712874661,-14.580844921809003,-30.54945,6.98893,69.0764
121,218,0.1469,0.8531,CA,60.6472,58.5083,-36.31908530903476,-34.80385435259676,125.30808,19.77682,478.0714
121,165,0.6004,0.3996,CV,12.2884,12.2075,-8.870597056833418,-8.849305406270805,-2.55003,0.53935,112.4836
121,273,0.2851,0.7149,CA,40.6835,40.8183,-41.975647389569474,-40.555855416898424,-30.96528,1.57086,189.0713
121,309,0.5369,0.4631,CV,18.1689,17.9848,-38.18533969169234,-37.876444021102685,9.64342,0.49475,151.2344
121,225,0.5307,0.4693,CV,48.026,47.8881,-36.19983563119762,-35.88923874353797,4.15149,-0.29743,99.6235
121,222,0.3189,0.6811,CA,37.83,36.1782,-23.85688038202584,-23.06224406207781,-74.0157,22.54077,415.2508
121,312,0.3833,0.6167,CA,13.4268,13.0268,-14.038556510489629,-13.135338934669297,27.97964,-2.57369,99.2584
121,308,0.5115,0.4885,CV,26.1733,26.1427,-23.784530599533227,-23.392460525107964,-3.29862,5.09585,121.2923
121,313,0.6462,0.3538,CV,5.8996,5.8996,-7.1596708838397625,-7.164748251774588,-2.77824,1.87542,61.9996
121,149,0.5988,0.4012,CV,10.9674,10.9752,-11.904079340977795,-11.899031456126353,-0.90444,-0.22944,49.0784
121,220,0.5876,0.4124,CV,24.1301,24.1349,-42.928699941988874,-42.878554468776684,1.28041,0.07152,46.0656
121,194,0.5567,0.4433,CV,30.7419,30.4768,-32.88002872651762,-32.80569430992995,6.69668,-0.35357,197.7978
121,303,0.5757,0.4243,CV,8.7649,8.7619,-8.67963889532014,-8.682525478845681,-0.6961,0.49021,133.9615
121,129,0.5,0.5,CA,362.4491,361.8856,-55.59325508557761,-55.19645931709395,40.45289,-0.15333,784.5214
121,206,0.5,0.5,CA,47.6519,47.7322,-30.02696511865281,-29.981054406001043,2.22211,0.03539,237.7774
121,294,0.5,0.5,CA,35.8854,35.8556,-26.553808044255494,-26.29099363722036,-0.56956,4.73733,119.6505
121,226,0.5807,0.4193,CV,33.2062,33.3471,-27.872251737044515,-27.89235849990157,3.90355,1.45057,101.7008
121,315,0.7,0.3,CV,4.9383,4.9383,-9.358256644670561,-9.358256644670561,0.0,0.0,26.5825
122,195,0.6182,0.3818,CV,14.6174,14.4678,-12.617895336721315,-12.625825640251412,0.26523,-2.34477,4212.6759
122,221,0.6114,0.3886,CV,8.296,8.2278,-8.606961742519779,-8.577672044357524,2.2061,0.00605,93.6835
122,213,0.5179,0.4821,CV,14.8161,14.3247,-16.87347012948829,-16.622423143508215,-13.28236,7.97957,156.1696
122,240,0.6409,0.3591,CV,10.9973,11.677,-31.365638622774423,-31.642034471228985,2.59984,-0.55613,103.3979
122,249,0.6149,0.3851,CV,24.2639,24.0851,-11.20662823098195,-11.204379792713967,-0.48717,-0.35813,1627.6318
122,262,0.5856,0.4144,CV,45.154,45.1412,-31.871236101229403,-31.74647012895715,2.18725,-2.05348,293.6312
122,265,0.5764,0.4236,CV,24.7733,24.6663,-21.991110519433732,-21.86169418017992,-4.40588,0.26441,140.9911
122,238,0.6014,0.3986,CV,7.442,7.3966,-26.08425570442818,-26.054641852974438,-0.73783,1.54664,45.5924
122,281,0.6168,0.3832,CV,15.8621,15.9534,-12.100192473938066,-12.115856679920157,-0.47151,0.94432,197.5185
122,285,0.5344,0.4656,CV,10.5442,10.2736,-9.937580406954629,-9.798396528593088,5.90124,-9.09006,116.7935
122,287,0.6087,0.3913,CV,9.1406,9.1001,-10.73204285896665,-10.708042400916955,0.37683,-0.85744,52.1886
122,288,0.6164,0.3836,CV,9.1843,9.1698,-50.42845489491506,-50.41723768961145,-1.57499,0.34997,103.2865
122,214,0.6086,0.3914,CV,8.778,8.9071,-47.88022971893738,-47.94222150321707,5.10827,1.35527,74.4877
122,159,0.6042,0.3958,CV,4.1293,4.035,-18.88760854974978,-18.880587814777755,1.62245,-1.28842,67.8901
122,264,0.573,0.427,CV,12.5811,12.4159,-11.577217926038003,-11.518206361647314,11.1023,-0.41637,124.621
122,276,0.5996,0.4004,CV,26.9755,26.9795,-13.712120284598058,-13.674134756889686,-2.33298,4.27108,392.1243
122,179,0.6201,0.3799,CV,2.5781,2.5638,-27.952275951918995,-27.96481723888644,-0.56738,0.341,112.1323
122,153,0.3289,0.6711,CA,73.6474,71.5305,-49.91564196709836,-49.09647810622913,71.43472,-18.15855,1156.6816
122,304,0.6212,0.3788,CV,6.1217,6.1394,-8.615826273305057,-8.635295472990984,-1.43505,-0.32338,109.5651
122,305,0.6183,0.3817,CV,18.9443,19.0555,-20.250838459581296,-20.255164281287943,4.938,4.03069,491.0835
122,278,0.2144,0.7856,CA,17.1343,16.1362,-14.795671041330616,-13.515880523190143,-45.80077,10.94521,90.036
122,218,0.2308,0.7692,CA,34.1532,31.0941,-20.47488705954674,-19.46620401933771,158.06737,27.96377,655.3735
122,165,0.5874,0.4126,CV,25.891,25.7439,-15.350142813439216,-15.255265574323523,-3.27479,0.49282,123.8036
122,273,0.3843,0.6157,CA,12.7518,11.3425,-14.37033463930192,-13.899685960254853,-38.48611,2.24219,196.2835
122,309,0.5665,0.4335,CV,5.6857,5.1656,-37.14023542618497,-37.05267651996251,8.67535,0.26769,145.8138
122,225,0.4641,0.5359,CA,58.0881,57.8309,-41.72836037955616,-41.23800542357469,6.77658,-0.55354,109.1976
122,222,0.1517,0.8483,CA,56.934,54.7776,-41.64658701912201,-39.878901055014694,-127.37079,34.21791,575.3573
122,312,0.3051,0.6949,CA,10.3727,9.2343,-11.339712175099603,-10.379519689002354,43.65558,-3.14538,160.0803
122,308,0.5198,0.4802,CV,15.2517,14.9373,-20.861449182655132,-20.621991669354344,-5.2519,5.64492,115.1255
122,313,0.6079,0.3921,CV,8.6429,8.6047,-24.704265628105745,-24.626900962406708,-5.90141,6.54926,90.2979
122,149,0.5971,0.4029,CV,14.0962,14.064,-11.778910139277905,-11.726556044445953,-0.94018,-0.99589,48.9189
122,220,0.5769,0.4231,CV,17.67,17.6095,-41.25281955384723,-41.13393835756296,2.05152,0.25013,44.2549
122,315,0.6486,0.3514,CV,1.7872,1.7872,-5.6842654606526,-5.699886693815965,0.29599,0.32843,36.8336
122,194,0.5875,0.4125,CV,34.1103,33.9975,-36.65276750646232,-36.62248609131849,4.56621,-0.36804,225.8077
122,129,0.6007,0.3993,CV,18.2636,19.4399,-18.35480622119038,-18.460714896404472,21.45222,1.1543,765.3176
122,206,0.5696,0.4304,CV,14.2251,14.1593,-12.053187736972642,-12.03098137376114,3.46561,-0.40492,228.2821
122,294,0.549,0.451,CV,13.5774,13.4482,-10.344229285599404,-10.238543408043316,-2.0096,4.23954,107.0054
122,140,0.5,0.5,CA,67.4703,67.455,-59.76704228432174,-57.927442671036495,-12.92946,0.76233,68.2281
122,296,0.5,0.5,CA,57.7391,58.7413,-83.1978222059961,-77.88072957849737,69.60117,-14.26112,72.3772
122,303,0.6042,0.3958,CV,10.7638,10.8052,-8.54104632533555,-8.552174620847717,-0.42426,-0.06732,122.5979
123,195,0.6183,0.3817,CV,14.9343,14.7901,-12.597647865477489,-12.605623798746393,-0.0459,-2.21062,4216.1081
123,221,0.6028,0.3972,CV,8.3445,8.2446,-8.540670144407464,-8.493815745076944,2.46449,0.03447,84.2056
123,213,0.4995,0.5005,CA,12.3424,11.704,-34.37732337733656,-34.04748290769,-15.63588,8.65688,156.1613
123,240,0.6294,0.3706,CV,8.4096,8.4842,-23.417602427475266,-23.43941979061823,-1.28734,0.87127,98.5587
123,249,0.616,0.384,CV,64.1866,64.3861,-15.867216691249325,-15.87075818531741,-3.02495,-1.27266,1648.3309
123,265,0.5349,0.4651,CV,33.4108,33.203,-20.521241438462503,-20.248376107179265,-6.29489,-1.05749,144.0273
123,238,0.5981,0.4019,CV,9.067,9.0048,-20.71749280581255,-20.665579774457903,-0.13359,1.57624,44.8655
123,281,0.5901,0.4099,CV,26.7177,26.6859,-31.695059992820873,-31.587465925901157,-3.26471,1.54841,181.1204
123,285,0.4953,0.5047,CA,14.2564,13.7697,-10.342889492023124,-9.972161756653666,6.86441,-11.67844,115.8472
123,287,0.6042,0.3958,CV,8.4612,8.4003,-12.135763580196603,-12.098587439714905,0.62325,-0.77079,50.727
123,288,0.5756,0.4244,CV,27.1686,27.2511,-25.073885685823168,-24.906872689238284,3.50105,-1.51652,92.4947
123,214,0.5333,0.4667,CV,16.9091,16.7657,-46.571016484062994,-46.24445700627433,7.05298,0.34895,73.4625
123,159,0.6128,0.3872,CV,4.2748,4.2549,-23.459243367181795,-23.46483421687118,0.93579,-1.05095,67.3787
123,264,0.6043,0.3957,CV,10.3419,10.373,-8.889025011610522,-8.904774307352382,5.81504,0.96464,123.529
123,276,0.5782,0.4218,CV,33.0988,32.9347,-35.67329216195458,-35.54189973664663,-7.77082,3.70436,385.4724
123,179,0.6155,0.3845,CV,14.3588,14.3829,-19.90674900319177,-19.900475391956384,0.94386,0.40541,108.9263
123,153,0.3361,0.6639,CA,57.2529,54.4991,-32.043601224393974,-31.302261237371287,98.92239,-21.50262,1362.8866
123,304,0.6098,0.3902,CV,8.3085,8.2381,-8.770876472934985,-8.73885280095248,-1.43202,0.98999,98.5197
123,305,0.5084,0.4916,CV,58.8414,58.5644,-26.38879340651226,-25.94815660897615,13.50794,9.74141,473.4083
123,278,0.2599,0.7401,CA,11.9194,10.5983,-10.108730582848018,-9.162271733666888,-60.19541,15.19836,116.7569
123,218,0.4659,0.5341,CA,21.5668,21.3136,-11.8199994071083,-11.760175595228185,136.62687,29.31921,823.1665
123,165,0.5968,0.4032,CV,26.5312,26.5196,-16.144865327928414,-16.10843519244544,-2.85072,-0.30383,115.2456
123,273,0.1311,0.8689,CA,33.287,31.9947,-33.550365043336875,-31.521226127694305,-73.56571,5.54372,212.8496
123,309,0.5387,0.4613,CV,10.9857,10.5526,-49.13247894061519,-48.88921208843601,10.00094,0.6541,136.2986
123,225,0.3828,0.6172,CA,67.3496,66.969,-49.63946126820013,-48.91072853894808,11.52579,-0.78807,122.7304
123,222,0.2941,0.7059,CA,30.7607,28.5909,-29.847824009803592,-29.160429383152145,-152.97873,36.0563,688.9569
123,312,0.2622,0.7378,CA,12.0395,10.4936,-17.21002804691952,-16.148228947372047,64.25672,-2.67125,201.4196
123,308,0.5285,0.4715,CV,19.1125,18.8949,-14.190225160798587,-13.97381688154556,-3.70576,6.0671,120.3714
123,313,0.4923,0.5077,CA,10.2118,9.9143,-60.92321086117542,-60.433472058694214,-0.76686,13.04222,116.7433
123,149,0.5886,0.4114,CV,18.3907,18.3591,-17.529966301072484,-17.4452732621408,-0.06335,-1.7843,49.1572
123,220,0.5815,0.4185,CV,10.2493,10.1528,-36.35819684094486,-36.273573823171255,2.18034,0.62961,44.8092
123,315,0.6125,0.3875,CV,7.1627,7.1493,-14.865772294430052,-14.804393487837348,6.37931,3.77211,55.0279
123,194,0.595,0.405,CV,51.2083,51.0688,-39.877719941492565,-39.83354178945824,3.44951,-0.66731,281.5281
123,129,0.5946,0.4054,CV,18.2702,17.5276,-11.463426839573929,-11.398055391641703,20.27719,-0.24622,739.7578
123,206,0.5918,0.4082,CV,13.4036,13.273,-9.557328166911724,-9.526007172907384,3.9686,-0.27526,225.3174
123,140,0.5891,0.4109,CV,4.1073,4.266,-8.101292305779218,-8.159427183898426,-8.54591,0.32752,67.0887
123,296,0.7647,0.2353,CV,16.1101,18.5861,-13.52812489211367,-14.404677712712466,-41.53833,8.91378,101.8982
123,211,0.5,0.5,CA,38.9158,38.9168,-15.356287768528418,-15.347800507519395,-0.42019,-0.11597,41.3384
123,251,0.5,0.5,CA,54.6618,54.6528,-17.179144375277996,-17.1338503962195,-1.23218,1.13784,100.5293
123,136,0.5,0.5,CA,42.101,42.3007,-29.255006324440792,-29.148899308838633,-4.00499,-0.3595,182.0022
123,317,0.7,0.3,CV,17.2375,17.2375,-23.1491051209368,-23.1491051209368,0.0,0.0,72.6999
123,318,0.7,0.3,CV,7.1492,7.1492,-13.525093340813878,-13.525093340813878,0.0,0.0,40.9265
124,195,0.6179,0.3821,CV,32.3094,32.2418,-12.842805478830362,-12.84924758810117,-0.34372,-1.02099,4139.2911
124,221,0.6088,0.3912,CV,4.3997,4.3154,-10.508289853885305,-10.498957941013765,1.82365,0.25528,77.0308
124,213,0.6071,0.3929,CV,8.4848,8.9008,-18.481841579705733,-18.615466575041772,-7.85667,4.71637,156.807
124,240,0.6217,0.3783,CV,5.5344,5.4762,-23.369913466076973,-23.375809798375304,-1.12863,1.20036,92.3993
124,249,0.6125,0.3875,CV,40.6805,40.4924,-12.566726601152496,-12.553691804513182,-3.02936,-1.15816,1669.5997
124,265,0.4918,0.5082,CA,36.054,35.7167,-22.580911428362768,-22.19561898733811,-8.55682,-2.16301,149.9058
124,238,0.5936,0.4064,CV,9.569,9.4868,-13.04885180798753,-12.983328730829541,0.11898,1.63939,44.9201
124,281,0.5987,0.4013,CV,16.2366,16.1923,-25.454002539998186,-25.421302179773093,-2.80418,0.4618,174.6997
124,285,0.5851,0.4149,CV,15.2986,15.4388,-11.383216843161858,-11.43132769306644,3.98679,-7.02014,124.5857
124,287,0.6148,0.3852,CV,2.0683,2.0776,-5.976368777554765,-5.990267752592317,0.5519,-0.37681,51.2309
124,288,0.6166,0.3834,CV,6.7716,6.9454,-7.3857939708402425,-7.44950433587719,1.34229,-0.27299,86.2899
124,214,0.4368,0.5632,CA,22.7876,22.5968,-38.038787391428414,-37.434407536197924,7.6936,-2.81277,72.6021
124,159,0.6142,0.3858,CV,5.1084,5.0698,-20.13518512351039,-20.134025091389173,0.83041,-0.80219,66.0295
124,264,0.6084,0.3916,CV,13.2458,13.2628,-9.64037807555127,-9.62744772922252,1.40155,2.00881,118.4517
124,276,0.5802,0.4198,CV,31.2016,30.9176,-27.72060616278263,-27.62865245958636,-5.96044,4.37319,389.3876
124,179,0.6057,0.3943,CV,15.5456,15.4918,-18.66749657754429,-18.626569035319502,1.79911,0.32143,104.5555
124,153,0.3356,0.6644,CA,49.6185,45.9163,-22.168745194012754,-21.415334059708766,132.1804,-27.36289,1625.4112
124,304,0.6107,0.3893,CV,4.4006,4.2944,-6.329381922841273,-6.317826025669323,-1.00457,1.14894,88.9658
124,305,0.3953,0.6047,CA,65.1697,64.3697,-33.22525881254815,-32.48569451185657,22.18237,14.69358,482.0482
124,278,0.5424,0.4576,CV,6.8548,7.4038,-20.274916586301895,-20.48119790847885,-42.71018,12.71014,128.4711
124,218,0.0621,0.9379,CA,89.8016,93.6496,-61.10864959125203,-58.14034588211911,-233.6106,-38.47242,1022.2389
124,273,0.7037,0.2963,CV,17.8894,19.9322,-11.53066613909398,-12.613068001709566,-23.2752,1.96839,196.4704
124,309,0.5412,0.4588,CV,8.9546,8.4995,-46.76739762608665,-46.574766048141086,10.368,0.96432,129.3621
124,225,0.2558,0.7442,CA,79.4494,78.886,-64.18634801754594,-62.98214456822281,21.82961,-1.74838,146.3054
124,222,0.6433,0.3567,CV,20.6789,24.3142,-14.216116374860448,-14.793964755954704,-66.14518,9.33641,711.4655
124,312,0.7108,0.2892,CV,11.623,13.672,-11.213020555322824,-12.145195859966293,11.63159,0.96388,177.2335
124,313,0.6319,0.3681,CV,3.1105,3.5751,-79.64453253046604,-79.89347878774439,-3.06397,7.89968,119.7319
124,149,0.5764,0.4236,CV,15.9859,15.89,-13.254538848575876,-13.131974114250973,0.1641,-2.30744,49.7541
124,220,0.565,0.435,CV,14.4465,14.3327,-35.490252698141106,-35.33152495926264,2.75469,1.13454,45.8842
124,194,0.6047,0.3953,CV,25.812,25.6501,-31.356177617689273,-31.341067478412263,2.39366,-0.57986,331.7079
124,129,0.5528,0.4472,CV,38.9395,38.2014,-38.15751721568104,-37.93023951867959,25.18008,-0.46297,694.6528
124,206,0.5964,0.4036,CV,16.5267,16.4283,-33.58978389885566,-33.54509232326997,3.72995,-0.56123,207.3696
124,317,0.6311,0.3689,CV,21.9573,21.9573,-47.504574430001384,-47.44428678206078,-10.23352,1.90083,100.4662
124,140,0.6426,0.3574,CV,8.1286,8.496,-22.177515590608625,-22.33265744502695,-1.38103,-0.16168,63.7835
124,296,0.1661,0.8339,CA,16.3913,15.6131,-19.33584791951043,-17.024482066529515,-66.59268,14.07172,119.9089
124,211,0.5752,0.4248,CV,5.895,5.8918,-6.785559919673023,-6.786183730554748,-0.30504,0.05429,38.5249
124,251,0.5773,0.4227,CV,1.8984,1.8551,-5.968107726445836,-5.977423970704257,-0.93009,0.75257,92.3745
124,136,0.551,0.449,CV,28.9777,28.8683,-22.87848099484278,-22.781014080726244,1.84132,-0.29755,185.9004
124,293,0.5,0.5,CA,72.8816,72.8977,-28.38338625652106,-28.250349088588223,0.66744,2.32436,158.9286
124,315,0.6336,0.3664,CV,1.9744,1.8014,-7.269183694364358,-7.350958728682779,5.42407,1.70187,66.4819
124,320,0.7,0.3,CV,3.3753,3.3753,-5.960004791322357,-5.960004791322357,0.0,0.0,22.0903
125,195,0.6144,0.3856,CV,64.7238,64.5742,-14.296853411735892,-14.289012178490976,-0.22076,1.02528,3944.3376
125,221,0.6085,0.3915,CV,9.1683,9.1499,-13.230459750726101,-13.21118618354416,0.94397,1.01979,70.0861
125,213,0.609,0.391,CV,20.2322,20.5072,-29.98624880677656,-29.971596220410632,4.02309,0.24526,143.6688
125,240,0.6133,0.3867,CV,10.424,10.3994,-23.266103732438964,-23.24778084768966,0.37392,1.34906,87.188
125,249,0.6137,0.3863,CV,26.541,26.3509,-11.701961149426712,-11.699061381245727,-3.40351,-0.31979,1637.5983
125,265,0.4677,0.5323,CA,40.307,39.8853,-26.79907590512896,-26.379314079819924,-11.1779,-2.68551,168.0288
125,238,0.5687,0.4313,CV,17.9486,17.8719,-19.532196180770043,-19.370812757931564,0.71584,2.25201,43.8889
125,281,0.5594,0.4406,CV,34.1751,34.0326,-45.377663145950166,-45.170922864360065,-4.81562,1.14635,162.5874
125,285,0.5998,0.4002,CV,11.3763,11.2836,-9.091485864004937,-9.070808942104852,3.04832,-4.3065,129.3227
125,287,0.6146,0.3854,CV,7.2978,7.2933,-8.742871594557503,-8.740306192197886,0.7612,0.28103,51.3866
125,288,0.6061,0.3939,CV,18.7673,18.805,-14.185863827288035,-14.144846471061204,-0.62118,1.24683,84.0597
125,214,0.4043,0.5957,CA,15.5068,15.1674,-36.030593586394374,-35.43055425458804,12.73491,-1.03089,75.349
125,159,0.6166,0.3834,CV,7.4348,7.4462,-26.681009711354243,-26.687912353712086,0.78405,-0.03645,66.5895
125,264,0.5875,0.4125,CV,18.4074,18.3024,-13.814797511363416,-13.708805722127853,-0.51801,3.00641,114.6063
125,276,0.5923,0.4077,CV,39.881,39.8225,-21.72969211973797,-21.6849010120552,-1.47629,4.13225,408.7553
125,179,0.5805,0.4195,CV,23.9773,23.8831,-23.528023130202214,-23.39720239083738,2.98094,0.45286,98.548
125,153,0.4179,0.5821,CA,31.2823,27.402,-16.6357939318516,-16.2347098836005,144.7622,-27.94333,1863.5777
125,304,0.6055,0.3945,CV,7.9166,7.8557,-7.955970366030853,-7.921452927161505,-0.52849,1.90476,81.7872
125,305,0.5054,0.4946,CV,16.7762,15.7168,-15.843790512832326,-15.711900690550102,21.06606,13.63813,504.6595
125,278,0.5405,0.4595,CV,8.3822,7.8559,-19.128878996073773,-18.92801820184186,-35.2661,12.15481,131.3865
125,218,0.0142,0.9858,CA,46.75,41.2972,-22.966634920107534,-19.042212660986937,-440.13015,-74.90315,790.2362
125,273,0.5812,0.4188,CV,22.2483,22.9958,-17.37725273389092,-17.102028682578023,24.77966,-1.97801,167.0913
125,309,0.5375,0.4625,CV,12.558,12.2362,-40.1352201908588,-39.923808546740844,10.33692,2.34843,124.1341
125,225,0.2192,0.7808,CA,63.4887,62.6585,-45.81036427777937,-44.58213638463363,37.99559,-2.60812,179.7539
125,222,0.6652,0.3348,CV,13.2016,14.7272,-12.089630441120816,-12.264806009208412,-8.82407,-2.84776,621.7338
125,312,0.6418,0.3582,CV,10.614,10.9026,-8.911351663716744,-8.880794125607682,-8.87984,4.49093,142.4811
125,313,0.5922,0.4078,CV,8.8568,8.8522,-75.55856802560928,-75.43705133929434,4.83098,6.95362,104.9005
125,149,0.5783,0.4217,CV,11.6029,11.4783,-12.019717997195292,-11.922811073756364,0.2075,-2.48344,50.1703
125,220,0.5266,0.4734,CV,19.547,19.4009,-26.651231914763827,-26.361667684597975,3.55521,2.18247,47.5074
125,194,0.6136,0.3864,CV,36.0007,36.0704,-21.605692853664657,-21.613922998119115,1.78793,-0.74331,313.1206
125,129,0.3431,0.6569,CA,92.102,91.0187,-44.41417754935324,-43.38607454400842,47.67327,0.01265,772.6592
125,206,0.6187,0.3813,CV,12.9577,13.126,-24.471711467388115,-24.513590036426827,1.43646,0.23611,203.9119
125,317,0.5222,0.4778,CV,20.2858,20.0143,-42.97781665345191,-42.573500297036155,-21.46297,10.56681,168.3549
125,140,0.6254,0.3746,CV,7.535,7.5914,-49.49398472908247,-49.495954662601235,1.51957,0.13469,58.9257
125,296,0.2472,0.7528,CA,12.5336,10.9465,-20.539340580769277,-19.59356757842731,-89.81001,19.6761,137.752
125,320,0.6214,0.3786,CV,14.8137,14.8137,-17.44143623686237,-17.33964124245882,-4.81754,4.69508,28.9612
125,211,0.5952,0.4048,CV,13.2236,13.2084,-19.072697215784476,-19.047424894213368,-0.78005,0.40796,39.0432
125,251,0.5991,0.4009,CV,8.0232,8.0111,-10.371831537968088,-10.35946636142603,0.2587,1.45409,85.396
125,136,0.5676,0.4324,CV,29.4842,29.2892,-26.930066393495537,-26.826294058088052,4.87238,0.22965,198.9514
125,293,0.5631,0.4369,CV,26.6291,26.5027,-15.992067464378806,-15.943545695092183,1.00122,1.94836,154.2878
125,315,0.6166,0.3834,CV,7.5044,7.5728,-7.640181101757877,-7.618226699809588,0.11395,5.40383,70.9475
125,321,0.7,0.3,CV,10.8301,10.8301,-8.397819231242519,-8.397819231242519,0.0,0.0,63.4871
126,195,0.6141,0.3859,CV,35.8907,35.5181,-13.188405395442935,-13.184427083374144,-0.18101,1.33822,3797.586
126,221,0.5702,0.4298,CV,23.8493,23.8378,-25.11903311786618,-24.941915632928392,-1.36599,2.33996,67.363
126,213,0.594,0.406,CV,16.4471,16.4936,-54.33428517702906,-54.25431574969367,-1.38669,3.90679,132.6301
126,240,0.5818,0.4182,CV,20.5706,20.4955,-22.43329001861129,-22.29652817534128,-0.59409,2.60584,84.9732
126,249,0.6144,0.3856,CV,26.2395,26.09,-12.479296110042457,-12.477839473210645,-3.12225,0.93232,1624.2595
126,265,0.4733,0.5267,CA,45.7104,45.2235,-22.79209885869006,-22.428994503355533,-13.32665,-2.31189,201.5275
126,238,0.528,0.472,CV,20.4721,20.3667,-27.4439369364559,-27.154574402035486,-0.02857,3.51238,43.3019
126,281,0.3604,0.6396,CA,63.9161,63.6662,-96.33544198212455,-95.37394946304768,-10.66569,2.86452,153.8957
126,285,0.5914,0.4086,CV,22.233,22.1166,-14.481359784472684,-14.404242353666932,3.14646,-2.70606,137.346
126,287,0.5901,0.4099,CV,22.5486,22.5528,-20.84188324868571,-20.737322724371467,-0.45434,1.84849,50.9569
126,288,0.5644,0.4356,CV,25.329,25.239,-19.45501193363544,-19.257998005071304,-1.92656,2.55641,82.115
126,159,0.6096,0.3904,CV,18.1923,18.2039,-40.09870220046265,-40.072372673439574,0.05261,1.1882,68.8886
126,264,0.5542,0.4458,CV,25.4382,25.2669,-18.648731381565973,-18.437487322123246,-1.66349,4.1987,114.848
126,276,0.5903,0.4097,CV,38.9655,38.7155,-21.132172711020047,-21.061261418317258,-0.27342,4.65308,424.3182
126,179,0.5717,0.4283,CV,22.1381,22.0563,-17.396828875796814,-17.266888897391627,2.71161,2.08752,94.1733
126,153,0.5135,0.4865,CV,24.9816,22.8726,-11.479079350733139,-11.347473844864684,127.69122,-18.65184,2006.8398
126,305,0.5247,0.4753,CV,24.8667,23.8602,-11.098190977783613,-10.887184330306603,21.4034,15.68427,514.5361
126,278,0.2008,0.7992,CA,20.5985,19.633,-22.406242869937667,-20.66406717188181,-60.73807,22.36801,155.354
126,218,0.9807,0.0193,CV,35.3149,44.0697,-25.09908639526402,-29.412975557742367,-226.10673,-27.07983,420.6606
126,273,0.5662,0.4338,CV,14.5267,14.2927,-13.141463192758897,-12.988090933175858,20.5539,0.49593,153.7062
126,309,0.5034,0.4966,CV,19.7614,19.5164,-50.5502554582094,-50.20766423232147,10.21855,4.77684,116.9891
126,225,0.2181,0.7819,CA,44.6203,43.4998,-27.712124648152464,-26.528252307767843,58.36031,-0.85878,235.1915
126,222,0.6381,0.3619,CV,20.7978,20.8271,-29.874782607649905,-29.89740146466872,-12.91709,1.69696,496.2706
126,312,0.5021,0.4979,CV,19.3553,19.407,-33.43146287839305,-32.93067785718703,7.43934,6.88105,123.5022
126,149,0.6034,0.3966,CV,3.6224,3.6004,-11.09105381795637,-11.09522442580117,-0.04541,-1.6385,51.6406
126,220,0.4923,0.5077,CA,25.3959,25.2565,-27.86852369010837,-27.49723767571931,3.33299,4.12571,50.8107
126,194,0.6143,0.3857,CV,17.758,17.7001,-15.567572943109745,-15.565573667774466,2.04548,0.05541,335.2733
126,129,0.1853,0.8147,CA,112.741,110.3478,-75.35182107457051,-73.79071756145674,93.12409,-2.5522,904.9582
126,206,0.6021,0.3979,CV,33.4442,33.5088,-57.402979559201555,-57.34219850289684,-2.87602,0.92061,196.6711
126,317,0.3754,0.6246,CA,20.9895,20.1637,-15.120161027717465,-14.277061096833096,-27.70125,27.03478,267.8257
126,140,0.6067,0.3933,CV,16.0363,16.0403,-58.419196623009036,-58.36806842843511,0.08806,1.21395,56.1109
126,296,0.2905,0.7095,CA,18.0002,17.0669,-30.616099142946325,-29.777270493363446,-101.39979,24.28222,153.5308
126,211,0.5842,0.4158,CV,20.8852,20.8543,-18.71362763333768,-18.61329963842396,-0.93784,1.47383,38.5042
126,251,0.5724,0.4276,CV,15.5137,15.4491,-22.053799108781618,-21.89954022759426,0.77774,3.32318,80.2736
126,136,0.5568,0.4432,CV,48.964,48.7046,-54.205953968695155,-54.03421082132051,6.31651,1.28088,227.1373
126,321,0.6286,0.3714,CV,23.661,23.661,-17.099176823217224,-17.028337005918466,-4.33113,8.83136,89.5844
126,293,0.5802,0.4198,CV,42.677,42.5681,-17.697204801487082,-17.62749016198257,1.87834,1.63697,168.9584
126,298,0.5,0.5,CA,29.6776,29.6842,-33.45734654655018,-33.459841630748016,0.71932,-0.02074,82.4462
126,226,0.5,0.5,CA,21.5892,21.5531,-43.65600074529308,-43.63452634771939,1.52611,-0.3551,94.0981
126,308,0.5,0.5,CA,58.2288,58.0897,-31.92642904214964,-31.500726354734613,-1.84101,7.48519,119.3548
126,214,0.4663,0.5337,CA,13.3623,13.0364,-32.35419015240559,-32.052849403578406,13.7427,0.58026,82.1488
126,315,0.4188,0.5812,CA,17.0458,16.8157,-17.049907586268112,-16.250455308957786,-4.99661,9.49054,79.1768
127,195,0.6178,0.3822,CV,10.7373,10.6767,-12.860567248315286,-12.872840176266449,0.56244,0.07065,3711.1909
127,213,0.6076,0.3924,CV,11.2112,11.3196,-55.46410927502929,-55.46265265993698,2.46821,1.02377,121.1677
127,240,0.592,0.408,CV,16.1676,16.1793,-22.0464778554411,-21.99832798462875,1.65419,1.60558,81.3108
127,249,0.6167,0.3833,CV,21.0223,21.0438,-11.458037725995926,-11.465128215390923,-1.0205,1.17069,1636.464
127,265,0.382,0.618,CA,70.55,69.9913,-36.51822707348673,-35.772996661515634,-21.46592,-1.15385,218.1354
127,281,0.2111,0.7889,CA,58.7469,58.2539,-97.98615068791216,-96.56317558679699,-21.54479,2.55554,160.6733
127,285,0.6016,0.3984,CV,9.6922,9.5108,-16.11849307694303,-16.095985559974693,2.31452,-1.9821,144.7819
127,287,0.5985,0.4015,CV,7.0498,6.9641,-7.157362438061625,-7.124053211646254,-0.58264,1.60731,51.9688
127,288,0.5908,0.4092,CV,6.5724,6.4453,-9.049022250905322,-9.02113395558844,-1.79697,1.79427,79.8822
127,214,0.4192,0.5808,CA,28.3952,28.0333,-45.76351975569182,-45.183113977997934,17.0926,-1.01601,98.3835
127,159,0.6102,0.3898,CV,14.8823,14.8892,-37.474797448725354,-37.46166032564421,0.99666,0.61457,67.8843
127,264,0.5577,0.4423,CV,16.8079,16.5701,-12.76669877856665,-12.617905000121537,-3.18589,4.12713,114.2327
127,276,0.5967,0.4033,CV,30.6016,30.3913,-26.74977366827872,-26.708600204266475,0.97783,4.42269,429.2491
127,179,0.593,0.407,CV,5.5548,5.3898,-8.586128576379851,-8.55667347489295,2.08214,1.77341,90.6853
127,153,0.651,0.349,CV,22.6007,26.9214,-11.273972179975527,-11.57565374275024,30.12584,-2.37586,1876.946
127,305,0.1348,0.8652,CA,121.1115,120.1264,-82.6517973884025,-80.45449637183856,54.9715,31.75062,594.9505
127,278,0.5559,0.4441,CV,5.9453,7.256,-19.96426250057253,-20.30786194580788,-38.53007,15.40438,147.0496
127,218,0.7356,0.2644,CV,14.7664,15.1169,-23.841643156552415,-23.801860221546992,22.97145,2.40854,292.9789
127,273,0.6243,0.3757,CV,2.6483,3.1831,-7.826573226443198,-7.936781947480679,10.37946,0.36997,139.7564
127,309,0.5616,0.4384,CV,4.691,4.3252,-32.90814786157229,-32.848702435261934,9.04702,3.62139,112.6077
127,225,0.1931,0.8069,CA,34.9807,33.1958,-21.781826296372042,-20.44636713604473,89.08423,-1.52677,322.5688
127,222,0.5984,0.4016,CV,21.825,22.1953,-38.924559276661675,-38.81968197101074,14.31804,-3.89404,413.9135
127,312,0.6163,0.3837,CV,10.1275,10.6053,-12.320101978206829,-12.488858537888042,-2.94256,3.30208,109.0792
127,149,0.5945,0.4055,CV,15.8833,15.824,-13.218331821810908,-13.148592119052271,0.5234,-1.78825,55.8613
127,220,0.5015,0.4985,CV,14.6842,14.4012,-11.960681499956241,-11.675222837284732,4.1634,4.71528,54.6485
127,194,0.605,0.395,CV,102.9389,103.0086,-29.132582558524724,-29.09052751028617,-2.34996,1.5029,436.3756
127,129,0.1246,0.8754,CA,129.6261,126.7925,-43.61511609729779,-41.80678394029939,169.702,-10.47471,1125.3718
127,206,0.6055,0.3945,CV,11.4012,11.2755,-41.83333132511842,-41.81134273124449,-2.52694,0.51138,194.5287
127,140,0.6141,0.3859,CV,2.4361,2.3946,-36.146587427394365,-36.1537430453927,-0.1257,0.80509,53.1806
127,296,0.7419,0.2581,CV,13.842,16.6395,-12.895182657046002,-13.944554796296078,1.62882,1.11717,144.4454
127,211,0.6041,0.3959,CV,11.3666,11.3855,-9.578091019580825,-9.576712782842476,0.14313,1.19675,40.6189
127,251,0.578,0.422,CV,17.8467,17.8219,-17.912586682833236,-17.820090676542566,1.428,2.31252,81.6196
127,136,0.5846,0.4154,CV,30.5885,30.5007,-32.23371126543076,-32.19127142911289,6.19101,1.31794,223.4791
127,321,0.5097,0.4903,CV,23.3231,23.0432,-20.922978749909568,-20.472177169973616,-13.50727,17.34775,155.3705
127,293,0.5654,0.4346,CV,78.8028,78.6825,-47.847179439873486,-47.69213399453422,3.9404,1.23823,188.6536
127,226,0.519,0.481,CV,43.9271,43.8707,-35.54113885717155,-35.31486302893879,3.5418,-0.98902,97.278
127,308,0.559,0.441,CV,28.5414,28.5445,-64.87450699259034,-64.80930609274724,-0.20846,5.50569,127.9438
127,303,0.5,0.5,CA,19.3152,19.3092,-10.604522081716187,-10.601379223721702,-0.80874,0.35579,103.9365
127,320,0.5,0.5,CA,15.7372,15.5679,-18.20902239158475,-17.220238796227875,-11.48282,12.7461,62.837
127,221,0.5923,0.4077,CV,5.2131,5.0901,-14.13803102782051,-14.107801088673906,-1.0675,1.93951,62.7033
127,238,0.5803,0.4197,CV,6.4229,6.3863,-12.44716355948577,-12.428689465732571,0.59892,2.56776,43.6912
127,315,0.5966,0.4034,CV,6.2919,6.7464,-6.790552667418032,-6.995039899828675,-0.77185,5.7659,79.4877
127,325,0.7,0.3,CV,16.4834,16.4834,-10.397795906876866,-10.397795906876866,0.0,0.0,128.3386
127,326,0.7,0.3,CV,27.4648,27.4648,-16.176851213016555,-16.176851213016555,0.0,0.0,57.4398
128,195,0.6195,0.3805,CV,32.0482,32.2205,-12.943267820665966,-12.956893033135557,0.9845,-1.89219,3677.2228
128,221,0.6062,0.3938,CV,8.0205,8.0238,-11.534784125425167,-11.530083216599362,-0.1378,1.4182,56.8327
128,213,0.5559,0.4441,CV,18.8973,18.7724,-38.29640773036581,-38.062550712311015,5.66823,-0.84047,112.689
128,240,0.5842,0.4158,CV,14.1159,14.0193,-18.907230980607444,-18.811803188722006,2.65258,0.96011,78.0633
128,249,0.6151,0.3849,CV,35.2002,35.078,-13.606705889420947,-13.603432073698363,-0.70404,1.22956,1702.6922
128,265,0.3624,0.6376,CA,45.0377,44.2612,-25.01553709706401,-24.31566823544911,-29.97394,-0.19995,243.2647
128,238,0.5917,0.4083,CV,10.3994,10.367,-18.53211281192698,-18.484498882371625,1.40157,1.6725,43.3964
128,281,0.1169,0.8831,CA,60.9681,60.2018,-90.27441037127336,-88.35698859557289,-44.07708,3.68451,175.7781
128,285,0.6037,0.3963,CV,12.4976,12.3757,-32.34431284161495,-32.31558770497766,2.26366,-2.38312,145.5933
128,287,0.585,0.415,CV,35.8894,35.9325,-55.190624388137174,-55.088836358092436,1.86148,0.52124,55.9326
128,288,0.6107,0.3893,CV,5.3824,5.4256,-10.110600763841154,-10.12701015955216,-1.2685,0.77042,77.0437
128,214,0.2101,0.7899,CA,50.3626,49.6113,-44.245946368731396,-42.73439690244161,32.342,-2.71162,132.3619
128,159,0.5968,0.4032,CV,18.1967,18.1523,-32.94657121782517,-32.87613638025991,1.86649,0.06602,66.0888
128,264,0.5997,0.4003,CV,5.5685,5.6179,-7.640934037907887,-7.6597415893406335,-1.63083,2.77816,111.8558
128,179,0.541,0.459,CV,29.58,29.4823,-23.880336806363367,-23.607766000962624,4.6275,1.46626,90.7416
128,153,0.6103,0.3897,CV,22.548,21.6271,-18.149657398848333,-18.075122323778636,43.62472,-4.49865,1590.8118
128,305,0.2566,0.7434,CA,75.5032,73.7341,-35.457087541387665,-34.60546342385574,82.80882,44.10144,724.1119
128,278,0.6398,0.3602,CV,6.3009,6.6951,-21.940057844648706,-22.131642900886266,-17.42985,6.50623,120.7424
128,218,0.6145,0.3855,CV,15.7287,15.4361,-15.695216758559475,-15.509352093097888,26.52687,2.87483,245.6855
128,273,0.6373,0.3627,CV,5.3188,5.5295,-7.531809786187731,-7.612221466960102,3.22269,0.43529,119.6918
128,309,0.6006,0.3994,CV,3.3507,3.2574,-24.84926984216324,-24.86597585826939,6.38629,2.1059,106.2303
128,225,0.0597,0.9403,CA,48.6862,46.1186,-28.301668824943388,-25.674077386927195,167.12345,-4.85685,452.4195
128,222,0.0001,0.9999,CA,111.3805,110.6818,-129.08039692322657,-119.8225627832539,106.32291,-25.46827,401.7744
128,312,0.6276,0.3724,CV,6.2168,6.3051,-7.38300846272997,-7.433518896541873,-3.25692,0.61944,93.6404
128,149,0.5766,0.4234,CV,20.6795,20.5816,-16.54122147537728,-16.410846151569185,1.13044,-2.40832,57.5512
128,220,0.5096,0.4904,CV,14.0886,13.7994,-15.642092829779948,-15.376175274041902,5.26268,4.90422,59.4776
128,194,0.5956,0.4044,CV,80.5281,80.292,-18.557964874591562,-18.490473646326286,-3.91328,1.51312,566.8664
128,129,0.3628,0.6372,CA,49.0779,47.1495,-15.53038787712029,-15.193626694100383,178.03339,-17.60071,1390.234
128,206,0.6104,0.3896,CV,13.4103,13.3846,-34.203056660941016,-34.19679022465246,-2.09297,0.61628,181.4545
128,140,0.6167,0.3833,CV,4.5925,4.6,-33.822277043605155,-33.82972646307737,-0.60665,0.35824,50.4834
128,296,0.6183,0.3817,CV,10.7567,10.7934,-10.27616959942535,-10.096448064772565,20.04941,-3.2777,106.9042
128,211,0.6058,0.3942,CV,7.7901,7.7415,-7.470922969376902,-7.447201370467942,0.37065,1.18674,40.9462
128,251,0.6078,0.3922,CV,11.871,11.9463,-28.559909700480592,-28.58313152488317,1.5605,0.5109,75.9253
128,136,0.6102,0.3898,CV,16.6262,16.7425,-25.229217905021134,-25.252694172574323,3.23432,0.69158,221.1033
128,321,0.377,0.623,CA,24.5784,23.6132,-21.017312152971822,-20.198785656171154,-23.7292,23.43608,263.3088
128,293,0.6077,0.3923,CV,84.7253,84.9642,-49.73427495102206,-49.7751164635369,-1.43904,-1.36176,166.7521
128,325,0.6473,0.3527,CV,7.8449,7.8449,-13.65611620391778,-13.666379327955,3.77167,1.54047,174.034
128,326,0.6134,0.3866,CV,25.1995,25.1995,-20.31295158222664,-20.177653466902314,12.95973,-3.57184,81.5903
128,226,0.5321,0.4679,CV,37.1797,36.9858,-34.001133309970335,-33.800154945185184,4.03996,-0.79952,113.1166
128,308,0.4934,0.5066,CA,65.7347,65.8042,-130.4908683736492,-130.07724602145845,6.39767,-0.07847,130.3272
128,320,0.3498,0.6502,CA,11.4943,10.8418,-13.26395508146488,-12.341916104765957,-19.28631,13.82842,86.646
128,165,0.5,0.5,CA,92.8023,92.7989,-35.495575058644775,-35.30330221738393,-1.5932,2.732,204.7134
128,315,0.6101,0.3899,CV,3.1302,2.9784,-5.815890343762065,-5.821294589304454,-1.29576,4.32063,74.9197
128,327,0.7,0.3,CV,8.4859,8.4859,-8.174858848978468,-8.174858848978468,0.0,0.0,44.9426
129,195,0.6191,0.3809,CV,19.1497,19.0871,-12.885865749282175,-12.895486367627182,1.18343,-1.17243,3527.278
129,221,0.6122,0.3878,CV,3.634,3.6039,-9.867496515009023,-9.867716311296888,-0.44487,1.10916,53.3598
129,213,0.5167,0.4833,CV,17.4573,17.1449,-29.446844418540543,-29.13082407680175,7.46401,-1.34483,106.9174
129,240,0.5827,0.4173,CV,11.4591,11.3088,-21.343819828137885,-21.253540344552338,2.86996,0.91607,77.2465
129,249,0.6154,0.3846,CV,24.6118,24.4599,-15.726089509735278,-15.726664484074117,-1.44326,0.99899,1752.7365
129,265,0.3055,0.6945,CA,35.108,34.0288,-35.885501258325775,-34.95685583173323,-45.1214,-0.28801,286.7158
129,238,0.5931,0.4069,CV,7.4731,7.3801,-12.803746971675817,-12.745630870371912,1.59513,1.37269,43.392
129,281,0.0734,0.9266,CA,49.7476,48.5941,-54.81541659638883,-52.517053575276925,-78.12662,4.81917,201.4094
129,285,0.5954,0.4046,CV,21.7126,21.613,-41.291596205057374,-41.22534667519743,2.34337,-3.03741,140.5974
129,287,0.5681,0.4319,CV,24.108,23.9977,-27.704799094409857,-27.55372261371487,2.54404,0.10416,60.3602
129,288,0.6157,0.3843,CV,7.8515,7.8719,-11.66117318815633,-11.669462006861703,-0.8533,-0.02117,72.8174
129,214,0.2091,0.7909,CA,54.9928,53.9902,-38.27937573979108,-37.054823558384065,53.16579,-6.75271,178.0233
129,159,0.5761,0.4239,CV,18.1609,18.0601,-21.306985875055823,-21.171268091342682,2.69592,-0.16073,64.4849
129,264,0.615,0.385,CV,5.1583,5.2302,-8.688254712036946,-8.709579723038756,-0.42016,1.57667,109.8593
129,179,0.5443,0.4557,CV,15.2899,15.0303,-10.772886642151574,-10.589287842056258,5.01023,1.90276,90.3799
129,153,0.6346,0.3654,CV,8.5601,9.6294,-16.457132392273216,-16.546854435020133,18.91274,-0.7011,1384.3564
129,278,0.6493,0.3507,CV,7.9351,8.3894,-19.80577100191796,-19.91533077626599,3.84454,-2.28756,99.4107
129,218,0.5873,0.4127,CV,12.9301,12.516,-13.037676802509683,-12.921992882821485,24.05746,2.73008,224.2445
129,273,0.6241,0.3759,CV,4.5708,4.4868,-6.366021519462403,-6.370471569847141,3.97291,0.1487,102.0695
129,309,0.6084,0.3916,CV,4.7183,4.5813,-16.222881612509997,-16.215500172945703,4.82057,1.21973,99.8972
129,225,0.3312,0.6688,CA,10.9086,8.0523,-10.301258375730404,-9.917751763818703,175.69774,-6.01481,503.9186
129,222,0.4302,0.5698,CA,28.7064,29.0397,-16.29017189276121,-16.41443095940877,101.81427,-25.71649,381.5849
129,312,0.6223,0.3777,CV,4.6552,4.6243,-6.350719016829783,-6.36212323968194,-2.5579,-0.39985,83.4947
129,149,0.5705,0.4295,CV,17.0602,16.9236,-14.592002222438111,-14.462846936803597,1.60176,-2.63233,58.9883
129,220,0.5465,0.4535,CV,9.2446,8.9786,-17.868504380222763,-17.739071527367187,5.35175,4.10451,63.6094
129,194,0.5977,0.4023,CV,63.8763,63.6242,-15.885488751996617,-15.84061830835984,-5.09624,1.58082,616.0325
129,129,0.5571,0.4429,CV,50.0373,51.1793,-14.607266760296106,-14.72880953945291,117.79325,-21.31518,1737.0874
129,206,0.6041,0.3959,CV,14.7141,14.6141,-10.152969988271773,-10.113059377353359,-2.38367,0.85532,169.9241
129,140,0.6156,0.3844,CV,3.4732,3.4367,-23.957693309210267,-23.95662056631379,-0.6945,0.22661,48.5501
129,296,0.6387,0.3613,CV,6.6308,6.8036,-10.396424300087894,-10.49197527066216,7.67063,-0.43095,90.1106
129,211,0.6061,0.3939,CV,7.053,6.9943,-9.641154098280545,-9.616453366944272,0.41806,1.23003,42.5767
129,251,0.5952,0.4048,CV,13.7481,13.6979,-33.331248057608676,-33.25782965981387,2.14699,-0.17289,70.2918
129,136,0.6162,0.3838,CV,12.4212,12.4545,-17.4146391432661,-17.42594036227909,1.43176,-0.32329,224.231
129,321,0.3311,0.6689,CA,24.054,22.2739,-25.262181352382996,-24.431155348785545,-37.13082,34.49709,387.316
129,293,0.6033,0.3967,CV,26.1144,26.0702,-28.239281233129716,-28.199945035615237,0.13839,-2.66232,168.3706
129,325,0.5353,0.4647,CV,27.7036,27.6645,-25.14481483597324,-24.768649426593107,23.93406,7.36448,292.7122
129,326,0.4031,0.5969,CA,22.2795,21.8956,-16.73191057441818,-15.872134127030872,31.26549,-7.162,155.7298
129,308,0.3914,0.6086,CA,50.0597,49.704,-48.60491875843526,-47.87068427139266,11.01575,-2.30135,140.3469
129,327,0.6417,0.3583,CV,12.5848,12.5848,-11.565022571343222,-11.550554473100451,3.34389,1.2626,62.7138
129,165,0.5663,0.4337,CV,20.0055,19.7583,-10.372306273665956,-10.33664555326415,-1.55758,2.41929,193.7861
129,276,0.5,0.5,CA,99.8986,99.9612,-30.56489417465621,-30.386899306956458,6.90673,-1.42777,414.6069
129,305,0.2955,0.7045,CA,56.4583,54.0411,-37.57679949523709,-36.748666836340064,108.67313,55.20148,868.8926
129,315,0.6215,0.3785,CV,6.5132,6.5842,-7.871379214027729,-7.904945120118006,-1.69321,1.42005,68.3361
130,195,0.6182,0.3818,CV,44.1885,44.2425,-12.943754745866606,-12.950189488107947,0.72119,-2.51491,3521.25
130,213,0.5441,0.4559,CV,9.5631,9.2036,-16.193714051107445,-16.04433173528776,7.27124,-1.10862,104.1091
130,240,0.5933,0.4067,CV,7.101,6.9417,-19.704563870830537,-19.66025189081857,2.51291,0.87911,76.2973
130,249,0.617,0.383,CV,66.7901,66.9648,-14.558196413636056,-14.564943564737412,0.3048,-0.65188,1632.7841
130,265,0.2778,0.7222,CA,26.2854,24.7119,-46.087677703322484,-45.10465866042348,-66.3148,0.98588,344.0798
130,238,0.5877,0.4123,CV,9.3836,9.2844,-10.683169675932037,-10.600441411599729,1.85981,1.259,43.8821
130,281,0.0015,0.9985,CA,78.9107,77.5938,-135.1698805919787,-128.99160199368097,-154.43698,34.43238,233.8791
130,285,0.5946,0.4054,CV,14.6217,14.4483,-13.552072720618451,-13.4943757914263,2.75964,-2.71577,144.7206
130,287,0.5734,0.4266,CV,17.2032,17.0683,-24.057029141031776,-23.951905860585498,2.78705,-0.11162,61.5994
130,288,0.6143,0.3857,CV,6.388,6.3603,-10.125233310963491,-10.120165629394261,-0.75464,-0.474,69.5871
130,214,0.2232,0.7768,CA,46.9556,45.7071,-26.767694526432813,-25.628029423635375,75.54947,-12.03144,245.3763
130,159,0.5339,0.4661,CV,20.4773,20.3356,-17.99087163036514,-17.714455079286484,3.84862,-0.6206,61.3332
130,264,0.6032,0.3968,CV,17.977,17.9505,-13.847826135603565,-13.797099356012776,-0.24483,1.14344,99.4808
130,179,0.5719,0.4281,CV,10.4658,10.2852,-9.353647840775574,-9.277181182272534,4.11628,2.30113,91.4011
130,153,0.6339,0.3661,CV,11.3971,11.6333,-10.029701910999144,-10.080067895083076,8.3687,0.7528,1220.3945
130,305,0.6517,0.3483,CV,97.6211,99.9926,-61.24273679778604,-61.855363770702986,-7.74378,11.69575,944.1156
130,278,0.6262,0.3738,CV,7.9366,7.8801,-11.8092082053213,-11.804688396274383,2.68305,-2.56291,82.2723
130,218,0.6238,0.3762,CV,7.0486,7.1519,-13.600647067582752,-13.677553826687035,13.06838,1.62883,203.4497
130,273,0.5525,0.4475,CV,14.6557,14.5283,-12.07981915042885,-11.80753830568599,8.25675,-0.60427,93.2233
130,309,0.6243,0.3757,CV,9.0824,9.2546,-13.701646324348609,-13.749944909687745,0.72951,-0.22178,95.2375
130,225,0.6301,0.3699,CV,5.7765,10.2285,-8.670553963828883,-9.139675090642756,102.14269,-4.35475,581.839
130,222,0.7155,0.2845,CV,31.8231,34.6334,-15.490151080995595,-16.209565692443725,20.40418,-5.07019,427.8464
130,149,0.5602,0.4398,CV,21.2316,21.0858,-15.792023755913451,-15.629768164885554,2.25758,-2.79217,64.9677
130,220,0.5847,0.4153,CV,6.0549,5.9269,-14.943995839858335,-14.916681222369583,4.32169,2.68674,65.6042
130,194,0.6004,0.3996,CV,60.8363,60.6664,-20.70485784169386,-20.66811725616798,-5.81971,1.98791,615.0713
130,129,0.6081,0.3919,CV,70.7496,72.5054,-20.2999506823991,-20.354677853735758,3.81257,-15.73836,1786.5765
130,206,0.6129,0.3871,CV,10.3825,10.4006,-18.575491602772125,-18.581461009740696,-0.7903,1.05761,159.2473
130,140,0.6142,0.3858,CV,4.2453,4.2085,-15.806003268408876,-15.800566410472214,-0.79543,0.18709,46.441
130,211,0.5997,0.4003,CV,13.0956,13.048,-15.331162899281777,-15.278927399661997,1.02277,1.15827,45.5665
130,136,0.615,0.385,CV,15.3781,15.3673,-19.449877415652757,-19.447068693385688,-0.22128,-1.16563,226.0185
130,321,0.371,0.629,CA,20.628,18.577,-25.378878950219864,-24.787453997600036,-49.48143,42.33309,493.591
130,293,0.5002,0.4998,CV,75.3758,75.3075,-58.10965020927257,-57.658165167874486,7.49687,-4.47242,178.1565
130,325,0.5014,0.4986,CV,32.8163,32.9326,-67.53118180557405,-67.18366683434532,-2.37232,5.09714,440.9999
130,326,0.2119,0.7881,CA,20.6147,19.2208,-14.362124413529703,-12.883841920601721,58.54098,-13.21126,277.1065
130,308,0.357,0.643,CA,39.0492,38.5889,-37.17866767936313,-36.441937514298665,16.23688,-4.52501,142.2036
130,327,0.5375,0.4625,CV,25.4294,25.3004,-18.532109865227994,-18.173424474481514,10.21207,3.05035,108.7792
130,165,0.5999,0.4001,CV,22.074,22.1202,-19.703780699889755,-19.71073965614115,-1.50564,0.92857,198.7417
130,276,0.4436,0.5564,CA,77.1643,76.7704,-52.64222956862169,-52.11354224938204,15.20511,-2.96289,409.8618
130,313,0.5,0.5,CA,28.3967,28.3297,-63.61636054826128,-63.48320781237338,3.00363,1.79648,58.2964
130,226,0.5,0.5,CA,103.2447,103.0806,-123.17793225904181,-122.45490982841079,8.5009,-2.49108,112.7048
130,221,0.6091,0.3909,CV,9.1884,9.1815,-8.678043733306154,-8.65615959158421,-1.15529,0.50988,50.5029
130,312,0.6188,0.3812,CV,7.0008,6.9949,-8.78319427403806,-8.787293035634244,-1.26027,-0.88741,77.2914
130,296,0.6251,0.3749,CV,4.548,4.4203,-9.56549437006111,-9.5720673701537,5.9225,-0.17119,76.9843
130,251,0.5843,0.4157,CV,13.5936,13.5246,-29.149644997400102,-29.05006934316048,2.10948,-1.39811,67.3423
130,332,0.7,0.3,CV,22.9907,22.9907,-31.682965839703673,-31.682965839703673,0.0,0.0,110.3584
131,195,0.6184,0.3816,CV,7.9495,7.7774,-12.276097560256817,-12.28479622860138,0.52621,-1.95579,3461.0146
131,221,0.6081,0.3919,CV,6.8232,6.7839,-8.02150953500377,-8.000360225426277,-1.04853,0.31473,49.1628
131,213,0.5503,0.4497,CV,11.154,10.8204,-8.969332290179116,-8.805585731188385,7.36808,-1.08125,103.2839
131,249,0.6163,0.3837,CV,35.6437,35.6303,-13.08867718387146,-13.09008758944431,2.39799,1.223,1619.7111
131,265,0.3035,0.6965,CA,19.6674,17.5392,-34.28323017346959,-33.46365094979119,-87.44605,3.00139,404.3267
131,238,0.5976,0.4024,CV,5.6313,5.5305,-7.650894078788399,-7.616971894781287,1.6541,0.89013,44.4611
131,285,0.5124,0.4876,CV,57.2891,57.1257,-60.9799479075803,-60.59034177183861,6.70006,-3.1843,153.0881
131,287,0.5859,0.4141,CV,11.7269,11.6094,-25.71086716056632,-25.64977673698013,2.61531,-0.39264,62.1009
131,288,0.6124,0.3876,CV,10.7966,10.8085,-9.06748046088304,-9.056541663839194,0.45324,-0.84,65.7045
131,214,0.2561,0.7439,CA,38.5128,36.9378,-19.5638924361172,-18.584911085081437,99.10573,-18.75716,352.8611
131,159,0.4875,0.5125,CA,17.2631,17.049,-17.425889165355805,-17.02486776548293,5.77692,-0.52315,60.8627
131,264,0.4917,0.5083,CA,63.5312,63.5559,-151.63950397586572,-151.15414488058497,-5.81574,1.0597,107.2106
131,179,0.4968,0.5032,CA,26.6116,26.3892,-40.1492429374062,-39.73023118077204,6.42746,3.83958,88.5609
131,153,0.6278,0.3722,CV,5.4295,5.2204,-9.844156291998797,-9.869643581521606,6.62613,0.01398,1084.775
131,305,0.2159,0.7841,CA,93.1565,93.2139,-42.60233460996681,-40.7885407450415,-94.69386,-33.26679,1042.0255
131,278,0.6072,0.3928,CV,7.0155,6.9006,-9.95148721084716,-9.90099092306463,3.63732,-2.90457,72.8749
131,218,0.6279,0.3721,CV,7.6738,7.6535,-13.327173843403951,-13.367835624379845,7.4984,1.15171,182.6956
131,309,0.6187,0.3813,CV,6.3534,6.3358,-7.1689205696534115,-7.169879683768963,1.48404,-0.16219,88.0457
131,225,0.6907,0.3093,CV,9.032,11.2406,-9.505083229703747,-9.816792841887782,22.25238,-2.33165,514.8337
131,222,0.6108,0.3892,CV,29.4643,30.1182,-20.577305897080677,-20.406930836893597,-26.40456,7.06107,411.5709
131,312,0.6062,0.3938,CV,14.3257,14.3851,-33.982829358078774,-33.93904351665547,1.82825,-0.64484,69.3628
131,149,0.5607,0.4393,CV,17.7058,17.4981,-15.511448779425297,-15.366463341465433,2.47517,-3.13071,70.6191
131,220,0.6182,0.3818,CV,7.4376,7.5838,-8.439105393891296,-8.496269234343838,1.55131,0.80448,64.2172
131,194,0.5985,0.4015,CV,51.4468,51.1946,-38.10166444280948,-38.05280367668412,-6.6217,2.01091,628.3478
131,129,0.5689,0.4311,CV,44.9767,44.2424,-14.341008277093803,-14.158915927531853,-18.75505,-14.82696,1625.5666
131,206,0.6005,0.3995,CV,18.9381,18.9039,-39.74115517973486,-39.682492069241576,1.03007,1.55279,144.6828
131,140,0.6161,0.3839,CV,2.6163,2.5949,-12.333319395071083,-12.337993472912544,-0.6295,-0.00783,44.541
131,296,0.6255,0.3745,CV,2.6872,2.6105,-12.674954272366111,-12.703577301167073,3.95131,-0.08484,66.3632
131,211,0.6061,0.3939,CV,5.3903,5.3073,-34.91865267176844,-34.9029341192365,0.76317,1.03592,47.8131
131,136,0.605,0.395,CV,20.4728,20.3716,-11.521581674506525,-11.478426610920941,-0.06146,-1.20465,216.5806
131,321,0.4104,0.5896,CA,22.0886,20.4626,-28.286159621234113,-27.804136256789967,-57.96486,46.49428,572.4344
131,293,0.2989,0.7011,CA,67.5745,67.0986,-53.900150858395335,-52.74518326590502,14.96215,-9.46775,186.6901
131,325,0.4711,0.5289,CA,38.6107,38.6569,-34.06906472266533,-33.64925182470397,26.24281,-2.55674,558.4679
131,326,0.2007,0.7993,CA,19.8942,17.8411,-15.177826633068673,-13.899340818465278,94.58859,-20.56102,358.5304
131,327,0.5341,0.4659,CV,14.4231,13.9739,-10.513904800279116,-10.294424338083598,15.36441,0.97371,155.6205
131,165,0.6109,0.3891,CV,25.6281,25.6673,-16.235385643373434,-16.239441376831213,-0.96467,-0.5937,213.608
131,332,0.6331,0.3669,CV,22.6244,22.6244,-18.098884328456677,-18.04747049274715,-6.08642,-2.25904,164.4328
131,276,0.3838,0.6162,CA,65.7443,64.9868,-43.84749549435538,-43.15196687716329,25.16806,-4.68061,448.6203
131,313,0.5731,0.4269,CV,4.4211,4.3792,-65.51397327102012,-65.50611497147129,2.31351,0.95533,51.9291
131,226,0.1424,0.8576,CA,76.8434,76.4216,-122.08354295088641,-119.98567831270726,20.79914,-4.46369,122.4344
131,240,0.5945,0.4055,CV,9.7603,9.6306,-10.919636013423368,-10.864579949157521,2.45363,0.81631,77.0065
131,251,0.57,0.43,CV,13.523,13.3961,-18.647602243934585,-18.505296794269057,2.2665,-2.08502,65.1854
132,195,0.6184,0.3816,CV,8.3952,8.2885,-12.388550708995513,-12.39701752565245,0.19971,-1.71243,3390.0001
132,213,0.5134,0.4866,CV,17.2839,16.9463,-12.63643226671353,-12.315185268523335,9.3353,-1.11185,100.4686
132,249,0.6145,0.3855,CV,32.1434,31.9833,-14.410670160509474,-14.40543698676609,3.00113,2.58714,1601.9797
132,265,0.2529,0.7471,CA,21.6642,18.896,-16.092826903163523,-14.984577251353823,-121.24251,5.21065,474.0065
132,238,0.6037,0.3963,CV,4.7213,4.6304,-6.287536305279484,-6.264855350696727,1.3249,0.93782,44.4317
132,285,0.5054,0.4946,CV,35.1419,34.7369,-51.95301513349166,-51.654321728820264,8.41542,-3.48338,165.8779
132,287,0.4541,0.5459,CA,41.1435,41.0162,-46.416555333485704,-45.8058798068915,6.01335,-1.17599,60.2269
132,288,0.6117,0.3883,CV,4.9088,4.8501,-8.265365231721214,-8.254411701865742,0.56904,-0.8707,62.1344
132,214,0.3626,0.6374,CA,33.1288,32.0982,-17.811034455741414,-17.288643964602254,105.81396,-24.40621,464.4421
132,159,0.4303,0.5697,CA,19.5058,19.2412,-21.855772767208094,-21.290621915246287,8.71072,0.00289,63.8497
132,179,0.5864,0.4136,CV,11.5218,11.654,-13.46957027315548,-13.521196599466123,2.8195,3.29733,88.2104
132,153,0.6091,0.3909,CV,25.227,24.9653,-16.077938257648924,-16.033095435326917,11.13646,-1.38727,969.1272
132,278,0.5915,0.4085,CV,6.035,5.8469,-8.100155701688406,-8.012503745358217,4.93514,-2.89227,66.7048
132,218,0.5907,0.4093,CV,10.5278,10.2396,-8.319965193347326,-8.198499430971752,10.6844,1.61043,164.8093
132,309,0.6216,0.3784,CV,4.6411,4.7054,-8.91436514627487,-8.935579401039806,0.12443,-0.36223,82.3527
132,225,0.5701,0.4299,CV,15.5329,14.8964,-14.166334518119871,-13.865495221724807,44.83129,-2.87247,429.4813
132,222,0.4627,0.5373,CA,25.8265,24.6872,-32.319937593879274,-31.707286085908542,-42.40233,11.21447,417.7186
132,312,0.6189,0.3811,CV,2.5744,2.6667,-23.55853973353508,-23.587192170010468,0.72633,-0.39657,64.023
132,149,0.5831,0.4169,CV,11.4963,11.3594,-22.953604646476702,-22.89916564039428,1.71626,-3.06926,72.8634
132,220,0.6192,0.3808,CV,6.3336,6.3653,-6.814012041076621,-6.826177249450847,-0.15361,-0.07321,61.4126
132,194,0.5205,0.4795,CV,119.8973,119.5229,-42.817901046692,-42.45506952607151,-15.70005,3.36732,630.9537
132,129,0.4551,0.5449,CA,56.4441,55.203,-17.055785608216397,-16.47407526497164,-58.91679,-11.44588,1520.4643
132,140,0.6188,0.3812,CV,2.4098,2.4373,-7.5137094820972745,-7.527161773987918,-0.20817,-0.07305,43.3171
132,296,0.6284,0.3716,CV,3.294,3.3354,-6.055090666934094,-6.0954164499439285,1.95681,-0.03241,60.4458
132,211,0.6003,0.3997,CV,11.9982,11.9347,-43.814925026041344,-43.76542265557278,1.01845,1.28581,48.2083
132,136,0.6155,0.3845,CV,21.5489,21.6522,-39.669947512214996,-39.68576821970095,-1.68164,-0.49295,226.314
132,321,0.4572,0.5428,CA,21.7407,20.6025,-35.03119196749451,-34.684648757576724,-58.98525,43.37457,613.2002
132,293,0.2642,0.7358,CA,34.7255,33.9143,-24.487377011020616,-23.444490586394135,24.37197,-15.87177,207.8022
132,325,0.401,0.599,CA,33.1702,31.4667,-23.3805310426058,-22.718142839906797,36.81881,-9.16712,692.46
132,326,0.6049,0.3951,CV,8.3125,10.4721,-8.875188573819848,-9.42022654708326,58.46106,-8.60873,329.9257
132,327,0.5794,0.4206,CV,12.1938,12.1836,-17.652160598574067,-17.62118388984719,11.91975,-4.8415,184.5839
132,165,0.6098,0.3902,CV,32.3983,32.3719,-20.0000490461139,-19.9829356548964,-0.83744,-2.01197,224.0925
132,332,0.4732,0.5268,CA,35.4718,35.1563,-36.768657538970686,-36.165156881311766,-28.67974,-1.36247,301.5789
132,276,0.136,0.864,CA,116.3799,115.1974,-89.9002631354538,-87.91391024344603,56.85254,-8.09137,534.7251
132,313,0.5999,0.4001,CV,6.0499,6.0491,-62.40953149957271,-62.40653094578349,1.50235,-0.12056,49.1055
132,226,0.1866,0.8134,CA,42.9574,42.232,-70.00934736772741,-68.73866703048016,37.93992,-7.84706,147.7428
132,240,0.6117,0.3883,CV,4.9879,5.0312,-6.8516387284302125,-6.867019858858583,1.26625,0.66291,78.1585
132,206,0.57,0.43,CV,23.8888,23.7987,-63.57900797582856,-63.412862695439266,3.02965,2.6444,135.5771
132,251,0.5677,0.4323,CV,12.3874,12.2393,-26.966378788970967,-26.8354341167912,2.15465,-2.50042,64.5164
132,334,0.7,0.3,CV,22.4106,22.4106,-12.031029926187124,-12.031029926187124,0.0,0.0,221.8838
132,336,0.7,0.3,CV,15.3642,15.3642,-14.601034786394363,-14.601034786394363,0.0,0.0,48.5782
133,195,0.6186,0.3814,CV,7.5167,7.4961,-12.886897640673373,-12.895939302009893,0.61432,-1.11845,3328.9555
133,213,0.5935,0.4065,CV,2.5316,2.8494,-8.745718271730574,-8.802897050585909,5.74171,-0.60406,98.0145
133,249,0.612,0.388,CV,37.6654,37.4985,-19.411916385078875,-19.399137715522997,2.60847,1.89147,1523.0243
133,265,0.635,0.365,CV,14.2336,17.0941,-9.98659048461502,-10.58642257618571,-55.06042,6.27886,450.4446
133,238,0.6146,0.3854,CV,5.5669,5.5917,-16.15363040356218,-16.16735963598523,0.46044,0.82085,43.9523
133,285,0.5017,0.4983,CV,34.5597,34.099,-39.37200803636554,-39.06892149873959,10.48662,-3.59969,180.4504
133,287,0.4978,0.5022,CA,11.0796,10.7575,-14.021092669269603,-13.775521150638536,6.75932,-1.37829,63.8223
133,288,0.6138,0.3862,CV,5.3879,5.3682,-18.461724503115764,-18.460219089955924,0.85403,-0.43958,59.2141
133,214,0.413,0.587,CA,30.828,29.9939,-24.054003879762455,-23.59478035823317,101.4212,-29.17488,544.5786
133,159,0.3649,0.6351,CA,22.0909,21.7022,-24.77030403952917,-24.013139693086615,13.13308,0.47696,70.4463
133,179,0.6,0.4,CV,15.8507,15.9119,-12.50558679267914,-12.483579993829602,-0.98283,2.22455,86.636
133,153,0.6243,0.3757,CV,27.6058,28.148,-12.659732358609022,-12.707029858509197,0.13213,-0.52819,895.1659
133,278,0.5752,0.4248,CV,6.4151,6.1427,-8.714042010448129,-8.582111546469802,5.44445,-2.93521,62.3872
133,218,0.5154,0.4846,CV,16.1572,15.6546,-13.25495464582266,-12.882888269599894,15.30939,2.09115,154.6944
133,309,0.6183,0.3817,CV,5.1065,5.0924,-18.270252514787337,-18.273423478957106,-0.39799,-0.58194,77.2889
133,225,0.6397,0.3603,CV,19.1697,20.7338,-11.385511763181377,-11.556241403147052,-10.48589,-0.36704,369.975
133,222,0.4903,0.5097,CA,26.4193,25.7053,-30.658860695301136,-30.37080064086217,-42.70473,12.43617,411.4423
133,312,0.6163,0.3837,CV,9.8717,9.9081,-18.601411687441825,-18.599895260066486,-0.75897,-0.26135,60.5023
133,149,0.5988,0.4012,CV,6.5291,6.3948,-17.114214948297793,-17.092376002147155,1.0555,-2.57129,76.3012
133,220,0.6221,0.3779,CV,4.1776,4.2161,-8.098265903504057,-8.121070246566818,0.51312,0.13727,59.7862
133,194,0.5483,0.4517,CV,33.7863,32.8936,-24.311855956325896,-24.173972553561196,-16.04794,2.24632,688.5763
133,129,0.4447,0.5553,CA,44.7534,42.6188,-14.396664732093392,-13.93628507708394,-68.1475,-17.29879,1479.826
133,140,0.6119,0.3881,CV,9.3277,9.3209,-8.687221525314566,-8.667670580496834,-0.77489,0.02626,40.5141
133,296,0.6193,0.3807,CV,3.6976,3.6365,-8.025101902686215,-8.022563659592647,2.28809,-0.28143,54.2865
133,211,0.5635,0.4365,CV,26.2004,26.1395,-46.069720981662826,-45.87710475134203,2.63183,1.11385,48.9006
133,251,0.5808,0.4192,CV,10.1917,10.0669,-26.44710160884962,-26.372913360313838,1.49598,-2.54059,64.8316
133,136,0.6186,0.3814,CV,10.871,10.9234,-70.30249012191715,-70.31584004418484,-0.34625,-0.83445,229.7174
133,321,0.5019,0.4981,CV,19.6272,18.8307,-31.275363813759704,-31.041906441129612,-53.18447,35.04139,597.3649
133,325,0.298,0.702,CA,64.4005,64.0634,-40.80584216819095,-39.78736745711191,46.09765,-27.06091,772.3901
133,327,0.4775,0.5225,CA,19.3267,18.9034,-22.060949440565366,-21.553769161409495,16.49462,-5.93393,198.7722
133,165,0.6068,0.3932,CV,30.5148,30.4489,-13.450508898441647,-13.422792477566519,0.34962,-2.82786,231.8931
133,332,0.4141,0.5859,CA,23.4549,21.8871,-18.09019612414033,-17.47925753716224,-44.00535,-2.53218,482.3873
133,276,0.1268,0.8732,CA,104.7884,102.9675,-67.89693092250832,-66.17800560872186,107.37461,-14.70843,641.7577
133,313,0.5822,0.4178,CV,13.4181,13.3532,-37.895321065164815,-37.78001247055384,1.52618,-1.03612,48.6296
133,226,0.1212,0.8788,CA,40.3136,39.1965,-65.727590572342,-63.88554303656034,64.38575,-12.65701,188.4827
133,334,0.6422,0.3578,CV,25.4323,25.4323,-21.385840417244417,-21.373585635749556,-8.91673,3.86856,301.4309
133,336,0.6453,0.3547,CV,8.0689,8.0689,-14.170539039713724,-14.171720955398518,2.6412,-0.82077,65.4938
133,264,0.5,0.5,CA,47.3962,47.148,-145.83657357138378,-145.4807736473742,-6.81601,-0.86097,125.8536
133,305,0.5,0.5,CA,81.5975,77.279,-21.652415982036395,-20.358392452438803,-158.51512,-57.35745,1184.5743
133,240,0.618,0.382,CV,11.3247,11.3824,-13.934091664338496,-13.950667939264811,-0.10139,0.53702,75.9797
133,293,0.3202,0.6798,CA,16.7858,15.6764,-16.000597721091523,-15.277724123416458,33.72805,-20.86399,227.7802
133,326,0.6114,0.3886,CV,19.7644,21.446,-31.495766399235446,-31.494257858332038,-33.63039,6.23276,280.6879
134,195,0.6179,0.3821,CV,29.7518,29.707,-14.734563436044041,-14.740321684077834,2.33319,-1.22679,3268.7387
134,213,0.6189,0.3811,CV,2.7869,2.9926,-10.898810685336112,-10.94575370877909,2.80294,-0.3434,94.522
134,249,0.6125,0.3875,CV,29.0854,28.9274,-16.93304667084091,-16.92578944531231,0.35914,0.70333,1445.5466
134,265,0.5538,0.4462,CV,25.9919,27.5516,-14.218775675521464,-13.935841970083388,46.35674,0.30821,383.5676
134,285,0.4915,0.5085,CA,33.2373,32.6967,-43.50763093966136,-43.16882743881204,13.12004,-4.08443,194.6325
134,287,0.5728,0.4272,CV,6.7864,6.7529,-10.446022463063434,-10.440305591433905,5.19635,-0.70458,69.3089
134,214,0.5471,0.4529,CV,18.8651,19.1443,-13.887692042975374,-13.897964080158056,65.18665,-23.76652,530.9619
134,159,0.273,0.727,CA,23.369,22.7878,-43.48778421916946,-42.397341468169024,21.64891,1.22756,79.2259
134,179,0.6058,0.3942,CV,7.8283,7.7603,-17.815137281569378,-17.79753717511177,-0.92512,1.76303,86.2933
134,153,0.6085,0.3915,CV,36.8646,36.8372,-15.839614724634847,-15.79747034431365,-6.11808,-0.17233,832.9226
134,278,0.5337,0.4663,CV,10.3138,10.0437,-13.129302154439067,-12.853288543639927,6.8547,-3.38141,58.7162
134,218,0.4918,0.5082,CA,14.2651,13.6108,-23.90041721808094,-23.543385916033074,17.95562,2.40344,148.7551
134,225,0.6252,0.3748,CV,5.2714,4.8396,-25.327741835821428,-25.333434816045074,-12.03719,0.08531,307.3235
134,312,0.6197,0.3803,CV,4.6076,4.6441,-45.27092218257072,-45.287876130839194,-0.08001,-0.1579,56.0982
134,149,0.5416,0.4584,CV,40.838,40.7638,-53.832968474615356,-53.554018450789584,4.10207,-2.77076,83.1188
134,220,0.6097,0.3903,CV,10.2167,10.1935,-13.262965224526738,-13.228909948296444,1.36035,-0.19921,56.9067
134,194,0.5795,0.4205,CV,21.5653,20.8734,-31.345174096242893,-31.293815483955406,-14.26082,0.10598,753.9032
134,129,0.5207,0.4793,CV,27.9606,26.8801,-15.870078804678789,-15.72941755602207,-56.36668,-19.27322,1387.8969
134,140,0.6157,0.3843,CV,2.0739,2.057,-5.82492369510934,-5.831393306687244,-0.58907,-0.02135,39.4292
134,296,0.6177,0.3823,CV,3.5565,3.5134,-8.88052724502481,-8.884536009254886,1.72499,-0.43468,50.4458
134,211,0.5243,0.4757,CV,25.0905,24.9517,-29.09440796257349,-28.797742865572015,4.0836,0.72679,51.5361
134,136,0.6122,0.3878,CV,31.9464,31.9655,-60.225711453580814,-60.207510960411106,1.65635,-0.75424,241.4976
134,321,0.538,0.462,CV,19.1254,18.7645,-33.73366349654215,-33.580942168818225,-41.06968,22.51471,532.3407
134,325,0.2547,0.7453,CA,40.439,38.8592,-28.636856116148856,-27.5459341490618,59.60384,-44.95768,803.5417
134,165,0.5938,0.4062,CV,42.0291,41.9582,-41.763839906718665,-41.686283135583935,-0.93342,-2.76939,218.0781
134,332,0.4892,0.5108,CA,18.3356,17.451,-20.533563895247745,-20.310101602692015,-47.79067,2.48053,599.464
134,276,0.09,0.91,CA,87.7014,84.9322,-39.22160315803244,-37.131271247109,172.88971,-24.03675,827.3692
134,226,0.1021,0.8979,CA,35.4077,33.6552,-56.9488637310612,-55.00634987357902,103.25306,-20.01417,247.3283
134,334,0.5878,0.4122,CV,27.8754,27.6205,-43.32656723989608,-43.17166056277338,-24.74074,9.72119,457.7003
134,336,0.6227,0.3773,CV,8.0763,8.0156,-23.472445915071432,-23.459151602352875,6.92329,1.2665,95.9185
134,264,0.2129,0.7871,CA,89.215,88.8644,-101.13251562589599,-99.52290177753079,-16.81281,-1.59485,126.3541
134,305,0.6904,0.3096,CV,26.3332,31.6459,-13.748292502745358,-14.248210745950514,-41.31526,-16.68451,1364.7099
134,240,0.6022,0.3978,CV,18.5549,18.5408,-20.992621950259178,-20.933149390446,-1.41151,0.57163,70.9591
134,238,0.6127,0.3873,CV,9.8421,9.8509,-23.90047489323936,-23.890541278699203,-0.39278,0.60823,41.6492
134,309,0.5058,0.4942,CV,49.5162,49.5321,-71.61902068173904,-71.16797165142387,4.30298,-0.62243,77.4336
134,251,0.5931,0.4069,CV,7.8263,7.7241,-22.855001751361915,-22.81264470061744,1.37954,-2.20411,62.0421
134,327,0.5018,0.4982,CV,9.0522,8.2453,-18.446121448348123,-18.183299670418123,16.82597,-7.78277,201.7627
135,195,0.6181,0.3819,CV,12.62,12.5123,-13.0434498423034,-13.05125947951085,1.73255,-1.53317,3227.3889
135,213,0.591,0.409,CV,11.5706,11.4446,-9.679433260902167,-9.57217751167312,4.40728,-0.56909,91.2005
135,249,0.612,0.388,CV,28.1937,28.0217,-13.481795915805886,-13.471709902239423,-2.25491,1.0573,1367.5186
135,285,0.3395,0.6605,CA,54.5714,53.9783,-58.48194262761839,-57.526252879669435,22.54375,-7.0003,206.2214
135,287,0.5881,0.4119,CV,9.9533,9.8411,-11.864893134222186,-11.813484853593902,4.19694,-0.20453,74.7081
135,214,0.6069,0.3931,CV,18.2542,18.9727,-10.814055080271308,-10.878363702816655,18.2238,-12.58365,455.1124
135,159,0.3068,0.6932,CA,15.125,14.3387,-52.2899402580478,-51.49260543672857,30.00138,1.81008,93.0899
135,179,0.6104,0.3896,CV,4.6884,4.5874,-14.57203659611973,-14.565117797502166,-0.97529,1.29591,83.9888
135,153,0.6106,0.3894,CV,19.4892,19.3172,-16.72585214952292,-16.715915496699253,-5.02311,-0.78825,764.2894
135,218,0.5271,0.4729,CV,8.0053,7.2778,-66.2311440854653,-66.04908452129358,17.42612,2.18621,149.8502
135,225,0.605,0.395,CV,10.8281,10.5196,-11.55709704560293,-11.498895589700556,-13.28489,1.07665,266.9633
135,312,0.6187,0.3813,CV,3.3222,3.3206,-42.15819995137396,-42.165867980130336,-0.22261,-0.20777,53.8168
135,149,0.5002,0.4998,CV,32.4759,32.2175,-51.906992943071224,-51.54581126145921,6.06783,-3.25559,87.9365
135,194,0.6018,0.3982,CV,15.6343,15.2816,-31.581426877960922,-31.57724895882201,-10.58932,-1.32899,806.1859
135,129,0.5474,0.4526,CV,19.1764,17.3957,-14.81172636669512,-14.669846492195845,-52.20424,-19.37506,1304.6758
135,140,0.618,0.382,CV,6.919,6.9434,-7.184355144552075,-7.194815908275675,0.02292,-0.10456,39.5828
135,296,0.6125,0.3875,CV,3.8472,3.7654,-6.036530117360927,-6.020790235602339,1.71338,-0.4102,47.7732
135,211,0.4112,0.5888,CA,36.4494,36.2309,-48.529244671445,-47.8331002530452,7.31677,0.51903,56.4987
135,251,0.5819,0.4181,CV,11.0464,10.9184,-12.735817531861338,-12.629300313040009,1.79518,-2.44265,61.0619
135,136,0.5972,0.4028,CV,39.6307,39.5334,-83.63269323622653,-83.56140928451715,3.20107,-1.28455,242.8847
135,321,0.6029,0.3971,CV,11.3749,11.6775,-44.46991259612554,-44.530331306531274,-20.06814,7.06269,445.7183
135,165,0.5517,0.4483,CV,42.1581,41.9519,-81.67861530806915,-81.44778359385411,-3.95237,-4.73242,217.6952
135,332,0.0712,0.9288,CA,55.3174,53.357,-53.07523474408139,-50.220052105322004,-113.39268,3.95001,787.5969
135,276,0.1424,0.8576,CA,53.2978,48.9883,-22.166097205351043,-20.646545172991388,236.76748,-34.88879,1052.1246
135,226,0.1937,0.8063,CA,24.6448,22.5701,-23.67538028191581,-22.50791256783318,130.11892,-22.03555,331.8626
135,334,0.5147,0.4853,CV,26.192,25.0873,-59.57917467501025,-59.20841904801111,-38.11718,13.06901,642.3451
135,336,0.5379,0.4621,CV,20.7662,20.65,-17.027556313744412,-16.69858426062593,8.55219,-0.07322,138.4315
135,264,0.3812,0.6188,CA,20.7046,20.0972,-28.2550447553486,-27.872410250065645,-20.30041,-2.94728,138.9066
135,305,0.5841,0.4159,CV,53.585,54.9146,-21.519019835891317,-21.275989770714276,55.06475,16.41755,1276.0361
135,304,0.5,0.5,CA,35.0912,35.091,-13.739970718788038,-13.734455388816652,0.49435,0.11325,55.5612
135,315,0.5,0.5,CA,49.6574,49.6727,-26.617655189494517,-26.485065779963335,0.68192,-1.85824,51.3743
135,240,0.5966,0.4034,CV,11.2601,11.1802,-56.474334858140985,-56.41511624310035,-1.8826,0.79345,69.9952
135,265,0.4594,0.5406,CA,13.4627,11.8573,-19.55967679045774,-19.017199360470926,59.63558,-1.41304,359.1892
135,309,0.5424,0.4576,CV,12.4681,12.238,-25.32519650131914,-25.18448635700708,4.40258,-0.1933,74.7849
135,327,0.5977,0.4023,CV,13.4661,13.7802,-18.05910905469259,-18.15013587440907,10.41688,-3.54334,200.1696
136,195,0.6166,0.3834,CV,39.6601,39.5538,-17.75742230126547,-17.758643695881293,3.76628,-1.45514,3184.6121
136,213,0.5989,0.4011,CV,6.2237,6.0582,-12.57478741434201,-12.54149513474318,3.55173,-0.38978,89.689
136,249,0.6118,0.3882,CV,24.4725,24.2686,-11.369903335875799,-11.359971602971928,-3.89696,-0.00364,1285.4914
136,285,0.4219,0.5781,CA,17.9597,17.0425,-41.41762686819087,-41.02717751553152,26.68064,-7.14019,232.792
136,287,0.5803,0.4197,CV,10.7485,10.5448,-16.20527984820138,-16.0993854905407,4.66864,-0.33595,75.8052
136,214,0.4469,0.5531,CA,24.0762,23.4338,-47.45597172779921,-46.785097461857816,48.06969,-20.77412,393.3149
136,159,0.3633,0.6367,CA,11.9495,11.0698,-53.00898954283848,-52.41851493420115,36.39677,2.07081,112.5224
136,179,0.6014,0.3986,CV,14.0411,14.0086,-10.359649783631568,-10.308345091191656,-2.07086,0.37695,79.9123
136,153,0.6162,0.3838,CV,5.5106,5.4594,-9.600970056913637,-9.611315494274328,-3.04412,-0.87785,719.8904
136,309,0.4008,0.5992,CA,37.3346,37.1111,-50.62546803395229,-49.86007707860832,8.45995,-0.42468,75.4117
136,225,0.628,0.372,CV,9.0489,9.3164,-9.546312860505713,-9.615326133179522,-4.83029,0.34327,229.4117
136,149,0.4748,0.5252,CA,27.1987,26.8569,-68.51701231055851,-68.11347215620168,8.28521,-3.89096,93.3308
136,194,0.6167,0.3833,CV,28.3987,28.6643,-18.567058515961705,-18.592533093820858,-4.22707,-2.80426,858.208
136,129,0.513,0.487,CV,48.4465,47.8424,-27.834162547901926,-27.5157587009537,-42.97141,-24.53918,1145.4533
136,140,0.6164,0.3836,CV,5.1332,5.1246,-13.382238373204569,-13.382533206531845,-0.2626,-0.11069,39.4967
136,211,0.2248,0.7752,CA,45.518,45.1423,-63.911095496591145,-62.49708074621,14.89152,0.43542,65.5323
136,251,0.5425,0.4575,CV,18.1132,17.9759,-16.953853145387225,-16.703620129760107,3.05579,-2.9288,58.8812
136,136,0.5528,0.4472,CV,64.0544,63.8694,-57.593311254082806,-57.362157141810314,6.21451,-1.59501,246.6196
136,321,0.6149,0.3851,CV,14.5935,15.1244,-20.652013843315057,-20.668293173293222,5.2172,-8.10377,370.2953
136,327,0.5265,0.4735,CV,16.4294,16.0404,-15.145951017306096,-14.808241617012317,15.51445,-5.42991,181.1726
136,165,0.5164,0.4836,CV,43.0284,42.7624,-64.61102504303517,-64.29978633610966,-8.54961,-5.76611,237.9688
136,332,0.5287,0.4713,CV,13.9944,16.5793,-25.465754721424716,-25.88346153006964,-84.31948,8.79847,755.2331
136,276,0.2136,0.7864,CA,32.9001,26.8167,-12.137482534564738,-11.03563731599948,290.29693,-43.48422,1400.0298
136,226,0.2936,0.7064,CA,15.2437,11.7345,-15.659424363649652,-14.91055329223753,149.10914,-24.00827,453.7252
136,334,0.5244,0.4756,CV,19.4539,17.849,-68.86519132354371,-68.63965047432126,-40.08294,13.1731,802.0606
136,336,0.492,0.508,CA,17.4461,16.7199,-11.282594012008737,-10.8936835153668,13.39383,1.75381,181.8615
136,264,0.5478,0.4522,CV,7.6569,7.8815,-27.833206828204553,-27.890967248998226,-14.70394,-3.35538,153.231
136,305,0.2596,0.7404,CA,80.5781,78.2702,-22.256853286815442,-20.784708955021628,115.85026,36.08405,1466.0806
136,320,0.5,0.5,CA,39.559,39.6621,-68.1688089774801,-68.15344285941744,1.45792,-1.41663,68.3099
136,273,0.5,0.5,CA,14.4666,14.4066,-13.201857191849687,-13.199918211051624,1.14574,-0.06456,71.8818
136,312,0.6145,0.3855,CV,7.705,7.6962,-31.221976922918095,-31.213448406852216,-0.70602,-0.00934,51.2455
136,296,0.607,0.393,CV,5.911,5.835,-6.680424238986628,-6.649475196507547,1.70396,-0.43322,46.6029
136,304,0.5748,0.4252,CV,4.9228,4.9087,-6.446260086579381,-6.445548773951149,0.48407,0.40014,50.0636
136,315,0.5728,0.4272,CV,9.6395,9.6284,-12.391950880145298,-12.38287555885703,0.75726,-1.25355,48.5204
137,195,0.6163,0.3837,CV,29.5702,29.3834,-17.20243326215472,-17.204452086069658,4.23631,-0.86497,3115.8458
137,213,0.6102,0.3898,CV,2.6579,2.5402,-17.94529244930507,-17.94788309723456,2.38491,-0.26966,87.5461
137,249,0.6133,0.3867,CV,24.4257,24.3166,-11.791751254793873,-11.788183925697655,-4.7104,0.88042,1222.7387
137,285,0.4871,0.5129,CA,13.4699,12.5924,-23.434066578604703,-23.191274194066462,28.14667,-6.42386,260.6444
137,287,0.5477,0.4523,CV,16.1569,15.9475,-26.062590113677935,-25.835681933151236,5.87526,-0.63774,74.8449
137,214,0.5585,0.4415,CV,4.2095,3.2237,-43.11284939259449,-43.12140980071386,37.16098,-16.1826,368.8647
137,159,0.3338,0.6662,CA,12.669,11.4244,-58.98417235896632,-58.18441899778264,47.68142,2.07821,138.0428
137,179,0.6206,0.3794,CV,12.2116,12.3226,-17.687102150328343,-17.729662978930243,0.03588,0.04513,75.8792
137,153,0.6136,0.3864,CV,16.317,16.1589,-9.952473656428216,-9.943782698710127,-3.50542,-0.64247,679.1055
137,309,0.533,0.467,CV,11.1391,11.0969,-15.913239401792303,-15.884115745890092,6.79454,-0.99699,81.2838
137,225,0.6144,0.3856,CV,16.7642,16.8124,-14.017813731761386,-13.995085643470757,1.61083,0.55805,191.7209
137,312,0.6081,0.3919,CV,8.7644,8.7298,-25.317812150724993,-25.288347846813792,-1.02408,-0.18704,48.385
137,149,0.4176,0.5824,CA,29.4973,29.0815,-64.83484169755388,-64.23602965339522,12.5387,-4.46646,103.5317
137,194,0.6102,0.3898,CV,40.6606,40.5659,-21.714604106679822,-21.690762601214974,-3.16042,-4.32435,834.0518
137,129,0.3486,0.6514,CA,34.6816,32.6456,-19.756567711831153,-18.810274905177266,-76.98014,-34.57735,1052.5427
137,211,0.3203,0.6797,CA,22.423,21.864,-18.2515653711036,-17.58451275792587,20.78198,0.13675,79.5677
137,136,0.5524,0.4476,CV,44.5457,44.2283,-29.627673798901128,-29.45947551606747,7.24351,-1.45238,271.6577
137,321,0.5955,0.4045,CV,10.2705,9.832,-8.664799937886716,-8.582260607968806,9.69821,-9.9727,315.8161
137,165,0.5026,0.4974,CV,36.8078,36.2967,-62.31079444044242,-61.995622986919216,-11.12543,-7.23204,265.9077
137,332,0.1973,0.8027,CA,46.4234,44.2425,-31.998369396415463,-30.251345808260716,-132.09379,0.71758,845.5628
137,276,0.607,0.393,CV,15.3156,21.3365,-14.775734038797125,-15.311302929751836,183.95996,-32.19967,1490.7017
137,226,0.7343,0.2657,CV,52.6894,56.5633,-29.248320268943246,-30.25399111197082,-49.21445,10.60569,546.8357
137,334,0.5554,0.4446,CV,15.2096,13.4912,-58.42270991020608,-58.3077385172617,-36.99425,9.75663,886.0223
137,336,0.5045,0.4955,CV,15.1435,14.3558,-9.948780440651428,-9.675975805436664,15.13135,4.66882,218.1287
137,264,0.6156,0.3844,CV,18.2546,18.6282,-26.152368136587146,-26.252046368096252,-4.03954,-2.07696,166.9541
137,305,0.344,0.656,CA,55.9903,52.5723,-31.157488908506075,-30.548630793607465,150.39068,43.86055,1632.1088
137,320,0.564,0.436,CV,16.1739,16.1202,-38.45691783119143,-38.41195434372011,1.75044,-1.33441,66.12
137,325,0.5,0.5,CA,63.801,61.558,-26.34165802555561,-25.258292889510066,76.74652,-47.99677,523.5383
137,218,0.5,0.5,CA,121.4808,120.8879,-148.4944916593488,-141.47268868689093,63.83495,14.84729,153.0162
137,296,0.6133,0.3867,CV,2.7551,2.7196,-5.688289463563175,-5.691857047473235,1.15055,-0.38581,44.4821
137,251,0.5883,0.4117,CV,22.8646,22.9224,-19.81147491280011,-19.804968497897534,1.41891,-1.92024,65.2736
137,327,0.4716,0.5284,CA,14.5635,13.8649,-16.92749907502739,-16.473289228880837,19.26156,-6.68322,179.984
137,304,0.5996,0.4004,CV,7.9043,7.9034,-9.350742252201556,-9.344172233755678,-0.13343,0.86964,49.0546
137,315,0.5859,0.4141,CV,17.0328,16.9956,-13.863252709708197,-13.80266446495013,1.41454,-0.8558,47.8413
137,273,0.5683,0.4317,CV,12.7791,12.7427,-18.202743159396977,-18.17539593441325,1.2602,-0.20089,69.0037
138,195,0.6187,0.3813,CV,18.1571,18.3716,-11.996422971559204,-12.00915418694037,1.18248,-0.51944,3064.061
138,213,0.5292,0.4708,CV,28.8852,28.7688,-46.84785662538589,-46.50250457833746,5.48211,-0.62187,84.5064
138,285,0.5454,0.4546,CV,8.0042,7.0477,-19.633046289790386,-19.531264895938243,24.89387,-4.93149,274.2364
138,287,0.5468,0.4532,CV,10.4656,10.1608,-20.69922432449564,-20.516097145138062,6.31512,-0.47469,76.4043
138,214,0.6133,0.3867,CV,5.6628,5.6474,-33.142044739035605,-33.21661554878453,23.29993,-9.17088,327.337
138,159,0.3915,0.6085,CA,10.1387,8.8468,-29.391583636655636,-28.883179069321184,54.08749,1.69672,167.4853
138,179,0.6173,0.3827,CV,6.855,6.8494,-14.2425423587552,-14.242983363795735,0.55886,-0.36422,71.995
138,153,0.6134,0.3866,CV,22.2818,22.2317,-10.80388449444244,-10.798132951653033,-2.46319,-0.7362,617.8368
138,309,0.6039,0.3961,CV,10.7109,10.9171,-8.51970112078127,-8.591850101122501,2.78208,-1.3188,82.7358
138,225,0.6142,0.3858,CV,11.6659,11.7108,-12.486759273151854,-12.483166954342764,-2.07908,1.39007,167.2905
138,312,0.6083,0.3917,CV,5.6305,5.5801,-21.779226847647344,-21.76003442163333,-0.97504,-0.34571,46.1546
138,194,0.5906,0.4094,CV,47.1383,46.8678,-14.2556823985994,-14.159678078264374,-6.87345,-4.0418,799.887
138,129,0.3987,0.6013,CA,42.5157,41.4009,-21.023937420062907,-20.52492731352443,-87.68731,-34.75857,1066.1207
138,211,0.1025,0.8975,CA,46.0106,45.2696,-65.69938615472081,-63.4809434501921,42.42165,-0.2071,106.6973
138,136,0.536,0.464,CV,51.8921,51.5178,-27.62439054348542,-27.390875386349247,9.34374,-2.07161,277.6119
138,321,0.5577,0.4423,CV,57.0149,57.5053,-32.62115840229046,-32.412447055170944,-10.6457,5.77798,325.8614
138,165,0.3499,0.6501,CA,70.0722,69.3883,-56.59602859586655,-55.670400974328835,-21.1141,-11.05285,300.6764
138,332,0.7748,0.2252,CV,59.7119,63.7099,-28.373228600141253,-29.73271072466855,34.90479,-6.90101,820.829
138,276,0.6798,0.3202,CV,32.0672,37.3433,-13.264225368733555,-13.559318771361802,-57.32353,5.93099,1329.5207
138,226,0.5747,0.4253,CV,24.5341,23.8806,-13.807003510348633,-13.457952468905695,-61.45678,10.52793,485.2144
138,334,0.5075,0.4925,CV,28.2409,26.5886,-64.09609787259348,-63.743867748367265,-45.47637,13.72961,922.376
138,336,0.5454,0.4546,CV,11.983,11.3674,-8.75039877104934,-8.623641293630428,14.00288,6.11656,241.2598
138,264,0.6072,0.3928,CV,19.8745,19.9456,-16.616174716742556,-16.58128755263718,2.74942,-1.45131,172.4504
138,305,0.0863,0.9137,CA,103.1748,98.6427,-33.411421623793885,-30.970373152098805,290.43375,81.59718,1993.8893
138,320,0.5859,0.4141,CV,11.1642,11.0585,-34.47554767425266,-34.42794489270193,2.03519,-1.30701,66.9401
138,325,0.5837,0.4163,CV,29.0169,32.0793,-19.287926624534478,-19.32349402325275,-62.9404,43.83723,470.1636
138,218,0.0583,0.9417,CA,37.974,35.0115,-21.669276256701274,-18.585551226247695,115.94311,25.78519,323.1122
138,222,0.5,0.5,CA,97.4594,97.9648,-35.6181743527399,-35.335893332578436,14.56517,-8.23776,258.3532
138,293,0.5,0.5,CA,71.1159,71.2413,-61.811137967342056,-61.45348837524027,-2.67834,-7.22966,182.3707
138,140,0.5,0.5,CA,21.9049,21.905,-25.899972777406177,-25.84412911270676,0.65732,0.46956,46.569
138,249,0.5743,0.4257,CV,75.4185,75.21,-25.218983053258412,-25.051313732240764,-7.51165,6.31945,1084.7531
138,296,0.6159,0.3841,CV,1.3632,1.312,-6.541761808818048,-6.5471035474239505,0.78801,-0.29262,43.3635
138,304,0.6045,0.3955,CV,6.9961,6.9569,-7.561335178133147,-7.538817406816937,0.12778,1.1917,47.3384
138,273,0.5997,0.4003,CV,8.7735,8.7791,-17.893563400645313,-17.896715814594586,0.87359,0.40394,67.2859
138,339,0.7,0.3,CV,29.975,29.975,-22.483249362536093,-22.483249362536093,0.0,0.0,47.4379
139,195,0.6185,0.3815,CV,20.1046,20.0918,-12.050197008095443,-12.058551886457618,1.25913,-1.13641,3061.1853
139,213,0.5408,0.4592,CV,14.0276,13.7501,-18.499618330040292,-18.318712881774495,5.70085,-0.7324,87.2188
139,285,0.5902,0.4098,CV,6.8256,6.4749,-11.178904244545524,-11.176219531873333,18.1264,-2.58338,273.7996
139,287,0.5122,0.4878,CV,14.7238,14.4176,-31.424822621556835,-31.103870032310425,7.91555,-0.59528,76.1492
139,214,0.2089,0.7911,CA,38.273,37.4744,-23.809793711638314,-22.01130092714095,58.45711,-21.09347,319.4661
139,159,0.5793,0.4207,CV,5.4135,6.0829,-9.627563739144694,-9.798927211674693,34.74438,0.98,180.306
139,179,0.6144,0.3856,CV,6.7752,6.7484,-8.803767665342212,-8.79680670147438,0.73219,-0.64453,69.7277
139,153,0.6113,0.3887,CV,16.559,16.4101,-11.044251808305273,-11.030054217701805,-2.69124,-0.34048,567.6342
139,309,0.6171,0.3829,CV,8.5207,8.6052,-10.52947287502796,-10.553459434172563,0.31473,-0.86682,83.7427
139,225,0.6071,0.3929,CV,8.1252,7.9979,-10.273024217196236,-10.239817933350077,-2.84311,1.5048,145.1895
139,194,0.5888,0.4112,CV,35.9554,35.6101,-28.29757462612713,-28.223064244326977,-9.00126,-2.15872,799.1037
139,129,0.5141,0.4859,CV,15.2547,13.6836,-15.055656587728514,-14.953498418149461,-75.9779,-28.85296,999.4368
139,136,0.463,0.537,CA,64.0508,63.5755,-67.07112097188815,-66.56871045377044,14.59417,-3.66172,283.8918
139,321,0.6152,0.3848,CV,29.9196,30.6928,-17.79515166113206,-17.87878792312143,3.77076,-3.2279,298.4022
139,165,0.3324,0.6676,CA,62.3597,61.3478,-43.469158328413364,-42.681751161194185,-32.04251,-15.16051,369.6786
139,332,0.5055,0.4945,CV,50.3775,50.165,-22.59208917154826,-21.900558809312965,64.48352,-7.05527,712.2929
139,276,0.6722,0.3278,CV,6.9699,7.9886,-22.01018579482727,-22.16198813004726,-14.82357,-0.5065,1024.2891
139,226,0.6613,0.3387,CV,16.6685,18.3081,-12.629129216727945,-12.888135342473753,-10.98246,0.54566,473.1549
139,334,0.5013,0.4987,CV,25.8681,24.1431,-53.63147989257796,-53.32355972432633,-48.82366,15.85155,938.877
139,336,0.5684,0.4316,CV,15.0434,14.7395,-9.577260543938323,-9.48480868453939,11.25533,7.10311,248.7596
139,264,0.6062,0.3938,CV,16.5869,16.5171,-10.41370069155464,-10.38718610757613,0.34796,-1.77534,181.2778
139,305,0.3377,0.6623,CA,34.8575,30.9846,-18.48602157555589,-18.093666712216717,313.30886,82.7263,2136.1883
139,304,0.6057,0.3943,CV,5.6896,5.6287,-6.667968284941306,-6.643148137530858,0.01425,1.29783,45.6227
139,320,0.5816,0.4184,CV,17.599,17.4975,-30.76925029585876,-30.671859611894043,2.665,-1.4172,65.6282
139,339,0.6389,0.3611,CV,23.2218,23.2218,-14.537818135364958,-14.511201788852599,4.13666,-0.80753,64.6907
139,218,0.1478,0.8522,CA,46.0418,44.0263,-29.523263484803618,-28.092169443940755,170.13442,34.57237,395.6395
139,222,0.4991,0.5009,CA,17.8064,17.2137,-11.462687856602761,-11.156656582382507,19.61984,-8.53264,237.982
139,293,0.5247,0.4753,CV,22.7766,22.9513,-26.288603993853002,-26.08506229444501,-12.25675,3.19896,166.4167
139,140,0.5353,0.4647,CV,33.1497,33.0966,-47.860042134259366,-47.699163825783415,2.00718,0.45861,48.5288
139,312,0.6122,0.3878,CV,2.8718,2.82,-28.15342323099603,-28.150436365356924,-0.7777,-0.33268,44.4517
139,296,0.6179,0.3821,CV,4.0594,4.0713,-14.827788980730737,-14.837729578945872,0.28589,-0.35045,41.8216
139,211,0.1117,0.8883,CA,35.4816,34.359,-44.40164108852513,-42.58655992612644,72.0871,-1.11647,135.9033
139,273,0.5507,0.4493,CV,49.9502,49.9928,-66.61116935320018,-66.36789974751962,-3.19212,-0.44288,69.7953
139,325,0.1273,0.8727,CA,23.3686,21.0549,-14.234707164109938,-11.886165549571015,-111.59613,74.61086,436.9229
140,195,0.6186,0.3814,CV,7.2651,7.1678,-11.977963958659911,-11.986867217615275,1.14555,-0.94383,3033.5514
140,213,0.5215,0.4785,CV,19.3391,19.029,-18.722978544856797,-18.44793532413296,7.00617,-0.84353,90.3486
140,285,0.5492,0.4508,CV,13.4241,12.6777,-11.395799487441206,-11.160079449849572,21.01704,-3.05447,265.322
140,287,0.4708,0.5292,CA,14.2134,13.8265,-30.49122935793424,-30.05438262601431,10.39475,-0.32709,77.6566
140,214,0.6519,0.3481,CV,18.8021,20.8524,-20.444385324917228,-21.17921893519208,14.21365,-3.21492,294.03
140,159,0.5919,0.4081,CV,13.0094,12.8296,-14.861367036189852,-14.816110419405664,24.19727,0.55537,183.1141
140,179,0.6168,0.3832,CV,9.2825,9.3109,-8.340428289671829,-8.347749581198094,-0.33132,-0.59136,66.4868
140,153,0.597,0.403,CV,34.0248,33.9353,-14.648521179309023,-14.577398820981582,-0.88936,-0.6349,492.2244
140,309,0.6117,0.3883,CV,11.0695,11.0538,-15.486955451725596,-15.468772403130309,-1.20421,-0.68458,84.716
140,225,0.607,0.393,CV,7.7532,7.6586,-7.482494737534231,-7.45927522776639,-2.15393,1.35907,124.0944
140,194,0.6013,0.3987,CV,22.2029,21.9651,-25.289745012653093,-25.269820721755686,-6.1114,-1.70739,762.9839
140,129,0.5872,0.4128,CV,12.6027,12.0684,-11.844388831752662,-11.874324359817784,-55.3583,-19.69756,879.6587
140,136,0.3868,0.6132,CA,53.9567,53.2004,-68.64077517299827,-67.93035831182863,23.04857,-5.16726,308.4367
140,321,0.5417,0.4583,CV,45.3985,45.2136,-39.12105683693629,-38.8186349267251,8.0408,-8.5767,293.6019
140,165,0.4583,0.5417,CA,29.2894,28.2558,-14.794210354790696,-14.561592973236582,-33.02098,-15.86057,450.2003
140,332,0.3205,0.6795,CA,37.722,35.1933,-33.14085990121359,-32.07918676106344,92.39968,-10.34553,775.143
140,276,0.6505,0.3495,CV,10.8162,10.979,-22.891126651298627,-22.957621687304,3.33046,-3.25668,800.906
140,226,0.6355,0.3645,CV,17.4757,17.5673,-10.74503360792436,-10.762342704461158,4.61108,-2.8021,406.7308
140,334,0.5214,0.4786,CV,17.7368,15.6856,-39.984618745752464,-39.766341933215976,-48.7589,15.73162,934.4957
140,336,0.5823,0.4177,CV,15.4296,15.2505,-9.799653331356424,-9.731071692419352,7.26197,6.94881,243.1625
140,264,0.6109,0.3891,CV,11.9629,11.9193,-27.51382398451676,-27.50867404253809,-1.00814,-1.84234,181.53
140,305,0.5499,0.4501,CV,26.4613,27.7922,-15.564594833665666,-15.691979934180036,229.24995,54.13868,2477.7196
140,304,0.5997,0.4003,CV,8.5295,8.4789,-8.219654087278625,-8.168375101900367,-0.51377,1.43649,43.2426
140,320,0.5294,0.4706,CV,29.1575,29.0239,-56.53907111902185,-56.23663395864988,4.43196,-1.68453,63.6716
140,339,0.4997,0.5003,CA,35.6874,35.5778,-28.318652364921917,-27.812747305816796,17.47731,0.93321,101.2866
140,218,0.4162,0.5838,CA,43.109,42.9946,-24.22964110626544,-24.0851339582303,154.77039,26.05437,497.8577
140,222,0.4841,0.5159,CA,17.7514,17.0849,-27.71199749928612,-27.347374757171572,23.81494,-8.15108,230.9573
140,293,0.3235,0.6765,CA,28.2698,27.7213,-22.31736849092699,-21.24201332156372,-22.01853,11.59869,172.4
140,140,0.4987,0.5013,CA,44.6645,44.5488,-68.9842927878626,-68.62611941634515,3.85048,0.48048,52.149
140,288,0.5,0.5,CA,45.5647,45.5695,-49.923601426613644,-49.87719462990296,-1.0511,0.18154,59.8432
140,251,0.5,0.5,CA,38.9096,38.9739,-20.85354269190104,-20.772078561140297,-2.08528,0.49966,71.012
140,249,0.5,0.5,CA,109.3316,109.231,-92.33310013464866,-91.91953316638858,5.69838,13.07593,852.8008
140,296,0.6155,0.3845,CV,9.7552,9.7745,-46.38656123164153,-46.38315653469683,-0.60048,0.08099,40.9035
140,273,0.5787,0.4213,CV,14.504,14.4286,-44.20152434144948,-44.14377187100934,-2.65176,-1.1239,68.2832
141,195,0.6188,0.3812,CV,3.8789,3.9206,-11.918391250540486,-11.928065631472567,0.48699,-0.66516,2991.4299
141,213,0.5478,0.4522,CV,11.3845,11.0263,-8.670455046745676,-8.529120278486296,6.78676,-0.80027,94.9652
141,285,0.6097,0.3903,CV,7.4711,7.7565,-10.367524409535543,-10.440456168873894,11.90679,-0.6291,257.8385
141,287,0.5116,0.4884,CV,7.8958,7.4583,-26.163550870239114,-25.949501173555817,10.67735,0.18731,80.113
141,214,0.6025,0.3975,CV,21.1069,21.7139,-29.19367638869553,-29.08509054988418,-18.04903,8.26641,244.053
141,159,0.6209,0.3791,CV,7.5614,7.6326,-18.818161894165755,-18.87609465104784,12.69821,-0.06728,176.612
141,179,0.6185,0.3815,CV,4.984,5.0018,-6.867313301164219,-6.878372495057555,0.18825,-0.32235,62.8498
141,153,0.6107,0.3893,CV,24.0099,24.111,-12.948305832409131,-12.955866840967056,-2.75416,1.53778,453.7934
141,309,0.619,0.381,CV,14.1591,14.229,-22.64537520073612,-22.666025937870398,-0.21576,0.27526,79.1241
141,225,0.5561,0.4439,CV,18.7783,18.6638,-21.72581771227822,-21.49365620270565,-4.73833,2.15709,110.5403
141,194,0.5999,0.4001,CV,75.2719,75.5112,-25.708989273174275,-25.664610464764486,3.44633,-5.39013,764.944
141,129,0.5442,0.4558,CV,20.9341,19.8384,-11.05554097057995,-10.804234856776269,-55.47341,-15.71586,750.7993
141,136,0.3787,0.6213,CA,36.088,35.0091,-71.86858629042499,-71.23182291272292,32.3713,-6.40812,345.9064
141,321,0.5065,0.4935,CV,30.4528,29.8465,-22.63292750561634,-22.296719544103603,12.21782,-10.26038,294.2187
141,165,0.5283,0.4717,CV,20.2557,19.2755,-10.441591527425565,-10.312019150097868,-30.87728,-13.35285,500.488
141,332,0.2238,0.7762,CA,53.9051,51.0381,-23.018730327220332,-21.72622018792253,146.92521,-15.47407,985.128
141,276,0.6264,0.3736,CV,14.8874,14.9973,-28.55305810202793,-28.547618345015668,-12.41701,-0.44602,650.9408
141,226,0.6295,0.3705,CV,11.2119,11.3136,-10.751773502223742,-10.782105547119754,-3.18438,-1.19409,365.9471
141,334,0.5185,0.4815,CV,31.8086,30.9287,-37.44824920275633,-37.189260495973016,-45.77302,16.24803,865.828
141,336,0.6008,0.3992,CV,5.1994,4.7797,-7.895189139993443,-7.882621850445758,5.47936,5.3813,234.2602
141,264,0.6114,0.3886,CV,23.9914,24.0593,-22.005487221697763,-21.995042236916646,1.70341,-1.24358,171.8693
141,305,0.6411,0.3589,CV,27.4319,29.516,-21.631057077476118,-21.837007053093465,108.45178,20.41503,2406.2587
141,304,0.4975,0.5025,CA,35.5924,35.6062,-64.68750878945953,-64.23077997718127,3.10881,1.55222,42.7008
141,320,0.5359,0.4641,CV,16.0809,15.8662,-26.49928700492485,-26.298405804398346,5.13191,-1.31423,67.1611
141,273,0.5662,0.4338,CV,42.4765,42.5861,-78.530621760094,-78.38101576562234,2.84021,-1.72064,67.6246
141,339,0.2294,0.7706,CA,36.2041,35.4348,-33.9523544850111,-32.43872101141635,36.84033,1.07926,186.3807
141,218,0.5141,0.4859,CV,46.3477,46.3778,-26.3018293837216,-26.17502928412896,109.1543,11.87942,653.0304
141,222,0.4969,0.5031,CA,16.2663,15.6266,-45.22749761007614,-44.93575462542499,25.27936,-6.80776,227.2117
141,293,0.3229,0.6771,CA,23.8061,22.8682,-15.406879470607574,-14.613685655395985,-29.74515,18.79705,189.0851
141,140,0.4144,0.5856,CA,50.3452,50.1414,-79.35524521398077,-78.7089583390378,6.88429,0.37092,56.8414
141,288,0.571,0.429,CV,11.8888,11.8704,-11.81506293990059,-11.798653362869,-1.15091,0.01903,49.6023
141,251,0.5835,0.4165,CV,20.3245,20.4365,-15.734070747498784,-15.76891876175598,0.64031,-0.62342,67.993
142,195,0.6188,0.3812,CV,16.1861,16.2044,-12.15256536673812,-12.1618465554984,0.16862,-0.16865,2915.8618
142,213,0.5981,0.4019,CV,2.7421,2.8753,-9.637048567983387,-9.663468025031454,4.27536,-0.648,96.376
142,285,0.6268,0.3732,CV,8.6198,8.8454,-10.807171870141579,-10.863894860486647,4.37839,0.80686,235.5383
142,287,0.4654,0.5346,CA,12.9386,12.4749,-22.269676174795645,-21.811943273642697,13.77796,0.52977,83.358
142,214,0.5674,0.4326,CV,11.6914,11.1458,-25.407302984613654,-25.227538342377617,-17.15451,8.58253,210.8361
142,159,0.6335,0.3665,CV,6.1157,6.3612,-21.23366479614274,-21.30279521537737,3.92315,-0.53741,163.4689
142,153,0.6054,0.3946,CV,19.3671,19.2373,-13.795295894137823,-13.760146359710738,-3.34223,2.43002,411.877
142,309,0.614,0.386,CV,9.9319,9.9317,-19.536387522257712,-19.525277707390316,0.98575,0.40181,76.4014
142,225,0.599,0.401,CV,15.7764,15.8582,-13.859805363504256,-13.877972160687344,-1.94483,1.89561,105.6438
142,194,0.5819,0.4181,CV,57.2584,56.9639,-20.20486439532806,-20.088353821730593,6.67674,-5.52139,785.1347
142,129,0.5522,0.4478,CV,19.8361,19.1968,-11.055300325102474,-10.899093382578409,-46.34461,-8.45939,628.944
142,136,0.2811,0.7189,CA,43.1126,41.775,-44.196818326753316,-43.12730230882882,52.79163,-7.94618,410.8565
142,321,0.4928,0.5072,CA,44.5992,44.0571,-32.654465829030016,-32.313947063896215,15.11858,-10.82509,325.8606
142,165,0.5149,0.4851,CV,31.9156,31.0272,-17.85813189541925,-17.574836106174654,-33.18356,-12.62467,534.6207
142,332,0.2841,0.7159,CA,33.9364,29.0811,-14.20886367794128,-13.371435727332301,193.83428,-20.19935,1151.255
142,276,0.6344,0.3656,CV,6.5836,7.1123,-21.019175303605074,-21.08416332203187,-2.06172,-1.02729,541.6117
142,226,0.6213,0.3787,CV,13.7297,13.6298,-20.56120449449284,-20.565297416893767,-2.2621,-1.53166,335.0054
142,334,0.5389,0.4611,CV,18.1891,17.131,-37.810783415065515,-37.63787645373678,-41.28204,13.96789,773.267
142,336,0.5799,0.4201,CV,19.5278,19.3373,-11.698448584715258,-11.572145308357149,5.05906,5.21712,212.5885
142,264,0.5203,0.4797,CV,47.4839,47.3791,-31.664118389798684,-31.281428948089093,6.92615,-0.87771,164.8894
142,305,0.4859,0.5141,CA,45.4274,42.5786,-15.382911549769464,-14.818404075690879,153.61348,29.41706,2270.9583
142,320,0.5743,0.4257,CV,8.1403,7.9599,-13.103615139717034,-13.049115660365432,4.35135,-0.84175,72.7595
142,273,0.1014,0.8986,CA,82.5602,82.3917,-174.7240007101111,-172.14467936454912,12.86193,-3.38633,73.4665
142,339,0.2989,0.7011,CA,20.9461,19.4542,-12.15519595968783,-11.381727345280936,54.2336,3.34839,272.422
142,218,0.5345,0.4655,CV,48.0018,48.0665,-33.939240287168495,-33.75498244267691,62.3652,-0.77909,671.4214
142,222,0.4151,0.5849,CA,21.9377,21.0937,-62.63248748591448,-61.99145480821825,33.82795,-7.69343,226.8465
142,293,0.2751,0.7249,CA,25.1173,23.8945,-30.24345999204799,-29.222668332834896,-43.83502,28.15129,213.3815
142,140,0.2736,0.7264,CA,55.9757,55.6367,-79.00507595443715,-77.84805688729978,13.30254,-0.02965,67.1712
142,288,0.6028,0.3972,CV,7.0122,7.0414,-10.287253587016734,-10.299451164132735,-0.52173,-0.14042,50.7016
142,220,0.5,0.5,CA,60.3387,60.3352,-38.84104550170734,-38.7738301131905,1.14896,-0.37916,66.6133
142,179,0.6182,0.3818,CV,5.1128,5.1183,-6.661179362164732,-6.668294053813461,0.02082,-0.3481,61.8157
142,251,0.5431,0.4569,CV,33.4265,33.3861,-31.62032808392277,-31.369874946166675,3.21727,-2.15914,73.8782
142,345,0.7,0.3,CV,14.5479,14.5479,-9.748592694263932,-9.748592694263932,0.0,0.0,50.5951
143,195,0.6174,0.3826,CV,36.9002,36.8528,-13.423668296694963,-13.427101779052409,-0.29065,0.85334,2783.9404
143,213,0.6105,0.3895,CV,9.127,9.1258,-21.983356082474618,-21.98817649804667,2.70423,-0.55286,92.7126
143,285,0.62,0.38,CV,14.1285,14.1798,-10.327613428431281,-10.330430768546154,-0.68355,1.04341,205.9983
143,287,0.4979,0.5021,CA,9.0674,8.5542,-13.862739310195643,-13.601568917241575,14.41599,0.68314,89.0671
143,214,0.5876,0.4124,CV,7.5862,7.2276,-18.83866486119119,-18.793002033765305,-13.11902,7.19113,194.5755
143,159,0.6283,0.3717,CV,8.4285,8.4858,-19.11872718120395,-19.14678126975281,-0.53779,-0.86862,148.7927
143,153,0.5904,0.4096,CV,29.4201,29.2463,-18.21205650967874,-18.122220062509378,-4.60062,2.62822,385.0008
143,309,0.6202,0.3798,CV,6.3753,6.438,-7.905155018452122,-7.927438799009758,-0.07016,0.15178,75.1709
143,225,0.6128,0.3872,CV,4.2423,4.2577,-8.381488406497654,-8.394739259091281,-0.86192,1.10639,98.5791
143,194,0.5819,0.4181,CV,43.0005,42.5341,-18.738617621881176,-18.648395790575815,6.35169,-6.58703,780.5004
143,129,0.578,0.422,CV,21.6498,21.5703,-13.657463368574977,-13.59429088574591,-28.4416,-0.05602,525.8344
143,136,0.3765,0.6235,CA,23.7114,21.9971,-16.607099872610874,-16.109318734626523,63.7917,-8.17152,489.344
143,321,0.4995,0.5005,CA,40.5136,39.9216,-17.201579584599926,-16.907808292400844,17.92711,-10.63686,328.9953
143,165,0.5775,0.4225,CV,31.1434,31.3003,-19.760742241329623,-19.749682062158854,-18.21381,-3.30839,534.7219
143,332,0.6656,0.3344,CV,26.0392,31.9463,-12.797341935254773,-13.48801938570239,70.16989,-8.26831,1208.662
143,276,0.6089,0.3911,CV,27.2375,27.2254,-15.361592605614181,-15.306099705986028,-8.54247,0.90818,487.859
143,226,0.5879,0.4121,CV,32.8929,32.9434,-15.51263588882761,-15.38911982904343,7.46476,-3.08783,317.6031
143,334,0.6436,0.3564,CV,22.0732,23.5667,-19.27852037024377,-19.511185063915853,-2.24544,-1.14843,680.7092
143,336,0.6107,0.3893,CV,11.6119,11.8003,-14.380705380321837,-14.413258745881606,0.10264,1.79964,193.5283
143,264,0.4682,0.5318,CA,34.0148,33.6211,-34.44810178455167,-33.98909310709102,10.47572,-0.83062,169.8038
143,305,0.6176,0.3824,CV,21.1537,23.7207,-16.38890431425452,-16.58631419341681,76.80088,11.63169,2138.1573
143,320,0.5737,0.4263,CV,12.183,11.9658,-9.236156441313506,-9.123378782036117,4.5085,-1.2812,75.8047
143,273,0.2097,0.7903,CA,51.2236,50.7959,-73.1338274081785,-72.066557007351,23.21149,-5.33666,85.9111
143,339,0.3795,0.6205,CA,14.1809,12.4676,-11.648264309939766,-11.137925090826027,64.12821,0.95732,341.9119
143,218,0.477,0.523,CA,48.5778,49.0251,-30.39318945656305,-29.949113046045284,-7.84234,-13.81719,591.1676
143,222,0.3851,0.6149,CA,17.4649,16.2806,-48.12167173513427,-47.47233655919085,43.65923,-9.04735,236.4178
143,293,0.4555,0.5445,CA,16.2106,15.8971,-22.676022478476213,-22.512177797033388,-39.46657,27.90522,231.2167
143,140,0.1232,0.8768,CA,67.984,67.4501,-91.75268449327204,-89.8069368074388,28.68308,-2.1282,87.9252
143,288,0.6104,0.3896,CV,8.2081,8.2054,-9.165140886552042,-9.162624699471504,-0.25769,-0.6786,50.8006
143,220,0.5738,0.4262,CV,15.4843,15.4807,-27.03607094218739,-27.03096028209221,0.64344,-0.31179,64.9779
143,313,0.5,0.5,CA,50.7367,50.7343,-19.08786667599002,-19.06099836446256,0.72729,-0.45178,58.3462
143,346,0.7,0.3,CV,21.1012,21.1012,-15.105775854478285,-15.105775854478285,0.0,0.0,59.017
143,347,0.7,0.3,CV,7.0926,7.0926,-12.185635995571428,-12.185635995571428,0.0,0.0,28.2835
144,195,0.6174,0.3826,CV,71.2094,71.3852,-14.426470525021232,-14.431973514459031,-0.21124,-1.81858,2879.8259
144,285,0.6084,0.3916,CV,14.6623,14.6141,-13.696618039925598,-13.660179752179324,-1.34522,-0.34965,176.7331
144,287,0.5599,0.4401,CV,8.391,8.2214,-8.28571966876023,-8.227012850684519,11.71026,-0.62222,90.6668
144,214,0.6291,0.3709,CV,5.5166,6.0486,-22.709848431513688,-22.80905969727896,-4.3888,3.0231,175.6712
144,159,0.6107,0.3893,CV,16.7216,16.6698,-21.181871002764,-21.142773362886377,-2.03535,-1.66823,135.7188
144,153,0.6035,0.3965,CV,11.1171,10.944,-13.503081890632801,-13.490150567094965,-3.64518,1.40841,361.0438
144,309,0.6172,0.3828,CV,8.662,8.6678,-14.657647277655201,-14.658097331815831,0.35685,-0.50537,71.8117
144,225,0.618,0.382,CV,12.975,13.0343,-11.123593659396425,-11.138419035199668,0.04381,-0.40867,92.246
144,194,0.5743,0.4257,CV,50.4933,49.9951,-16.957244414995365,-16.835751855077223,7.343,-7.50966,788.6372
144,129,0.4566,0.5434,CA,21.469,20.4628,-11.555593476197126,-10.966580250153266,-46.8915,-4.97924,446.7431
144,136,0.2432,0.7568,CA,39.4591,37.171,-16.531883290533173,-15.269616309075143,100.13636,-11.2962,599.5727
144,321,0.4488,0.5512,CA,43.0654,42.4944,-33.210719305484695,-32.703544409428254,22.3736,-12.7244,322.1568
144,165,0.5104,0.4896,CV,44.7513,44.9662,-29.553491491617674,-29.180796079159485,10.8127,3.25811,477.3067
144,332,0.0107,0.9893,CA,116.6312,114.4632,-67.30531849396594,-62.23055241107941,261.02414,-28.78265,1451.4521
144,276,0.5929,0.4071,CV,35.2148,34.9979,-15.735697991882935,-15.651150171543588,-8.1747,0.34605,471.9584
144,226,0.5858,0.4142,CV,25.0726,24.801,-17.936087092844836,-17.853255497109387,6.68976,-3.65565,309.7352
144,334,0.6002,0.3998,CV,24.3573,24.3017,-13.495792752734102,-13.390273149542296,11.91642,-7.84302,564.0585
144,336,0.5809,0.4191,CV,17.7335,17.6351,-42.603721600507384,-42.46716203680343,-1.5905,-0.74318,165.9594
144,264,0.2975,0.7025,CA,57.3889,56.8441,-46.231013867137705,-45.114839600548066,19.81308,-2.74807,185.8612
144,305,0.6411,0.3589,CV,22.2951,23.2923,-15.505384646920707,-15.612117860570912,25.84665,0.59847,1807.7835
144,320,0.5234,0.4766,CV,24.2112,24.0155,-18.888038246384987,-18.57297738625593,5.86942,-2.74984,75.6766
144,273,0.2502,0.7498,CA,32.1109,31.4777,-28.26791326794061,-27.276811370914597,31.37231,-9.66531,101.6271
144,339,0.2905,0.7095,CA,26.8342,25.1239,-14.185015445719422,-13.160403375548016,85.68792,-5.29948,443.7756
144,218,0.272,0.728,CA,50.7469,50.3961,-32.96630030733807,-31.712233975996096,51.79788,-15.74784,552.4839
144,222,0.4002,0.5998,CA,12.7603,11.1778,-25.11553598741585,-24.571523730523875,52.34629,-11.93688,254.4165
144,293,0.6544,0.3456,CV,11.6305,13.3266,-17.896994028614785,-18.29652563632584,-5.58584,5.06475,226.2386
144,140,0.0752,0.9248,CA,71.1762,70.4128,-93.9574183873673,-91.6771034092186,55.33693,-8.24563,120.4355
144,288,0.5973,0.4027,CV,16.7046,16.666,-16.815335020375755,-16.74714323766983,-0.50583,-1.50514,52.4936
144,346,0.6106,0.3894,CV,34.5001,34.5001,-30.228005099601813,-30.08089421397547,12.32013,-4.84329,81.8248
144,347,0.6232,0.3768,CV,16.3648,16.3648,-37.7859640134168,-37.691844970265954,4.24637,-6.62145,39.1721
144,220,0.5945,0.4055,CV,22.212,22.1733,-34.70193531855222,-34.67579018707061,0.33894,-0.52451,75.122
144,313,0.5705,0.4295,CV,24.3598,24.3681,-21.598117372619253,-21.57966435536312,-0.13642,-0.99086,52.9823
144,327,0.5,0.5,CA,67.3336,67.4364,-55.8495502714282,-55.79505735230156,-3.05651,0.23267,168.4123
144,304,0.5,0.5,CA,38.6425,38.7505,-35.823320676254156,-35.60019038437259,-2.81878,0.26175,48.0538
144,213,0.6143,0.3857,CV,13.6705,13.7162,-37.04318955830674,-37.04593576974629,0.374,-1.3845,91.5134
145,195,0.6153,0.3847,CV,48.7005,48.5538,-13.311460479030108,-13.30801718568441,-2.16299,-2.26392,2951.4876
145,285,0.5606,0.4394,CV,21.4237,21.458,-39.21445107531154,-38.998408832477025,5.88099,-0.5187,151.6739
145,287,0.626,0.374,CV,6.6181,7.0222,-15.129820825518154,-15.256351704346148,3.39482,-0.90291,88.7471
145,214,0.624,0.376,CV,2.9835,2.8233,-17.709051124094046,-17.7253327733291,-3.32929,2.34239,158.183
145,159,0.5994,0.4006,CV,11.5393,11.4119,-14.209330712041366,-14.149414241661045,-3.4201,-1.66972,123.9241
145,153,0.6116,0.3884,CV,4.5367,4.3406,-9.727778702483763,-9.729465773979225,-2.53498,1.09637,338.0616
145,309,0.6054,0.3946,CV,12.9703,12.9387,-12.809888427381981,-12.765294036596408,1.28877,-0.7437,68.6462
145,225,0.5887,0.4113,CV,23.3753,23.3729,-19.953207552607918,-19.837945051035373,2.15404,-1.29675,82.6394
145,194,0.5343,0.4657,CV,84.4968,83.9915,-32.32344329383517,-32.05142650559167,12.28078,-9.11096,780.9362
145,129,0.4292,0.5708,CA,17.9272,16.5495,-12.740702135801843,-12.215156600668609,-55.92902,-4.24425,411.7711
145,136,0.6127,0.3873,CV,18.5305,21.6245,-9.932037435607873,-10.450036417003329,49.06238,-2.72907,651.5247
145,321,0.5916,0.4084,CV,30.1752,30.8621,-23.90567070726026,-24.046769433671926,0.15081,-2.42807,309.8815
145,165,0.5106,0.4894,CV,21.7916,21.5079,-12.849104090070611,-12.574418415727825,22.89961,3.82555,431.3474
145,332,0.2383,0.7617,CA,36.9749,31.8275,-34.27786232782632,-33.50551494564989,314.73647,-35.21509,1412.649
145,276,0.6053,0.3947,CV,10.9221,10.6508,-15.898897368534836,-15.889640242506047,-5.66164,0.24996,451.5215
145,226,0.5905,0.4095,CV,20.1588,19.8973,-25.172197886426904,-25.111692949057844,5.79315,-3.59163,294.7996
145,334,0.4709,0.5291,CA,36.5362,35.9113,-17.161295954509015,-16.597140472430482,25.92047,-13.39319,516.3759
145,336,0.5987,0.4013,CV,5.4935,5.3498,-49.791153558206524,-49.7720078867062,-1.7272,-1.57218,145.0741
145,264,0.3708,0.6292,CA,30.9374,30.094,-16.822997410271178,-16.277772635576397,26.0398,-4.03914,211.6357
145,305,0.59,0.41,CV,49.718,49.2535,-15.387884911072984,-15.243860475961679,38.43039,3.3208,1454.9805
145,320,0.4795,0.5205,CA,19.8293,19.5359,-22.948604445632107,-22.530848965871296,7.43612,-3.78847,75.8211
145,273,0.118,0.882,CA,35.3866,34.3384,-31.58829923797507,-29.62636880921422,54.95682,-15.98532,134.9416
145,339,0.3892,0.6108,CA,16.3545,14.0602,-11.036541219823414,-10.579098487007464,94.83362,-9.03665,525.6223
145,218,0.3013,0.6987,CA,36.3331,35.2434,-20.316068198925713,-19.494089324156576,62.15589,-27.96136,525.0995
145,222,0.4897,0.5103,CA,8.9499,7.7559,-19.343752999657163,-19.14210318096195,49.92553,-10.06024,266.2536
145,293,0.6301,0.3699,CV,10.5488,10.7011,-16.132258554212328,-16.136798468558748,6.12785,-1.97513,197.4439
145,140,0.1314,0.8686,CA,39.0958,37.9069,-30.21391244055592,-28.622136178640766,77.30651,-14.68909,161.4858
145,288,0.5918,0.4082,CV,13.4304,13.3489,-13.72535130893756,-13.65339596932894,-0.91815,-1.72949,52.9987
145,346,0.2202,0.7798,CA,51.1389,50.7764,-53.709718522163826,-51.982113893503694,38.78419,-11.19013,188.6879
145,347,0.4991,0.5009,CA,12.8428,12.6313,-56.932878415864735,-56.447802061714604,11.63862,-12.02442,67.5114
145,220,0.6063,0.3937,CV,16.5921,16.5771,-25.828604079220625,-25.82125793131141,0.04815,-0.84586,78.1374
145,313,0.5844,0.4156,CV,22.1862,22.1477,-16.090571180452756,-16.027238093243792,-0.95022,-1.35327,54.4344
145,327,0.5814,0.4186,CV,15.4866,15.6039,-77.70798174716995,-77.73433620296662,-1.43253,-0.1447,137.8093
145,304,0.5732,0.4268,CV,18.1899,18.2197,-19.25523265482999,-19.247918454197436,-1.38862,0.18459,50.704
145,213,0.5853,0.4147,CV,26.7154,26.6954,-52.230699889816606,-52.10680688382541,-2.28922,-1.81077,95.3656
145,349,0.7,0.3,CV,7.688,7.688,-8.41257134049806,-8.41257134049806,0.0,0.0,85.5
145,350,0.7,0.3,CV,39.1179,39.1179,-30.171977360031377,-30.171977360031377,0.0,0.0,53.7814
145,351,0.7,0.3,CV,15.1369,15.1369,-11.732822622830355,-11.732822622830355,0.0,0.0,91.8874
146,195,0.6162,0.3838,CV,18.6964,18.4382,-12.456931009456085,-12.460469668065556,-2.03112,-1.86077,2958.768
146,285,0.6141,0.3859,CV,17.6606,17.8835,-17.535003704457864,-17.609967298365298,1.04955,1.63342,137.2062
146,214,0.6184,0.3816,CV,8.5662,8.5061,-7.826950382162744,-7.82685796750247,-2.42759,2.10818,148.2254
146,159,0.6137,0.3863,CV,1.5691,1.526,-8.85841308900112,-8.875013086972178,-2.084,-1.07212,115.398
146,153,0.6041,0.3959,CV,21.1809,21.038,-10.741708289738865,-10.699618797239392,-3.10401,1.24486,326.5866
146,309,0.6119,0.3881,CV,4.5204,4.4879,-9.54109347266927,-9.540955257060451,0.77983,-0.59376,64.7581
146,225,0.6187,0.3813,CV,11.0126,11.1365,-11.549432225492955,-11.602807164065968,-0.0287,-0.33709,76.6581
146,194,0.5465,0.4535,CV,43.3437,42.545,-19.678889402087172,-19.51361046914795,13.40369,-9.23889,800.4316
146,136,0.6506,0.3494,CV,22.1617,23.5584,-12.563594799911925,-12.719380987683568,-1.54988,4.11956,603.6134
146,321,0.5956,0.4044,CV,9.0164,8.7223,-10.29682266481051,-10.249081310716264,2.47877,-2.739,272.2292
146,332,0.0452,0.9548,CA,78.5225,70.5224,-27.78789698451466,-24.80378851999763,512.15366,-52.65004,1965.0605
146,276,0.6133,0.3867,CV,21.4911,21.5077,-11.846114929521647,-11.852368181125687,-4.48924,0.31147,408.1441
146,334,0.6226,0.3774,CV,39.5273,40.9106,-33.14130280827462,-33.380960256189915,-5.78659,-0.14394,480.0219
146,336,0.6239,0.3761,CV,5.4189,5.6171,-30.46140657833791,-30.522225812926035,-0.32969,-0.42564,127.841
146,264,0.3789,0.6211,CA,30.7106,29.6951,-18.01768859228688,-17.404152631075235,34.4417,-4.33509,245.0826
146,305,0.624,0.376,CV,38.4346,39.9724,-13.871756937321306,-13.945521986613834,-13.74293,-3.74604,1298.5232
146,320,0.5826,0.4174,CV,5.6559,5.8076,-15.532022533039672,-15.592488395339787,4.73013,-1.73568,77.2887
146,273,0.2423,0.7577,CA,15.0577,13.544,-10.60991598965815,-9.705528449907838,71.2217,-20.0749,170.8959
146,339,0.2173,0.7827,CA,32.1281,28.9976,-16.80347836341479,-15.37677906472446,145.38555,-11.22952,691.4437
146,218,0.2377,0.7623,CA,36.4141,35.1807,-25.399086497251204,-24.212108072934978,86.45463,-40.30881,488.8375
146,222,0.6144,0.3856,CV,14.9,15.5011,-20.869988984086216,-21.048160742142038,22.48671,-1.42027,254.949
146,293,0.609,0.391,CV,13.784,13.6522,-13.993564860871226,-13.944848427096932,5.58755,-0.40598,177.1062
146,140,0.4952,0.5048,CA,11.8834,12.5534,-16.615033788564787,-16.812596833416567,64.41848,-16.21705,205.1991
146,288,0.6,0.4,CV,7.503,7.4232,-7.798846862887588,-7.7688576251416155,-1.08822,-1.36156,52.8909
146,346,0.4886,0.5114,CA,25.5208,26.0679,-88.04677285455864,-88.09301999677618,18.02171,-16.12732,299.3021
146,347,0.4783,0.5217,CA,9.1743,8.7413,-72.1067328942246,-71.71878297887785,18.08438,-8.47053,100.3516
146,220,0.6111,0.3889,CV,15.5657,15.5609,-17.841217837333904,-17.836534512843535,-0.61091,-0.74281,79.9407
146,313,0.5835,0.4165,CV,21.2978,21.2271,-15.443666096964174,-15.35650439251538,-1.78395,-1.26576,57.2447
146,349,0.6434,0.3566,CV,13.2983,13.2983,-9.865460860801928,-9.858619802762977,-3.26288,4.47419,116.6602
146,350,0.5924,0.4076,CV,29.0923,29.0923,-34.058801297537094,-33.83555245727303,15.99048,2.03515,74.811
146,351,0.6337,0.3663,CV,18.5421,18.5421,-12.289222285250936,-12.240282817746419,-11.57291,-0.42612,127.3744
146,327,0.5085,0.4915,CV,68.7274,68.7892,-67.4321278135869,-67.04605979790769,6.0263,-1.04593,124.8618
146,304,0.5866,0.4134,CV,13.8534,13.7636,-13.840451727322879,-13.782162858356475,-1.38975,0.5821,54.2823
146,149,0.5,0.5,CA,59.499,59.5277,-69.46879016295968,-69.44232104557325,-1.48368,-0.30458,105.3077
146,325,0.5,0.5,CA,45.0497,44.3153,-23.73786716550238,-23.739534264769283,-13.08299,7.10227,351.3552
146,287,0.3001,0.6999,CA,32.4421,32.318,-46.702970873206056,-45.37040705457656,17.53846,-0.15435,91.634
146,165,0.5269,0.4731,CV,33.1231,33.0053,-26.39829495172434,-26.1885892599814,21.69213,6.79829,420.2562
147,195,0.6167,0.3833,CV,21.4086,21.2519,-12.250158867027197,-12.254523429829085,-2.46651,-1.3237,2969.0441
147,285,0.5785,0.4215,CV,24.847,24.8035,-17.50978342023272,-17.358126567858207,-1.4517,2.93438,129.0785
147,287,0.468,0.532,CA,12.8658,12.6414,-13.071481963055243,-12.923060521284732,16.74341,1.18134,100.4494
147,214,0.5841,0.4159,CV,17.678,17.5257,-14.285885445410653,-14.1508744156353,-4.74755,3.20421,142.1542
147,159,0.6098,0.3902,CV,13.5986,13.5821,-11.142377093479825,-11.121141422928142,-2.59128,0.1106,110.2731
147,153,0.5821,0.4179,CV,38.1553,37.9699,-17.86813409657952,-17.74644819699453,-4.83004,1.89686,317.9026
147,225,0.585,0.415,CV,22.6922,22.7018,-26.375016902178743,-26.24354977858667,-2.25192,1.15202,72.9085
147,194,0.5717,0.4283,CV,45.2818,44.863,-21.840633743317273,-21.76023779269835,12.53953,-6.44909,866.6482
147,136,0.5986,0.4014,CV,42.4034,42.4989,-21.12462940633772,-21.001790583648628,-2.08615,1.04967,474.1696
147,321,0.521,0.479,CV,26.2956,26.187,-19.184774388870753,-18.828022303180155,12.06001,-3.02062,239.6344
147,165,0.0945,0.9055,CA,72.9945,72.2236,-52.54742555890746,-49.94705797878896,58.0547,15.87805,390.2172
147,332,0.9101,0.0899,CV,81.9379,93.0181,-35.5635061385907,-38.217889682355114,72.01141,-0.76499,1467.5881
147,276,0.6182,0.3818,CV,15.9915,16.0562,-14.620021600653482,-14.63490414044169,-1.94766,0.63629,374.0102
147,334,0.6151,0.3849,CV,12.8031,12.7012,-28.640373753650568,-28.628491960720048,-7.84359,2.52485,425.9173
147,336,0.6115,0.3885,CV,14.0649,14.1004,-25.683709765558373,-25.65463023123334,1.35179,1.3322,113.8206
147,264,0.008,0.992,CA,114.0019,112.7021,-143.92915793432067,-138.982788531056,102.43095,-6.97383,330.6289
147,305,0.5738,0.4262,CV,35.0659,34.356,-12.047862716268996,-11.862564631896188,-28.5304,-5.33629,1126.6095
147,320,0.597,0.403,CV,15.7145,15.8129,-20.486762867701476,-20.458144065440358,0.78638,1.92711,74.5051
147,273,0.0246,0.9754,CA,57.0321,55.3429,-51.73184735455219,-48.11301577251978,139.58088,-39.59183,288.8532
147,339,0.563,0.437,CV,15.6964,18.1289,-53.79978666399397,-54.149130836249256,96.27435,-8.30223,709.711
147,218,0.6573,0.3427,CV,26.8143,29.5134,-14.58104010224031,-15.299352936162034,-16.85473,-8.2653,411.6942
147,222,0.592,0.408,CV,20.5671,20.5458,-19.078509153992123,-18.98226766616872,9.023,3.54146,224.3737
147,293,0.5765,0.4235,CV,23.8324,23.7032,-17.844628432276195,-17.692688784902572,4.03052,2.24748,165.3667
147,140,0.5377,0.4623,CV,6.3287,4.8618,-7.841769476135429,-7.697289042513812,52.87442,-12.27299,259.7011
147,288,0.6112,0.3888,CV,6.5579,6.5634,-8.44347113613484,-8.448478878353189,-1.0467,-0.46655,53.2884
147,346,0.5228,0.4772,CV,22.2577,21.9144,-60.41624866298128,-60.2213221665513,10.94544,-5.83783,385.1941
147,347,0.3768,0.6232,CA,15.1937,14.7562,-72.40490171222348,-71.6303329776263,24.17908,-0.503,135.3847
147,220,0.5959,0.4041,CV,32.3955,32.3799,-21.3222443018898,-21.246884389033752,-1.76025,-0.68234,72.5908
147,313,0.5757,0.4243,CV,24.9587,24.865,-19.105519619794684,-18.987378199378533,-2.59578,-0.86288,63.4713
147,349,0.5636,0.4364,CV,20.419,20.2872,-12.637376587434026,-12.381436504863238,-8.97532,17.57817,180.1815
147,350,0.0473,0.9527,CA,42.3723,42.1704,-60.665758399274374,-57.226022928114745,29.31853,49.01553,192.419
147,351,0.3001,0.6999,CA,31.1758,30.869,-23.62013262938986,-22.276162351927493,-45.0685,8.27412,254.6879
147,304,0.5672,0.4328,CV,29.1135,29.0294,-23.401750511463085,-23.244695933061728,-2.16167,1.39663,57.3615
147,149,0.5736,0.4264,CV,6.9543,6.918,-44.377777236843286,-44.37221689886183,-1.46232,0.21078,95.0762
147,325,0.2717,0.7283,CA,19.8851,19.366,-13.556763339773035,-12.268574483231706,-47.78861,31.21833,285.148
147,315,0.5,0.5,CA,30.7126,30.7119,-13.891236652993829,-13.884316186780149,0.50134,0.33119,60.2352
147,249,0.5,0.5,CA,1190.004,1189.9928,-833.3624388173198,-827.8533077447003,33.34879,-7.6801,313.6389
147,309,0.6198,0.3802,CV,7.4456,7.5045,-27.415763751466766,-27.439561886258986,0.10038,-0.03904,64.0926
147,327,0.519,0.481,CV,21.0715,20.7905,-22.05886312156193,-21.820553682873086,7.22786,-0.19711,124.132
147,353,0.7,0.3,CV,14.6022,14.6022,-11.747272555346052,-11.747272555346052,0.0,0.0,1205.533
148,195,0.6177,0.3823,CV,13.1921,13.164,-12.086304943737773,-12.094117765250289,-2.13967,-0.54884,2962.046
148,285,0.4877,0.5123,CA,41.9711,41.8755,-54.878284777541595,-54.413535074001615,1.26167,5.6228,113.5773
148,287,0.2328,0.7672,CA,31.4493,30.8809,-43.66472225171284,-42.215496533167155,30.83224,3.73173,107.0983
148,214,0.5648,0.4352,CV,17.3038,17.0317,-37.36617864383226,-37.20276278488305,-5.42044,3.85267,134.6733
148,159,0.568,0.432,CV,26.6209,26.5355,-55.95286132983059,-55.76465924122236,-3.80701,1.53182,100.4017
148,153,0.555,0.445,CV,44.653,44.3699,-22.394193720902003,-22.19379113156159,-6.64348,2.86466,311.7899
148,309,0.6095,0.3905,CV,15.985,15.9872,-12.646370721972758,-12.614914512942878,-0.66841,0.79839,64.517
148,225,0.506,0.494,CV,27.864,27.731,-35.322226511982976,-34.92069982154205,-3.74914,2.74863,70.5332
148,194,0.5938,0.4062,CV,25.9072,25.4767,-17.507306232563373,-17.48115641338833,10.07717,-3.5234,909.469
148,321,0.5325,0.4675,CV,18.3206,18.0756,-13.3146963170269,-13.11231146559858,11.93506,0.40799,218.5842
148,332,0.7166,0.2834,CV,43.3827,43.7507,-38.063858773726096,-38.05454584870397,-9.76349,4.83269,1046.8617
148,276,0.5831,0.4169,CV,39.3091,39.2185,-26.211533911289123,-26.07304568959558,-6.09087,2.47341,354.7141
148,334,0.5909,0.4091,CV,21.3365,21.1062,-82.7927651406946,-82.69106389022654,-9.42537,4.68293,373.9231
148,336,0.5826,0.4174,CV,17.3906,17.2972,-17.52511503697944,-17.394188792060223,1.7275,2.62393,104.0467
148,305,0.5647,0.4353,CV,32.9455,32.1526,-12.994677580803387,-12.845885910476273,-27.76497,-4.65994,987.5063
148,320,0.4734,0.5266,CA,23.9032,23.7993,-31.273322811930168,-30.723937037181333,-2.62493,5.66802,71.695
148,273,0.1665,0.8335,CA,53.8943,52.2743,-33.422080516138344,-32.18129587326825,171.88951,-49.66723,396.5284
148,218,0.356,0.644,CA,29.3819,29.2356,-16.993659606117514,-15.868580541434827,-57.98448,15.66989,357.7382
148,222,0.5127,0.4873,CV,27.0921,26.8895,-22.892267136295207,-22.50755403938596,1.11807,7.57562,200.3383
148,293,0.568,0.432,CV,19.2774,19.1067,-15.048761295752026,-14.90946624559416,1.66155,4.12235,151.7195
148,140,0.0374,0.9626,CA,42.1441,40.4276,-43.604815291964925,-40.000694430896665,125.62789,-24.20673,382.6863
148,288,0.6017,0.3983,CV,16.6082,16.6047,-18.097996014789246,-18.046779433680868,-1.17865,1.00846,52.4624
148,346,0.5226,0.4774,CV,37.7953,37.934,-51.66444813294554,-51.41983536179028,13.24571,10.91323,431.8888
148,347,0.2668,0.7332,CA,19.1961,18.4797,-99.42508244505778,-98.28634071864462,33.80917,8.99443,162.3118
148,220,0.5805,0.4195,CV,23.6693,23.6064,-21.938334973049717,-21.82210809793287,-3.06784,0.96493,75.6826
148,313,0.5348,0.4652,CV,41.5312,41.415,-33.3683696968146,-33.096088852125455,-4.26459,0.26467,68.416
148,349,0.2633,0.7367,CA,26.6303,25.8002,-17.48171411158827,-16.058871506975365,-22.47121,37.18349,295.9904
148,350,0.1738,0.8262,CA,20.8089,19.4721,-17.225286391558,-16.003653510036152,42.29621,79.06507,291.4272
148,327,0.5406,0.4594,CV,19.654,19.4559,-14.101204228193557,-13.934295803594509,7.09895,1.74,126.3796
148,304,0.5305,0.4695,CV,35.5747,35.4343,-30.53096367843724,-30.25392514951653,-3.12278,2.50036,61.5202
148,353,0.6475,0.3525,CV,18.2889,18.2889,-11.121535603845688,-11.13243619747115,6.41131,-1.64077,1638.6934
148,149,0.5856,0.4144,CV,15.5685,15.5265,-35.99000334556911,-35.92701432894711,-1.76173,1.64417,90.6871
148,325,0.2172,0.7828,CA,19.0446,17.0623,-13.176601567891225,-11.914051945204275,-75.44165,50.73794,240.2658
148,315,0.5658,0.4342,CV,19.2674,19.2445,-18.216577350580312,-18.17922431834413,0.77209,1.04943,58.0169
148,249,0.146,0.854,CA,47.1714,46.1324,-41.98887360064912,-39.92027053600228,49.2245,-14.42844,357.8955
148,264,0.1055,0.8945,CA,58.4978,56.7876,-56.091694533998236,-54.347612520627436,140.18169,-3.80615,389.2392
148,339,0.4926,0.5074,CA,33.927,33.2062,-134.0154367101651,-133.59253279011978,83.1017,-2.91176,648.5556
149,195,0.6182,0.3818,CV,4.4875,4.4109,-12.034900894670965,-12.043346430575111,-1.36337,-0.36655,2987.6556
149,285,0.5087,0.4913,CV,18.0521,17.874,-19.42171161380563,-19.171742898459364,-1.09198,6.41737,106.4074
149,287,0.5891,0.4109,CV,12.5668,13.373,-10.352349470948816,-10.786663882208193,13.57654,4.04069,109.6432
149,214,0.5891,0.4109,CV,42.439,42.7332,-31.598916682506793,-31.56352295422957,3.90118,-0.31354,130.8066
149,159,0.5942,0.4058,CV,7.0914,7.0169,-48.21002506759275,-48.1911657434737,-2.36685,1.64084,94.5541
149,153,0.5522,0.4478,CV,33.7019,33.3278,-23.147606070979045,-22.975787678522558,-7.82882,2.66882,307.8134
149,225,0.5286,0.4714,CV,12.0412,11.7878,-17.839283505572883,-17.643142348122268,-4.06996,2.89945,68.3783
149,194,0.5925,0.4075,CV,39.1574,38.6602,-30.540486097898317,-30.47647759171164,10.48255,-2.93254,924.193
149,332,0.6352,0.3648,CV,25.882,25.5344,-30.40047984117865,-30.332562279559475,-14.97477,4.41398,842.4207
149,276,0.6075,0.3925,CV,22.2416,22.3584,-11.625063399553785,-11.639298071725548,-1.85364,2.96056,332.0739
149,334,0.3646,0.6354,CA,52.9829,52.5054,-30.655986403405283,-29.66654845691864,-22.70154,8.88219,353.3778
149,336,0.5949,0.4051,CV,8.4414,8.3319,-19.564135441328588,-19.52666418222333,1.55837,1.94357,99.0233
149,264,0.0076,0.9924,CA,89.5436,86.3119,-67.67806083981588,-63.0564852886383,271.79391,-3.94576,499.8351
149,305,0.4534,0.5466,CA,44.5751,43.3238,-15.990299423951527,-15.407856113937552,-43.68967,-7.3879,904.4434
149,320,0.4867,0.5133,CA,10.1821,9.8354,-12.573525895985682,-12.256032340276146,-3.33835,6.6666,69.3461
149,273,0.4097,0.5903,CA,20.8458,19.7156,-12.650786868600235,-12.452766805045572,162.12091,-48.4733,602.8921
149,218,0.3652,0.6348,CA,14.0808,11.903,-10.982287752771754,-10.331130672551703,-71.23777,18.9691,365.5662
149,222,0.5344,0.4656,CV,12.4861,12.0938,-9.876070580048506,-9.693407936596751,-2.94557,8.22095,181.8855
149,293,0.587,0.413,CV,9.0185,8.8199,-9.04066462685995,-8.9916584160388,2.41798,3.01936,143.3894
149,140,0.2926,0.7074,CA,14.0017,11.3591,-23.684445074708602,-23.152695661496185,146.54238,-27.33987,389.7822
149,288,0.6144,0.3856,CV,2.3372,2.3738,-25.68102029346759,-25.69697786833583,-0.78148,0.41623,52.5782
149,346,0.454,0.546,CA,33.5705,32.8634,-30.25955276549678,-29.740340348199688,20.79876,14.6209,462.7102
149,347,0.4262,0.5738,CA,6.8071,5.7893,-113.62933483216811,-113.3584132178066,37.25496,7.19076,174.6684
149,220,0.5538,0.4462,CV,20.8044,20.6204,-16.117322312666296,-15.914645682959508,-4.55413,0.95218,79.462
149,313,0.5134,0.4866,CV,32.2979,32.0628,-21.32158784428255,-21.022763704451478,-5.75152,0.0859,76.1795
149,349,0.458,0.542,CA,6.9028,5.763,-7.621509412906388,-7.484391130124963,-25.37501,33.60069,345.8523
149,350,0.2103,0.7897,CA,23.7092,23.0426,-16.66387894549034,-15.497595541382063,77.33534,69.48839,363.8003
149,327,0.5652,0.4348,CV,11.3971,11.1067,-8.687858522620985,-8.58957350496528,6.44974,2.10241,129.3838
149,304,0.5261,0.4739,CV,25.4619,25.2393,-19.27528716015549,-19.03355157239487,-4.0116,2.9692,67.27
149,353,0.6322,0.3678,CV,28.084,27.8599,-11.937688325343421,-11.961793605005512,17.97918,-9.04603,2426.3146
149,149,0.6012,0.3988,CV,4.8875,4.7717,-25.39041103127833,-25.374883512860823,-1.40778,1.45859,86.1133
149,325,0.6947,0.3053,CV,13.9274,16.5592,-11.268381458242578,-12.186761822266801,-23.71458,16.07551,196.6167
149,315,0.5925,0.4075,CV,10.5443,10.4938,-10.411825488869615,-10.388927405745228,1.14791,0.81381,59.3756
149,179,0.5,0.5,CA,56.0852,56.0831,-64.68254075175541,-64.62194472965339,0.04713,-1.22063,83.9293
149,251,0.5,0.5,CA,49.3441,49.3283,-20.47076453298024,-20.420832690500962,1.76472,-0.05602,85.8527
149,165,0.5,0.5,CA,89.7109,91.1969,-61.63744625549587,-61.42490380102965,-24.99143,-2.72269,460.6489
149,309,0.6157,0.3843,CV,14.7257,14.7737,-16.66090216762361,-16.670888906156577,0.55271,0.20554,63.0685
149,321,0.6095,0.3905,CV,11.4091,11.7166,-8.991654426593698,-9.088045455123119,4.50715,0.84536,186.8725
149,355,0.7,0.3,CV,8.8185,8.8185,-7.90374710562247,-7.90374710562247,0.0,0.0,55.5928
149,357,0.7,0.3,CV,6.4471,6.4471,-7.268408983844454,-7.268408983844454,0.0,0.0,41.3009
150,195,0.6184,0.3816,CV,12.448,12.4364,-12.218862538509928,-12.227509544057884,-1.33717,0.0978,2986.0713
150,285,0.4884,0.5116,CA,22.5912,22.397,-19.930465734992097,-19.569368649017164,-4.05167,6.86044,104.1148
150,287,0.5742,0.4258,CV,17.97,18.4251,-22.329280441511937,-22.19709923750007,-11.20214,1.34843,101.2421
150,214,0.3463,0.6537,CA,53.1877,52.9846,-68.21046977828414,-67.1436221426778,11.74222,-3.43375,122.7441
150,159,0.6104,0.3896,CV,6.5703,6.5913,-38.45603687563517,-38.46603151077332,-0.78318,1.45706,89.541
150,153,0.5498,0.4502,CV,30.578,30.1543,-26.953042327537133,-26.775297009642237,-8.97833,2.745,307.0141
150,225,0.559,0.441,CV,7.237,6.9918,-11.701158348898952,-11.594834830969548,-3.87231,2.66112,66.5412
150,194,0.5979,0.4021,CV,30.8461,30.4256,-37.53854780357351,-37.4991112212357,9.31867,-3.02436,920.1255
150,332,0.6166,0.3834,CV,14.92,14.507,-22.782762803319535,-22.758385484891875,-12.77692,3.41286,709.4152
150,276,0.6002,0.3998,CV,24.3813,24.2837,-15.083605898573456,-15.031428755431605,0.12131,3.8381,311.1323
150,334,0.5016,0.4984,CV,16.4659,16.0081,-10.130544401799394,-10.026334183068832,-20.56759,8.74999,355.6256
150,336,0.6031,0.3969,CV,6.5605,6.4494,-19.349703862434623,-19.32811647954347,1.43357,1.35346,94.7879
150,264,0.8871,0.1129,CV,28.9358,34.3992,-19.434521704093182,-21.890526646995372,187.20313,0.55596,401.4007
150,305,0.4977,0.5023,CA,20.2984,18.5588,-11.666033393641355,-11.420775402970317,-44.61726,-8.16971,844.6971
150,320,0.5363,0.4637,CV,5.1617,4.8151,-9.817190537688596,-9.679540385403032,-3.54708,6.24782,66.1965
150,273,0.6644,0.3356,CV,19.8239,23.3375,-11.460340021720437,-11.969138168233405,63.17698,-21.46453,752.956
150,218,0.5519,0.4481,CV,2.7103,3.0076,-26.278300110636977,-26.375211398915788,-53.24176,13.42391,357.0948
150,222,0.5382,0.4618,CV,12.2594,11.887,-9.570941828127987,-9.372445922760528,-8.00415,8.09689,168.0688
150,293,0.6046,0.3954,CV,5.5416,5.4256,-7.328530854657547,-7.324933414209243,2.18471,1.92154,138.4301
150,140,0.6161,0.3839,CV,8.4221,11.6638,-10.659388406536287,-11.122923553415884,89.05294,-14.55647,433.8545
150,288,0.5926,0.4074,CV,33.7503,33.7856,-33.140203471066215,-33.04641654448311,1.41775,0.66092,58.6539
150,346,0.3877,0.6123,CA,40.1115,39.8493,-21.8968611885287,-21.203243288185877,18.86595,15.52869,454.4413
150,347,0.4552,0.5448,CA,9.5301,8.5724,-106.9246645090631,-106.54764633922673,40.0551,4.53561,179.2744
150,220,0.5048,0.4952,CV,23.0188,22.7572,-18.25701768426832,-17.8962158844945,-6.81477,0.71861,83.3096
150,313,0.4884,0.5116,CA,33.1455,32.8345,-20.837539572899026,-20.469831578258884,-7.85429,-0.22508,86.1701
150,349,0.6284,0.3716,CV,8.4435,9.5146,-7.756301514109642,-8.0393250735789,-16.0192,11.41946,317.2461
150,350,0.2752,0.7248,CA,23.42,23.0653,-17.95766537160526,-17.095037068656282,89.03482,36.77818,413.9247
150,327,0.6,0.4,CV,5.5687,5.533,-7.237895054750018,-7.247001961050962,3.96013,1.96275,128.8556
150,304,0.5265,0.4735,CV,23.2634,22.9941,-16.8921216454427,-16.658282504839406,-4.93204,3.29811,76.1609
150,353,0.6274,0.3726,CV,26.771,25.9923,-13.091026899818809,-13.11688768979676,24.38158,-19.51043,2981.9099
150,149,0.6095,0.3905,CV,3.5527,3.4534,-19.349366940146773,-19.345289166779754,-1.22141,1.12347,82.021
150,325,0.6773,0.3227,CV,8.1998,8.8457,-12.314923857244386,-12.467408150401752,0.27809,-0.69741,153.6868
150,315,0.6042,0.3958,CV,10.8966,10.8661,-11.74610008726502,-11.732649669925006,0.90322,0.57474,65.1026
150,355,0.6431,0.3569,CV,10.8638,10.8638,-14.335758320338277,-14.327335131854284,0.17545,-3.59202,70.8754
150,251,0.5818,0.4182,CV,17.2993,17.3853,-12.950889331206792,-12.978637819541966,-0.44496,-0.09682,80.5299
150,165,0.5658,0.4342,CV,37.5596,37.9072,-35.41395638164253,-35.37628631820705,0.9498,-1.9621,412.5601
150,309,0.6095,0.3905,CV,14.695,14.6773,-12.455254742131421,-12.429908722495952,0.28196,0.61575,66.3883
150,321,0.6297,0.3703,CV,11.1644,11.3651,-14.523512055224678,-14.592882080879452,1.07902,-0.04275,168.3519
