frame,track_id,mu_CV,mu_CA,dominant,nu_CV_norm,nu_CA_norm,L_CV,L_CA,ax,ay,P_trace
2,70,0.6459,0.3541,CV,8.8524,8.8524,-8.240530197291339,-8.244619950071828,-2.12074,0.09024,101.1851
2,71,0.6466,0.3534,CV,0.7501,0.7501,-4.365462701887712,-4.372560461010366,0.0,0.0,11.9416
2,72,0.6465,0.3535,CV,1.7695,1.7695,-4.888785686786103,-4.895246582763028,0.22929,0.0,14.3748
2,73,0.6466,0.3534,CV,0.5316,0.5316,-4.2133902324696795,-4.220490538994119,0.08989,-0.08989,10.4995
2,74,0.6464,0.3536,CV,1.5468,1.5468,-3.865069934610431,-3.8710189564823594,0.0,-0.09253,6.716
2,75,0.6459,0.3541,CV,2.519,2.519,-5.179523819172621,-5.183375176301727,-0.45583,-0.36467,7.4885
3,70,0.6183,0.3817,CV,10.3416,10.2867,-8.285683942246338,-8.252742847014863,-10.05636,0.42106,144.7621
3,71,0.6416,0.3584,CV,0.8587,0.854,-3.384209261070799,-3.449897504767138,-0.0,0.0,16.4718
3,72,0.6396,0.3604,CV,1.6207,1.6247,-3.8563141820751423,-3.9135320893674397,1.00447,0.0,20.3384
3,73,0.6411,0.3589,CV,0.6952,0.6974,-3.127001111363352,-3.190662545663779,-0.53938,-0.09749,14.5842
3,74,0.6399,0.3601,CV,1.0151,1.0061,-2.5314071924759625,-2.590245562097643,-0.38589,-0.09947,9.2777
4,70,0.5744,0.4256,CV,10.9314,10.524,-8.52239367453883,-8.347959925644595,-15.89088,0.04021,187.2353
4,71,0.6518,0.3482,CV,0.6516,0.6809,-3.1598560077849656,-3.2779180743291354,-0.0,-0.35591,19.3449
4,72,0.6171,0.3829,CV,3.5396,3.5029,-6.01722543847778,-5.988736815897907,3.7573,-0.0,24.6066
4,73,0.6466,0.3534,CV,1.3514,1.3713,-3.3945722649211008,-3.4904674337454322,0.84757,-0.39042,17.26
4,74,0.6493,0.3507,CV,0.7914,0.7748,-2.2273960707297222,-2.3368906880517426,-0.30889,-0.87704,10.7039
5,70,0.5409,0.4591,CV,10.4972,9.6953,-8.316236708064437,-8.070520012758255,-19.15925,-0.28999,218.1132
5,71,0.6482,0.3518,CV,1.5254,1.5315,-4.1867213468119315,-4.2738617518346675,-0.5326,0.00867,19.4729
5,72,0.5976,0.4024,CV,3.0292,2.8601,-5.633129908597593,-5.556018210229187,4.19833,-0.0,27.0369
5,73,0.6495,0.3505,CV,0.6676,0.6877,-3.7153023946069483,-3.815573995233906,0.44866,0.2216,17.8671
5,74,0.6461,0.3539,CV,1.1859,1.176,-2.701665423136185,-2.7833245891885268,-0.77202,0.00985,10.6051
6,70,0.5589,0.4411,CV,7.1173,6.134,-7.532692701468334,-7.408020347173581,-18.49202,-0.46394,231.2207
6,71,0.6462,0.3538,CV,0.5501,0.5884,-3.2325366765642616,-3.315960581305332,-0.35325,0.04647,18.5836
6,72,0.6037,0.3963,CV,2.4009,2.2492,-4.754817141425609,-4.731734286835846,3.74998,0.18413,26.8823
6,73,0.6445,0.3555,CV,0.4994,0.5151,-3.1929490408183536,-3.2670755273622274,0.04178,0.20592,17.2392
6,74,0.649,0.351,CV,0.6887,0.7268,-2.136798562310586,-2.2357262096086683,-0.04883,0.11458,9.8112
7,70,0.5891,0.4109,CV,4.4775,3.6293,-7.064933117113428,-7.0381811262431615,-15.06709,-0.48492,227.8295
7,71,0.6385,0.3615,CV,0.5067,0.5129,-3.838160632795375,-3.8911295809569175,-0.17671,0.1472,17.142
7,72,0.6123,0.3877,CV,1.3697,1.192,-5.729050464279336,-5.733483453965508,2.90615,0.1381,25.7806
7,73,0.6363,0.3637,CV,0.6865,0.6806,-3.2332668356175702,-3.2793796628230707,-0.13803,0.22699,16.1253
7,74,0.6419,0.3581,CV,0.4034,0.4229,-2.0262895373284175,-2.0899737077228293,-0.06646,-0.04886,8.8014
8,70,0.6055,0.3945,CV,3.6303,2.9817,-6.972068009445222,-6.969141634540726,-11.42742,-0.12058,215.9397
8,71,0.6302,0.3698,CV,1.3039,1.3048,-3.8707957945088993,-3.899615271784609,-0.22306,-0.04862,15.8439
8,72,0.6325,0.3675,CV,1.241,1.3754,-4.576783459649881,-4.654170867299735,1.20812,0.15543,23.9251
8,73,0.6302,0.3698,CV,1.0136,1.0227,-3.6714017712546134,-3.7036141789078494,0.03408,0.06559,15.0767
8,74,0.6321,0.3679,CV,1.3128,1.3227,-2.6868201260846165,-2.7184313259046484,0.14359,0.04314,7.9845
8,75,0.5,0.5,CA,3.4986,3.4944,-6.650179719148549,-6.694597988926459,-0.52094,-0.30621,12.7214
9,70,0.6147,0.3853,CV,2.8309,2.3696,-6.932325246709978,-6.9440973999285065,-8.11441,0.1142,200.9774
9,71,0.6262,0.3738,CV,1.3307,1.3404,-5.082862139451878,-5.106946149366043,-0.13753,0.04912,14.3125
9,72,0.6308,0.3692,CV,1.3115,1.3503,-3.9861300623145293,-4.026255997572181,0.41361,0.15018,21.712
9,73,0.6256,0.3744,CV,0.6204,0.6169,-4.349935240709211,-4.3710888386719695,0.0923,0.01498,14.0373
9,74,0.6277,0.3723,CV,0.9492,0.9597,-2.522246284023382,-2.5499307389935386,-0.05507,0.03932,7.1384
10,70,0.6216,0.3784,CV,1.1313,0.8617,-6.875067663673135,-6.902470488358695,-5.08914,0.11147,186.3682
10,71,0.6233,0.3767,CV,1.1502,1.1566,-3.7795243722283445,-3.797112289652932,0.02192,0.08421,13.2476
10,72,0.6252,0.3748,CV,1.1443,1.1355,-4.517196162448059,-4.53604133721997,0.43452,0.0444,19.9805
10,73,0.6223,0.3777,CV,1.9948,2.002,-4.244699765063069,-4.2590280433143715,-0.13132,-0.04041,12.9734
10,74,0.6227,0.3773,CV,0.9628,0.9603,-2.8344032773740944,-2.8472329697230516,-0.09462,0.02548,6.5803
11,70,0.6223,0.3777,CV,1.1503,0.9356,-7.13480345990487,-7.15474392853015,-3.26503,0.1093,172.7459
11,71,0.6213,0.3787,CV,1.1291,1.1326,-3.317776012144707,-3.3311534357019905,0.04994,-0.04352,12.327
11,72,0.6228,0.3772,CV,0.6962,0.6907,-3.960567451679421,-3.97737553431546,0.27903,0.04096,18.2834
11,73,0.6209,0.3791,CV,1.5039,1.5097,-4.725972749646618,-4.739004717864141,0.04517,-0.07121,12.119
11,74,0.6197,0.3803,CV,1.2538,1.2522,-2.7354633959732197,-2.7430019194752093,0.00375,0.01504,6.2006
12,70,0.6203,0.3797,CV,2.251,2.1086,-7.191855115322526,-7.202556043179067,-2.337,0.13059,161.5699
12,71,0.6201,0.3799,CV,0.2492,0.2466,-3.5047996444017264,-3.516063463894441,0.04501,-0.02318,11.5474
12,72,0.6218,0.3782,CV,1.5513,1.5653,-4.31932883634771,-4.3354003864657225,-0.00199,0.01652,17.065
12,73,0.62,0.38,CV,0.6968,0.6999,-3.3874172329204217,-3.3987970724890872,0.03009,-0.02404,11.5397
12,74,0.6189,0.3811,CV,0.4816,0.4755,-3.293374315007714,-3.3019139389714116,0.0244,0.00785,5.8582
12,75,0.5,0.5,CA,1.304,1.2901,-6.420583690743659,-6.4446995325972765,-0.20739,-0.08077,8.8083
13,70,0.6196,0.3804,CV,1.7577,1.6569,-7.8791967240972856,-7.889834763468484,-1.60985,0.14148,152.1855
13,71,0.6191,0.3809,CV,0.8261,0.8245,-3.23587076797872,-3.244627337184387,0.03472,-0.0129,11.0325
13,72,0.6189,0.3811,CV,2.2675,2.2664,-4.588795370635779,-4.5943391058753615,-0.21023,-0.00185,16.0261
13,73,0.6185,0.3815,CV,2.158,2.1596,-5.373132787743218,-5.379465843984847,0.04369,0.02151,10.6319
13,74,0.617,0.383,CV,1.4109,1.4063,-3.1470608986438613,-3.1487346043148046,0.07187,0.05079,5.6627
13,75,0.5768,0.4232,CV,1.393,1.3907,-3.8106163462701472,-3.8178664901011046,-0.2325,0.01169,7.8483
14,70,0.619,0.381,CV,1.7867,1.7164,-8.499309263706834,-8.508419529471334,-1.14183,0.04194,144.9621
14,71,0.6185,0.3815,CV,0.8709,0.8679,-3.288216478692442,-3.2957429083754213,0.07462,-0.00734,10.5775
14,72,0.6186,0.3814,CV,1.4759,1.475,-4.175818612864877,-4.184271772703662,-0.13704,-0.08895,15.0067
14,73,0.6189,0.3811,CV,0.5087,0.5099,-3.971808008237347,-3.9818969343861506,0.05704,0.02252,10.1131
14,74,0.6176,0.3824,CV,1.6072,1.6098,-3.0040406254025265,-3.010865697509244,0.08628,0.06702,5.3053
14,75,0.6056,0.3944,CV,0.7153,0.7205,-2.898774208629732,-2.9144662912354513,-0.09774,-0.02911,7.2699
15,70,0.6179,0.3821,CV,4.4337,4.3988,-7.752519056839431,-7.757973964486133,-0.97428,0.07291,137.278
15,71,0.6184,0.3816,CV,0.2796,0.2752,-3.176416448253189,-3.1845524083679093,0.06174,-0.0042,10.189
15,72,0.6182,0.3818,CV,1.1202,1.1145,-3.6818106634298404,-3.688835338866165,-0.15622,-0.05681,14.3599
15,73,0.6186,0.3814,CV,0.7528,0.7484,-4.745261756311329,-4.753630228753055,0.06568,0.01514,9.5601
15,74,0.6182,0.3818,CV,0.752,0.7544,-2.5417992408510246,-2.550610294703904,0.06199,-0.00419,5.1475
16,70,0.6185,0.3815,CV,1.3127,1.2947,-8.117790350228736,-8.127040307998094,-0.63132,-0.02634,132.5066
16,72,0.6183,0.3817,CV,0.427,0.419,-3.726965443632562,-3.73521254282338,-0.1204,-0.03555,13.8045
16,73,0.6189,0.3811,CV,0.7619,0.7648,-4.3975133782218965,-4.407704198256148,-0.01604,0.00779,9.1079
16,74,0.6172,0.3828,CV,1.9387,1.9404,-3.324600888010603,-3.3282012143805333,-0.01721,-0.07697,4.8481
16,71,0.6185,0.3815,CV,1.0366,1.0403,-3.283785989725189,-3.2927142263519262,-0.00817,-0.00234,9.7553
17,70,0.6185,0.3815,CV,3.1192,3.1164,-7.149936588335548,-7.15862650008081,-0.38686,0.04717,127.0641
17,71,0.6185,0.3815,CV,0.6546,0.6556,-3.163584824379671,-3.172099888452647,-0.01935,0.0235,9.552
17,72,0.6186,0.3814,CV,0.8805,0.8841,-3.6578287604455926,-3.6671399834430343,-0.04952,0.00306,13.1835
17,73,0.6185,0.3815,CV,1.7021,1.7051,-3.790352605527201,-3.7982285069944917,0.0193,-0.02323,8.9557
17,74,0.6175,0.3825,CV,0.9891,0.9875,-2.292530407393783,-2.2987797778249837,-0.05639,-0.09675,4.721
18,70,0.6187,0.3813,CV,0.5506,0.5642,-6.916663584883297,-6.926114402292052,-0.19253,0.03644,123.5421
18,71,0.6182,0.3818,CV,1.2992,1.2998,-3.5300314870270477,-3.5373374807310776,0.03264,-0.02643,9.4848
18,72,0.6184,0.3816,CV,0.9063,0.9033,-3.711898186734787,-3.7196944182369496,-0.08956,0.00822,12.7134
18,73,0.6148,0.3852,CV,4.1209,4.1222,-8.802317049110117,-8.795237950127579,-0.25459,0.02522,8.66
18,74,0.6184,0.3816,CV,0.9169,0.9201,-2.3452512445959988,-2.3548203542692816,-0.02192,-0.0455,4.6887
19,70,0.6187,0.3813,CV,0.3358,0.3421,-7.084035442713022,-7.093175801761332,-0.0968,0.03582,120.966
19,71,0.6185,0.3815,CV,0.5692,0.5719,-3.2522065710402823,-3.261034918589811,0.03466,-0.00592,9.2596
19,72,0.6184,0.3816,CV,0.8878,0.8874,-3.9676914614988537,-3.9760628123803157,-0.08168,-0.02026,12.4719
19,73,0.6163,0.3837,CV,0.9351,0.9266,-4.237542490216757,-4.242488343749091,-0.18441,0.00185,8.5183
19,74,0.6185,0.3815,CV,0.5659,0.5669,-2.2429525986438485,-2.251701131975672,-0.00829,0.00407,4.6212
20,70,0.6185,0.3815,CV,2.5902,2.5877,-7.045305168125902,-7.053697606174473,0.01016,0.08657,117.7169
20,71,0.6185,0.3815,CV,0.7965,0.7981,-3.36931060381957,-3.377860068191866,-0.0251,-0.02439,9.0888
20,72,0.6186,0.3814,CV,0.5513,0.5516,-3.9153460236889694,-3.9243051013647343,-0.05258,-0.02185,12.0967
20,73,0.6183,0.3817,CV,1.5203,1.5292,-3.459032115718332,-3.469969760858827,-0.0153,0.01863,8.3921
20,74,0.6182,0.3818,CV,0.7441,0.7434,-2.322780006989439,-2.330156383864532,-0.05061,0.01406,4.5475
21,70,0.6184,0.3816,CV,2.2983,2.2895,-7.062416906260186,-7.070629376165298,0.07084,0.03103,114.7885
21,71,0.6184,0.3816,CV,1.1176,1.1177,-3.6458353394383347,-3.653828505191849,-0.03131,0.03092,8.859
21,72,0.6175,0.3825,CV,2.0226,2.0196,-4.109535979997677,-4.113959041346742,-0.15684,-0.01669,11.6694
21,73,0.6177,0.3823,CV,1.586,1.585,-3.4800838834198116,-3.485558568682104,0.07553,0.01491,8.3777
21,74,0.6184,0.3816,CV,0.8592,0.8614,-2.334913299185401,-2.3436816092205843,-0.01926,-0.01191,4.4079
21,75,0.5,0.5,CA,193.202,193.2025,-1825.1423593414418,-1816.2853726402438,4.85286,-0.11065,6.1697
22,70,0.6186,0.3814,CV,1.314,1.3209,-6.910108632818233,-6.919389871889383,-0.04486,0.01988,113.4017
22,71,0.6187,0.3813,CV,0.8444,0.8479,-3.1953458701202195,-3.2049087073334044,0.02954,0.00682,8.8126
22,72,0.6187,0.3813,CV,1.3091,1.3163,-3.927254223611969,-3.9380076513514624,-0.0004,-0.01109,11.3733
22,73,0.6167,0.3833,CV,2.0957,2.092,-4.241836177513926,-4.24382573593696,0.05321,-0.05765,8.5601
22,74,0.617,0.383,CV,1.6195,1.618,-3.635743489613474,-3.6378970546438034,-0.08444,-0.09191,4.3218
22,75,0.6133,0.3867,CV,1.574,1.7735,-4.760329864098116,-4.919204300086644,2.94087,-0.03715,6.5758
23,70,0.6186,0.3814,CV,3.3952,3.4023,-8.393141239629202,-8.401743482136458,-0.01229,0.0203,114.0308
23,71,0.6187,0.3813,CV,0.7944,0.7952,-3.4632949982439967,-3.4724446971960083,-0.01838,-0.00049,8.6469
23,72,0.6188,0.3812,CV,0.964,0.9668,-3.510793282428842,-3.5203020273547727,-0.03595,0.0197,11.26
23,73,0.6177,0.3823,CV,0.5825,0.585,-3.5644366062766175,-3.5725349339303483,0.05733,-0.01608,8.5342
23,74,0.6184,0.3816,CV,0.8061,0.8107,-2.399765275153608,-2.410175051185947,-0.01748,-0.05224,4.3396
24,70,0.6185,0.3815,CV,4.3285,4.3358,-8.042751486703361,-8.05112620653416,0.11898,0.02297,111.4132
24,71,0.6187,0.3813,CV,0.7033,0.705,-3.1487003673954814,-3.157985831210247,-0.02224,-0.02797,8.6237
24,72,0.6185,0.3815,CV,0.9202,0.9185,-3.6658378901651822,-3.6741451031469627,-0.07771,-0.00584,11.119
24,73,0.6174,0.3826,CV,1.357,1.3532,-4.163092672162708,-4.16796465867724,0.02082,-0.02514,8.7287
24,74,0.6186,0.3814,CV,0.3494,0.3501,-2.624750934638416,-2.6338713603174777,0.0057,-0.02484,4.3315
25,70,0.6182,0.3818,CV,4.2571,4.2557,-12.190276854960308,-12.197595976268355,0.29931,0.09874,111.5948
25,71,0.6184,0.3816,CV,1.1834,1.1834,-3.380245900448161,-3.388029653982543,0.03358,-0.02513,8.7006
25,72,0.6185,0.3815,CV,0.3299,0.3256,-3.550033647042113,-3.5587623037417644,-0.06519,-0.0099,10.969
25,73,0.6182,0.3818,CV,1.4493,1.4553,-4.333984439124966,-4.343010744297167,-0.03873,-0.02065,8.6476
25,74,0.6179,0.3821,CV,1.2713,1.2712,-2.7959342509670213,-2.801665291982223,0.03599,0.03969,4.3844
26,70,0.6171,0.3829,CV,7.852,7.8455,-10.103974859265685,-10.107197441592175,0.46719,-0.00805,108.0942
26,71,0.6179,0.3821,CV,1.0786,1.0745,-4.022694181393757,-4.029028176989872,0.03554,-0.01646,8.8239
26,72,0.6186,0.3814,CV,0.744,0.744,-3.590137022979525,-3.598999044147682,-0.05678,-0.00821,10.7172
26,73,0.6183,0.3817,CV,1.2554,1.2575,-3.467677244775482,-3.475742778326138,0.03476,0.03576,8.6215
26,74,0.6164,0.3836,CV,1.5611,1.5567,-3.0877990177866437,-3.0883621031328783,0.07937,0.06763,4.4914
27,70,0.6157,0.3843,CV,7.1233,7.0914,-11.620999398708285,-11.619759308156226,0.65989,-0.16426,104.9358
27,71,0.6185,0.3815,CV,1.4455,1.4515,-3.694215678227865,-3.7037366271757097,-0.02224,0.01512,8.6448
27,72,0.6176,0.3824,CV,1.8559,1.8524,-3.8405120468132727,-3.845245070061022,-0.14553,-0.03268,10.4257
27,73,0.6175,0.3825,CV,1.9294,1.9273,-4.05835373096595,-4.062905864878946,0.07015,0.01172,8.4365
27,74,0.6172,0.3828,CV,0.9081,0.9066,-2.6403984021275533,-2.64662836185322,0.06911,0.08027,4.4657
28,70,0.6156,0.3844,CV,5.7033,5.6638,-14.698940897526562,-14.699578915132964,0.82174,-0.22817,103.6067
28,71,0.6185,0.3815,CV,0.5557,0.555,-3.197365548765338,-3.2059671723961265,-0.02819,-0.00721,8.5578
28,72,0.6182,0.3818,CV,0.7919,0.7881,-3.374410875521397,-3.382952820731713,-0.11683,0.02855,10.2397
28,73,0.6187,0.3813,CV,0.5768,0.5822,-3.1234102967235327,-3.1342027328142286,-0.00092,0.00276,8.4719
28,74,0.6181,0.3819,CV,0.734,0.7366,-2.409874248312472,-2.418561595456475,-0.00047,0.0609,4.4592
29,70,0.5989,0.4011,CV,40.9536,41.0038,-32.893820266237505,-32.824230009253505,-2.05823,0.30757,109.8481
29,71,0.6187,0.3813,CV,0.3702,0.3692,-3.154992225677419,-3.164202513612545,-0.02121,0.01757,8.5368
29,72,0.619,0.381,CV,1.0765,1.0827,-3.440234534507547,-3.4512452391256563,0.00041,-0.02309,10.0914
29,73,0.619,0.381,CV,0.2184,0.2186,-3.155106570756097,-3.1654101364613654,-0.01656,-0.00059,8.5045
29,74,0.6178,0.3822,CV,1.0064,1.005,-2.6180285001795376,-2.6244114093647295,0.05947,0.06451,4.4802
30,70,0.5957,0.4043,CV,17.9927,17.8662,-16.46639463385328,-16.408282535352647,-2.30287,0.1721,114.8187
30,71,0.6186,0.3814,CV,0.8847,0.8831,-3.5155270760198163,-3.524125410702241,-0.01301,-0.00847,8.4086
30,72,0.618,0.382,CV,2.033,2.0324,-3.8862245193648493,-3.891876270888387,0.14416,0.00141,9.8329
30,73,0.618,0.382,CV,1.7629,1.761,-4.142842404319868,-4.148595830349937,-0.12724,-0.00175,8.3867
30,74,0.6183,0.3817,CV,1.0457,1.0475,-2.586884233627586,-2.595442268452784,0.00227,0.01909,4.4223
31,70,0.6107,0.3893,CV,2.2583,2.2839,-11.720685297582461,-11.730007816943267,-1.43962,0.14043,114.5627
31,71,0.6183,0.3817,CV,1.0257,1.0212,-3.382400021803993,-3.3899254392477167,-0.00655,-0.01048,8.2225
31,72,0.6187,0.3813,CV,1.4949,1.5003,-3.6860625877875735,-3.6960937836211074,0.06064,-0.02083,9.8681
31,73,0.6183,0.3817,CV,1.0581,1.0555,-3.1913500417023206,-3.199655691756524,-0.05324,-0.00207,8.2049
31,74,0.6168,0.3832,CV,2.0408,2.0412,-4.241190337747913,-4.242980083791392,-0.01177,-0.13749,4.4035
32,70,0.6182,0.3818,CV,16.1151,16.1943,-10.617984645739401,-10.636836099982933,0.24181,0.08439,112.4778
32,71,0.6189,0.3811,CV,1.4922,1.4981,-3.3872022919450373,-3.397757280797098,0.05365,0.02143,8.3214
32,72,0.6187,0.3813,CV,0.5734,0.5716,-3.3310966893735405,-3.340194959316327,0.05654,-0.04483,9.7295
32,73,0.6191,0.3809,CV,1.3739,1.381,-3.3276965737052806,-3.339111827351713,0.00849,-0.03006,8.306
32,74,0.6188,0.3812,CV,0.9109,0.9174,-2.3930479491687153,-2.4052712516557597,0.01607,-0.01785,4.4016
33,70,0.6169,0.3831,CV,7.7386,7.7242,-7.968601605675392,-7.970803458170241,0.73076,0.0495,112.691
33,71,0.6189,0.3811,CV,0.4201,0.4183,-3.302358326942163,-3.312014897321692,0.05172,0.02315,8.25
33,72,0.618,0.382,CV,1.7937,1.7932,-4.199629052208352,-4.205629729900005,-0.01872,-0.05897,9.8239
33,73,0.6181,0.3819,CV,1.7436,1.7424,-4.184250282103816,-4.190179157364687,-0.0548,-0.07806,8.4562
33,74,0.6177,0.3823,CV,1.9703,1.9725,-3.5510705243904606,-3.555817512542746,0.06733,0.06369,4.5496
34,70,0.6163,0.3837,CV,6.0909,6.0528,-8.842125956089644,-8.843753814275074,0.82536,-0.08633,112.1413
34,71,0.6189,0.3811,CV,0.811,0.8127,-3.303206974580717,-3.312720458991677,-0.01799,0.04353,8.1663
34,72,0.618,0.382,CV,1.0293,1.0271,-3.9164981188225827,-3.9239548702776172,-0.04397,-0.09118,9.7481
34,73,0.6169,0.3831,CV,2.1047,2.1009,-4.210278589884641,-4.212887111286781,0.02037,-0.06369,8.7195
34,74,0.6181,0.3819,CV,0.6858,0.6855,-2.6432390993829373,-2.6514672048644683,0.01005,0.03945,4.6372
35,70,0.6181,0.3819,CV,6.0198,6.0392,-7.495424440577517,-7.505381698689955,0.52075,-0.0302,115.7404
35,71,0.6187,0.3813,CV,1.1068,1.1082,-3.9171497895945055,-3.9262342333572517,0.02597,-0.01943,8.0044
35,72,0.6179,0.3821,CV,0.9119,0.9065,-3.5424491478668974,-3.5491321263110334,-0.02216,-0.09093,9.7915
35,73,0.6182,0.3818,CV,1.2174,1.2246,-3.535364540074881,-3.5451351699271223,0.05771,-0.01799,8.6318
35,74,0.6177,0.3823,CV,0.8482,0.8443,-2.7311578235985405,-2.736792924840507,0.01586,0.02235,4.7532
36,70,0.6185,0.3815,CV,3.1505,3.1503,-7.816585168907202,-7.825860479154535,0.37758,-0.11156,115.4672
36,71,0.6186,0.3814,CV,1.555,1.5579,-3.8167781646082384,-3.8252059003384424,-0.02699,-0.05223,8.1066
36,72,0.618,0.382,CV,1.5864,1.5869,-3.733291295629142,-3.740514564077165,-0.04594,-0.10962,9.5861
36,73,0.6179,0.3821,CV,1.9942,1.9964,-3.9817286836134613,-3.988357325519589,0.05192,0.02569,8.3676
36,74,0.6184,0.3816,CV,1.425,1.4303,-3.047797387363574,-3.0573376870297317,-0.01325,-0.01295,4.6615
37,70,0.6184,0.3816,CV,3.4624,3.4549,-7.651842296910469,-7.660120155676962,0.33349,0.09337,114.566
37,71,0.6185,0.3815,CV,0.7883,0.7879,-3.210357710187632,-3.2189402047908553,-0.03136,0.006,8.1566
37,72,0.6184,0.3816,CV,0.4255,0.423,-4.003361531931245,-4.012377557069255,-0.02033,-0.07266,9.4775
37,73,0.6187,0.3813,CV,0.9267,0.9327,-3.2898275483078385,-3.3001161583163143,0.01011,0.00272,8.5001
37,74,0.6184,0.3816,CV,0.5753,0.5741,-2.4534972243563806,-2.461671997963374,-0.01807,0.00813,4.636
38,70,0.6181,0.3819,CV,5.1567,5.1506,-7.917421239132026,-7.924282689837019,0.46784,0.03254,116.8279
38,71,0.6181,0.3819,CV,2.2759,2.2796,-4.575352547231703,-4.582183349643223,0.02903,0.04445,7.8147
38,72,0.6182,0.3818,CV,1.3782,1.377,-4.766941950954455,-4.774320180267468,-0.08501,-0.08708,9.5458
38,73,0.6186,0.3814,CV,0.7836,0.783,-3.2973674034434954,-3.30621926387222,0.05107,0.0254,8.6032
38,74,0.6178,0.3822,CV,1.2435,1.2417,-2.746589132748236,-2.75231249845163,0.01149,-0.04712,4.5731
39,70,0.6173,0.3827,CV,6.5024,6.4845,-12.896721010841963,-12.900642665699108,0.47781,0.15531,120.7091
39,71,0.6188,0.3812,CV,1.1001,1.1053,-3.169092859368725,-3.1794226923941453,-0.02371,0.03803,7.8544
39,72,0.6182,0.3818,CV,0.8204,0.8142,-4.650799513972751,-4.658373717980212,-0.09491,-0.07964,9.5674
39,73,0.6169,0.3831,CV,2.9099,2.9108,-4.742530163535704,-4.744222015975651,-0.03608,0.13553,8.2941
39,74,0.6189,0.3811,CV,1.3049,1.311,-2.781380169715945,-2.792581885573926,-0.01605,0.01063,4.7027
40,70,0.6169,0.3831,CV,5.2624,5.2319,-16.371940939630974,-16.375782927649706,0.49667,0.00397,124.1276
40,71,0.6188,0.3812,CV,0.5586,0.5592,-3.087971528319409,-3.0975204232330715,-0.02873,-0.00149,7.8865
40,72,0.6186,0.3814,CV,0.2682,0.2672,-5.449739189849122,-5.459062308932349,-0.06228,-0.04207,9.5541
40,73,0.6183,0.3817,CV,0.9909,0.994,-3.1812679805089097,-3.1912824044478736,-0.04088,0.11499,8.3664
40,74,0.6185,0.3815,CV,0.9877,0.9875,-2.8838143541739374,-2.891885632138752,-0.07272,-0.0064,4.7032
41,70,0.6154,0.3846,CV,9.3397,9.3037,-21.34150311850096,-21.339297179888028,0.73967,-0.07226,128.8187
41,71,0.618,0.382,CV,1.6032,1.6016,-6.233957832245026,-6.239799950623313,-0.12402,0.01567,7.8606
41,72,0.6165,0.3835,CV,3.0205,3.0195,-6.233391032177366,-6.233353081810738,-0.06974,-0.17163,9.1872
41,73,0.6183,0.3817,CV,2.6249,2.6315,-4.2993594801071575,-4.307521411879009,0.05134,-0.08519,8.5317
41,74,0.6187,0.3813,CV,0.8379,0.8402,-2.4907670078581914,-2.5002842244262413,-0.01105,0.04416,4.6867
42,70,0.6162,0.3838,CV,6.2917,6.2657,-21.233783077840936,-21.237113650911382,0.77532,0.03747,130.3194
42,71,0.6187,0.3813,CV,1.8111,1.8178,-3.809409575728113,-3.819441862514986,0.04815,-0.01197,7.8343
42,72,0.6164,0.3836,CV,2.2084,2.2054,-7.053146007171634,-7.055698557898836,0.09945,-0.1276,8.9014
42,73,0.6179,0.3821,CV,1.2316,1.2279,-3.9995651990050067,-4.006048108934362,0.00705,-0.07795,8.6959
42,74,0.6188,0.3812,CV,0.9378,0.9401,-2.5308212130654897,-2.5401706833663082,0.00451,-0.03876,4.6886
43,70,0.6137,0.3863,CV,12.3943,12.3512,-17.445938224136082,-17.437700446513887,1.19741,0.11829,134.1622
43,71,0.6187,0.3813,CV,0.9748,0.9764,-3.971649920374766,-3.9807182114863267,0.02112,0.03702,7.7061
43,72,0.619,0.381,CV,2.6427,2.6557,-8.452812030032138,-8.46681412544224,-0.05294,0.00257,9.0573
43,73,0.6185,0.3815,CV,2.1,2.1069,-3.8751180542416774,-3.8846990969811124,-0.02997,-0.00334,8.427
43,74,0.6189,0.3811,CV,0.5448,0.5464,-2.358130508183484,-2.3678110040576343,-0.02069,0.00703,4.6903
44,70,0.613,0.387,CV,10.9952,10.9395,-15.195576214267145,-15.18789446099002,1.36935,0.17729,135.4791
44,71,0.6188,0.3812,CV,0.5723,0.5737,-3.128760975249045,-3.138181935929879,0.01092,0.03436,7.7359
44,72,0.6172,0.3828,CV,2.2878,2.2842,-5.953529286297178,-5.955903971522774,-0.1818,-0.00381,9.1144
44,73,0.6185,0.3815,CV,0.8948,0.8934,-3.169977767849361,-3.1784180133066977,0.02743,-0.01425,8.309
44,74,0.6181,0.3819,CV,1.22,1.2196,-2.7342960237442826,-2.7407573986291487,-0.07098,0.03891,4.7718
45,70,0.6156,0.3844,CV,4.5228,4.4783,-18.018920015316354,-18.02346225442065,1.01561,-0.01699,136.7361
45,71,0.6182,0.3818,CV,1.2348,1.233,-3.422404332654413,-3.4293006093359084,0.00685,0.07191,7.8561
45,72,0.6147,0.3853,CV,2.6329,2.6218,-5.126007228239855,-5.120512169221638,-0.26634,-0.00982,9.1879
45,73,0.6189,0.3811,CV,0.8682,0.8715,-3.1896404242204284,-3.1997675001245254,-0.02311,-0.03923,8.3783
45,74,0.6174,0.3826,CV,2.1407,2.1434,-4.247791616775155,-4.252307718524209,-0.0358,-0.01956,4.5617
46,70,0.6145,0.3855,CV,9.7064,9.6566,-16.591543092227614,-16.587350659390744,1.27828,0.09882,140.9865
46,71,0.6183,0.3817,CV,0.3969,0.3914,-3.228528143490283,-3.2366410717811163,0.0051,0.05627,7.9055
46,72,0.613,0.387,CV,2.7937,2.7783,-5.145901403891209,-5.1369198236813425,-0.28516,0.00936,9.4513
46,73,0.6189,0.3811,CV,0.687,0.6888,-3.5027371726348866,-3.5125384099001327,-0.02626,0.02164,8.4
46,74,0.6189,0.3811,CV,0.9441,0.9508,-2.5170536489494117,-2.529126153612021,-0.01666,0.00266,4.6186
47,70,0.598,0.402,CV,41.399,41.4569,-78.7196773759748,-78.64826095712333,-2.12715,-0.27604,130.3474
47,71,0.6185,0.3815,CV,0.7659,0.7675,-3.2318338448884627,-3.240706190111152,0.00429,0.05725,7.8166
47,72,0.613,0.387,CV,3.6086,3.6036,-5.44709751786427,-5.4405189769566284,-0.34779,0.00548,9.1165
47,73,0.6186,0.3814,CV,1.1754,1.1759,-3.3863370920019724,-3.394911387673786,0.03548,0.05624,8.2749
47,74,0.6188,0.3812,CV,0.6698,0.6691,-2.4345741544937827,-2.4437211776013794,-0.03339,0.0334,4.5838
48,71,0.6187,0.3813,CV,0.7712,0.774,-3.167617051684429,-3.1769804175107126,0.00383,-0.01635,7.784
48,72,0.6135,0.3865,CV,2.0296,2.0135,-3.8423156584259397,-3.837858268673005,-0.34241,-0.00312,9.2044
48,73,0.6176,0.3824,CV,1.7609,1.7579,-4.409128617964649,-4.413776640619117,0.03957,0.04776,7.9845
48,74,0.6189,0.3811,CV,0.748,0.7509,-2.4302699657370255,-2.4402655970558715,0.00272,0.00077,4.6169
48,70,0.5885,0.4115,CV,25.9056,25.8452,-32.752799664510114,-32.666364666417266,-3.55951,0.04312,136.2817
49,70,0.6146,0.3854,CV,24.3366,24.496,-47.005689274034104,-47.042080830926494,0.00757,-0.38847,130.6068
49,71,0.6186,0.3814,CV,0.7382,0.7388,-3.195269821210845,-3.204119174249169,0.00351,-0.03242,7.8882
49,72,0.6103,0.3897,CV,3.4568,3.4394,-5.588213677639388,-5.5697679800868505,-0.43747,-0.08898,9.3222
49,73,0.619,0.381,CV,1.1829,1.1903,-3.183668222664945,-3.1954847248600626,0.05716,0.00171,8.0357
49,74,0.6184,0.3816,CV,0.9639,0.9634,-2.8534217720560937,-2.861031894490182,0.06321,0.01737,4.6345
50,71,0.618,0.382,CV,1.3513,1.3488,-4.623972587768778,-4.630192142386491,0.00322,-0.08003,8.0562
50,72,0.6118,0.3882,CV,2.3489,2.3294,-4.27335141956376,-4.265772917595175,-0.38239,-0.08668,9.6066
50,73,0.6187,0.3813,CV,1.2427,1.244,-3.3077063783704808,-3.31646394801894,0.01672,0.01713,8.1559
50,74,0.6187,0.3813,CV,1.1184,1.1222,-2.623502687179751,-2.6332277907662758,-0.0185,-0.0121,4.5476
50,70,0.6054,0.3946,CV,24.7333,24.7613,-18.45051312180023,-18.409783141118186,-2.42893,-0.10985,133.3522
51,71,0.618,0.382,CV,1.1649,1.1638,-3.389744960225884,-3.397050331415227,0.05153,-0.09594,8.0369
51,72,0.6153,0.3847,CV,1.1281,1.1156,-3.647912357266103,-3.6526393738378062,-0.26754,-0.11505,9.668
51,73,0.6181,0.3819,CV,1.5349,1.5338,-4.113593414758422,-4.119997249104881,0.0765,-0.05993,8.172
51,74,0.6162,0.3838,CV,2.1489,2.1481,-3.824561596149325,-3.823077571214076,0.08614,-0.01732,4.3415
51,70,0.6097,0.3903,CV,35.008,35.1437,-58.660967596021194,-58.651816913769665,1.89264,-0.25407,135.1052
52,70,0.5971,0.4029,CV,19.9516,19.8417,-49.11633041836925,-49.04801447220476,2.79116,-0.42881,136.5834
52,71,0.6179,0.3821,CV,1.8035,1.8046,-3.6866170340991866,-3.6932780191626025,-0.00503,-0.07427,7.8181
52,72,0.6135,0.3865,CV,2.842,2.8271,-5.302937289632567,-5.295061695973772,-0.32862,-0.09046,9.9434
52,73,0.6184,0.3816,CV,0.1584,0.1577,-3.177640378058102,-3.186553982255925,0.04012,-0.0345,8.1582
52,74,0.6181,0.3819,CV,0.865,0.8671,-2.356018189315351,-2.366263457127622,0.04953,-0.07645,4.3168
53,70,0.592,0.408,CV,23.4062,23.2832,-53.10545075224621,-53.03461312623201,2.80703,-0.33445,147.2883
53,71,0.6187,0.3813,CV,0.2807,0.2842,-3.067451779027783,-3.0776086655852186,-0.01516,-0.04845,7.8445
53,72,0.6136,0.3864,CV,2.314,2.2967,-5.357860174039725,-5.353308126108804,-0.34699,-0.0853,10.0363
53,73,0.6182,0.3818,CV,0.8116,0.8082,-3.258042527380217,-3.2652764709703357,0.04166,-0.01871,8.2607
53,74,0.6183,0.3817,CV,0.6772,0.6744,-2.1208325113301476,-2.129363959383404,0.02633,-0.09669,4.2898
54,70,0.5897,0.4103,CV,27.1507,26.9904,-49.28713558426478,-49.21414631286055,2.61621,-0.52127,165.1069
54,71,0.6183,0.3817,CV,1.7759,1.778,-3.6154810091687093,-3.6230051724175754,0.03966,-0.05464,8.0831
54,72,0.6123,0.3877,CV,2.9721,2.955,-4.622782297287941,-4.612174496000484,-0.39737,-0.11148,9.992
54,73,0.6185,0.3815,CV,1.3734,1.3778,-3.551038029714605,-3.560210540847418,0.00155,-0.03364,8.1022
54,74,0.6191,0.3809,CV,0.4823,0.486,-2.0487625108294023,-2.060039852836069,-0.01599,-0.04199,4.2396
55,70,0.5926,0.4074,CV,31.1156,30.9631,-51.10494436314003,-51.04759829896786,2.09478,-0.17552,191.4233
55,71,0.6188,0.3812,CV,0.5982,0.6028,-3.323932912266077,-3.333884092959345,-0.00969,-0.01438,8.095
55,72,0.611,0.389,CV,2.8652,2.8435,-4.594210585305186,-4.580516663456921,-0.45295,-0.08442,10.0442
55,73,0.6181,0.3819,CV,1.8137,1.8156,-3.644376799782612,-3.651239235523734,-0.08659,0.02532,8.2387
55,74,0.6185,0.3815,CV,1.1206,1.1213,-2.4443312055210393,-2.451924002878052,-0.04691,0.01003,4.2651
56,70,0.5815,0.4185,CV,54.5585,54.3896,-25.55804801736604,-25.450340185080982,3.4593,0.11149,218.9598
56,71,0.6187,0.3813,CV,0.6385,0.6391,-3.215439389095583,-3.2243381845094587,0.03276,-0.02536,8.0841
56,72,0.6131,0.3869,CV,1.8213,1.7994,-4.562908889753128,-4.559616735168829,-0.39487,-0.05027,10.0048
56,73,0.6181,0.3819,CV,1.9315,1.9345,-4.140628884691173,-4.148304147243319,-0.03467,0.03402,8.0119
56,74,0.6187,0.3813,CV,1.1958,1.1992,-2.4832829629764603,-2.4927818468910674,-0.01416,0.02087,4.1032
57,70,0.594,0.406,CV,24.5866,24.3639,-14.217488493519614,-14.177868020364764,3.31787,0.19838,236.1069
57,71,0.6186,0.3814,CV,0.915,0.9158,-3.291457860083117,-3.300338620075164,0.03192,0.0077,7.9946
57,72,0.6139,0.3861,CV,2.1991,2.1839,-4.528966826396845,-4.525974501953408,-0.38353,-0.0517,10.2408
57,73,0.6182,0.3818,CV,1.1798,1.1783,-3.4532998878183436,-3.460947737733502,-0.10034,0.0542,7.9981
57,74,0.6189,0.3811,CV,0.4755,0.4779,-2.0747650011040486,-2.0848037076701678,-0.00362,0.01833,4.0799
58,70,0.6043,0.3957,CV,20.6675,20.5606,-11.298473727053661,-11.28337574233808,3.05302,0.14675,242.4325
58,71,0.6187,0.3813,CV,0.7923,0.7928,-3.187943735561355,-3.197151200456373,-0.03325,0.01459,7.9597
58,72,0.6139,0.3861,CV,2.2433,2.2259,-4.716777338668607,-4.712546166859207,-0.38086,-0.03184,10.1501
58,73,0.6184,0.3816,CV,1.6029,1.606,-3.6086830227509004,-3.6172156512612172,-0.05863,0.01586,8.2188
58,74,0.6188,0.3812,CV,0.4138,0.4134,-2.015870493388377,-2.0251454101050603,-0.02664,0.01384,4.0633
59,70,0.609,0.391,CV,20.5853,20.5202,-10.590993737347933,-10.580372390404342,2.72126,-0.17099,245.4375
59,71,0.6188,0.3812,CV,0.9294,0.9319,-3.240757722344455,-3.2503057806997573,0.01522,0.04021,8.0555
59,72,0.6132,0.3868,CV,2.1888,2.168,-4.093567261951913,-4.086759566996885,-0.39998,-0.0403,10.0957
59,73,0.6188,0.3812,CV,0.4602,0.4651,-3.2462643528147823,-3.2562262252436183,-0.00738,0.00236,8.2147
59,74,0.6188,0.3812,CV,0.2986,0.2994,-1.9934990994933903,-2.003027213744721,0.00304,0.00987,4.0299
60,70,0.6052,0.3948,CV,24.967,24.8543,-16.217662652672445,-16.184280386782167,3.05157,-0.39652,246.7831
60,71,0.6185,0.3815,CV,1.4202,1.4211,-3.4193059526093283,-3.4274771212068225,-0.03347,0.03592,7.8842
60,72,0.614,0.386,CV,2.3078,2.2956,-4.058157764557944,-4.0554127700174245,-0.33424,0.068,9.8497
60,73,0.6185,0.3815,CV,0.809,0.8074,-3.7895406467267323,-3.7975121904491798,-0.0188,-0.02618,8.2984
60,74,0.6172,0.3828,CV,1.6293,1.6282,-3.0684161077769208,-3.0709462896313475,0.00842,0.03075,4.1474
61,70,0.6042,0.3958,CV,17.6598,17.4741,-17.865061656558737,-17.832996090737304,3.48666,-0.2737,255.8079
61,71,0.6183,0.3817,CV,1.0706,1.068,-3.628218818160238,-3.6359883147945897,-0.09052,-0.00328,7.7875
61,72,0.6175,0.3825,CV,2.1602,2.1679,-4.620772282936835,-4.631638659785274,-0.17888,0.13337,10.0459
61,73,0.6184,0.3816,CV,1.3211,1.3229,-3.4521098280408724,-3.460323393135807,0.05946,-0.05031,8.2562
61,74,0.6182,0.3818,CV,0.2932,0.2977,-2.663663074255006,-2.6729564037373508,0.00783,0.00439,4.1355
62,70,0.6064,0.3936,CV,14.3243,14.1354,-18.88456355167425,-18.863494999576602,3.57047,0.07638,268.6613
62,71,0.619,0.381,CV,1.4141,1.4203,-3.3331894862731737,-3.3440410121448583,0.03628,0.01784,7.8421
62,72,0.618,0.382,CV,0.7082,0.6964,-3.70024332031153,-3.7081119839035392,-0.14455,0.11497,10.0298
62,73,0.6185,0.3815,CV,0.4859,0.4849,-3.484605443147761,-3.4934757016689852,0.05888,-0.01457,8.239
62,74,0.6184,0.3816,CV,0.3114,0.3119,-2.2211683517893204,-2.2296226702738378,0.00575,0.02143,4.1155
62,77,0.7,0.3,CV,1.1859,1.1859,-3.0523832836336933,-3.0523832836336933,0.0,0.0,3.5981
63,70,0.6071,0.3929,CV,13.9455,13.739,-23.849770912826504,-23.828100327201206,3.4637,0.17023,275.5901
63,71,0.6188,0.3812,CV,0.5301,0.5282,-3.072167233982632,-3.081368629420226,0.05292,0.01733,7.8505
63,72,0.6174,0.3826,CV,1.4996,1.4918,-3.728645048611161,-3.7333803128173044,-0.1736,0.10761,9.8354
63,73,0.6187,0.3813,CV,0.9197,0.9227,-3.3528900217576636,-3.3621778466082946,-0.01028,-0.00184,8.3598
63,74,0.6185,0.3815,CV,0.8097,0.8111,-2.3402026261178257,-2.348761855487907,0.00389,0.01904,4.043
64,70,0.6089,0.3911,CV,11.7823,11.5862,-27.599171472726496,-27.58421838948018,3.10058,0.31269,278.8409
64,71,0.6189,0.3811,CV,0.7187,0.7215,-3.115376094961113,-3.1250533130069336,-0.01121,-0.01371,7.8269
64,72,0.6173,0.3827,CV,1.2108,1.2002,-4.44334994038798,-4.448330786955463,-0.16155,0.13093,9.7273
64,73,0.6184,0.3816,CV,1.0266,1.0258,-3.5842466385383096,-3.5922022697684923,-0.07321,0.00249,8.4352
64,74,0.6185,0.3815,CV,0.7367,0.7373,-2.52356005896715,-2.532064968958355,0.0287,0.03854,4.0876
65,70,0.6125,0.3875,CV,8.035,7.869,-26.337066576583688,-26.334413121590703,2.61042,0.34876,284.9896
65,71,0.6185,0.3815,CV,0.8409,0.8396,-3.8123859657902077,-3.820463761241868,-0.02134,-0.01593,7.9099
65,72,0.6165,0.3835,CV,2.113,2.1067,-4.930178078536041,-4.932080612950198,-0.17943,0.14821,9.8834
65,73,0.6186,0.3814,CV,0.7606,0.7625,-3.404607497607404,-3.4138302134531875,-0.04047,0.00373,8.3635
65,74,0.6186,0.3814,CV,0.602,0.6019,-2.19670550665995,-2.2056565767051666,0.02602,0.03093,4.0431
66,70,0.6132,0.3868,CV,9.6829,9.5339,-25.689241163178473,-25.68427605981388,2.40172,0.37519,288.908
66,71,0.6187,0.3813,CV,0.6361,0.6381,-3.171480087634068,-3.180680070544711,-0.01761,-0.03641,7.8448
66,73,0.6187,0.3813,CV,0.7377,0.7399,-3.3939120718083924,-3.4031876676022708,0.00484,0.02958,8.4521
66,72,0.6175,0.3825,CV,3.019,3.026,-4.9260854566050085,-4.933440784124167,0.012,0.13316,9.4583
66,74,0.6188,0.3812,CV,0.1837,0.1817,-2.008035486093202,-2.017610895375006,0.01699,0.01832,4.0122
67,70,0.6124,0.3876,CV,12.8429,12.7219,-28.565259203066383,-28.555771868290172,2.37073,-0.02299,287.0611
67,71,0.6187,0.3813,CV,0.2081,0.2073,-3.0523970869094046,-3.061526405350321,-0.01138,-0.02908,7.804
67,72,0.6179,0.3821,CV,1.1099,1.105,-4.698949410481256,-4.706349984856351,0.07786,0.08143,9.2261
67,73,0.6183,0.3817,CV,1.2687,1.268,-3.4866282062081093,-3.493995629776597,0.06366,0.02708,8.6343
67,74,0.6187,0.3813,CV,0.8912,0.8924,-3.0436444906372286,-3.052610915057431,-0.01855,-0.04698,3.9987
68,70,0.6133,0.3867,CV,11.3673,11.2728,-37.999305143926904,-37.99489925043987,1.834,-0.23346,280.6049
68,71,0.6185,0.3815,CV,1.0236,1.0243,-3.3043426728463765,-3.3126927573324334,0.04443,-0.01752,7.9
68,72,0.6133,0.3867,CV,3.2028,3.1952,-7.0464675959523575,-7.0338541746678365,0.11418,0.03568,8.6398
68,73,0.6185,0.3815,CV,0.409,0.4087,-3.3590566784159535,-3.367796562091616,0.03435,-0.00517,8.7365
68,74,0.6173,0.3827,CV,1.3558,1.3533,-5.119380974033598,-5.122788428574666,-0.07826,-0.07749,3.9093
69,70,0.5526,0.4474,CV,58.9048,58.7894,-28.735703143210156,-28.479792138185868,6.69503,-0.58011,270.4548
69,71,0.6187,0.3813,CV,1.0611,1.064,-3.2881648909413825,-3.2973832571954595,-0.00663,0.04273,7.8465
69,73,0.6184,0.3816,CV,1.6469,1.6497,-4.094039070723379,-4.102178933859674,0.0175,0.03962,8.5706
69,74,0.6186,0.3814,CV,0.6081,0.6111,-2.104993584848126,-2.1155678651567498,-0.03779,-0.06014,3.9277
70,70,0.5699,0.4301,CV,17.4827,17.0935,-10.322333158479598,-10.225586521945797,6.62557,-0.57787,268.9424
70,71,0.6188,0.3812,CV,0.5413,0.543,-3.092606867635071,-3.102034559419284,-0.01547,-0.00795,7.8127
70,73,0.6185,0.3815,CV,0.7971,0.7961,-4.411440082686282,-4.420232961523991,0.00784,-0.01747,8.5211
70,74,0.6182,0.3818,CV,1.546,1.5489,-2.9817231629993186,-2.98913414776204,0.00886,0.03952,4.0065
71,70,0.5994,0.4006,CV,4.0047,3.7083,-8.368667792414277,-8.368535434075817,4.72808,-0.56126,268.0085
71,71,0.6182,0.3818,CV,1.7077,1.7091,-4.062819879228969,-4.069786387794456,0.03748,0.03543,8.0157
71,73,0.6183,0.3817,CV,1.061,1.0571,-3.61692375362491,-3.624632959527892,-0.02635,-0.02554,8.417
71,74,0.6173,0.3827,CV,1.1952,1.1922,-3.570344544886611,-3.574349231320328,0.01678,0.00235,4.1112
72,70,0.6115,0.3885,CV,3.3125,3.1175,-9.05371002558952,-9.060870358604902,3.20826,-0.24708,261.5173
72,71,0.6183,0.3817,CV,1.4283,1.4299,-3.965914053283915,-3.973919248087662,0.03902,0.08648,7.9169
72,73,0.6186,0.3814,CV,1.0876,1.0875,-4.292683204480843,-4.3018827061522105,0.06109,0.00955,8.3581
72,74,0.6175,0.3825,CV,0.6494,0.6452,-3.1582504568283696,-3.164287067775583,0.03669,0.01609,4.1636
73,70,0.6169,0.3831,CV,3.9409,3.8914,-10.623416180771468,-10.63538022350445,1.9443,-0.22345,251.4225
73,71,0.6184,0.3816,CV,1.2157,1.2173,-3.297340617930283,-3.3058202184677272,0.07915,-0.00772,7.8593
73,73,0.6188,0.3812,CV,1.4756,1.4798,-3.6997962425603257,-3.7095649110933024,0.05816,0.01352,8.5278
73,74,0.6183,0.3817,CV,0.8595,0.8634,-2.684850139296093,-2.694034417933706,0.0079,0.03787,4.1147
74,70,0.6176,0.3824,CV,5.7305,5.6658,-12.343114466416173,-12.350260342301524,1.27305,-0.22464,238.5087
74,71,0.6188,0.3812,CV,0.5539,0.5576,-3.1901328305293384,-3.2002267092895376,0.0088,0.00024,7.8564
74,73,0.6189,0.3811,CV,0.4766,0.4769,-3.8120096929190916,-3.821703084415633,0.03836,0.03619,8.4941
74,72,0.5,0.5,CA,6.5372,6.5378,-9.617635868400189,-9.614295407730268,0.15064,0.14163,8.3893
74,74,0.6185,0.3815,CV,0.6838,0.6859,-2.29542574930291,-2.304283003918645,-0.00068,-0.01885,4.1094
75,70,0.6178,0.3822,CV,4.0368,3.9472,-9.874977926106128,-9.882140696382926,1.1023,-0.15214,226.3975
75,71,0.6186,0.3814,CV,1.0591,1.0594,-3.3078640882543935,-3.316553525076001,-0.06527,0.02789,7.8533
75,73,0.6188,0.3812,CV,0.1515,0.1511,-3.1783569489545282,-3.1878407468081527,0.01966,0.02921,8.443
75,74,0.6185,0.3815,CV,0.6513,0.6519,-2.479550926001997,-2.4883206812191974,0.02361,0.02564,4.1285
75,72,0.5744,0.4256,CV,1.831,1.8199,-7.395269521388357,-7.39283389725654,0.17438,0.13783,7.7183
76,70,0.619,0.381,CV,1.8476,1.7868,-9.75708946355783,-9.76872458818286,0.71454,-0.04513,214.4078
76,71,0.618,0.382,CV,1.3651,1.3619,-3.4241769680533243,-3.4304883309170213,-0.11916,-0.00283,7.7402
76,73,0.617,0.383,CV,2.6843,2.6841,-4.503373544525713,-4.504876116833835,-0.05003,0.10154,8.0893
76,72,0.602,0.398,CV,1.176,1.1679,-5.430659102343519,-5.434500559260433,0.15495,0.14802,7.5461
76,74,0.6173,0.3827,CV,1.704,1.7039,-3.3418260406572164,-3.345138302663515,-0.00616,-0.0287,3.9906
77,70,0.6197,0.3803,CV,0.7326,0.7248,-8.697041010354912,-8.709899569828146,0.39365,-0.0657,203.026
77,71,0.6189,0.3811,CV,0.6905,0.6972,-3.0907674816139195,-3.101788673865436,-0.03964,-0.00945,7.7775
77,73,0.6185,0.3815,CV,0.3472,0.3508,-3.2428055772972875,-3.253737569354655,-0.05181,0.05113,8.0189
77,74,0.6182,0.3818,CV,1.939,1.9448,-3.302926524611179,-3.3119816774036934,-0.03738,-0.05728,4.1433
77,72,0.6122,0.3878,CV,2.0327,2.035,-6.539564838770421,-6.546124631360813,0.17248,-0.03434,7.4936
78,70,0.6197,0.3803,CV,2.1294,2.1327,-7.745627156831866,-7.757499923362315,0.35968,-0.06871,193.3201
78,71,0.6186,0.3814,CV,1.3474,1.3489,-3.40223588234831,-3.4105139944722214,0.04108,-0.00914,7.8996
78,73,0.6189,0.3811,CV,0.7167,0.7178,-3.292791240504375,-3.303218014321473,-0.0686,-0.00874,7.9675
78,74,0.6185,0.3815,CV,0.2734,0.2699,-2.214860281167153,-2.224025556063549,-0.03444,-0.04804,4.176
78,72,0.6169,0.3831,CV,1.3972,1.4038,-3.905458590966466,-3.9163856410008595,0.02589,0.01336,7.5798
79,70,0.6197,0.3803,CV,2.5444,2.5649,-7.685975605858557,-7.697753012730059,0.03658,-0.00445,184.3297
79,71,0.6185,0.3815,CV,0.665,0.6642,-3.218249452050284,-3.22682314816529,-0.00222,-0.03184,7.9475
79,73,0.6186,0.3814,CV,1.7514,1.7547,-3.612462601223151,-3.620873407679625,0.00182,0.00453,8.0918
79,74,0.6173,0.3827,CV,1.5535,1.552,-2.948072215082348,-2.951320368320327,-0.04656,-0.00689,4.3174
79,72,0.6182,0.3818,CV,1.3506,1.3536,-6.0283853683899356,-6.03797388526718,0.05601,0.01529,7.408
80,70,0.6194,0.3806,CV,1.8231,1.8227,-7.428425339017568,-7.438974862352101,0.12287,0.05022,174.6359
80,71,0.6185,0.3815,CV,0.2132,0.2107,-3.152463100791613,-3.161183717404298,-0.01026,-0.02784,7.9641
80,73,0.6185,0.3815,CV,1.1612,1.1619,-3.417776496639233,-3.42619292024442,0.01579,-0.07358,8.0242
80,74,0.6186,0.3814,CV,1.1686,1.1747,-2.6804622927813604,-2.6911874925103545,-0.01151,0.03025,4.2536
80,72,0.6156,0.3844,CV,2.8059,2.8039,-4.935941214758481,-4.932526455629365,0.10696,-0.14736,7.1067
81,70,0.6192,0.3808,CV,1.2679,1.2713,-7.245132077897331,-7.255541386669286,0.09306,-0.00061,167.0286
81,71,0.6186,0.3814,CV,1.1008,1.1032,-3.348491355242544,-3.35729505377443,0.04194,0.00629,7.8763
81,73,0.616,0.384,CV,2.7281,2.7238,-5.462566138735611,-5.460659207645883,-0.01036,-0.13869,8.2653
81,74,0.6185,0.3815,CV,0.6523,0.6524,-2.943794137697407,-2.952202595836502,0.0267,0.03011,4.2233
81,72,0.6174,0.3826,CV,2.1083,2.1132,-4.387459945174737,-4.395946947572527,0.09151,0.09102,6.9552
82,70,0.6192,0.3808,CV,1.1392,1.1428,-7.36088748541149,-7.371163594919197,-0.02068,0.02845,159.7675
82,71,0.6186,0.3814,CV,0.5904,0.5908,-3.1920080659681247,-3.2009372545901904,0.04047,-0.01405,7.9501
82,73,0.6174,0.3826,CV,0.3415,0.3357,-4.114555010469894,-4.122313709392534,0.00799,-0.09414,8.3163
82,74,0.6188,0.3812,CV,0.4118,0.4132,-2.332197755409006,-2.3418619332933543,0.00213,-0.00481,4.234
82,72,0.6176,0.3824,CV,2.6126,2.618,-4.819230526578309,-4.825506204316127,0.14488,0.01422,7.1186
83,70,0.619,0.381,CV,1.4622,1.4595,-7.352273786013314,-7.362140022406086,-0.10051,0.03562,153.3185
83,71,0.6184,0.3816,CV,1.1714,1.1722,-3.7657355127551346,-3.7737859114389978,-0.0216,0.01067,8.1157
83,73,0.6183,0.3817,CV,0.919,0.9238,-3.4027299537424343,-3.4118429592909947,0.03244,-0.05611,8.2089
83,74,0.6187,0.3813,CV,0.7439,0.7451,-2.3293531393715847,-2.338335804464706,0.02385,-0.01011,4.3212
83,72,0.6162,0.3838,CV,1.8587,1.8507,-3.956025721752923,-3.956286137439583,0.12745,0.01543,7.2797
84,70,0.6186,0.3814,CV,3.7214,3.714,-7.327998965661485,-7.336256979530425,-0.26032,0.06238,148.4891
84,71,0.6184,0.3816,CV,0.397,0.3936,-3.558811684400292,-3.5671355321009277,-0.02937,0.01318,8.2051
84,73,0.6184,0.3816,CV,1.069,1.071,-3.8711408927168804,-3.87968620744064,-0.04884,-0.0292,8.1934
84,74,0.6187,0.3813,CV,0.8349,0.837,-2.531919167963305,-2.5412529636299164,-0.02868,-0.0078,4.2922
84,72,0.6131,0.3869,CV,3.0339,3.0225,-5.186310169956299,-5.175226899069641,0.12326,0.02891,7.6178
85,70,0.6178,0.3822,CV,5.5542,5.5369,-7.8778336877863255,-7.883193277265445,-0.51604,0.02982,144.2538
85,71,0.6183,0.3817,CV,0.8449,0.8433,-4.287730968404563,-4.295475315796507,-0.07078,0.00994,8.26
85,73,0.6187,0.3813,CV,0.4437,0.446,-3.6092653911161867,-3.6187876202098104,-0.00138,-0.01169,8.2148
85,74,0.6185,0.3815,CV,0.9395,0.9402,-2.4361072336681797,-2.4441319564540973,-0.02923,0.04694,4.3527
85,72,0.6167,0.3833,CV,1.6674,1.6736,-3.8495635128980754,-3.8585366838847754,0.13961,0.02033,7.4861
86,70,0.6173,0.3827,CV,4.8379,4.8068,-7.818009754412261,-7.822524640416972,-0.61434,0.04661,140.5502
86,71,0.6186,0.3814,CV,1.0339,1.0374,-3.584077788752081,-3.593318948839796,-0.0087,-0.01891,8.2053
86,73,0.6187,0.3813,CV,0.643,0.6429,-3.9135661355477747,-3.922717501917219,-0.04433,-0.00094,8.2349
86,74,0.6187,0.3813,CV,0.3932,0.3948,-2.380684494985533,-2.390033041311544,0.00574,0.02076,4.4004
86,72,0.6174,0.3826,CV,0.9423,0.9399,-3.204323687259795,-3.2109862109213188,0.12638,-0.01589,7.4273
87,70,0.6179,0.3821,CV,2.2762,2.253,-8.12111859510334,-8.129063641343313,-0.50463,-0.03694,136.0641
87,71,0.6187,0.3813,CV,0.5316,0.5337,-3.345879245959273,-3.3551501631541623,0.00823,0.00626,8.3129
87,73,0.6186,0.3814,CV,0.9495,0.9491,-3.8043824457032507,-3.813197404338944,-0.01406,0.03255,8.1408
87,74,0.6186,0.3814,CV,0.3597,0.3586,-2.363566429605323,-2.3722221598538056,0.01334,0.03375,4.424
87,72,0.6178,0.3822,CV,1.0353,1.0332,-3.1909543408514414,-3.1980668468410456,0.09191,-0.07554,7.4632
88,70,0.6182,0.3818,CV,2.767,2.7481,-8.111918192005254,-8.11986157975533,-0.46749,-0.06439,131.3722
88,71,0.6187,0.3813,CV,0.6712,0.6715,-3.2433983199219023,-3.252575010399667,0.0112,0.01014,8.2914
88,73,0.6189,0.3811,CV,0.6168,0.6199,-3.839113721343459,-3.8491561875505895,-0.03052,0.00585,8.2002
88,74,0.6185,0.3815,CV,1.0902,1.092,-2.5529950120429254,-2.5614046579333594,-0.01291,-0.02553,4.3651
88,72,0.6179,0.3821,CV,1.8212,1.8231,-6.128023626140834,-6.135281113349492,0.0462,0.00974,7.2947
89,70,0.6176,0.3824,CV,4.7635,4.7394,-8.127475010197367,-8.1327745080329,-0.6293,-0.04294,127.9922
89,71,0.6184,0.3816,CV,1.0736,1.0717,-3.2719591840534443,-3.2799541170861235,0.00997,-0.01949,8.176
89,73,0.6188,0.3812,CV,0.882,0.883,-3.4699996743280823,-3.4794469918473916,0.02918,0.00143,8.1287
89,74,0.6186,0.3814,CV,0.8297,0.8319,-2.3815293835534352,-2.3907450839054003,0.0399,-0.00432,4.4237
89,72,0.615,0.385,CV,3.4366,3.436,-5.360979521801992,-5.3554047043246475,0.27057,0.04694,7.4277
90,70,0.6164,0.3836,CV,6.5837,6.5507,-7.668971536121385,-7.67004281050554,-0.85302,-0.04489,125.2454
90,71,0.6189,0.3811,CV,0.428,0.4328,-3.0917036877519966,-3.1021902991335812,0.00791,-0.01965,8.2422
90,73,0.6185,0.3815,CV,1.1522,1.151,-3.534674322568742,-3.542788640188483,-0.02229,0.03118,7.9672
90,74,0.6161,0.3839,CV,2.384,2.3841,-4.090037102793595,-4.088023843641519,0.0149,-0.08365,4.2236
90,72,0.6154,0.3846,CV,1.7534,1.7441,-4.292974133139289,-4.293757531630209,0.24669,-0.01507,7.6304
91,70,0.6174,0.3826,CV,2.3697,2.3284,-7.746435576804685,-7.7536251907597045,-0.66529,-0.10519,121.9455
91,71,0.6189,0.3811,CV,0.6126,0.6111,-3.381513079274595,-3.3910160632160773,0.00622,-0.01365,8.1751
91,73,0.6185,0.3815,CV,2.0065,2.0114,-3.769591482172433,-3.7781477417112503,-0.02457,0.02969,8.1885
91,74,0.6179,0.3821,CV,2.9124,2.9218,-4.9106231083648,-4.920127730123578,0.00688,0.06813,4.4168
91,72,0.6125,0.3875,CV,2.9321,2.9179,-6.438917117740321,-6.426535352394488,0.32442,-0.02789,7.8325
92,70,0.6173,0.3827,CV,3.9977,3.9625,-8.180233167046312,-8.185283256744661,-0.68084,-0.10189,119.2881
92,71,0.6185,0.3815,CV,1.0242,1.0215,-4.029801318287088,-4.037984551788684,0.00497,0.02075,8.0141
92,73,0.618,0.382,CV,1.1394,1.135,-3.5748934964227392,-3.581380833928329,-0.0172,0.07151,8.3238
92,72,0.6134,0.3866,CV,1.7882,1.7698,-4.988788468090918,-4.984755943465199,0.30703,-0.00347,7.9555
92,74,0.6183,0.3817,CV,0.4779,0.4761,-2.715234142610507,-2.724074021492722,-0.02116,0.03615,4.4884
93,70,0.6178,0.3822,CV,2.4898,2.4539,-7.71698741541706,-7.724232892391441,-0.58823,-0.08469,116.2556
93,71,0.6188,0.3812,CV,1.5982,1.6034,-3.755803039032969,-3.7657583254872415,0.00399,-0.06108,8.1332
93,73,0.6162,0.3838,CV,2.5072,2.502,-5.129198211806664,-5.128958310399749,0.01236,0.03725,8.6829
93,72,0.6147,0.3853,CV,1.7556,1.7446,-5.70058145561371,-5.700727717279278,0.2763,-0.0495,7.9357
93,74,0.6187,0.3813,CV,1.1041,1.1082,-2.5735806258329403,-2.5834037291110583,0.0057,-0.03272,4.4009
94,70,0.6179,0.3821,CV,2.9888,2.9612,-8.177687500318658,-8.184703365891705,-0.53305,-0.06751,114.2264
94,71,0.6189,0.3811,CV,1.0218,1.0235,-4.004671391403683,-4.01429834986873,0.00336,-0.03392,7.973
94,73,0.6182,0.3818,CV,1.7074,1.7176,-3.857067684455986,-3.8679046197659237,0.03957,-0.02558,8.5662
94,74,0.6186,0.3814,CV,0.5516,0.5511,-2.3185133398946043,-2.3270851609008,0.01049,-0.03681,4.4498
94,72,0.6133,0.3867,CV,2.4207,2.4059,-5.617094567720033,-5.609290051640867,0.3251,-0.07393,8.0801
95,70,0.6177,0.3823,CV,3.8136,3.7897,-9.673102415581212,-9.679241345330839,-0.48703,-0.02735,113.2137
95,71,0.6187,0.3813,CV,1.4623,1.4659,-3.5075473075302046,-3.516568525711465,0.00281,0.03631,8.0624
95,73,0.6179,0.3821,CV,2.1963,2.1991,-3.9265168144061957,-3.9328647398812855,-0.0163,0.01903,8.2966
95,74,0.6187,0.3813,CV,0.6326,0.6338,-2.502907841448567,-2.5122644842398083,0.00961,-0.02702,4.4082
95,72,0.6137,0.3863,CV,1.8635,1.8456,-6.625235796148042,-6.621176577688372,0.32373,-0.06171,8.2124
96,70,0.6169,0.3831,CV,6.3858,6.3659,-8.266981785417096,-8.269874309475624,-0.72432,-0.02029,109.9668
96,71,0.6185,0.3815,CV,0.9949,0.9943,-3.2834574902765867,-3.2916428806775637,0.05255,-0.00754,8.1208
96,73,0.6187,0.3813,CV,1.0309,1.0365,-3.3540532773360754,-3.3643513303064343,0.00511,-0.03199,8.4492
96,74,0.6183,0.3817,CV,1.3006,1.3023,-2.68859035035001,-2.6961149940070794,0.03335,0.06239,4.4597
96,72,0.6115,0.3885,CV,2.8831,2.8656,-6.495778684825544,-6.481883330424355,0.39888,-0.04395,8.312
97,70,0.6163,0.3837,CV,5.3906,5.3538,-8.431871802130704,-8.433537020085163,-0.79859,-0.07564,108.4865
97,71,0.6182,0.3818,CV,1.0472,1.0456,-4.343444846355208,-4.3507584589847,-0.00081,-0.01289,8.228
97,73,0.6184,0.3816,CV,1.2577,1.2573,-3.567362743418203,-3.575274513511193,0.03494,-0.05957,8.6801
97,74,0.6184,0.3816,CV,0.4902,0.488,-2.3756387253807882,-2.38396670444935,0.00393,0.06433,4.4977
97,72,0.6129,0.3871,CV,1.8346,1.8141,-6.170264551016835,-6.1655599472286315,0.36275,-0.02855,8.5168
98,70,0.6164,0.3836,CV,4.51,4.468,-8.481400965775155,-8.484262771242804,-0.80503,-0.01921,106.5389
98,71,0.6182,0.3818,CV,0.6359,0.6337,-4.101941169855719,-4.109812514851388,0.03431,-0.00885,8.2926
98,73,0.6186,0.3814,CV,1.8154,1.8204,-3.8887891231935283,-3.89805998713463,-0.0461,0.03028,8.558
98,74,0.6186,0.3814,CV,1.0912,1.0941,-2.5585068922808833,-2.567714755810944,-0.02951,-0.00656,4.4299
98,72,0.6128,0.3872,CV,2.5347,2.5185,-5.994188593805786,-5.98682018935734,0.3415,-0.06559,8.8929
99,70,0.6164,0.3836,CV,4.6503,4.6115,-8.526524366956847,-8.529376112395093,-0.80899,-0.03669,103.7604
99,71,0.6185,0.3815,CV,0.9917,0.9955,-3.5123154646050994,-3.521398094028734,-0.01705,-0.02794,8.2197
99,73,0.6181,0.3819,CV,1.3689,1.3656,-3.4964527381122776,-3.5029754930321126,-0.07674,0.01359,8.3951
99,74,0.6186,0.3814,CV,0.8519,0.8526,-2.352097494868538,-2.360739251641751,0.02686,0.03382,4.4007
99,72,0.6141,0.3859,CV,2.6297,2.6223,-5.121708717626357,-5.1200346082643975,0.32978,-0.00726,8.7813
100,70,0.6166,0.3834,CV,4.6427,4.6092,-9.584672942717635,-9.588105059976602,-0.7744,-0.00799,102.9664
100,71,0.6185,0.3815,CV,0.5207,0.5203,-3.817417573599783,-3.8259873146219725,-0.02359,-0.02155,8.3134
100,73,0.619,0.381,CV,1.2509,1.2583,-3.3620784200197553,-3.3733800083676124,-0.00238,0.00691,8.5508
100,74,0.6188,0.3812,CV,0.6342,0.6359,-2.3999947192996136,-2.409822116831042,0.00387,-0.02381,4.3918
100,72,0.6135,0.3865,CV,2.1733,2.1561,-4.744823735626969,-4.738819703789137,0.35124,0.00795,8.7722
101,70,0.6171,0.3829,CV,3.4507,3.4154,-11.5005404823313,-11.50592865508096,-0.64206,-0.0055,102.4471
101,71,0.6184,0.3816,CV,1.1582,1.1592,-3.915877193635749,-3.9240375535053946,-0.01878,0.06317,8.3948
101,73,0.6175,0.3825,CV,2.4277,2.4269,-4.366655896495162,-4.370142712016746,0.01587,0.10343,8.8653
101,74,0.6185,0.3815,CV,0.9278,0.9283,-2.4267816808084772,-2.435049045072518,-0.00185,-0.05586,4.4594
101,72,0.614,0.386,CV,1.9616,1.9455,-3.838981320426782,-3.835799539445329,0.33857,-0.07418,8.8479
102,70,0.6168,0.3832,CV,4.2612,4.2248,-12.555297169821785,-12.558982877415323,-0.63559,-0.03463,101.9538
102,71,0.6187,0.3813,CV,0.7165,0.7199,-3.704130025666537,-3.7134956067262106,-0.01245,-0.00976,8.4434
102,73,0.6187,0.3813,CV,1.6485,1.6566,-4.4932544610969245,-4.504003539808039,0.01745,0.047,8.6668
102,74,0.6177,0.3823,CV,1.697,1.698,-3.5688673029366678,-3.573917148242204,0.07766,-0.04792,4.3291
102,72,0.6138,0.3862,CV,2.3926,2.3794,-4.121813278278515,-4.11731851615559,0.35449,-0.04083,9.1368
103,70,0.6168,0.3832,CV,4.1725,4.1368,-12.308134652954779,-12.311937011996651,-0.66362,-0.01033,100.9341
103,71,0.6182,0.3818,CV,1.6646,1.6654,-4.126006385963262,-4.133250942814696,-0.00736,0.03136,8.2646
103,73,0.6182,0.3818,CV,1.3928,1.3913,-3.8571586331019168,-3.8641387698957654,0.04156,0.01934,8.4622
103,74,0.6189,0.3811,CV,0.6741,0.6802,-2.1897213278973595,-2.201347556065465,0.01303,-0.00362,4.3348
103,72,0.6163,0.3837,CV,0.7978,0.7829,-3.4595202513749475,-3.465744939448752,0.25839,-0.04518,9.2018
104,70,0.6176,0.3824,CV,2.0036,1.9716,-13.552285384048702,-13.559485322188113,-0.48892,-0.03217,100.4958
104,71,0.6188,0.3812,CV,0.309,0.3143,-3.144647411011525,-3.1549399387603194,-0.0038,0.00427,8.3035
104,73,0.6181,0.3819,CV,1.5498,1.5497,-3.5390521701862387,-3.5464347479642626,0.12,-0.05105,8.5053
104,74,0.6187,0.3813,CV,0.6474,0.6465,-2.2841061817676716,-2.2930635437639912,0.02109,0.00813,4.2649
104,72,0.6174,0.3826,CV,1.2737,1.2706,-3.618647159589599,-3.625610349430756,0.17289,-0.02921,9.4595
105,70,0.6177,0.3823,CV,2.9798,2.9549,-16.422991934930543,-16.42944159780093,-0.40875,-0.03143,100.8575
105,71,0.6187,0.3813,CV,0.7444,0.7421,-3.253957946956419,-3.2630602440220655,-0.00151,0.02634,8.2359
105,73,0.6189,0.3811,CV,0.3661,0.3733,-3.194007865493446,-3.204917031751012,0.04612,-0.02567,8.5266
105,74,0.6189,0.3811,CV,0.3981,0.3978,-2.20451290256221,-2.2143878923883586,-0.01403,0.00883,4.2108
105,72,0.6185,0.3815,CV,0.9602,0.9664,-3.5959184717065082,-3.6060449840067563,0.08381,0.03569,9.5258
106,70,0.618,0.382,CV,2.6812,2.6681,-14.836448241673335,-14.844190820926293,-0.40313,-0.05094,99.7336
106,71,0.6187,0.3813,CV,0.8031,0.8019,-3.6495787339913943,-3.658821960305346,0.05616,0.02399,8.1823
106,73,0.6189,0.3811,CV,0.4172,0.4148,-3.1459341516987176,-3.155404229046358,0.04226,-0.04102,8.5087
106,74,0.618,0.382,CV,1.178,1.1764,-2.528868166006415,-2.5346751271699963,-0.04857,-0.0513,4.0971
106,72,0.6187,0.3813,CV,1.0364,1.0402,-3.564961525940094,-3.57432950237365,-0.01435,0.04289,9.5678
107,70,0.6172,0.3828,CV,5.563,5.5437,-16.51403526414277,-16.517777300889513,-0.61023,-0.09565,98.2734
107,71,0.618,0.382,CV,2.2606,2.2632,-4.0427805036021285,-4.049014971965816,0.0498,0.04238,8.463
107,73,0.6184,0.3816,CV,1.6921,1.693,-4.3523508594811435,-4.359875611374857,-0.02908,-0.00538,8.263
107,74,0.619,0.381,CV,0.8214,0.8259,-2.542811130979847,-2.554303860606136,-0.0414,0.01175,4.0944
107,72,0.6183,0.3817,CV,1.6673,1.6683,-4.344546239840961,-4.3520455156683635,0.10401,0.00941,9.6386
108,70,0.6166,0.3834,CV,5.2007,5.1687,-16.071560736514883,-16.074021695321647,-0.72405,-0.10637,96.8071
108,71,0.6188,0.3812,CV,1.4282,1.4343,-3.8869112057062063,-3.8972414946534535,0.0335,0.03496,8.2814
108,73,0.6174,0.3826,CV,1.6151,1.6098,-3.818339278961506,-3.8223762615649037,-0.09781,0.03317,8.0239
108,74,0.6185,0.3815,CV,0.7828,0.7813,-2.5077144013107127,-2.5155953910463866,-0.05509,0.05002,4.0781
108,72,0.6185,0.3815,CV,1.073,1.0742,-4.487621084787073,-4.496671244491814,0.03132,0.00229,9.5876
109,70,0.6165,0.3835,CV,4.6931,4.6563,-15.824796756052358,-15.827598898901204,-0.745,-0.04818,94.8239
109,71,0.6187,0.3813,CV,1.1552,1.157,-3.2627293122194594,-3.2715921339818896,-0.03534,-0.03149,8.1671
109,73,0.619,0.381,CV,0.5065,0.5149,-3.146530295394269,-3.1587795918335626,-0.05239,0.02978,7.9865
109,74,0.6189,0.3811,CV,1.0414,1.0452,-2.335862815023601,-2.3461754076626278,0.01335,-0.01049,3.966
109,72,0.6187,0.3813,CV,0.8604,0.8617,-4.559635283185281,-4.568994617386483,0.02757,0.05619,9.7019
110,70,0.6173,0.3827,CV,3.6454,3.6232,-16.72286108662553,-16.72939478798026,-0.66557,0.03762,94.6055
110,71,0.6186,0.3814,CV,1.0246,1.0234,-4.233551547586129,-4.242109172324783,0.01447,-0.00942,8.0261
110,73,0.6191,0.3809,CV,1.1109,1.1148,-3.2929753734663167,-3.3034329339532387,0.00097,0.01861,8.0286
110,74,0.6189,0.3811,CV,0.6619,0.6637,-2.062017836043902,-2.0715632667497093,-0.00355,-0.01843,3.9666
110,72,0.6166,0.3834,CV,3.126,3.1257,-5.573275622560281,-5.573589764097603,-0.01336,-0.03018,9.3063
111,70,0.6167,0.3833,CV,5.6292,5.6032,-17.5430065754211,-17.54562252114871,-0.71367,-0.20076,94.5353
111,71,0.6187,0.3813,CV,0.7437,0.7425,-3.0234659975687737,-3.0329238695601246,-0.0393,-0.0314,7.9375
111,73,0.6185,0.3815,CV,1.2788,1.2785,-3.616354229824475,-3.624210744238061,0.06402,-0.04277,7.9985
111,74,0.6179,0.3821,CV,1.288,1.2876,-2.8663079075704054,-2.8717162957741666,0.01949,0.03568,4.0333
111,72,0.6178,0.3822,CV,3.7227,3.7337,-5.9445391636993055,-5.952978884957762,0.07793,0.13431,9.664
112,70,0.6135,0.3865,CV,10.1379,10.1022,-13.673636061836984,-13.66377822167704,-0.95837,-0.18416,96.5958
112,71,0.619,0.381,CV,0.6865,0.6874,-3.1780429628909355,-3.188215946209177,-0.03992,0.03089,7.8692
112,73,0.6189,0.3811,CV,0.5864,0.5903,-3.1654945848759004,-3.1754970037441668,0.03208,-0.01841,7.8355
112,74,0.6186,0.3814,CV,0.6632,0.6676,-2.221520257088231,-2.231613425569474,-0.00477,-0.01074,3.9752
112,72,0.6182,0.3818,CV,1.5075,1.5082,-3.7801913038927437,-3.788432538729533,-0.04842,0.11087,9.8168
112,80,0.7,0.3,CV,0.8387,0.8387,-4.214957111564599,-4.214957111564599,0.0,0.0,8.9702
113,70,0.616,0.384,CV,2.7427,2.6993,-15.861043365360539,-15.866412732364054,-0.72675,-0.02577,96.4848
113,71,0.619,0.381,CV,1.0814,1.0849,-3.162427464178302,-3.1724408598358833,0.02602,0.00662,7.9012
113,73,0.6186,0.3814,CV,0.9541,0.9533,-3.9831394045821624,-3.9915552604988904,0.04164,-0.00852,7.6281
113,74,0.6186,0.3814,CV,0.3874,0.3883,-2.047731505369652,-2.056683408497203,0.01715,0.00825,3.9352
113,72,0.6175,0.3825,CV,1.6023,1.597,-4.082071752925632,-4.086899408643379,-0.02615,0.09605,10.0553
113,80,0.6484,0.3516,CV,0.5468,0.5468,-4.222118427292327,-4.236953108345698,-0.26512,0.03787,12.1136
114,70,0.6168,0.3832,CV,4.64,4.6213,-15.943848492924742,-15.948757784416385,-0.66875,-0.10095,94.6556
114,71,0.6181,0.3819,CV,1.73,1.73,-3.5514701915708926,-3.5577080210410403,-0.06935,-0.02575,7.9954
114,73,0.6181,0.3819,CV,2.3404,2.3446,-4.114440644522082,-4.121058558943687,-0.04908,-0.03037,7.8056
114,72,0.6177,0.3823,CV,1.6972,1.697,-3.9850441358825166,-3.9916900685500503,-0.11916,0.06308,10.0998
114,80,0.6182,0.3818,CV,3.8278,3.8206,-5.586979318932377,-5.549748962112026,-3.69974,0.40093,17.7741
114,74,0.6182,0.3818,CV,0.862,0.8613,-2.300771513102583,-2.307815175671892,0.01687,0.03479,3.9938
115,70,0.6164,0.3836,CV,6.8358,6.8215,-13.652903684321714,-13.655094300580412,-0.58821,-0.21761,91.3706
115,71,0.6187,0.3813,CV,0.5237,0.53,-3.3018933158671335,-3.3119029461138507,-0.02074,-0.00085,7.9108
115,73,0.6185,0.3815,CV,0.2625,0.2617,-3.0953559097241796,-3.104478780728448,-0.03289,-0.00226,7.7975
115,74,0.6183,0.3817,CV,0.3042,0.3007,-2.1505304776770213,-2.158544018312923,0.01192,0.03046,4.0262
115,72,0.617,0.383,CV,1.6295,1.6216,-3.966245104748333,-3.9698212211069706,-0.15867,0.08148,10.2551
115,80,0.6308,0.3692,CV,2.1708,2.1608,-4.0474957100940125,-4.10904649423922,-2.57985,0.65657,22.0919
116,70,0.6158,0.3842,CV,5.7474,5.715,-10.038106403928289,-10.038557071257344,-0.8193,-0.10085,90.2005
116,71,0.6187,0.3813,CV,0.8905,0.8923,-3.8764693855873706,-3.885519306486759,-0.00337,0.00483,7.7458
116,73,0.6187,0.3813,CV,0.8631,0.8667,-3.7090487924778315,-3.7185545407623906,0.00459,-0.02064,7.6381
116,74,0.6183,0.3817,CV,0.8782,0.8792,-2.337893174781306,-2.3460032151591483,0.032,0.04489,3.96
116,72,0.6183,0.3817,CV,0.8348,0.8421,-3.9744727937336197,-3.9843197984425736,-0.07673,0.0331,10.2717
116,80,0.6158,0.3842,CV,3.0784,3.0139,-5.307809053624365,-5.286620822204635,-3.18365,1.22328,23.319
117,70,0.617,0.383,CV,3.4687,3.4372,-10.596105007244486,-10.602100642552486,-0.72337,0.09368,89.3783
117,71,0.6187,0.3813,CV,0.4778,0.4764,-3.0249075026646732,-3.0340753340347075,0.0024,0.03167,7.6685
117,73,0.6187,0.3813,CV,0.4514,0.452,-2.979583766215688,-2.9888854407428314,-0.01603,0.00845,7.5638
117,74,0.6186,0.3814,CV,0.7454,0.7475,-2.188801482957645,-2.198088411369137,-0.02678,0.00667,3.9334
117,72,0.6181,0.3819,CV,1.4009,1.4004,-3.8779986882384074,-3.8853418186932247,-0.02212,0.10662,10.4341
117,80,0.6231,0.3769,CV,2.9787,2.9886,-4.627601636428255,-4.659861540765796,-2.19137,0.1067,23.7808
118,70,0.6171,0.3829,CV,3.8468,3.8144,-10.20240333022883,-10.207468001380684,-0.66461,-0.02658,86.9622
118,71,0.6185,0.3815,CV,1.4703,1.4724,-3.3909246720865944,-3.3990246251030776,0.00385,0.0271,7.8262
118,73,0.6134,0.3866,CV,5.2992,5.3002,-11.533741665342426,-11.520502992108664,-0.05934,-0.01078,8.2035
118,74,0.6186,0.3814,CV,0.7311,0.732,-2.2222998874245707,-2.2310110160000427,-0.0317,-0.00517,4.0017
118,72,0.6174,0.3826,CV,2.4964,2.4962,-4.819765064116208,-4.824333868515502,0.11424,0.11171,10.3255
118,80,0.622,0.378,CV,2.7888,2.7742,-4.611142386312091,-4.627809514710496,-1.89379,0.14836,22.1236
119,70,0.6163,0.3837,CV,5.0907,5.0564,-8.561008143387998,-8.56220702324249,-0.72029,-0.21085,84.1574
119,71,0.6187,0.3813,CV,1.0213,1.0246,-3.2674484314630003,-3.2770457071407924,0.00411,0.04317,7.6875
119,73,0.6155,0.3845,CV,0.9006,0.884,-4.86295430268447,-4.866450030375712,-0.05519,-0.01246,8.4693
119,74,0.6185,0.3815,CV,0.6837,0.6838,-2.2221375483858865,-2.2308093154159128,-0.0499,-0.00834,3.9623
119,72,0.6162,0.3838,CV,2.2855,2.2773,-4.33807253303603,-4.338683965257749,0.18835,0.17754,10.4235
119,80,0.5901,0.4099,CV,5.2045,5.1737,-7.683760382035649,-7.568218357080584,-1.49814,0.76752,19.6337
120,70,0.6161,0.3839,CV,4.1702,4.1265,-6.98184561639881,-6.983578098158705,-0.73377,-0.1621,81.1628
120,71,0.6186,0.3814,CV,0.8752,0.8754,-3.621409638216658,-3.6301933105729915,0.05714,0.00511,7.5927
120,73,0.6179,0.3821,CV,1.4884,1.4989,-4.563444952018186,-4.573905942002233,-0.05883,-0.0086,8.2907
120,74,0.6187,0.3813,CV,0.2128,0.2105,-2.004224637070315,-2.0134275730343054,-0.03816,-0.00838,3.9359
120,72,0.6126,0.3874,CV,3.4906,3.4769,-5.770242691007141,-5.757250212724033,0.27997,0.27111,10.2851
121,70,0.6173,0.3827,CV,2.8246,2.7949,-7.627965345258129,-7.634946068341482,-0.66725,-0.10743,79.2145
121,71,0.6185,0.3815,CV,1.151,1.1516,-3.2234485519261193,-3.2317216749503626,0.05128,-0.05902,7.655
121,73,0.6179,0.3821,CV,2.2729,2.277,-4.001595302824632,-4.00850384266476,0.08482,0.02079,8.1896
121,74,0.6182,0.3818,CV,1.2919,1.2935,-2.5912696641325863,-2.5985123591184363,0.02886,-0.05936,4.0026
121,72,0.6177,0.3823,CV,2.0386,2.0528,-3.9951484569087077,-4.009050102222011,0.16858,0.07849,10.5732
122,70,0.6172,0.3828,CV,5.6312,5.6248,-8.780253003450213,-8.785192155724179,-0.58818,0.0214,78.9914
122,71,0.6187,0.3813,CV,0.7467,0.7489,-3.1299327052570964,-3.139352017813943,-0.01681,-0.03127,7.6773
122,73,0.6178,0.3822,CV,1.4046,1.4017,-3.8952339210975713,-3.901627674259303,0.03946,0.05082,8.1106
122,74,0.6175,0.3825,CV,1.0693,1.0658,-2.4694799460644563,-2.474117091664353,0.01142,-0.10403,4.0399
122,72,0.6177,0.3823,CV,1.1275,1.1178,-3.7555378371783874,-3.7618518363586153,0.17441,0.07371,10.6442
123,70,0.6152,0.3848,CV,6.6133,6.5805,-8.049806590114784,-8.046503479449216,-0.68526,0.16768,78.8356
123,71,0.6187,0.3813,CV,0.2743,0.273,-3.0458434567264385,-3.0548955925199897,-0.02702,-0.01678,7.6698
123,73,0.6187,0.3813,CV,1.2626,1.2677,-3.3567352891317004,-3.3672346550920667,0.07592,0.01353,8.3164
123,72,0.6181,0.3819,CV,0.5672,0.5576,-3.6407508016178767,-3.6488052686782773,0.13937,0.05692,10.6461
123,74,0.617,0.383,CV,1.7934,1.794,-3.166332051034896,-3.170112220742338,0.02838,-0.01247,4.2049
124,70,0.6154,0.3846,CV,5.3327,5.3027,-6.9512981043642235,-6.951777728928162,-0.46473,0.30994,79.1295
124,71,0.6184,0.3816,CV,1.4744,1.4758,-3.6954020267246426,-3.7033246649456952,-0.02201,-0.00883,7.4515
124,73,0.619,0.381,CV,0.7693,0.7725,-3.5200210326797117,-3.530253559789919,0.00851,-0.0255,8.4505
124,72,0.6187,0.3813,CV,0.8812,0.8874,-3.721904942396461,-3.732024837433412,0.04214,0.01534,10.7952
125,70,0.618,0.382,CV,3.0391,3.0663,-6.7119254699751725,-6.722763322870626,-0.15613,0.26714,77.2608
125,71,0.6184,0.3816,CV,1.8788,1.8834,-3.6990874912526346,-3.7075517724954095,-0.01425,0.02156,7.6399
125,73,0.6189,0.3811,CV,0.7591,0.7598,-3.3826258858400005,-3.392133193265996,0.01783,-0.02634,8.3899
125,72,0.6184,0.3816,CV,1.3428,1.3422,-4.20747264138457,-4.215371515707484,0.09981,-0.01889,10.7645
125,74,0.5,0.5,CA,1.8161,1.8216,-3.489012649592972,-3.4994625424142836,-0.00463,-0.00393,4.3664
126,70,0.6159,0.3841,CV,7.7445,7.7283,-7.642935191082181,-7.6411323031721805,-0.40153,0.30727,78.7145
126,73,0.6166,0.3834,CV,2.799,2.7978,-5.657620926742943,-5.657498142744372,-0.01488,0.06859,8.0405
126,72,0.618,0.382,CV,1.6405,1.6378,-4.30298820338217,-4.309426533357115,0.08293,-0.09606,10.6294
126,74,0.5768,0.4232,CV,0.9239,0.9228,-2.3879131737891632,-2.3953104412038475,0.02501,0.06363,4.2266
126,71,0.6188,0.3812,CV,0.7927,0.7966,-3.483480284179219,-3.4935175659438613,-0.00818,0.02266,7.5543
127,70,0.6168,0.3832,CV,3.5468,3.5284,-6.93841902756367,-6.943640190757858,-0.15396,0.25663,80.0991
127,71,0.6177,0.3823,CV,2.1587,2.1593,-5.396591306658727,-5.401174588265517,0.04472,0.01539,7.7775
127,73,0.6189,0.3811,CV,1.812,1.8223,-3.6151544465539285,-3.6282714787091863,-0.07603,0.00504,8.1948
127,72,0.6171,0.3829,CV,2.3284,2.3257,-4.278580909513599,-4.282171485570943,-0.05986,-0.16345,10.4646
127,74,0.6047,0.3953,CV,1.2562,1.2611,-2.606073770739852,-2.617964095318735,-0.04524,-0.04214,4.3274
128,70,0.6164,0.3836,CV,10.1921,10.2021,-8.466603709160381,-8.468746481852534,-0.62129,0.02658,77.4386
128,71,0.6178,0.3822,CV,0.9631,0.9592,-3.7780142339740026,-3.784672124921486,-0.00171,-0.01426,7.9433
128,73,0.6186,0.3814,CV,1.6665,1.669,-3.5502555295511096,-3.5588305151932045,0.0146,-0.09299,8.2954
128,72,0.6152,0.3848,CV,2.4832,2.4723,-4.211024176653866,-4.207623752647192,-0.13636,-0.18269,10.1477
128,74,0.6145,0.3855,CV,0.3991,0.398,-2.19204614716405,-2.2038828996925313,-0.01375,-0.05236,4.3888
129,70,0.6149,0.3851,CV,6.7642,6.7347,-9.043978504904624,-9.040580215886507,-0.78179,0.04945,75.4417
129,71,0.6185,0.3815,CV,1.4701,1.4764,-4.0302623949087115,-4.039948050273452,-0.012,0.03014,7.7871
129,73,0.6188,0.3812,CV,0.6456,0.6467,-3.4666767834467205,-3.4764562503569403,0.02965,-0.05899,8.1797
129,72,0.6179,0.3821,CV,3.521,3.5336,-6.043799698291858,-6.054515024803348,-0.14759,-0.02899,10.5304
129,74,0.6172,0.3828,CV,0.9174,0.9163,-2.6717573128889756,-2.680812290583073,0.02785,-0.03629,4.4849
130,70,0.6169,0.3831,CV,2.5797,2.553,-7.83365487925514,-7.84075873237413,-0.51481,0.06527,74.0522
130,71,0.6186,0.3814,CV,0.5328,0.5327,-3.518652225471789,-3.527520501166684,-0.01073,0.0037,7.7434
130,73,0.6189,0.3811,CV,0.8593,0.8625,-3.409546794435113,-3.419508647755222,-0.00299,0.02099,8.1099
130,72,0.6166,0.3834,CV,3.0702,3.0696,-6.280568079894001,-6.281941658252987,-0.16261,-0.19009,10.264
130,74,0.6186,0.3814,CV,0.7481,0.7502,-2.6453288065187834,-2.6561783352972195,0.05773,-0.01953,4.4513
131,70,0.6171,0.3829,CV,3.9383,3.9144,-10.304092787641853,-10.309053606669977,-0.60692,0.16709,73.4479
131,71,0.6186,0.3814,CV,0.931,0.9328,-3.3700956330787353,-3.379163151125472,0.04533,-0.00432,7.8639
131,73,0.6188,0.3812,CV,0.8642,0.8659,-3.1938871939285627,-3.2031740498470693,0.01728,-0.01963,8.1771
131,72,0.6077,0.3923,CV,6.4818,6.4749,-8.825054918865023,-8.791143499283844,-0.41546,-0.21558,10.7507
131,74,0.6184,0.3816,CV,1.4884,1.4909,-3.4403005793590093,-3.4482641717823204,-0.06422,-0.0349,4.5033
132,70,0.6106,0.3894,CV,10.5736,10.5412,-8.684689745701437,-8.6620162412408,-1.16955,-0.02561,70.5702
132,71,0.6187,0.3813,CV,0.3086,0.3061,-3.2625453818304955,-3.271671151218792,0.04414,-0.00608,7.9385
132,73,0.6184,0.3816,CV,1.7471,1.7494,-3.8642860814827644,-3.872091423662248,-0.03663,0.0586,7.9817
132,72,0.6168,0.3832,CV,2.3324,2.3538,-4.677184100979943,-4.694451730649497,-0.21523,-0.07459,10.4809
132,74,0.6185,0.3815,CV,1.5568,1.5604,-3.089040964024834,-3.0977918313634163,-0.01788,0.03083,4.374
133,70,0.6167,0.3833,CV,4.5988,4.622,-7.293271236299938,-7.305875875675968,-0.72725,0.06118,70.7936
133,71,0.6187,0.3813,CV,0.4122,0.4116,-3.154259670243223,-3.1633537959003903,0.02997,-0.03125,7.975
133,73,0.6178,0.3822,CV,2.658,2.6624,-4.843004551159334,-4.848846233251409,-0.00981,0.0054,8.2726
133,72,0.6185,0.3815,CV,0.8011,0.811,-5.644058528426096,-5.6551479785622245,-0.09168,-0.0019,10.4154
134,70,0.6171,0.3829,CV,2.7789,2.7402,-7.5850417951162585,-7.590458230832848,-0.64032,0.0815,69.9393
134,71,0.6187,0.3813,CV,0.8172,0.8176,-3.2866564655487553,-3.2956195121055867,0.01653,-0.02854,7.899
134,73,0.618,0.382,CV,0.9119,0.9096,-4.132093312607865,-4.139654763239954,-0.04738,-0.03119,8.3683
134,72,0.6184,0.3816,CV,0.857,0.8523,-5.0133009844172784,-5.021517758821787,-0.11376,-0.01766,10.4351
135,70,0.6184,0.3816,CV,1.1855,1.186,-9.542775202011573,-9.553164512699569,-0.37008,0.13326,68.4728
135,71,0.6181,0.3819,CV,1.3807,1.3787,-3.9059479101501875,-3.912788869612978,-0.04881,-0.0476,7.7677
135,73,0.6165,0.3835,CV,2.3311,2.3259,-6.496798572883313,-6.4973948399437464,-0.01782,-0.04989,8.6995
135,72,0.6187,0.3813,CV,0.3599,0.3587,-5.813574901440293,-5.823302360027341,-0.07558,0.00722,10.4228
136,70,0.6188,0.3812,CV,3.2316,3.2397,-10.662082674706632,-10.671833604885826,-0.0545,0.22556,67.6474
136,71,0.6188,0.3812,CV,0.5163,0.5191,-3.074475302282221,-3.084796957699634,-0.04912,-0.03666,7.8154
136,73,0.6182,0.3818,CV,3.0769,3.0877,-4.656829103848242,-4.667125841398764,-0.00394,0.00714,8.3407
136,72,0.6182,0.3818,CV,1.4185,1.4154,-5.844143341338363,-5.8509824029983335,-0.12712,-0.02026,10.5246
137,70,0.6187,0.3813,CV,1.5507,1.5391,-9.837928359287316,-9.846770746391568,-0.01632,0.24107,66.5462
137,71,0.6183,0.3817,CV,1.5328,1.5321,-3.848021175641385,-3.8552449355949796,-0.03601,0.03468,7.6261
137,73,0.6172,0.3828,CV,1.8146,1.8107,-3.5768579329342884,-3.58036529936364,-0.02614,0.04764,8.1028
137,72,0.6176,0.3824,CV,1.493,1.4867,-5.814642896585539,-5.820005553080161,-0.15288,-0.07442,10.5745
137,74,0.5,0.5,CA,1.6277,1.6282,-4.210313947964527,-4.219987427940748,0.02202,0.05035,4.9422
138,70,0.6187,0.3813,CV,2.0589,2.0592,-6.9624982250538885,-6.97167691379192,-0.15275,0.12403,65.5959
138,71,0.6191,0.3809,CV,1.1487,1.1553,-3.23852997027735,-3.249850212071681,-0.02227,0.01037,7.7076
138,73,0.6189,0.3811,CV,0.9739,0.9832,-3.2858345073950534,-3.2982022616589006,-0.02053,0.01389,8.2501
138,72,0.6158,0.3842,CV,3.1112,3.1075,-6.1604933484688,-6.158981783003238,-0.16721,-0.17529,10.2154
138,74,0.5766,0.4234,CV,0.8953,0.8959,-2.576005838424841,-2.582709434997649,-0.00476,0.06533,4.4777
139,70,0.6179,0.3821,CV,3.9053,3.8949,-7.063693716715614,-7.069353634725355,-0.34681,0.17021,64.8166
139,71,0.6185,0.3815,CV,1.2823,1.2817,-3.3700314010526746,-3.3776491943269003,-0.01238,-0.02278,7.8572
139,73,0.6176,0.3824,CV,2.0601,2.0582,-3.9102849929855306,-3.914581856987411,-0.04065,0.0638,8.0
139,72,0.6167,0.3833,CV,1.3299,1.3207,-4.64117497024396,-4.646118302423238,-0.20036,-0.11438,10.1732
139,74,0.6038,0.3962,CV,0.8335,0.8339,-2.7523083097207213,-2.760601886969301,0.04564,0.04803,4.511
140,70,0.6166,0.3834,CV,5.7903,5.7768,-6.9138350295199675,-6.915128704415265,-0.58334,-0.05615,63.8433
140,71,0.6187,0.3813,CV,1.3314,1.3357,-3.3674787684751952,-3.377079877485362,0.04467,-0.02271,7.6842
140,73,0.6181,0.3819,CV,1.2206,1.2181,-3.9475752061338314,-3.9556349907381936,0.0664,0.05403,7.8432
140,72,0.6155,0.3845,CV,2.415,2.4065,-5.04696772567968,-5.045482341480224,-0.17297,-0.12659,9.7994
140,74,0.6134,0.3866,CV,0.8577,0.8572,-2.7063565320498806,-2.7152027993076446,0.07381,0.02687,4.4832
141,70,0.6135,0.3865,CV,9.8348,9.8179,-8.247558376671066,-8.237700072143008,-0.69095,0.15876,66.0244
141,71,0.6188,0.3812,CV,0.7534,0.7561,-3.1368347564554493,-3.1462737979773903,-0.00916,0.01133,7.6913
141,73,0.6184,0.3816,CV,2.6403,2.6478,-4.248343999087469,-4.257072522164093,0.06857,-0.08088,8.0442
141,72,0.6129,0.3871,CV,2.4943,2.4787,-4.181776639387355,-4.171326364078106,-0.17014,-0.18839,9.3491
141,74,0.6172,0.3828,CV,1.0488,1.0517,-2.492786980790852,-2.5031507196025475,-0.0044,-0.04961,4.4677
142,70,0.615,0.385,CV,4.5601,4.5306,-7.389641774269396,-7.390962258202951,-0.68187,0.16456,65.4528
142,71,0.6187,0.3813,CV,0.6017,0.6018,-3.120371347738451,-3.129400599226183,0.03313,0.01673,7.7116
142,73,0.6183,0.3817,CV,0.922,0.9177,-3.677002406689542,-3.684718221466818,0.02496,-0.06062,8.1315
142,72,0.6159,0.3841,CV,5.0546,5.0706,-9.969114159436774,-9.974905738707882,-0.20069,0.18967,9.6015
142,74,0.618,0.382,CV,0.7139,0.711,-2.4909459525128472,-2.4994664594099656,0.00774,-0.08381,4.4637
143,70,0.6163,0.3837,CV,5.4141,5.4105,-8.328764787018375,-8.333316125247258,-0.57931,-0.06827,63.3171
143,71,0.6186,0.3814,CV,0.8564,0.8565,-3.5799778687243955,-3.588758632598933,0.03232,0.04025,7.6
143,73,0.6187,0.3813,CV,0.5675,0.5718,-3.3258216007665,-3.3356515834911806,0.03397,-0.03726,8.0079
143,72,0.6127,0.3873,CV,3.2075,3.1964,-4.831619041904615,-4.819700449066359,-0.25432,0.2929,9.2439
143,74,0.6162,0.3838,CV,1.8233,1.8206,-3.2231192090182894,-3.2226284274036714,-0.05577,-0.10017,4.2933
144,70,0.6181,0.3819,CV,6.9649,6.9885,-12.48924808402817,-12.499134799551296,-0.07876,0.05547,65.0666
144,71,0.6188,0.3812,CV,0.3275,0.3276,-2.9381818579388463,-2.9478078545709074,0.02155,0.00663,7.5392
144,73,0.6187,0.3813,CV,0.9489,0.9505,-3.385209269281193,-3.3942246295222684,0.02597,-0.01916,7.8333
144,72,0.6144,0.3856,CV,1.3542,1.3351,-3.4675547383835945,-3.4670982778037285,-0.25114,0.22346,8.963
144,74,0.618,0.382,CV,0.4953,0.4922,-1.9419741791917033,-1.9519238876959635,-0.02026,-0.04024,4.2005
145,70,0.6176,0.3824,CV,4.4559,4.4469,-11.73275797523127,-11.738006095203799,0.14937,0.10939,66.5972
145,71,0.6188,0.3812,CV,0.8224,0.8233,-3.0356401611701784,-3.044965672245023,-0.04287,0.02478,7.5062
145,73,0.6186,0.3814,CV,1.1998,1.2024,-3.2455539437000325,-3.2543419358551007,0.01612,-0.00747,7.9536
145,72,0.6168,0.3832,CV,1.8496,1.8507,-3.5159348970865603,-3.523428705921697,-0.1896,0.0395,8.552
145,74,0.6189,0.3811,CV,0.2889,0.2858,-2.070932391098815,-2.0819774029127833,-0.00811,-0.04706,4.1335
146,70,0.6184,0.3816,CV,6.2058,6.2255,-19.446065552934215,-19.455449954284035,-0.20982,0.08219,64.8628
146,71,0.6188,0.3812,CV,0.9109,0.9132,-3.2249736085205134,-3.2343775925654823,0.00821,0.02077,7.5752
146,73,0.618,0.382,CV,1.2702,1.267,-3.4735131717549823,-3.4796733294710025,0.03274,-0.02444,8.1318
146,72,0.6117,0.3883,CV,5.4644,5.4683,-8.345634665334826,-8.327983170215933,-0.26103,-0.17545,8.8668
146,74,0.6178,0.3822,CV,1.0944,1.0905,-2.355220539240471,-2.3600484018941716,-0.06768,-0.06452,3.9867
147,70,0.6177,0.3823,CV,5.4527,5.4531,-10.280341169109516,-10.285809069168735,-0.26995,-0.15926,66.239
147,71,0.6186,0.3814,CV,0.8127,0.8129,-3.5521429566096736,-3.5608593491476626,0.01582,-0.03717,7.6006
147,73,0.618,0.382,CV,0.5729,0.5679,-3.253930953606176,-3.261359649704342,0.02574,-0.04145,8.2045
147,72,0.6088,0.3912,CV,3.4707,3.4513,-5.050542754227475,-5.028096046112995,-0.33025,-0.25781,8.8442
147,74,0.6195,0.3805,CV,0.9587,0.9656,-2.109259321725524,-2.1230262295678837,-0.02632,0.0169,3.9472
148,70,0.6178,0.3822,CV,5.3612,5.3654,-11.23565963651302,-11.24231611495748,0.12409,-0.27577,67.3865
148,71,0.6187,0.3813,CV,0.9852,0.9876,-3.474970347369016,-3.4841272854524146,-0.03931,-0.01364,7.4919
148,73,0.6182,0.3818,CV,1.3692,1.371,-3.748957887339335,-3.7567329693666776,0.08669,-0.00605,8.135
148,72,0.6107,0.3893,CV,2.2688,2.249,-4.028320739367561,-4.018186831026186,-0.35203,-0.17299,8.7239
148,74,0.6185,0.3815,CV,1.2168,1.2174,-2.4208668447658215,-2.4278858340478973,0.01783,0.03071,3.9688
149,70,0.6156,0.3844,CV,12.6953,12.7128,-17.372727960891527,-17.370071336197793,-0.52865,0.11731,63.9941
149,71,0.6183,0.3817,CV,1.2924,1.2917,-5.674407938573299,-5.681817543359998,-0.04038,0.04973,7.3339
149,73,0.6185,0.3815,CV,1.3529,1.3572,-3.4720032575572746,-3.4810874627783535,-0.02915,0.03253,8.1258
149,72,0.6109,0.3891,CV,2.4161,2.3961,-4.085861415737407,-4.073821925336298,-0.38089,-0.12682,8.6752
149,74,0.619,0.381,CV,0.4486,0.4528,-2.4230178431568965,-2.4336534805835597,-0.00294,0.00097,3.8709
150,70,0.6061,0.3939,CV,12.0577,12.0208,-15.22230759188131,-15.182769222334086,-1.19236,0.32425,61.3763
150,71,0.6184,0.3816,CV,1.5666,1.5698,-3.7042306943860366,-3.712758186265362,-0.08174,-0.00695,7.4539
150,73,0.6172,0.3828,CV,2.1152,2.113,-3.961944214994988,-3.965198348358702,-0.07836,0.09076,7.9338
150,72,0.6122,0.3878,CV,1.9233,1.9032,-3.833788538386372,-3.827146428714057,-0.3686,-0.07318,8.6469
150,74,0.6183,0.3817,CV,0.8483,0.8473,-2.99003370419587,-2.9968752206181444,0.01956,0.02182,3.8685
151,70,0.5993,0.4007,CV,11.9369,11.8823,-13.001248849363556,-12.947754216561108,-1.77129,0.53864,61.78
151,71,0.6185,0.3815,CV,1.4391,1.4424,-3.355654178887854,-3.364478437952392,0.03543,0.03268,7.5215
151,73,0.618,0.382,CV,1.448,1.4495,-3.8000812705376887,-3.8083202491777386,-0.0388,0.13262,8.0571
151,72,0.6087,0.3913,CV,4.4019,4.3946,-6.716738901281804,-6.6930568853685095,-0.4145,0.17077,8.2943
151,74,0.6184,0.3816,CV,0.6989,0.7001,-2.091596046010898,-2.100310020543663,0.01939,0.04675,3.7869
152,70,0.6168,0.3832,CV,4.4829,4.5789,-8.82674871081134,-8.856286642399208,-0.73562,0.17124,61.9939
152,71,0.6186,0.3814,CV,0.7614,0.7623,-3.072973621885644,-3.0819373695785828,0.05147,0.03066,7.4209
152,73,0.618,0.382,CV,0.882,0.8753,-3.3538566237229968,-3.361017800858498,-0.04696,0.13089,8.1433
152,72,0.614,0.386,CV,3.0883,3.0931,-4.819476812639554,-4.823496909358145,-0.32023,-0.02914,8.5263
152,74,0.6179,0.3821,CV,0.8314,0.8296,-2.1841091390739216,-2.1904028172600487,0.01357,0.06338,3.8005
153,70,0.6179,0.3821,CV,6.0491,6.0608,-21.41919272181778,-21.427726389379472,-0.27826,0.14539,58.7381
153,71,0.6169,0.3831,CV,2.9022,2.9033,-6.1063756221199625,-6.108059452244695,-0.00787,-0.00409,7.7684
153,73,0.6173,0.3827,CV,2.5231,2.5246,-5.21322106761372,-5.217627094145904,-0.03455,0.01732,8.4784
153,72,0.608,0.392,CV,4.2295,4.2145,-5.982488299538254,-5.953354202708868,-0.46892,0.12666,8.5795
153,74,0.6162,0.3838,CV,1.5511,1.5472,-2.8662571760673483,-2.8660088723721535,0.05533,0.09544,3.8818
154,70,0.6186,0.3814,CV,1.7612,1.7427,-16.941065133754776,-16.951006076002493,-0.27183,0.20024,57.02
154,71,0.6176,0.3824,CV,0.7004,0.6955,-3.9032554526620165,-3.9102223167473373,-0.01966,-0.03486,7.9083
154,73,0.6185,0.3815,CV,1.8934,1.9012,-3.8304101740099936,-3.8405593715720077,0.00158,-0.06451,8.3421
154,72,0.5935,0.4065,CV,6.2178,6.1933,-9.645388808212608,-9.564722160202475,-0.65977,0.34268,8.574
154,74,0.6182,0.3818,CV,0.6559,0.662,-2.476888970201937,-2.487442624184891,0.00113,0.05035,3.8406
155,70,0.6141,0.3859,CV,14.0677,14.0859,-11.78002055287751,-11.770034105387495,-0.13636,0.02914,60.3093
155,71,0.6183,0.3817,CV,1.0286,1.0338,-3.418623003051513,-3.427701723014864,0.02991,-0.03278,7.8406
155,73,0.6182,0.3818,CV,1.3817,1.3819,-3.656854511748088,-3.664302218365363,0.03512,-0.03859,8.1636
155,72,0.5957,0.4043,CV,3.6998,3.6608,-8.560426653967465,-8.51047078505214,-0.68886,0.28049,8.7285
155,74,0.6181,0.3819,CV,0.6369,0.6359,-2.1739848468023184,-2.1812682820241323,0.01227,0.02332,3.8896
156,70,0.6007,0.3993,CV,20.2689,20.2223,-13.517961725222769,-13.458289315232534,-0.39629,0.28717,67.2814
156,73,0.6185,0.3815,CV,0.4868,0.4818,-3.263898485788653,-3.272807587464123,0.03195,-0.02302,8.1261
156,72,0.5818,0.4182,CV,6.5179,6.48,-11.448717306338676,-11.337792208903075,-0.95868,0.20869,8.8751
156,74,0.6183,0.3817,CV,0.5204,0.5205,-2.1911571959168312,-2.19929405590499,0.00975,-0.01672,3.9321
156,71,0.6183,0.3817,CV,0.6753,0.6756,-3.672718102370655,-3.6808933811108266,-0.01619,-0.02352,7.9659
157,70,0.6042,0.3958,CV,10.6916,10.6059,-10.125565825092574,-10.100292242373818,-0.47399,0.16387,72.0643
157,71,0.6185,0.3815,CV,0.7285,0.7305,-3.2834799660641862,-3.292475038522047,-0.0221,-0.015,7.9737
157,73,0.6189,0.3811,CV,0.7101,0.713,-3.141061348728841,-3.1512734459472314,0.04873,-0.01364,8.2203
157,72,0.5586,0.4414,CV,7.5474,7.4982,-12.366871161285465,-12.181870661385666,-1.27536,0.37048,8.7171
157,74,0.6174,0.3826,CV,1.7718,1.7733,-3.079368544470527,-3.083835282042834,0.00446,-0.07693,3.8004
158,70,0.6105,0.3895,CV,7.1228,7.0839,-10.024998502735155,-10.021086576929445,-0.4433,0.36263,73.9971
158,71,0.6186,0.3814,CV,0.4982,0.4979,-3.1846612243535013,-3.193733783465066,-0.01639,0.01738,7.9991
158,73,0.6189,0.3811,CV,0.4334,0.4323,-3.141924263055691,-3.1515024392799713,0.03655,-0.03465,8.2604
158,72,0.5498,0.4502,CV,5.7691,5.7046,-11.408849600340002,-11.221922785804788,-1.43564,0.63017,8.7084
158,74,0.6175,0.3825,CV,1.0871,1.0858,-2.373942781317723,-2.379788523610441,-0.05506,-0.09623,3.8227
159,70,0.6132,0.3868,CV,11.9314,11.9315,-11.44118427808214,-11.439136928467608,-0.62829,0.60934,73.0901
159,71,0.6187,0.3813,CV,0.9575,0.9592,-3.6193573490764646,-3.628376934766547,0.04223,0.01914,8.1553
159,73,0.6187,0.3813,CV,1.1443,1.146,-3.761652063204085,-3.7705915901381193,-0.05681,-0.0286,8.2621
159,74,0.6188,0.3812,CV,0.5355,0.5412,-2.0605592422453984,-2.072057929194319,-0.02653,-0.01945,3.8488
159,72,0.4715,0.5285,CA,9.0463,8.9678,-19.910995662613047,-19.422917240631413,-2.43953,0.70483,8.9102
160,70,0.6157,0.3843,CV,3.0466,3.018,-10.184574716176606,-10.189148783238327,-0.55969,0.33823,75.7331
160,71,0.6184,0.3816,CV,1.3998,1.4003,-3.4676226812787556,-3.475629984382155,0.04426,0.01392,8.0383
160,73,0.6188,0.3812,CV,0.3582,0.3595,-3.1488638637292325,-3.158374328979726,-0.03566,0.00746,8.2612
160,74,0.6184,0.3816,CV,0.882,0.8815,-2.3192209339824337,-2.3267467980738523,-0.03933,-0.02441,3.9242
161,70,0.6135,0.3865,CV,10.0429,10.012,-12.149167777147124,-12.140614144021672,-0.84955,0.60763,77.5817
161,71,0.6183,0.3817,CV,1.5122,1.5129,-3.540935613763954,-3.548774677099261,-0.08044,0.0081,7.992
161,73,0.6177,0.3823,CV,1.9859,1.9848,-4.221574238602334,-4.2263385266671065,-0.10276,0.04113,8.042
161,74,0.6172,0.3828,CV,1.3053,1.3021,-2.7028404163957522,-2.7060046276908256,-0.03073,-0.06566,4.0424
162,70,0.6165,0.3835,CV,10.3353,10.3614,-12.793854429528045,-12.801496198516837,-0.36026,0.13389,84.251
162,71,0.6185,0.3815,CV,0.6167,0.6118,-3.106095028697243,-3.1149557481349035,-0.08293,0.03198,7.9931
162,73,0.6188,0.3812,CV,1.1337,1.1408,-3.492433654938778,-3.5035593086834824,-0.02906,0.03521,8.1408
162,74,0.6183,0.3817,CV,1.04,1.0446,-2.5351992225978397,-2.544886961997172,-0.04303,0.01437,4.0278
163,70,0.6175,0.3825,CV,7.1204,7.1323,-10.255168124211698,-10.262593562641351,-0.36773,0.34045,85.2432
163,71,0.619,0.381,CV,0.7048,0.7092,-3.1205497463916014,-3.1313794019719823,-0.00109,-0.00162,7.9858
163,73,0.6172,0.3828,CV,2.6703,2.6701,-5.428593905067951,-5.43102192750922,-0.00386,-0.00103,8.5249
164,70,0.6184,0.3816,CV,3.0641,3.0832,-8.679789036500901,-8.689546066557048,-0.01546,0.20789,87.4996
164,71,0.6187,0.3813,CV,1.255,1.2564,-3.323714427786782,-3.3324365627369685,0.07145,-0.00926,8.0748
164,73,0.6178,0.3822,CV,0.6503,0.6473,-3.63503566584568,-3.642729364489157,0.00435,0.03537,8.6181
165,70,0.6185,0.3815,CV,1.6283,1.6187,-8.304355932091873,-8.31299027052595,0.04016,0.21953,90.4767
165,71,0.6185,0.3815,CV,1.0709,1.071,-3.571617996725749,-3.5798155118897297,0.01698,-0.00921,8.2223
165,73,0.6185,0.3815,CV,1.0399,1.0459,-3.8099681573524378,-3.8193747030867717,-0.01684,-0.01447,8.5326
166,70,0.6152,0.3848,CV,12.5929,12.5884,-11.103205732302019,-11.097690199023539,-0.48925,0.56493,88.9757
166,71,0.6186,0.3814,CV,0.756,0.7579,-3.2581752052856827,-3.267208048096051,0.04982,-0.0075,8.1812
166,73,0.6172,0.3828,CV,2.3281,2.3269,-5.8157708281868565,-5.819106213233992,0.00875,-0.09057,8.8693
167,70,0.6167,0.3833,CV,3.2836,3.2455,-7.249268320409061,-7.255106049707641,-0.24311,0.48834,89.5466
167,71,0.6182,0.3818,CV,1.3407,1.3396,-3.5484043382076176,-3.555378979939252,0.09391,-0.00579,8.0525
167,73,0.6169,0.3831,CV,3.997,4.0045,-5.85574873878669,-5.859347347957321,0.04064,-0.01071,8.3991
167,74,0.5,0.5,CA,1.4434,1.444,-4.098762663925953,-4.108464291423623,0.03088,-0.00057,4.5117
168,70,0.6173,0.3827,CV,3.2652,3.2252,-9.197994477452985,-9.204144051772477,-0.26743,0.49162,90.6674
168,71,0.6188,0.3812,CV,0.6475,0.6531,-3.29353551613955,-3.3037666618822707,0.02102,-0.00446,8.1155
168,73,0.6158,0.3842,CV,1.9421,1.9332,-4.276574930698223,-4.275904930501752,0.00509,0.04123,8.1276
168,74,0.5769,0.4231,CV,0.4678,0.4656,-2.21887538324502,-2.226521340998603,0.05596,0.00011,4.2169
169,70,0.619,0.381,CV,4.031,4.0597,-8.028111885585568,-8.040564406353202,0.12254,0.19906,92.4741
169,71,0.6187,0.3813,CV,0.7812,0.7818,-3.21715247774331,-3.2262078731152175,-0.00314,0.04838,8.1623
169,73,0.6191,0.3809,CV,1.1367,1.1499,-3.2197192392925973,-3.235084026409814,-0.00236,-0.02587,8.2348
169,74,0.604,0.396,CV,1.0662,1.0663,-2.3775318002699724,-2.3863968168098664,-0.02403,-0.03418,4.1367
170,70,0.6181,0.3819,CV,5.8782,5.8709,-7.452111970208396,-7.458058971911228,0.48465,0.04655,92.8058
170,71,0.6184,0.3816,CV,1.5825,1.5837,-3.557466232222233,-3.5652316150248398,-0.00998,-0.00907,7.9556
170,73,0.619,0.381,CV,1.2401,1.24,-3.609471726181884,-3.619054158371449,-0.06377,0.06039,8.155
170,74,0.6147,0.3853,CV,0.6442,0.649,-2.079240083046617,-2.093137705087028,-0.03377,0.00644,4.1767
171,70,0.6154,0.3846,CV,9.0284,9.0067,-8.10270483274462,-8.098748522429362,0.63889,-0.23648,90.0495
171,71,0.6186,0.3814,CV,1.4423,1.4458,-3.3786041676863547,-3.38773753684271,-0.06479,-0.04589,8.0623
171,73,0.6183,0.3817,CV,2.6784,2.6842,-4.291595724884164,-4.298821793663834,0.05696,-0.02609,8.3583
171,74,0.6152,0.3848,CV,2.2357,2.2364,-3.731566772851134,-3.731593773663401,0.03586,0.105,4.3362
172,70,0.6106,0.3894,CV,10.7651,10.7267,-8.518547399965835,-8.498454306547767,0.41694,-0.30089,85.0787
172,71,0.6182,0.3818,CV,1.9207,1.9225,-4.25303584325549,-4.260210551186831,-0.00521,-0.01469,7.8056
172,73,0.6187,0.3813,CV,0.1729,0.1674,-3.1839817401063817,-3.1934321703661417,0.04336,-0.01256,8.3543
172,74,0.6169,0.3831,CV,1.5478,1.5489,-3.567728049781701,-3.574345846313552,-0.06557,0.0159,4.4099
173,70,0.6167,0.3833,CV,2.8809,2.8909,-6.7966229907507865,-6.8093934350734,0.50679,-0.14424,84.3201
173,71,0.6183,0.3817,CV,2.5767,2.5833,-4.521241487393308,-4.5293246323623455,-0.04741,-0.00486,8.0508
173,73,0.6177,0.3823,CV,1.6408,1.6381,-3.6661790531860543,-3.671162793326602,-0.01876,-0.00621,8.5196
173,74,0.6171,0.3829,CV,1.1503,1.1471,-2.728646785002986,-2.733506976500884,0.0062,0.01728,4.5065
174,70,0.6141,0.3859,CV,17.6524,17.6838,-14.18058226861455,-14.173097854102124,0.5527,-0.08708,90.2673
174,71,0.6179,0.3821,CV,1.0434,1.0373,-3.650997914520136,-3.6572765258327116,-0.04402,-0.00146,8.2296
174,73,0.6186,0.3814,CV,1.8987,1.9063,-3.9784857078994804,-3.9885987669408385,0.02058,0.02161,8.287
174,74,0.6184,0.3816,CV,0.6741,0.6794,-2.495358827261883,-2.5054856643601853,-0.0023,0.03536,4.4852
175,70,0.5528,0.4472,CV,78.1934,78.1959,-98.29780741047283,-98.04184542015986,-2.73072,0.18442,108.427
175,71,0.6185,0.3815,CV,0.5911,0.5962,-3.2339404471137914,-3.2434445808339687,-0.03011,-0.02433,8.1565
175,73,0.6181,0.3819,CV,1.8434,1.8451,-3.753713220791851,-3.7602696475655764,0.0468,-0.0291,8.4893
175,74,0.6182,0.3818,CV,0.5979,0.5958,-2.6550290317451313,-2.6623803725423523,0.02118,0.02747,4.562
176,71,0.6186,0.3814,CV,0.9736,0.9759,-3.253742108140991,-3.2626732193894306,-0.01723,-0.02207,8.0255
176,73,0.6181,0.3819,CV,0.829,0.8271,-3.6001901051161345,-3.6079256015405385,-0.00782,-0.03251,8.6591
176,74,0.6184,0.3816,CV,0.2493,0.2498,-2.414577170212534,-2.423258266472871,-0.00281,0.01616,4.6303
176,70,0.6063,0.3937,CV,36.6073,36.771,-25.534251520426253,-25.587493029015242,-0.15839,-0.21995,114.073
177,70,0.6098,0.3902,CV,20.7765,20.7728,-19.117032931688957,-19.10695478022786,0.79432,-0.65527,116.3255
177,71,0.6186,0.3814,CV,0.8563,0.8563,-3.1557845258743416,-3.164568182655256,0.04592,-0.01447,7.9851
177,73,0.6183,0.3817,CV,0.7114,0.7127,-3.4178874415906364,-3.426338081112273,0.0058,0.02378,8.7256
177,74,0.6184,0.3816,CV,1.0545,1.0564,-2.6607022322770457,-2.6690067694208235,-0.03187,-0.01817,4.591
178,71,0.6177,0.3823,CV,1.6541,1.6512,-4.155503610025082,-4.160726196132826,0.04827,-0.0076,7.7599
178,73,0.6184,0.3816,CV,0.725,0.726,-3.7712712404572923,-3.779716987008828,-0.04128,0.00586,8.7897
178,74,0.6186,0.3814,CV,0.745,0.7472,-2.692961577850747,-2.702025828938914,0.02334,-0.02196,4.6715
178,70,0.6139,0.3861,CV,18.681,18.7167,-15.126099020715548,-15.127966586165872,0.91872,-0.42745,110.6238
179,70,0.5815,0.4185,CV,64.7002,64.7543,-65.97100248649684,-65.8323387071962,-3.53697,-0.08055,125.0943
179,71,0.6189,0.3811,CV,0.3118,0.3191,-2.941574761075977,-2.952965259951251,0.03413,-0.00265,7.7392
179,73,0.6184,0.3816,CV,1.3453,1.3478,-3.5416806417331106,-3.550163546073089,0.03531,-0.02456,8.7439
179,74,0.6177,0.3823,CV,1.6169,1.6168,-3.2313898149504268,-3.2363611934617764,0.05762,0.00805,4.5709
180,71,0.6187,0.3813,CV,0.9754,0.9733,-3.591388706260638,-3.6002677159026146,0.02062,0.05927,7.6102
180,73,0.6185,0.3815,CV,0.9662,0.9672,-3.623448929001131,-3.6322909864496897,-0.03786,0.00309,8.7538
180,74,0.6167,0.3833,CV,1.5483,1.5452,-2.924761627863683,-2.9268753354967987,-0.01203,-0.05003,4.45
181,71,0.6184,0.3816,CV,2.3184,2.3238,-3.9651410094343085,-3.9731378375779665,0.01049,-0.02795,7.7966
181,73,0.6177,0.3823,CV,1.8458,1.8434,-3.834517827743623,-3.8397274745564616,0.01275,0.03745,8.5649
181,74,0.6171,0.3829,CV,1.7318,1.7332,-3.083499030648122,-3.088794383230454,-0.14514,-0.01732,4.4793
182,71,0.6185,0.3815,CV,0.7892,0.7891,-3.223565553834324,-3.2324056706203876,-0.04544,-0.01407,7.7894
182,73,0.6188,0.3812,CV,0.3368,0.3428,-3.1300147688918836,-3.1410194881545928,0.01911,0.00424,8.5895
182,74,0.619,0.381,CV,1.1378,1.145,-2.757467584467539,-2.770245261008334,-0.04279,0.0219,4.5655
183,71,0.6166,0.3834,CV,2.3192,2.3152,-4.956002400488705,-4.956609411459509,-0.0427,-0.0293,8.0487
183,73,0.6187,0.3813,CV,0.8139,0.8106,-3.199409781664458,-3.2085175443210616,-0.01424,0.02487,8.4981
183,74,0.6189,0.3811,CV,1.1314,1.1339,-2.753052571691356,-2.7624190466968566,0.04809,0.02281,4.5082
184,71,0.6185,0.3815,CV,2.2883,2.2984,-4.0749183821353,-4.086226123898259,0.017,-0.0239,7.7716
184,73,0.6186,0.3814,CV,1.9807,1.9851,-4.263373475434418,-4.2719781062092235,-0.04375,-0.08883,8.6322
184,74,0.6164,0.3836,CV,2.2695,2.2701,-3.7530154091752195,-3.7523127061497616,-0.00195,-0.10028,4.3029
185,71,0.6186,0.3814,CV,0.6751,0.6767,-3.1509831153992907,-3.159913919464617,-0.02806,0.01208,7.7443
185,73,0.6189,0.3811,CV,0.3784,0.3797,-3.3286725515418043,-3.338623475084621,-0.01092,-0.06124,8.588
185,74,0.6179,0.3821,CV,0.5689,0.5663,-1.9588185878899054,-1.968029007162927,-0.00881,-0.03152,4.2038
185,70,0.5,0.5,CA,98.2428,98.2743,-29.47387193948478,-29.35127852581583,3.34022,0.31013,138.049
186,71,0.6187,0.3813,CV,0.245,0.2435,-3.0518280299557436,-3.0612046912539483,-0.02958,0.01853,7.7759
186,73,0.6188,0.3812,CV,0.773,0.7742,-3.229764449379849,-3.23905749855765,-0.05224,-0.00934,8.5292
186,74,0.6188,0.3812,CV,0.243,0.2397,-1.8401651582616902,-1.850973708806121,-0.00499,-0.03835,4.1344
186,70,0.5583,0.4417,CV,8.5279,8.361,-7.768954926613899,-7.700754224562331,4.47809,0.04075,133.4643
187,71,0.6188,0.3812,CV,0.7178,0.7193,-3.1935820395680397,-3.203052337241719,0.03288,0.01604,7.7792
187,73,0.618,0.382,CV,2.1135,2.1151,-4.955819284968102,-4.961974366889418,0.06522,0.03495,8.2784
187,74,0.6173,0.3827,CV,2.4123,2.4165,-4.140916036084532,-4.144112803485242,-0.00019,0.11455,4.2094
187,70,0.5778,0.4222,CV,7.1994,6.9779,-7.830348679947903,-7.7579911443029355,5.12685,-0.5132,125.9713
188,71,0.6186,0.3814,CV,0.9721,0.9728,-3.2319230811726003,-3.240597639929584,-0.01467,0.03765,7.8816
188,73,0.6189,0.3811,CV,0.365,0.3709,-3.122619112783133,-3.133402020385768,0.04129,0.00678,8.2485
188,74,0.619,0.381,CV,0.9654,0.9721,-2.3036550633826485,-2.3161941912212063,0.00318,0.03589,4.0705
188,70,0.5923,0.4077,CV,5.2919,5.0571,-8.802385546453497,-8.760926166717583,4.79599,-0.76381,116.2434
189,71,0.6188,0.3812,CV,0.6,0.6028,-3.1637461194847414,-3.173397905110498,-0.02013,0.00679,7.8297
189,73,0.6191,0.3809,CV,0.4165,0.4195,-3.1502443914679676,-3.1607054376357344,-0.00349,0.00056,8.2218
189,74,0.6188,0.3812,CV,0.7063,0.7074,-2.1932130494766584,-2.202274872731545,0.03162,0.00933,4.0441
189,70,0.6041,0.3959,CV,4.2763,4.1051,-10.805789799756738,-10.792540157340483,3.72998,-1.18174,105.8272
190,71,0.6186,0.3814,CV,0.9627,0.9622,-3.21645424563807,-3.2249476559880352,-0.01423,-0.0014,7.6908
190,73,0.6181,0.3819,CV,1.8295,1.8288,-5.202879990230915,-5.208737029225578,0.01628,0.08581,7.9479
190,74,0.618,0.382,CV,1.1057,1.1049,-2.4236133374500213,-2.4296917095792034,0.00498,-0.02494,4.1009
190,70,0.5994,0.4006,CV,5.8544,5.666,-11.074612238610321,-11.024216431973388,3.65924,-1.04444,95.8242
190,84,0.7,0.3,CV,1.7856,1.7856,-5.333117509831893,-5.333117509831893,0.0,0.0,10.2061
191,71,0.6189,0.3811,CV,0.4443,0.4482,-3.068390260118022,-3.0785575125642066,-0.00727,-0.00227,7.7341
191,73,0.6181,0.3819,CV,2.6598,2.666,-4.299091284767348,-4.306479425284297,0.01416,0.04744,8.1838
191,74,0.6186,0.3814,CV,0.6965,0.7002,-2.3483505163449196,-2.3581676933130473,-0.00096,0.02241,4.035
191,70,0.5968,0.4032,CV,6.2913,6.1229,-11.017212837291563,-10.962739164136234,3.38509,-1.1466,88.0893
191,84,0.6479,0.3521,CV,1.5007,1.5007,-4.616982792390594,-4.629683743977553,0.63851,0.19349,13.6668
192,71,0.6188,0.3812,CV,0.7996,0.8001,-3.180823669453601,-3.1900142667741482,0.05084,-0.0014,7.7595
192,73,0.6185,0.3815,CV,1.5352,1.5394,-3.7164184657005013,-3.7258153245800134,-0.04181,0.07606,7.9981
192,70,0.5983,0.4017,CV,5.455,5.2848,-8.86160113538934,-8.817519732861143,3.00083,-1.04029,81.5052
192,74,0.6182,0.3818,CV,0.9392,0.9391,-2.760127406647206,-2.7671384002630326,0.02382,-0.02464,4.0631
192,84,0.6013,0.3987,CV,4.5596,4.5394,-6.254440783193518,-6.147151188273524,3.65484,1.0288,19.9359
193,71,0.6185,0.3815,CV,1.0747,1.0741,-4.693161930901455,-4.701464179631729,0.04949,-0.05367,7.6465
193,73,0.6179,0.3821,CV,1.9479,1.949,-3.9478312154014814,-3.9536417766873204,-0.01415,0.03074,8.1569
193,70,0.6159,0.3841,CV,3.7451,3.8161,-8.944083597554073,-8.971396463421877,1.52738,-0.61105,76.8041
193,74,0.6176,0.3824,CV,1.29,1.2896,-2.696240558113921,-2.7015381804162972,0.07145,0.04298,4.0856
194,71,0.6188,0.3812,CV,0.7653,0.7689,-3.435831278798243,-3.445783952585907,0.03442,0.00622,7.685
194,73,0.6185,0.3815,CV,1.1464,1.1512,-3.446627010010336,-3.456309963438507,-0.0524,-0.01569,8.0573
194,74,0.6185,0.3815,CV,0.8515,0.8553,-2.295693136498374,-2.30537458727768,0.03672,-0.00554,4.0126
194,70,0.6118,0.3882,CV,8.0853,8.0424,-9.017731879889917,-9.001829883190858,1.20892,-0.43758,75.0009
195,71,0.6187,0.3813,CV,0.6226,0.6221,-3.070902749575135,-3.0799290017374092,0.02055,0.04443,7.7071
195,73,0.6185,0.3815,CV,0.9751,0.9757,-3.18877878827698,-3.197176888073148,-0.04339,0.05373,7.9739
195,70,0.6121,0.3879,CV,5.6637,5.6138,-7.3917698524741695,-7.383373624341855,1.20071,-0.51254,70.7789
196,71,0.6187,0.3813,CV,0.2224,0.2201,-3.20828447284507,-3.2174367613844175,0.01056,0.04012,7.7002
196,73,0.6186,0.3814,CV,1.2241,1.2273,-3.466690965677052,-3.4759301475561113,0.05243,-0.00316,7.9485
196,70,0.6127,0.3873,CV,6.088,6.0556,-12.341636990589464,-12.33495432589472,1.03249,-0.55736,66.0099
197,71,0.618,0.382,CV,1.6648,1.665,-4.119337285991673,-4.1255868254571055,0.00418,-0.02098,7.9017
197,73,0.6187,0.3813,CV,0.8662,0.8669,-3.103808272513973,-3.113034342137616,0.00557,0.00872,7.8208
197,70,0.6104,0.3896,CV,5.8524,5.7958,-13.887952189112656,-13.871172590208651,1.06544,-0.59913,62.28
198,71,0.6173,0.3827,CV,1.5818,1.5776,-5.918787891203183,-5.923132221417845,-0.04454,0.01676,8.1353
198,73,0.6189,0.3811,CV,0.7071,0.7097,-3.0491614711136634,-3.0590558323168957,0.02307,-0.0226,7.8466
198,70,0.6181,0.3819,CV,3.0784,3.1259,-27.589857950571993,-27.608558193552064,0.36639,-0.31711,59.0905
198,84,0.5,0.5,CA,12.7284,12.7461,-9.811620945962948,-9.763755046787875,-0.32611,-1.65244,19.8936
198,74,0.5,0.5,CA,1.2697,1.2702,-3.83488244717228,-3.8456083699990806,-0.00268,0.00599,4.6635
199,71,0.6182,0.3818,CV,1.5186,1.5245,-3.9425264306366508,-3.951729691712181,-0.04421,-0.04827,8.0326
199,73,0.6184,0.3816,CV,1.2125,1.2114,-3.2986206371890403,-3.3060750794358307,0.04658,-0.05155,7.9593
199,70,0.6197,0.3803,CV,2.3133,2.339,-20.473363064190366,-20.48743440757089,0.10287,-0.10424,56.9092
199,74,0.5768,0.4232,CV,0.3534,0.3523,-2.406336972997597,-2.413602752064837,0.01866,0.0038,4.3725
199,84,0.5626,0.4374,CV,4.6223,4.592,-6.344704819084874,-6.294070437762889,-0.09173,-1.49254,18.549
200,71,0.6177,0.3823,CV,2.0209,2.0221,-4.462717350988207,-4.4684871216519175,-0.0315,0.00366,7.7931
200,73,0.6184,0.3816,CV,1.9333,1.9374,-4.0111881463984735,-4.0195364871960315,0.01271,-0.01995,7.6691
200,70,0.6164,0.3836,CV,6.6798,6.6746,-23.657821162207426,-23.65564369513395,0.59464,-0.10809,53.6995
200,74,0.6041,0.3959,CV,0.8597,0.8618,-2.437215806571018,-2.446447716547323,0.01728,0.02811,4.307
201,71,0.6185,0.3815,CV,0.9269,0.929,-3.1941222121734256,-3.2037339258344755,0.03783,0.04247,7.832
201,73,0.6182,0.3818,CV,1.7381,1.7404,-5.25925364928041,-5.2668021794017115,0.11092,-0.01019,7.7227
201,70,0.6025,0.3975,CV,11.548,11.5156,-30.00408911275193,-29.94837841606248,1.24818,-0.37405,49.7014
201,74,0.0,1.0,CA,243.1877,243.1871,-16725.66423119883,-16618.82359880256,17.33377,-3.43406,5.0618
202,71,0.6187,0.3813,CV,0.6204,0.6178,-3.137392765135507,-3.146675062004159,0.04245,0.067,7.8738
202,73,0.6183,0.3817,CV,1.2376,1.2382,-3.4812824302785335,-3.489531610132724,0.04676,-0.08564,7.7688
202,70,0.605,0.395,CV,5.1789,5.1148,-16.99244600262753,-16.9680580669711,1.26033,-0.26698,47.3214
202,74,0.8139,0.1861,CV,151.8267,152.1801,-6224.044954215257,-6225.925691881277,-0.62148,0.10053,4.8779
203,71,0.619,0.381,CV,0.7106,0.7139,-3.152004151671271,-3.162415717202952,-0.02441,0.02392,7.8747
203,73,0.6186,0.3814,CV,1.3431,1.3466,-3.325508082865943,-3.3345991228133727,-0.05993,-0.02566,7.7552
203,70,0.6026,0.3974,CV,6.9109,6.8508,-12.31776662499937,-12.279296082288642,1.41789,-0.08716,45.3059
203,74,0.0,1.0,CA,49.341,49.2602,-725.7972195441278,-713.4016558391146,-4.9063,0.91519,5.6106
204,71,0.6189,0.3811,CV,0.3576,0.3558,-3.1089905110090634,-3.118616945227924,-0.03121,0.03339,7.8653
204,73,0.6187,0.3813,CV,0.5976,0.6003,-3.2539135788019937,-3.2634012422612257,-0.01608,0.01991,7.7403
204,70,0.6054,0.3946,CV,4.5895,4.5164,-12.415964265307458,-12.392797493027684,1.30608,-0.07029,43.2325
204,74,0.1094,0.8906,CA,19.5258,19.426,-113.27295032068663,-111.58145846610756,-7.61227,1.31676,5.999
205,71,0.6184,0.3816,CV,1.6784,1.68,-3.929505506851421,-3.9368628559871715,0.02746,-0.0019,8.0611
205,73,0.6187,0.3813,CV,0.3387,0.3374,-3.0459415424630425,-3.0549600986885865,-0.0292,0.02368,7.7297
205,70,0.6165,0.3835,CV,1.7333,1.7905,-11.049817738019652,-11.069405581582828,0.6503,-0.04703,41.4388
205,74,0.2793,0.7207,CA,5.9725,5.7724,-12.670515755114081,-11.970791571328288,-8.94454,1.5703,6.9595
206,71,0.6183,0.3817,CV,0.7512,0.7487,-3.5920564167629965,-3.5999020475487655,-0.01485,0.01275,8.175
206,73,0.6185,0.3815,CV,1.0609,1.0617,-3.2769826043688375,-3.28517700616031,0.00049,-0.03283,7.8274
206,70,0.6184,0.3816,CV,2.0506,2.0562,-8.643496518799722,-8.654507265064348,0.33718,-0.09226,40.0787
206,74,0.5157,0.4843,CV,0.323,0.5463,-2.4591420916848774,-2.530792110281729,-7.36366,1.2545,8.3471
207,71,0.6186,0.3814,CV,1.4517,1.4564,-3.597997743288738,-3.6071937758810932,-0.01993,-0.01432,7.9981
207,73,0.618,0.382,CV,1.0663,1.063,-3.839353375544912,-3.8459344413925995,-0.01806,-0.03547,7.9908
207,70,0.6177,0.3823,CV,4.0356,4.035,-8.886221509795572,-8.891757696690233,0.0511,-0.10055,39.4917
207,74,0.6352,0.3648,CV,1.8432,2.0757,-3.3207151860274706,-3.550565379378094,-2.9901,0.64785,9.28
208,71,0.6185,0.3815,CV,0.7092,0.7072,-3.210251541676381,-3.2186240492564036,-0.01457,-0.04451,7.9368
208,73,0.6185,0.3815,CV,0.4773,0.4818,-3.2126703174560456,-3.221888932387987,-0.01784,-0.02565,7.9705
208,70,0.6176,0.3824,CV,7.0275,7.0445,-7.7339391713340335,-7.739784131217251,0.23459,-0.04918,36.0704
208,74,0.6413,0.3587,CV,2.67,2.7766,-4.185846409398096,-4.267410476350648,0.5057,-0.04054,9.3699
208,84,0.5,0.5,CA,46.4865,46.4865,-38.29799838065964,-38.20426837919053,0.8094,-0.11017,13.2668
209,71,0.6188,0.3812,CV,0.5991,0.6028,-3.1327308413217816,-3.1427037015874646,-0.00829,-0.01271,8.0385
209,73,0.6179,0.3821,CV,1.3483,1.3465,-3.9539650777237183,-3.9601032772588876,-0.0364,-0.01528,8.1845
209,70,0.6184,0.3816,CV,4.3383,4.3509,-6.658396235770153,-6.667743576704352,-0.15703,0.19991,34.5643
209,74,0.6183,0.3817,CV,2.6338,2.6211,-4.659720846141252,-4.633581122333324,1.26911,-0.3079,8.6034
209,84,0.5597,0.4403,CV,4.5608,4.5234,-10.592311395387142,-10.529967837814198,0.97372,-0.07663,12.0349
209,85,0.7,0.3,CV,8.1537,8.1537,-7.974627781467876,-7.974627781467876,0.0,0.0,72.961
210,71,0.6188,0.3812,CV,0.5766,0.5769,-3.1585599985914463,-3.1680978722583655,-0.00349,-0.00321,7.9845
210,73,0.6185,0.3815,CV,1.1235,1.1285,-3.411986489232148,-3.4214107588529066,-0.03076,-0.00738,8.1221
210,70,0.6175,0.3825,CV,5.2396,5.246,-6.888051947025318,-6.892419701558421,0.06234,0.20978,34.3933
210,74,0.6112,0.3888,CV,1.3123,1.2585,-2.6657529444860817,-2.6438998285821262,1.27875,-0.21874,8.087
210,85,0.6443,0.3557,CV,10.0561,10.0561,-9.364475920924711,-9.361473737034839,3.31714,-1.00449,103.6685
210,84,0.5838,0.4162,CV,4.6891,4.6654,-7.817381740715282,-7.767221416030513,0.93315,-0.14982,12.2146
211,71,0.6188,0.3812,CV,0.4386,0.4375,-3.721220688683703,-3.730680940688158,-0.00031,-0.02827,7.9447
211,73,0.6182,0.3818,CV,1.5404,1.5417,-3.54666771021936,-3.554152245226584,0.08284,-0.00208,8.1037
211,70,0.6181,0.3819,CV,1.3519,1.3427,-7.930464995216182,-7.939069625223127,0.12217,0.16971,33.1776
211,74,0.6178,0.3822,CV,1.0112,0.9979,-2.608845336030336,-2.62531372910186,0.84571,-0.10451,7.6615
211,85,0.6346,0.3654,CV,6.1347,6.0892,-8.173300408737632,-8.212352565908962,4.15169,-5.81907,151.0839
211,84,0.5849,0.4151,CV,4.808,4.7622,-9.081482714248613,-9.000996273441011,1.12882,-0.11837,11.8608
212,71,0.6186,0.3814,CV,1.0374,1.0367,-3.684658917699218,-3.693285503947826,0.00168,0.0292,7.8231
212,73,0.6168,0.3832,CV,2.6579,2.6577,-4.2766101053214784,-4.278251886629155,-0.02807,0.0015,7.8141
212,70,0.616,0.384,CV,4.1388,4.1243,-11.913685946609892,-11.912353642821564,0.1861,0.2774,32.7574
212,74,0.6092,0.3908,CV,1.7298,1.6929,-3.2874518979003624,-3.2579638743142962,0.86908,-0.16716,7.1141
212,85,0.6191,0.3809,CV,10.0593,9.996,-8.203010507182983,-8.190256368583036,3.06883,-2.93822,190.7294
212,84,0.5936,0.4064,CV,3.0826,3.0337,-5.121747207864226,-5.075394943921182,1.04073,0.04827,11.5448
213,71,0.6189,0.3811,CV,0.9073,0.9102,-3.1295857387206687,-3.1395566239829704,-0.05227,0.00344,7.8539
213,73,0.6158,0.3842,CV,1.7798,1.7702,-3.4970029854739297,-3.496747286090023,-0.07573,0.06898,7.5947
213,70,0.6159,0.3841,CV,3.3093,3.293,-7.9152207688436285,-7.916488311849815,0.0454,0.35082,32.3497
213,74,0.6153,0.3847,CV,0.9213,0.9093,-2.501954144226471,-2.510667540091844,0.55865,-0.15713,6.7785
213,84,0.585,0.415,CV,4.5167,4.4637,-8.766088593022472,-8.671374493077666,1.20085,-0.02631,11.3232
213,85,0.624,0.376,CV,4.5209,4.0424,-7.656380537928344,-7.687337369095921,2.02508,-3.18741,210.2313
214,71,0.6187,0.3813,CV,1.13,1.1318,-3.33973344985492,-3.3486689490396273,0.00559,0.02194,7.9689
214,73,0.6189,0.3811,CV,0.4689,0.483,-2.787271315537906,-2.8017200887813276,-0.02786,0.02912,7.577
214,70,0.6155,0.3845,CV,3.2541,3.2323,-17.259861682573746,-17.259699602160502,-0.02397,0.38476,32.1098
214,74,0.6189,0.3811,CV,0.9142,0.9191,-2.573852004972399,-2.5890634155339005,0.29693,-0.13896,6.363
214,84,0.5936,0.4064,CV,2.6442,2.584,-4.357252228598622,-4.310820677349729,1.07225,0.0512,11.121
214,85,0.6427,0.3573,CV,11.8762,12.3067,-9.443417727141803,-9.547974636205074,0.08617,-0.11636,202.3475
215,71,0.6186,0.3814,CV,0.69,0.6892,-3.2478549648215296,-3.2564289086229494,-0.03127,-0.00647,8.0095
215,73,0.6189,0.3811,CV,1.9008,1.9053,-3.8875664164012242,-3.896972391775324,0.11252,0.01208,7.622
215,74,0.6141,0.3859,CV,2.1331,2.1242,-3.706582419855877,-3.6960627771564036,0.38321,-0.03333,6.1234
215,84,0.5963,0.4037,CV,2.9096,2.8553,-6.139658808518181,-6.09170797498208,1.00757,0.03419,11.0407
215,70,0.6144,0.3856,CV,5.1137,5.0993,-15.826612799338625,-15.822408312263082,0.22694,0.44473,31.8786
216,71,0.6182,0.3818,CV,1.1435,1.142,-3.3896627843221174,-3.3966650445938766,0.02004,-0.03543,8.1269
216,73,0.6189,0.3811,CV,0.6271,0.6251,-3.045953054084593,-3.055542283446862,0.07967,-0.02259,7.5878
216,70,0.6139,0.3861,CV,4.0049,3.9772,-11.431437044936743,-11.42668935704083,0.18562,0.51041,31.8965
216,84,0.6099,0.3901,CV,1.7721,1.7633,-3.703434691195156,-3.70838664288794,0.65362,0.15966,10.7698
216,74,0.6132,0.3868,CV,1.4592,1.4423,-2.848094552085467,-2.840586613775477,0.35815,-0.00535,5.8184
217,71,0.618,0.382,CV,1.0468,1.045,-3.3983954371695493,-3.4054817165040494,0.07438,-0.00909,8.2043
217,73,0.6177,0.3823,CV,1.7186,1.7164,-3.535106804336131,-3.539889501835237,0.04796,0.00233,7.729
217,70,0.615,0.385,CV,3.3485,3.3292,-6.503895641738258,-6.504469757720484,0.18907,0.4848,31.2373
217,74,0.6182,0.3818,CV,0.8314,0.8442,-2.4187953531914337,-2.4340763295432364,0.16662,-0.02291,5.6642
217,85,0.5,0.5,CA,67.6568,67.6531,-85.87992962523899,-85.01810157340536,10.40606,-2.94667,173.1673
218,71,0.6184,0.3816,CV,1.5587,1.5632,-4.074201419692489,-4.083143832438355,0.01718,-0.00101,8.0309
218,73,0.6184,0.3816,CV,0.3133,0.3169,-3.178798701417178,-3.188051729034666,0.02501,-0.01626,7.6889
218,70,0.6167,0.3833,CV,4.1182,4.1221,-7.494525290874111,-7.500617333072895,-0.15559,0.35044,31.2899
218,74,0.6191,0.3809,CV,0.725,0.7307,-2.773093174839727,-2.784760299717139,0.06846,0.00336,5.4291
219,71,0.6187,0.3813,CV,0.4517,0.4536,-3.1383318858757048,-3.1476943601889134,0.00089,-0.02585,8.0792
219,73,0.6175,0.3825,CV,2.3513,2.3529,-5.6301826938353825,-5.6346570914478225,-0.13456,0.00907,7.6452
219,70,0.6144,0.3856,CV,6.9696,6.9631,-8.667920865009922,-8.661797727630468,-0.396,0.15499,32.5912
219,74,0.6186,0.3814,CV,0.7418,0.7405,-2.374836452550214,-2.3829114870068433,0.07774,0.00387,5.3289
219,85,0.5,0.5,CA,59.9542,59.4538,-48.53778501062406,-47.06408281653378,18.21178,-5.46602,140.2199
220,71,0.6184,0.3816,CV,1.11,1.1087,-3.2964143175401435,-3.304421693451341,0.05131,-0.05128,8.0294
220,73,0.6176,0.3824,CV,2.4309,2.4352,-4.066669195344379,-4.073116539940234,0.03588,-0.03513,7.8467
220,70,0.6101,0.3899,CV,8.8154,8.7879,-11.946090887478602,-11.925104001327778,-0.44153,0.07697,35.1147
220,85,0.5918,0.4082,CV,5.762,5.9155,-23.721042435850084,-23.790217690954826,11.87072,-4.27067,136.4176
220,74,0.618,0.382,CV,1.029,1.0268,-2.5835893405663994,-2.589968525075319,0.10063,-0.02573,5.1476
221,73,0.6177,0.3823,CV,1.1204,1.1181,-3.6698606952782273,-3.676390255801942,-0.02796,-0.05733,7.9768
221,70,0.6168,0.3832,CV,11.8621,11.9026,-10.283621225157658,-10.297465534119402,-0.00015,0.25998,32.0957
221,74,0.6183,0.3817,CV,0.5691,0.5673,-2.5489485029357124,-2.5572559898363814,0.06133,-0.0526,5.007
221,85,0.6441,0.3559,CV,12.9306,13.4804,-39.34444660421578,-39.50239082747572,-2.70229,0.57853,120.6525
221,84,0.5,0.5,CA,113.1221,113.1133,-584.5270893154698,-578.9934879583317,5.51372,1.27041,9.1536
221,71,0.6176,0.3824,CV,1.8379,1.8359,-3.908619000919312,-3.9135491869295613,-0.01086,-0.01231,7.7816
222,71,0.6189,0.3811,CV,0.3352,0.3425,-2.8717424546018155,-2.883322063084213,-0.02023,0.00032,7.7639
222,73,0.6184,0.3816,CV,1.2597,1.2655,-3.4202655043174346,-3.4296457049905333,0.01206,0.02598,7.932
222,70,0.6055,0.3945,CV,9.6359,9.6188,-14.394750001448713,-14.350917169081306,-0.03156,0.56284,29.608
222,74,0.6173,0.3827,CV,1.5403,1.5393,-2.8745150461551225,-2.878478070324807,0.10325,0.03871,4.8187
222,85,0.571,0.429,CV,14.9355,14.8422,-28.700453302290846,-28.473575163299465,-7.16709,2.04168,111.2331
223,71,0.6191,0.3809,CV,1.1533,1.1574,-3.355425181383147,-3.3659591220783156,0.04022,0.00401,7.8446
223,73,0.6185,0.3815,CV,0.6061,0.606,-3.258136735307141,-3.2666286043322383,0.04144,0.01329,7.9428
223,70,0.6139,0.3861,CV,4.9857,4.9998,-12.758104755001419,-12.766470784003285,-0.52338,0.38991,29.7042
223,74,0.6182,0.3818,CV,0.8135,0.8148,-2.50226953717148,-2.5114690396634707,0.08954,-0.01204,4.7646
223,85,0.5588,0.4412,CV,11.1844,10.8766,-26.414407799169297,-26.24578832999399,-7.26313,1.94086,106.8692
224,71,0.6185,0.3815,CV,1.3027,1.3024,-3.978825657161685,-3.986573653125745,-0.01144,0.03026,7.9535
224,73,0.6184,0.3816,CV,1.0191,1.0185,-3.9637488381672026,-3.9719417265858636,0.03496,-0.01827,7.8802
224,70,0.6155,0.3845,CV,2.2846,2.2487,-18.81428323478376,-18.816964198127703,-0.50913,0.29462,28.9133
224,74,0.6185,0.3815,CV,0.3603,0.3574,-2.1666977619518684,-2.17554641193561,0.06779,-0.02068,4.705
224,85,0.5726,0.4274,CV,7.509,7.1602,-22.812423249188083,-22.7179185370155,-6.47993,1.66263,104.1866
225,71,0.6186,0.3814,CV,0.6622,0.6634,-3.177249304479481,-3.1864138861459494,-0.01977,0.05254,7.8772
225,73,0.6185,0.3815,CV,0.6042,0.6013,-4.108957365139568,-4.117855426334437,0.0488,0.00953,7.8679
225,70,0.61,0.39,CV,8.626,8.6253,-14.45809098639522,-14.435095268820145,-0.79914,-0.05404,29.5826
225,74,0.6183,0.3817,CV,0.9255,0.9262,-2.4433829150829105,-2.451310978807602,0.02411,0.00769,4.7147
225,85,0.6034,0.3966,CV,3.6935,3.6459,-22.37202030530358,-22.38431121347055,-4.41161,0.97938,99.1092
226,71,0.618,0.382,CV,1.505,1.5047,-4.775175292085652,-4.781589460309618,-0.01563,-0.00702,8.0344
226,73,0.6183,0.3817,CV,1.8235,1.8259,-3.6901310173073654,-3.697882209802911,-0.10418,-0.01347,7.8771
226,70,0.6054,0.3946,CV,6.8539,6.8096,-13.920073036924197,-13.886039186236552,-0.87833,-0.30246,29.8795
226,74,0.6186,0.3814,CV,1.2454,1.2489,-3.009849137623275,-3.0188757196046865,0.0128,-0.01448,4.5324
226,85,0.6167,0.3833,CV,1.4986,1.5739,-22.397356963025736,-22.4207833883167,-2.57768,0.5614,94.4753
227,71,0.6185,0.3815,CV,0.3312,0.3363,-3.584293571659355,-3.5935234722699683,-0.01023,0.00462,8.0338
227,73,0.6145,0.3855,CV,3.237,3.2331,-4.862035896924063,-4.853933819528486,-0.17052,0.13519,7.56
227,70,0.6175,0.3825,CV,8.3889,8.4354,-9.167436439127691,-9.191319479020194,0.08542,-0.27994,29.2631
227,74,0.6184,0.3816,CV,0.8263,0.826,-2.5352638189417096,-2.543325538927189,-0.04196,0.01179,4.4237
227,85,0.6213,0.3787,CV,3.303,3.3569,-21.208000814279604,-21.23097378782189,-1.29209,0.28384,88.8727
228,71,0.6186,0.3814,CV,0.965,0.9673,-3.255341432389679,-3.2641768586750675,-0.00576,-0.01973,7.915
228,73,0.6187,0.3813,CV,2.6407,2.655,-4.90295902368819,-4.91848611144278,-0.06829,0.0024,7.7903
228,70,0.6166,0.3834,CV,4.8287,4.829,-7.228417353158525,-7.230509048626829,0.39875,-0.0936,28.6419
228,74,0.6188,0.3812,CV,0.2674,0.2685,-2.035508185137573,-2.0455960359804224,-0.00693,0.01285,4.3578
228,85,0.6214,0.3786,CV,1.8925,1.9164,-26.560057094091427,-26.57702877390852,-0.61028,0.20814,83.9843
229,71,0.6183,0.3817,CV,1.0816,1.0797,-3.2206360309853364,-3.228258417926464,-0.00261,-0.01967,7.7759
229,73,0.619,0.381,CV,1.341,1.3448,-3.290046585874052,-3.300365145463827,-0.0227,-0.03059,7.6176
229,70,0.617,0.383,CV,3.9464,3.947,-11.92666452063192,-11.931543153529283,0.30796,0.16603,27.6639
229,74,0.6188,0.3812,CV,0.7989,0.8007,-2.262982180657451,-2.2722935341148753,-0.01797,0.00783,4.3734
229,85,0.6207,0.3793,CV,1.0674,1.0622,-17.894989637069237,-17.90841175017882,-0.34106,0.171,79.6852
230,71,0.6189,0.3811,CV,0.5506,0.5552,-3.38277485937392,-3.393290246436006,-0.00062,0.01413,7.8209
230,73,0.6187,0.3813,CV,1.2986,1.3005,-4.111560339889909,-4.120347541992821,-0.03072,-0.05476,7.6723
230,70,0.6173,0.3827,CV,2.2796,2.2677,-8.307672631802301,-8.313255101622804,0.22732,0.2723,27.251
230,74,0.6186,0.3814,CV,0.5083,0.5076,-2.4107305886584864,-2.419392139358389,-0.00875,-0.02221,4.3609
230,85,0.6196,0.3804,CV,2.5937,2.5824,-17.041621857890625,-17.051594541089536,-0.22828,0.22894,75.2433
231,71,0.6186,0.3814,CV,1.1592,1.1591,-3.215946562719543,-3.2245401487648424,0.00061,-0.06577,7.7377
231,73,0.6181,0.3819,CV,1.6334,1.6331,-3.6089641996057833,-3.6154964369611102,0.08339,-0.06959,7.7146
231,70,0.6168,0.3832,CV,2.5063,2.4883,-12.608122483145378,-12.611330779225408,0.27712,0.25792,26.5034
231,74,0.617,0.383,CV,2.0747,2.0759,-5.024878046871463,-5.0269923969949355,0.08131,-0.07653,4.1715
231,85,0.6192,0.3808,CV,1.6604,1.6445,-15.054372589437557,-15.0641056667869,-0.18414,0.16937,71.3239
232,71,0.6189,0.3811,CV,0.1865,0.1852,-3.0820673137720362,-3.0921695103813422,0.00128,-0.03351,7.6693
232,73,0.6177,0.3823,CV,1.0514,1.0457,-3.4452697886121015,-3.4512134846447062,0.08444,-0.05048,7.8061
232,70,0.6163,0.3837,CV,6.2745,6.2832,-6.95770340055417,-6.9596531929047725,0.26497,0.01783,27.3625
232,74,0.6186,0.3814,CV,0.6427,0.6479,-2.1601417698355845,-2.1714498610726904,0.05165,-0.00748,4.1456
232,85,0.6182,0.3818,CV,4.994,4.9947,-7.286043213294331,-7.292508011966758,-0.14956,0.36823,69.7014
233,71,0.6186,0.3814,CV,1.6983,1.7014,-3.494550870255863,-3.5027719021123795,0.00156,0.03706,7.8273
233,73,0.6183,0.3817,CV,1.2499,1.254,-3.7887256698593217,-3.7976974900036886,-0.01009,0.01839,7.855
233,74,0.6188,0.3812,CV,0.2631,0.2629,-1.9798864520253197,-1.989686323498654,0.03448,-0.01691,4.1253
233,85,0.618,0.382,CV,5.111,5.1162,-10.132533133403463,-10.139524997656189,0.17344,0.2917,65.9668
233,70,0.6115,0.3885,CV,6.9808,6.9587,-9.88112411165175,-9.863304760410827,0.50191,0.0789,28.2853
234,71,0.6186,0.3814,CV,0.7884,0.7895,-3.332183241809231,-3.341285291013272,0.05179,0.01819,7.7975
234,73,0.6179,0.3821,CV,2.3448,2.3482,-4.106265710437213,-4.1124195579496075,-0.02861,0.05787,7.5504
234,70,0.6033,0.3967,CV,11.0045,10.9821,-18.771257196187648,-18.726235547804578,0.95202,0.14534,27.5603
234,74,0.6185,0.3815,CV,0.8435,0.8431,-2.3143590950797734,-2.3225432929633403,0.05174,0.0146,4.0104
234,85,0.6177,0.3823,CV,4.1541,4.1485,-11.1885805781162,-11.194372147745973,-0.00731,0.162,62.118
235,71,0.6186,0.3814,CV,0.2803,0.2784,-3.7843725798317367,-3.7933459488835206,0.04659,0.00974,7.7545
235,73,0.618,0.382,CV,1.0116,1.0092,-3.1159032989621926,-3.1234899779946304,-0.07824,0.07824,7.5259
235,70,0.6171,0.3829,CV,9.315,9.3605,-9.124749945890498,-9.149705498698786,-0.00302,0.15682,28.2402
235,74,0.6189,0.3811,CV,0.6663,0.6692,-2.5402810956572264,-2.550503872788431,0.01454,0.01716,4.0079
235,85,0.6145,0.3855,CV,6.5628,6.5428,-24.50174418887562,-24.4945377962945,0.24757,0.22543,57.7171
236,71,0.6187,0.3813,CV,0.7052,0.7078,-3.1776459628116465,-3.187017717627421,-0.02025,0.00569,7.7433
236,73,0.6184,0.3816,CV,2.2498,2.2557,-4.739964327107659,-4.748664650116585,0.10074,0.00522,7.6315
236,70,0.613,0.387,CV,8.7212,8.7133,-10.644183874801458,-10.631709524040051,-0.27843,-0.03476,30.4266
236,74,0.6189,0.3811,CV,0.5862,0.5877,-2.0217515575292215,-2.0315491029457577,0.00426,-0.01373,3.9197
236,85,0.613,0.387,CV,4.8351,4.7953,-26.92973835221265,-26.920841926193617,0.37271,0.24266,53.6002
237,71,0.6186,0.3814,CV,1.0059,1.0065,-4.728515335257258,-4.737244683387772,0.02263,0.03002,7.6315
237,73,0.6187,0.3813,CV,0.7448,0.7459,-3.0623092219511996,-3.0719312874240554,0.05868,-0.03859,7.5568
237,70,0.6162,0.3838,CV,2.7279,2.7313,-9.853852824341113,-9.860740655864483,-0.03002,-0.03362,31.377
237,74,0.6188,0.3812,CV,0.416,0.4154,-2.374730429730585,-2.38407589497017,0.03026,-0.01505,3.8511
237,85,0.6177,0.3823,CV,4.6592,4.6812,-17.298544965559188,-17.31204200837645,0.3191,0.39445,51.8209
238,71,0.6187,0.3813,CV,0.9394,0.9409,-3.1272069911786917,-3.136249853204317,-0.02987,0.05258,7.6744
238,73,0.6187,0.3813,CV,0.4231,0.4193,-3.144911507428281,-3.1539414435966697,0.05981,-0.03546,7.4966
238,70,0.6146,0.3854,CV,5.5761,5.5568,-17.29675485228144,-17.292309951066628,-0.1232,-0.06445,33.3857
238,74,0.6189,0.3811,CV,0.1727,0.1716,-2.220453193898729,-2.2302680246990936,0.02808,-0.00982,3.8031
238,85,0.6177,0.3823,CV,3.1341,3.1202,-16.61578888660796,-16.622045537890813,0.09838,0.48268,49.0475
239,71,0.6185,0.3815,CV,1.1515,1.1524,-3.894929921135617,-3.9032051162141004,-0.03315,-0.0094,7.8048
239,73,0.6183,0.3817,CV,1.4679,1.4688,-3.6048980254938954,-3.6123370058105286,0.04136,-0.02304,7.6661
239,70,0.6177,0.3823,CV,4.617,4.6402,-11.749536377219606,-11.76026661336396,0.04857,0.10497,33.5532
239,74,0.6186,0.3814,CV,0.8936,0.8946,-2.1872510509086296,-2.19559526383808,-0.00602,-0.00463,3.8308
239,85,0.6169,0.3831,CV,3.5443,3.5267,-13.802363311605193,-13.80536670306186,-0.03536,0.52688,46.9192
240,71,0.6187,0.3813,CV,0.8102,0.8138,-3.214989990589415,-3.2245377995086217,0.025,0.0037,7.7537
240,73,0.6186,0.3814,CV,1.2988,1.3025,-3.3480196884386597,-3.3573090040889553,0.0491,0.03829,7.5426
240,70,0.6181,0.3819,CV,1.6283,1.6348,-11.550646505407617,-11.558879001468297,0.02079,0.065,33.89
240,85,0.6167,0.3833,CV,2.952,2.9295,-12.385540926545609,-12.388814800815615,0.0902,0.51315,44.6063
240,74,0.6184,0.3816,CV,0.9546,0.9555,-2.5352347792561782,-2.5433091650484787,-0.06203,-0.00092,3.7573
241,71,0.6183,0.3817,CV,1.4677,1.4687,-4.897397817332786,-4.904737715551,-0.07054,-0.02047,7.8271
241,73,0.6172,0.3828,CV,2.1959,2.1952,-3.9138055060828973,-3.9168728288527763,-0.02188,0.09718,7.2551
241,70,0.6181,0.3819,CV,2.4887,2.4862,-9.662476397386499,-9.669704560087347,-0.07367,0.15972,34.6458
241,74,0.6175,0.3825,CV,1.4785,1.4787,-3.081433295450087,-3.0858508539692844,-0.02765,0.02553,3.8449
241,85,0.6156,0.3844,CV,4.6815,4.6669,-8.246428591921033,-8.245317658267835,0.37724,0.44638,42.7653
242,71,0.6187,0.3813,CV,0.6697,0.6734,-3.6191039844568684,-3.628713341256972,-0.02143,-0.02077,7.7797
242,73,0.6177,0.3823,CV,0.846,0.8391,-3.222587600056153,-3.229741941179906,-0.06311,0.07994,7.1296
242,74,0.6173,0.3827,CV,0.7847,0.7803,-2.5815963526635937,-2.586784824496071,-0.01002,0.048,3.9031
242,85,0.6152,0.3848,CV,3.48,3.4516,-9.677859373567049,-9.676669620771888,0.44346,0.41143,40.7793
243,71,0.6187,0.3813,CV,0.5719,0.5726,-4.1792326607616666,-4.188201046355976,-0.00427,-0.01499,7.8595
243,73,0.6187,0.3813,CV,1.5012,1.5068,-3.5860359261908865,-3.5967649305313363,-0.02472,0.07852,7.2396
243,85,0.6159,0.3841,CV,2.5645,2.5384,-8.961076078759435,-8.963721014754542,0.32439,0.4304,39.2886
243,70,0.5,0.5,CA,10.8389,10.8368,-8.851277112909376,-8.839681659729052,0.57836,0.46924,38.5466
243,74,0.618,0.382,CV,1.5838,1.5879,-2.8655549830780203,-2.8737650983641005,0.04809,0.03972,3.7632
244,71,0.6187,0.3813,CV,0.5945,0.5961,-3.1239340318290045,-3.133295521792923,0.00178,-0.00945,7.8149
244,73,0.6188,0.3812,CV,0.5024,0.4993,-3.749245455986637,-3.758653134227555,-0.01029,0.0794,7.1658
244,74,0.6187,0.3813,CV,0.6909,0.6946,-2.0992513186152673,-2.1091850303264335,-0.00502,-0.00073,3.7788
244,85,0.6156,0.3844,CV,4.2023,4.188,-8.897913571018545,-8.897949917655495,0.13722,0.48356,38.6159
244,70,0.575,0.425,CV,12.846,12.8787,-12.530046504574713,-12.529903118894147,-0.65511,0.22242,37.4803
245,71,0.6187,0.3813,CV,0.6572,0.6585,-3.331387686044725,-3.340511201117224,0.00345,0.02033,7.895
245,73,0.6169,0.3831,CV,2.2167,2.2146,-5.003531439138259,-5.004726051064316,-0.08956,0.13591,6.878
245,74,0.6182,0.3818,CV,0.9464,0.9462,-2.562018290821063,-2.5692172781454508,0.01202,0.01512,3.8756
245,85,0.6152,0.3848,CV,5.5746,5.5675,-6.820554683483075,-6.8195214257136385,-0.11389,0.30721,38.824
245,88,0.7,0.3,CV,3.0234,3.0234,-4.696194155310106,-4.696194155310106,0.0,0.0,6.7377
246,71,0.6187,0.3813,CV,0.2181,0.2165,-3.2796307988813993,-3.2887651592287512,0.00373,0.02096,7.957
246,73,0.6187,0.3813,CV,0.7347,0.7412,-2.826475682650382,-2.838232909681847,-0.07637,0.0386,6.8175
246,74,0.6186,0.3814,CV,0.8311,0.8335,-2.922382823819273,-2.931590865371672,0.01419,-0.0366,3.8457
246,85,0.6168,0.3832,CV,3.4744,3.4749,-8.872344133486584,-8.878741116978656,-0.02961,0.36836,37.377
246,88,0.6338,0.3662,CV,5.7346,5.7346,-9.089775828471517,-9.041053688532614,2.89722,0.54444,9.1177
246,70,0.5,0.5,CA,7.8276,7.8001,-7.713651907209632,-7.701504544306785,-0.53773,0.37984,39.0064
247,71,0.6187,0.3813,CV,0.7377,0.739,-3.164490521533001,-3.1736718667227857,0.00359,0.0147,7.8786
247,73,0.6138,0.3862,CV,3.0467,3.0424,-4.827512976443838,-4.815882922960234,-0.23385,0.02721,6.4686
247,74,0.6183,0.3817,CV,1.0753,1.0767,-2.552046545081174,-2.55969140286233,0.01184,0.03781,3.9013
247,85,0.6179,0.3821,CV,1.4951,1.4942,-5.338816616540394,-5.347309570314239,-0.10016,0.23861,36.2423
247,88,0.5479,0.4521,CV,4.8953,4.8212,-7.506149844458087,-7.201144368741903,5.89751,2.87847,14.8202
247,70,0.5652,0.4348,CV,7.0221,6.9752,-7.62088113549555,-7.580697697761752,-0.72843,0.18517,36.3731
248,71,0.6182,0.3818,CV,1.3081,1.3064,-3.5363030197646155,-3.5434415081868016,-0.05133,0.03571,7.7441
248,73,0.6185,0.3815,CV,1.1442,1.1552,-2.7152154627920995,-2.7307848867638236,-0.08374,-0.05964,6.343
248,74,0.6181,0.3819,CV,1.5015,1.504,-2.877859434107572,-2.885060319849029,-0.043,0.01776,3.7923
248,85,0.6182,0.3818,CV,1.0754,1.0622,-6.915308478156205,-6.923407390444034,-0.08248,0.21248,35.6207
248,88,0.4973,0.5027,CA,3.5242,3.2483,-5.544084271310018,-5.1621693323593645,7.69001,4.17563,20.8788
248,70,0.6029,0.3971,CV,7.9736,8.0245,-13.355175775634095,-13.376244844080507,-0.83136,-0.2261,37.7485
249,71,0.6186,0.3814,CV,1.8781,1.8839,-3.894872861668782,-3.904390249588287,0.06277,-0.02619,7.892
249,73,0.6164,0.3836,CV,3.3046,3.3097,-5.501801382420482,-5.501426668825877,0.15685,-0.09627,6.4124
249,74,0.6188,0.3812,CV,0.6736,0.6775,-2.141100322094371,-2.1516435818982917,0.01615,0.00695,3.813
249,85,0.6176,0.3824,CV,2.6763,2.6642,-5.755652304374779,-5.760700203261195,-0.13024,0.29953,35.094
249,88,0.4797,0.5203,CA,3.115,2.7147,-4.805652245306508,-4.425815811622471,8.97792,5.4495,25.1647
249,70,0.6051,0.3949,CV,10.5171,10.5448,-10.862190951286266,-10.837561573898963,0.02951,0.37098,34.5266
250,71,0.6185,0.3815,CV,1.1791,1.1793,-4.115591750940746,-4.124147449808187,0.07221,-0.00722,7.7642
250,74,0.6189,0.3811,CV,0.4654,0.4663,-2.099225625353838,-2.1089207181388376,-0.00059,-0.02605,3.8366
250,85,0.6151,0.3849,CV,5.1506,5.1362,-7.31040219342367,-7.306034409196654,-0.12304,0.53257,33.8927
250,88,0.5549,0.4451,CV,1.5628,1.1862,-3.943785268972896,-3.890877929001909,8.13237,4.24014,25.8588
250,70,0.6115,0.3885,CV,9.8604,9.9043,-12.464830542642904,-12.463570549070997,-0.60097,-0.72663,34.1976
250,73,0.6189,0.3811,CV,1.6199,1.6295,-3.2431603979634858,-3.256401559788393,-0.01909,-0.02889,6.2976
251,71,0.6186,0.3814,CV,1.2558,1.2585,-3.427279522999641,-3.4362547590855432,0.05157,0.02397,7.8799
251,85,0.6141,0.3859,CV,4.6224,4.602,-6.378097684670362,-6.3730527752777,-0.26932,0.56121,33.7473
251,88,0.6071,0.3929,CV,0.708,0.3985,-3.5984074329870324,-3.652306566117257,5.78614,2.88359,24.0147
251,70,0.6209,0.3791,CV,4.6468,4.6951,-6.155836119675493,-6.184857925849792,-0.15416,0.049,32.3235
251,73,0.6146,0.3854,CV,3.4562,3.4562,-5.840932700004186,-5.832474498348909,0.19437,-0.14308,6.1847
251,74,0.6182,0.3818,CV,1.0884,1.0881,-2.4150829082714758,-2.4217785109403835,0.04875,-0.02621,3.9109
252,71,0.6186,0.3814,CV,0.4992,0.4975,-3.15255890314319,-3.161411744042259,0.03103,-0.00222,7.9629
252,85,0.6137,0.3863,CV,4.0323,4.0026,-5.797621115184775,-5.792503068126528,-0.40001,0.51024,33.3318
252,88,0.6324,0.3676,CV,1.4482,1.488,-3.507953386136707,-3.5928227404728834,3.27411,1.19641,21.5729
252,70,0.6188,0.3812,CV,2.8888,2.8787,-5.356585643949547,-5.362974594236054,-0.30246,0.24044,30.3753
252,73,0.6186,0.3814,CV,2.9138,2.927,-4.7774687256128665,-4.792259986140106,-0.0317,0.0607,6.0131
252,74,0.6182,0.3818,CV,0.8096,0.8091,-2.259652749527081,-2.26745347210919,0.07219,-0.0197,3.876
253,71,0.6186,0.3814,CV,0.4959,0.4952,-3.161520615635591,-3.1702481183632507,0.01578,-0.03281,7.983
253,73,0.6123,0.3877,CV,5.1769,5.18,-9.168862915588308,-9.15094479625789,0.15834,-0.11764,6.3312
253,74,0.6188,0.3812,CV,0.5935,0.5972,-2.1580351218434926,-2.1681672216438628,0.00378,-0.01299,3.8554
253,85,0.6131,0.3869,CV,4.4799,4.4508,-7.217773718449461,-7.210723914189598,-0.33924,0.54204,33.5339
253,88,0.6312,0.3688,CV,2.1999,2.2118,-4.426477366000425,-4.468700228805643,1.58421,0.25717,19.463
253,70,0.6202,0.3798,CV,3.0606,3.077,-10.580613577469283,-10.595791461206252,0.12187,0.15608,28.7654
254,71,0.6185,0.3815,CV,0.9326,0.9335,-3.240452051289455,-3.2490767451530234,0.00558,-0.05621,7.8941
254,85,0.6156,0.3844,CV,2.654,2.6375,-6.432954026304735,-6.437051403936497,-0.15086,0.49065,32.9517
254,88,0.6202,0.3798,CV,2.1798,2.1344,-4.19297368728302,-4.189880719723791,1.46416,0.12714,17.3435
254,73,0.617,0.383,CV,3.463,3.4752,-5.439990976345905,-5.4513684240059606,0.00388,0.11686,6.2583
254,74,0.6188,0.3812,CV,0.1819,0.1815,-1.9753209098228215,-1.9847726036204294,0.01394,-0.008,3.8549
254,70,0.6199,0.3801,CV,2.2211,2.2288,-10.558472633060465,-10.570534376673756,0.03827,0.04793,27.7123
255,71,0.6186,0.3814,CV,1.0377,1.0393,-3.2194794948423424,-3.2283607757040795,-0.0536,0.0083,7.8613
255,85,0.6129,0.3871,CV,7.2153,7.2017,-18.728739506847916,-18.71818659122514,-0.18482,0.44336,34.3872
255,88,0.5989,0.4011,CV,3.4858,3.4358,-5.466708365609717,-5.390379646215081,1.8534,0.46309,15.4311
255,73,0.6123,0.3877,CV,4.6735,4.6714,-8.067304921011626,-8.052014876190727,0.04039,-0.02616,6.7088
255,74,0.6185,0.3815,CV,0.8125,0.8132,-2.238204829863522,-2.2465406503914958,0.0112,0.02081,3.9283
255,70,0.6147,0.3853,CV,6.6227,6.6207,-13.396032620173228,-13.386481865553893,-0.3867,0.05733,27.2499
256,71,0.6187,0.3813,CV,0.3605,0.3579,-3.4182085477795416,-3.427477488402806,-0.05257,-0.00676,7.8575
256,73,0.6149,0.3851,CV,1.6206,1.6151,-3.7390949206416932,-3.7417211411299824,0.07797,-0.07973,6.8924
256,74,0.6183,0.3817,CV,0.5589,0.5569,-2.193010627293972,-2.2007922469274366,0.00653,0.04532,3.9708
256,85,0.6134,0.3866,CV,4.857,4.8316,-15.329933859276172,-15.325033405753754,-0.20639,0.5507,34.4928
256,88,0.5953,0.4047,CV,2.7744,2.7065,-5.161632079604789,-5.101925408229734,1.70376,0.31225,14.3772
256,70,0.6153,0.3847,CV,2.3517,2.3264,-11.880510266011512,-11.881228788638687,-0.36851,0.08415,26.4476
257,71,0.6188,0.3812,CV,0.3408,0.3402,-3.031886640532308,-3.0414808826831106,-0.03791,0.0192,7.8516
257,73,0.616,0.384,CV,2.0119,2.0107,-3.7439670123076785,-3.747320094734659,0.12721,-0.11467,6.8402
257,85,0.6136,0.3864,CV,5.3762,5.3594,-7.297028617944605,-7.2924082113724715,-0.38478,0.51429,33.7111
257,88,0.5959,0.4041,CV,2.8657,2.8056,-5.619363113406198,-5.567460666080727,1.49631,0.13649,13.2763
257,70,0.618,0.382,CV,0.8001,0.8228,-6.3022283640742,-6.313193529873235,-0.18025,0.03017,25.5432
257,74,0.6187,0.3813,CV,0.9375,0.9407,-2.954152029014472,-2.963626653692472,0.0026,-0.01345,3.9126
258,73,0.6153,0.3847,CV,2.7777,2.7747,-6.3599779573559605,-6.358795024014635,0.03342,-0.11136,7.2959
258,74,0.6186,0.3814,CV,0.5178,0.517,-2.0555515244853204,-2.064158062072932,-0.02661,-0.02287,3.8925
258,85,0.6113,0.3887,CV,5.9421,5.9104,-7.314511548978466,-7.299844130312218,-0.58588,0.54382,33.9395
258,70,0.6081,0.3919,CV,9.5306,9.5202,-14.630513840223223,-14.595900374411322,-0.72549,0.04923,25.3059
258,71,0.6185,0.3815,CV,1.1103,1.1099,-4.189058561065757,-4.197082394640278,-0.07554,-0.00684,7.9474
258,88,0.605,0.395,CV,3.3935,3.3806,-5.584426711402303,-5.569368507558876,0.98122,-0.19364,12.2333
259,71,0.6187,0.3813,CV,1.3849,1.3895,-3.387126730173435,-3.396753551635716,0.04142,0.01521,7.8886
259,73,0.6177,0.3823,CV,2.2408,2.2491,-4.398581261924946,-4.408394636531352,0.01697,-0.1037,7.214
259,85,0.6084,0.3916,CV,6.5939,6.5538,-7.06594284031111,-7.042612149823646,-0.70017,0.66424,33.5726
259,88,0.6087,0.3913,CV,3.1954,3.1872,-5.264616976424588,-5.2519992606715435,0.49466,-0.37827,11.1207
259,74,0.6181,0.3819,CV,1.0914,1.0907,-2.3322002449655037,-2.33883715784327,-0.02638,0.03693,3.818
259,70,0.6058,0.3942,CV,6.1142,6.0788,-12.826646876559899,-12.796997926296468,-0.84233,-0.07117,24.7206
260,71,0.6186,0.3814,CV,1.0268,1.0273,-3.3997917572655725,-3.408485244022104,0.00136,-0.01133,7.7429
260,73,0.6178,0.3822,CV,1.991,1.9941,-5.17335575290701,-5.180229924287283,-0.06901,-0.01998,7.5102
260,74,0.619,0.381,CV,0.8272,0.8318,-2.6257568754165845,-2.6369925195420407,0.00945,-0.01979,3.85
260,85,0.6076,0.3924,CV,6.1764,6.1334,-11.545230151598307,-11.522929487054927,-0.85143,0.57517,34.1314
260,70,0.6073,0.3927,CV,4.5338,4.4929,-7.99320071984311,-7.973222691314051,-0.80168,-0.06103,24.8594
260,88,0.6061,0.3939,CV,2.8101,2.787,-4.540186659592037,-4.5109297463123985,0.28228,-0.48874,10.1435
261,71,0.6176,0.3824,CV,2.8374,2.8411,-4.996356125249635,-5.000745188501362,0.04397,-0.03768,8.079
261,73,0.6181,0.3819,CV,2.268,2.2728,-5.004737750695188,-5.012542503579837,0.0243,-0.06621,7.464
261,74,0.6181,0.3819,CV,1.4098,1.4107,-3.2413908861094916,-3.2476144751295006,0.03964,0.05111,3.9407
261,85,0.6067,0.3933,CV,7.8646,7.828,-31.32474676878713,-31.299853806838374,-0.89925,0.39588,35.9698
261,88,0.5961,0.4039,CV,4.6143,4.5954,-7.5811548745668205,-7.514229066271573,0.51574,-0.57012,9.7307
261,70,0.6173,0.3827,CV,4.4087,4.4456,-13.331452484972711,-13.35166077210857,-0.19483,-0.0499,25.0821
262,71,0.6181,0.3819,CV,1.0478,1.0485,-3.384145333279552,-3.3924799171894047,0.0423,-0.08099,8.0852
262,73,0.6186,0.3814,CV,0.5704,0.5729,-3.118229460088229,-3.1280613720584065,-0.02397,-0.0235,7.5762
262,74,0.6184,0.3816,CV,0.6002,0.6013,-2.3226445924055272,-2.3315169901762234,0.00955,0.00148,3.9789
262,85,0.6076,0.3924,CV,6.2046,6.1535,-33.11601282207059,-33.09612756277876,-0.91927,0.44868,36.2066
262,88,0.5965,0.4035,CV,3.1171,3.081,-4.962501607868635,-4.911911002237558,0.42099,-0.62077,9.0767
262,70,0.6183,0.3817,CV,1.7147,1.7203,-13.169336864728994,-13.178666279146004,-0.09986,-0.11523,24.6911
263,71,0.6183,0.3817,CV,1.2509,1.254,-4.01165492221172,-4.020114741684094,-0.01924,0.00805,8.1577
263,73,0.6184,0.3816,CV,1.2254,1.2233,-3.337573088960381,-3.345319210436102,-0.06169,0.02687,7.6047
263,74,0.6181,0.3819,CV,0.947,0.9468,-2.4813191370253347,-2.4883863523572174,-0.00068,-0.05885,3.9932
263,85,0.6062,0.3938,CV,7.0517,7.0022,-34.77699850571635,-34.749969422497074,-1.0201,0.47074,35.8969
263,88,0.6068,0.3932,CV,1.3106,1.2805,-3.153023319785314,-3.1448651769526634,0.25667,-0.5032,8.5641
263,70,0.6181,0.3819,CV,2.7719,2.7727,-10.20239880722601,-10.209528363256242,-0.12077,-0.07642,23.8859
264,71,0.6183,0.3817,CV,0.7919,0.7906,-3.796270580364788,-3.804178720358667,-0.02817,0.05172,8.2428
264,73,0.6188,0.3812,CV,0.7271,0.7288,-3.4378137168962866,-3.4478306490784285,-0.02786,0.06258,7.7419
264,74,0.6184,0.3816,CV,0.4315,0.4319,-2.160563149307356,-2.169137957852548,-0.02804,-0.0317,4.0096
264,85,0.611,0.389,CV,17.8103,17.8547,-17.68109093999163,-17.67616188253963,0.58929,0.55266,37.5858
264,88,0.6114,0.3886,CV,2.0497,2.0402,-3.726194917646313,-3.7219101232281115,0.03053,-0.4311,8.1525
264,70,0.6166,0.3834,CV,4.6315,4.6315,-7.170538183284588,-7.17178558366101,-0.35297,0.05664,24.1984
265,73,0.6188,0.3812,CV,0.9658,0.9683,-3.3702004366216296,-3.379809063156249,-0.0425,0.00408,7.9516
265,74,0.6183,0.3817,CV,0.5338,0.5325,-2.2719091128186037,-2.2798739459209125,-0.05146,-0.01697,4.029
265,85,0.6046,0.3954,CV,10.3422,10.304,-9.32709235644726,-9.288368650335887,1.01543,0.6166,37.6563
265,88,0.615,0.385,CV,0.7189,0.6982,-2.985861348719709,-2.9899675175070346,0.00908,-0.31835,7.7943
265,71,0.6185,0.3815,CV,1.0692,1.0714,-3.408256578761366,-3.4169751341223433,0.02758,0.04829,8.1907
266,71,0.6186,0.3814,CV,0.5566,0.5584,-3.2757693719205654,-3.284946977679372,0.03062,0.0085,8.2984
266,73,0.618,0.382,CV,2.2883,2.2906,-4.9220509852956615,-4.928098143209732,0.01641,0.04768,7.7397
266,74,0.6185,0.3815,CV,0.4183,0.419,-2.222170109726019,-2.231120248020756,-0.01666,-0.03393,4.0497
266,85,0.6092,0.3908,CV,5.0109,4.9658,-6.339964464505059,-6.329700125724797,0.81746,0.52876,39.1247
266,70,0.5,0.5,CA,9.0657,9.0513,-10.308660346671596,-10.287243050081607,-0.61928,-0.14433,27.0588
266,88,0.617,0.383,CV,2.0016,2.0053,-3.489006415024934,-3.4965401825199303,-0.15101,-0.14813,7.3774
267,71,0.6187,0.3813,CV,0.9788,0.9806,-3.9079172692586126,-3.9170350921997223,-0.03028,-0.00254,8.2775
267,73,0.6187,0.3813,CV,0.3068,0.3094,-3.577887017234533,-3.5882187642044747,-0.00863,0.01746,7.7616
267,74,0.6184,0.3816,CV,1.1237,1.1258,-2.556952799898275,-2.5651839954367226,0.02162,0.04934,4.0703
267,85,0.4989,0.5011,CA,34.4932,34.4575,-69.46106730787913,-68.99583833974084,3.06845,1.0446,34.4728
267,70,0.568,0.432,CV,7.0215,6.9843,-10.375597031415415,-10.347111839762945,-0.91694,-0.17557,26.3031
268,71,0.6177,0.3823,CV,1.7943,1.7921,-4.038687973635701,-4.043812179999859,-0.03586,-0.00394,8.0529
268,73,0.6176,0.3824,CV,1.6735,1.6693,-3.6002043331602787,-3.604805741113341,-0.04477,0.03883,7.5951
268,74,0.6185,0.3815,CV,0.9326,0.9338,-2.3788055974744458,-2.387420782409729,-0.00242,0.00072,4.0122
268,85,0.5866,0.4134,CV,3.5769,3.6604,-13.344904607173907,-13.394057438989986,1.59848,0.9673,34.1909
268,70,0.5942,0.4058,CV,4.7224,4.6741,-8.94352106018109,-8.924209075792346,-0.95385,-0.19418,26.5403
269,71,0.6188,0.3812,CV,1.7533,1.7612,-3.6087898607521915,-3.619928349710574,-0.02597,-0.03029,8.2694
269,73,0.619,0.381,CV,0.4014,0.4095,-2.9445867516255944,-2.956469356974187,-0.01115,0.0043,7.5966
269,74,0.6186,0.3814,CV,0.3739,0.3714,-2.0386800815155977,-2.0477726310636446,-0.00648,0.01826,3.9903
269,85,0.62,0.38,CV,5.6177,5.7211,-7.779768218091915,-7.841722125729758,0.03848,0.37513,34.0911
269,70,0.606,0.394,CV,3.1655,3.1153,-11.456334022096081,-11.448332610040538,-0.83639,-0.20138,27.1331
270,71,0.6186,0.3814,CV,1.513,1.5149,-3.5829768899258867,-3.591417263722083,0.08902,-0.00074,8.3054
270,73,0.6191,0.3809,CV,0.5491,0.5496,-2.950485185757095,-2.9609276360956254,-0.03169,-0.03013,7.5902
270,74,0.6189,0.3811,CV,0.3264,0.3264,-2.3075590776108705,-2.3176141703956925,-0.00514,-0.01178,3.9849
270,85,0.6107,0.3893,CV,7.194,7.1922,-9.506643226925501,-9.479924182609846,-1.08462,0.28025,32.7316
270,70,0.6103,0.3897,CV,4.5404,4.5105,-8.545124974147303,-8.537286797791099,-0.68793,-0.22183,28.5737
271,71,0.6184,0.3816,CV,1.9396,1.9427,-4.106195087451404,-4.114094813451459,-0.02247,0.03398,8.0614
271,73,0.6176,0.3824,CV,2.4544,2.4556,-6.066533621413134,-6.070588494909209,-0.07784,-0.02471,7.8527
271,74,0.6181,0.3819,CV,1.4605,1.4619,-2.756416906168477,-2.7629211572263954,-0.05625,0.06553,4.0506
271,85,0.5999,0.4001,CV,7.0476,6.9979,-11.431834517682393,-11.373836050520481,-1.39274,0.13105,32.459
271,70,0.6067,0.3933,CV,7.3871,7.3436,-7.577560365919965,-7.548604306801496,-0.86936,-0.21164,30.1856
272,71,0.6185,0.3815,CV,0.6025,0.597,-3.3321813384898262,-3.340944890302107,-0.03933,0.0313,7.9534
272,73,0.6177,0.3823,CV,1.4764,1.4754,-3.538979746323992,-3.545370290365246,0.02519,-0.03655,8.0047
272,74,0.6185,0.3815,CV,1.3449,1.3486,-2.690308396771891,-2.6993188920620983,0.05131,0.01148,4.083
272,85,0.5878,0.4122,CV,9.5929,9.5208,-9.886273288467317,-9.793999851881818,-1.51202,-0.11746,33.471
273,71,0.6186,0.3814,CV,0.8619,0.8591,-3.0439373152906533,-3.052766094779458,-0.08991,0.02127,7.8942
273,73,0.6174,0.3826,CV,1.2181,1.2135,-3.498185294557696,-3.5034146115110487,0.03871,0.01849,8.1639
273,74,0.6168,0.3832,CV,1.6397,1.6371,-3.5471296894987625,-3.5486466570883866,0.05753,0.01934,4.2433
273,85,0.5958,0.4042,CV,5.4936,5.3943,-7.27193372765414,-7.230511872994963,-1.27466,-0.12477,34.2971
274,71,0.6174,0.3826,CV,3.0966,3.101,-5.926046632529102,-5.9300505117751285,-0.01862,-0.01355,8.2352
274,73,0.6181,0.3819,CV,1.5884,1.5933,-3.6538455341900486,-3.6624049983448645,0.07613,0.00688,8.0554
274,74,0.618,0.382,CV,0.4202,0.4233,-2.4941913705138905,-2.5030567093143747,0.04303,-0.00805,4.2669
274,85,0.6088,0.3912,CV,1.8736,1.8199,-6.128330112033995,-6.129642932031791,-0.9214,-0.07444,34.0335
275,71,0.6188,0.3812,CV,1.0893,1.0988,-3.458419716154291,-3.469899591971923,0.00481,0.00582,8.0968
275,73,0.6167,0.3833,CV,3.0531,3.0549,-4.64100743912557,-4.642469096923097,-0.07133,0.11137,7.8195
275,74,0.618,0.382,CV,1.7024,1.7058,-3.1809911757648734,-3.1882078507533893,0.00126,-0.01378,4.1156
275,85,0.6177,0.3823,CV,3.5423,3.5892,-7.323873897101727,-7.34337268798438,-0.35178,0.10326,33.6143
276,71,0.6181,0.3819,CV,1.9916,1.9933,-4.059783828708533,-4.066044409558203,-0.0436,-0.01914,7.7686
276,73,0.6185,0.3815,CV,1.4084,1.4154,-3.312352583315801,-3.3235564440735326,0.03157,-0.01208,7.861
276,85,0.6182,0.3818,CV,5.2032,5.2179,-11.121909177456896,-11.130271806201904,-0.02502,0.16239,32.3217
276,70,0.5,0.5,CA,12.9635,12.9599,-13.004520323479353,-12.999906180721295,-0.35964,-0.31953,34.3593
276,74,0.6184,0.3816,CV,1.1869,1.1903,-2.6323810838073975,-2.6413602164787107,0.04406,0.01409,4.2223
277,71,0.6186,0.3814,CV,1.8851,1.8911,-3.6595565354158577,-3.6690996499495396,0.01758,-0.04557,7.9361
277,73,0.6186,0.3814,CV,1.7074,1.7114,-3.6945476831371424,-3.7035400452082143,-0.01233,-0.05936,8.1106
277,74,0.6185,0.3815,CV,0.6705,0.67,-2.699925718089959,-2.708585168997624,0.03999,0.04143,4.2311
277,85,0.6174,0.3826,CV,3.0244,3.013,-8.809764686680747,-8.814046805626058,0.15683,0.23221,31.6742
278,71,0.6189,0.3811,CV,0.8876,0.8908,-3.164193288089863,-3.174311183337459,0.02944,-0.01198,7.8265
278,73,0.6185,0.3815,CV,0.5687,0.5644,-3.3528877488680395,-3.3613094664839367,-0.02017,-0.05018,8.2394
278,74,0.6183,0.3817,CV,1.1866,1.1878,-2.5298756972763177,-2.537742847228719,-0.00317,-0.02247,4.146
278,85,0.6188,0.3812,CV,1.6218,1.6305,-6.23555263270625,-6.247198642349533,0.18185,0.0683,31.6429
279,71,0.6185,0.3815,CV,1.0929,1.0925,-3.280555935068786,-3.288712586883216,0.07798,0.02556,7.8264
279,73,0.618,0.382,CV,1.385,1.3837,-4.591978031099778,-4.598606997054614,-0.06475,0.01677,8.4008
279,74,0.6178,0.3822,CV,1.1436,1.1417,-3.061196541427228,-3.0670426076939807,-0.07243,-0.06042,4.1156
279,85,0.619,0.381,CV,0.4844,0.4767,-5.962431941106446,-5.9727827557234745,0.13975,0.05057,31.4094
280,71,0.6185,0.3815,CV,1.2007,1.2021,-3.7902859431534486,-3.7987132785430506,0.01516,-0.02438,7.9371
280,73,0.6183,0.3817,CV,2.1465,2.1521,-3.9054060413555365,-3.9139884593580128,-0.0081,0.00628,8.1695
280,74,0.6175,0.3825,CV,0.9178,0.9124,-2.7767356475760714,-2.7819421442877026,-0.09701,-0.08115,4.1017
280,85,0.6185,0.3815,CV,2.1103,2.1046,-6.986419648847654,-6.9942724948996915,0.12303,0.12238,30.6371
281,71,0.6185,0.3815,CV,0.6645,0.6639,-3.5876596915797885,-3.5961655417500125,-0.00253,0.02136,7.9787
281,73,0.6183,0.3817,CV,0.7464,0.742,-3.6000611906208237,-3.6080743963236426,0.00567,0.0056,8.0875
281,74,0.6188,0.3812,CV,1.6159,1.6224,-3.415772625819245,-3.4271249943421305,-0.01762,0.0494,4.1577
281,85,0.6176,0.3824,CV,3.9602,3.9593,-6.881367529102224,-6.885992875527858,0.29314,0.10296,30.8999
281,70,0.5,0.5,CA,16.6871,16.6848,-15.400145510269335,-15.377227314014645,-0.84348,0.07598,39.9511
282,71,0.6185,0.3815,CV,1.4614,1.4647,-4.013717170992898,-4.022456326696828,-0.00573,0.02599,7.7717
282,73,0.6175,0.3825,CV,2.3988,2.4001,-5.348055537846456,-5.352658919303053,-0.16028,0.06268,8.1908
282,74,0.618,0.382,CV,1.0763,1.0743,-2.8913685383895884,-2.8973376272628655,0.03032,0.08811,4.1793
282,85,0.6182,0.3818,CV,1.582,1.5838,-5.54231033057691,-5.551082414509862,0.14236,0.04705,31.1876
283,71,0.6188,0.3812,CV,0.2975,0.3003,-3.0331281566347057,-3.042795408525926,-0.00447,0.01914,7.7828
283,73,0.6188,0.3812,CV,1.5032,1.5117,-3.5255004058294466,-3.536973239855927,-0.01496,0.00595,8.3507
283,85,0.6181,0.3819,CV,2.7725,2.7742,-6.672371555772299,-6.679839677396203,0.13561,0.14534,30.5296
283,70,0.5,0.5,CA,7.2794,7.2808,-10.597659373512267,-10.60067783319219,-0.50468,-0.35684,38.1398
283,74,0.6187,0.3813,CV,0.7112,0.7143,-2.2234133249911823,-2.2334460901771287,0.00558,0.04306,4.0989
284,71,0.6189,0.3811,CV,0.1088,0.1095,-3.0539743007921287,-3.0636664414755486,-0.00265,0.01174,7.8041
284,73,0.6182,0.3818,CV,2.1559,2.1583,-4.212613402809348,-4.219276119005441,0.02489,0.0471,8.0849
284,74,0.6187,0.3813,CV,0.6988,0.7004,-2.257062015758736,-2.266204800857958,-0.02726,0.01851,4.1324
284,85,0.6183,0.3817,CV,1.8966,1.8971,-5.415000621742915,-5.423362553615382,0.10967,0.01822,29.9552
285,71,0.6186,0.3814,CV,1.0901,1.0906,-3.296612384134062,-3.3048908597348725,-0.00118,-0.04477,7.9003
285,73,0.6186,0.3814,CV,1.7222,1.7274,-3.550290886675221,-3.559689464375195,0.05351,0.04117,8.266
285,85,0.6181,0.3819,CV,2.2769,2.2727,-5.342599740093924,-5.349711983453631,0.20597,-0.06927,29.8818
285,74,0.6181,0.3819,CV,1.0337,1.0326,-2.445222537884526,-2.4517709069959714,-0.07722,-0.02062,4.1563
286,71,0.6185,0.3815,CV,0.3674,0.3637,-3.20307803998187,-3.2116389648112733,-0.00021,-0.04408,7.9505
286,73,0.618,0.382,CV,1.6325,1.6314,-4.426704372997714,-4.433249408412296,0.12622,0.029,8.182
286,85,0.6177,0.3823,CV,3.4024,3.4016,-5.623828724368016,-5.629617737102849,0.17381,-0.14286,30.6039
286,70,0.5,0.5,CA,6.129,6.1154,-7.574182081457713,-7.580319792566277,-0.2131,-0.40174,39.1597
286,74,0.6182,0.3818,CV,0.9412,0.9424,-2.4818935803782836,-2.489864326151765,-0.01509,-0.00095,4.236
287,71,0.6187,0.3813,CV,0.7774,0.7808,-3.2117996637149857,-3.2212462091720706,0.0004,-0.00539,7.8621
287,73,0.6188,0.3812,CV,0.5561,0.5621,-3.1144459540927993,-3.124828689846648,0.04896,0.01775,8.2095
287,74,0.6182,0.3818,CV,0.6429,0.6423,-2.632397151263491,-2.640152269420454,0.02785,0.00108,4.2846
287,85,0.6183,0.3817,CV,1.5057,1.5074,-5.496267717926792,-5.505082932636097,0.13614,-0.11849,30.3168
287,70,0.5752,0.4248,CV,3.2028,3.1719,-6.562288129148722,-6.563198833010686,-0.34254,-0.43922,36.7852
288,71,0.6183,0.3817,CV,1.266,1.2652,-3.4137423232694855,-3.4212034644849227,-0.05285,0.00562,7.7221
288,73,0.6188,0.3812,CV,0.6695,0.6706,-3.265739401450599,-3.2753302393631607,0.01609,0.00973,8.1314
288,85,0.6179,0.3821,CV,4.0864,4.0905,-7.796534440094913,-7.802690006003463,0.03819,0.05834,29.2482
288,74,0.6161,0.3839,CV,2.7172,2.7195,-5.274631152338917,-5.273285875523323,0.03191,-0.1056,4.0672
288,70,0.604,0.396,CV,1.448,1.4194,-5.261084579329863,-5.2721273689977,-0.37522,-0.292,36.1714
289,71,0.618,0.382,CV,1.2758,1.2731,-3.581378312799355,-3.588311672985718,0.00989,0.03631,7.5602
289,73,0.6185,0.3815,CV,1.101,1.0994,-3.640462898538865,-3.6485181825295605,-0.02574,0.00445,7.9679
289,74,0.6186,0.3814,CV,1.8021,1.8103,-3.426072502800897,-3.4384978960408614,-0.00358,-0.01157,4.2005
289,85,0.6176,0.3824,CV,2.5781,2.5693,-6.842004976704481,-6.847644924927284,0.18351,0.11014,28.7968
289,70,0.6123,0.3877,CV,3.2528,3.2316,-5.580005705106214,-5.583887968874595,-0.53597,-0.05648,35.0774
290,71,0.619,0.381,CV,0.5568,0.5633,-2.9095529079734255,-2.92104109245504,0.02083,0.00295,7.572
290,73,0.619,0.381,CV,0.6042,0.6084,-3.0814093374277283,-3.0919744436267655,-0.00055,0.02908,7.9855
290,74,0.6187,0.3813,CV,0.6467,0.6473,-2.304992431658616,-2.3141750487628343,0.04185,-0.01276,4.23
290,85,0.6183,0.3817,CV,1.2167,1.2082,-8.044181117548025,-8.05344362249746,0.10027,0.03085,28.3365
290,70,0.6192,0.3808,CV,3.1211,3.1547,-5.553076933362462,-5.57372007087936,-0.10714,0.11363,34.6461
291,71,0.6178,0.3822,CV,2.479,2.4812,-4.535005778357914,-4.539730765739873,0.01749,-0.00427,7.8622
291,73,0.6183,0.3817,CV,1.7079,1.7091,-3.5691420849826243,-3.5762664287950323,-0.02265,0.02415,8.1931
291,85,0.619,0.381,CV,2.7452,2.7575,-5.3451474409470965,-5.3562663091592215,0.05025,0.03457,28.7177
291,74,0.6176,0.3824,CV,1.5302,1.53,-2.9436168403042395,-2.948281747495056,-0.01053,-0.00924,4.37
292,71,0.6187,0.3813,CV,0.5463,0.5543,-3.205772895666879,-3.216206565313121,0.01236,-0.00436,7.7926
292,73,0.6167,0.3833,CV,2.2256,2.2207,-4.555328720796259,-4.556663743541578,-0.02188,-0.03037,8.5087
292,74,0.6183,0.3817,CV,1.8254,1.8308,-3.4327339287974774,-3.4418259563988194,-0.02037,-0.03146,4.2178
292,85,0.6188,0.3812,CV,1.3657,1.3643,-5.144047304547289,-5.153108428787187,-0.03016,0.02534,28.8295
292,70,0.5,0.5,CA,4.5032,4.5058,-18.743249806593113,-18.753483488408627,-0.20057,-0.27512,34.6501
293,71,0.6184,0.3816,CV,0.5386,0.5358,-3.166363817004232,-3.1743655921871783,0.00792,-0.00273,7.8306
293,73,0.6181,0.3819,CV,1.1113,1.1184,-3.609313943654575,-3.6188880956951675,0.00561,-0.05788,8.4411
293,74,0.6185,0.3815,CV,0.5174,0.517,-2.1897396290451185,-2.1985763009588264,-0.01556,-0.05295,4.2257
293,85,0.6189,0.3811,CV,1.3095,1.3161,-5.401043009816827,-5.410835743106826,0.00927,-0.00983,28.3015
293,70,0.5755,0.4245,CV,4.9076,4.9062,-7.30524247432424,-7.307401198184392,-0.47347,-0.03627,33.4772
294,71,0.6187,0.3813,CV,0.6061,0.6097,-3.154201708991337,-3.163604060762157,0.00479,-0.00114,7.7767
294,73,0.6183,0.3817,CV,0.5299,0.5313,-3.3616885592350374,-3.37009473532153,-0.01486,-0.04726,8.4185
294,74,0.6185,0.3815,CV,0.7168,0.7152,-2.271598749917904,-2.279988020583487,-0.00922,-0.04187,4.1759
294,85,0.6168,0.3832,CV,5.4989,5.4995,-6.405709322238419,-6.406520749646894,-0.23199,-0.15981,28.9738
294,70,0.6008,0.3992,CV,4.1744,4.1538,-13.86682644333632,-13.864225381048229,-0.60944,0.16229,32.8931
295,71,0.6186,0.3814,CV,0.7898,0.79,-3.2386295493834374,-3.2472921234558028,-0.04888,1e-05,7.7507
295,73,0.6184,0.3816,CV,0.5445,0.5439,-3.3362329295191255,-3.3447549066006674,-0.04106,-0.0309,8.4672
295,74,0.6179,0.3821,CV,1.3018,1.3014,-2.6328789704861295,-2.6388399584897293,0.02368,-0.10843,4.2155
295,85,0.6169,0.3831,CV,2.5087,2.495,-6.654102554513575,-6.658221242993746,-0.12978,-0.19223,29.6304
295,70,0.6129,0.3871,CV,3.0343,3.0421,-23.770562634516587,-23.781642904232083,-0.35188,0.08626,31.5095
296,73,0.6185,0.3815,CV,1.1877,1.1903,-3.557777111677193,-3.5664362605443403,0.03996,0.00778,8.6318
296,74,0.6185,0.3815,CV,1.2321,1.2357,-2.6455484880897275,-2.654935728390145,0.02424,-0.00952,4.3151
296,85,0.6185,0.3815,CV,2.8204,2.8382,-5.458948159341432,-5.469810150523306,0.02579,-0.02407,29.2548
296,70,0.6135,0.3865,CV,4.1398,4.1203,-27.643583389791083,-27.63934233179385,-0.56628,0.00259,30.4123
296,71,0.6186,0.3814,CV,1.0011,1.0017,-3.56080040354945,-3.5696143419601887,0.00793,0.00077,7.648
297,71,0.6185,0.3815,CV,0.975,0.9735,-3.4225893848022446,-3.430955831952133,0.07402,0.00122,7.5956
297,73,0.6179,0.3821,CV,2.1837,2.185,-3.9541949274551365,-3.960107108167098,0.04745,0.0162,8.4005
297,74,0.6187,0.3813,CV,1.2587,1.2621,-2.6545454198408223,-2.663815183390025,0.01781,0.01964,4.1959
297,85,0.6185,0.3815,CV,1.2462,1.2485,-5.64692300332595,-5.6555581690051175,0.00487,0.05006,29.1426
297,70,0.619,0.381,CV,3.1796,3.2069,-37.17926177149347,-37.1974157127522,-0.05512,0.04508,29.5573
298,71,0.619,0.381,CV,0.4661,0.4695,-3.21837748005008,-3.2289298664761232,0.01002,0.00144,7.5654
298,73,0.6187,0.3813,CV,1.501,1.5069,-4.345664796901721,-4.3559221697813495,-0.04948,-0.04091,8.5219
298,74,0.6183,0.3817,CV,0.9906,0.9905,-3.0372138291213524,-3.044652842353508,0.0111,0.07658,4.2111
298,85,0.6184,0.3816,CV,2.0865,2.0856,-6.541567912697428,-6.549601159094343,-0.0512,0.00607,28.8144
298,70,0.6169,0.3831,CV,5.1981,5.2009,-29.06133895289534,-29.062474629871186,0.41771,0.03017,28.7424
299,71,0.6178,0.3822,CV,2.3625,2.3646,-4.100509308830665,-4.105544742246548,0.04458,-0.02382,7.8336
299,73,0.6189,0.3811,CV,1.0282,1.0307,-3.7353281145230754,-3.7451602130637642,0.02334,0.0139,8.5169
299,74,0.618,0.382,CV,0.7335,0.7294,-2.336299951076111,-2.342961823632611,0.00618,0.09615,4.2329
299,85,0.6144,0.3856,CV,7.297,7.2944,-15.712287641562968,-15.703792377542372,-0.53612,0.16509,28.9103
299,70,0.6191,0.3809,CV,4.9925,5.0149,-22.278235366090826,-22.291662989202393,-0.1625,-0.02058,27.7582
300,71,0.6186,0.3814,CV,0.7139,0.7201,-3.1972457566115833,-3.2074379518554728,0.03906,0.00186,7.7705
300,73,0.6189,0.3811,CV,0.3739,0.3713,-3.4757469957301272,-3.4853298104396138,0.03015,0.02261,8.4901
300,74,0.6183,0.3817,CV,0.4333,0.4302,-2.1741223446426976,-2.1824340610050355,0.02879,0.07329,4.2331
300,85,0.6179,0.3821,CV,2.7831,2.8023,-9.466860459940136,-9.4790806719116,-0.20646,0.12726,29.6088
300,70,0.6177,0.3823,CV,2.8958,2.8872,-17.131594962242254,-17.13594766820706,-0.32199,-0.03192,26.9235
301,71,0.618,0.382,CV,1.4785,1.478,-3.5534394554500297,-3.5597509118806507,-0.02319,-0.01676,7.9193
301,73,0.6189,0.3811,CV,0.7738,0.7755,-3.2929656949292494,-3.3027534493311594,-0.0333,-0.00815,8.4829
301,74,0.6181,0.3819,CV,1.7495,1.7533,-3.148746346246573,-3.1561609658746335,-0.02572,-0.0534,4.3089
301,85,0.6182,0.3818,CV,1.4912,1.4882,-5.958559366004463,-5.966836031251125,-0.11057,0.05933,30.187
301,70,0.6133,0.3867,CV,5.3788,5.3625,-9.569922332237816,-9.557702734974153,-0.56755,-0.14249,26.4137
302,71,0.6185,0.3815,CV,0.5775,0.5817,-3.3327494092500913,-3.341975505998052,0.01466,-0.01546,7.9346
302,73,0.6185,0.3815,CV,1.4965,1.498,-3.8710669840916463,-3.879031909015856,-0.03721,0.01486,8.6887
302,74,0.6171,0.3829,CV,1.8931,1.8938,-5.568279270584313,-5.571630408702946,-0.10894,-0.04232,4.1919
302,85,0.6186,0.3814,CV,2.1999,2.207,-5.3966836762086405,-5.4059436345832195,-0.04087,0.10173,29.8205
302,70,0.6152,0.3848,CV,3.6425,3.6367,-5.493542295244936,-5.4960392410144685,-0.35794,-0.09946,26.6561
303,71,0.6183,0.3817,CV,0.9251,0.9248,-3.797335377423714,-3.805100054485467,-0.03165,0.01452,8.0477
303,73,0.6187,0.3813,CV,0.6324,0.6345,-3.373129890342742,-3.3824340563183872,-0.00358,0.04137,8.6917
303,74,0.6188,0.3812,CV,0.8297,0.8361,-2.3533537525703863,-2.365002038388736,-0.01061,-0.02636,4.2108
303,70,0.6143,0.3857,CV,4.4309,4.4133,-8.904044344793093,-8.899587927827637,-0.30903,0.0471,27.2196
303,85,0.6181,0.3819,CV,3.4235,3.4258,-6.137867215679156,-6.144598362084875,0.21089,0.0528,29.9108
304,71,0.6181,0.3819,CV,1.2948,1.2947,-3.489447472909981,-3.49681004739532,-0.08428,0.0431,8.0367
304,73,0.6173,0.3827,CV,2.5984,2.5991,-4.740568587594807,-4.743779695173521,-0.0222,0.0894,8.3363
304,85,0.6177,0.3823,CV,5.3013,5.3103,-11.09722284473714,-11.103187475193007,-0.12543,0.04954,31.1054
304,70,0.618,0.382,CV,5.4711,5.4944,-7.340742248593937,-7.353615959176869,-0.13929,0.02224,25.5113
304,74,0.6182,0.3818,CV,1.3474,1.3488,-2.713294682947439,-2.7203800356907326,0.04075,0.03729,4.3115
304,91,0.7,0.3,CV,23.3753,23.3753,-16.79265165940684,-16.79265165940684,0.0,0.0,67.0575
305,71,0.6186,0.3814,CV,0.5509,0.5535,-3.2291649413809638,-3.238540516385123,-0.02028,0.03731,8.0474
305,73,0.6181,0.3819,CV,3.1863,3.1955,-4.956512443593984,-4.965125326185728,0.00739,-0.00969,8.7024
305,74,0.6182,0.3818,CV,0.4855,0.4814,-2.4430671526926138,-2.4505757643980934,0.04132,0.04127,4.3589
305,85,0.6162,0.3838,CV,6.4571,6.4596,-11.54915993684865,-11.549313085574438,-0.40647,0.00719,30.3046
305,70,0.6184,0.3816,CV,2.2596,2.2645,-4.943814084292662,-4.952662096622795,0.07926,0.03561,24.9205
305,91,0.6357,0.3643,CV,23.3115,23.3115,-33.5195248949181,-33.479206767446016,-7.35108,-1.12054,91.8797
305,92,0.7,0.3,CV,72.4246,72.4246,-31.004271537028668,-31.004271537028668,0.0,0.0,161.9248
306,71,0.6187,0.3813,CV,0.4182,0.4198,-3.6703559849517813,-3.6798841155978077,-0.00036,-0.00098,8.0855
306,73,0.6188,0.3812,CV,1.2504,1.2563,-3.5627016926183828,-3.5730269192555126,-0.03797,0.01772,8.6327
306,74,0.6176,0.3824,CV,0.9232,0.9196,-2.9300496431079885,-2.9353837514879935,0.02993,0.05362,4.4601
306,85,0.6116,0.3884,CV,6.8604,6.8438,-11.88244863144281,-11.865204097323357,-0.50568,0.11023,28.7353
306,70,0.6175,0.3825,CV,4.5719,4.577,-6.999932379108331,-7.00426052504327,-0.29969,-0.00474,24.8182
306,91,0.4344,0.5656,CA,36.5689,36.3635,-62.41341959330772,-61.64913248252749,-27.85564,-0.10869,162.5357
306,92,0.6363,0.3637,CV,70.6384,70.6384,-24.36160317096528,-24.323706672584997,-4.37766,-0.58094,250.0025
307,71,0.6185,0.3815,CV,1.0664,1.0653,-3.3223747789958553,-3.3306211366148695,0.00444,0.04467,8.0117
307,73,0.6187,0.3813,CV,0.5133,0.5146,-3.2186852826558505,-3.227904098354316,-0.00918,-0.0097,8.6499
307,74,0.6185,0.3815,CV,1.4738,1.4792,-2.8889603593493316,-2.898732438067329,-0.00563,-0.0076,4.3621
307,70,0.6189,0.3811,CV,1.9521,1.9655,-5.9403340900014,-5.951980893205248,-0.06217,-0.01501,24.7879
307,91,0.0334,0.9666,CA,51.2139,49.9793,-59.59877233125395,-56.02605790633451,-79.9584,0.85152,330.4906
307,92,0.5602,0.4398,CV,95.9795,95.698,-27.302508748590274,-27.04363308103915,-9.403,-1.78051,437.0113
307,85,0.6041,0.3959,CV,6.7674,6.7295,-13.061703964025838,-13.019952565747394,-0.85333,0.09471,27.6595
308,71,0.6181,0.3819,CV,1.3003,1.2975,-3.7407250609252896,-3.747710390995106,-0.05253,0.01202,7.8773
308,73,0.6186,0.3814,CV,0.6964,0.6956,-4.2792593935570356,-4.288053347373506,-0.05081,-0.01445,8.6986
308,74,0.6171,0.3829,CV,1.5945,1.5927,-3.0468660816425173,-3.0493780607913,-0.0672,-0.04721,4.2489
308,70,0.6177,0.3823,CV,3.7162,3.7164,-13.379094743627181,-13.38385764396168,-0.23497,-0.04414,23.8686
308,91,0.117,0.883,CA,34.4923,32.6314,-43.615120521058884,-41.951240281941566,-129.77445,3.66338,430.4432
308,92,0.5216,0.4784,CV,75.3422,74.2778,-19.09050874029934,-18.78776269363659,-14.11921,-0.98412,675.0437
309,71,0.619,0.381,CV,0.8307,0.8363,-3.190124554469958,-3.2013573037292646,0.01008,-0.02814,7.9182
309,73,0.6183,0.3817,CV,1.5859,1.5868,-3.865089359242174,-3.8727644715335687,-0.04417,0.01411,8.4921
309,74,0.6185,0.3815,CV,0.7257,0.7295,-2.314968178996991,-2.3258127691511294,-0.05882,0.01644,4.2903
309,70,0.6186,0.3814,CV,3.1011,3.1117,-10.465434367543313,-10.475716881944251,0.04497,-0.15154,23.6581
309,91,0.2617,0.7383,CA,14.2365,10.9878,-37.300412369567965,-36.50064370309139,-148.93807,4.26537,502.983
309,92,0.5334,0.4666,CV,51.6526,50.1095,-16.301152332514246,-16.10167022933504,-16.02759,0.03432,908.9691
309,85,0.5,0.5,CA,12.1117,12.0673,-33.349911271476344,-33.231730968054976,-1.54725,0.06052,27.2238
310,71,0.6185,0.3815,CV,1.7024,1.7047,-3.962649859037593,-3.970609366571206,0.02073,-0.00263,8.1422
310,73,0.6189,0.3811,CV,1.067,1.0726,-3.3155148012814157,-3.3259509774245566,-2e-05,0.01378,8.6093
310,74,0.6185,0.3815,CV,0.8303,0.8292,-2.7243848280800522,-2.732911648567007,-0.03838,-0.03209,4.2362
310,91,0.5846,0.4154,CV,10.1402,12.1945,-28.891677865064345,-29.267039612530255,-100.38048,3.42707,558.6822
310,92,0.5522,0.4478,CV,44.2367,42.6454,-16.861791247825572,-16.720993465672223,-16.68018,1.32774,1143.8062
310,85,0.5476,0.4524,CV,7.8733,7.8027,-37.24899796657753,-37.1375836558759,-1.92807,-0.4432,25.7905
311,71,0.6169,0.3831,CV,2.1487,2.1437,-4.124891022871766,-4.126567366452392,0.01755,0.02553,8.4692
311,73,0.6185,0.3815,CV,1.6235,1.6246,-3.5526556032250154,-3.5605073909025027,0.01268,-0.07349,8.4654
311,74,0.6184,0.3816,CV,1.1893,1.1905,-2.527428586965654,-2.5356094132505382,0.06753,-0.03176,4.1916
311,91,0.7009,0.2991,CV,9.7508,12.7213,-46.33060232161603,-46.75744987011059,-15.12631,1.42484,499.4433
311,92,0.574,0.426,CV,34.469,32.963,-17.577603326990122,-17.49850927766595,-15.29878,2.35797,1360.5017
312,71,0.6183,0.3817,CV,3.076,3.0863,-6.251377569082912,-6.261395903811915,0.01222,0.00054,8.0513
312,73,0.6189,0.3811,CV,0.3917,0.3958,-3.09735254108756,-3.1076350659304866,0.01377,-0.04174,8.4712
312,74,0.6189,0.3811,CV,0.0662,0.0621,-2.0182094348972432,-2.0286685914490645,0.04249,-0.02138,4.1612
312,91,0.6684,0.3316,CV,6.9949,7.2785,-42.57540966433815,-42.67798891286333,3.21637,1.04575,408.3121
312,92,0.5893,0.4107,CV,30.4691,29.1707,-18.975060817904208,-18.926884998512115,-13.34889,2.80126,1549.3096
313,71,0.6186,0.3814,CV,1.3583,1.3629,-3.401029488346334,-3.41023375785306,0.00772,-0.0054,8.2005
313,73,0.6189,0.3811,CV,0.6946,0.6942,-3.2184040838000834,-3.2279266151527555,-0.01517,-0.02264,8.3692
313,74,0.6191,0.3809,CV,0.3996,0.4008,-2.3338302491348726,-2.3442066476133934,0.02567,0.01638,4.1286
313,91,0.6179,0.3821,CV,12.1831,12.0157,-50.13887840616124,-50.0701970080893,14.5654,0.3542,348.7241
313,92,0.6068,0.3932,CV,24.0278,23.6586,-21.128562849298376,-21.13071703608949,-9.93888,3.17563,1670.9447
314,71,0.6187,0.3813,CV,1.1123,1.1143,-3.3529205067369308,-3.3621156986084624,0.00446,-0.03325,8.1342
314,73,0.6177,0.3823,CV,1.7517,1.7487,-3.958928901180861,-3.963787296554195,0.0146,-0.04037,8.0709
314,74,0.619,0.381,CV,0.4146,0.4156,-2.2802317677466757,-2.290270323955735,-0.01228,0.02034,4.0948
314,91,0.5767,0.4233,CV,13.9119,13.2934,-55.605590996453714,-55.44101173671748,17.80023,-0.18266,319.3142
314,92,0.6153,0.3847,CV,17.7055,17.6257,-21.24972427783309,-21.262066761673506,-6.52998,3.00333,1751.7877
315,71,0.6182,0.3818,CV,1.3522,1.3498,-3.7016712894559127,-3.7085513242723698,0.05912,-0.03008,7.9661
315,73,0.619,0.381,CV,1.1815,1.1889,-3.328704279599516,-3.3406003735785914,0.0471,-0.02963,8.112
315,74,0.619,0.381,CV,0.2897,0.2902,-2.650696034180411,-2.660510866705841,0.01076,0.01583,4.0619
315,91,0.5024,0.4976,CV,21.6017,20.7591,-55.58592250852974,-55.182246926566215,24.3042,-0.5728,305.6472
315,92,0.6158,0.3842,CV,28.1668,27.9433,-26.76443314037736,-26.766156775543266,-5.46599,3.20726,1809.6784
316,71,0.619,0.381,CV,0.6711,0.6772,-3.045451648147954,-3.0567514168062355,-0.00612,-0.02054,7.998
316,73,0.6191,0.3809,CV,0.5187,0.5204,-3.2298910982913758,-3.240429934384567,0.01408,0.01128,8.0073
316,74,0.6177,0.3823,CV,1.573,1.5731,-2.875284630734201,-2.8796567845245495,-0.01217,0.01055,4.1796
316,91,0.552,0.448,CV,9.7104,8.9191,-30.552976022514613,-30.45590792682229,21.14198,-0.68414,296.8129
316,92,0.6148,0.3852,CV,27.8028,27.4766,-29.708497547366072,-29.705297958801392,-5.03014,3.33721,1871.8975
317,71,0.6189,0.3811,CV,0.7321,0.731,-3.061914434232305,-3.071559177257037,-0.01967,0.01617,7.8981
317,73,0.6191,0.3809,CV,0.1655,0.1649,-2.9258703256943024,-2.9359886951200678,0.0043,0.01792,7.8925
317,74,0.6176,0.3824,CV,0.646,0.6412,-2.345024219595767,-2.3510727698842886,0.00919,0.00656,4.2466
317,91,0.62,0.38,CV,28.3533,29.2776,-61.274715781445394,-61.38725428387079,-6.2218,0.13883,283.9734
317,92,0.6147,0.3853,CV,28.4313,28.1585,-32.51838819787841,-32.51643802624071,-4.37212,3.45724,1915.7727
317,85,0.5,0.5,CA,48.7271,48.7387,-35.704697500543595,-35.53282468949158,1.36957,0.23136,29.7936
318,71,0.6189,0.3811,CV,0.705,0.705,-3.003868770523696,-3.0136969055580662,0.03935,0.01878,7.8125
318,73,0.6187,0.3813,CV,1.1681,1.1682,-4.063077098751824,-4.0714749349175925,0.08334,-0.01163,7.8062
318,74,0.6185,0.3815,CV,1.3769,1.3821,-2.87458729482711,-2.884307971081962,-0.01196,0.00379,4.1042
318,91,0.5819,0.4181,CV,16.7881,16.4863,-43.12859764293751,-42.98221894193492,-11.66543,0.29449,265.3078
318,92,0.6149,0.3851,CV,25.8965,25.6246,-35.18848956680089,-35.187450189155726,-3.77908,3.39994,1952.6505
318,85,0.5756,0.4244,CV,2.1999,2.1887,-8.587546517132946,-8.589988064247121,0.98044,0.23729,25.9101
319,71,0.619,0.381,CV,0.8384,0.8408,-3.080829164822685,-3.0907530097783185,0.03798,-0.01372,7.8525
319,73,0.6185,0.3815,CV,0.9639,0.9628,-3.669113951231318,-3.677248656706599,0.0738,0.01355,7.831
319,74,0.6184,0.3816,CV,0.5866,0.5855,-2.5838998254076495,-2.5920453977336835,-0.0123,-0.02464,4.0507
319,91,0.5949,0.4051,CV,7.2807,6.8236,-37.44983314497347,-37.4132119858085,-9.52797,0.36322,249.4173
319,92,0.6151,0.3849,CV,27.2656,27.0447,-39.63291567690853,-39.63251818329151,-3.10402,3.34692,1970.9927
319,85,0.6068,0.3932,CV,5.3482,5.396,-7.39562290808367,-7.417857153824436,0.33365,0.09537,26.0104
320,71,0.619,0.381,CV,0.535,0.5364,-3.3082624406794676,-3.318140221355104,0.02466,0.00971,7.7423
320,73,0.6185,0.3815,CV,0.3838,0.3802,-3.4829823083467524,-3.4916356027385143,0.04848,0.01633,7.8186
320,74,0.6177,0.3823,CV,1.1659,1.1642,-2.8347462894393773,-2.840204587146818,-0.06369,-0.07914,4.0389
320,91,0.6042,0.3958,CV,5.6586,5.2906,-27.541048250620815,-27.524295294263965,-7.32232,0.42507,234.7003
320,92,0.6157,0.3843,CV,22.4023,22.1795,-41.5103697124855,-41.51203202813263,-2.41427,3.07881,1985.9848
320,85,0.6141,0.3859,CV,7.1887,7.2075,-21.03379017157759,-21.041235957203188,-0.0381,0.04698,24.9117
321,71,0.6185,0.3815,CV,1.4084,1.4095,-3.494967662072915,-3.502656239935796,0.01214,-0.01422,7.8602
321,73,0.6167,0.3833,CV,2.5163,2.5143,-4.795500449545419,-4.796606381485841,-0.01909,0.013,8.0959
321,74,0.6177,0.3823,CV,2.3202,2.3255,-4.544325699878606,-4.550450839026814,0.08561,0.07383,4.0269
321,91,0.616,0.384,CV,2.6465,2.6245,-19.12143888489888,-19.140622834822604,-4.42189,0.4124,221.0556
321,92,0.6157,0.3843,CV,24.0741,23.8572,-47.46908618028166,-47.47001528746906,-2.22767,2.7914,1991.3381
321,85,0.6155,0.3845,CV,3.4265,3.4176,-14.293198411875082,-14.295398613640078,-0.21042,-0.06567,24.7699
322,71,0.6186,0.3814,CV,0.8525,0.8543,-3.1853741572551177,-3.1943506268154813,-0.04593,-0.01558,7.8199
322,73,0.6169,0.3831,CV,1.1969,1.1897,-3.749204868526347,-3.753640802284528,-0.03147,-0.03327,8.2715
322,74,0.6177,0.3823,CV,0.9754,0.9733,-3.4918634495547662,-3.498224956031417,0.0644,0.0833,4.0862
322,91,0.6202,0.3798,CV,1.8832,1.9409,-14.388010686507162,-14.407296459604806,-2.48972,0.37592,209.4847
322,92,0.6173,0.3827,CV,12.001,11.8998,-39.18399435712,-39.19181992518425,-2.01014,2.05466,2040.6434
322,85,0.6153,0.3847,CV,3.8267,3.8138,-12.248085307204974,-12.247813713614828,-0.41751,-0.16668,25.1879
323,71,0.6185,0.3815,CV,0.988,0.9884,-3.4195607411953577,-3.427946954580913,-0.04701,-0.03669,7.666
323,73,0.618,0.382,CV,0.6141,0.6206,-3.481531700705834,-3.490374875352074,-0.02738,-0.03324,8.2331
323,74,0.6165,0.3835,CV,1.7955,1.7938,-3.9941693983023185,-3.9956149972574453,0.0407,0.03656,4.2652
323,91,0.6204,0.3796,CV,4.5191,4.5252,-15.312688868893781,-15.327054338242275,-1.35375,0.25534,196.1576
323,92,0.6176,0.3824,CV,39.8778,39.9327,-29.41917206185564,-29.425467215778912,-1.95207,0.34407,2164.255
323,85,0.6173,0.3827,CV,2.4035,2.4011,-7.046831165359253,-7.054913910871417,-0.30877,-0.19471,26.0274
324,71,0.6183,0.3817,CV,0.9787,0.9773,-3.1214654246292595,-3.129279682621831,-0.08685,-0.02925,7.6998
324,73,0.6181,0.3819,CV,1.8229,1.8264,-3.7200077570217758,-3.7276749916515612,-0.02038,0.00273,8.0332
324,74,0.6185,0.3815,CV,0.8758,0.8836,-2.779930613526682,-2.7913165117255474,0.02283,0.01409,4.2009
324,91,0.6007,0.3993,CV,21.1304,21.0647,-12.624256264121895,-12.555354024237575,-3.09829,0.7671,178.8312
324,92,0.616,0.384,CV,43.7095,43.6071,-22.80817197531491,-22.807395557848356,-1.67946,-0.49769,2325.5334
324,85,0.6166,0.3834,CV,2.802,2.7824,-6.272731773394018,-6.275220706143651,-0.33136,-0.24913,26.5082
325,73,0.6177,0.3823,CV,1.4151,1.4112,-3.7590014048025475,-3.7646162547047366,0.01393,0.01227,7.8831
325,74,0.6182,0.3818,CV,1.1973,1.1988,-2.799893497248765,-2.8073583300980665,-0.01508,0.02884,4.0895
325,91,0.6203,0.3797,CV,12.6722,12.8479,-9.880769242740232,-9.923078170663912,-0.26861,0.31568,171.5357
325,92,0.6164,0.3836,CV,17.5245,17.3238,-20.793004348171728,-20.7966193799832,-1.39186,-0.47705,2443.6856
325,85,0.6169,0.3831,CV,2.9548,2.9457,-7.615446955066474,-7.620049519829982,-0.31654,-0.15789,26.1512
325,71,0.6182,0.3818,CV,1.0354,1.0342,-3.226101999195139,-3.2337801570273323,-0.06979,0.00733,7.8262
326,73,0.6188,0.3812,CV,0.3508,0.3578,-3.2056997125357434,-3.2169069380182753,0.01535,0.01282,7.9403
326,74,0.6183,0.3817,CV,0.7177,0.7162,-2.1596712618528087,-2.167667508616622,-0.04877,-0.00702,4.0614
326,91,0.6145,0.3855,CV,16.4962,16.5126,-12.613054920353122,-12.602194465579238,1.50261,-0.09156,165.5532
326,92,0.6173,0.3827,CV,6.2806,6.2637,-18.609356862465244,-18.616021379221984,-0.68472,-0.05274,2539.889
326,85,0.6165,0.3835,CV,3.6172,3.6096,-11.08238262369651,-11.085046561411904,-0.23685,0.00497,25.4792
327,73,0.6186,0.3814,CV,1.7133,1.7166,-3.5681767470432844,-3.5767925307414865,0.03626,-0.01603,8.1765
327,74,0.6179,0.3821,CV,1.0641,1.0621,-2.71606989824598,-2.7222430399177933,-0.07156,-0.07263,4.0533
327,91,0.6124,0.3876,CV,9.2383,9.1585,-11.383775823025427,-11.372560765641705,1.68047,0.07871,157.9806
327,92,0.6171,0.3829,CV,35.511,35.5002,-22.441757683888298,-22.446254116350914,-2.25127,0.18748,2621.6643
327,85,0.6162,0.3838,CV,2.7168,2.6973,-11.693357032325277,-11.695189887105197,-0.16266,0.01839,24.8579
328,73,0.6184,0.3816,CV,2.0993,2.1032,-4.144982560917606,-4.152869460670032,-0.10132,0.03598,8.0677
328,74,0.619,0.381,CV,1.0323,1.0378,-2.3995411638541357,-2.4110464704218515,0.00027,-0.01084,4.1149
328,91,0.6131,0.3869,CV,6.5011,6.4134,-9.181698272912714,-9.17663325116616,1.53454,0.00448,151.6089
328,92,0.6157,0.3843,CV,48.9146,48.8096,-20.97879592649158,-20.97775346492896,-4.02415,0.60708,2695.3985
328,85,0.6182,0.3818,CV,1.7549,1.756,-7.237659346780921,-7.248151823140935,-0.23333,-0.00483,24.8677
329,73,0.6187,0.3813,CV,0.4329,0.4338,-3.1199740565586525,-3.129636558879346,-0.04616,0.0372,7.9944
329,74,0.6188,0.3812,CV,0.3822,0.3815,-2.161437523605782,-2.1706257166138436,0.01585,0.00441,4.1415
329,91,0.6153,0.3847,CV,3.627,3.5466,-8.210883336191065,-8.213806712561357,1.20531,0.01213,146.7242
329,92,0.6147,0.3853,CV,45.9628,45.7663,-21.36615798881813,-21.362766339914682,-4.76505,0.98743,2744.8444
329,85,0.6177,0.3823,CV,2.498,2.4887,-5.689059120459007,-5.694912717051275,-0.30137,-0.11675,24.7581
330,73,0.6188,0.3812,CV,0.4282,0.4276,-3.096025865314105,-3.1056070394097346,-0.04779,0.00041,7.9751
330,74,0.6188,0.3812,CV,0.7635,0.7651,-2.290089338686454,-2.2993243653359703,0.01475,-0.02058,4.0656
330,91,0.6157,0.3843,CV,5.8522,5.8041,-7.533932545709751,-7.535258306107524,1.07034,0.17627,144.2645
330,92,0.6136,0.3864,CV,45.7037,45.4214,-19.16010883373896,-19.15363941988746,-5.65306,1.55821,2812.6886
330,85,0.6154,0.3846,CV,3.7676,3.7494,-6.676193586401633,-6.672737313605148,-0.45379,-0.15002,24.3446
330,95,0.7,0.3,CV,2.7043,2.7043,-5.401834785084153,-5.401834785084153,0.0,0.0,16.3139
331,73,0.6181,0.3819,CV,1.7052,1.7049,-4.03196127947346,-4.038549819489868,0.02349,0.02123,7.7417
331,74,0.6182,0.3818,CV,1.2952,1.2961,-2.59060278152186,-2.597436818923799,-0.07074,0.03349,4.0288
331,91,0.6149,0.3851,CV,9.1407,9.1089,-9.34484656344563,-9.34225135282049,1.05546,0.27285,137.1211
331,92,0.6131,0.3869,CV,42.9467,42.602,-18.37970527835651,-18.372613029738574,-6.28288,1.77003,2891.359
331,85,0.6185,0.3815,CV,2.5023,2.5218,-6.232422403277376,-6.245744722320142,-0.16873,-0.06825,24.5513
331,95,0.6334,0.3666,CV,10.6792,10.6792,-11.911492397777891,-11.861061416025311,0.16381,2.14699,24.2461
332,73,0.6185,0.3815,CV,2.0988,2.1045,-3.7540403334991814,-3.762978066844392,0.08533,-0.00874,7.9125
332,91,0.6131,0.3869,CV,8.6493,8.5908,-10.773832049877207,-10.764887438284402,1.18054,0.34843,130.8553
332,92,0.6134,0.3866,CV,37.3785,37.0036,-16.611541770653837,-16.60660712902141,-6.45978,1.33983,2969.7931
332,85,0.619,0.381,CV,1.1943,1.2024,-6.024047658006168,-6.0344836084679,-0.0437,-0.06708,24.2084
332,74,0.6176,0.3824,CV,1.9224,1.9252,-3.2897188990478057,-3.294919648305816,0.06529,0.08608,4.0878
333,73,0.6179,0.3821,CV,1.7953,1.7949,-3.832395657778373,-3.838319981828162,-0.00018,0.03697,8.1261
333,91,0.613,0.387,CV,7.5239,7.463,-9.094942375019409,-9.088454335462028,1.33696,0.22647,127.4058
333,92,0.6149,0.3851,CV,27.695,27.3669,-15.282514338310458,-15.283510895839807,-5.8604,0.94807,3081.5464
333,85,0.6185,0.3815,CV,1.6509,1.6496,-5.200858809555998,-5.208946517950298,0.00965,-0.10598,24.2692
333,95,0.5,0.5,CA,0.9275,0.9468,-6.205236144431285,-6.312366971254073,0.40981,1.10716,51.8885
333,74,0.618,0.382,CV,1.3161,1.3184,-2.705685303571604,-2.7134178447629056,0.02618,-0.00331,4.1929
334,74,0.0,1.0,CA,173.6873,173.6887,-9432.946954530516,-9375.206271233892,-11.40929,1.02715,4.4949
334,91,0.6116,0.3884,CV,8.9849,8.9163,-8.544952723240385,-8.532306837052086,1.53352,0.14303,124.4113
334,92,0.6159,0.3841,CV,23.1562,22.8299,-15.020731238126146,-15.02363888392178,-5.10658,0.90239,3181.5039
334,85,0.6183,0.3817,CV,2.006,2.005,-5.727743034737115,-5.735403831279124,0.13425,-0.09092,24.1051
334,95,0.5954,0.4046,CV,1.5856,1.58,-5.027304125264666,-5.1112061594443094,0.57243,1.45786,55.381
334,73,0.6135,0.3865,CV,5.1765,5.1825,-13.234565630397704,-13.223071568922485,-0.0769,0.14736,7.4018
335,73,0.6182,0.3818,CV,0.6994,0.7125,-3.4766636142671326,-3.4913460979350797,-0.06478,0.05003,7.3189
335,74,0.0501,0.9499,CA,127.339,127.5681,-5368.973301517099,-5366.435472015858,3.17426,-0.4193,5.0386
335,91,0.6123,0.3877,CV,8.428,8.3721,-8.137009565540563,-8.129657532453963,1.42101,-0.01726,123.968
335,92,0.616,0.384,CV,28.8194,28.5323,-15.31609842395134,-15.317708978664399,-4.97559,0.91573,3257.5112
335,85,0.6183,0.3817,CV,1.0158,1.0076,-5.930310716014183,-5.938208194340152,0.13431,-0.09184,23.9508
335,95,0.6289,0.3711,CV,1.3388,1.4027,-4.934894210785681,-5.0219553027483395,-0.24147,0.46373,54.5389
336,73,0.6192,0.3808,CV,1.1698,1.1749,-3.0151381614541886,-3.027034365810805,-0.0718,0.00891,7.3613
336,74,0.0079,0.9921,CA,48.8078,48.7185,-772.3252485537307,-767.8310043270163,12.99021,-1.35512,5.9916
336,91,0.6138,0.3862,CV,8.3861,8.3498,-14.087117646235544,-14.084823322250376,1.02433,-0.03811,126.0912
336,92,0.6162,0.3838,CV,31.2405,31.0407,-14.80358668198821,-14.806340629749648,-4.17901,1.49504,3280.6868
336,85,0.618,0.382,CV,2.2408,2.2383,-5.297682558030876,-5.304319733330731,0.10514,-0.09291,24.4126
336,95,0.6267,0.3733,CV,4.3681,4.3894,-5.75368926756463,-5.781754823442016,0.28047,-1.0647,50.2425
337,73,0.6165,0.3835,CV,2.9581,2.958,-5.2698964828665975,-5.268919059822266,0.00574,-0.0596,7.6031
337,74,0.027,0.973,CA,14.9241,14.658,-74.3802201929274,-71.18787592346706,17.53016,-1.77223,7.4022
337,91,0.6091,0.3909,CV,16.245,16.1831,-33.66531308826149,-33.64137986764677,1.14291,-0.08472,132.524
337,92,0.6133,0.3867,CV,56.9623,56.7067,-18.95530467173493,-18.945455712139836,-5.52348,2.4768,3257.3857
337,85,0.6182,0.3818,CV,2.6033,2.6068,-7.645928849555892,-7.6538956215894025,0.12774,-0.09423,23.9024
337,95,0.6316,0.3684,CV,2.0633,2.1329,-4.862020412938904,-4.914365424210095,0.31185,-0.14787,46.2356
338,73,0.615,0.385,CV,2.096,2.0844,-4.195582923331731,-4.192486041491337,0.04562,-0.08259,7.819
338,74,0.3104,0.6896,CA,2.178,1.7989,-3.9562594665758843,-3.52443066108862,18.3053,-1.82631,8.8456
338,91,0.6081,0.3919,CV,15.3537,15.2788,-36.02842135156469,-36.00678588509213,1.47529,0.09806,135.6674
338,92,0.613,0.387,CV,40.7907,40.4063,-17.936742545314818,-17.929570432554705,-5.98329,2.56534,3263.266
338,85,0.6162,0.3838,CV,4.0864,4.0785,-10.529926375053368,-10.529203590367658,0.32167,-0.06737,23.2609
338,95,0.6253,0.3747,CV,4.308,4.3276,-5.782208389984584,-5.800217287950648,-0.12019,0.27096,43.2739
339,73,0.6172,0.3828,CV,0.4403,0.4414,-3.193138944092112,-3.201351983202078,0.04353,-0.06587,7.7864
339,91,0.6101,0.3899,CV,10.4277,10.3437,-42.58257397885229,-42.57094320277109,1.46647,-0.00365,137.8243
339,92,0.6153,0.3847,CV,20.2101,19.8274,-17.06700029197514,-17.070419787478237,-5.13741,2.00337,3304.2832
339,85,0.6155,0.3845,CV,3.0157,2.9972,-9.113791638136059,-9.113066106027954,0.38826,-0.15817,23.002
339,95,0.6234,0.3766,CV,2.9262,2.9448,-5.5543132839645954,-5.573797100391167,0.23688,0.04054,39.8318
339,74,0.7114,0.2886,CV,3.1478,3.6956,-4.897374359532442,-5.764913652020159,8.32487,-0.81821,11.7038
340,73,0.6178,0.3822,CV,0.684,0.6819,-3.2470383937737854,-3.254366290614974,0.05494,-0.06688,7.7811
340,74,0.6779,0.3221,CV,3.9593,4.2375,-6.308454344436056,-6.438081657968652,-3.51561,0.44194,12.1103
340,91,0.6122,0.3878,CV,8.9716,8.9035,-56.48684408587805,-56.48113831246622,1.38715,-0.17185,139.7782
340,92,0.6159,0.3841,CV,26.1383,25.8195,-17.118153576760392,-17.120296066449548,-5.02997,1.74829,3332.0728
340,85,0.6173,0.3827,CV,2.3329,2.3332,-5.800861453110113,-5.808951263494326,0.27896,-0.15307,23.3505
340,95,0.6216,0.3784,CV,2.3945,2.4069,-5.1302697926539205,-5.144866786845936,-0.07552,0.0175,37.2761
340,96,0.7,0.3,CV,1.6157,1.6157,-4.231502431040504,-4.231502431040504,0.0,0.0,8.0715
341,91,0.6124,0.3876,CV,11.2069,11.1534,-67.24281377404058,-67.23517795815475,1.41605,-0.39947,139.7582
341,92,0.6162,0.3838,CV,25.2256,24.9219,-17.14534446879866,-17.147957065042203,-4.85257,1.44457,3345.1695
341,85,0.6164,0.3836,CV,3.431,3.4208,-5.387884968195429,-5.389449501902796,0.26442,-0.12611,24.0168
341,73,0.6171,0.3829,CV,1.6229,1.6189,-3.93367218434388,-3.9376122308933645,0.08801,-0.02497,8.0321
341,74,0.4814,0.5186,CA,4.866,4.743,-7.891792100338495,-7.253912231973144,-6.99325,0.96143,12.2309
341,95,0.6203,0.3797,CV,1.6148,1.619,-6.433142649055956,-6.444582142396698,-0.05382,-0.09355,34.9219
341,96,0.6472,0.3528,CV,1.9847,1.9847,-3.895640680070465,-3.905170446422024,-0.00078,-0.03558,11.3025
342,91,0.6132,0.3868,CV,8.2605,8.1884,-81.61583915359006,-81.61089595695864,1.36036,-0.42673,140.5488
342,92,0.6163,0.3837,CV,27.1526,26.8915,-15.97907808383901,-15.981654295233337,-4.88798,1.02047,3374.2547
342,85,0.6161,0.3839,CV,2.752,2.7345,-5.696489196199571,-5.698093202577833,0.31554,-0.14819,24.1189
342,96,0.6403,0.3597,CV,1.1877,1.1707,-3.4594050237333986,-3.5188334809261193,-0.53841,0.63315,16.4884
343,91,0.6117,0.3883,CV,12.152,12.0969,-86.19673515315517,-86.18437877491792,1.37586,-0.27227,137.2817
343,92,0.6161,0.3839,CV,33.5012,33.3036,-13.77603657567775,-13.777957569558819,-4.89729,0.31395,3447.8923
343,85,0.6168,0.3832,CV,1.8717,1.8573,-5.311334973568215,-5.316083778870855,0.21606,-0.19316,24.3287
343,96,0.641,0.359,CV,1.5141,1.4844,-4.320339715299172,-4.393189477758729,-1.53259,0.53347,19.7485
344,91,0.5962,0.4038,CV,21.4977,21.426,-85.20920385564156,-85.13434510622314,1.78403,0.42652,128.0415
344,92,0.6161,0.3839,CV,36.4313,36.2609,-12.820593313963116,-12.822499511909722,-4.1847,-0.37179,3570.7946
344,85,0.6168,0.3832,CV,2.3198,2.3074,-6.372119681693396,-6.376254514504498,0.25466,-0.18431,24.343
344,95,0.5,0.5,CA,1.2701,1.2721,-6.010140842733787,-6.022917070089393,0.02041,0.01154,32.679
344,96,0.6375,0.3625,CV,3.1927,3.2478,-5.068041840105561,-5.124527323195574,0.94808,1.21187,20.8802
345,91,0.5729,0.4271,CV,21.0663,20.9415,-69.02513621411973,-68.8771643490219,3.48688,1.38084,124.1651
345,92,0.6175,0.3825,CV,16.5931,16.5766,-12.688386291419278,-12.696343108154938,-2.99078,-0.53892,3581.4172
345,85,0.617,0.383,CV,2.0218,2.0075,-5.400120792442674,-5.404685479170356,0.25888,-0.13715,24.7883
345,96,0.6427,0.3573,CV,1.2314,1.2941,-3.7077583245989496,-3.7921886996307452,0.46469,0.29461,20.2978
345,95,0.577,0.423,CV,1.4194,1.4215,-5.029288020391654,-5.037404769160062,-0.06485,-0.04445,30.3143
346,92,0.6184,0.3816,CV,23.3319,23.4486,-12.6110810457997,-12.620646475132508,-0.77769,-0.63354,3570.5218
346,85,0.6165,0.3835,CV,3.0352,3.0217,-5.421680331759658,-5.423839600170533,0.24878,-0.13962,25.71
346,96,0.6321,0.3679,CV,1.8692,1.8582,-4.242789783079274,-4.273565441589546,0.29852,0.03284,18.7205
346,95,0.6039,0.3961,CV,2.6798,2.6815,-5.140185391944906,-5.148264431920213,0.01875,0.07101,28.8841
347,92,0.6175,0.3825,CV,43.2756,43.2544,-13.075459387627282,-13.079910619804496,0.68514,0.03825,3498.0135
347,85,0.6163,0.3837,CV,3.1021,3.0889,-6.051335614452711,-6.053692175977189,0.14446,-0.2131,26.6917
347,95,0.6127,0.3873,CV,2.4196,2.4093,-4.912031528256946,-4.917843984580743,0.06015,0.1015,27.5817
347,91,0.5,0.5,CA,35.3022,35.1084,-62.87951455302883,-62.456877647281026,6.45484,1.35754,116.043
347,96,0.6248,0.3752,CV,1.5267,1.4952,-3.813955962332331,-3.8288643108768965,0.25882,-0.20533,16.9732
347,97,0.7,0.3,CV,0.7534,0.7534,-4.242268252609908,-4.242268252609908,0.0,0.0,7.8141
348,92,0.6173,0.3827,CV,25.845,25.6712,-12.553645870105488,-12.558555849800221,1.1995,-0.28922,3455.4711
348,85,0.617,0.383,CV,3.2852,3.2846,-7.0130204745110465,-7.018439586954034,-0.08328,-0.16892,27.5176
348,95,0.6173,0.3827,CV,3.3436,3.3573,-5.281002507977326,-5.292806129507864,0.01078,0.15996,27.5749
348,91,0.4641,0.5359,CA,23.4325,23.1381,-43.52173802284354,-43.07557569984412,8.81415,2.93378,113.5826
348,96,0.6204,0.3796,CV,1.9143,1.8987,-4.022956437869002,-4.030237992868098,0.48307,-0.16414,15.3856
349,92,0.6153,0.3847,CV,45.5992,45.4102,-12.994849613283494,-12.991850533334027,3.448,-0.27786,3376.9282
349,85,0.6176,0.3824,CV,4.7686,4.7788,-6.0846184705252915,-6.091714306820034,-0.15621,-0.08454,26.8453
349,95,0.6176,0.3824,CV,3.8426,3.8463,-6.579768747376017,-6.586298091764948,-0.27159,0.02672,26.7295
349,91,0.4884,0.5116,CA,35.0011,34.9079,-49.04167999160752,-48.74438843467683,9.18968,0.3476,124.8441
349,97,0.5,0.5,CA,1.1716,1.1716,-3.7903597663371396,-3.8576836377126247,-0.708,-0.0,18.0245
349,96,0.6246,0.3754,CV,1.4213,1.4523,-3.5506899562471426,-3.582270150130382,0.11889,-0.00343,13.9771
350,92,0.6133,0.3867,CV,44.581,44.2727,-13.524002705836565,-13.515304522268625,5.12879,-0.74052,3281.9368
350,85,0.6163,0.3837,CV,3.8947,3.8833,-8.3194958025836,-8.32003090054135,-0.27631,-0.22543,26.8042
350,96,0.6184,0.3816,CV,3.9317,3.938,-5.599819303586452,-5.599001721003616,0.16844,-0.15337,13.3475
350,95,0.6182,0.3818,CV,4.1994,4.2104,-5.676822145910576,-5.685407543497188,0.06196,0.17266,26.5281
350,91,0.4824,0.5176,CA,22.3535,21.9739,-17.576102298057275,-17.219921923175264,11.874,0.18019,121.2282
350,97,0.6016,0.3984,CV,1.1474,1.1771,-3.586208711909621,-3.6960164337903603,0.15327,0.77433,21.8059
351,92,0.6123,0.3877,CV,38.6396,38.2389,-13.785213025004902,-13.775208211820813,5.78772,-0.86365,3169.1925
351,85,0.6117,0.3883,CV,6.9235,6.9059,-19.98374163556325,-19.966676314905687,-0.66023,-0.29709,27.2948
351,95,0.6183,0.3817,CV,1.5617,1.5595,-5.602046314083527,-5.610273928404065,-0.01383,0.08783,26.4716
351,91,0.4575,0.5425,CA,16.1092,15.5902,-11.606796470964557,-11.159201411208489,14.96683,-0.02122,123.2777
351,97,0.6387,0.3613,CV,0.6184,0.6401,-3.4396142230383253,-3.5597834503270036,0.25999,0.28189,22.1797
352,92,0.6121,0.3879,CV,34.1751,33.7496,-14.0898257833285,-14.080726272857337,6.23283,-1.24552,3049.9241
352,95,0.6174,0.3826,CV,3.2,3.1957,-5.588285908007046,-5.592491089609238,0.06642,-0.03833,26.8246
352,91,0.4776,0.5224,CA,11.3116,10.7226,-9.787760639173953,-9.456607635861278,16.78719,-0.90143,126.6552
353,92,0.6144,0.3856,CV,22.6677,22.2907,-13.288466630777167,-13.289000677506388,5.72439,-1.65894,2945.7468
353,91,0.5003,0.4997,CV,8.5832,7.9016,-10.266210811136595,-9.99691681196873,17.90963,-1.2049,128.93
353,85,0.5,0.5,CA,11.1573,11.1282,-59.43571900434149,-59.39404218972518,-1.01655,-0.15422,30.743
354,92,0.6162,0.3838,CV,17.7778,17.4772,-13.153101620225543,-13.158023030846664,4.58869,-2.15491,2834.4719
354,91,0.5047,0.4953,CV,9.1787,8.503,-14.146132475844755,-13.8621383059624,19.18448,-1.38709,131.5054
354,85,0.5624,0.4376,CV,8.9731,8.9254,-56.340605481952934,-56.28936468723,-1.37329,-0.04076,29.0023
354,97,0.5,0.5,CA,0.8034,0.8134,-4.811016804219922,-4.885889375401068,-0.1387,-0.00521,19.0184
354,95,0.5,0.5,CA,4.443,4.4533,-6.477559882741587,-6.486952298530543,0.08945,0.06203,27.208
355,92,0.6175,0.3825,CV,14.2468,14.0455,-12.717676181882759,-12.725508894602624,3.40981,-2.32137,2729.5626
355,91,0.5399,0.4601,CV,6.0087,5.2861,-23.9948476864987,-23.8458152713356,17.78919,-1.56047,131.7347
355,85,0.5757,0.4243,CV,27.3216,27.3925,-44.84349119005661,-44.75640248460931,1.74183,-0.28222,30.2723
355,95,0.5764,0.4236,CV,2.8151,2.8118,-5.182990048206322,-5.188693040734835,0.28315,0.0722,26.5143
356,92,0.6174,0.3826,CV,21.1552,21.0007,-11.781108608988841,-11.786399431045696,3.15271,-2.41218,2647.6141
356,91,0.5557,0.4443,CV,7.525,7.0685,-49.83931977642993,-49.70351797263132,16.24533,-1.83704,124.719
356,85,0.5654,0.4346,CV,12.2126,12.1162,-16.957158757245892,-16.808724010445538,2.34732,-0.4307,31.1967
356,95,0.6045,0.3955,CV,2.1902,2.2,-5.4447678887633755,-5.456198634896884,0.11186,-0.06605,26.9993
357,92,0.6151,0.3849,CV,39.676,39.5126,-13.357945834158183,-13.353850660012549,4.13305,-2.25994,2609.5006
357,91,0.5952,0.4048,CV,6.4521,6.3482,-41.35860401779418,-41.361673143320516,11.50942,-1.68957,120.1589
357,85,0.3885,0.6115,CA,31.4259,31.2989,-95.99236504240986,-95.14190305758055,5.31484,-1.19218,32.4233
357,95,0.614,0.386,CV,2.8366,2.842,-5.232263889347508,-5.242330009435676,-0.13599,-0.13327,26.8376
358,92,0.6135,0.3865,CV,38.1399,37.8754,-14.289946720927128,-14.282497510066559,4.27739,-2.90835,2575.5332
358,91,0.6219,0.3781,CV,4.414,4.5238,-43.02197929170205,-43.07943305390365,5.92719,-1.08145,111.3501
358,85,0.4941,0.5059,CA,6.7384,6.5,-23.889919182980673,-23.722277072538816,5.24739,-1.63075,34.692
358,95,0.617,0.383,CV,1.8203,1.8133,-5.011887320293326,-5.020886559192758,-0.09485,-0.19028,26.4779
359,92,0.6145,0.3855,CV,39.7257,39.6151,-16.876596839520516,-16.875677195827848,2.79352,-1.40679,2613.5113
359,91,0.6093,0.3907,CV,10.9643,10.8774,-21.474314646614303,-21.438900661386292,4.49431,-0.9374,106.9025
359,85,0.5972,0.4028,CV,6.1119,6.2933,-11.61388596112943,-11.713964516055828,2.33361,-1.34378,36.7012
359,95,0.6188,0.3812,CV,1.4253,1.433,-4.825265944568104,-4.837320266467273,-0.03718,-0.00361,26.2421
359,97,0.5,0.5,CA,1.4798,1.4811,-6.205618146984324,-6.22274008003318,0.04493,-0.05154,13.199
360,92,0.6164,0.3836,CV,11.1639,10.9556,-17.660554953287477,-17.666129559173868,1.7024,-0.85864,2614.3998
360,91,0.5742,0.4258,CV,12.2616,12.0394,-17.46762707904083,-17.305763705569053,6.79729,-1.14072,101.3885
360,85,0.6147,0.3853,CV,7.9165,7.9872,-8.004210142598374,-8.028150379589357,-0.0386,-0.92758,37.895
360,95,0.6188,0.3812,CV,1.5393,1.5337,-5.154559805481048,-5.164035085071791,-0.1153,0.02059,25.8202
360,97,0.5775,0.4225,CV,0.0957,0.096,-3.1828125479583647,-3.1929784046501855,0.03543,-0.03588,11.745
361,92,0.6178,0.3822,CV,20.0346,20.1053,-17.759564838185344,-17.768170887009223,0.96647,-1.4288,2558.4829
361,91,0.5309,0.4691,CV,15.0587,14.7057,-16.45544727878786,-16.169822645230845,8.73632,-1.39065,99.7757
361,85,0.607,0.393,CV,8.2078,8.1941,-8.521093368126326,-8.486875777366436,-1.30555,-0.37751,38.5608
361,95,0.6188,0.3812,CV,2.7751,2.7817,-5.155525025362433,-5.164993912734662,-0.10068,0.06073,26.2004
361,97,0.6039,0.3961,CV,1.7357,1.7347,-5.140261232866875,-5.147670862810319,0.16186,-0.01662,11.2005
362,92,0.6165,0.3835,CV,50.9071,50.9265,-17.174679593186006,-17.175717514598684,1.26534,-1.61192,2418.4147
362,91,0.554,0.446,CV,9.0556,8.6971,-23.08163311924736,-22.95191696419777,8.27344,-1.02676,97.2961
362,85,0.6022,0.3978,CV,6.8147,6.7339,-8.249652700986232,-8.206672601221126,-1.4365,-0.35557,39.615
362,95,0.6179,0.3821,CV,3.2585,3.2569,-5.4022134602623515,-5.407860100083726,0.07746,0.16308,26.5302
362,96,0.5,0.5,CA,447.1021,447.102,-292.0767834528733,-291.996436163898,0.42306,0.17261,132.7713
362,97,0.6138,0.3862,CV,0.5364,0.5278,-3.5190634373089056,-3.5293770001366553,0.1326,-0.00289,10.7272
363,92,0.616,0.384,CV,44.4942,44.4862,-43.27879753212915,-43.27990806093405,1.81048,-3.76187,2437.2241
363,91,0.6057,0.3943,CV,3.4306,3.6472,-25.127455770187417,-25.176523415206002,4.72941,-0.34257,95.827
363,85,0.6122,0.3878,CV,4.0967,4.0897,-6.434068380154591,-6.439902113911538,-0.73375,-0.3929,40.7355
363,95,0.6184,0.3816,CV,2.0653,2.0705,-5.6179137916419855,-5.626737984131996,0.13536,0.00181,26.3634
363,97,0.6169,0.3831,CV,0.9997,0.9965,-3.654964877292901,-3.66383569514098,0.07719,0.03432,10.4155
364,92,0.6146,0.3854,CV,57.3827,57.3519,-42.359438482353205,-42.355044811679164,-2.0812,-4.39972,2477.442
364,91,0.6106,0.3894,CV,3.1701,2.9809,-27.32646182944169,-27.32070269060339,3.60487,-0.37058,93.0077
364,85,0.6149,0.3851,CV,5.0406,5.0338,-6.926541109467108,-6.92907909060989,-0.21176,-0.48202,41.6484
364,95,0.6184,0.3816,CV,3.447,3.4553,-5.58933283637576,-5.597711279731997,-0.07674,-0.00034,25.6604
364,97,0.6186,0.3814,CV,0.7549,0.7611,-3.463987770549563,-3.4753293046038465,0.03306,-0.02088,9.9869
365,92,0.6147,0.3853,CV,33.2071,32.9915,-40.59019262635786,-40.58833890121681,-0.80118,-4.38866,2509.1518
365,91,0.6094,0.3906,CV,5.5833,5.4589,-35.18552863235034,-35.16754593650104,3.11294,-0.34101,87.8902
365,85,0.6154,0.3846,CV,5.7841,5.7792,-8.0193050452633,-8.020113152467777,0.23634,-0.47427,42.099
365,95,0.616,0.384,CV,7.091,7.096,-7.534801577918069,-7.533061787199637,-0.16719,-0.10915,27.1394
365,97,0.6189,0.3811,CV,0.3311,0.3326,-3.984958484613634,-3.994965226344318,0.00444,-0.0216,9.6404
366,92,0.6143,0.3857,CV,50.6151,50.518,-51.25053044266227,-51.24693563242827,2.19339,-3.7592,2555.3512
366,91,0.6001,0.3999,CV,8.5428,8.409,-18.15634495285186,-18.101092989110512,3.28515,-0.51044,86.0176
366,85,0.6138,0.3862,CV,6.214,6.188,-6.861129724898241,-6.854513418853288,0.47123,-0.3924,43.6614
366,95,0.618,0.382,CV,6.0917,6.112,-18.817657491305003,-18.827839025076457,0.17773,-0.03012,26.3582
366,97,0.6188,0.3812,CV,0.9513,0.9521,-4.954882508674106,-4.964116201436746,-0.013,0.01608,9.2484
367,92,0.6133,0.3867,CV,49.0499,48.834,-43.851996130813646,-43.84473000048276,2.81316,-2.70361,2670.4627
367,91,0.5891,0.4109,CV,10.9615,10.8077,-27.352700316423647,-27.265343825966,3.55748,-0.78319,82.0625
367,85,0.6134,0.3866,CV,6.2009,6.1743,-7.830992893281066,-7.8250263053974445,0.51744,-0.51587,44.0063
367,97,0.6189,0.3811,CV,0.5862,0.5883,-3.0926268873488576,-3.1023630748918087,-0.02193,0.02212,9.0609
368,92,0.6111,0.3889,CV,65.7282,65.45,-49.07819134835225,-49.06303499201178,4.26565,-2.03584,2827.5994
368,91,0.591,0.409,CV,7.6401,7.464,-22.188918726720743,-22.12577672561212,3.35176,-0.62521,78.531
368,85,0.6089,0.3911,CV,10.2565,10.2239,-8.603728912673729,-8.579375546601167,0.92854,-0.41978,45.6393
368,97,0.6185,0.3815,CV,1.0955,1.0946,-3.647126474965636,-3.6551388629848574,-0.07971,0.02005,8.7692
369,92,0.6135,0.3865,CV,30.83,30.5013,-32.23766856493365,-32.235990474626206,2.93543,-1.67629,2970.975
369,91,0.6062,0.3938,CV,9.9344,9.932,-10.013160791068088,-10.010544072285096,2.24939,-0.11167,79.8555
369,85,0.6084,0.3916,CV,7.6615,7.6081,-7.3921807300882705,-7.372262765634693,1.00346,-0.46471,46.5308
369,97,0.6179,0.3821,CV,2.1433,2.1459,-3.872496606927354,-3.8786613350880117,-0.0228,0.01589,8.8533
370,92,0.6145,0.3855,CV,32.732,32.4534,-27.688466043072168,-27.687722879157434,3.15235,-1.5257,3098.9423
370,91,0.6129,0.3871,CV,4.5823,4.5424,-8.492888203090828,-8.4957174835794,1.40228,0.00617,80.2326
370,85,0.6067,0.3933,CV,8.8919,8.8362,-7.978511502535275,-7.952461178341947,1.16243,-0.38119,48.6057
370,97,0.6184,0.3816,CV,1.0834,1.0866,-3.760804697142301,-3.769750011655131,-0.05741,0.03656,8.6388
371,92,0.6159,0.3841,CV,25.0286,24.8494,-24.028241753817166,-24.031637612939182,3.15545,-1.44746,3195.4114
371,91,0.6149,0.3851,CV,4.1358,4.0899,-11.33370938290173,-11.335337533424141,1.17916,-0.06624,77.9399
371,85,0.6058,0.3942,CV,9.1438,9.0867,-8.055642043877205,-8.028231836795452,1.2339,-0.4895,48.9533
371,97,0.6184,0.3816,CV,0.6975,0.6983,-3.257000877884178,-3.265355352111169,-0.00335,0.03098,8.5705
372,92,0.6157,0.3843,CV,41.5347,41.3677,-17.192597867731887,-17.193072089744838,4.28699,-1.32988,3291.2585
372,91,0.6115,0.3885,CV,7.8018,7.7452,-9.548416506992663,-9.532590907122495,1.36222,-0.2113,76.4361
372,85,0.6042,0.3958,CV,9.8601,9.7987,-9.003657396248107,-8.970920763949973,1.32175,-0.60048,51.676
372,97,0.6181,0.3819,CV,1.1392,1.1377,-3.40946043810769,-3.4162888915915097,-0.04281,-0.00206,8.6388
373,92,0.6148,0.3852,CV,49.4256,49.2033,-13.822934520492769,-13.819943969718617,5.63353,-1.12793,3383.9831
373,91,0.606,0.394,CV,10.6883,10.6169,-8.473733597089069,-8.43985927245644,1.62936,-0.34693,77.1817
373,85,0.6038,0.3962,CV,9.0555,8.9763,-8.840790548797838,-8.808423109766032,1.40953,-0.61979,53.4549
373,97,0.6181,0.3819,CV,1.635,1.637,-3.5888551483443707,-3.596245753702707,-0.09268,-0.00837,8.423
374,92,0.6166,0.3834,CV,13.6674,13.3629,-12.981329695341119,-12.987259105321693,4.27609,-0.71275,3501.1553
374,91,0.61,0.39,CV,5.3129,5.2322,-7.088461704929503,-7.0797706264350255,1.38737,-0.23232,76.4531
374,85,0.603,0.397,CV,9.2748,9.1923,-8.006581483010269,-7.971760050657136,1.44345,-0.74867,55.2875
374,97,0.6181,0.3819,CV,1.3168,1.3169,-3.48153869605793,-3.4891182743190408,-0.02518,0.02041,8.192
375,92,0.6171,0.3829,CV,22.2373,22.0282,-12.85254739567831,-12.857997360975784,3.90437,-0.45351,3591.6168
375,91,0.6165,0.3835,CV,2.8609,2.897,-7.280368107866457,-7.29309987042372,0.70242,-0.28451,75.7364
375,85,0.6024,0.3976,CV,9.479,9.3953,-8.323813132021053,-8.287518829014338,1.57311,-0.67224,56.43
375,97,0.6188,0.3812,CV,1.1366,1.1421,-3.283156782380774,-3.293453934408669,-0.00591,0.02063,8.2844
376,92,0.6173,0.3827,CV,21.219,21.0054,-13.108305764511666,-13.114084957620978,3.78601,-0.16422,3690.8547
376,91,0.6187,0.3813,CV,4.2502,4.2805,-7.668812912675402,-7.6813016881397855,0.11289,-0.2239,74.9279
376,97,0.6189,0.3811,CV,0.4833,0.4848,-3.1886762673627156,-3.1984255862567226,-0.00152,-0.01125,8.2142
376,85,0.6057,0.3943,CV,7.5681,7.4908,-7.665515304741439,-7.644109316694394,1.41432,-0.66847,59.613
377,92,0.6178,0.3822,CV,13.7729,13.5653,-12.95374567793242,-12.961224965700893,3.18942,0.0184,3790.1855
377,91,0.618,0.382,CV,6.4439,6.4491,-18.124038149624702,-18.129988688671773,-0.36774,-0.20462,75.5893
377,85,0.6014,0.3986,CV,11.5336,11.4474,-9.779099306998429,-9.734599493213071,1.68011,-0.75057,61.8765
377,97,0.6187,0.3813,CV,0.887,0.8862,-3.150472167020055,-3.1591700388267916,-0.00173,-0.01428,8.0252
378,92,0.618,0.382,CV,15.4474,15.274,-12.886211138967788,-12.89374231065352,2.89797,-0.13229,3873.1376
378,91,0.6013,0.3987,CV,29.4363,29.4521,-22.292761669066007,-22.230035648969476,1.60669,-0.5857,78.3085
378,85,0.5999,0.4001,CV,10.7274,10.6275,-8.980212782543298,-8.935792306203329,1.83418,-0.7106,63.8666
378,97,0.6188,0.3812,CV,0.4551,0.4534,-3.4081706982788114,-3.417715506570592,-0.00284,0.0178,7.9185
378,101,0.7,0.3,CV,22.3116,22.3116,-11.689434490688452,-11.689434490688452,0.0,0.0,634.5425
379,92,0.6188,0.3812,CV,18.7648,18.9136,-12.945412860319355,-12.956007800025084,0.43481,-0.0368,3953.6382
379,91,0.592,0.408,CV,18.9018,18.803,-12.08190276339744,-12.004913010938417,2.03276,-0.86378,81.1867
379,85,0.5481,0.4519,CV,29.5792,29.4837,-27.457346044460643,-27.203097249156528,3.45194,-1.34355,61.2772
379,97,0.6187,0.3813,CV,1.4716,1.475,-3.411851235235367,-3.420809185643752,-0.00363,-0.00722,8.0483
379,101,0.6457,0.3543,CV,25.9028,25.9028,-12.648584739617748,-12.651679713491628,7.82162,-2.09224,872.8864
380,92,0.6188,0.3812,CV,9.699,9.6938,-15.99489085401622,-16.004260189846608,-0.22182,-0.2784,4022.1314
380,91,0.5939,0.4061,CV,14.7833,14.6634,-10.188522032676145,-10.132889557804749,2.11325,-0.69044,85.5717
380,85,0.6168,0.3832,CV,20.3735,20.5678,-15.842665794322867,-15.947112354574251,-0.18176,-0.55484,64.3478
380,97,0.6187,0.3813,CV,1.2371,1.2401,-3.6367314481314543,-3.6460401681384775,0.04756,0.01543,7.88
380,101,0.6245,0.3755,CV,26.4995,26.2247,-16.565737234769298,-16.5593930081944,22.49094,-6.41536,1295.4953
381,92,0.6186,0.3814,CV,25.1642,25.2044,-15.027140574946962,-15.035830120963242,1.00756,-0.13382,4161.4352
381,91,0.5997,0.4003,CV,12.1243,12.0261,-9.225263104065762,-9.191267003567337,2.02437,-0.71756,85.8103
381,85,0.6055,0.3945,CV,16.7219,16.7252,-17.269328331388564,-17.225618860203248,-1.83389,0.25866,66.5565
381,97,0.6178,0.3822,CV,2.382,2.3847,-5.468509702171201,-5.473927888481153,-0.05827,-0.00966,8.0669
381,101,0.5982,0.4018,CV,31.2345,30.2545,-25.069349733306595,-24.983628146011405,36.27527,-6.56776,1651.4993
382,92,0.6175,0.3825,CV,44.7777,44.7146,-14.276337198828708,-14.280506311690136,3.41407,-0.13214,4284.8069
382,91,0.5437,0.4563,CV,36.9221,36.8237,-29.853567691402112,-29.582072869118427,4.005,-1.61991,81.1023
382,101,0.5925,0.4075,CV,24.1755,22.5074,-34.502926342781876,-34.432794959353224,38.03963,-4.20814,1863.1535
383,92,0.616,0.384,CV,50.8236,50.6343,-13.679888818526347,-13.679543456797129,5.25234,-0.23033,4378.2248
383,91,0.584,0.416,CV,4.7906,4.6041,-9.242862764973019,-9.217031110151005,3.00637,-1.50245,82.4338
383,101,0.5889,0.4111,CV,24.7807,23.2259,-54.82801906963763,-54.75115096951917,36.03791,-2.21435,1913.02
384,92,0.6152,0.3848,CV,49.3987,49.133,-13.4009545224391,-13.399026231064134,6.21817,-0.53296,4428.0107
384,91,0.6142,0.3858,CV,9.7805,9.9053,-9.2522175714608,-9.293421460298138,1.23365,-0.72742,87.401
384,101,0.5838,0.4162,CV,23.1279,21.4068,-77.42918432684883,-77.3364096753971,34.16495,-4.03442,1864.95
385,92,0.6157,0.3843,CV,31.5777,31.2409,-13.40348649813968,-13.40530460072384,5.80873,-0.7856,4513.116
385,91,0.6141,0.3859,CV,11.0483,11.04,-8.61491214834989,-8.611205693639011,0.5093,-0.44883,93.412
385,101,0.5894,0.4106,CV,19.7177,18.2118,-97.02023782867538,-96.95809556420352,29.75345,-5.81665,1768.0942
386,92,0.6163,0.3837,CV,27.4343,27.118,-13.60052422116627,-13.604065004325019,5.32808,-0.75897,4619.6599
386,91,0.615,0.385,CV,5.3277,5.2693,-7.303057861861349,-7.303510789157234,0.57622,-0.53255,95.5966
386,101,0.6035,0.3965,CV,19.8288,19.1948,-87.78339118584357,-87.77188174374928,22.37688,-4.68121,1680.5698
387,92,0.6175,0.3825,CV,13.4809,13.2322,-14.639350402404343,-14.646713701883964,3.88704,-1.00559,4705.8297
387,91,0.6137,0.3863,CV,8.1997,8.147,-7.960989178160942,-7.954239485891611,0.83739,-0.56868,97.9033
387,101,0.6093,0.3907,CV,27.5455,27.2477,-74.35912882196425,-74.35100995330811,15.06261,-3.10249,1619.0797
387,97,0.5,0.5,CA,0.5362,0.5371,-5.339690645638792,-5.348721972276856,0.00619,0.01023,9.426
388,92,0.6179,0.3821,CV,14.736,14.5248,-15.49059193077421,-15.49798613507435,3.26284,-0.86338,4804.9855
388,91,0.6134,0.3866,CV,7.2372,7.1732,-7.720440258214119,-7.714761930037317,0.86804,-0.61722,100.9426
388,101,0.5803,0.4197,CV,49.1257,48.4278,-47.151864367158936,-47.01471468666867,20.28048,-4.32296,1516.4021
388,97,0.5765,0.4235,CV,1.481,1.4815,-5.599364988798681,-5.605580286249175,0.00536,-0.01682,8.9971
389,92,0.6184,0.3816,CV,8.054,8.0111,-16.664298096413848,-16.67318652298874,2.07009,-0.51278,4924.6529
389,91,0.6118,0.3882,CV,10.4487,10.3909,-8.493460917280828,-8.481187820378581,1.04848,-0.79373,103.1483
389,101,0.5762,0.4238,CV,46.73,45.9334,-44.70723511198978,-44.59623090859594,19.50988,-3.34346,1517.3134
389,97,0.6025,0.3975,CV,3.3674,3.3722,-6.749355577517303,-6.752236463091904,0.00325,0.01203,8.5422
390,92,0.6185,0.3815,CV,13.5275,13.5164,-18.548398705386866,-18.55725544989263,1.46311,-0.58069,4974.416
390,91,0.6099,0.3901,CV,13.1624,13.1173,-14.000857204615485,-13.983245475212929,1.18581,-0.91317,101.2276
390,101,0.5739,0.4261,CV,42.3202,41.2456,-37.194614235494015,-37.07984524110449,19.73521,-3.48252,1503.622
390,97,0.6142,0.3858,CV,1.0148,1.0223,-3.646582274789446,-3.6607266437900114,0.07566,-0.02333,8.6079
391,92,0.6184,0.3816,CV,25.5847,25.5627,-20.99364350843984,-21.001793914426237,0.57531,-0.86551,4968.6148
391,91,0.6129,0.3871,CV,7.0761,7.0284,-9.632892049814066,-9.630235161478755,1.15556,-0.6223,104.9372
391,101,0.5663,0.4337,CV,52.321,51.3675,-35.27014518971874,-35.12776505343506,21.05584,-4.26994,1465.6369
391,97,0.6179,0.3821,CV,1.0337,1.0369,-3.278321969950443,-3.2908663985952695,0.06665,-0.02361,8.7593
392,92,0.6166,0.3834,CV,56.2836,56.1672,-20.178815129318963,-20.179654926557312,2.35615,-1.90345,4873.8536
392,91,0.6111,0.3889,CV,10.2657,10.1944,-9.421941835732389,-9.407638535469363,1.31287,-0.76267,108.7685
392,101,0.5574,0.4426,CV,55.8317,54.9069,-41.12368106532199,-40.95631286803262,22.53571,-5.41784,1418.6829
392,97,0.6192,0.3808,CV,0.4084,0.4104,-3.1284516506580644,-3.1407345153843997,0.04224,-0.01598,8.6587
393,92,0.6153,0.3847,CV,50.1099,49.8573,-24.20952942707381,-24.20738171721454,1.09865,-2.12557,4741.8085
393,91,0.6129,0.3871,CV,8.1219,8.0715,-14.075180211977202,-14.07096497353644,1.02168,-0.84889,108.395
393,101,0.5522,0.4478,CV,49.092,48.0966,-47.37450583609986,-47.19904936221785,23.73509,-6.32441,1371.1361
393,97,0.6192,0.3808,CV,1.0,1.0021,-3.3326512657053704,-3.3431909677641096,-0.0366,-0.00874,8.6642
394,92,0.6172,0.3828,CV,16.6289,16.2927,-21.02930821615359,-21.037098436908412,0.40895,-1.15164,4680.9247
394,91,0.6171,0.3829,CV,2.3554,2.3872,-8.01123042236606,-8.022274561167507,0.55651,-0.51062,111.3355
394,101,0.5671,0.4329,CV,28.0984,26.9128,-43.13032593632729,-43.02296443896561,22.38133,-6.11224,1338.7844
394,97,0.6191,0.3809,CV,0.3674,0.3645,-3.217417911507951,-3.2272966402342003,-0.04445,-0.00371,8.6435
395,92,0.6188,0.3812,CV,7.0972,7.0053,-18.797086121266368,-18.80886405311834,0.2762,-0.14846,4633.5709
395,91,0.6165,0.3835,CV,10.0369,10.0351,-8.302075143339472,-8.304050455094263,0.07081,-0.61688,109.1648
395,101,0.5828,0.4172,CV,20.5444,19.4104,-36.55790026733002,-36.49290993491228,19.8353,-5.13139,1304.8389
396,92,0.6193,0.3807,CV,10.8613,10.8198,-18.91663512125683,-18.92796229851696,-0.37173,0.59175,4561.4527
396,91,0.6137,0.3863,CV,12.823,12.8115,-10.778094740749207,-10.769237859524283,-0.9203,-0.39799,107.4767
396,101,0.5633,0.4367,CV,40.8282,39.8412,-24.856408162755145,-24.688966806146656,22.89691,-5.04501,1262.5357
397,92,0.6193,0.3807,CV,17.687,17.7384,-15.98803161224691,-15.998997722409484,-0.47193,1.40469,4522.033
397,91,0.6041,0.3959,CV,15.7275,15.6652,-15.311703156769813,-15.266859905406587,-1.81399,-0.17854,104.8106
397,101,0.5978,0.4022,CV,5.3609,4.1963,-29.82285901975083,-29.825516128903114,15.98192,-3.57695,1222.2451
398,92,0.6177,0.3823,CV,46.7817,46.7363,-19.598819222727403,-19.602921580967568,-3.1133,2.27746,4506.1658
398,91,0.5917,0.4083,CV,16.4387,16.3306,-17.945103972990132,-17.86270727625243,-2.65529,0.12594,102.3208
398,101,0.6136,0.3864,CV,1.6791,1.2678,-28.09527152830963,-28.11386616663335,9.97055,-2.21603,1171.4119
399,92,0.6163,0.3837,CV,42.533,42.3172,-19.216037551968157,-19.216328594840853,-4.31125,2.71539,4486.6702
399,91,0.584,0.416,CV,16.0629,15.9726,-27.068404054326678,-26.972465785135164,-2.12089,0.17264,93.9876
399,101,0.6178,0.3822,CV,4.9014,4.5735,-26.980062628567453,-26.992697083459028,6.62233,-1.15067,1114.4913
400,92,0.6161,0.3839,CV,32.4852,32.2118,-15.840604185422647,-15.84238133512411,-3.92256,3.2129,4473.5188
400,91,0.6052,0.3948,CV,9.4604,9.4799,-67.51924748997811,-67.52245109766577,-2.09404,0.61668,93.1863
400,101,0.6182,0.3818,CV,12.7718,12.6641,-18.327238220961597,-18.335757997529683,4.67852,-0.33314,1075.7832
401,92,0.6164,0.3836,CV,27.9152,27.655,-14.708895527434443,-14.712131750944632,-3.81918,3.03383,4432.7413
401,101,0.6183,0.3817,CV,11.5251,11.4288,-15.7276087413244,-15.735526955179605,3.18146,0.35921,1040.5804
402,92,0.6181,0.3819,CV,42.8524,42.997,-13.033035254666107,-13.042808694485984,0.05856,2.32271,4320.254
402,101,0.6173,0.3827,CV,11.7773,11.6272,-14.9052513657237,-14.909071001173452,2.94348,0.38543,997.7926
403,92,0.6172,0.3828,CV,47.384,47.3459,-15.009380941228013,-15.012947204396793,-3.3536,1.9035,4239.7899
403,101,0.6063,0.3937,CV,46.6155,46.5072,-22.44077448909014,-22.399786951876106,5.26902,-0.34053,919.846
404,92,0.6167,0.3833,CV,32.9212,32.7068,-15.41018237097222,-15.412966912230859,-3.61515,1.87261,4121.983
404,101,0.6155,0.3845,CV,6.5854,6.6847,-27.4183454222148,-27.43219592949253,3.09666,0.28461,885.9205
405,92,0.6182,0.3818,CV,31.8865,31.9738,-12.662407783704126,-12.672389955552598,-1.99667,2.55234,4137.0666
405,101,0.6166,0.3834,CV,9.6927,9.5573,-42.43099532442368,-42.436096160778945,2.41974,0.63728,843.4415
405,97,0.5,0.5,CA,1.9854,1.9854,-6.93860049764055,-6.943049174637792,-0.00291,0.00304,9.3136
406,92,0.6134,0.3866,CV,98.0764,98.0114,-18.623912148837398,-18.611543760186507,-1.33876,3.89492,4375.1558
406,101,0.6172,0.3828,CV,14.7637,14.7291,-32.60513587635516,-32.610879075379756,2.01898,0.94578,821.4692
406,97,0.5768,0.4232,CV,0.8349,0.8362,-3.552531227085364,-3.5598234926058487,-0.00219,0.02949,8.6976
407,92,0.6135,0.3865,CV,51.5375,51.1677,-17.106006534491033,-17.100755998386486,-0.36503,3.11637,4557.7001
407,101,0.6168,0.3832,CV,15.7723,15.7164,-36.47946508818816,-36.482975923536664,1.35742,1.22144,808.9988
407,97,0.6045,0.3955,CV,0.3666,0.3666,-3.076645287023728,-3.0877610905079034,-0.00112,-0.00401,8.6842
408,92,0.616,0.384,CV,25.5202,25.4413,-17.19180352690599,-17.197453865742105,1.09531,1.97142,4599.6344
408,101,0.6152,0.3848,CV,19.7111,19.6044,-34.24536783433842,-34.24228145990329,1.95979,1.27684,793.7744
408,97,0.6145,0.3855,CV,0.1316,0.1298,-3.043565138230123,-3.055753054796986,-0.00027,-0.01035,8.6633
409,92,0.6172,0.3828,CV,18.5323,18.5028,-16.733006930867926,-16.739840786721476,1.69737,1.12471,4645.3318
409,101,0.6169,0.3831,CV,16.5328,16.5498,-14.615496582085235,-14.622394376237438,0.39327,1.40039,782.6214
409,97,0.6179,0.3821,CV,0.0427,0.0409,-3.036789469578761,-3.0487852107391697,0.00026,-0.00835,8.6092
410,92,0.6181,0.3819,CV,20.7056,20.8419,-13.732831240519587,-13.741696217392082,-0.11673,0.20125,4708.3911
410,101,0.6171,0.3829,CV,11.7061,11.6495,-14.80399568140182,-14.808849674354924,-0.15788,1.46519,770.9645
410,97,0.6186,0.3814,CV,0.7621,0.7608,-3.3589392377292793,-3.3690146046094904,0.00053,-0.00512,8.6433
411,92,0.6182,0.3818,CV,13.6139,13.5771,-13.668986642171916,-13.67685143544078,-0.60325,-0.22535,4830.576
411,101,0.6092,0.3908,CV,56.4343,56.4093,-23.758692049854417,-23.730160791626318,-3.57605,1.37666,773.8825
411,97,0.619,0.381,CV,1.2602,1.2642,-3.562032826009726,-3.572669992420871,0.00066,-0.00254,8.3977
412,92,0.6181,0.3819,CV,21.3096,21.2533,-14.400801667300247,-14.408065517018919,-0.06796,-0.11524,5009.0893
412,101,0.601,0.399,CV,49.9,49.7164,-28.347926868894383,-28.296669829791455,-5.3895,1.38936,753.7061
412,97,0.6191,0.3809,CV,0.5294,0.5315,-3.0237662490969637,-3.0341446130012963,0.0007,0.02728,8.339
413,92,0.6181,0.3819,CV,20.3467,20.2965,-14.286283746480567,-14.293705777239946,1.04048,-0.02507,5162.4988
413,101,0.5972,0.4028,CV,38.8381,38.5492,-43.90886595890204,-43.85404454422536,-6.14438,1.88541,740.4315
413,97,0.6189,0.3811,CV,0.8049,0.8054,-3.130074711106863,-3.1395603150478655,0.05488,-0.00161,8.2876
414,92,0.618,0.382,CV,24.4399,24.3708,-14.456256026338622,-14.46318492253307,2.08617,-0.2216,5293.9639
414,101,0.5951,0.4049,CV,35.112,34.7777,-64.77542387014265,-64.71725162684079,-6.65158,2.34531,727.1912
414,97,0.619,0.381,CV,0.5921,0.5947,-3.0815472855114354,-3.0914546435603953,-0.0037,0.01923,8.2129
415,92,0.6182,0.3818,CV,9.8946,9.8467,-14.237966706811171,-14.246033573874142,1.14129,-0.39643,5456.0725
415,101,0.598,0.402,CV,27.0265,26.6711,-95.4969059031049,-95.45411083112683,-6.42585,2.746,725.3662
415,97,0.6189,0.3811,CV,0.2124,0.2118,-3.0268424967819274,-3.0362954502078323,-0.01553,0.0175,8.1433
416,92,0.6183,0.3817,CV,7.6372,7.6045,-13.958298448469694,-13.966663390421976,1.09442,-0.37717,5587.4648
416,101,0.5997,0.4003,CV,30.7181,30.4205,-134.69403809396346,-134.6536582128135,-6.12113,2.92508,741.3154
416,97,0.6186,0.3814,CV,1.0144,1.0147,-3.420638876553169,-3.428884284826573,0.03636,0.01127,8.1889
417,92,0.6176,0.3824,CV,61.7285,61.7506,-13.997162932414664,-14.001960276804297,1.54832,0.62957,5492.905
417,97,0.6183,0.3817,CV,1.3559,1.3571,-4.167950055115849,-4.175695300070067,-0.06156,0.03017,8.1984
418,92,0.6176,0.3824,CV,34.1193,34.0096,-13.240368502343141,-13.246723055325353,3.12241,-0.69537,5552.5175
418,97,0.6184,0.3816,CV,1.9255,1.9299,-3.6760689951619527,-3.6843140683840465,0.03624,-0.02683,7.9642
419,92,0.6171,0.3829,CV,68.1345,68.1518,-14.540443402601667,-14.544240319190685,4.68375,-1.15434,5858.5128
420,92,0.6153,0.3847,CV,72.9754,72.7811,-14.281790104588639,-14.278853596376207,7.01229,-2.29497,5868.5893
421,92,0.6153,0.3847,CV,62.326,62.1793,-19.316751171535415,-19.3167577258036,5.40945,-1.48239,5699.7843
422,92,0.6136,0.3864,CV,61.2953,60.9312,-19.326824057793374,-19.319333157954265,7.35005,0.17853,5614.8972
423,92,0.6136,0.3864,CV,45.4344,44.9337,-23.85325508756978,-23.848533126537095,7.94413,0.32908,5549.8254
424,92,0.6122,0.3878,CV,96.9047,96.8162,-16.54845433125467,-16.537653038019997,10.1144,-2.52877,5747.2411
425,92,0.6052,0.3948,CV,125.5257,125.0216,-16.819938632557975,-16.781935615477387,12.77666,-1.78223,6071.116
426,92,0.603,0.397,CV,109.9398,109.1713,-18.73186091598121,-18.694996157684933,14.59808,-0.51072,6220.7387
427,92,0.6034,0.3966,CV,117.7403,117.2246,-18.805310594632857,-18.77300339470228,15.48778,2.41766,6075.3685
428,92,0.5936,0.4064,CV,154.521,153.9881,-19.455726456483312,-19.382209318235844,17.34407,6.32762,5713.6088
428,102,0.7,0.3,CV,1.7121,1.7121,-12.069278921870282,-12.069278921870282,0.0,0.0,33.5284
428,103,0.7,0.3,CV,25.44,25.44,-10.991074425098924,-10.991074425098924,0.0,0.0,319.7529
428,104,0.7,0.3,CV,0.5303,0.5303,-3.120976822978236,-3.120976822978236,0.0,0.0,4.3955
428,105,0.7,0.3,CV,2.4303,2.4303,-4.379635266704835,-4.379635266704835,0.0,0.0,6.9768
429,92,0.5575,0.4425,CV,173.6256,172.7941,-26.14905969748973,-25.942304606840963,18.93027,12.69747,5224.751
429,102,0.6477,0.3523,CV,3.1279,3.1279,-9.58088828271947,-9.592687136299428,1.12471,0.85323,44.8638
429,103,0.6455,0.3545,CV,19.4929,19.4929,-10.189946189550982,-10.192194057716573,2.68223,-4.73839,438.4131
429,104,0.6445,0.3555,CV,2.3431,2.3431,-4.910024309419997,-4.907923993417605,-0.2502,-0.2502,5.7124
429,105,0.6403,0.3597,CV,3.9887,3.9887,-6.775330305886613,-6.755032059019454,-1.98927,1.15929,9.4711
429,97,0.5,0.5,CA,0.9807,0.9807,-8.721330519769698,-8.72583608432188,-0.0106,0.00766,8.7984
429,106,0.7,0.3,CV,1.1253,1.1253,-4.004923810730959,-4.004923810730959,0.0,0.0,7.4122
430,92,0.5825,0.4175,CV,41.9078,40.5282,-15.32454916689663,-15.272418815129326,13.10586,13.02694,4970.4186
430,102,0.6431,0.3569,CV,1.9875,1.9908,-7.526802180694728,-7.5974625307793024,1.23903,0.93995,65.125
430,103,0.6059,0.3941,CV,35.0845,34.9299,-12.539792333900568,-12.45523729850232,1.78834,-3.06929,693.4492
430,104,0.6463,0.3537,CV,0.5843,0.593,-2.0614981053624235,-2.151040411746247,-0.69487,0.16511,8.1934
430,105,0.5706,0.4294,CV,3.9997,3.9361,-6.887719247274816,-6.6647700652369295,-5.32992,2.6416,14.7851
430,106,0.6477,0.3523,CV,1.3852,1.3852,-3.7242188328380426,-3.7360071854828405,-0.14669,0.07888,9.7675
430,97,0.5765,0.4235,CV,0.8284,0.8286,-3.9599575911931666,-3.9659136557181913,0.0357,0.02686,8.0181
431,92,0.6024,0.3976,CV,23.5405,22.4838,-17.99318052280416,-17.986940452792027,12.32269,11.30016,4637.1805
431,102,0.6453,0.3547,CV,2.2138,2.1415,-19.73375626287865,-19.820981615007042,2.08798,1.57286,77.467
431,103,0.6333,0.3667,CV,12.2224,12.7545,-9.786051795878768,-9.876345959981753,1.45562,-7.82023,864.6921
431,104,0.6568,0.3432,CV,0.4412,0.4667,-3.895335958633128,-4.028613892226013,-0.11279,-0.2018,9.4384
431,105,0.4691,0.5309,CA,3.8742,3.622,-5.809902275924119,-5.28175519075818,-8.29541,3.86509,20.6395
431,106,0.6381,0.3619,CV,2.0665,2.0814,-4.130496989874383,-4.179458972684041,-0.83764,-0.25601,14.408
431,97,0.604,0.396,CV,0.8654,0.8676,-3.219894969730215,-3.229436970198721,-0.01899,-0.03561,7.9975
432,92,0.6152,0.3848,CV,13.2315,12.7971,-19.366394076644678,-19.38486843906461,9.65455,7.686,4238.3178
432,102,0.6466,0.3534,CV,2.0467,2.0688,-16.14826828657802,-16.237912770998893,0.39527,0.75899,81.6608
432,103,0.637,0.363,CV,5.3514,5.0723,-9.422736776427815,-9.488456276964524,0.44436,-6.96883,945.6116
432,104,0.6512,0.3488,CV,0.7958,0.7875,-3.1382268829435445,-3.230636300954354,-0.51473,-0.42348,9.5496
432,105,0.3586,0.6414,CA,4.382,3.9608,-6.418731709724202,-5.5792250348142876,-12.01005,6.65531,26.0559
432,106,0.6356,0.3644,CV,1.5483,1.4864,-4.025820901049999,-4.078328464678209,-0.68917,-0.5331,17.6699
432,97,0.6133,0.3867,CV,1.5864,1.5867,-3.9702897523412557,-3.978021477858121,-0.02592,0.01655,8.2406
433,92,0.6205,0.3795,CV,11.766,11.6955,-21.417142009706346,-21.438850024390554,7.18672,3.97829,3828.9804
433,102,0.641,0.359,CV,3.4473,3.4952,-9.64182973851188,-9.704974560832488,-1.12606,0.29119,79.4656
433,103,0.5809,0.4191,CV,49.4613,49.4325,-30.668568860841376,-30.493126003655973,17.67634,-4.82371,987.6104
433,105,0.4804,0.5196,CA,1.8392,1.2994,-3.798957469030701,-3.6185206541837833,-11.8972,6.82783,27.0867
433,106,0.6393,0.3607,CV,0.8799,0.8274,-3.8670941981665576,-3.9395189108641366,-0.82557,-0.15666,18.9343
433,104,0.6473,0.3527,CV,0.4519,0.4824,-3.7191235213282026,-3.803160823383389,-0.14925,-0.08519,9.0753
434,92,0.6207,0.3793,CV,15.7029,15.5383,-24.99142793699232,-25.006590962953254,5.77401,1.07401,3417.825
434,102,0.6334,0.3666,CV,3.6388,3.6505,-20.0781760316359,-20.116897977062216,-0.6674,0.29649,73.6653
434,103,0.526,0.474,CV,44.572,43.701,-60.13910505578076,-59.82402929369672,23.41555,-6.15288,982.0324
434,104,0.6351,0.3649,CV,1.2215,1.2233,-3.2451267017641436,-3.2818113054309137,-0.03162,0.21274,8.5207
434,105,0.5211,0.4789,CV,2.2501,1.8523,-4.067016213569374,-3.8770657141832285,-11.20177,6.43668,26.1867
434,106,0.6426,0.3574,CV,2.1054,2.1767,-3.99298086975415,-4.073940958766976,-0.00111,0.28337,18.4575
434,97,0.5,0.5,CA,0.5182,0.5139,-4.162341883766246,-4.175018641970086,-0.01278,-0.01131,9.0572
434,107,0.7,0.3,CV,0.7802,0.7802,-5.951051847123326,-5.951051847123326,0.0,0.0,6.2293
435,92,0.6175,0.3825,CV,33.49,33.351,-16.74587893701758,-16.746812933164904,6.46307,-0.87414,3092.7527
435,102,0.6185,0.3815,CV,5.4178,5.3658,-24.359607657447228,-24.346029097907362,-0.4501,0.22712,65.9452
435,103,0.5587,0.4413,CV,16.9626,15.6532,-66.9384504883299,-66.83478905080042,21.80968,-4.53542,963.4803
435,104,0.6315,0.3685,CV,0.7336,0.7531,-2.922433320365187,-2.961903096424548,0.00362,0.02348,7.7818
435,106,0.6299,0.3701,CV,2.21,2.204,-4.064600165107729,-4.0859588357628045,0.25017,0.12386,17.1329
435,97,0.5767,0.4233,CV,2.4026,2.4061,-4.179865307860557,-4.18666201018951,-0.0707,-0.04611,8.4719
435,105,0.5566,0.4434,CV,2.5499,2.323,-4.1751833646885474,-4.070131804421361,-9.06297,5.6085,25.394
435,107,0.6484,0.3516,CV,0.4189,0.4189,-5.254352384443605,-5.269327696929509,0.17872,0.0,8.412
436,92,0.6187,0.3813,CV,26.3341,26.3794,-16.79327636422628,-16.80418533337813,3.01821,-1.83319,2833.8049
436,102,0.6168,0.3832,CV,7.5113,7.5409,-26.137853180199183,-26.13932289671601,-0.36762,-1.14806,60.3981
436,103,0.5883,0.4117,CV,12.1203,11.2497,-74.90867395469806,-74.87881974023655,17.9064,-3.3652,926.2773
436,104,0.6263,0.3737,CV,0.5453,0.545,-2.688666697559799,-2.71105345113292,0.06834,0.0458,7.1447
436,105,0.6174,0.3826,CV,2.2062,2.2374,-3.971647222161824,-4.066241257365941,-5.28909,3.75694,22.5722
436,106,0.6266,0.3734,CV,1.1288,1.11,-4.573157878393045,-4.599296038327009,0.27549,-0.10926,15.7621
436,107,0.6429,0.3571,CV,1.0268,1.0296,-4.104746055543208,-4.173554464042221,-0.45065,0.35889,11.9836
436,97,0.6049,0.3951,CV,0.8968,0.9034,-3.186690769624286,-3.1994167363081414,-0.06089,-0.00723,8.6036
437,92,0.6179,0.3821,CV,22.3789,22.2777,-17.51218832962159,-17.51789209183327,0.92804,-2.52092,2601.1609
437,102,0.6216,0.3784,CV,1.6188,1.6421,-23.04383744552318,-23.068115322259573,-0.36116,-0.53897,54.4478
437,103,0.6069,0.3931,CV,6.8659,6.1424,-85.50079726617571,-85.50481463178835,12.82828,-2.673,872.0509
437,104,0.6228,0.3772,CV,0.7969,0.7973,-2.3017214707014677,-2.316885378172778,0.05649,-0.00772,6.7007
437,105,0.6504,0.3496,CV,2.2267,2.4263,-3.7232045674352183,-3.8710643399158298,-0.29367,0.50108,19.1689
437,106,0.6269,0.3731,CV,0.8237,0.85,-3.66518755683827,-3.6974729639402923,0.1706,-0.04036,14.5592
437,107,0.6481,0.3519,CV,1.1719,1.1838,-3.67835248002283,-3.7780219997799045,0.81437,0.28718,14.0697
437,97,0.6146,0.3854,CV,0.5484,0.5479,-3.2306627968528145,-3.2429330682358,-0.03782,-0.03185,8.6031
438,92,0.6166,0.3834,CV,22.5938,22.4159,-18.346686822535258,-18.348217414464887,-0.07587,-2.88537,2411.9186
438,102,0.6227,0.3773,CV,2.9775,3.013,-19.006293236909933,-19.028110169622742,0.00349,-0.22905,50.0839
438,103,0.6161,0.3839,CV,4.0614,3.574,-96.00644629852931,-96.02186856409375,8.49526,-1.87089,814.5971
438,104,0.6204,0.3796,CV,0.793,0.7906,-2.357578553240723,-2.3680850827260187,0.06967,0.05015,6.2948
438,106,0.6231,0.3769,CV,2.2493,2.2601,-4.452518328589031,-4.468351958556017,-0.04211,-0.05747,13.7175
438,107,0.6501,0.3499,CV,1.1714,1.2057,-3.044527396397786,-3.1453638105248136,-0.32464,0.40608,14.4883
438,97,0.6179,0.3821,CV,0.8656,0.8675,-3.204801226023043,-3.216747967484579,0.04826,0.00509,8.5578
438,105,0.6238,0.3762,CV,2.8341,2.8213,-7.087991415947528,-7.071386661440046,1.11662,-0.37199,15.4087
439,92,0.6163,0.3837,CV,23.0727,22.9339,-23.97167510349218,-23.973728880297745,-0.68014,-3.43972,2223.608
439,102,0.6199,0.3801,CV,4.5706,4.5778,-24.60489325681502,-24.613313992187415,-0.27187,0.08341,46.635
439,103,0.6207,0.3793,CV,5.7952,5.8444,-95.01320286605805,-95.03457557054537,4.88316,-1.14111,766.5745
439,104,0.6193,0.3807,CV,0.512,0.5075,-2.344078791503322,-2.3530269291664005,0.07683,0.0426,5.9477
439,106,0.6207,0.3793,CV,0.7732,0.764,-3.538774759473826,-3.5496938818310557,-0.06225,-0.03786,12.9136
439,97,0.6187,0.3813,CV,0.9181,0.9153,-3.7461110737044843,-3.756265287881848,0.05445,-0.02187,8.3997
439,107,0.625,0.375,CV,2.4216,2.3947,-4.147976792142284,-4.137117455244426,-1.08218,0.42563,13.7364
440,92,0.6159,0.3841,CV,19.9852,19.7888,-25.21600230801878,-25.216631504340548,-0.97163,-3.47322,2074.1578
440,102,0.6199,0.3801,CV,2.3326,2.3451,-26.74411442257739,-26.75657720684105,-0.12571,-0.02103,42.6726
440,103,0.6198,0.3802,CV,19.3751,19.414,-73.76605884919489,-73.77682716114903,2.22002,-0.04449,742.6333
440,106,0.62,0.38,CV,0.8956,0.9003,-3.6844269901270343,-3.695978487556215,-0.07085,0.00912,12.0877
440,97,0.6192,0.3808,CV,0.2911,0.2857,-3.4274637497727465,-3.438558808241225,0.04102,-0.02093,8.2771
440,104,0.6182,0.3818,CV,0.8342,0.8303,-2.5343694239202357,-2.5405320608599578,0.07678,0.02568,5.7536
441,92,0.6148,0.3852,CV,25.9741,25.7968,-23.547385629014713,-23.54441284784764,-1.89263,-3.30185,1958.8711
441,102,0.6186,0.3814,CV,3.8496,3.8545,-12.994910279623618,-13.001977718916176,-0.02907,0.06911,40.9539
441,103,0.6196,0.3804,CV,5.389,5.3717,-77.08250591266224,-77.09389742473157,0.97937,0.07494,712.9275
441,104,0.0,1.0,CA,163.9819,163.9783,-7857.315431553026,-7810.243634418298,10.30582,-2.61516,5.9001
441,106,0.6189,0.3811,CV,1.8885,1.8915,-4.466936252524035,-4.475094912572457,0.01005,0.01883,11.2011
441,97,0.6194,0.3806,CV,0.8031,0.8071,-3.0956206859813604,-3.1069462063956967,0.02691,0.01469,8.2753
442,92,0.6147,0.3853,CV,23.7402,23.5598,-20.13090310550315,-20.128948704722916,-2.51831,-3.21301,1831.3851
442,102,0.616,0.384,CV,5.5148,5.5064,-11.272643055253727,-11.270538432733101,0.1385,-0.06125,40.308
442,103,0.6196,0.3804,CV,7.3112,7.3659,-81.99001185058015,-82.00179843077292,0.58985,-0.28165,678.1624
442,106,0.6191,0.3809,CV,0.4339,0.4387,-3.039931553041584,-3.0504884393752936,-0.00493,-0.01108,10.6926
442,105,0.5,0.5,CA,9.7437,9.7699,-10.497507024496006,-10.39256324767382,-1.22088,0.59661,9.4949
443,92,0.6145,0.3855,CV,23.1224,22.9328,-15.345251738558822,-15.342374668789144,-3.17702,-2.65604,1726.2349
443,102,0.617,0.383,CV,2.7668,2.7638,-12.136099212856926,-12.14201025789638,0.04346,-0.19064,38.8987
443,103,0.615,0.385,CV,29.8352,29.8307,-96.59583370396312,-96.58811366965699,1.79865,-1.08732,627.044
443,106,0.6184,0.3816,CV,1.8442,1.8461,-3.83675245051083,-3.8438034659000193,-0.00459,-0.06208,10.4911
443,97,0.5,0.5,CA,1.9805,1.9812,-6.825385105691524,-6.8353196320263185,0.00981,-0.0137,8.2544
443,105,0.5914,0.4086,CV,2.8021,2.8644,-4.417189103759428,-4.484584665130576,-0.42955,0.19782,8.0096
444,92,0.6134,0.3866,CV,26.4387,26.231,-12.40130321622307,-12.394180778724072,-3.84859,-2.36252,1635.7892
444,102,0.6184,0.3816,CV,3.6482,3.665,-14.228229638878748,-14.238588286629215,-0.04152,-0.00393,36.8111
444,103,0.601,0.399,CV,40.8,40.6899,-42.419386056918725,-42.359328061313484,4.76008,-1.15753,596.2232
444,106,0.6187,0.3813,CV,0.5614,0.5661,-3.2715330190393246,-3.2809911312990607,-0.00047,-0.00256,10.1157
444,105,0.0,1.0,CA,180.1232,180.141,-8869.458654647786,-8752.415858656523,26.6581,-8.83806,8.1834
444,97,0.5769,0.4231,CV,2.7789,2.786,-5.285869310682637,-5.293737571316914,0.00639,-0.04403,8.2819
445,92,0.6142,0.3858,CV,18.1646,17.928,-10.907926914229924,-10.906018066173498,-3.65545,-2.01747,1548.3716
445,102,0.6183,0.3817,CV,2.0423,2.0441,-14.490823786746063,-14.498888341379281,0.10362,-0.0464,35.7649
445,103,0.6124,0.3876,CV,3.4581,3.3394,-38.99877676799195,-39.00747474527361,3.10739,-0.76793,576.7585
445,106,0.6183,0.3817,CV,0.8174,0.8157,-3.293591131299353,-3.301031417182895,0.02625,0.01368,9.916
445,97,0.6048,0.3952,CV,0.4228,0.4288,-3.0570438125718766,-3.0690402716260614,0.00346,-0.04002,8.1882
446,92,0.6175,0.3825,CV,14.1853,14.2246,-13.875607449459707,-13.88635185228093,-1.56503,-2.08154,1451.7592
446,102,0.617,0.383,CV,5.8915,5.896,-12.947426426861508,-12.949858281383536,-0.07836,0.30627,35.6359
446,103,0.6181,0.3819,CV,10.547,10.6675,-31.28332548373434,-31.299346938538257,1.26308,-0.64446,563.8812
446,106,0.6184,0.3816,CV,1.4611,1.4648,-3.542832052474269,-3.551338818270591,-0.02228,0.01718,9.5061
446,97,0.614,0.386,CV,0.983,0.983,-4.019096729754436,-4.029060809875783,0.0015,0.03684,8.1936
447,92,0.6159,0.3841,CV,25.1881,25.1035,-14.329620402378406,-14.32863522504828,-3.01545,-1.43893,1378.1799
447,102,0.615,0.385,CV,7.7586,7.7651,-13.583483829977418,-13.579601896714411,-0.21722,0.16008,32.7661
447,103,0.6185,0.3815,CV,10.7556,10.777,-23.470450052787022,-23.47950109917971,0.30773,-0.46516,556.1176
447,106,0.6182,0.3818,CV,1.4714,1.4727,-3.805142926833467,-3.81257815381202,0.07903,0.04158,9.3415
447,97,0.6175,0.3825,CV,0.2434,0.2404,-3.0441156737750434,-3.054873565377316,0.00033,0.0137,8.1897
448,92,0.6122,0.3878,CV,32.2233,32.0598,-14.339461418555231,-14.325099393319658,-4.49869,-1.08624,1306.9084
448,102,0.6172,0.3828,CV,1.1858,1.1673,-10.176220304698358,-10.18428211461645,-0.10855,0.16275,31.4601
448,103,0.6175,0.3825,CV,11.9871,11.9472,-14.041837920515178,-14.046064958089934,0.16759,-0.25516,556.6004
448,106,0.6186,0.3814,CV,0.6369,0.6407,-3.1946578263233496,-3.2041763905225555,0.02786,-0.01354,9.2097
449,92,0.6109,0.3891,CV,26.2184,25.988,-14.766353685857606,-14.752267729812077,-4.93626,-0.5016,1236.4229
449,102,0.6189,0.3811,CV,2.6677,2.6811,-8.476031371354091,-8.488420334535736,-0.0489,0.18559,31.0659
449,103,0.6169,0.3831,CV,10.5531,10.487,-10.694834423079751,-10.698162000212168,0.08203,-0.24902,561.2664
449,106,0.6186,0.3814,CV,0.8168,0.8167,-3.353145140962164,-3.361779782563524,0.03476,0.00731,8.9591
449,104,0.5,0.5,CA,37.0219,37.0983,-32.367340888960264,-31.500068335846407,-5.6568,1.40777,9.0432
449,105,0.5,0.5,CA,17.9753,18.6825,-10.235149651044122,-9.805549001779362,-16.3596,5.43424,20.5706
449,97,0.5,0.5,CA,0.0449,0.0438,-3.625482489459792,-3.6393989929666573,-0.00066,0.00271,8.6597
450,92,0.6119,0.3881,CV,19.7855,19.5433,-14.801792151978347,-14.793512908449959,-4.68241,0.01196,1164.8478
450,102,0.6164,0.3836,CV,5.7386,5.7378,-8.237115170442536,-8.2361762071099,-0.0173,0.13535,31.6476
450,103,0.6158,0.3842,CV,16.0738,16.0022,-10.202399344876385,-10.202055993626258,0.05083,-0.17633,577.7694
450,106,0.6184,0.3816,CV,1.4794,1.4808,-3.425473329806275,-3.433351136905873,-0.08162,-0.01454,8.7826
450,105,0.0011,0.9989,CA,12.2059,11.6102,-31.326868968324135,-24.224874502752076,-49.1324,16.14605,26.8593
450,97,0.577,0.423,CV,1.121,1.1201,-3.967211616312392,-3.9754742718430682,-0.05953,-0.02758,8.4773
450,104,0.2798,0.7202,CA,6.848,6.6007,-15.680278258154264,-14.432390871997727,-8.25821,2.12061,10.2285
451,92,0.6139,0.3861,CV,13.1926,12.9576,-15.954389075201787,-15.953394868033968,-4.01584,-0.0432,1094.2432
451,102,0.6183,0.3817,CV,2.2518,2.2655,-5.8407131895436,-5.851438497111507,-0.0257,-0.05718,30.8358
451,103,0.6168,0.3832,CV,5.6447,5.5828,-10.074028292273129,-10.079477226103705,0.06107,-0.33935,586.1609
451,106,0.6185,0.3815,CV,1.7819,1.7864,-3.6585662882057237,-3.6672016620115646,0.02253,-0.0116,8.8669
451,104,0.0969,0.9031,CA,9.4262,9.0812,-26.13384980093143,-23.909483058595992,-17.40937,4.5629,12.0204
451,105,0.0997,0.9003,CA,6.5717,5.8224,-12.364539326943287,-10.567405447229802,-60.90643,19.23003,21.5984
451,97,0.6046,0.3954,CV,0.6687,0.6715,-3.778814301665989,-3.789917856442675,-0.05754,0.00455,8.4059
452,92,0.6145,0.3855,CV,14.1684,13.9681,-17.19932739018781,-17.19792750271969,-3.72516,-0.08076,1022.5061
452,102,0.6159,0.3841,CV,5.6035,5.5985,-6.72457974632359,-6.7226512692477565,0.23695,0.04151,31.1794
452,103,0.6175,0.3825,CV,12.6032,12.6253,-10.148504238894745,-10.155476089588602,-0.07053,-0.77246,582.8723
452,106,0.6183,0.3817,CV,0.7704,0.7675,-3.3016432442151444,-3.309350697599485,0.03909,0.01928,8.8799
452,105,0.4047,0.5953,CA,2.9264,2.7963,-5.098625199879936,-4.9746441358903635,-56.09016,16.97824,23.9057
452,97,0.6139,0.3861,CV,1.5804,1.5832,-3.8871909401830895,-3.896791106829545,0.08619,-0.02,8.4823
453,92,0.6163,0.3837,CV,9.9658,9.8139,-20.077680235222655,-20.082598329876298,-2.95063,-0.16834,945.4526
453,102,0.6178,0.3822,CV,2.5631,2.5756,-7.12386327480829,-7.13340101885692,0.02941,-0.08118,30.99
453,103,0.6177,0.3823,CV,5.6458,5.6073,-10.253976940451043,-10.260644209185951,-0.16663,-0.78106,590.1628
453,106,0.618,0.382,CV,1.0438,1.041,-3.5565638741334737,-3.563379434784589,0.07835,0.04641,8.8408
453,105,0.6488,0.3512,CV,2.7208,3.3303,-4.854302474784089,-5.301005129305924,-28.49345,7.83936,27.9095
453,97,0.6171,0.3829,CV,0.9263,0.9251,-4.222012492478158,-4.23153151864244,0.03368,-0.01799,8.6329
454,92,0.6165,0.3835,CV,10.9806,10.8347,-22.740031348053353,-22.743262272039765,-2.84482,-0.419,876.3783
454,102,0.6157,0.3843,CV,7.4709,7.476,-7.961147228632589,-7.958747144900993,-0.4414,-0.00868,30.1305
454,103,0.6172,0.3828,CV,15.147,15.1218,-10.545230110691737,-10.549543889011895,-0.58437,-1.08272,589.3003
454,106,0.618,0.382,CV,1.6593,1.6604,-4.244475812131491,-4.251498082030158,0.06339,0.0665,8.5866
454,105,0.6872,0.3128,CV,3.2393,3.4715,-5.789486226964328,-6.056823258422863,-7.91162,1.42327,22.1519
454,97,0.6183,0.3817,CV,0.2811,0.2776,-3.980342886360268,-3.9901736341945453,0.01284,-0.01089,8.6928
455,92,0.6167,0.3833,CV,12.9697,12.8867,-32.944632458961834,-32.948727172006976,-2.60814,-0.31032,821.6884
455,102,0.6167,0.3833,CV,3.9912,3.9923,-7.175592704090989,-7.180624549242331,-0.21867,0.07044,28.9323
455,103,0.6164,0.3836,CV,16.4522,16.3937,-10.668138209357215,-10.669578536825615,-1.30363,-1.0795,588.9155
455,106,0.6187,0.3813,CV,0.7348,0.7405,-3.5558461606166,-3.5660311128749598,0.01184,-0.00159,8.569
455,105,0.6667,0.3333,CV,2.0135,2.088,-3.553643688805136,-3.669298971051864,-0.64948,-0.4746,16.5904
455,97,0.6187,0.3813,CV,0.1317,0.133,-3.834617260445482,-3.84436046650511,0.00445,-0.00466,8.71
456,92,0.618,0.382,CV,10.9182,10.8987,-46.341739695019065,-46.35073316105728,-1.48341,-0.93858,768.346
456,102,0.617,0.383,CV,2.0563,2.0384,-5.102815015279036,-5.107914823079702,-0.24873,0.13112,28.3406
456,103,0.6157,0.3843,CV,16.4987,16.4158,-11.169173139624444,-11.169030827327806,-1.94522,-0.88917,594.9379
456,106,0.6187,0.3813,CV,0.7307,0.7296,-4.021008286716148,-4.030053032816872,-0.00664,0.01127,8.4537
456,105,0.6413,0.3587,CV,2.0984,2.0661,-3.842883929503696,-3.877342284895884,-0.21084,-0.5336,13.1777
456,97,0.6187,0.3813,CV,1.1673,1.1691,-3.422133346236778,-3.431121817419478,-0.05154,-0.00026,8.6116
457,92,0.6155,0.3845,CV,21.622,21.5701,-69.69967276001998,-69.6963773067176,-0.54716,-1.65768,733.6358
457,102,0.6192,0.3808,CV,2.2343,2.2521,-5.427841922633741,-5.44137086710587,0.02616,0.04289,28.0969
457,103,0.6184,0.3816,CV,12.97,13.0544,-10.65870902896392,-10.671037023486171,-0.26001,-0.79197,600.7197
457,106,0.6186,0.3814,CV,0.8923,0.8911,-3.506864263646018,-3.515587764861602,-0.0672,0.01083,8.3628
457,105,0.6263,0.3737,CV,1.6982,1.6713,-3.240604380013607,-3.248432475745262,0.88738,-0.71155,11.01
457,97,0.6187,0.3813,CV,1.2423,1.2452,-3.85489376326454,-3.8638706202042536,0.00439,0.00232,8.7851
458,92,0.6079,0.3921,CV,39.4766,39.3643,-93.90990041735745,-93.8782661539171,0.10378,-1.71531,736.3273
458,102,0.6193,0.3807,CV,1.3874,1.3914,-5.886014148270743,-5.896807945308097,0.00552,-0.0758,27.743
458,103,0.6185,0.3815,CV,4.3637,4.3142,-10.962005042984412,-10.97072353555416,-0.20588,-0.76013,604.278
458,106,0.6189,0.3811,CV,0.5965,0.5986,-3.3623763669131463,-3.3724516028012723,-0.00756,0.03512,8.2984
458,105,0.6202,0.3798,CV,1.6394,1.6066,-3.1892386167300932,-3.193591726793267,0.66971,-0.6024,9.5375
458,97,0.6187,0.3813,CV,1.275,1.2778,-3.9569650849068543,-3.966051979604359,0.01642,0.02962,8.6699
459,102,0.6189,0.3811,CV,1.8762,1.8785,-5.060386947240671,-5.069701438916295,0.01784,-0.02137,27.7279
459,103,0.6184,0.3816,CV,7.1095,7.0777,-12.564050176044459,-12.572296502068205,-0.37535,-0.58514,601.432
459,106,0.6182,0.3818,CV,1.5145,1.5131,-3.5604929048088345,-3.567275366740657,0.00534,0.00123,8.0177
459,105,0.6133,0.3867,CV,2.5477,2.5278,-4.2644066860492345,-4.248299460483077,0.30415,-0.54188,8.3374
459,97,0.6183,0.3817,CV,1.0689,1.0663,-3.3359001821192344,-3.343510359450567,0.06776,0.05446,8.5987
460,102,0.6187,0.3813,CV,2.409,2.4118,-5.532157190823974,-5.540822943437465,0.13798,-0.0551,26.9701
460,103,0.6184,0.3816,CV,6.5929,6.5544,-13.376843058565713,-13.38505947650606,-0.64562,-0.43786,600.6221
460,106,0.6183,0.3817,CV,2.6581,2.6652,-4.709481788522743,-4.717684278901261,-0.02277,-0.00588,8.2492
460,105,0.6134,0.3866,CV,1.6858,1.6648,-3.1498794636513363,-3.1445611374493825,0.14299,-0.45406,7.5797
460,97,0.6186,0.3814,CV,0.3891,0.3865,-3.1621378459899936,-3.1715690807118366,0.05816,0.01708,8.5824
461,102,0.6184,0.3816,CV,2.7269,2.7301,-7.371547421027113,-7.379331094317496,0.0556,-0.01701,27.1955
461,103,0.6182,0.3818,CV,7.2679,7.2158,-14.858359580035254,-14.865959399747076,-0.77796,-0.42843,597.6068
461,106,0.6187,0.3813,CV,0.8091,0.8112,-3.7622612404028204,-3.7718057651310786,-0.05004,-0.03163,8.1711
461,105,0.6071,0.3929,CV,2.5316,2.5094,-4.213319433480153,-4.181267290318627,0.12363,-0.49471,6.8642
461,97,0.6189,0.3811,CV,0.9645,0.9688,-3.873528617451974,-3.883579997530541,-0.01588,0.00418,8.6739
461,104,0.5,0.5,CA,247.6349,247.5901,-193.00339632201428,-190.43449788174456,-11.98834,2.96412,9.4209
462,102,0.6176,0.3824,CV,3.3549,3.3522,-9.222176120349104,-9.226990667223255,-0.13356,-0.07307,27.5007
462,103,0.6179,0.3821,CV,9.7239,9.6725,-18.426727541570166,-18.433208671222083,-0.73755,-0.34105,587.1781
462,106,0.6173,0.3827,CV,2.2181,2.2166,-5.059683294649986,-5.06272268214781,-0.0405,0.0204,8.3818
462,97,0.6188,0.3812,CV,0.7688,0.7691,-3.3481217726688133,-3.3573323956119787,-0.02935,-0.02613,8.6019
462,105,0.6118,0.3882,CV,1.615,1.6022,-3.3295086035270356,-3.3268434541902607,0.10876,-0.38561,6.5272
463,102,0.6186,0.3814,CV,1.745,1.7586,-6.018931360295991,-6.029284857167606,-0.05127,-0.01286,26.919
463,103,0.618,0.382,CV,7.2822,7.2173,-19.085526623285467,-19.092905857359476,-0.77455,-0.10076,578.1657
463,106,0.6179,0.3821,CV,0.6204,0.6189,-3.5176618641920427,-3.52561110621534,-0.02725,0.04953,8.4226
463,105,0.6141,0.3859,CV,1.6233,1.6169,-3.017488709671927,-3.0174025054722535,-0.08242,-0.28068,6.1221
463,97,0.6179,0.3821,CV,1.8632,1.862,-4.029602581584165,-4.035059910735226,0.03034,-0.02495,8.327
464,102,0.6186,0.3814,CV,0.9757,0.9772,-5.591742737386022,-5.600566477609209,0.02178,-0.0429,26.8012
464,103,0.6182,0.3818,CV,6.4974,6.4277,-20.675748396036212,-20.683571723661277,-0.72477,0.00137,567.816
464,106,0.6182,0.3818,CV,1.0676,1.0696,-3.477506320956026,-3.485799487180899,-0.04001,0.0647,8.3075
464,105,0.6165,0.3835,CV,0.7213,0.7123,-3.12037014899529,-3.127039029597613,-0.05905,-0.19628,5.8913
464,97,0.6187,0.3813,CV,0.7405,0.7435,-3.0730622386550923,-3.0835260851336215,-0.02676,-0.0454,8.2993
465,102,0.6184,0.3816,CV,2.258,2.2604,-8.492409716991105,-8.500624496296497,-0.02937,0.12106,26.7838
465,103,0.6182,0.3818,CV,6.5706,6.5044,-22.25449427113143,-22.262442256543572,-0.58189,0.02999,554.1814
465,106,0.617,0.383,CV,2.8599,2.8613,-5.41041971165128,-5.413218590782176,-0.00653,-0.02276,8.7068
465,105,0.6161,0.3839,CV,1.0977,1.0868,-2.8376090296318486,-2.838986180147746,-0.07153,-0.18402,5.6937
465,97,0.6188,0.3812,CV,0.8714,0.8703,-3.4147439199435494,-3.424144141196885,0.02469,-0.00635,8.1651
466,102,0.6183,0.3817,CV,2.8732,2.8769,-6.620292954801466,-6.627949142759939,0.10914,-0.02695,27.1226
466,103,0.6185,0.3815,CV,5.3381,5.2755,-23.32673476073635,-23.33553462532541,-0.4634,0.18781,540.1119
466,106,0.6168,0.3832,CV,4.3451,4.3542,-6.355614160719024,-6.35904065261209,-0.04458,0.00738,8.1545
466,105,0.617,0.383,CV,1.6765,1.6772,-3.105789556759866,-3.11138521621773,0.00059,-0.13842,5.3383
466,97,0.6189,0.3811,CV,1.3792,1.3837,-3.4758001119418624,-3.485788725659857,0.02493,-0.02252,8.2576
467,102,0.6173,0.3827,CV,3.2006,3.1934,-5.580505900607419,-5.584390182071378,0.24125,0.0481,27.5091
467,103,0.6187,0.3813,CV,4.8581,4.8065,-23.6881891176254,-23.697567362950114,-0.21345,0.25209,524.5628
467,106,0.6179,0.3821,CV,0.496,0.4888,-2.938790314345698,-2.947494686329836,-0.03541,-0.02243,8.048
467,105,0.6184,0.3816,CV,1.3136,1.3185,-3.242383980182083,-3.252896945500508,0.06038,-0.06278,5.274
467,97,0.6187,0.3813,CV,0.9628,0.9629,-3.934895931789882,-3.9435841406606738,-0.03517,0.00783,8.2916
468,102,0.6174,0.3826,CV,2.1124,2.1038,-6.381198633177624,-6.387080118245787,0.23512,-0.06524,27.7079
468,103,0.619,0.381,CV,4.4916,4.4844,-20.856851869415287,-20.867392563469448,-0.16617,0.50327,512.9458
468,106,0.6191,0.3809,CV,0.9026,0.9091,-3.0906754297224266,-3.102757820028272,-0.01961,0.0365,8.1355
468,105,0.6187,0.3813,CV,0.549,0.5494,-2.4418495977688863,-2.4512719217843757,0.02073,-0.05643,5.1149
468,97,0.6185,0.3815,CV,0.6039,0.6017,-3.219551761202413,-3.2279083605135583,-0.03892,0.03817,8.2666
469,102,0.6174,0.3826,CV,1.9157,1.9026,-6.881585776417606,-6.887021771651764,0.2203,-0.11512,28.0627
469,103,0.6189,0.3811,CV,5.8129,5.7938,-20.03593554055203,-20.045491281448346,0.24328,0.53143,497.8916
469,106,0.6193,0.3807,CV,0.6325,0.635,-3.1530110036521464,-3.1639138584534345,-0.00686,-0.02231,8.1385
469,105,0.6186,0.3814,CV,0.5901,0.5904,-2.406450482182517,-2.415177405341176,0.02353,-0.03887,5.0557
469,97,0.6187,0.3813,CV,1.1293,1.1332,-3.417022001686263,-3.4264050950985783,0.02098,-0.01549,8.1373
469,109,0.7,0.3,CV,1.6162,1.6162,-4.479409345270163,-4.479409345270163,0.0,0.0,7.5593
470,102,0.6181,0.3819,CV,1.2979,1.2977,-6.348339403883271,-6.356682123105292,0.18164,-0.01633,28.1402
470,103,0.6184,0.3816,CV,8.708,8.684,-17.20303877657682,-17.210651927747776,0.76416,0.57696,484.3624
470,106,0.6189,0.3811,CV,0.9269,0.9264,-3.504662137064891,-3.5135933411538103,-0.02542,-0.0294,8.2039
470,105,0.6175,0.3825,CV,1.7722,1.773,-3.2653097076833237,-3.269593266471816,-0.04392,-0.07756,4.8262
470,97,0.6187,0.3813,CV,0.7773,0.779,-3.210615461560174,-3.219622404659684,-0.0253,0.00504,8.1759
470,109,0.6458,0.3542,CV,2.687,2.687,-4.703157665200562,-4.706819656508839,1.1661,-0.30242,10.0525
471,102,0.6184,0.3816,CV,3.0715,3.0798,-8.101882063672035,-8.110480253913504,-0.07591,-0.03365,28.6622
471,103,0.6183,0.3817,CV,5.9816,5.9294,-17.682684378145627,-17.690397644051544,0.86051,0.50001,469.6771
471,106,0.6179,0.3821,CV,1.7131,1.7112,-3.6212008050213584,-3.6265740537560207,0.05601,-0.0732,8.3301
471,105,0.6149,0.3851,CV,1.8979,1.8924,-4.318889189871388,-4.313505359625501,-0.0812,-0.17513,4.6816
471,97,0.6187,0.3813,CV,0.634,0.635,-3.2480667972735087,-3.2571045782502344,0.02152,-0.0159,8.2029
471,109,0.6411,0.3589,CV,0.5011,0.4688,-3.1923906597780376,-3.2571367933847784,1.0174,-0.34737,14.4786
471,104,0.5,0.5,CA,291.2017,291.2192,-374.44504151635863,-371.82549758010384,6.90674,-1.66787,5.5383
472,102,0.6182,0.3818,CV,1.4447,1.4384,-6.566503468407691,-6.573999691190634,-0.08743,-0.06976,29.2792
472,103,0.6182,0.3818,CV,6.5846,6.5406,-20.947432399665892,-20.955058204603098,0.73908,0.47774,450.9579
472,106,0.6182,0.3818,CV,0.9232,0.9237,-3.520294901711133,-3.528708150417098,0.08496,-0.03818,8.2719
472,105,0.6175,0.3825,CV,0.2201,0.2156,-2.885794156450329,-2.89543299316499,-0.04403,-0.11026,4.5829
472,97,0.6187,0.3813,CV,0.9741,0.9761,-3.264493749944224,-3.2735370431180772,-0.02713,0.01143,8.0927
472,109,0.6242,0.3758,CV,2.6418,2.6064,-4.6165051277967875,-4.615803495444199,2.43325,0.09228,17.2937
473,102,0.6174,0.3826,CV,5.2819,5.2874,-6.568987885736963,-6.573255195199777,-0.16903,0.12854,28.3953
473,103,0.6185,0.3815,CV,4.5483,4.5125,-24.911748231683532,-24.92094866745149,0.395,0.49362,433.3128
473,106,0.6186,0.3814,CV,1.3029,1.3074,-3.88660122316562,-3.896039830601829,-0.00857,-0.01915,8.1285
473,105,0.6157,0.3843,CV,1.5517,1.546,-4.433171088986606,-4.431507915411464,-0.11692,-0.11743,4.4131
473,97,0.6187,0.3813,CV,0.7921,0.7946,-3.2081565506278467,-3.2174883298076282,0.02211,-0.01091,8.1422
473,109,0.6088,0.3912,CV,3.2183,3.1798,-10.011617487266896,-9.970799721411181,2.8842,0.85484,19.0784
474,102,0.6184,0.3816,CV,1.601,1.6076,-7.960461127030799,-7.970376161166729,-0.15836,-0.00186,28.7043
474,103,0.6187,0.3813,CV,8.0425,8.0467,-26.787391220854722,-26.79684113295732,-0.29471,0.66448,419.382
474,106,0.6185,0.3815,CV,0.8474,0.8465,-3.5702924578602393,-3.578877016007317,-0.05141,0.01819,8.074
474,105,0.6188,0.3812,CV,1.7599,1.7689,-3.4794405162003215,-3.4932462963768707,0.01352,-0.04214,4.4385
474,97,0.6187,0.3813,CV,0.7409,0.7412,-3.2335851288803594,-3.242494267574408,-0.02557,-0.03657,8.177
474,109,0.5955,0.4045,CV,3.301,3.2316,-8.685228368533476,-8.611686162469809,2.97369,0.1499,18.7277
475,102,0.618,0.382,CV,4.2275,4.2325,-10.817194397833058,-10.823619089943657,-0.05289,0.0783,30.0398
475,103,0.618,0.382,CV,11.1207,11.1075,-23.600487479941872,-23.606509701695376,-0.71886,0.75073,412.2107
475,106,0.6185,0.3815,CV,0.932,0.9301,-3.18354701610628,-3.1920544338939107,-0.01574,-0.00619,7.9428
475,105,0.6177,0.3823,CV,1.224,1.222,-2.7404051113053955,-2.7453627545980033,-0.04149,-0.08175,4.4306
475,97,0.6185,0.3815,CV,1.1485,1.1496,-3.4162019033541475,-3.42435919239649,0.02077,0.02022,8.2901
475,109,0.6143,0.3857,CV,2.1274,2.1127,-10.120042831298662,-10.144702017432499,2.16225,0.0197,18.2831
476,102,0.6186,0.3814,CV,3.9346,3.9479,-7.78132316155369,-7.791139377530013,0.04363,-0.09531,29.489
476,103,0.6168,0.3832,CV,12.1846,12.1393,-18.348559374552945,-18.350724315688012,-0.78787,0.72227,410.1533
476,106,0.6186,0.3814,CV,1.4018,1.4042,-3.700511617937525,-3.709472739118413,0.08255,-0.03646,7.9641
476,105,0.6179,0.3821,CV,0.5094,0.5047,-2.2863778646324087,-2.293380859297713,-0.01903,-0.07928,4.3865
476,97,0.6184,0.3816,CV,1.4434,1.4455,-4.073399316683212,-4.081482883584321,-0.0745,0.02899,8.247
476,109,0.617,0.383,CV,2.5021,2.488,-5.0674885313392934,-5.076016245279922,1.50448,-0.20029,16.4542
477,102,0.6182,0.3818,CV,3.731,3.7358,-11.060563590130315,-11.067519355724471,0.13065,0.08286,30.2276
477,103,0.6171,0.3829,CV,7.2506,7.1957,-17.506042117145224,-17.5113155155681,-0.45247,0.86028,403.6476
477,106,0.6184,0.3816,CV,0.8795,0.8761,-3.461383032310593,-3.4694704526948823,0.10765,-0.00417,7.9639
477,105,0.6171,0.3829,CV,1.0441,1.0395,-2.850418079690641,-2.8540899461674956,-0.01103,-0.09078,4.4293
477,97,0.6182,0.3818,CV,0.8327,0.8297,-3.633735522879415,-3.6412626352677604,-0.07211,0.04852,8.3351
478,102,0.6179,0.3821,CV,4.3501,4.3556,-16.699500504963,-16.705966196033877,-0.19752,0.05647,30.8855
478,103,0.6171,0.3829,CV,9.8441,9.8118,-17.94044909084152,-17.94506882077721,-0.02057,1.1113,395.3054
478,106,0.6187,0.3813,CV,0.5131,0.5149,-3.3196749201826,-3.329417226529791,0.0544,0.03134,7.9325
478,105,0.6177,0.3823,CV,0.4578,0.4552,-2.3468094758444344,-2.3541600380581027,-0.0305,-0.05478,4.4498
478,97,0.6184,0.3816,CV,0.829,0.8283,-3.6746908062017964,-3.683105323070456,-0.04997,0.06523,8.2979
479,102,0.6185,0.3815,CV,3.5577,3.5702,-7.1533608988297575,-7.16302704264166,0.06749,0.06341,30.5516
479,103,0.6112,0.3888,CV,33.4454,33.4323,-13.486439896314906,-13.46617977581825,2.19294,1.31385,385.1289
479,106,0.6178,0.3822,CV,2.1229,2.1241,-3.7773026850573332,-3.782748930513157,-0.05679,0.08566,7.6869
479,105,0.6183,0.3817,CV,0.6563,0.6589,-2.6370856048969835,-2.6457589559301145,0.01886,-0.0167,4.4537
479,97,0.6185,0.3815,CV,1.1622,1.1632,-3.331468166475718,-3.340055190171152,-0.02821,-0.00395,8.1727
480,102,0.6181,0.3819,CV,3.447,3.4494,-7.4714211522704215,-7.4781887336217725,0.15745,-0.10171,31.3384
480,103,0.6156,0.3844,CV,5.5898,5.5454,-9.311183722631958,-9.318126774477323,1.25801,1.1618,381.0336
480,106,0.6189,0.3811,CV,0.9396,0.9458,-3.0656853132643005,-3.0768955218597616,-0.03417,-0.01471,7.6544
480,105,0.6177,0.3823,CV,1.6405,1.642,-3.2286985719086165,-3.234272102966961,0.02344,-0.03787,4.2995
480,97,0.6182,0.3818,CV,1.1012,1.097,-3.8486624675533845,-3.8558970911438992,-0.01202,0.01018,8.0205
481,102,0.618,0.382,CV,2.9049,2.904,-5.887748297746131,-5.8948708788084785,0.19189,-0.10914,31.0866
481,103,0.6175,0.3825,CV,14.0692,14.106,-9.50273820674336,-9.511519053107337,-0.1583,1.029,379.6568
481,106,0.6184,0.3816,CV,1.2193,1.2177,-3.617593477973768,-3.62531768332746,-0.01963,-0.08951,7.5231
481,105,0.6185,0.3815,CV,0.5038,0.5059,-2.445405605108423,-2.4551584254795165,-0.01219,-0.04028,4.3115
481,97,0.6189,0.3811,CV,1.376,1.3817,-3.725948113025399,-3.7366330165582733,-0.05773,0.00901,8.1496
482,102,0.6184,0.3816,CV,2.8669,2.8733,-5.956103878065729,-5.965002764343468,-0.06964,-0.15224,31.192
482,103,0.6167,0.3833,CV,12.4441,12.4081,-11.664808022395187,-11.667377781753737,0.44337,1.09204,381.475
482,106,0.6185,0.3815,CV,1.6337,1.6374,-3.5020175670002924,-3.5108130418480727,-0.06415,-0.02195,7.6141
482,105,0.6184,0.3816,CV,0.7377,0.7357,-2.249343278684132,-2.2574176443935254,0.00895,-0.03818,4.2495
482,97,0.619,0.381,CV,0.7476,0.7505,-3.5926099275115537,-3.6028962471491237,0.00697,-0.02182,8.106
483,102,0.6187,0.3813,CV,1.4985,1.5019,-5.875164446736235,-5.884685985664786,0.05512,-0.10932,31.6084
483,103,0.616,0.384,CV,11.4835,11.4116,-11.538326652002374,-11.538880176052002,0.4511,1.15789,386.0627
483,106,0.6185,0.3815,CV,0.6129,0.611,-3.3675379344961933,-3.3761448698591554,-0.02906,0.00023,7.6517
483,105,0.619,0.381,CV,0.5826,0.5868,-2.3665116739725844,-2.3774381435220904,0.00811,-0.00635,4.2768
484,102,0.6182,0.3818,CV,3.0839,3.0828,-5.829936603990306,-5.837038761472413,0.0961,-0.05821,30.983
484,103,0.6159,0.3841,CV,9.8739,9.7903,-10.988642078724148,-10.989995462257127,0.37391,1.14157,391.2465
484,106,0.6187,0.3813,CV,1.3134,1.3175,-3.4382946897207347,-3.4477598036150168,-0.01116,0.00645,7.4192
484,105,0.618,0.382,CV,1.4261,1.426,-2.7661330378086557,-2.771733014059766,-0.0251,-0.03361,4.1294
484,97,0.5,0.5,CA,1.3811,1.3816,-4.107710499358079,-4.118971234782758,-0.07709,-0.01646,8.7056
485,102,0.6183,0.3817,CV,1.9418,1.9353,-5.22829471097621,-5.236316552300683,0.13285,0.06828,30.7012
485,103,0.6159,0.3841,CV,9.9814,9.9012,-10.179605365719334,-10.181158371172927,0.33732,1.01286,399.9057
485,106,0.6173,0.3827,CV,2.758,2.7605,-5.130216784477103,-5.133530156432115,0.04635,0.00687,7.6911
485,105,0.6189,0.3811,CV,0.7524,0.7558,-2.1086139734816354,-2.1194543199327835,0.03188,-0.0356,4.1151
485,97,0.577,0.423,CV,1.0784,1.0787,-4.090562742363215,-4.098881728226875,-0.01243,-0.01351,8.5674
486,102,0.6178,0.3822,CV,4.3901,4.3944,-10.511678134597581,-10.517742057908187,-0.25257,0.02891,30.3942
486,103,0.6165,0.3835,CV,6.9056,6.825,-10.026390060394366,-10.030437070586666,0.31473,0.93143,406.7362
486,106,0.6183,0.3817,CV,0.6628,0.6672,-3.256542412741225,-3.2659944720696323,0.04928,-0.01741,7.6711
486,105,0.6192,0.3808,CV,0.349,0.352,-2.0075944281607954,-2.0184078603001128,0.00449,-0.00423,4.1017
486,97,0.6044,0.3956,CV,1.4743,1.479,-3.7032580152442787,-3.713615438086464,0.01634,0.05187,8.4207
487,102,0.6169,0.3831,CV,3.2631,3.2487,-5.84088535669473,-5.843482125951479,-0.40229,-0.00547,30.1611
487,103,0.6169,0.3831,CV,7.4703,7.4149,-9.893499984582135,-9.898375937436352,0.47862,0.90031,411.7821
487,106,0.6186,0.3814,CV,1.1456,1.1495,-3.218332575534132,-3.2275621067155784,-0.01431,-0.01603,7.5126
487,105,0.619,0.381,CV,0.4027,0.4026,-2.081520996807938,-2.0911017033378663,-0.005,-0.0294,4.0681
487,97,0.6138,0.3862,CV,1.0167,1.0161,-3.3471847950126907,-3.3567974630536708,0.08743,0.04967,8.4862
488,102,0.6188,0.3812,CV,1.5885,1.6036,-7.20434396422824,-7.216623363929549,-0.13229,0.00023,29.7391
488,103,0.617,0.383,CV,9.1374,9.087,-9.704065134753016,-9.708451861558993,0.7787,0.81126,418.486
488,106,0.6184,0.3816,CV,1.0081,1.0069,-3.277923589042088,-3.285808015970963,-0.07678,-0.00922,7.464
488,105,0.619,0.381,CV,0.1983,0.1996,-1.9890277348345795,-1.9988201810615362,-0.00789,-0.00502,4.0352
488,97,0.6176,0.3824,CV,0.8031,0.8075,-3.303405151021049,-3.3150379463730406,0.02264,-0.0271,8.5413
489,102,0.6181,0.3819,CV,5.1833,5.1937,-7.344413800541243,-7.351034503235523,0.1855,0.03818,30.3846
489,103,0.6172,0.3828,CV,7.6045,7.5493,-9.684768650069737,-9.690119650152626,0.88409,0.73127,423.7952
489,106,0.6178,0.3822,CV,1.6038,1.6019,-3.5917578504543703,-3.5974861980532413,-0.03846,-0.00285,7.24
489,105,0.0,1.0,CA,64.9845,64.9841,-1590.7394953115402,-1579.934001401119,-4.82953,0.16075,4.2397
489,97,0.618,0.382,CV,1.4305,1.4295,-3.4960247347989695,-3.504025651994353,0.12316,-0.0069,8.5477
490,102,0.619,0.381,CV,2.2238,2.2375,-5.61533062241592,-5.626427465968607,0.00597,0.04553,29.8449
490,103,0.6174,0.3826,CV,7.2408,7.1816,-9.700911228985483,-9.706559519832055,0.9079,0.72298,428.7286
490,106,0.6149,0.3851,CV,2.6393,2.6346,-4.343578202111665,-4.337814247107103,-0.17379,0.12789,7.0218
490,105,0.3468,0.6532,CA,48.7149,48.8116,-886.4387954518486,-886.2109586397958,0.97665,-0.04847,4.6084
490,97,0.6184,0.3816,CV,0.6144,0.6087,-3.633531243302008,-3.6424877150117125,0.11029,-0.02949,8.5388
491,102,0.6178,0.3822,CV,3.7908,3.7902,-5.751190254849155,-5.756121671941793,0.26364,0.06799,29.6265
491,103,0.6177,0.3823,CV,5.5538,5.4928,-9.422494167220965,-9.429212764576056,0.84241,0.63329,436.3757
491,106,0.6181,0.3819,CV,3.9046,3.9193,-5.916227103117803,-5.928327576797569,0.09568,-0.00541,7.2614
491,105,0.1244,0.8756,CA,21.7752,21.7123,-153.79700701483134,-151.76045519872244,4.18859,-0.17382,5.3786
491,97,0.6181,0.3819,CV,1.2048,1.2003,-4.42669736032211,-4.433698646154949,0.1322,-0.02609,8.4121
492,102,0.6165,0.3835,CV,4.4222,4.4169,-6.484172789399438,-6.485469143593499,0.3332,-0.13038,28.7186
492,103,0.6178,0.3822,CV,6.824,6.7738,-9.594624559261023,-9.601275726305474,0.86921,0.60729,440.0103
492,106,0.6167,0.3833,CV,1.7686,1.7613,-3.540628748129608,-3.5422468963300533,0.13207,0.04223,7.397
492,105,0.2888,0.7112,CA,7.4414,7.3096,-19.754463864085682,-19.079796161009273,5.93792,-0.25579,6.1175
492,97,0.6179,0.3821,CV,1.2974,1.293,-4.111098254790903,-4.117634619431354,0.09643,-0.07539,8.2262
493,102,0.618,0.382,CV,0.8201,0.8123,-5.089405568865169,-5.098818170549235,0.24376,-0.03402,28.3936
493,103,0.6181,0.3819,CV,4.5766,4.524,-9.620755339043273,-9.628567190388221,0.73861,0.53394,442.8369
493,106,0.617,0.383,CV,1.5136,1.5107,-3.5975379545622244,-3.602552128179294,0.05649,-0.03051,7.504
493,105,0.466,0.534,CA,1.4992,1.3259,-2.8019818690168488,-2.6615722401210604,5.68626,-0.17406,7.0869
493,97,0.619,0.381,CV,0.5034,0.5103,-3.1354112184927567,-3.1468715267661245,0.05647,-0.03221,8.2212
494,102,0.6175,0.3825,CV,2.3388,2.3243,-6.085315882713806,-6.090393539217993,0.29273,-0.05057,27.7632
494,103,0.6184,0.3816,CV,2.2264,2.1812,-9.311808743850376,-9.320796775337966,0.54505,0.42871,448.1048
494,106,0.6183,0.3817,CV,1.2993,1.3056,-3.597307711105452,-3.607198876472868,0.07096,-0.0154,7.3525
494,105,0.6038,0.3962,CV,1.1739,1.3757,-2.939988963696666,-3.1075452045506062,3.13086,-0.17171,7.8604
494,97,0.6191,0.3809,CV,0.8734,0.877,-3.2494609152054665,-3.2599152239417934,-0.02839,-0.01147,8.193
495,102,0.619,0.381,CV,4.0428,4.0607,-5.645513667197227,-5.657626083359462,-0.12124,0.00343,27.6513
495,103,0.6185,0.3815,CV,3.2099,3.1733,-9.349083071533107,-9.35794066511432,0.48977,0.37945,451.3221
495,106,0.6181,0.3819,CV,1.455,1.4567,-3.3948946799529787,-3.4022068197121165,-0.01983,-0.00794,7.4895
495,105,0.638,0.362,CV,1.5287,1.6507,-2.9049643426205343,-3.018737591577958,0.722,-0.08972,7.9527
495,97,0.6189,0.3811,CV,0.5886,0.5881,-3.705384844202668,-3.714824249711761,-0.04148,0.02506,8.1343
495,110,0.7,0.3,CV,1.125,1.125,-3.4959265142059004,-3.4959265142059004,0.0,0.0,5.1489
496,102,0.6189,0.3811,CV,1.8005,1.8047,-5.184340008626529,-5.194087414285441,0.00659,0.02493,27.6587
496,103,0.6187,0.3813,CV,2.5564,2.5272,-9.57730099912749,-9.586481941425644,0.36512,0.34237,453.1533
496,106,0.6186,0.3814,CV,0.4078,0.4123,-3.1041318781537646,-3.11352680940998,-0.01172,-0.0039,7.5003
496,105,0.6298,0.3702,CV,1.7,1.7243,-3.0300528694084847,-3.057693022716336,-0.38599,-0.03312,7.5299
496,97,0.6186,0.3814,CV,0.8505,0.8494,-3.643078402584953,-3.6514328808312073,-0.03511,0.02685,8.1843
496,110,0.6482,0.3518,CV,0.9376,0.9376,-2.7142548893091885,-2.728327727135089,-0.14093,-0.48725,6.987
497,102,0.6134,0.3866,CV,8.6522,8.6481,-9.726970400027124,-9.713153687094882,-0.32671,0.09958,29.0432
497,103,0.6188,0.3812,CV,1.8277,1.8088,-9.489009627423405,-9.498491767049641,0.20171,0.31242,455.1883
497,106,0.6186,0.3814,CV,0.4348,0.4356,-3.05138636942087,-3.060364583191781,-0.0068,0.02342,7.4992
497,105,0.6162,0.3838,CV,1.6823,1.6618,-3.010521943194915,-2.992737296697914,-0.79148,-0.0057,7.1816
497,97,0.6186,0.3814,CV,0.4258,0.4243,-3.1571339883826535,-3.1658655057866585,-0.02611,-0.00377,8.1958
497,110,0.6385,0.3615,CV,1.4263,1.4215,-2.9437389477315907,-2.993911876225719,-1.25358,-0.53921,10.1959
498,102,0.6164,0.3836,CV,8.6781,8.7013,-13.020623940215327,-13.027916859851402,0.27677,0.20982,28.3904
498,103,0.6188,0.3812,CV,2.2947,2.2753,-9.584056645653076,-9.593437780578562,0.12634,0.33998,457.0825
498,106,0.6184,0.3816,CV,1.0777,1.0769,-3.2266984203753433,-3.234649152161787,-0.03035,0.04915,7.4208
498,105,0.6157,0.3843,CV,0.8684,0.8298,-2.4354340448335234,-2.4355420324700385,-0.66405,0.03503,6.8061
498,97,0.6181,0.3819,CV,1.0624,1.0602,-3.334133965778388,-3.341069042885633,-0.01864,0.03988,8.2918
499,102,0.6184,0.3816,CV,2.8615,2.8783,-5.343383952617199,-5.354508225414733,0.00958,0.10134,27.7774
499,103,0.6188,0.3812,CV,1.5491,1.5319,-9.406502331490907,-9.41597205108528,0.14115,0.28598,459.4428
499,106,0.6158,0.3842,CV,4.1966,4.1999,-7.05589991638959,-7.053198866965669,-0.00124,0.03752,7.9754
499,97,0.6179,0.3821,CV,1.0258,1.0225,-3.6340828759915005,-3.6407515886628152,-0.01332,0.08568,8.3501
499,110,0.5,0.5,CA,0.4359,0.4575,-3.6476275562942293,-3.792243722589808,-0.31712,0.08785,14.6449
499,105,0.6175,0.3825,CV,0.8528,0.8376,-2.6870047081175126,-2.6955125669830915,-0.46059,0.02974,6.5365
500,102,0.6181,0.3819,CV,2.7849,2.7847,-5.40287171416464,-5.409757027756566,0.20286,0.05162,27.8433
500,103,0.6188,0.3812,CV,0.9684,0.9561,-9.233588996309082,-9.243128245505636,0.11583,0.19264,460.5299
500,106,0.6185,0.3815,CV,2.7761,2.7888,-4.486891065102938,-4.499509875459529,0.00724,0.02372,7.6967
500,105,0.6136,0.3864,CV,2.5524,2.5463,-4.561186902939845,-4.550309915620899,-0.42334,-0.06666,5.9709
500,97,0.6183,0.3817,CV,1.7107,1.7153,-4.332354002454933,-4.341076635785907,0.04012,0.02146,8.1586
500,110,0.5938,0.4062,CV,0.8734,0.8859,-2.9287079996347605,-3.0061957613785197,-0.3568,-0.09648,13.983
501,102,0.6186,0.3814,CV,0.7797,0.7787,-6.042189862194583,-6.051746306295391,0.11764,0.05437,27.699
501,103,0.6187,0.3813,CV,6.226,6.2314,-9.267600871491297,-9.27672756823822,-0.33332,0.04827,459.601
501,106,0.6176,0.3824,CV,2.4197,2.422,-4.116134544715181,-4.120993733375239,0.05587,-0.03694,7.9577
501,105,0.62,0.38,CV,1.1641,1.1803,-3.1970924686446343,-3.2191694817750176,-0.18795,-0.00471,5.76
501,97,0.6185,0.3815,CV,0.9267,0.927,-3.2207123744412542,-3.2293984968315628,-0.0165,-0.02676,8.0858
501,110,0.6204,0.3796,CV,1.3351,1.3493,-3.0947179408157073,-3.1478151430428025,-0.19901,0.06987,13.3022
502,102,0.6171,0.3829,CV,6.0329,6.0389,-6.976004614692047,-6.978367193704938,-0.14975,0.0141,28.9212
502,103,0.6179,0.3821,CV,14.7719,14.7733,-10.975591466156832,-10.981342831161523,0.45407,0.37253,448.6979
502,106,0.6182,0.3818,CV,1.0749,1.0768,-4.124203762421895,-4.132959838769354,0.07794,-0.04418,7.9975
502,105,0.6187,0.3813,CV,0.7368,0.7291,-2.9006947896149873,-2.9077602297407434,-0.17204,-0.01616,5.5498
502,97,0.6185,0.3815,CV,1.2611,1.2628,-3.33654810694548,-3.3452796697212,-0.07967,0.02393,8.1751
502,110,0.6251,0.3749,CV,2.1029,2.1221,-3.962389031047633,-3.99634576826191,0.17355,-0.31732,12.0313
503,102,0.6169,0.3831,CV,3.5469,3.5405,-5.925704419727255,-5.929646766042593,-0.30311,-0.04605,29.0986
503,103,0.619,0.381,CV,4.4232,4.4817,-9.88953279891827,-9.900927280914198,0.14356,0.08736,450.692
503,106,0.6184,0.3816,CV,1.1704,1.1713,-3.7152438646352826,-3.7236988044441066,0.05847,-0.00738,7.8908
503,105,0.618,0.382,CV,0.9362,0.932,-2.479370929488541,-2.4857656689118,-0.15324,0.01315,5.2507
503,97,0.6186,0.3814,CV,0.4357,0.4318,-3.151441961765467,-3.160392713580569,-0.07104,0.02652,8.2167
503,110,0.0,1.0,CA,157.9672,157.9578,-6773.938160253696,-6612.224212132119,34.77802,2.47592,11.6581
504,102,0.6183,0.3817,CV,2.6724,2.6861,-5.656159794614996,-5.6661081076667275,-0.01899,-0.06768,29.2885
504,103,0.6184,0.3816,CV,10.3993,10.3883,-10.563699174043691,-10.571034280696468,0.82168,-0.03361,447.0828
504,106,0.6187,0.3813,CV,0.5627,0.5624,-3.336648030382422,-3.3460665401764267,0.06189,-0.02571,7.9893
504,105,0.6184,0.3816,CV,0.7043,0.703,-2.761122245174244,-2.7698131962142494,-0.10125,-0.03883,5.0288
504,97,0.618,0.382,CV,1.7407,1.7411,-4.4216212012429175,-4.428087602081165,0.00117,0.04191,8.4369
505,102,0.6178,0.3822,CV,4.2917,4.2968,-9.022330783272375,-9.028466201419327,0.09662,-0.12931,28.5035
505,103,0.6181,0.3819,CV,10.0589,10.0492,-9.431105143324592,-9.438291205995586,0.91093,-0.02011,452.5997
505,106,0.6188,0.3812,CV,1.1964,1.1985,-3.9138354421399577,-3.9232370662726703,-0.01401,0.03226,7.9574
505,105,0.6163,0.3837,CV,1.4927,1.4872,-3.2202435245584127,-3.2195465763957056,-0.17507,-0.03708,4.8549
505,97,0.6187,0.3813,CV,1.0543,1.0606,-3.5992064970259583,-3.6092852256214356,0.01816,0.00713,8.3424
506,102,0.6173,0.3827,CV,6.2997,6.3103,-7.016434406544606,-7.020930738627339,0.02691,-0.04732,30.1274
506,103,0.6167,0.3833,CV,15.6858,15.6468,-10.298698954742079,-10.300273319179494,0.97772,-0.08265,467.292
506,106,0.6187,0.3813,CV,1.4749,1.4781,-3.488254757737809,-3.497146565685288,-0.05478,-0.01962,8.144
506,97,0.6186,0.3814,CV,0.4114,0.4113,-3.1902481663249036,-3.1990134247152464,0.01664,-0.00461,8.4006
506,105,0.6177,0.3823,CV,1.3287,1.3315,-2.802556027138422,-2.8108780671032183,-0.10064,0.05377,4.7868
507,102,0.6167,0.3833,CV,6.0024,6.0073,-7.687723179769595,-7.690615848648459,0.23102,0.27568,30.3315
507,103,0.6164,0.3836,CV,11.4442,11.3714,-9.965805557829162,-9.968148363068488,1.22718,-0.03176,474.0425
507,106,0.6189,0.3811,CV,0.4392,0.4426,-3.5274824978776214,-3.5373894068268705,-0.02583,-0.00063,8.1562
507,97,0.6187,0.3813,CV,0.6796,0.6809,-3.4125332215335797,-3.4217128347816472,0.01177,-0.0087,8.3608
507,105,0.6175,0.3825,CV,0.8395,0.835,-2.480432882487568,-2.4858890648081493,-0.07247,0.08276,4.7055
508,102,0.6171,0.3829,CV,2.391,2.3789,-6.896932180882141,-6.902113908064736,0.24306,0.23976,30.0806
508,103,0.6162,0.3838,CV,12.5615,12.4949,-10.05324989913692,-10.055032421746695,1.49735,0.0079,476.644
508,106,0.6187,0.3813,CV,0.4375,0.4364,-3.4243274220993696,-3.433410543268755,-0.04041,0.00302,8.1484
508,97,0.6187,0.3813,CV,0.2773,0.2756,-3.2718440234442427,-3.281163524647906,0.00722,-0.00966,8.3434
508,105,0.6177,0.3823,CV,1.4748,1.4766,-2.8943640858463224,-2.900998640975616,-0.06118,0.03855,4.4563
509,102,0.6179,0.3821,CV,3.0171,3.0198,-8.49561382957721,-8.503576368439868,0.10197,0.10552,29.5595
509,103,0.6164,0.3836,CV,11.0578,10.9912,-9.628610261703743,-9.631550519751624,1.53803,0.23762,478.273
509,106,0.6186,0.3814,CV,1.1593,1.1598,-3.4084725261866144,-3.4169409171132594,0.01939,0.02905,8.0583
509,97,0.6186,0.3814,CV,0.8685,0.8665,-3.282936200896615,-3.2915250016880417,0.0039,-0.00967,8.2422
509,105,0.6182,0.3818,CV,0.7548,0.7554,-2.2544310881539236,-2.2630165410632253,-0.0277,0.0713,4.3854
510,102,0.6165,0.3835,CV,3.8459,3.8344,-12.221016169032227,-12.222221299242069,0.20086,-0.02134,28.7997
510,103,0.6173,0.3827,CV,8.0943,8.067,-9.549345600085708,-9.555955201316824,0.99937,0.57767,488.228
510,106,0.6187,0.3813,CV,0.7267,0.7262,-3.1977821354460123,-3.207018005817738,-0.03079,-0.00247,8.0203
510,97,0.6188,0.3812,CV,0.4446,0.4421,-3.6220589947247905,-3.6316884171246047,0.00171,0.01889,8.1896
510,105,0.6183,0.3817,CV,1.074,1.0751,-2.3638341465638018,-2.371813794825605,-0.07962,0.00036,4.3261
511,102,0.6188,0.3812,CV,2.5771,2.5928,-7.866225579610024,-7.8789005803551335,0.16036,0.10701,29.2217
511,103,0.6173,0.3827,CV,8.5754,8.5198,-9.603099459273166,-9.608460548724079,0.88206,0.55274,502.6385
511,106,0.6177,0.3823,CV,2.8643,2.8681,-5.287031222993436,-5.291755175959214,-0.00764,-0.00872,8.4182
511,97,0.6175,0.3825,CV,2.9266,2.93,-4.816962923697602,-4.8210403530304315,0.05218,-0.11322,8.4736
511,105,0.6174,0.3826,CV,1.7175,1.7184,-3.1340476252616813,-3.1381773523378573,-0.02768,-0.04111,4.4084
512,102,0.6157,0.3843,CV,7.2132,7.2144,-7.32964599022322,-7.325886779019153,0.25343,0.04188,31.0044
512,103,0.6172,0.3828,CV,9.8115,9.7593,-9.738729681956734,-9.743686375291837,1.10485,0.24935,514.06
512,106,0.6187,0.3813,CV,1.3007,1.3086,-3.7765027536195577,-3.787178317402107,0.02274,0.01531,8.3281
512,105,0.6161,0.3839,CV,1.412,1.4058,-3.1765301089240086,-3.1767502807462344,-0.03968,-0.04056,4.5232
513,102,0.616,0.384,CV,7.5644,7.575,-8.972788450258165,-8.975057591802443,-0.27248,-0.12664,31.5921
513,103,0.6165,0.3835,CV,15.988,15.9419,-10.103409583366686,-10.105352794683233,1.51271,-0.36894,523.6831
513,106,0.6179,0.3821,CV,2.0785,2.0794,-4.224571494126641,-4.230153351812202,-0.03232,0.01487,8.0356
513,105,0.6172,0.3828,CV,1.8082,1.8115,-3.20649269633644,-3.2130448610838096,-0.10607,-0.00861,4.397
513,97,0.5,0.5,CA,0.9042,0.9104,-3.9917734171660824,-4.004353440857194,0.03236,-0.01137,9.0161
514,102,0.6176,0.3824,CV,4.6624,4.6753,-6.169817419039717,-6.178075949570108,0.05116,0.09145,31.9605
514,103,0.6147,0.3853,CV,20.8833,20.8046,-10.939324050592232,-10.93494676435671,2.12497,-0.76298,529.3814
514,106,0.6187,0.3813,CV,0.4305,0.4337,-3.2379250582009926,-3.2482999210680625,-0.00675,-0.01977,8.046
514,105,0.0,1.0,CA,234.7158,234.7102,-15444.192105666836,-15365.62032566312,-13.85397,0.07561,4.9964
514,97,0.5771,0.4229,CV,0.8435,0.8434,-3.360851119747313,-3.36942884828445,0.02284,-0.05652,8.8408
515,102,0.6167,0.3833,CV,7.6032,7.6157,-12.177137221572526,-12.179448936370937,0.09299,0.06509,30.1072
515,103,0.614,0.386,CV,17.6549,17.5361,-11.72350411382598,-11.718715918429101,2.32048,-1.01742,535.598
515,106,0.619,0.381,CV,0.1715,0.1715,-3.2108041829135945,-3.221173224120576,-0.00041,-0.02279,8.0604
515,105,0.0,1.0,CA,86.4707,86.1936,-1722.1915931559442,-1705.8246844415544,-21.45204,0.21664,5.9129
515,97,0.6043,0.3957,CV,1.5846,1.5872,-3.5976929755134393,-3.6073073542081677,-0.05567,-0.01887,8.7127
516,102,0.6185,0.3815,CV,3.4024,3.4183,-5.817189174567523,-5.828322780690461,0.06858,0.14374,30.8873
516,103,0.6128,0.3872,CV,21.0039,20.8744,-10.907794375390818,-10.898793409270263,2.59191,-1.35924,551.2236
516,106,0.619,0.381,CV,0.7574,0.7594,-3.315567228720223,-3.3253913043045777,-4e-05,-0.01738,8.1423
516,105,0.0113,0.9887,CA,20.2766,19.8479,-90.2837281892039,-86.21540924047814,-24.16499,0.12586,7.0441
516,97,0.6142,0.3858,CV,0.9435,0.9452,-3.2851370803162987,-3.29654062694078,-0.05847,0.06489,8.7839
517,102,0.6186,0.3814,CV,2.9923,2.9967,-8.737860305422046,-8.74690938205491,-0.01742,-0.00096,30.5107
517,103,0.6155,0.3845,CV,7.2909,7.1495,-9.733437470655176,-9.737754120458755,1.89936,-1.15472,559.7321
517,106,0.6187,0.3813,CV,0.8802,0.8801,-3.6066443536618253,-3.615406544496841,-0.05202,0.0139,8.1727
517,105,0.8459,0.1541,CV,9.6512,10.1497,-22.89386508191454,-24.98575117162494,-21.1243,-0.03949,7.4003
517,97,0.6178,0.3822,CV,0.1711,0.1718,-3.184192660238617,-3.196329307108719,-0.04355,0.03258,8.8278
518,102,0.6188,0.3812,CV,1.4443,1.4427,-5.453441630191209,-5.463154460596059,-0.06275,-0.09922,30.3635
518,103,0.6177,0.3823,CV,3.218,3.2501,-12.167035397007506,-12.17672741017473,1.02164,-0.76365,571.6243
518,106,0.6179,0.3821,CV,2.3917,2.3944,-5.585767638273449,-5.5914437348163535,0.03183,0.01636,7.84
518,105,0.0009,0.9991,CA,19.152,19.5045,-78.52245983604969,-70.6381399475543,41.1808,-0.0388,19.9429
518,97,0.6184,0.3816,CV,1.4738,1.4734,-3.8500276063993657,-3.859021097789608,-0.02857,0.01689,8.5874
518,111,0.7,0.3,CV,1.547,1.547,-3.4366939320979566,-3.4366939320979566,0.0,0.0,3.7735
519,102,0.6192,0.3808,CV,1.2307,1.2393,-5.442532798999427,-5.453539968325645,0.02799,-0.01533,30.5178
519,103,0.6174,0.3826,CV,11.708,11.6583,-29.05819566516245,-29.063228688801836,1.04879,-0.67486,592.7921
519,106,0.6182,0.3818,CV,0.6674,0.6607,-4.198688976394175,-4.206903374643098,0.00871,0.0109,7.6852
519,97,0.6192,0.3808,CV,0.9117,0.9159,-3.516751851734417,-3.528593392162467,0.04518,-0.02224,8.5452
519,111,0.647,0.353,CV,1.4569,1.4569,-2.6628325830591164,-2.6715373079008065,0.03581,-0.42527,5.299
520,102,0.6191,0.3809,CV,0.8856,0.8837,-7.049460024535625,-7.059382763568834,0.06276,-0.00247,30.2931
520,103,0.618,0.382,CV,18.0865,18.1318,-29.413280240766817,-29.421465607703848,-0.45759,-0.32621,611.8377
520,106,0.6191,0.3809,CV,0.8476,0.8532,-3.1209649721327586,-3.132515689558314,-0.02892,-0.02412,7.6993
520,97,0.6184,0.3816,CV,1.8525,1.8525,-4.619030126577856,-4.6259477114679814,-0.07695,0.00749,8.274
520,111,0.6445,0.3555,CV,0.5693,0.5737,-2.2487903583050803,-2.3269133084669447,0.41208,-0.49731,7.5941
521,102,0.619,0.381,CV,1.2849,1.2886,-5.099153392175821,-5.108872065967447,0.02005,-0.00794,30.4957
521,103,0.6166,0.3834,CV,21.8119,21.7834,-32.63616322320456,-32.63740583244454,-1.61769,-0.27512,625.5201
521,106,0.6189,0.3811,CV,1.063,1.0647,-3.1998921431722898,-3.2093049403017586,-0.00132,-0.02485,7.7692
521,97,0.6185,0.3815,CV,2.9331,2.9416,-4.652777614251991,-4.661348474583349,0.03898,-0.01735,8.4854
521,111,0.647,0.353,CV,0.8534,0.841,-2.355547505407173,-2.4478724162608763,-0.02839,-1.01342,8.9021
521,105,0.5,0.5,CA,38.1141,36.4862,-38.53808236105093,-29.058975353790867,130.85019,-0.09072,33.4152
522,102,0.6177,0.3823,CV,4.2345,4.2344,-5.940394756247839,-5.944905090581325,-0.22463,-0.14016,30.7919
522,103,0.616,0.384,CV,16.2158,16.1281,-36.307801153615905,-36.308479450389996,-1.95941,-0.38942,637.6288
522,106,0.6174,0.3826,CV,1.9389,1.9355,-3.893040548424639,-3.8962079954885893,0.00418,-0.04188,7.9754
522,97,0.6189,0.3811,CV,0.6112,0.6137,-3.4364404248600966,-3.446611575431942,0.05431,-0.01747,8.3773
522,111,0.6425,0.3575,CV,0.9692,0.9405,-2.3034239976484314,-2.372875709276783,-0.08276,-0.92202,9.0826
522,105,0.8008,0.1992,CV,3.1538,6.97,-4.473770004830222,-5.563103538418345,7.52547,-0.18556,50.5125
523,102,0.6188,0.3812,CV,2.6153,2.6308,-5.5485278388505455,-5.559469341281277,-0.01461,0.01533,30.4609
523,103,0.6156,0.3844,CV,17.8484,17.7665,-36.82758821831857,-36.82763856618085,-2.09092,-0.63032,639.3892
523,106,0.6176,0.3824,CV,0.7052,0.6979,-3.4274549608976956,-3.433888595820497,0.00388,-0.01113,8.0755
523,97,0.6188,0.3812,CV,0.1656,0.1653,-3.033745050844769,-3.043189601914922,0.03976,-0.01119,8.2457
523,105,0.7,0.3,CV,2.5767,2.7274,-3.994694590443645,-4.087034457204637,-5.7353,-0.01946,26.5619
523,111,0.6452,0.3548,CV,1.0088,1.0489,-2.32944792758199,-2.4171814806032597,0.29729,-0.29747,8.7877
524,102,0.6186,0.3814,CV,1.4184,1.4195,-5.170801149622503,-5.179588764527293,0.08341,-0.01393,30.4896
524,103,0.6154,0.3846,CV,17.0606,16.9694,-37.34963396958577,-37.349480230590586,-1.90206,-0.85305,634.9326
524,106,0.618,0.382,CV,0.1894,0.1846,-3.560132078864463,-3.5679669326479666,0.00233,-0.00074,8.1152
524,97,0.6185,0.3815,CV,0.8274,0.8253,-3.348896765027764,-3.357033350719794,0.07518,-0.03137,8.1756
524,111,0.6387,0.3613,CV,0.721,0.7384,-2.235789239294528,-2.291037903455757,0.10292,0.04645,8.1771
524,105,0.6306,0.3694,CV,2.0281,1.8687,-3.4959830036196102,-3.43372272058604,-6.51818,-0.01783,18.856
524,112,0.7,0.3,CV,0.9607,0.9607,-7.7282255825210635,-7.7282255825210635,0.0,0.0,97.1506
525,102,0.6187,0.3813,CV,1.6239,1.6265,-5.401114675057129,-5.410178957031404,-0.02397,-0.07397,30.345
525,103,0.6127,0.3873,CV,25.2899,25.1847,-35.27274880667187,-35.26137089137452,-1.83892,-1.06282,615.5449
525,97,0.6186,0.3814,CV,0.9845,0.987,-3.217493870019578,-3.2265702378590957,0.00617,0.00093,8.224
525,105,0.6139,0.3861,CV,1.3745,1.1854,-3.182434659547007,-3.1536513663914967,-5.24071,-0.01261,16.0084
525,106,0.6183,0.3817,CV,1.1891,1.1924,-3.44379105989349,-3.452223178127069,-0.04631,0.02614,8.0543
525,112,0.6447,0.3553,CV,11.9608,11.9608,-10.524831318184908,-10.52357159771756,0.11752,-0.72164,137.4956
526,102,0.6168,0.3832,CV,5.9429,5.9448,-6.817350653477841,-6.818599283105465,0.17597,-0.13903,31.668
526,103,0.6114,0.3886,CV,19.2992,19.1287,-36.18847112130052,-36.17569487631698,-1.69734,-1.02284,596.7085
526,106,0.6182,0.3818,CV,1.2885,1.2888,-3.36911192361539,-3.3766645357788363,-0.04391,-0.0265,7.9489
526,97,0.6186,0.3814,CV,1.3459,1.3486,-4.151337858261843,-4.160181043574428,0.03704,0.00985,8.0126
526,112,0.6069,0.3931,CV,16.558,16.43,-13.238462443617378,-13.15912334504386,5.42956,-5.34872,214.862
527,102,0.618,0.382,CV,6.2532,6.2722,-7.002963336882443,-7.0120133447566495,-0.18881,-0.02362,30.7485
527,103,0.6103,0.3897,CV,17.6108,17.4096,-38.08114347397725,-38.06559478145216,-1.89627,-1.37249,576.311
527,106,0.6187,0.3813,CV,0.5239,0.5285,-3.9316766758404524,-3.941715838802967,-0.00277,-0.0024,8.0339
527,97,0.6179,0.3821,CV,2.1732,2.1757,-4.171258133761188,-4.1773096646026,-0.07633,0.08805,8.0942
527,112,0.6363,0.3637,CV,6.6334,6.9329,-7.855909902248956,-7.957665266581401,6.09953,-1.58794,264.4238
527,111,0.5,0.5,CA,1.0248,1.0251,-3.4920764140461684,-3.5197323289623346,-0.0425,0.09667,6.9709
527,105,0.5,0.5,CA,1.4851,1.3396,-3.897041042922281,-3.914813787327387,-2.71246,0.03722,13.4411
528,102,0.6183,0.3817,CV,2.2448,2.2484,-5.432300958547029,-5.440776335870017,-0.07325,-0.15185,30.8996
528,103,0.6138,0.3862,CV,11.3343,11.1959,-50.11038166723148,-50.11135887906225,-1.85904,-1.7968,562.5877
528,106,0.6188,0.3812,CV,0.5983,0.5985,-3.173646758235245,-3.1830067475121027,0.03462,-0.0221,8.0987
528,97,0.6184,0.3816,CV,0.9557,0.9577,-3.226491228785286,-3.2356320209433176,-0.08371,0.00455,8.0406
528,112,0.6176,0.3824,CV,10.9772,10.7224,-9.238706722752003,-9.217239994043677,6.07436,-4.6185,295.8617
528,111,0.5739,0.4261,CV,2.4002,2.3975,-4.012267044794273,-4.007942451012448,-0.03699,0.14956,6.5543
528,105,0.5885,0.4115,CV,1.0098,1.0779,-2.922516449913279,-2.9779802417940697,-1.39654,0.03576,11.7317
529,102,0.6188,0.3812,CV,2.0361,2.0444,-5.285997970261832,-5.295911446228099,-0.02645,0.04703,30.9789
529,103,0.6174,0.3826,CV,10.0613,10.0515,-65.96658692635836,-65.97719038463585,-1.38143,-1.7176,553.9561
529,106,0.6188,0.3812,CV,0.2021,0.1998,-3.138189121915171,-3.14760425308555,0.0332,-0.01875,8.1252
529,97,0.6186,0.3814,CV,0.8899,0.8926,-3.4614953175819094,-3.4706685084572637,-0.01142,-0.01364,8.0849
529,112,0.6292,0.3708,CV,5.0574,5.011,-7.836520280947534,-7.892069328509006,5.03019,-2.87368,300.6573
529,111,0.6054,0.3946,CV,1.661,1.6747,-3.0596533915327444,-3.07839077198319,-0.02493,0.04725,6.0442
529,105,0.6159,0.3841,CV,0.6127,0.6621,-3.019080841139811,-3.061055404274499,-0.50403,0.02211,10.4924
530,102,0.6181,0.3819,CV,3.0943,3.0919,-5.543909759413577,-5.550379052624628,-0.19921,0.02228,30.5502
530,103,0.6183,0.3817,CV,8.5485,8.5214,-83.83440937341723,-83.84384338312783,-0.93599,-1.36777,545.1242
530,106,0.6188,0.3812,CV,0.496,0.4978,-3.163663575479962,-3.1732478717119035,-0.00249,0.01472,8.1455
530,97,0.6186,0.3814,CV,0.7781,0.7794,-3.1713760412409093,-3.18040711219461,-0.04423,-0.01359,8.0052
530,112,0.617,0.383,CV,17.0656,17.1509,-16.711824258344876,-16.69823192956983,3.93349,0.51396,281.2067
530,111,0.6142,0.3858,CV,0.7127,0.7106,-2.3522094972330145,-2.3618468313827066,-0.04727,0.07911,5.8017
531,102,0.6179,0.3821,CV,4.9121,4.9212,-9.468783293899675,-9.475561891649857,-0.06435,0.11285,31.76
531,103,0.617,0.383,CV,18.3186,18.302,-96.64730196256318,-96.64974267472496,-0.59249,-0.83813,550.2365
531,106,0.6187,0.3813,CV,0.7095,0.7097,-3.3942065892734297,-3.403025312460574,-0.00903,0.01856,8.2712
531,97,0.6185,0.3815,CV,0.7053,0.7047,-3.1392572272678705,-3.147780344694871,-0.03829,-0.03452,8.0575
531,112,0.6015,0.3985,CV,10.9994,10.7166,-17.522875880840644,-17.462213318336865,3.95198,0.48112,257.7636
531,111,0.6178,0.3822,CV,0.2722,0.2752,-2.2479136872570935,-2.2597416823364775,-0.03583,0.02646,5.5979
532,102,0.6171,0.3829,CV,3.287,3.2747,-7.54846589158444,-7.5519744292493955,0.01134,0.1927,32.8045
532,106,0.6188,0.3812,CV,0.5742,0.5763,-3.223217530829402,-3.2326126508003123,-0.00771,0.01509,8.2386
532,97,0.6183,0.3817,CV,0.9461,0.9441,-4.035864215118249,-4.043372690364277,-0.02579,-0.02803,8.2033
532,112,0.6052,0.3948,CV,6.5367,6.2438,-19.008658246579458,-18.98642231844179,3.53357,0.83834,232.8678
532,111,0.6188,0.3812,CV,0.1964,0.1977,-2.5118435433502757,-2.522654703631014,-0.02037,0.00404,5.4026
533,102,0.6186,0.3814,CV,3.3829,3.4015,-6.0555765265573,-6.066504533169381,0.00654,-0.03484,32.3294
533,106,0.6186,0.3814,CV,0.8612,0.8617,-3.241488705710467,-3.2502468542547813,0.04688,-0.01522,8.2248
533,97,0.6184,0.3816,CV,0.954,0.9557,-3.318232227574569,-3.326838611077901,-0.06366,0.00708,8.1657
533,112,0.617,0.383,CV,1.5995,1.4339,-24.418500835689,-24.440467640564485,2.32522,0.37716,208.2334
533,111,0.6189,0.3811,CV,0.513,0.5138,-2.2640241681131434,-2.2738334781721843,0.01856,0.02179,5.232
533,105,0.5,0.5,CA,1.2781,1.2821,-4.591789545230596,-4.612431570837213,-0.01339,0.0344,8.4491
534,102,0.6155,0.3845,CV,7.0767,7.0775,-7.279738115027429,-7.275431019043555,0.03679,-0.08461,30.4717
534,106,0.6179,0.3821,CV,2.1457,2.1474,-4.745113099150176,-4.750933389572617,0.01924,0.00835,8.5589
534,97,0.6183,0.3817,CV,1.1116,1.1116,-3.2858321348587523,-3.2938309249167137,-0.05176,0.03993,8.0402
534,112,0.6205,0.3795,CV,6.5821,6.6129,-12.232591006935234,-12.25168697074734,1.82595,-0.23707,189.211
534,111,0.6183,0.3817,CV,1.2729,1.2737,-2.874108364034527,-2.8813357472234125,-0.03135,-0.04023,5.0
534,105,0.5777,0.4223,CV,0.7298,0.7327,-2.828378994057877,-2.8394624399140582,-0.03561,-0.0024,7.4797
535,102,0.6178,0.3822,CV,4.3911,4.4051,-6.0803054749417225,-6.090189036306255,0.31033,-0.04086,31.0255
535,106,0.6185,0.3815,CV,1.6659,1.6716,-3.9472505497759327,-3.9567186100224125,0.05543,0.01248,8.4266
535,97,0.6182,0.3818,CV,1.1055,1.1029,-3.43098286093243,-3.438509298892521,-0.03124,0.00882,7.8939
535,112,0.494,0.506,CA,43.492,43.3972,-42.92692797953322,-42.42533796261839,6.95777,0.3259,165.3812
535,111,0.6189,0.3811,CV,0.6988,0.7032,-2.266727518313352,-2.277337268074476,-0.00159,0.01091,4.9116
535,105,0.6049,0.3951,CV,0.6724,0.6725,-3.1628822635609612,-3.174321658091661,-0.03636,0.01518,7.214
536,102,0.6189,0.3811,CV,4.0358,4.0512,-6.955931755193202,-6.9672060710008985,-0.12595,-0.08152,31.0133
536,106,0.6184,0.3816,CV,1.2048,1.2067,-3.572734605665883,-3.5810071928959464,0.01942,-0.0396,8.5739
536,97,0.6188,0.3812,CV,0.811,0.8139,-3.0697274915126544,-3.079934571969613,-0.01398,0.05703,7.9298
536,112,0.6157,0.3843,CV,40.9335,41.325,-40.84054293315972,-41.01815175744612,-1.76597,-0.39545,160.2966
536,105,0.6145,0.3855,CV,1.1192,1.1219,-2.95835573707763,-2.969850201443495,0.04648,-0.05324,6.9032
536,111,0.6187,0.3813,CV,0.5308,0.5308,-2.222095960300077,-2.2310082936221116,0.03353,0.01493,4.8239
537,102,0.6191,0.3809,CV,0.6549,0.6562,-5.306927909620122,-5.317415088915815,-0.08667,-0.0664,30.9686
537,106,0.6187,0.3813,CV,0.5168,0.52,-3.3034590983264094,-3.3129266809110693,0.00374,-0.01462,8.6039
537,97,0.6183,0.3817,CV,1.698,1.6995,-3.567068191419119,-3.5744797838749047,-0.0025,0.04957,8.1514
537,112,0.6045,0.3955,CV,25.5194,25.6119,-27.051378865019345,-27.005238423225677,2.56483,0.24112,142.5846
537,111,0.6188,0.3812,CV,0.1857,0.1876,-2.146643230411823,-2.155946793640474,0.00761,0.00763,4.7313
537,105,0.618,0.382,CV,0.6631,0.6667,-2.6657382206574463,-2.6780993499947363,-0.01424,0.00712,6.6515
538,102,0.619,0.381,CV,0.923,0.9186,-5.059690659764215,-5.069407791454214,-0.10491,-0.04421,30.6804
538,106,0.6178,0.3822,CV,2.1028,2.103,-3.8592918801716456,-3.864640670707095,-0.05712,0.05054,8.3934
538,97,0.6175,0.3825,CV,1.7513,1.7483,-5.178257830199626,-5.182913785970032,0.05096,-0.01407,8.3686
538,112,0.6116,0.3884,CV,4.1373,4.0503,-14.283706478003374,-14.283776661345264,1.95781,0.02993,131.6153
538,111,0.6186,0.3814,CV,0.3551,0.3548,-2.4856686763247793,-2.494409541533977,0.02666,4e-05,4.6528
538,105,0.6183,0.3817,CV,1.2137,1.2138,-2.850676463807973,-2.8591779147027716,-0.04148,0.07089,6.539
538,114,0.7,0.3,CV,6.3752,6.3752,-12.693824209975196,-12.693824209975196,0.0,0.0,51.4852
539,102,0.6179,0.3821,CV,4.2552,4.2569,-7.542884733548221,-7.548035583449121,-0.02074,-0.1783,31.4502
539,106,0.6188,0.3812,CV,1.082,1.0883,-3.5652289142068967,-3.5760357626007906,-0.0534,-0.00626,8.5336
539,97,0.6184,0.3816,CV,1.9322,1.9394,-3.775577408486105,-3.7853823700254354,0.05198,0.02234,8.1255
539,112,0.6203,0.3797,CV,4.2482,4.3474,-9.331548268904342,-9.357955725501244,0.63513,-0.05165,120.8853
539,111,0.6184,0.3816,CV,0.8635,0.8638,-2.3414753176169243,-2.349447605489739,-0.00157,-0.00562,4.5064
539,114,0.6474,0.3526,CV,4.8066,4.8066,-17.564041030384303,-17.57463123214051,-2.26628,1.32814,69.8277
540,102,0.6166,0.3834,CV,5.9511,5.9526,-10.252300186976072,-10.253667244764207,-0.2715,0.12586,32.1199
540,106,0.6189,0.3811,CV,0.484,0.4829,-3.2316862287381873,-3.241401059628209,-0.0381,-0.01656,8.5239
540,97,0.6185,0.3815,CV,0.9188,0.9198,-3.50862944069719,-3.5174081509823556,-0.01409,-0.00462,8.0312
540,112,0.6188,0.3812,CV,8.1853,8.2065,-9.835165730436735,-9.842206834497183,-0.33589,-0.26869,113.5758
540,111,0.6175,0.3825,CV,1.1328,1.1299,-2.7218035079129814,-2.7264055775468012,-0.00579,-0.03748,4.3321
540,114,0.5953,0.4047,CV,10.6215,10.5557,-33.91031577457182,-33.77860779455622,-12.37759,3.94031,106.2474
541,102,0.6176,0.3824,CV,3.0433,3.0477,-6.818797261950567,-6.826523589038652,-0.26687,0.04212,31.4882
541,106,0.6188,0.3812,CV,0.8661,0.867,-3.2674582662127567,-3.276876058749229,0.03069,-0.03993,8.4919
541,97,0.6187,0.3813,CV,0.6642,0.6638,-3.3076344688381383,-3.316979184335491,0.03318,0.0171,8.0218
541,112,0.6161,0.3839,CV,6.3804,6.3453,-7.695229443745088,-7.693343639152063,-0.54588,-0.29099,108.2865
541,111,0.618,0.382,CV,1.1078,1.1085,-3.0415822253655147,-3.0493067271920826,-0.03194,-0.09285,4.2981
541,114,0.5411,0.4589,CV,9.3054,8.7842,-34.081453859365936,-33.80601491088104,-17.60658,3.89627,141.9228
542,102,0.6177,0.3823,CV,5.345,5.3556,-7.9558529987882025,-7.962392591044662,0.12012,0.18355,32.087
542,106,0.6189,0.3811,CV,0.882,0.885,-3.727439846104006,-3.737183545620415,-0.017,-0.00511,8.5902
542,97,0.6189,0.3811,CV,0.3807,0.3799,-3.03977375005993,-3.0496275904370256,0.03526,-0.01265,8.0102
542,112,0.614,0.386,CV,12.2619,12.2667,-11.138196867425854,-11.131293552371279,-1.05139,0.01524,97.8571
542,111,0.6185,0.3815,CV,0.9858,0.9882,-2.481493743272317,-2.49066033037962,0.00049,-0.05156,4.3309
542,114,0.5086,0.4914,CV,9.0695,8.2005,-30.513440399015767,-30.186212721910113,-21.14479,3.6174,169.5315
543,102,0.6176,0.3824,CV,4.8228,4.8296,-6.15732579897494,-6.163458064210987,0.24485,-0.1121,31.7187
543,106,0.6189,0.3811,CV,0.5925,0.5936,-3.3279586671209955,-3.3375012057765874,-0.02255,0.00567,8.5278
543,97,0.6185,0.3815,CV,1.4931,1.495,-3.4848853923592666,-3.4930014976214214,0.02615,-0.01618,8.2006
543,112,0.6091,0.3909,CV,9.1355,9.0831,-8.017083826616075,-7.992474111646621,-1.44833,-0.09988,92.0022
543,114,0.5425,0.4575,CV,6.5948,5.7051,-30.114351500035266,-29.970197622296993,-19.86244,2.54125,183.8414
543,111,0.6184,0.3816,CV,0.9949,0.9962,-2.52689409312333,-2.534979008505733,0.03348,0.02084,4.3173
544,102,0.6186,0.3814,CV,1.6582,1.6698,-6.486135420218305,-6.496219776621558,0.07822,-0.06166,32.1555
544,106,0.6188,0.3812,CV,0.7046,0.7063,-3.358118152400474,-3.3673763466372733,0.00918,-0.01793,8.5935
544,97,0.6186,0.3814,CV,0.84,0.8403,-3.2824332722611875,-3.291202329654767,0.01731,-0.06319,8.1937
544,112,0.6065,0.3935,CV,10.2184,10.1638,-8.924360389373753,-8.896327379985191,-1.528,0.02051,89.7381
544,114,0.5105,0.4895,CV,12.8973,12.3598,-44.814342826438164,-44.49289190363492,-22.52737,3.42833,181.5924
544,111,0.6167,0.3833,CV,1.6129,1.6099,-3.0741835617903672,-3.0753045662039398,0.03106,0.02809,4.4424
545,102,0.6188,0.3812,CV,0.6889,0.694,-6.982403304223021,-6.991998237680302,0.0273,-0.00731,32.3181
545,106,0.6186,0.3814,CV,1.3724,1.3737,-3.4402994917864564,-3.448684460103861,-0.01232,-0.01631,8.4153
545,97,0.6187,0.3813,CV,1.2332,1.2369,-3.6204995600687635,-3.6298185464273414,0.01061,0.02212,8.0611
545,112,0.6116,0.3884,CV,3.5755,3.4911,-6.680861790808647,-6.678069198938315,-1.17112,0.01307,86.3224
545,111,0.618,0.382,CV,1.1649,1.1694,-3.0198394027983286,-3.0290527466404296,0.04519,0.04373,4.3504
545,114,0.5708,0.4292,CV,4.1456,3.4886,-35.50121814280485,-35.46886177238703,-18.36997,2.44926,179.3361
546,102,0.6175,0.3825,CV,4.8919,4.8932,-13.758440280783631,-13.762270346534894,-0.30128,0.03361,31.9495
546,106,0.6184,0.3816,CV,1.2126,1.2119,-4.373162659022881,-4.381239788877896,0.07102,0.01905,8.3193
546,97,0.6187,0.3813,CV,0.5615,0.5613,-3.306987913685334,-3.3162690514935385,0.00612,-0.02035,8.0126
546,112,0.6163,0.3837,CV,4.0924,4.1014,-6.752549883214231,-6.762167247014402,-0.77206,0.0063,80.7412
546,111,0.6181,0.3819,CV,0.6613,0.661,-2.5634252701506095,-2.57115013628471,0.0102,0.05683,4.299
546,114,0.5467,0.4533,CV,8.158,7.3762,-25.29936524853423,-25.08228526067618,-19.26652,2.57893,171.1362
547,102,0.6164,0.3836,CV,3.6451,3.6292,-8.176386137280478,-8.177498519246594,-0.38555,-0.05153,31.4152
547,106,0.6187,0.3813,CV,1.6724,1.6774,-3.654624763375824,-3.664319271681144,-0.07056,0.02276,8.3816
547,97,0.6188,0.3812,CV,0.6691,0.6712,-3.125320891240248,-3.134940900180572,0.00326,-0.02323,8.0998
547,112,0.6178,0.3822,CV,6.1132,6.1287,-8.005757812255538,-8.014573263638987,-0.29824,-0.05343,79.5665
547,111,0.6185,0.3815,CV,0.8294,0.8319,-2.35194251893677,-2.361112540223063,-0.02695,-0.0115,4.2936
547,114,0.5705,0.4295,CV,4.8128,3.9836,-27.453074629642806,-27.367292489314444,-16.51807,2.09201,165.2922
548,102,0.6138,0.3862,CV,5.0899,5.0685,-13.734656620762738,-13.726372846594685,-0.51359,-0.26447,30.7872
548,106,0.6186,0.3814,CV,1.235,1.2364,-3.396347105441547,-3.4049305011549755,-0.00166,0.04408,8.5053
548,97,0.6188,0.3812,CV,0.6776,0.6776,-3.3375576827459037,-3.346810854631646,0.00151,-0.04311,8.0315
548,112,0.6166,0.3834,CV,6.3025,6.2893,-8.367017771523141,-8.368610421053187,-0.01111,-0.00136,79.524
548,114,0.6169,0.3831,CV,4.1218,4.3295,-21.398283603621522,-21.470501712487348,-9.33585,1.12666,153.1553
548,111,0.6183,0.3817,CV,1.0883,1.0895,-2.740562328156095,-2.748276472121553,0.02398,-0.05086,4.3694
549,102,0.6181,0.3819,CV,5.144,5.169,-9.617189180001475,-9.630972831697981,-0.26086,0.09554,31.6242
549,106,0.6179,0.3821,CV,1.7494,1.7485,-3.7487585435055966,-3.754522505244155,0.06134,-0.03521,8.6619
549,97,0.6189,0.3811,CV,0.3198,0.3209,-3.0433735291517423,-3.0530901000918904,0.00047,-0.00675,7.9809
549,112,0.6178,0.3822,CV,3.0309,3.0374,-6.533375725259895,-6.541984049909057,0.17775,-0.06076,77.2206
549,111,0.6178,0.3822,CV,1.4823,1.4828,-3.1804013964836653,-3.1861378345140783,0.00236,-0.0748,4.2496
549,114,0.6153,0.3847,CV,3.6362,3.3467,-17.069572230070158,-17.06712275520919,-7.23693,0.83854,142.6509
550,102,0.6184,0.3816,CV,3.425,3.4313,-9.747109242455249,-9.756072735355914,-0.18204,-0.06577,30.7589
550,106,0.6179,0.3821,CV,2.9534,2.9601,-5.254030722675705,-5.261067354570079,0.00819,0.05843,8.275
550,97,0.6187,0.3813,CV,0.8453,0.8438,-3.2341467152374133,-3.2428717524740858,-0.00014,-0.02295,7.8508
550,112,0.6177,0.3823,CV,5.6248,5.6288,-6.995132990083086,-7.001231612362413,0.40257,-0.02938,73.8336
550,111,0.6188,0.3812,CV,0.3773,0.3826,-2.107617350980123,-2.1183954308304456,-0.00309,-0.03058,4.2647
550,114,0.6258,0.3742,CV,3.3965,3.5315,-15.349955861451864,-15.394351422486464,-3.59156,0.64836,130.7758
551,102,0.6187,0.3813,CV,2.2698,2.2753,-7.360393789250991,-7.3699526993706765,-0.15431,-0.04153,30.9573
551,106,0.6187,0.3813,CV,1.5529,1.5596,-3.9246192562497777,-3.9349077892053597,-0.00484,0.00482,8.4223
551,97,0.6187,0.3813,CV,1.4533,1.4574,-3.3679566942918413,-3.377323022149565,-0.00047,0.03581,7.9774
551,112,0.6169,0.3831,CV,9.1542,9.1653,-8.355918980855602,-8.359060852352904,0.00241,0.08544,75.5197
551,111,0.6182,0.3818,CV,1.0772,1.0759,-4.029737534376385,-4.036551744736102,-0.05953,-0.04025,4.205
551,114,0.6234,0.3766,CV,2.4088,2.3564,-13.662689494958677,-13.681314558373707,-2.32003,0.51901,122.106
552,102,0.6186,0.3814,CV,2.7276,2.7306,-8.736128152357843,-8.744875164923585,-0.11954,0.09082,30.2506
552,106,0.6186,0.3814,CV,0.7481,0.7464,-3.661915274371907,-3.670469648366298,-0.03269,0.01698,8.5515
552,97,0.6188,0.3812,CV,1.0514,1.0533,-3.3282021590808464,-3.3375583439845458,-0.00064,0.04043,7.829
552,112,0.6174,0.3826,CV,3.1997,3.1847,-6.854922714339321,-6.860946719737483,-0.09398,0.20579,75.5159
552,111,0.6186,0.3814,CV,1.3286,1.3325,-2.790408406025594,-2.7997649129328788,-0.02515,-0.00293,4.3092
552,114,0.6227,0.3773,CV,1.5104,1.5378,-8.64067345226227,-8.659716977007816,-1.25285,0.30777,115.2523
553,102,0.6183,0.3817,CV,3.9078,3.9148,-8.016169096517022,-8.023728018268834,-0.06014,0.03956,30.9298
553,106,0.6185,0.3815,CV,1.4825,1.4851,-3.697735926365466,-3.706329661155311,-0.05583,-0.01137,8.3516
553,97,0.6189,0.3811,CV,0.5448,0.548,-3.1288727874506788,-3.1387725736476213,-0.00071,0.00305,7.8281
553,112,0.6163,0.3837,CV,6.0225,6.0029,-9.511195828457923,-9.511974002358613,0.04625,0.16566,77.1421
553,111,0.6186,0.3814,CV,0.6503,0.6511,-2.438838867296524,-2.4479102027185444,-0.03467,0.03199,4.2935
553,114,0.6212,0.3788,CV,1.8936,1.8936,-9.281372242289088,-9.29520031501475,-0.80153,0.08609,108.9936
554,102,0.6188,0.3812,CV,3.3603,3.3719,-6.279390680696292,-6.289394316988136,0.0641,-0.00614,30.059
554,106,0.6187,0.3813,CV,0.8029,0.8036,-3.163447933135463,-3.1728449682114364,0.0121,0.01381,8.2597
554,97,0.6189,0.3811,CV,0.2182,0.218,-3.108648642149961,-3.1182040743996513,-0.00073,-0.00552,7.8349
554,112,0.6165,0.3835,CV,5.8022,5.7932,-14.454614822428027,-14.458135281546003,0.30254,-0.045,78.2733
554,111,0.6187,0.3813,CV,0.7329,0.7353,-2.2835873595219476,-2.292944108030445,0.0261,0.0042,4.2669
554,114,0.6206,0.3794,CV,4.1289,4.1622,-7.556583276306261,-7.569860190622421,-0.05474,0.11757,103.7204
555,102,0.6186,0.3814,CV,1.6985,1.6948,-5.050379870024528,-5.058812171127725,0.00194,-0.00973,29.282
555,106,0.6187,0.3813,CV,1.1889,1.1904,-3.3645335435278056,-3.3735186435985733,0.07808,-0.0126,8.3287
555,97,0.618,0.382,CV,1.6149,1.6141,-3.8462557848652272,-3.8522448403295053,-0.0007,0.01922,8.0244
555,112,0.6168,0.3832,CV,5.6015,5.5948,-15.951451097498497,-15.95568756544747,0.49183,0.02539,77.7802
555,111,0.6187,0.3813,CV,0.4795,0.4801,-2.179480674185567,-2.188592019531807,0.00696,-0.02894,4.2617
555,114,0.6188,0.3812,CV,5.8391,5.8352,-7.850749926741637,-7.8574019614161745,-0.00278,0.1399,97.3026
556,102,0.6186,0.3814,CV,3.231,3.2386,-5.4179474986640805,-5.426867493143103,0.11494,0.07873,29.6802
556,106,0.618,0.382,CV,2.1441,2.146,-4.016743700214931,-4.0229283899774195,-0.03212,-0.03924,8.5666
556,97,0.6187,0.3813,CV,0.9568,0.9627,-3.700040427173886,-3.7100828873068767,-0.00067,0.01972,7.9112
556,112,0.6165,0.3835,CV,9.4468,9.4566,-11.714908521689049,-11.717565964088513,0.26579,-0.15725,74.1022
556,114,0.6158,0.3842,CV,7.6772,7.6555,-10.718427879405969,-10.715237315561618,0.05639,0.18684,90.3744
556,111,0.6185,0.3815,CV,0.8062,0.8067,-2.3588193312206482,-2.367030679414949,0.0271,-0.00192,4.3363
557,102,0.6153,0.3847,CV,6.0794,6.0707,-7.038778018841178,-7.033482244073349,0.3892,0.15065,30.4593
557,106,0.6185,0.3815,CV,0.3763,0.3795,-3.350202016758024,-3.359452050353317,0.00019,-0.03357,8.5726
557,97,0.6186,0.3814,CV,0.5432,0.5436,-3.1102935787876653,-3.1189975205034455,-0.00063,-0.01118,7.9494
557,112,0.6186,0.3814,CV,3.1773,3.2016,-12.579591494657894,-12.5914715608277,0.0112,0.08488,74.3931
557,111,0.6183,0.3817,CV,1.4675,1.4702,-3.3281055823162267,-3.3358633353679936,-0.02689,-0.02066,4.2167
557,114,0.6136,0.3864,CV,7.7411,7.7168,-7.634963373555418,-7.626962362783701,0.66546,0.0648,84.9867
558,102,0.6183,0.3817,CV,2.9089,2.9305,-5.59012867535587,-5.60246447461046,0.17787,-0.04573,29.8925
558,106,0.6185,0.3815,CV,0.6616,0.6622,-3.5051169603963945,-3.5136655127292147,-0.04166,-0.02149,8.5619
558,97,0.6186,0.3814,CV,0.5201,0.5191,-3.416985701201847,-3.4256539202074907,-0.00059,-0.03996,8.0021
558,112,0.6142,0.3858,CV,10.2848,10.2757,-10.387407661527721,-10.377559204913013,-0.16643,-0.30865,70.4854
558,111,0.6181,0.3819,CV,0.7035,0.7003,-3.1641168730969707,-3.1714375776141406,-0.05672,-0.01754,4.1578
558,114,0.6163,0.3837,CV,2.2881,2.2446,-6.585557015472681,-6.591932981315217,0.56801,0.13202,81.1177
559,102,0.6173,0.3827,CV,4.6139,4.6154,-7.188966555354325,-7.192816939208671,0.13634,0.28201,29.7771
559,106,0.6183,0.3817,CV,1.3622,1.3637,-3.5271569451153524,-3.534909823639638,0.03481,0.0373,8.6987
559,97,0.6184,0.3816,CV,0.7932,0.7925,-3.9982068633117747,-4.006339330953385,-0.00055,-0.00947,8.135
559,112,0.6194,0.3806,CV,7.5229,7.5733,-15.460577527165587,-15.479367504106342,0.05887,0.14961,71.5379
559,111,0.6188,0.3812,CV,0.6441,0.647,-2.413903904217289,-2.424241446160096,-0.04396,-0.01058,4.2101
559,114,0.6156,0.3844,CV,4.3839,4.3422,-6.603488466289818,-6.603200845870515,0.62728,0.08505,76.4842
560,102,0.6181,0.3819,CV,3.38,3.3885,-6.311739071903274,-6.320386779458659,-0.14141,0.14051,30.0184
560,106,0.6172,0.3828,CV,3.0964,3.0998,-4.731454120062122,-4.734776096693368,-0.06165,0.04272,8.3306
560,97,0.6185,0.3815,CV,0.2355,0.2326,-3.314652724168373,-3.3232245321512015,-0.00051,0.00057,8.2222
560,112,0.6178,0.3822,CV,7.6606,7.6654,-22.38724760558423,-22.391372933746005,-0.35801,-0.08172,72.9902
560,114,0.6164,0.3836,CV,3.1408,3.1036,-6.990049522400604,-6.993904363469829,0.53846,0.21595,72.4774
560,111,0.6189,0.3811,CV,0.7619,0.7636,-2.495757646565062,-2.505479957157906,0.00139,0.02243,4.1513
561,102,0.617,0.383,CV,4.7625,4.7606,-6.943509289586346,-6.94614842894954,-0.03647,0.06501,31.3568
561,106,0.6183,0.3817,CV,1.2037,1.2063,-4.041269566705628,-4.050871730760751,0.0566,0.03133,8.2871
561,97,0.6183,0.3817,CV,1.7346,1.7371,-3.938371005305001,-3.946012470555338,0.05027,0.02885,8.0541
561,112,0.6188,0.3812,CV,2.7231,2.7384,-21.478613569320213,-21.48961297739681,-0.25316,-0.08272,71.0107
561,111,0.6175,0.3825,CV,1.6771,1.6771,-3.3215360938643252,-3.325115970821578,0.09227,0.076,4.1817
561,114,0.6179,0.3821,CV,1.3609,1.3358,-6.040379325413121,-6.049576964630637,0.43031,0.13233,69.3859
562,102,0.6185,0.3815,CV,3.6366,3.6549,-7.882179783913683,-7.893205979057157,-0.04634,0.02089,30.6176
562,106,0.619,0.381,CV,0.3405,0.3435,-3.349338806338367,-3.3603096495558504,0.00777,0.01959,8.2857
562,97,0.6186,0.3814,CV,1.0195,1.0224,-3.2843327933692965,-3.293474065917658,0.04448,0.02619,8.2085
562,112,0.6158,0.3842,CV,8.1326,8.1186,-18.550989271498857,-18.547648669151165,-0.63715,-0.23945,71.2949
562,111,0.6182,0.3818,CV,1.8863,1.8915,-4.111795433166576,-4.12047662699797,0.00643,-0.04291,4.0416
562,114,0.6145,0.3855,CV,10.022,10.0178,-9.100616666714084,-9.093187530212573,0.74963,-0.15065,69.0981
563,102,0.6185,0.3815,CV,1.1805,1.1823,-5.818841500125152,-5.827463657966162,-0.03105,-0.02762,30.8891
563,106,0.6191,0.3809,CV,0.931,0.934,-3.202504231504436,-3.212754705095622,-0.03179,0.01072,8.3523
563,97,0.6186,0.3814,CV,1.1876,1.1889,-4.349566333298606,-4.358397119218572,0.02924,0.01829,8.11
563,112,0.6177,0.3823,CV,9.453,9.4831,-27.338668345216107,-27.347974252940524,-0.0923,0.12782,67.5452
563,114,0.616,0.384,CV,3.8283,3.8069,-6.4176373625310115,-6.421542939350506,0.64801,-0.10386,66.1717
563,111,0.6187,0.3813,CV,0.6845,0.6868,-2.0616377526477283,-2.0717413771772533,0.04587,-0.02383,4.0349
564,102,0.6186,0.3814,CV,1.6762,1.6783,-5.5104587583407625,-5.5192969098756866,0.08714,-0.03979,31.0655
564,106,0.619,0.381,CV,0.7492,0.7514,-3.4337869188396546,-3.4438342517018494,0.02344,0.005,8.2535
564,97,0.6181,0.3819,CV,1.378,1.3756,-4.101298694965464,-4.1080888516186125,0.01505,-0.04596,7.9435
564,112,0.6145,0.3855,CV,7.1827,7.1596,-23.223512410306686,-23.216152861769334,-0.31259,0.36389,64.0738
564,111,0.619,0.381,CV,0.4756,0.4781,-2.0344697235518647,-2.044888584143486,0.01403,0.01523,4.0304
564,114,0.6163,0.3837,CV,4.1404,4.1217,-6.84596234238569,-6.848910502604338,0.56079,-0.02912,62.8834
565,102,0.6186,0.3814,CV,1.3584,1.3599,-5.550304604241692,-5.5592875687032235,0.06393,0.06358,31.3678
565,106,0.6188,0.3812,CV,0.9032,0.9024,-3.2188502046454732,-3.2277892984883025,0.00082,0.00144,8.0663
565,97,0.6189,0.3811,CV,0.9129,0.917,-3.206026150970127,-3.2167491816970575,-0.05272,-0.01633,7.9794
565,112,0.6106,0.3894,CV,8.1008,8.0691,-17.76269691521238,-17.744032034950248,-0.91149,0.40869,61.5409
565,111,0.6188,0.3812,CV,0.5331,0.5324,-2.141848658971182,-2.1507784079283825,0.00335,0.04582,4.0056
565,114,0.6138,0.3862,CV,7.7449,7.7253,-8.199829414091493,-8.191901426700477,0.81283,-0.18824,62.405
566,102,0.6156,0.3844,CV,7.0935,7.0955,-7.307952127631296,-7.304013889956692,0.15536,-0.22045,29.8694
566,106,0.619,0.381,CV,0.5193,0.5233,-3.00622446749796,-3.016688012028319,-0.00361,-0.00068,8.0649
566,97,0.619,0.381,CV,0.3585,0.3574,-3.0678254927663673,-3.077890344842815,-0.05368,-0.00476,7.9902
566,112,0.6091,0.3909,CV,7.9038,7.868,-14.326561122335931,-14.306911833586671,-1.27018,0.27906,60.3933
566,111,0.6188,0.3812,CV,0.4208,0.4218,-2.3986760047173257,-2.4082494500928853,0.02618,0.01229,3.9809
566,114,0.6151,0.3849,CV,3.9686,3.9366,-9.477074340733397,-9.478163258215897,0.71146,-0.16052,60.2436
567,102,0.6182,0.3818,CV,0.888,0.8959,-5.2652882987799705,-5.276696257569112,0.09332,-0.05851,29.6545
567,106,0.619,0.381,CV,0.2318,0.2321,-3.017576598218677,-3.0274432608017365,-0.00312,-0.00184,8.0469
567,97,0.619,0.381,CV,0.1365,0.1348,-3.0473652076258833,-3.0572893485109796,-0.03899,-0.00034,7.964
567,112,0.6046,0.3954,CV,9.647,9.595,-8.544285911410192,-8.508306432313436,-1.5049,-0.0341,59.919
567,111,0.6187,0.3813,CV,0.4848,0.4851,-2.349521756259655,-2.358627430961486,0.02275,-0.02485,3.9588
567,114,0.6182,0.3818,CV,4.6344,4.6573,-7.693818496482425,-7.70594970760914,0.17755,-0.00239,57.5234
568,102,0.619,0.381,CV,1.7639,1.7713,-5.36480843909159,-5.376201813254815,0.11019,0.0795,29.7578
568,106,0.618,0.382,CV,1.6969,1.6963,-4.336986151449093,-4.342896857576734,-0.02637,0.02232,8.2123
568,97,0.6189,0.3811,CV,0.4027,0.4026,-3.1463076239542334,-3.1558894498557044,-0.02467,0.02769,7.9342
568,112,0.6088,0.3912,CV,5.5739,5.5139,-6.8805577295148925,-6.868912793631864,-1.19287,-0.10372,59.8604
568,111,0.6174,0.3826,CV,1.5949,1.5944,-3.574026361345171,-3.577516955048754,0.03832,-0.00087,4.0865
568,114,0.6183,0.3817,CV,4.2984,4.3038,-7.786885024417117,-7.795115106299567,-0.20604,-0.1484,55.7273
569,102,0.6189,0.3811,CV,2.644,2.6486,-6.888738686861808,-6.89801622363716,0.07498,0.04968,30.2263
569,106,0.6185,0.3815,CV,0.701,0.7043,-3.240371192577587,-3.249563683046877,0.02429,-0.00349,8.1873
569,97,0.6189,0.3811,CV,0.143,0.1416,-3.101565229196292,-3.111094520264281,-0.01416,0.02565,7.9057
569,112,0.6061,0.3939,CV,11.0846,11.0376,-9.89468051206375,-9.865348630950654,-1.02593,-0.00778,62.4791
569,111,0.6186,0.3814,CV,1.0117,1.0174,-2.4445132150524493,-2.4552262607439697,0.0062,-0.01899,4.0028
569,114,0.6186,0.3814,CV,3.7194,3.7278,-7.7809983988394915,-7.790443931422828,-0.19127,-0.12624,55.4587
570,102,0.6162,0.3838,CV,5.5779,5.5712,-6.971232253267152,-6.969517956666543,-0.05457,0.18942,31.4014
570,106,0.6175,0.3825,CV,2.6659,2.6688,-5.090163007461886,-5.094606129873517,-0.12412,0.04166,7.9345
570,97,0.6186,0.3814,CV,0.7728,0.7726,-3.1800535039940945,-3.1886501900440227,-0.00725,0.01742,7.9853
570,112,0.6187,0.3813,CV,10.1348,10.2099,-15.129666744645698,-15.157500792515648,-0.12775,-0.10749,59.1005
570,111,0.6184,0.3816,CV,0.7246,0.7252,-2.547236419248838,-2.555302501042546,-0.02848,0.00809,4.0275
570,114,0.6188,0.3812,CV,3.5875,3.596,-17.053401987625183,-17.062906165923895,0.11186,-0.17201,53.8158
571,102,0.6182,0.3818,CV,1.8414,1.8595,-5.382549112138063,-5.393084219134599,-0.09606,0.06999,31.1268
571,106,0.6183,0.3817,CV,2.1695,2.1757,-3.818362768595575,-3.827333161813906,0.0209,-0.09904,7.9344
571,97,0.6186,0.3814,CV,1.2894,1.292,-3.3748240953882003,-3.383689667247216,-0.0029,0.03583,7.8047
571,112,0.6106,0.3894,CV,16.8179,16.8153,-16.29042663393628,-16.265287100907244,-0.469,0.36031,62.9374
571,111,0.6179,0.3821,CV,1.0265,1.0252,-2.495394341587289,-2.5013848285321547,-0.00522,0.03564,4.1377
571,114,0.6171,0.3829,CV,5.6742,5.6688,-9.052462356243531,-9.054589257656598,0.2304,-0.21711,54.1798
572,102,0.615,0.385,CV,7.1904,7.1832,-9.592749012987301,-9.587021402819284,0.02676,0.12429,33.0028
572,106,0.6187,0.3813,CV,1.0492,1.0533,-3.399615173731889,-3.409445978346579,-0.00438,-0.02187,8.0495
572,97,0.6174,0.3826,CV,2.7499,2.7526,-6.373026638757052,-6.376963430082043,0.04843,0.02697,8.1087
572,112,0.611,0.389,CV,7.3268,7.2691,-13.908177743644158,-13.896951702096406,-0.43025,0.44379,66.333
572,111,0.6176,0.3824,CV,1.0127,1.0108,-3.1356208957584757,-3.14136767957251,0.04659,0.05452,4.1985
572,114,0.6169,0.3831,CV,3.3676,3.3495,-7.467285104257146,-7.471348407301008,0.09156,-0.24478,54.5227
573,102,0.6176,0.3824,CV,3.9188,3.9361,-6.267128667210846,-6.276927095335075,0.17765,0.07427,32.8694
573,106,0.6176,0.3824,CV,1.8503,1.8477,-3.9320346851161467,-3.9363412546388017,0.01822,-0.02371,8.3041
573,97,0.6184,0.3816,CV,0.5617,0.5668,-3.256182733481456,-3.2657207984480356,0.04797,0.01602,8.1072
573,112,0.6136,0.3864,CV,4.1853,4.133,-14.061205925435173,-14.060005453921807,-0.29935,0.42175,68.066
573,111,0.6176,0.3824,CV,0.9369,0.9351,-2.5432309879996295,-2.549123818876525,-0.00274,0.0417,4.3132
573,114,0.6175,0.3825,CV,5.7583,5.7685,-10.66020787777947,-10.66701462389837,-0.27866,-0.18604,53.2116
574,102,0.6182,0.3818,CV,2.1881,2.196,-6.317619866597331,-6.326255724390942,0.10553,-0.01938,32.5535
574,106,0.6182,0.3818,CV,0.6346,0.6361,-3.3244622247772373,-3.3330500844883386,0.04332,0.00596,8.3299
574,97,0.6183,0.3817,CV,1.8907,1.8944,-3.675142486506742,-3.6830277751569094,-0.01833,-0.01886,7.8496
574,112,0.6163,0.3837,CV,0.9229,0.8944,-15.781770525516961,-15.78835821247482,-0.21935,0.25636,69.5436
574,111,0.6182,0.3818,CV,0.7044,0.7068,-2.9375037313134946,-2.9461451135018075,0.00779,0.04852,4.3148
574,114,0.6169,0.3831,CV,5.8907,5.8904,-11.431197885035857,-11.434346997215222,-0.3649,0.02494,50.9734
575,102,0.6178,0.3822,CV,4.2756,4.2795,-7.416785283324391,-7.422746412493657,-0.04486,-0.11896,34.05
575,106,0.6183,0.3817,CV,0.5928,0.5914,-3.365707016165237,-3.373709142213581,0.06133,0.01097,8.3402
575,97,0.6184,0.3816,CV,0.6146,0.6101,-3.7862107128459677,-3.7947055143799147,-0.02762,-0.02271,7.7635
575,112,0.6177,0.3823,CV,3.2231,3.2386,-14.86392397084565,-14.872476713013922,0.04083,0.07035,71.2471
575,111,0.618,0.382,CV,1.5169,1.5193,-2.9815311484760145,-2.9886491618071616,-0.0197,-0.04312,4.2517
575,114,0.6174,0.3826,CV,3.0262,3.0147,-6.05287566291309,-6.0591185237466885,-0.18181,0.10604,49.3753
576,102,0.6182,0.3818,CV,3.8732,3.8821,-6.285645436453523,-6.293883629311052,0.16435,0.06929,34.4656
576,106,0.6185,0.3815,CV,0.8988,0.9014,-3.3138377577584714,-3.3228395817587715,0.02356,0.00933,8.2766
576,97,0.6189,0.3811,CV,0.9113,0.9156,-3.121030803807697,-3.1316054242139306,0.03475,-0.01837,7.8323
576,112,0.618,0.382,CV,4.326,4.3323,-19.943419453413995,-19.951036991760937,0.2491,-0.03059,72.1822
576,111,0.6182,0.3818,CV,0.6477,0.6449,-2.3243681030676147,-2.332135105270492,-0.04957,-0.02577,4.2516
576,114,0.6177,0.3823,CV,8.0147,8.0357,-11.244926613572328,-11.251952742811854,0.29679,-0.23491,50.1274
577,102,0.6181,0.3819,CV,2.714,2.7161,-6.334602237198415,-6.342154405051754,0.00618,0.07458,35.6052
577,106,0.6183,0.3817,CV,1.1005,1.0987,-3.4602763783855934,-3.4680006517681483,0.00846,0.00643,8.1624
577,97,0.6189,0.3811,CV,0.7037,0.7047,-3.109714409424208,-3.1194383685695724,-0.0168,-0.04028,7.8509
577,112,0.6174,0.3826,CV,4.7879,4.7746,-18.109867655725285,-18.11453298786932,0.45902,-0.05779,73.9946
577,111,0.6178,0.3822,CV,0.999,0.9958,-2.3890020236579512,-2.395202512541724,-0.04365,0.01203,4.1918
577,114,0.6165,0.3835,CV,4.4867,4.4666,-15.909763788364696,-15.911090075206651,0.45802,-0.2985,49.5424
578,102,0.6185,0.3815,CV,3.5275,3.5375,-5.904856965969574,-5.913802516514336,-0.01946,-0.0326,35.3527
578,106,0.6184,0.3816,CV,0.8955,0.8928,-3.5539899995701325,-3.5624327486159997,0.05938,0.03234,8.1281
578,97,0.6189,0.3811,CV,0.2538,0.2518,-3.149845135609261,-3.1593357601821244,-0.02297,-0.03346,7.8334
578,112,0.6165,0.3835,CV,5.8796,5.8566,-18.178970642066126,-18.180728225595043,0.61996,-0.06009,77.0268
578,111,0.6189,0.3811,CV,1.3996,1.4058,-3.05391343623847,-3.0653483139293676,0.02639,0.01329,4.3118
578,114,0.6152,0.3848,CV,6.3142,6.3042,-18.815402021832305,-18.81306523127931,0.49769,-0.23354,46.8143
579,102,0.6182,0.3818,CV,2.4845,2.4794,-5.7692641605807,-5.776485691996343,0.07704,-0.03429,35.1601
579,106,0.6189,0.3811,CV,0.337,0.3383,-3.356960227857819,-3.3674295570124215,0.02304,-0.00066,8.1138
579,97,0.6181,0.3819,CV,1.5729,1.5725,-3.7763082801239145,-3.78273169763375,-0.01737,0.00256,8.0235
579,112,0.6153,0.3847,CV,7.306,7.2758,-19.42435501130947,-19.4222514297191,0.82653,-0.08176,78.2101
579,111,0.6189,0.3811,CV,0.56,0.5607,-2.564753338688356,-2.57449702756527,0.03396,-0.01933,4.3074
579,114,0.5943,0.4057,CV,26.391,26.4222,-34.490154238874716,-34.40197666378074,-1.63822,0.08223,48.0004
580,102,0.6127,0.3873,CV,8.0707,8.0602,-7.984995204447301,-7.969433298039051,0.06451,-0.44105,33.7806
580,106,0.619,0.381,CV,0.2987,0.299,-3.293718360047441,-3.3040081393540457,0.00699,0.02003,8.0894
580,97,0.6185,0.3815,CV,0.2558,0.2608,-3.1734316781510126,-3.1827052205358166,-0.01104,0.01011,8.0246
580,112,0.6136,0.3864,CV,8.1149,8.0726,-17.793632387687744,-17.786239379459587,1.02153,-0.02442,78.686
580,111,0.6187,0.3813,CV,0.7184,0.7193,-2.5517508000718623,-2.5606278414280865,-0.00154,-0.022,4.3644
580,114,0.5858,0.4142,CV,13.0952,13.0039,-16.58496476576613,-16.492883358012072,-1.97643,0.3175,48.5599
581,102,0.6179,0.3821,CV,1.7496,1.7756,-5.260706372508471,-5.275539274107062,-0.07362,-0.16366,33.8948
581,106,0.6188,0.3812,CV,1.3087,1.3106,-3.677042306054495,-3.6858984810867987,-0.05343,-0.03593,8.1638
581,97,0.6183,0.3817,CV,0.6358,0.6331,-4.0948309904898785,-4.102547012946511,-0.00607,0.00873,8.1205
581,112,0.6143,0.3857,CV,5.2499,5.1948,-16.31158229297581,-16.309648158456678,0.99298,-0.01649,80.4153
581,111,0.6184,0.3816,CV,0.7081,0.7067,-2.394313447017627,-2.4020809823882385,-0.03479,-0.04278,4.4074
581,114,0.598,0.402,CV,7.3187,7.2423,-8.776669233185341,-8.747251740335997,-1.56334,0.35651,50.3234
582,102,0.6183,0.3817,CV,1.6943,1.6749,-5.2017359969943024,-5.21008161734887,-0.03269,-0.19321,33.5137
582,106,0.6184,0.3816,CV,1.153,1.1521,-3.474336055890683,-3.4820052722630606,-0.00161,-0.0373,8.299
582,97,0.618,0.382,CV,1.7891,1.7909,-3.6679134358392664,-3.6748002931425523,0.09465,-0.04281,8.0949
582,112,0.6133,0.3867,CV,7.7082,7.6593,-12.799172205744945,-12.792173531854202,1.11479,-0.02108,83.3514
582,114,0.5404,0.4596,CV,28.5937,28.5221,-40.77019072800313,-40.4877856448955,-3.2754,0.60883,47.6329
582,111,0.6177,0.3823,CV,1.6026,1.6034,-3.8539345345340634,-3.8592957444746814,-0.03348,-0.06289,4.2644
583,106,0.6184,0.3816,CV,0.378,0.3733,-3.234063024360008,-3.2422830141424623,0.00914,-0.02664,8.359
583,97,0.6185,0.3815,CV,0.4526,0.4547,-3.354966125569675,-3.3641601240954744,0.03742,-0.04104,8.0945
583,112,0.6132,0.3868,CV,6.8451,6.7836,-11.614676013079713,-11.608368590556534,1.13614,-0.02641,85.7664
583,111,0.6188,0.3812,CV,0.3785,0.3836,-2.311003879799973,-2.3218385883032453,-0.02331,-0.02019,4.2818
583,114,0.5788,0.4212,CV,4.34,4.18,-6.083065941300862,-6.040548215240742,-2.66386,0.60897,47.4231
584,106,0.6182,0.3818,CV,2.231,2.2351,-4.755797732424579,-4.763131755296168,0.00817,0.00973,8.0502
584,112,0.6141,0.3859,CV,6.1376,6.0893,-13.33376864996816,-13.331683235819161,1.04211,-0.0813,85.9827
584,114,0.6183,0.3817,CV,9.2458,9.3785,-8.513179297012254,-8.579418265045618,-0.26306,0.27543,46.8706
584,97,0.6183,0.3817,CV,1.6772,1.6796,-3.735781208935965,-3.7435828480088693,-0.09149,-0.00161,8.1246
584,111,0.6184,0.3816,CV,1.0259,1.0256,-2.4489746761664803,-2.4567562000168355,0.04232,-0.03257,4.2241
585,106,0.6187,0.3813,CV,0.4134,0.415,-2.9943822464919685,-3.0041541926949518,-0.02345,0.01484,8.0298
585,97,0.6187,0.3813,CV,1.159,1.1636,-3.4551768200828525,-3.464860189541883,0.01008,0.0084,8.2606
585,112,0.6158,0.3842,CV,3.4654,3.4176,-11.264792823327298,-11.26857256734967,0.8469,-0.10427,88.0697
585,111,0.6186,0.3814,CV,1.1424,1.1452,-2.477557759330828,-2.4868856260872056,-0.04111,-0.05169,4.2551
585,114,0.6174,0.3826,CV,7.4697,7.4906,-7.906456722899171,-7.910431861395301,0.63653,0.09546,47.3223
586,106,0.6189,0.3811,CV,0.8254,0.8281,-3.181995190052894,-3.1918526121633404,-0.02422,0.0121,8.145
586,97,0.6186,0.3814,CV,1.384,1.3859,-3.4447657399681106,-3.453301252513023,-0.02245,0.00964,8.123
586,112,0.6166,0.3834,CV,3.962,3.9249,-14.529822785557768,-14.534156084025545,0.73412,-0.08838,88.76
586,111,0.6182,0.3818,CV,0.8897,0.8876,-2.5354027319207137,-2.54269998819026,-0.07498,-0.03925,4.1914
586,114,0.6102,0.3898,CV,7.6977,7.6605,-11.0567738983137,-11.031943162608298,1.14443,-0.07494,47.2352
587,106,0.6187,0.3813,CV,1.2183,1.2196,-4.441162863234371,-4.450157599513311,-0.01794,0.00842,7.9629
587,97,0.6186,0.3814,CV,0.4645,0.4604,-3.064895558022005,-3.0739212267430616,-0.02255,0.00824,8.0602
587,112,0.6174,0.3826,CV,3.0235,2.997,-11.649139816505336,-11.655799692446628,0.58181,-0.19656,90.4599
587,114,0.608,0.392,CV,6.1401,6.0747,-11.74152972902997,-11.717954838302987,1.20069,-0.17804,47.1209
587,111,0.619,0.381,CV,0.9117,0.9164,-2.4629270132288363,-2.4737964612013186,-0.00376,0.00465,4.2179
588,106,0.6189,0.3811,CV,1.1518,1.1557,-3.2316169202732086,-3.241344641442865,-0.01132,0.00523,8.0597
588,97,0.6189,0.3811,CV,0.6974,0.7011,-3.1474061347789486,-3.157667044325156,-0.01555,-0.0207,8.1531
588,112,0.617,0.383,CV,5.6533,5.6341,-17.551210620392943,-17.555196461453114,0.61941,-0.00937,90.0133
588,111,0.6182,0.3818,CV,0.9985,0.9974,-2.565994249258851,-2.5726616360396672,-0.01105,0.01492,4.3088
588,114,0.6058,0.3942,CV,7.0943,7.0325,-11.202695091607627,-11.173553815244174,1.32134,-0.12374,46.1593
589,106,0.6187,0.3813,CV,1.3039,1.3055,-3.8226798661501795,-3.831472491314725,-0.00648,0.05661,7.9053
589,97,0.6186,0.3814,CV,1.0714,1.071,-3.4185862918958625,-3.426810980514071,-0.00891,-0.04502,8.3047
589,112,0.6177,0.3823,CV,3.8743,3.8648,-12.419714540568826,-12.427052334245923,0.54715,-0.07803,92.1422
589,111,0.6181,0.3819,CV,0.679,0.6767,-2.4849332081385875,-2.4920461091316914,0.01576,0.03854,4.3482
589,114,0.6149,0.3851,CV,1.7477,1.7674,-8.440648238962186,-8.452774686020277,0.74893,-0.12303,46.0866
590,106,0.6187,0.3813,CV,1.5061,1.5102,-3.471758351328819,-3.480886623299166,-0.00327,-0.03057,8.0028
590,97,0.6187,0.3813,CV,1.0577,1.0603,-3.3627408946974846,-3.371886139448234,-0.05426,0.01447,8.2631
590,112,0.6177,0.3823,CV,3.7062,3.6864,-10.098015111175464,-10.104448552052023,0.46653,-0.19808,94.5075
590,111,0.6181,0.3819,CV,0.9994,1.0005,-2.532567930564729,-2.5400793642686144,-0.05167,0.01073,4.3651
590,114,0.6179,0.3821,CV,4.8069,4.8275,-8.48382425878195,-8.49505253581317,0.2088,-0.01596,46.894
591,106,0.6184,0.3816,CV,1.9997,2.003,-4.305852098680244,-4.313522091292265,0.02575,0.03782,7.739
591,97,0.6186,0.3814,CV,0.8198,0.8212,-3.826501495027872,-3.835301540446735,0.00393,0.02405,8.3478
591,112,0.6173,0.3827,CV,5.9588,5.9457,-14.091190691168245,-14.095660676061682,0.55045,-0.19399,93.5063
591,111,0.6176,0.3824,CV,1.7683,1.7701,-4.323508055432878,-4.328817462607251,-0.05071,-0.04849,4.2229
591,114,0.6178,0.3822,CV,2.1471,2.1319,-6.333899284851573,-6.340555897431941,0.26327,0.01953,46.9451
592,106,0.6186,0.3814,CV,1.797,1.8021,-3.533550055901028,-3.542660300184012,-0.00374,0.03714,7.8853
592,97,0.6184,0.3816,CV,1.4534,1.455,-3.491534107118361,-3.499670702314371,0.01795,0.04689,8.194
592,112,0.6172,0.3828,CV,4.159,4.1322,-9.06843800336026,-9.073307943434457,0.59942,-0.18388,94.7728
592,111,0.6167,0.3833,CV,1.6635,1.6625,-3.407688093301925,-3.410008495566993,0.05677,-0.0152,4.0936
592,114,0.617,0.383,CV,3.5511,3.534,-6.250315411092678,-6.2536424568398274,0.31038,-0.07924,47.588
593,106,0.6188,0.3812,CV,0.3524,0.3548,-3.0728241988271234,-3.082603793654445,-0.00949,-0.0007,7.8825
593,97,0.6181,0.3819,CV,1.2241,1.2209,-3.2540611411497595,-3.2609963954425414,0.01734,0.01066,8.0145
593,112,0.616,0.384,CV,8.6744,8.662,-17.393992045577765,-17.393846965656046,0.62249,0.07081,92.1949
593,111,0.6171,0.3829,CV,0.9537,0.9491,-2.2373055688303003,-2.2426754237124573,0.09784,0.03125,4.0384
593,114,0.6179,0.3821,CV,3.1585,3.1672,-6.806523692015434,-6.814890312974248,0.00648,-0.06103,48.2769
593,102,0.5,0.5,CA,13.6421,13.6419,-12.567468725089258,-12.569294429759559,0.02657,-0.18586,30.6684
594,106,0.6185,0.3815,CV,0.9375,0.9371,-3.1656249098979554,-3.173892585268329,-0.05878,-0.03561,7.834
594,97,0.6183,0.3817,CV,0.8838,0.8803,-4.264094371810287,-4.2725906685841135,0.07253,0.00035,7.9387
594,112,0.6174,0.3826,CV,10.094,10.1188,-8.307315611202936,-8.314793178398869,0.48542,-0.16332,96.5333
594,111,0.6179,0.3821,CV,0.6492,0.6445,-2.0289542966053977,-2.036974296671919,0.11034,0.0027,3.994
594,114,0.6184,0.3816,CV,1.9395,1.9514,-6.096702196539923,-6.105848440926772,-0.00795,0.04757,48.1222
594,102,0.5764,0.4236,CV,3.0501,3.0495,-8.325424556216763,-8.331216903545776,0.2158,-0.01913,27.841
595,106,0.6187,0.3813,CV,0.236,0.2364,-3.080285571991527,-3.089622133051897,-0.02547,-0.03401,7.8141
595,97,0.6189,0.3811,CV,0.8421,0.8456,-3.3409315311828536,-3.3516223957327553,0.06207,-0.03009,7.986
595,112,0.6179,0.3821,CV,2.6269,2.6054,-7.558512354135344,-7.566133402432682,0.45482,-0.04241,97.9397
595,114,0.6174,0.3826,CV,5.8545,5.8562,-8.19292575459802,-8.196832260567604,0.25673,0.16114,47.0482
595,102,0.6048,0.3952,CV,2.1334,2.1341,-10.688193571702254,-10.70091413925165,0.25967,0.20634,27.017
595,111,0.6174,0.3826,CV,0.9788,0.9735,-2.2256325435669444,-2.2302552172968597,0.13971,0.02887,3.9435
596,106,0.6181,0.3819,CV,1.5336,1.5334,-4.233956906304073,-4.240514877085774,-0.00971,0.00017,8.0083
596,97,0.619,0.381,CV,0.3966,0.3975,-3.24957875728969,-3.2596979266598387,0.0406,0.0002,7.9813
596,112,0.6178,0.3822,CV,6.0096,6.0098,-9.903242189530157,-9.909709972376964,0.42628,0.13531,95.7662
596,114,0.6179,0.3821,CV,3.0212,3.0197,-8.830423696254389,-8.83816124329097,0.02174,0.26688,46.9847
596,102,0.6153,0.3847,CV,3.5081,3.5245,-5.82117285549304,-5.836290589853289,-0.17449,-0.06206,26.2354
596,111,0.6189,0.3811,CV,1.0361,1.0419,-2.2906371418095786,-2.3028108790325867,0.04292,-0.00108,3.9625
597,106,0.6183,0.3817,CV,1.0864,1.0875,-3.592913371111956,-3.6010931793808236,-0.02564,-0.06437,8.0139
597,97,0.6186,0.3814,CV,1.1775,1.1783,-3.53505008679652,-3.5433742874400576,-0.02853,0.00698,8.0498
597,112,0.6167,0.3833,CV,6.1555,6.1321,-12.700308282453854,-12.702421327082941,0.46647,0.25843,93.7278
597,114,0.6167,0.3833,CV,4.5956,4.5812,-10.420383491889506,-10.422352352351771,-0.09147,0.31204,45.8428
597,102,0.6082,0.3918,CV,7.0021,6.9888,-8.481690123003842,-8.451633120932817,-0.66263,-0.10546,26.0427
597,111,0.6186,0.3814,CV,0.8239,0.8237,-2.506207408600152,-2.5143627146837297,0.00633,0.04598,3.952
598,106,0.6182,0.3818,CV,1.11,1.1106,-3.8973854219332487,-3.9051033203633168,-0.04313,0.01308,8.1133
598,97,0.6185,0.3815,CV,0.4386,0.4348,-3.342611324898166,-3.351004186280082,-0.03634,0.00708,8.0759
598,112,0.618,0.382,CV,3.254,3.2505,-7.6280386443531505,-7.637028075994474,0.41037,0.29834,94.7409
598,114,0.6185,0.3815,CV,1.5509,1.5577,-6.933087523654291,-6.944208566826532,0.04156,0.11412,45.4463
598,102,0.6181,0.3819,CV,4.6722,4.7081,-6.043508669856989,-6.06572578547058,-0.0005,-0.09228,25.1661
598,111,0.6164,0.3836,CV,1.7577,1.7549,-3.7623842104475234,-3.7620521878418094,-0.02975,0.04174,4.0721
599,106,0.6185,0.3815,CV,1.27,1.2739,-3.5636983748789635,-3.5726372038819383,0.04107,-0.02137,8.0897
599,97,0.6181,0.3819,CV,0.9117,0.9086,-3.3999607209782505,-3.406991630177195,-0.02812,-0.01811,8.1847
599,112,0.6185,0.3815,CV,1.651,1.63,-7.532006890681129,-7.541209978257165,0.36578,0.16543,94.8908
599,111,0.6166,0.3834,CV,0.8144,0.807,-2.979230514736894,-2.9827928802886774,-0.03264,0.0508,4.1441
599,114,0.6189,0.3811,CV,2.0564,2.0586,-6.853072618035299,-6.863361496058709,0.18001,0.0525,45.3303
599,102,0.6184,0.3816,CV,1.1316,1.1202,-4.647156556753362,-4.655878779589806,-0.00991,-0.01341,24.528
600,106,0.6181,0.3819,CV,1.4324,1.4323,-3.971828115173963,-3.978643459325993,0.04842,0.02696,8.3038
600,112,0.6186,0.3814,CV,2.7545,2.748,-7.649211535805892,-7.658147725655496,0.33238,-0.0507,94.1947
600,111,0.6181,0.3819,CV,0.6788,0.6845,-3.3878686668861295,-3.397587544069994,-0.00434,0.03769,4.0911
600,114,0.6189,0.3811,CV,1.4576,1.4509,-7.755453773291389,-7.765164540417196,0.10055,0.08694,44.5135
600,102,0.6179,0.3821,CV,4.6655,4.6751,-6.242628683265844,-6.24881442168692,-0.25196,0.05665,23.0366
601,106,0.6171,0.3829,CV,3.055,3.0581,-5.403899279174131,-5.407063329164355,0.11678,-0.04546,8.0059
601,112,0.6186,0.3814,CV,4.2282,4.2354,-7.254876238291157,-7.263704428389273,0.1751,-0.10752,95.8512
601,111,0.6182,0.3818,CV,0.8493,0.8505,-3.207147004759734,-3.2150434656023954,-0.04811,-0.00184,4.0822
601,114,0.6187,0.3813,CV,4.216,4.2255,-6.322465477289433,-6.3311498674093585,0.05447,0.04152,45.3179
601,102,0.6177,0.3823,CV,3.4639,3.4676,-5.3565583212928045,-5.36273683001304,-0.04239,0.27875,22.4224
601,97,0.5,0.5,CA,1.6463,1.6504,-4.320794238970798,-4.33186970853943,0.03586,0.03484,8.5901
602,106,0.6184,0.3816,CV,0.9468,0.9512,-3.5172741968148986,-3.527444270185475,0.09413,0.0111,8.0916
602,112,0.6186,0.3814,CV,1.4447,1.4403,-7.103734567564015,-7.11266688645787,0.0588,-0.13969,96.3648
602,111,0.6181,0.3819,CV,0.7157,0.7147,-2.971277662512152,-2.978645775802736,-0.04584,0.01298,4.1765
602,114,0.6183,0.3817,CV,4.592,4.5986,-6.276766382878472,-6.284299862930573,0.23627,-0.06926,43.9994
602,102,0.6128,0.3872,CV,6.6406,6.6401,-20.27881026550378,-20.264630809850622,0.48757,0.25756,21.5485
602,97,0.5772,0.4228,CV,0.349,0.3451,-3.108584760399217,-3.1177546886600487,0.03606,0.03524,8.3146
603,106,0.6189,0.3811,CV,0.9098,0.9144,-3.4114267095935014,-3.4219185914437698,0.00608,-0.03258,8.1842
603,112,0.6186,0.3814,CV,3.4581,3.4636,-7.2790607643841385,-7.287766980478826,-0.11723,-0.15513,95.2624
603,111,0.6184,0.3816,CV,0.7323,0.7333,-2.928192336817191,-2.9368531030555514,-0.0339,0.03566,4.1613
603,114,0.6174,0.3826,CV,6.6185,6.628,-14.675849510674027,-14.68011559363121,-0.31025,0.02376,42.5742
603,102,0.6098,0.3902,CV,8.4617,8.4611,-9.2817696559744,-9.262191443046284,0.32794,0.27355,22.5956
603,97,0.6048,0.3952,CV,0.3663,0.3673,-3.285910654681435,-3.2974419918854556,0.02399,-0.00923,8.343
604,106,0.6186,0.3814,CV,1.0641,1.0645,-3.7780870684138845,-3.786675139939491,-0.04174,-0.00456,8.3143
604,112,0.6182,0.3818,CV,3.6752,3.6668,-8.101360530071787,-8.10862908697385,-0.30959,-0.13532,94.8458
604,111,0.0,1.0,CA,231.3676,231.3656,-15761.115256172247,-15669.579069177278,-14.96311,1.20239,4.7555
604,114,0.6185,0.3815,CV,2.3475,2.3526,-8.84684051851037,-8.85695655854822,-0.09508,-0.13882,41.8191
604,102,0.6104,0.3896,CV,8.0342,8.0301,-8.691311268797245,-8.678421646713607,-0.13241,0.16167,23.7327
604,97,0.6143,0.3857,CV,0.8168,0.8149,-3.9373680957212054,-3.948478046595805,0.0119,0.01759,8.2606
605,106,0.6186,0.3814,CV,0.6975,0.6966,-3.4204877417624915,-3.4291260514076134,-0.0167,-0.04536,8.3893
605,112,0.6174,0.3826,CV,5.4385,5.4214,-10.459290372903386,-10.463520852245498,-0.55747,-0.05914,94.4296
605,111,0.7076,0.2924,CV,149.2586,149.5588,-6141.6986830751,-6142.98808302932,0.88903,-0.04164,4.7913
605,114,0.6188,0.3812,CV,2.1688,2.1704,-5.733494152349344,-5.743283646580142,0.09719,-0.15484,41.2014
605,102,0.6073,0.3927,CV,10.4786,10.466,-11.960698058293081,-11.933941095533745,0.32645,0.22021,25.0274
605,97,0.6177,0.3823,CV,0.7504,0.7483,-3.703924594788537,-3.715213774142449,0.07142,0.01688,8.1965
606,106,0.6184,0.3816,CV,0.784,0.7821,-3.7214307830221376,-3.7293123082778896,-0.00793,-0.01445,8.5404
606,112,0.6167,0.3833,CV,5.2967,5.2671,-11.200966042894466,-11.203540088549158,-0.70876,-0.04478,94.5787
606,111,0.0,1.0,CA,54.1873,54.0851,-893.2031654246478,-877.6961370569616,7.6188,-0.59061,5.5168
606,114,0.6179,0.3821,CV,4.7848,4.7881,-8.734008893735146,-8.739767308802705,-0.29182,-0.18878,40.5891
606,102,0.6131,0.3869,CV,4.417,4.415,-8.027626383352265,-8.029999540451382,0.0226,0.20509,25.8854
606,97,0.6186,0.3814,CV,1.5487,1.5525,-3.506600499578828,-3.517017564312166,0.05698,-0.02007,8.3395
607,106,0.6184,0.3816,CV,0.3309,0.3281,-3.9304593954547125,-3.9388328887545487,-0.0048,-0.02483,8.6456
607,112,0.6176,0.3824,CV,2.4768,2.4486,-10.892900810467964,-10.900193240564873,-0.54624,0.03401,93.9051
607,111,0.066,0.934,CA,16.0346,15.8819,-87.81860942237563,-85.57363181909137,10.85362,-0.74964,6.1391
607,114,0.6176,0.3824,CV,3.0549,3.0447,-8.291738802156573,-8.297500120206287,-0.22544,-0.21567,39.0426
607,102,0.6062,0.3938,CV,12.449,12.422,-13.123224947258468,-13.087875791645711,0.10199,0.33107,29.3633
607,97,0.6187,0.3813,CV,0.7734,0.7694,-3.2774190069161246,-3.2864120415222198,0.03325,-0.04965,8.3844
608,106,0.6177,0.3823,CV,1.534,1.5314,-4.676384428728314,-4.681876535319191,0.01907,0.00568,8.9433
608,112,0.6168,0.3832,CV,5.3801,5.3539,-12.13628360457675,-12.139201662778582,-0.60437,0.13388,91.9909
608,111,0.275,0.725,CA,4.4947,4.2482,-8.299404307193868,-7.640326007070172,12.13831,-0.81438,7.404
608,114,0.6159,0.3841,CV,4.2096,4.1911,-11.772096594137025,-11.770777073240733,-0.19564,-0.38777,37.3319
608,102,0.6087,0.3913,CV,6.5194,6.4725,-7.909486347293034,-7.894962530791206,0.08517,0.35627,32.6386
608,97,0.619,0.381,CV,1.033,1.0377,-3.301203374251343,-3.311673212296749,-0.03868,-0.01446,8.248
609,106,0.6184,0.3816,CV,1.2957,1.302,-4.013403953371634,-4.0228714354336015,-0.02811,-0.00909,8.9155
609,112,0.6106,0.3894,CV,22.4636,22.4961,-18.89171485027094,-18.869548831460488,1.36808,0.06312,91.7725
609,111,0.5548,0.4452,CV,0.9434,1.3055,-2.5271628608920214,-2.7622754048896776,9.12578,-0.62131,9.1984
609,114,0.6166,0.3834,CV,5.8098,5.8182,-6.5559637013727485,-6.560406158139575,0.1895,-0.45071,37.2873
609,102,0.613,0.387,CV,2.6091,2.5704,-7.841857535866282,-7.841853626266783,0.03808,0.22818,34.8133
609,97,0.6179,0.3821,CV,1.6876,1.6858,-4.009475381836271,-4.014940354799082,-0.0951,-0.00284,8.3781
610,106,0.6183,0.3817,CV,1.4091,1.4099,-3.7415009456516453,-3.7491772952425704,0.01962,0.01892,8.8151
610,112,0.6107,0.3893,CV,7.8155,7.7463,-8.667463921388707,-8.654808313489097,1.39794,-0.04715,92.3803
610,111,0.6592,0.3408,CV,1.7816,2.0782,-3.295971189310173,-3.5743239121641635,2.80685,-0.36223,10.3341
610,114,0.616,0.384,CV,3.5102,3.4885,-5.9859341002252435,-5.986717902343039,0.28977,-0.44814,36.0686
610,102,0.6162,0.3838,CV,1.0473,1.0692,-6.349738697171051,-6.356840679924969,0.05351,0.13505,36.4019
610,97,0.6188,0.3812,CV,1.1175,1.1241,-3.3940186803790025,-3.404562381465964,-0.03325,0.00132,8.2331
611,106,0.6187,0.3813,CV,0.361,0.3641,-3.300834582564516,-3.310514990842043,-0.00373,0.02245,8.945
611,112,0.6146,0.3854,CV,4.7687,4.7395,-7.108271513273563,-7.11192832686871,0.9694,-0.02506,94.2331
611,111,0.6389,0.3611,CV,2.6711,2.7609,-4.771212805306458,-4.806639359824027,-1.38906,-0.15543,9.7332
611,114,0.6174,0.3826,CV,1.7012,1.6883,-8.46471857488295,-8.472484540192154,0.11016,-0.38194,35.0487
611,102,0.6174,0.3826,CV,4.7561,4.7674,-6.643058063057208,-6.65028508201782,0.12578,0.13481,36.984
611,97,0.6185,0.3815,CV,0.8288,0.8271,-3.7255490178367094,-3.733827516006021,-0.06514,-0.02398,8.1378
612,106,0.6185,0.3815,CV,1.4353,1.437,-3.692355800308787,-3.7006693233479067,0.06865,-0.03225,9.1678
612,112,0.6177,0.3823,CV,3.9518,3.9746,-8.877102476453814,-8.888076428687537,0.54896,0.07041,92.4201
612,111,0.5991,0.4009,CV,3.0178,2.9794,-4.887168534022441,-4.783862211269954,-2.34741,0.08047,9.3775
612,114,0.6156,0.3844,CV,4.6378,4.6244,-6.117123782079133,-6.115093590336814,0.38744,-0.37581,34.2873
612,102,0.6178,0.3822,CV,4.0816,4.0867,-6.297651900732726,-6.304749528101296,-0.16769,0.04264,38.4959
613,106,0.6173,0.3827,CV,3.0933,3.0964,-5.249564284898836,-5.253095031989972,-0.01726,0.0489,8.8207
613,112,0.618,0.382,CV,4.5147,4.5106,-11.194930870758423,-11.20236066362014,0.32013,0.15841,89.9009
613,111,0.5763,0.4237,CV,2.2401,2.12,-4.436068507001941,-4.297525500779817,-2.60547,0.10858,8.8982
613,114,0.6166,0.3834,CV,1.9714,1.9465,-7.331595840155756,-7.336344952069799,0.32642,-0.31839,33.1636
613,102,0.6183,0.3817,CV,1.8625,1.8648,-6.54268048486019,-6.551662647825024,-0.04013,-0.07599,40.4757
613,97,0.5,0.5,CA,0.6574,0.6601,-3.744384553172258,-3.7575861684584373,0.01614,0.0122,8.613
614,112,0.6188,0.3812,CV,0.914,0.9204,-9.285618160773527,-9.29629457832354,0.13341,0.07371,89.0676
614,114,0.6164,0.3836,CV,2.5851,2.5633,-5.544663556891688,-5.547375956728885,0.26308,-0.37781,32.0974
614,102,0.6186,0.3814,CV,1.832,1.8331,-6.2151676500070145,-6.224261679429004,0.07886,-0.11431,42.6926
614,106,0.6188,0.3812,CV,1.6704,1.6787,-3.6452206215699117,-3.6566462224026077,0.05478,0.05113,9.0058
614,111,0.5922,0.4078,CV,1.2158,1.1074,-2.8102449934808607,-2.770695808789631,-2.07978,0.09797,8.6242
615,106,0.6189,0.3811,CV,1.1627,1.1666,-3.491570906549788,-3.501597056861816,-0.02734,-0.01453,9.1595
615,112,0.619,0.381,CV,2.5946,2.6021,-8.325800315978613,-8.336251800878374,-0.07857,0.14886,88.732
615,111,0.6022,0.3978,CV,1.6789,1.6314,-3.86904142659339,-3.8476940362419514,-1.61175,0.08573,8.0402
615,114,0.6145,0.3855,CV,4.9051,4.8897,-6.2093453123029345,-6.203892691674967,0.49602,-0.31616,31.7103
615,102,0.6184,0.3816,CV,2.3804,2.3753,-6.1361316491712055,-6.144383868973481,0.09901,-0.07264,43.9359
616,106,0.6189,0.3811,CV,0.6786,0.6801,-3.348130934646303,-3.357828776111754,-0.013,-0.02254,9.082
616,112,0.619,0.381,CV,2.0157,2.0158,-8.306201972880178,-8.316143362451239,-0.17095,0.00751,87.7446
616,111,0.6088,0.3912,CV,1.3348,1.2981,-2.8640394121958437,-2.8557721384803765,-1.19797,0.10206,7.7697
616,114,0.6103,0.3897,CV,6.2929,6.2658,-8.032113510565285,-8.01202247177089,0.76978,-0.21961,30.8614
616,102,0.6184,0.3816,CV,3.6261,3.6307,-6.430485366402937,-6.438872871049075,-0.19084,-0.07452,45.637
616,120,0.7,0.3,CV,1.5911,1.5911,-3.3331163787207254,-3.3331163787207254,0.0,0.0,3.8049
617,106,0.6185,0.3815,CV,1.3496,1.3503,-3.652946415314405,-3.6609198220840575,-0.0338,-0.04091,9.2728
617,112,0.619,0.381,CV,1.0811,1.0765,-7.532311248458064,-7.542205122760998,-0.1238,-0.05361,86.4611
617,114,0.6055,0.3945,CV,6.5259,6.4837,-12.634213359524875,-12.600281398504237,0.96981,-0.22608,30.0086
617,102,0.6181,0.3819,CV,3.1464,3.1381,-6.206647100106174,-6.213736417627092,-0.14939,-0.0327,46.3494
617,120,0.6474,0.3526,CV,1.0377,1.0377,-2.5700936349215215,-2.580431805974012,0.36439,0.20128,5.0174
617,111,0.6061,0.3939,CV,1.5491,1.4982,-3.039454496263366,-3.0099830844944115,-1.0527,0.12262,7.3514
618,106,0.6169,0.3831,CV,3.4808,3.4846,-5.333221907886364,-5.334993727202038,-0.05875,0.023,8.8025
618,112,0.6185,0.3815,CV,4.6459,4.6488,-6.9928947732026066,-7.000659245754629,-0.13858,-0.07692,87.5207
618,111,0.6147,0.3853,CV,1.0217,1.0132,-2.6170645876818255,-2.6279487330955416,-0.67202,0.06364,6.8811
618,114,0.5956,0.4044,CV,11.088,11.0482,-34.60436124161585,-34.53587439993525,1.201,-0.26618,31.2267
618,102,0.6187,0.3813,CV,1.3083,1.3158,-6.191207179257963,-6.201230998218753,-0.05331,-0.09847,47.9498
618,120,0.6412,0.3588,CV,0.5199,0.5128,-2.2287843888774383,-2.29176791153673,0.5763,-0.08619,7.2049
619,106,0.6182,0.3818,CV,1.0269,1.028,-3.5869812869866515,-3.5967349177714234,0.04541,0.03083,8.7034
619,112,0.6182,0.3818,CV,2.8798,2.8653,-6.896965004404628,-6.90410667198739,-0.23062,-0.0357,87.9205
619,111,0.6159,0.3841,CV,0.7939,0.7701,-2.40133688838253,-2.4046531631652326,-0.50004,0.00931,6.5025
619,114,0.6011,0.3989,CV,8.184,8.1578,-27.484996185321037,-27.454262883358563,1.1788,-0.12524,29.3491
619,102,0.6187,0.3813,CV,1.6903,1.6881,-6.1393027662911015,-6.148577909097565,0.02774,-0.00944,49.0578
619,120,0.6464,0.3536,CV,0.4205,0.4066,-2.172075202507618,-2.2670592518702355,0.55782,0.19084,8.5972
620,106,0.6177,0.3823,CV,1.9163,1.9147,-3.6365475791380284,-3.6419958758369946,-0.10241,0.08854,8.5528
620,112,0.6178,0.3822,CV,3.4486,3.4314,-6.90224160009478,-6.908210638262083,-0.32798,-0.08754,88.1344
620,111,0.6192,0.3808,CV,0.3351,0.3414,-2.475097734706849,-2.4905849191543608,-0.28306,0.02745,6.1739
620,114,0.5998,0.4002,CV,9.0401,9.0096,-57.1367315411148,-57.092383449361776,1.17995,-0.0583,30.4896
620,102,0.6186,0.3814,CV,2.1777,2.173,-6.093873523005844,-6.102440232544516,-0.04344,-0.12196,49.9177
620,120,0.6365,0.3635,CV,1.7584,1.7643,-3.1460724886538363,-3.189966902912586,0.10147,0.57195,9.3191
620,97,0.5,0.5,CA,0.8367,0.8367,-5.567685724838835,-5.5767948979378925,-0.02078,0.01677,9.3369
621,106,0.6181,0.3819,CV,3.561,3.5714,-5.480864466408702,-5.488933978850747,0.04369,-0.06839,8.8319
621,112,0.6178,0.3822,CV,2.4254,2.4059,-6.999914566317894,-7.006719200311586,-0.34768,-0.04799,88.2813
621,111,0.6204,0.3796,CV,1.1094,1.1192,-2.5956238085280554,-2.6113373336879637,-0.08886,0.05145,5.9728
621,114,0.6033,0.3967,CV,5.7334,5.6714,-71.44839016810455,-71.4204654815266,1.03101,-0.0893,31.7283
621,102,0.6188,0.3812,CV,0.7095,0.7127,-6.356837961267203,-6.366479507168679,-0.05978,-0.0856,51.2879
621,120,0.6097,0.3903,CV,2.6508,2.6086,-4.18309597083061,-4.127721425109932,-0.4681,0.67323,9.7203
621,97,0.5769,0.4231,CV,0.3618,0.3626,-3.248886280134666,-3.256652495492576,-0.01567,-0.01299,8.5907
622,106,0.6188,0.3812,CV,1.9306,1.9371,-3.738452789723101,-3.748784159294914,0.06609,-0.03151,8.5168
622,112,0.6178,0.3822,CV,3.1692,3.158,-7.8075837535789425,-7.814272665906325,-0.24238,0.02414,89.8593
622,111,0.6184,0.3816,CV,1.1683,1.1637,-2.681902901673809,-2.687116887963728,-0.11383,0.09612,5.7723
622,102,0.6186,0.3814,CV,2.1351,2.136,-6.434121042332733,-6.442798257697917,-0.10786,-0.07761,53.1701
622,120,0.6075,0.3925,CV,1.7427,1.6714,-3.3662239147181663,-3.341382155910198,-0.57133,0.46349,9.8429
622,97,0.6043,0.3957,CV,0.8056,0.8058,-3.536236972953928,-3.5460922619832145,-0.00773,0.01292,8.6388
622,114,0.6057,0.3943,CV,21.5357,21.5888,-24.538857259997975,-24.515925789202445,-0.9189,0.13705,32.3455
623,106,0.6185,0.3815,CV,1.8835,1.8873,-3.854476949112449,-3.862564618246293,-0.0045,-0.03978,8.621
623,112,0.6184,0.3816,CV,4.4461,4.461,-7.0302224736871315,-7.039392610561102,-0.16046,-0.0362,88.3131
623,111,0.6189,0.3811,CV,0.1112,0.1181,-2.2999239631939776,-2.3103400957523212,-0.06237,0.05134,5.5888
623,102,0.6187,0.3813,CV,1.6735,1.6807,-6.73161009299337,-6.740796108307582,-0.03283,0.04386,54.1675
623,120,0.616,0.384,CV,1.6611,1.6526,-3.3487084659942163,-3.3627951929729645,-0.44864,0.4994,9.5603
623,97,0.6143,0.3857,CV,0.5085,0.5117,-3.141615323223035,-3.153445162524794,-0.00131,0.01441,8.571
623,114,0.6065,0.3935,CV,6.5608,6.5156,-11.443500585370652,-11.420482215478028,-0.9557,-0.09733,32.9951
624,112,0.6182,0.3818,CV,3.4256,3.4161,-7.091905936146854,-7.099220356699751,-0.21125,-0.03493,86.9637
624,102,0.6184,0.3816,CV,3.2973,3.2995,-6.358100025857975,-6.366020074802831,0.14282,-0.06408,54.6651
624,120,0.6252,0.3748,CV,2.3048,2.3426,-3.971335307708223,-4.01207736522066,-0.1255,0.16834,8.9647
624,97,0.6177,0.3823,CV,0.4234,0.4226,-3.072176337096713,-3.0833746071018613,0.00271,0.04018,8.5052
624,106,0.6176,0.3824,CV,1.7102,1.7069,-4.4825504532807745,-4.487331375950902,-0.04402,0.02055,8.8181
624,111,0.6188,0.3812,CV,0.7955,0.7964,-2.4262268988570246,-2.4352783721698805,-0.04279,0.02562,5.3483
625,106,0.6169,0.3831,CV,1.6142,1.6072,-5.333725312720723,-5.336982240350668,-0.04019,0.07422,8.9938
625,112,0.6185,0.3815,CV,1.7096,1.6981,-6.6693783042256305,-6.6784350850173295,-0.22043,-0.10381,86.9484
625,102,0.6181,0.3819,CV,3.5999,3.5958,-6.399613300077249,-6.406591187611174,0.01835,-0.04204,54.4812
625,120,0.6181,0.3819,CV,2.1484,2.14,-3.9891284536815803,-3.9860086794923735,-0.31474,0.19031,8.5808
625,97,0.6187,0.3813,CV,0.7176,0.7174,-3.120895486430521,-3.131429268261242,-0.0548,0.03157,8.4489
625,114,0.5,0.5,CA,23.057,23.0196,-47.758923922740365,-47.59255029347168,-1.99526,0.18471,33.9199
625,111,0.6175,0.3825,CV,1.5096,1.5081,-3.1804220169102857,-3.184269953686052,-0.11768,-0.04218,5.179
626,106,0.6165,0.3835,CV,1.548,1.5389,-5.114126139851391,-5.116741902016087,-0.0711,0.0874,9.208
626,112,0.6184,0.3816,CV,2.7079,2.6928,-7.134629288328288,-7.142837893694789,-0.2995,-0.05434,86.2203
626,102,0.6183,0.3817,CV,1.7039,1.6871,-6.264185520500877,-6.272328775665655,0.00701,-0.04981,54.7628
626,120,0.6151,0.3849,CV,2.0688,2.0582,-3.6004153590090837,-3.595207011620173,-0.29594,0.09827,7.9787
626,97,0.6183,0.3817,CV,1.5333,1.5322,-4.16004873395592,-4.1675747322896175,-0.04776,0.01803,8.1636
626,114,0.5851,0.4149,CV,3.9228,4.0211,-21.21876718783672,-21.260035324144194,-0.98956,0.12338,32.9924
626,111,0.6177,0.3823,CV,0.893,0.8896,-2.3841788870433844,-2.3906829216109444,-0.07445,-0.04643,4.9653
627,106,0.6178,0.3822,CV,2.272,2.2782,-5.113474438994639,-5.121792037999821,-0.10416,0.04329,8.9848
627,112,0.6188,0.3812,CV,1.1512,1.1432,-6.672633693950926,-6.682462730321206,-0.24877,0.00722,85.9845
627,102,0.6187,0.3813,CV,1.5969,1.5964,-6.061671330931786,-6.071367019976299,-0.08081,0.04974,55.4803
627,114,0.6073,0.3927,CV,8.3152,8.3542,-11.334968455653332,-11.345754923723412,0.33539,0.16178,32.1826
627,111,0.6181,0.3819,CV,0.5166,0.5122,-2.3790674517715544,-2.3872782288579963,-0.04613,-0.06275,4.8091
627,120,0.6157,0.3843,CV,1.6102,1.6031,-3.015173710591232,-3.0167695814564968,-0.13123,0.13042,7.3955
627,122,0.7,0.3,CV,5.5575,5.5575,-7.472183152433561,-7.472183152433561,0.0,0.0,65.2553
628,106,0.617,0.383,CV,2.2685,2.2669,-3.9822512992256,-3.985502395792491,-0.0511,0.04661,8.6961
628,112,0.619,0.381,CV,1.0825,1.0912,-6.623930072892366,-6.634169822420733,-0.12728,0.02506,86.0545
628,102,0.6188,0.3812,CV,3.4534,3.4641,-6.529456326011371,-6.539004802521687,-0.07416,-0.0449,57.3755
628,120,0.6166,0.3834,CV,1.4542,1.4503,-2.8588852159171387,-2.86350508464796,-0.10545,0.2077,7.0325
628,114,0.6052,0.3948,CV,7.6337,7.6192,-8.232526704245918,-8.201426153538403,1.12828,0.00453,32.1051
628,122,0.3834,0.6166,CA,63.444,63.444,-108.81780031200798,-107.74558201855864,38.08216,2.93933,106.3477
628,97,0.5,0.5,CA,2.8472,2.8535,-4.798172813884408,-4.807318335203297,0.04312,-0.02704,8.9245
628,111,0.6185,0.3815,CV,1.6068,1.6116,-2.935565357210733,-2.9447755699434532,-0.02763,0.00815,4.8411
629,112,0.6028,0.3972,CV,24.9018,24.9087,-33.797448322954594,-33.73946565590481,1.73115,-0.16834,82.8633
629,102,0.6186,0.3814,CV,3.914,3.919,-6.451765035392125,-6.460159809452316,-0.04395,-0.10183,56.7511
629,120,0.62,0.38,CV,1.4548,1.468,-2.922406317155494,-2.9400037896465423,-0.03491,0.03439,6.7837
629,114,0.5896,0.4104,CV,9.0174,8.9544,-9.72894187842579,-9.636539204732907,1.72948,0.01987,31.5579
629,122,0.13,0.87,CA,20.7807,19.6009,-17.964486144821134,-15.926592762973637,77.13137,1.24669,267.9506
629,97,0.5772,0.4228,CV,0.5914,0.5894,-3.2951498595387645,-3.3041293496645388,0.04954,-0.05706,8.5815
629,106,0.6185,0.3815,CV,0.3606,0.3646,-3.127669353987496,-3.1384127706266693,-0.01988,0.00119,8.7232
629,111,0.6185,0.3815,CV,0.9948,0.9962,-2.5387346692616664,-2.5471786926281856,0.03257,0.04761,4.7417
630,106,0.6185,0.3815,CV,2.0454,2.0499,-4.062472664098481,-4.07118017264788,0.02578,-0.09484,8.964
630,112,0.6112,0.3888,CV,3.1675,3.0925,-17.224187712939084,-17.224957953981963,1.25451,-0.27062,82.0016
630,102,0.6187,0.3813,CV,2.1817,2.191,-6.229760412947011,-6.239274619323903,-0.04786,-0.07723,57.8986
630,114,0.5803,0.4197,CV,9.7199,9.6424,-9.665309399538838,-9.557321122075646,2.01173,0.06008,32.3648
630,122,0.3047,0.6953,CA,11.2062,9.6599,-8.707058963515241,-8.101129456938477,95.63623,3.51648,368.351
630,97,0.6032,0.3968,CV,1.4385,1.4328,-4.2285482257794325,-4.23365613969113,0.03884,-0.04836,8.7497
630,111,0.6186,0.3814,CV,0.2822,0.2829,-2.195676439622583,-2.2047366578766647,0.03284,0.01621,4.6472
631,106,0.6185,0.3815,CV,1.3022,1.3026,-3.7593456027374432,-3.76770067165871,0.08395,-0.01232,9.0751
631,112,0.6183,0.3817,CV,4.4883,4.5498,-16.46582082524038,-16.484182861798928,0.44892,-0.19357,82.3503
631,111,0.6183,0.3817,CV,0.8626,0.8625,-2.416590160002156,-2.424028967851548,-0.00336,0.0293,4.6646
631,102,0.6187,0.3813,CV,2.0275,2.0314,-6.2288429086938955,-6.238041888900553,0.08183,-0.01849,58.3025
631,114,0.5853,0.4147,CV,7.2098,7.1043,-7.353499354715973,-7.279496387693666,1.92393,-0.02711,33.2619
631,122,0.616,0.384,CV,4.5757,6.8544,-7.5566998325044725,-8.002517844745869,57.08108,4.54164,351.0984
631,97,0.6137,0.3863,CV,0.4726,0.4805,-3.436061238508523,-3.446891422733907,0.0268,-0.00573,8.7762
631,120,0.5,0.5,CA,2.3283,2.3298,-4.043343992252039,-4.0495141483229755,-0.00257,-0.11929,6.4124
632,106,0.6186,0.3814,CV,0.2471,0.2463,-3.3625322669254536,-3.3716861800695184,0.05001,0.00754,9.1055
632,112,0.6185,0.3815,CV,7.3215,7.3413,-15.296631504816174,-15.30546464663378,-0.15884,0.03548,83.3412
632,102,0.6181,0.3819,CV,4.5517,4.5511,-7.002540710532532,-7.009080352951633,-0.11653,-0.07289,57.3347
632,114,0.6014,0.3986,CV,2.721,2.6166,-6.269984641448914,-6.255661451583045,1.47168,0.02527,33.3337
632,122,0.6855,0.3145,CV,6.409,7.7227,-8.343872800464641,-8.652234664555417,13.54488,-0.65081,301.0811
632,111,0.6175,0.3825,CV,1.1571,1.1545,-3.323235894214421,-3.3279167920736494,0.03319,0.02293,4.7424
632,120,0.5773,0.4227,CV,1.8924,1.8981,-3.8522508185969193,-3.861563139733166,0.10606,0.01617,6.0836
633,106,0.6169,0.3831,CV,2.6502,2.648,-4.6814675777130805,-4.683202346178514,0.0539,-0.0838,9.4745
633,112,0.6172,0.3828,CV,5.8958,5.8799,-11.514483503194754,-11.517425835282536,-0.46229,0.01566,83.8264
633,102,0.6175,0.3825,CV,4.1308,4.1189,-6.593370950081354,-6.598360774751609,0.04362,-0.22605,56.5056
633,114,0.6109,0.3891,CV,2.0024,1.9524,-5.704317807222152,-5.706064430017811,1.00007,-0.04486,33.6997
633,122,0.6317,0.3683,CV,10.422,10.3357,-16.92232139917264,-16.886948541491147,18.49808,1.46035,239.6631
633,111,0.6178,0.3822,CV,1.028,1.0284,-2.8101380555198183,-2.817171919056166,0.05201,0.06009,4.6874
633,120,0.6011,0.3989,CV,2.9675,2.9695,-4.776889710776446,-4.77304280448935,0.01938,-0.2416,5.9312
634,106,0.6182,0.3818,CV,0.8275,0.8347,-3.589426225697986,-3.59896709537138,0.04147,-0.05987,9.4786
634,112,0.6166,0.3834,CV,4.5147,4.4838,-8.839168215320326,-8.841874054543663,-0.55101,0.02308,84.1718
634,102,0.6179,0.3821,CV,2.355,2.3369,-6.068428846619405,-6.07606700098639,0.13615,-0.11968,55.9252
634,114,0.6131,0.3869,CV,3.4005,3.3627,-5.735850774646969,-5.732752709429124,0.84177,0.11918,33.6552
634,122,0.6576,0.3424,CV,7.0838,7.7687,-19.620839923439355,-19.77922550847548,-0.48071,0.52886,199.6568
634,120,0.6105,0.3895,CV,1.1807,1.1681,-2.864530769617539,-2.8647977866839165,0.00638,-0.24829,5.7932
635,106,0.6182,0.3818,CV,0.5356,0.5322,-3.497653896647937,-3.5053751740248087,0.05103,-0.03633,9.6013
635,112,0.6169,0.3831,CV,3.2695,3.2372,-7.146512060443354,-7.151098828127256,-0.53807,0.00976,84.3598
635,102,0.6121,0.3879,CV,9.4822,9.466,-8.320935796617531,-8.303338992366808,-0.27942,-0.43783,53.039
635,114,0.617,0.383,CV,4.5006,4.5148,-8.934900780154985,-8.945269541665503,0.36869,0.32034,32.8822
635,122,0.5965,0.4035,CV,12.1164,12.1547,-10.533315750122647,-10.391376164073582,10.36262,1.11174,165.7843
635,120,0.611,0.389,CV,2.2694,2.2603,-3.8877097961030964,-3.876539771968135,-0.12446,-0.28456,5.6692
636,106,0.6178,0.3822,CV,2.7818,2.7859,-4.4384125723377466,-4.4443252770074695,-0.06364,0.033,9.3765
636,112,0.6176,0.3824,CV,2.1697,2.1474,-6.707626368570262,-6.714601003710257,-0.45056,-0.02931,84.192
636,102,0.6141,0.3859,CV,3.3036,3.2578,-5.855562323442489,-5.855163757513594,-0.15886,-0.26607,50.9947
636,114,0.6146,0.3854,CV,4.7642,4.7442,-6.131437606644935,-6.125512798403713,0.63501,0.2126,32.6755
636,122,0.6128,0.3872,CV,6.0752,6.0086,-10.669919818300102,-10.68681419698482,7.1062,0.93841,147.9783
636,120,0.6186,0.3814,CV,1.4371,1.4537,-2.8645415017209785,-2.884605703857315,-0.02651,-0.06453,5.5525
637,106,0.6176,0.3824,CV,1.2871,1.28,-3.6501231121829454,-3.6557994695358373,-0.09693,0.06827,9.3105
637,112,0.6181,0.3819,CV,1.487,1.4719,-6.68835957376462,-6.696431070481074,-0.31321,-0.06266,84.9418
637,102,0.6196,0.3804,CV,6.2926,6.3364,-6.808999673732819,-6.828653575217335,0.22053,0.06386,51.2455
637,114,0.6155,0.3845,CV,2.3669,2.3325,-5.83881478164209,-5.840648418792676,0.56206,0.15465,32.3038
637,122,0.6244,0.3756,CV,5.3238,5.4163,-15.73165188548648,-15.773575272791987,3.40187,0.31334,134.0835
637,120,0.6185,0.3815,CV,1.4398,1.4423,-2.89585775201681,-2.9041366910051583,0.05467,0.01901,5.5286
638,106,0.6188,0.3812,CV,0.5113,0.5177,-3.329715726900823,-3.3407534680154236,-0.04484,0.05659,9.4342
638,112,0.6185,0.3815,CV,1.6723,1.6783,-6.839706710349046,-6.848750910149221,-0.11168,-0.08436,85.8679
638,102,0.6155,0.3845,CV,8.8519,8.8509,-8.304447361619644,-8.298573046488865,0.16449,0.47223,52.4604
638,114,0.6177,0.3823,CV,2.7229,2.729,-5.440642397772868,-5.450340157805411,0.36105,-0.04735,32.5717
638,122,0.627,0.373,CV,3.8542,3.9976,-8.467963248911078,-8.50417793377228,0.86824,-0.02562,121.1458
638,120,0.616,0.384,CV,2.1955,2.1919,-3.8442091296100296,-3.8422937408531883,0.05289,0.09566,5.6539
639,106,0.6189,0.3811,CV,1.0674,1.069,-3.4564026478248895,-3.4662406988602563,0.01053,-0.0185,9.3782
639,112,0.6183,0.3817,CV,4.89,4.8957,-7.311755787966862,-7.3195027984678696,0.24925,-0.12094,86.0869
639,102,0.615,0.385,CV,4.669,4.635,-6.610925179464493,-6.608993424761719,0.04368,0.40944,53.1898
639,114,0.6184,0.3816,CV,0.4758,0.4584,-5.188942196293418,-5.198271387591847,0.24759,-0.03037,32.3965
639,122,0.6194,0.3806,CV,11.8057,11.8149,-13.722860354366821,-13.722411804394426,1.17673,-0.24092,105.4756
639,120,0.6162,0.3838,CV,1.4847,1.4802,-3.110557917549249,-3.113190717537157,0.03569,0.14718,5.6097
639,111,0.5,0.5,CA,2.3959,2.3965,-4.769238480992082,-4.776378629091764,-0.06227,-0.02839,5.144
640,106,0.6187,0.3813,CV,1.2411,1.2418,-3.496045260209809,-3.5048966026069928,0.07616,-0.05532,9.4428
640,112,0.6174,0.3826,CV,5.3169,5.3025,-7.197970266119784,-7.202247774000352,0.50042,-0.12346,86.7288
640,102,0.6177,0.3823,CV,3.0707,3.0911,-6.339980769281461,-6.35036130910823,-0.13627,0.17044,52.3955
640,114,0.6144,0.3856,CV,7.3234,7.3221,-9.670658542558584,-9.662063615645845,0.30219,0.09349,30.181
640,122,0.6204,0.3796,CV,1.5081,1.485,-7.125717283933726,-7.140954657767055,0.62729,-0.21958,95.6143
640,111,0.5769,0.4231,CV,0.1854,0.1813,-2.2933488717822677,-2.301106918600276,-0.05345,-0.02636,4.773
641,106,0.6176,0.3824,CV,2.51,2.5107,-5.062269669141522,-5.0666357378348605,0.07115,0.06601,9.1251
641,112,0.6167,0.3833,CV,5.2329,5.2057,-7.325153624999132,-7.327730556607104,0.6438,-0.14256,86.9835
641,102,0.6143,0.3857,CV,8.7229,8.7065,-7.922619963368309,-7.9146412657315794,-0.37596,0.12607,54.6319
641,114,0.6151,0.3849,CV,3.7901,3.7785,-7.295253002842475,-7.295462357172724,0.51017,0.07989,29.7435
641,122,0.5999,0.4001,CV,18.237,18.2322,-13.449819036648346,-13.377496555241507,2.31602,0.24881,92.8495
641,111,0.6025,0.3975,CV,1.7569,1.7554,-3.094089094264098,-3.096448669756503,-0.00113,-0.16076,4.6729
641,97,0.5,0.5,CA,2.2527,2.2528,-6.589498850778701,-6.594682134970014,-0.01343,-0.01193,10.1351
641,120,0.5,0.5,CA,1.5815,1.5786,-3.541819880202777,-3.5488465026252554,0.02947,0.12578,5.8122
642,106,0.6184,0.3816,CV,2.0181,2.0238,-3.8009374324635425,-3.8103053656351586,0.02064,0.12324,9.2804
642,112,0.6163,0.3837,CV,5.007,4.9721,-7.457175489819223,-7.459043183864778,0.71721,-0.15869,86.9554
642,114,0.6141,0.3859,CV,4.2016,4.1836,-11.692059256404034,-11.68713421757982,0.36439,0.11319,28.1522
642,122,0.6157,0.3843,CV,6.3408,6.4247,-9.661489052679656,-9.685824714796547,0.94287,-0.03691,89.2309
642,120,0.5773,0.4227,CV,2.2667,2.2738,-4.066345442231137,-4.075681927243833,0.00486,-0.05557,5.792
642,102,0.6045,0.3955,CV,23.6618,23.6958,-29.996337209127006,-29.95227823711141,0.52043,0.54419,47.2239
642,111,0.6143,0.3857,CV,0.8012,0.8079,-2.2661342581119106,-2.280683253554203,0.04617,-0.06801,4.7043
642,97,0.5767,0.4233,CV,1.0114,1.0131,-4.813370224064772,-4.820370181425267,-0.00883,0.04213,9.4467
643,112,0.6169,0.3831,CV,2.9989,2.9599,-6.991982265653543,-6.997230657175621,0.63595,-0.14039,87.5173
643,102,0.6167,0.3833,CV,11.2577,11.3121,-11.12080922059879,-11.142273029174486,0.43095,-0.3269,48.5615
643,114,0.6168,0.3832,CV,1.9701,1.9583,-7.163390625668658,-7.171125893418161,0.37312,-0.03738,27.2163
643,122,0.6153,0.3847,CV,6.1027,6.0736,-18.08200629604176,-18.081285075174257,0.65222,0.16963,87.5644
643,120,0.6043,0.3957,CV,0.5701,0.5689,-2.8375988454858163,-2.8470208192441584,0.03535,-0.02021,5.8911
644,112,0.6177,0.3823,CV,2.3378,2.313,-6.8221945779723425,-6.829546462281851,0.49159,-0.14274,88.6773
644,114,0.6122,0.3878,CV,7.0147,7.0103,-8.311417053739227,-8.296117171667122,0.62841,-0.25234,27.3341
644,122,0.6161,0.3839,CV,4.9373,4.9201,-12.121474879240935,-12.124713571751613,0.59419,0.30776,84.8443
644,120,0.6125,0.3875,CV,2.2742,2.2759,-4.000455913880467,-4.004686989839549,-0.04596,0.15024,5.9477
645,112,0.6179,0.3821,CV,3.3579,3.3441,-7.346569564297256,-7.353851121406589,0.43489,-0.1216,87.9156
645,114,0.6103,0.3897,CV,4.7885,4.752,-6.529187705473491,-6.512366217667903,0.64906,-0.2569,27.3245
645,122,0.6177,0.3823,CV,4.5007,4.5152,-11.45266870922617,-11.461543437046977,0.33729,0.21247,81.3182
645,120,0.6154,0.3846,CV,1.6262,1.6234,-3.559158483076636,-3.5636078217365923,0.02676,0.12184,6.1748
646,112,0.6174,0.3826,CV,4.3521,4.328,-7.833646043939767,-7.8383594471796885,0.51863,-0.12679,86.8896
646,114,0.6098,0.3902,CV,4.7257,4.6871,-10.678505565388638,-10.662326771243553,0.58965,-0.33019,27.4334
646,122,0.6169,0.3831,CV,6.2934,6.2875,-7.3592198623249505,-7.362254835222964,0.29162,0.03037,77.4991
646,120,0.618,0.382,CV,0.5474,0.5551,-2.9591143068750787,-2.9701697084126595,-0.00751,0.06196,6.2239
647,112,0.6175,0.3825,CV,3.224,3.1952,-6.986710524230773,-6.9928046197262255,0.54434,-0.13403,86.8863
647,114,0.6077,0.3923,CV,6.7771,6.7421,-24.690195018481482,-24.666069594855173,0.59894,-0.22921,28.5819
647,122,0.6177,0.3823,CV,2.8118,2.7992,-7.381912385269583,-7.389291663897349,0.13037,0.18471,75.4568
647,120,0.6181,0.3819,CV,0.6912,0.6877,-3.0079127906040117,-3.0155814513888184,-0.02935,0.06185,6.3429
648,112,0.6174,0.3826,CV,3.552,3.5223,-7.0097641949210265,-7.015325082559048,0.58346,-0.05392,86.5116
648,122,0.6182,0.3818,CV,7.3918,7.4121,-12.417919887038583,-12.426510165628464,0.03994,0.18296,77.194
648,120,0.6183,0.3817,CV,1.9471,1.9517,-3.700789176876823,-3.709038267079895,0.01993,-0.07808,6.3455
648,97,0.5,0.5,CA,0.839,0.8392,-5.4372575110374735,-5.447957407321729,0.00864,-0.00259,10.4077
648,102,0.5,0.5,CA,23.1977,23.1948,-11.937949795858039,-11.916838382054937,-0.13069,-0.4163,66.0645
649,112,0.6171,0.3829,CV,4.1795,4.1497,-7.544772936636235,-7.549093294997185,0.60589,-0.00471,85.0886
649,122,0.6181,0.3819,CV,5.1849,5.1906,-7.023740262735379,-7.031141111512446,-0.11928,0.30069,75.0855
649,97,0.5765,0.4235,CV,1.6905,1.6907,-3.7545343673886036,-3.760706236764975,0.11825,-0.00204,9.7524
649,106,0.5,0.5,CA,1.0636,1.0642,-5.795981817027042,-5.803975918632788,-0.01611,-0.02259,10.5587
649,114,0.5,0.5,CA,3.5058,3.541,-36.219159432093385,-36.234484677674786,0.10452,-0.05861,30.0173
649,120,0.6113,0.3887,CV,4.0504,4.0473,-6.657140168368744,-6.6357517353885465,0.07906,-0.20123,5.9764
650,112,0.6173,0.3827,CV,3.2293,3.1957,-7.3526515431456385,-7.3582725010333325,0.55049,0.02457,83.5235
650,122,0.6177,0.3823,CV,4.4231,4.4186,-6.949291326065691,-6.955169102972389,-0.32548,0.19752,74.9733
650,97,0.6036,0.3964,CV,2.4144,2.4184,-4.155014067757378,-4.162547406188796,-0.01957,0.06795,9.37
650,102,0.5,0.5,CA,7.0157,7.0634,-7.744903228540899,-7.758075744291016,-0.01931,-0.01942,62.6382
650,106,0.5767,0.4233,CV,0.8713,0.8716,-3.5389490623808317,-3.5460440902209416,-0.03822,0.00316,9.8809
651,112,0.6187,0.3813,CV,3.434,3.4539,-6.679501119332111,-6.690845594219074,0.30283,-0.04456,84.1574
651,122,0.6185,0.3815,CV,1.3528,1.3718,-8.159319534373276,-8.168932071615757,-0.14549,0.05675,74.6382
651,97,0.6139,0.3861,CV,0.6564,0.6495,-3.1254217268382103,-3.1365296224660417,-0.04299,0.02359,9.1836
651,106,0.6039,0.3961,CV,1.8584,1.8606,-4.615096735189203,-4.6235818688438375,0.09529,-0.08981,9.7958
651,102,0.5769,0.4231,CV,3.2055,3.2082,-6.614983598870159,-6.622894503668223,0.10989,0.12895,60.8558
651,111,0.5,0.5,CA,0.7181,0.7182,-5.145519911596334,-5.1515145808647365,0.00017,0.01167,5.0819
651,114,0.5,0.5,CA,5.1837,5.1776,-28.96143615737627,-28.965793913431874,0.42191,-0.19754,32.1454
652,112,0.6188,0.3812,CV,2.2372,2.2379,-6.688598957850586,-6.698046731966762,0.14551,-0.00353,84.5817
652,122,0.6181,0.3819,CV,3.1819,3.1749,-9.060249907180486,-9.067260123518789,-0.24539,0.11971,73.8247
652,106,0.6137,0.3863,CV,1.0594,1.0565,-4.141685731765511,-4.151689275182498,0.09878,-0.05357,9.6655
652,102,0.6028,0.3972,CV,6.6854,6.6828,-7.162539629077022,-7.166124554432968,-0.37263,0.42286,61.6408
652,111,0.5763,0.4237,CV,0.8809,0.8803,-2.5717183982242537,-2.577166836220603,-0.00125,0.03446,4.7364
652,114,0.5692,0.4308,CV,8.4232,8.3994,-28.2738488474227,-28.250099477070314,0.80642,-0.34619,33.1877
653,112,0.6189,0.3811,CV,1.6705,1.6816,-6.631482894500974,-6.64143907931913,0.05124,0.04798,83.3107
653,122,0.6154,0.3846,CV,8.6056,8.5904,-17.729724012204088,-17.72556972854566,-0.68228,0.26233,73.0563
653,106,0.6177,0.3823,CV,0.6032,0.6046,-3.4528284012039685,-3.4649690510567033,0.06806,-0.06468,9.6988
653,102,0.6119,0.3881,CV,4.5741,4.5468,-6.685645836206788,-6.689353118396415,-0.22366,0.4838,61.8175
653,120,0.5,0.5,CA,3.6174,3.6167,-5.161572296993331,-5.163213654758557,-0.1466,-0.16806,6.4853
653,97,0.5,0.5,CA,0.7371,0.7389,-3.6861624280845837,-3.7035040702398545,0.04477,0.03198,9.4209
653,111,0.6038,0.3962,CV,0.4946,0.4927,-2.7050934534372053,-2.713865204373714,-0.03165,0.03301,4.7477
653,114,0.5797,0.4203,CV,16.3991,16.3533,-35.856772420990694,-35.77593440345689,0.86026,-0.74008,38.0573
654,112,0.6188,0.3812,CV,0.7413,0.7378,-6.558178234882123,-6.567489925929637,0.06132,0.05969,82.8211
654,122,0.6037,0.3963,CV,15.7152,15.6815,-17.434754151847123,-17.385718929144545,-1.29551,0.23435,68.499
654,106,0.6188,0.3812,CV,0.4173,0.4136,-3.2908529604820904,-3.301997025229203,0.06977,-0.04791,9.6798
654,102,0.6163,0.3837,CV,2.8196,2.7979,-6.239975306771927,-6.249169026151188,-0.17148,0.55777,63.0323
654,114,0.6042,0.3958,CV,11.0941,11.1226,-19.319024304856487,-19.32473324788463,1.02132,-0.06454,37.7216
654,120,0.5783,0.4217,CV,1.5407,1.5522,-3.288488879427826,-3.3021047571123923,-0.00706,-0.06443,6.0368
654,97,0.5774,0.4226,CV,1.6571,1.6601,-3.5648627672758475,-3.574624145354119,0.04357,-0.00912,9.2197
655,112,0.6186,0.3814,CV,2.1958,2.1916,-7.2727887367177075,-7.281315762106631,0.11353,0.08426,83.2043
655,122,0.5935,0.4065,CV,11.9948,11.9119,-25.728462756015283,-25.654280117426076,-1.8356,0.24364,65.4979
655,106,0.619,0.381,CV,0.9471,0.9492,-3.507105926546403,-3.5174849856922097,0.01719,-0.00131,9.7261
655,102,0.6177,0.3823,CV,5.939,5.9483,-7.1892371964641235,-7.1977595798340115,-0.0433,0.4741,66.0364
655,114,0.6029,0.3971,CV,10.857,10.8339,-12.905530723501059,-12.869571045797617,1.26342,-0.03835,36.1225
655,120,0.6039,0.3961,CV,1.4998,1.4994,-3.297229308324818,-3.3034196853700797,-0.01442,-0.05425,6.1597
655,97,0.6043,0.3957,CV,2.4069,2.4127,-7.149317793959508,-7.158421066417959,0.02903,-0.01983,8.7116
656,112,0.6185,0.3815,CV,2.4535,2.451,-6.938287604657932,-6.9468166454253035,0.22172,0.02726,82.5661
656,122,0.6116,0.3884,CV,25.1803,25.2894,-21.60333078552414,-21.619482095766067,1.03533,0.49436,68.3043
656,102,0.6191,0.3809,CV,2.4843,2.5069,-6.4394399081569915,-6.4518772864990765,-0.07595,0.21895,66.0507
656,114,0.595,0.405,CV,9.2847,9.22,-8.899180151284558,-8.832423778597931,1.65885,0.2429,36.4028
656,120,0.6134,0.3866,CV,0.5918,0.5879,-2.8399315386543282,-2.8483604389094137,-0.02579,-0.01508,6.2526
656,106,0.6191,0.3809,CV,0.5765,0.5791,-3.463167805316454,-3.4735446043223357,0.02443,-0.01742,9.5962
656,97,0.614,0.386,CV,0.7021,0.6952,-3.8563281968241263,-3.867050747173826,0.01479,-0.05573,8.4214
657,112,0.6183,0.3817,CV,2.818,2.8076,-7.324739236957158,-7.332233621100039,0.30552,-0.05718,82.4425
657,122,0.6061,0.3939,CV,10.3119,10.2437,-8.378140724752885,-8.34491672103363,1.32753,0.57944,69.6402
657,102,0.6185,0.3815,CV,3.9021,3.899,-6.5267312775526864,-6.534559256400052,-0.1386,0.16211,64.9043
657,114,0.5688,0.4312,CV,12.5088,12.4211,-15.90982653670314,-15.746840294240199,2.33528,0.23028,35.3855
657,120,0.6168,0.3832,CV,0.9223,0.9233,-3.0585829976642604,-3.0674089349283946,0.01752,0.04455,6.288
657,97,0.6149,0.3851,CV,1.9005,1.8926,-7.663119942790258,-7.6632732332418865,0.08245,-0.12513,7.9838
657,106,0.6187,0.3813,CV,0.9889,0.9881,-3.4804779666140253,-3.4889684574995536,0.01451,-0.06651,9.6071
658,112,0.6185,0.3815,CV,1.68,1.6721,-6.861954861431346,-6.870693962749836,0.25511,-0.02024,81.7061
658,122,0.6137,0.3863,CV,3.2506,3.2304,-7.001521712656583,-7.007865205829669,0.81002,0.56723,68.3809
658,106,0.6189,0.3811,CV,0.6024,0.6055,-3.4239980154005414,-3.4338246339498957,0.0039,-0.03014,9.4858
658,102,0.6177,0.3823,CV,4.2299,4.2147,-6.597052246465993,-6.60214447961831,-0.17705,0.04431,63.6476
658,114,0.5786,0.4214,CV,5.5841,5.4534,-18.081508654183054,-17.997015148557534,2.23247,0.0822,34.7917
658,120,0.6168,0.3832,CV,1.5823,1.5788,-3.3143826962572054,-3.3182959256196876,0.08288,0.08874,6.4161
658,97,0.6194,0.3806,CV,0.8747,0.8876,-4.207427933799808,-4.225158050077422,-0.01192,-0.05675,7.7424
659,112,0.6187,0.3813,CV,1.8984,1.8976,-6.723529835303089,-6.73282335801777,0.13061,0.00748,80.5505
659,122,0.6172,0.3828,CV,5.0824,5.1017,-7.1892872328916155,-7.199587561188283,0.25437,0.30745,69.4165
659,106,0.6181,0.3819,CV,1.7808,1.7804,-3.690023427321523,-3.696528719421048,-0.00421,0.017,9.1618
659,102,0.6188,0.3812,CV,1.7814,1.7885,-6.114923860688631,-6.125825443475399,0.03428,0.03492,63.6094
659,114,0.5875,0.4125,CV,5.1384,5.0355,-19.7094751604783,-19.647162805762886,2.22774,-0.21695,34.53
659,120,0.6165,0.3835,CV,1.3852,1.3774,-3.4273353019173314,-3.4300192682948407,0.10724,0.0908,6.6039
659,97,0.6192,0.3808,CV,1.804,1.8083,-3.645169261145651,-3.655157476769067,0.10045,0.01017,7.5937
659,111,0.5,0.5,CA,1.8037,1.8041,-4.930990703827209,-4.939856094267474,-0.02144,-0.01194,5.1042
660,112,0.6189,0.3811,CV,2.4197,2.4305,-6.660796118852826,-6.670769496734812,-0.02971,0.05162,80.9015
660,122,0.6175,0.3825,CV,3.7722,3.762,-8.017181276892416,-8.02331062700835,-0.01746,0.24513,70.666
660,106,0.6164,0.3836,CV,2.078,2.0709,-6.459908758305401,-6.460115406178627,-0.00989,0.05611,8.7677
660,102,0.6191,0.3809,CV,0.943,0.9473,-6.411464041497744,-6.422092631597172,0.07842,0.04876,63.7475
660,114,0.5732,0.4268,CV,7.6211,7.5047,-21.05622662178657,-20.92216028977128,2.70748,-0.06139,33.8595
660,120,0.618,0.382,CV,0.7333,0.738,-3.2333484932560794,-3.242775163625693,0.07994,0.03509,6.6196
660,97,0.6183,0.3817,CV,1.8084,1.8095,-3.731932393108762,-3.738647803924321,-0.02677,0.02237,7.5001
660,111,0.5758,0.4242,CV,1.4057,1.4035,-3.0057880768644876,-3.0091313771263817,-0.01597,-0.10396,4.6568
661,112,0.6186,0.3814,CV,3.0396,3.0367,-6.796400963307491,-6.804639754088295,-0.14649,0.08396,81.6839
661,122,0.594,0.406,CV,28.3373,28.3463,-34.2494685134306,-34.1569133873755,1.63083,0.78566,64.3268
661,106,0.6185,0.3815,CV,3.3365,3.3493,-5.3698724563731,-5.381550381481556,-0.04098,0.01752,9.0504
661,102,0.6178,0.3822,CV,4.9675,4.9596,-8.762592521621624,-8.767422912524733,0.32532,-0.02135,62.3304
661,114,0.5392,0.4608,CV,11.1072,10.9741,-26.439263883928636,-26.18835065079839,3.5629,-0.22398,33.902
661,120,0.6178,0.3822,CV,1.3609,1.3593,-4.545465383021229,-4.551640740448801,0.09729,0.02964,6.5512
661,97,0.6169,0.3831,CV,1.6208,1.6141,-3.353812842585854,-3.355773625663671,0.00164,0.06881,7.4679
661,111,0.605,0.395,CV,0.7387,0.7444,-2.6812485226794354,-2.6956867181569804,0.03129,-0.05415,4.6462
662,112,0.6182,0.3818,CV,2.9222,2.911,-6.802538338107859,-6.809852687800117,-0.26509,0.10207,81.8995
662,122,0.6108,0.3892,CV,5.5717,5.5941,-9.021201762641336,-9.033411785981256,0.58821,0.71474,62.4853
662,106,0.6167,0.3833,CV,2.2238,2.2172,-4.426089533773689,-4.427127646523171,-0.03945,0.02956,9.3336
662,102,0.6191,0.3809,CV,2.9254,2.9497,-6.239353372649007,-6.2513501468533725,0.02381,-0.03104,62.5545
662,114,0.5203,0.4797,CV,11.2959,11.1211,-18.38473689273594,-18.107360185886563,4.2661,-0.40815,34.8407
662,120,0.6181,0.3819,CV,0.6418,0.6385,-4.298710122722159,-4.306797638373209,0.09258,0.03684,6.6558
662,97,0.6175,0.3825,CV,0.9935,0.9917,-3.2867579808934413,-3.293683101675355,0.00321,-0.01003,7.3942
662,111,0.6146,0.3854,CV,1.0281,1.03,-3.3375420866001235,-3.3494998454179035,-0.07678,-0.0219,4.6167
663,112,0.6179,0.3821,CV,3.0167,3.0003,-6.931523500597501,-6.938075787666373,-0.34353,0.06071,82.287
663,122,0.613,0.387,CV,13.5096,13.5502,-11.684376322943887,-11.681272661402634,-1.02392,0.26346,62.3818
663,106,0.6154,0.3846,CV,2.3476,2.3367,-5.300525387201315,-5.298410336478664,-0.02999,-0.01878,9.6263
663,102,0.6184,0.3816,CV,4.427,4.4303,-6.570154332945863,-6.57763726846148,-0.21547,0.05025,63.4791
663,114,0.5047,0.4953,CV,10.3095,10.0922,-23.011239524543278,-22.698471534737394,5.19067,-0.40195,34.5087
663,120,0.6184,0.3816,CV,0.4569,0.4526,-4.66541699004888,-4.6740572804385705,0.08331,0.01803,6.7433
663,97,0.6172,0.3828,CV,0.9934,0.9864,-3.8360781870185416,-3.840719276437458,-0.00126,-0.02262,7.4206
664,112,0.6171,0.3829,CV,5.7271,5.7147,-7.317787510673551,-7.321478491615781,-0.54491,0.04235,81.1889
664,122,0.6014,0.3986,CV,12.5616,12.5108,-9.97160844902956,-9.916310645954871,-1.74911,0.05182,62.2996
664,102,0.6188,0.3812,CV,2.811,2.8243,-6.371470966206552,-6.3813471337988,-0.02643,0.02614,62.4952
664,114,0.5357,0.4643,CV,5.3808,5.1436,-26.86718365516248,-26.70114127584808,5.13046,-0.21107,34.4568
664,120,0.6179,0.3821,CV,1.145,1.1404,-4.8793679912534875,-4.885392684783253,0.12567,0.02453,6.7951
664,97,0.6176,0.3824,CV,0.9378,0.9358,-3.2061917136798117,-3.212733466005659,-0.05015,0.00412,7.4267
664,106,0.6176,0.3824,CV,1.1547,1.1635,-4.496062229336223,-4.505666912604847,-0.0639,-0.00286,9.5451
665,112,0.6168,0.3832,CV,4.3271,4.2986,-8.637763641608965,-8.641125524573155,-0.61087,0.00697,80.3934
665,122,0.5961,0.4039,CV,11.1169,11.0254,-9.241359888682805,-9.181353048471511,-1.9505,-0.0693,62.9627
665,106,0.6183,0.3817,CV,1.5154,1.5218,-3.71049034918003,-3.719672768749681,0.01674,0.026,9.4044
665,102,0.6185,0.3815,CV,2.7798,2.7769,-6.244544053405235,-6.252548197067096,0.05361,-0.01615,61.2755
665,114,0.5187,0.4813,CV,7.639,7.4113,-32.315970299535735,-32.03707653801582,6.03636,-0.25043,35.2564
665,120,0.6185,0.3815,CV,1.053,1.0564,-3.7890119403525033,-3.798344242686306,0.03627,0.05854,6.9383
665,97,0.6163,0.3837,CV,2.2497,2.2457,-6.696158902215938,-6.696580754783312,-0.13821,-0.05703,7.5261
666,112,0.6161,0.3839,CV,5.207,5.1736,-10.368277239433045,-10.369065356998842,-0.7378,-0.05065,79.8085
666,122,0.5968,0.4032,CV,9.2717,9.1632,-9.157809169338167,-9.108433906268411,-1.97088,-0.13444,62.8315
666,106,0.6182,0.3818,CV,1.2164,1.2167,-3.6466491061750976,-3.654203504628784,0.05241,0.00055,9.6319
666,102,0.6186,0.3814,CV,4.062,4.0723,-6.987826936294913,-6.996675862538,0.05854,0.13162,62.4231
666,114,0.581,0.419,CV,1.3391,1.1482,-13.339326321132404,-13.337060079287468,4.44114,-0.28259,35.3037
666,120,0.6163,0.3837,CV,2.8014,2.7998,-5.104817820985364,-5.103933035798209,0.20396,0.01422,7.0384
666,97,0.6175,0.3825,CV,1.6462,1.6494,-3.5223950925089187,-3.5300584664632355,-0.12241,0.0167,7.381
667,112,0.6161,0.3839,CV,4.4696,4.4322,-13.022730780141513,-13.024655765940672,-0.72254,0.01747,78.453
667,122,0.6004,0.3996,CV,7.6772,7.571,-7.678580834827164,-7.643178292572992,-1.82642,-0.16603,63.5042
667,102,0.6188,0.3812,CV,2.1172,2.1251,-6.251701287218358,-6.261259146486667,0.04785,0.02217,61.8609
667,114,0.5693,0.4307,CV,6.4807,6.3244,-12.154625561973642,-12.014070489737161,4.58,-0.3515,35.6629
667,120,0.6131,0.3869,CV,3.0274,3.0172,-5.884477703982216,-5.873679310970915,0.29977,-0.05791,7.2123
667,97,0.6177,0.3823,CV,1.2342,1.2327,-4.84461864644191,-4.851447520990243,-0.08219,0.00361,7.2191
668,112,0.616,0.384,CV,4.3115,4.2711,-14.463863300687754,-14.46550602483236,-0.72938,-0.05439,76.9616
668,122,0.6094,0.3906,CV,5.5939,5.5582,-8.836228803124348,-8.833151171769337,-1.3686,-0.12291,61.7235
668,102,0.6187,0.3813,CV,0.8915,0.8906,-6.132237505561942,-6.14139502172646,0.06061,-0.03807,61.6431
668,114,0.5755,0.4245,CV,4.0941,3.8699,-11.425143785476159,-11.327279164402587,4.28911,-0.30411,34.9327
668,120,0.615,0.385,CV,1.7627,1.7554,-4.404115889235087,-4.405693291666001,0.24806,-0.04532,7.1319
668,97,0.6177,0.3823,CV,1.4496,1.4479,-5.4626346895461895,-5.469102181593687,0.01296,0.03122,7.064
668,106,0.5,0.5,CA,1.9587,1.9622,-4.470083982277536,-4.480835440116046,-0.0681,0.01963,10.2968
669,112,0.6125,0.3875,CV,20.0405,20.0819,-15.138421144824733,-15.125400414320506,1.12102,-0.04173,77.6213
669,122,0.6142,0.3858,CV,2.8318,2.7892,-7.643096377128078,-7.646960430678688,-0.95682,-0.13079,60.4346
669,102,0.6186,0.3814,CV,1.8838,1.8808,-6.180185659846631,-6.1890129022800675,0.07479,0.00681,61.0214
669,114,0.5552,0.4448,CV,6.3057,6.1092,-17.71352743029871,-17.523837232755206,4.75908,-0.39223,33.7444
669,120,0.6137,0.3863,CV,2.1082,2.0945,-4.426675048749248,-4.420249005499181,0.29206,-0.06793,7.1265
669,97,0.6179,0.3821,CV,1.2298,1.2266,-4.864273677771118,-4.871270926707856,0.09421,0.05997,6.98
669,106,0.5774,0.4226,CV,0.9773,0.9793,-3.5511915658287085,-3.5608302118393063,0.02079,-0.01193,10.0044
670,112,0.6104,0.3896,CV,8.3064,8.245,-8.579388712455495,-8.56280341967361,1.2765,-0.1265,77.8278
670,122,0.6142,0.3858,CV,4.5292,4.4836,-7.258024289503995,-7.254683474439915,-0.87654,-0.1814,58.8069
670,102,0.6185,0.3815,CV,3.8973,3.9057,-6.726869971702227,-6.735439269594709,0.00538,0.05918,62.3572
670,114,0.5598,0.4402,CV,4.4445,4.2215,-20.057977151625245,-19.9164196004949,4.66023,-0.33764,32.6158
670,120,0.6118,0.3882,CV,2.6436,2.629,-6.814922319362508,-6.802412408388445,0.36915,-0.03685,7.2762
670,106,0.6048,0.3952,CV,0.4265,0.4243,-3.3806206866873314,-3.391862143380586,0.03722,0.01734,10.0734
671,112,0.6138,0.3862,CV,3.4239,3.3572,-7.107284441403525,-7.107783425047625,0.99161,-0.12285,77.9023
671,122,0.6154,0.3846,CV,3.0961,3.0491,-6.603287904080771,-6.605127317299318,-0.80515,-0.1879,57.8708
671,102,0.6186,0.3814,CV,1.7473,1.7509,-6.362390323247517,-6.3714786492507125,0.06915,0.09792,62.2592
671,114,0.6126,0.3874,CV,3.5099,3.63,-7.614357892474868,-7.684232989239584,2.3523,-0.19545,32.1197
671,120,0.6099,0.3901,CV,3.1523,3.1395,-5.573295232242026,-5.555354561227545,0.38372,0.05668,7.0674
671,106,0.6141,0.3859,CV,1.7503,1.7542,-4.192215257337229,-4.2026455553054465,-0.06911,0.01834,10.3715
671,111,0.5,0.5,CA,2.2889,2.289,-5.3210937006277845,-5.326038582504501,0.02662,0.02759,4.8422
671,97,0.5,0.5,CA,1.6273,1.6317,-3.800741066927883,-3.8134046595593234,0.05874,0.00434,7.5549
672,112,0.6175,0.3825,CV,2.8648,2.8939,-6.682069070788643,-6.693545082802064,0.45798,-0.04718,78.4569
672,122,0.6168,0.3832,CV,2.5689,2.537,-5.981037758590094,-5.986919973387446,-0.64346,-0.23688,57.2029
672,102,0.6181,0.3819,CV,3.9659,3.9644,-6.948865262218489,-6.955689977724323,0.28748,-0.03052,62.0513
672,114,0.607,0.393,CV,5.8747,5.8292,-7.629812338419453,-7.598614874095288,1.91955,-0.1524,31.9099
672,120,0.6145,0.3855,CV,0.9076,0.8931,-2.877439835601478,-2.882004630235613,0.25424,0.07944,6.9812
672,106,0.6166,0.3834,CV,1.4722,1.4664,-5.231178994093652,-5.238247313732365,-0.10053,0.04164,10.6591
673,112,0.6187,0.3813,CV,3.0853,3.1091,-6.725363187945519,-6.73616699778498,0.07194,0.04718,78.2978
673,122,0.6179,0.3821,CV,2.5644,2.5546,-7.287366075987036,-7.296109724598871,-0.41871,-0.15529,55.1847
673,102,0.6185,0.3815,CV,1.2574,1.264,-6.281870668729066,-6.291104721768086,0.14525,0.01892,62.6973
673,114,0.6159,0.3841,CV,0.7601,0.7225,-7.0893923394335525,-7.104067265279586,1.21574,-0.04676,30.507
673,120,0.6139,0.3861,CV,1.7826,1.7678,-5.6157093789470025,-5.610729516674266,0.29404,0.11199,6.947
674,112,0.6185,0.3815,CV,3.9346,3.9394,-6.90866268178633,-6.916939905168694,-0.22353,0.06772,77.7939
674,122,0.6178,0.3822,CV,2.5865,2.5646,-6.675804332779639,-6.682050472072289,-0.43872,-0.18599,53.9576
674,102,0.6186,0.3814,CV,2.9884,2.9931,-6.400649017045253,-6.409475920394394,0.03852,0.04253,61.8927
674,114,0.6193,0.3807,CV,2.9937,3.0041,-11.589464718803315,-11.605310039197438,0.7679,0.03624,28.3935
674,120,0.6101,0.3899,CV,2.7472,2.7324,-4.470848459441538,-4.450805855174471,0.40299,0.00898,6.8061
675,112,0.618,0.382,CV,3.8644,3.8541,-6.97866845321212,-6.984932471047935,-0.30022,0.1144,78.9009
675,122,0.6141,0.3859,CV,6.5001,6.4738,-9.503198041251563,-9.494269314420805,-0.70867,-0.34793,52.1212
675,102,0.6188,0.3812,CV,0.8437,0.85,-6.140133985997764,-6.14975090512015,0.01575,-0.02675,62.0912
675,114,0.6172,0.3828,CV,2.4865,2.4616,-5.168063863600169,-5.169790773473181,0.69719,0.05171,27.5002
675,120,0.6132,0.3868,CV,1.2906,1.2731,-2.951380778538177,-2.9498382248207107,0.33223,-0.06156,6.7013
675,106,0.5,0.5,CA,2.403,2.4079,-5.075598616971009,-5.087600913020467,-0.00735,-0.03204,11.4422
676,112,0.618,0.382,CV,2.0004,1.9812,-7.1690842099638,-7.176507145978053,-0.25826,0.15127,79.5889
676,122,0.6149,0.3851,CV,3.5658,3.529,-14.489255106034394,-14.488909692765077,-0.56356,-0.42242,50.1837
676,102,0.6187,0.3813,CV,1.8275,1.8249,-6.2044892309423725,-6.213592520491516,-0.06378,-0.01633,61.7318
676,114,0.6192,0.3808,CV,0.3944,0.4063,-4.49679954618719,-4.510192284931142,0.40265,0.00333,26.4024
676,120,0.6133,0.3867,CV,1.6054,1.5889,-3.566298079547446,-3.5608175724270197,0.33657,-0.00968,6.6102
676,106,0.5775,0.4225,CV,0.5441,0.5486,-3.6485512311542316,-3.6588040520917815,-0.0303,0.00052,11.0041
677,112,0.6178,0.3822,CV,3.0751,3.0584,-9.201183450689932,-9.207526919512969,-0.34283,0.09941,80.2358
677,122,0.6155,0.3845,CV,3.0909,3.0538,-15.014649730497602,-15.015773977571879,-0.53453,-0.41744,48.7472
677,102,0.6189,0.3811,CV,1.8093,1.818,-6.230099866461742,-6.239898659309578,0.01566,-0.01757,62.3481
677,114,0.6183,0.3817,CV,4.0791,4.0847,-5.679787617275689,-5.686498276768697,0.15323,0.26731,24.8061
677,120,0.6168,0.3832,CV,1.634,1.6375,-3.252689273368359,-3.2618049164649348,0.19808,0.01851,6.7006
677,106,0.6035,0.3965,CV,2.2122,2.2101,-4.098544205505172,-4.10423020077365,0.01276,0.0091,10.6778
677,97,0.5,0.5,CA,1.5319,1.5316,-6.687034882073945,-6.696762992573181,0.05712,-0.01754,8.1545
678,112,0.6173,0.3827,CV,4.2064,4.187,-12.251116857091034,-12.255795059488868,-0.47557,0.09041,80.7595
678,122,0.6151,0.3849,CV,4.3761,4.3497,-11.16363769366703,-11.162203231431782,-0.5017,-0.49992,48.0185
678,102,0.6188,0.3812,CV,0.6261,0.6259,-6.35427860049226,-6.363760286948484,0.04542,-0.02053,62.4206
678,114,0.6189,0.3811,CV,3.5526,3.5654,-6.900996812808736,-6.911454752897342,-0.19503,0.07388,24.0182
678,120,0.6146,0.3854,CV,2.0962,2.0857,-3.9476666678398797,-3.9421810113933877,0.26989,0.03369,6.6203
678,106,0.6149,0.3851,CV,0.8876,0.9,-3.3670754150191486,-3.382789270381173,0.02117,0.00737,10.752
678,125,0.7,0.3,CV,3.8351,3.8351,-11.540670990212327,-11.540670990212327,0.0,0.0,74.3168
679,112,0.6169,0.3831,CV,4.5503,4.5245,-15.890854530416041,-15.894219251055484,-0.57686,0.11691,81.2338
679,122,0.6131,0.3869,CV,9.5053,9.5004,-8.943574379303612,-8.934466188802466,-0.25248,-0.39871,49.9057
679,102,0.6187,0.3813,CV,1.8282,1.8272,-6.29422644639508,-6.303266501084939,0.06171,-0.0227,61.76
679,114,0.6159,0.3841,CV,3.8851,3.874,-11.434128915229525,-11.430942298385038,-0.42288,0.04751,23.3015
679,120,0.617,0.383,CV,1.4182,1.4203,-3.1436569474532803,-3.151686724544997,0.15041,-0.06068,6.6315
679,125,0.6471,0.3529,CV,5.3868,5.3868,-12.77076190201868,-12.78013852144646,0.32556,0.07127,101.8791
680,112,0.611,0.389,CV,21.4756,21.5058,-71.45858995738075,-71.43807298793119,1.11169,-0.01993,77.936
680,122,0.6111,0.3889,CV,8.2808,8.2431,-11.22928224147304,-11.21443550518293,-0.06857,-0.37698,52.3086
680,102,0.6188,0.3812,CV,0.8671,0.8742,-6.405556198007946,-6.415247217614988,0.02962,0.00269,62.0478
680,114,0.6143,0.3857,CV,4.1991,4.1847,-22.439269196778323,-22.43389668713541,-0.40721,-0.01579,23.3282
680,120,0.6161,0.3839,CV,2.9642,2.9659,-4.558955763492728,-4.559716691412161,0.09206,0.14087,6.7305
680,125,0.6347,0.3653,CV,7.6231,7.6506,-12.360656014978149,-12.395658750232046,5.16777,-1.43209,145.7196
680,97,0.5,0.5,CA,1.5076,1.5095,-4.184362689470525,-4.198641904392024,-0.05523,0.07911,8.2009
681,112,0.6163,0.3837,CV,2.9763,2.9809,-50.86578421738509,-50.876198502712626,0.54536,0.02487,76.7243
681,122,0.613,0.387,CV,5.8483,5.8186,-8.217229258090908,-8.213346691372474,-0.14388,-0.50739,52.7412
681,102,0.6179,0.3821,CV,5.3333,5.3334,-7.218338888942587,-7.223905546748391,0.15048,0.09826,64.0136
681,114,0.6159,0.3841,CV,4.0797,4.0806,-49.61514883299246,-49.61879551868884,-0.11302,-0.10858,23.5469
681,120,0.6131,0.3869,CV,4.4101,4.4128,-6.7548843880850455,-6.744096272659086,0.28152,-0.06435,6.4698
681,97,0.577,0.423,CV,1.2568,1.2553,-3.250764071206157,-3.259013100356461,-0.12417,0.03486,7.8896
681,111,0.5,0.5,CA,1.0938,1.0939,-5.616229838429337,-5.621502197158914,-0.01543,-0.00829,5.2176
681,106,0.5,0.5,CA,0.5732,0.572,-4.430086053461171,-4.446285813012484,0.01372,-0.02577,11.3329
681,125,0.629,0.371,CV,6.3629,6.1976,-11.683627513052716,-11.71276490141496,4.94624,-1.89212,173.7562
682,112,0.6182,0.3818,CV,7.8967,7.9233,-45.95391017638368,-45.96427967192194,-0.35747,0.06235,76.151
682,122,0.6103,0.3897,CV,10.8114,10.7761,-21.093202118898887,-21.075205203543035,-0.13197,-0.42602,56.8933
682,102,0.6185,0.3815,CV,5.6749,5.693,-6.904902593919776,-6.914316173058951,0.05054,-0.08801,62.2721
682,120,0.6147,0.3853,CV,1.1531,1.1389,-3.1346682008833984,-3.135016288379463,0.25398,-0.0449,6.4438
682,97,0.6046,0.3954,CV,0.6502,0.6468,-3.2194366957644163,-3.2304358881615403,-0.11001,-0.02336,7.8896
682,111,0.5765,0.4235,CV,0.9339,0.9348,-2.790408352539388,-2.7964436877606467,0.01117,0.01613,4.6712
682,106,0.5773,0.4227,CV,0.8872,0.8849,-3.6800241506531615,-3.6893620176257746,0.0454,-0.02248,10.5369
683,112,0.6124,0.3876,CV,11.1962,11.177,-36.54488731033434,-36.52836331983554,-1.15066,0.05324,75.4852
683,122,0.6109,0.3891,CV,8.0497,7.9979,-16.799640936606743,-16.788158765029404,-0.2111,-0.46474,61.2383
683,102,0.6184,0.3816,CV,3.8788,3.8843,-6.704766179784723,-6.712802170014647,-0.10075,-0.18071,63.1722
683,120,0.6172,0.3828,CV,1.0322,1.0331,-4.756963655193148,-4.765787208958187,0.14599,-0.06692,6.5384
683,106,0.6049,0.3951,CV,0.4617,0.4584,-4.528219424935543,-4.540081528976817,0.041,-0.05044,10.3394
683,97,0.6146,0.3854,CV,0.733,0.7352,-3.1989738327122015,-3.2115513637105986,-0.07642,-0.03107,7.7672
683,111,0.6035,0.3965,CV,1.0256,1.0243,-2.5964377876356872,-2.603625490382503,0.07904,0.04959,4.6305
684,112,0.6062,0.3938,CV,11.1114,11.05,-33.98599196015168,-33.951779830575894,-1.58829,0.03704,75.1653
684,122,0.612,0.388,CV,7.5163,7.4692,-18.134665722442584,-18.127060756539343,-0.0829,-0.52853,65.2926
684,102,0.6135,0.3865,CV,12.0539,12.0554,-9.872908181069551,-9.860652637475397,0.0438,-0.45055,59.0536
684,106,0.6145,0.3855,CV,0.9807,0.9795,-3.665632875893702,-3.677364043865697,0.02809,0.03371,10.0703
684,120,0.6115,0.3885,CV,3.5082,3.4995,-6.19138849806963,-6.172393807170385,0.32753,-0.09003,6.5731
684,111,0.6138,0.3862,CV,0.3798,0.3778,-2.2566683179371965,-2.267614182911599,0.07209,0.0095,4.6351
685,112,0.6068,0.3932,CV,7.8297,7.747,-32.938257988052904,-32.91564477193448,-1.55939,0.05128,75.4003
685,122,0.614,0.386,CV,11.1949,11.1962,-10.979740770541165,-10.978713752291828,0.04362,-0.78124,64.9059
685,102,0.6184,0.3816,CV,10.4958,10.5415,-8.669193605128669,-8.684488565676208,0.18299,0.07104,61.4457
685,111,0.6174,0.3826,CV,0.7736,0.7749,-3.084525324214812,-3.0952536914523265,0.04765,0.02785,4.7046
685,106,0.6177,0.3823,CV,1.3848,1.3871,-3.467133233621275,-3.478358256349495,-0.05204,0.10882,9.9513
686,112,0.6075,0.3925,CV,7.4767,7.3932,-32.2319050636274,-32.211336955316334,-1.52962,-0.04238,74.9894
686,122,0.614,0.386,CV,6.4216,6.3831,-11.872187401433763,-11.868659833068747,0.14321,-0.84881,66.8548
686,102,0.6186,0.3814,CV,4.3767,4.3848,-7.181867404216942,-7.1910291011591365,-0.20056,0.10156,61.8724
686,106,0.6179,0.3821,CV,1.856,1.8557,-3.746664048823729,-3.7539435074524636,-0.02072,0.08824,10.0274
687,112,0.6082,0.3918,CV,7.2494,7.1732,-28.698476897033174,-28.68001212331933,-1.48935,-0.10728,73.6257
687,122,0.613,0.387,CV,8.3204,8.2814,-9.971073347359788,-9.962974411286154,0.12058,-1.01212,68.1496
687,102,0.6181,0.3819,CV,3.1434,3.134,-6.4264217760967,-6.433327416143684,-0.0919,0.20813,62.2275
687,106,0.6188,0.3812,CV,0.5652,0.5697,-3.6989450729723368,-3.709830806183273,0.01972,0.02872,9.8644
687,111,0.5,0.5,CA,0.6992,0.6999,-2.927606603894127,-2.94113455936721,0.01213,0.03944,4.9384
688,112,0.6082,0.3918,CV,7.0857,7.0069,-26.227363702621645,-26.207709985848602,-1.49832,-0.14762,72.8735
688,122,0.6149,0.3851,CV,5.0522,5.0192,-15.677417084092664,-15.679060646655714,0.28046,-0.85542,71.6468
688,102,0.6151,0.3849,CV,12.136,12.1514,-10.22348097191854,-10.218210609583156,-0.36968,-0.30738,58.2118
688,106,0.6185,0.3815,CV,0.7879,0.7846,-3.551757539949842,-3.5599192819878986,-0.0033,0.0058,9.8196
688,125,0.5,0.5,CA,129.5956,129.5736,-47.66739423737718,-47.20011473910132,7.21268,1.5728,127.3228
688,111,0.5774,0.4226,CV,1.0362,1.0389,-2.733375530867657,-2.743102723629023,-0.02673,-0.03013,4.8451
689,112,0.6085,0.3915,CV,6.7657,6.6862,-24.082047745990614,-24.063836920907278,-1.49083,-0.08308,72.3905
689,122,0.6122,0.3878,CV,9.8381,9.7975,-15.16997053547873,-15.157049333612964,0.50526,-1.04219,72.2317
689,102,0.6015,0.3985,CV,11.9988,11.9617,-10.343319001035757,-10.285320171301993,-0.40818,-0.70339,53.5189
689,106,0.6184,0.3816,CV,2.2346,2.2394,-4.029549692753162,-4.037652841014362,-0.03318,-0.05706,9.4096
689,125,0.6031,0.3969,CV,9.1091,9.4196,-12.049430414480039,-12.165673524059606,3.72901,0.70561,116.345
689,114,0.5,0.5,CA,51.6846,51.6849,-32.08296951852324,-31.98334316444595,1.2323,-0.11047,27.7784
689,111,0.6046,0.3954,CV,0.7733,0.7749,-2.8892220313194104,-2.899916346723762,0.03179,0.02123,4.8743
690,112,0.6078,0.3922,CV,7.3632,7.2858,-20.870015883225307,-20.848296437771655,-1.52773,-0.10126,70.9692
690,122,0.6114,0.3886,CV,7.4274,7.3657,-17.926367398225363,-17.914399156958176,0.39032,-1.13916,72.5355
690,102,0.604,0.396,CV,4.666,4.5828,-6.189541976504159,-6.162140364627013,-0.44023,-0.65072,50.4231
690,106,0.6188,0.3812,CV,0.2404,0.2445,-3.09791530946181,-3.1080334100019518,-0.0275,-0.02608,9.2847
690,125,0.6234,0.3766,CV,16.253,16.425,-13.973170931907983,-14.025396149645456,-0.56813,-0.22042,108.227
690,114,0.5719,0.4281,CV,4.5942,4.5619,-8.681392512263706,-8.668680134811419,1.04327,-0.09477,24.5894
690,111,0.6137,0.3863,CV,1.5708,1.5735,-2.951424121363556,-2.959968435200098,-0.06404,-0.07294,4.803
691,112,0.6058,0.3942,CV,8.5566,8.4805,-21.538429625020278,-21.509490191908807,-1.64519,-0.18819,70.9679
691,122,0.613,0.387,CV,7.4428,7.4125,-22.896708431355542,-22.89254935314092,-0.21142,-1.05403,73.2421
691,102,0.6165,0.3835,CV,3.0696,3.1019,-5.543265235034036,-5.5649452759825735,-0.51775,-0.46634,48.4717
691,106,0.6185,0.3815,CV,1.737,1.7392,-3.7829150392281123,-3.7908731370163444,0.09094,-0.01331,9.3092
691,111,0.6169,0.3831,CV,0.8601,0.858,-2.3698051014485286,-2.3787352429341113,-0.00185,-0.10393,4.7605
691,125,0.6105,0.3895,CV,12.1738,12.1324,-10.168607744821959,-10.13610850759128,-1.07069,-0.19854,105.1658
691,114,0.5995,0.4005,CV,2.3593,2.3194,-13.805699898809923,-13.803082281580604,0.81458,-0.09968,24.1818
691,120,0.5,0.5,CA,16.8366,16.8381,-17.920062150251972,-17.865245559178927,-0.4828,-0.13105,7.564
692,112,0.6066,0.3934,CV,6.992,6.9046,-17.16462036544887,-17.141838932929915,-1.60693,-0.14776,69.8714
692,122,0.6129,0.3871,CV,13.0586,13.0629,-38.2722463772401,-38.26506886711957,-0.91446,-0.68105,77.7901
692,102,0.6207,0.3793,CV,6.2384,6.2832,-7.170831340665746,-7.1916381435421055,0.03832,-0.00507,47.161
692,106,0.6188,0.3812,CV,0.6055,0.6085,-3.417249511976304,-3.4271705328448854,0.03799,-0.03411,9.1497
692,125,0.607,0.393,CV,9.2938,9.2093,-9.026425365088262,-8.998338423032322,-1.43714,-0.44935,101.1153
692,114,0.6113,0.3887,CV,2.0741,2.0537,-13.650049033298455,-13.656230481763714,0.54187,-0.22644,23.9159
692,120,0.5678,0.4322,CV,4.9027,4.8926,-8.270732089619099,-8.241138362060848,-0.53479,0.13147,7.2128
692,111,0.6189,0.3811,CV,0.9322,0.9375,-2.5337248099454377,-2.5464077861971557,0.00955,0.01462,4.7268
693,112,0.6068,0.3932,CV,7.3478,7.2731,-16.3223917232211,-16.29938887319852,-1.57665,0.09542,68.0645
693,122,0.6109,0.3891,CV,9.4674,9.4108,-33.80222825223989,-33.78722661360877,-1.17344,-0.60688,78.8706
693,102,0.6205,0.3795,CV,1.8522,1.8589,-5.337458757514779,-5.351145635581334,0.14795,0.01774,44.1253
693,106,0.6187,0.3813,CV,0.9035,0.904,-3.4401151215822354,-3.449231904497892,0.01515,-0.00187,8.9065
693,125,0.6114,0.3886,CV,6.1993,6.1529,-7.947411981009949,-7.943077837343041,-1.34813,-0.37379,95.2724
693,114,0.6143,0.3857,CV,4.8295,4.831,-8.108082412848212,-8.109564123854682,0.53839,-0.17138,24.6667
693,120,0.5635,0.4365,CV,7.9062,7.8783,-14.368834175113324,-14.22399724257787,-0.98705,0.15418,7.281
693,111,0.6192,0.3808,CV,0.3993,0.3988,-2.2816331117195525,-2.292359838343983,0.03659,0.00433,4.685
694,112,0.6091,0.3909,CV,5.4415,5.3631,-14.894412463627049,-14.88067186603924,-1.44577,0.09821,67.5233
694,122,0.6113,0.3887,CV,23.0103,23.0585,-16.556082313645256,-16.54555458739403,0.83582,-0.94949,79.704
694,102,0.6201,0.3799,CV,0.406,0.4038,-5.166190885781972,-5.178587558131873,0.10381,-0.00619,41.5354
694,106,0.6183,0.3817,CV,1.3373,1.3353,-3.55590375554719,-3.5631443856282172,-0.05231,0.03364,8.6462
694,125,0.6132,0.3868,CV,7.0492,7.0227,-11.997876696477036,-11.994629814093686,-1.22658,-0.10495,89.3779
694,114,0.616,0.384,CV,2.5968,2.5798,-5.612005959388799,-5.6162359842126115,0.37225,-0.07212,25.1767
694,120,0.5642,0.4358,CV,5.3614,5.3094,-8.338664132697982,-8.203034457625407,-1.17791,0.09859,7.4563
694,111,0.6187,0.3813,CV,1.0751,1.0756,-2.448942731504505,-2.457579952083267,-0.02994,-0.02858,4.5574
695,112,0.6106,0.3894,CV,7.7893,7.7604,-12.7192922527114,-12.708546196863802,-1.11438,0.43724,64.096
695,122,0.6051,0.3949,CV,14.3428,14.2791,-14.820344955065565,-14.783010534026563,1.33121,-1.06941,82.954
695,102,0.6197,0.3803,CV,1.171,1.1677,-5.041916876539791,-5.053122685054481,0.10849,-0.06295,39.0403
695,106,0.6186,0.3814,CV,2.1166,2.1229,-3.8062711810087713,-3.815598184161085,0.00547,0.0289,8.7905
695,111,0.619,0.381,CV,0.8716,0.8747,-2.2952480654715313,-2.305783056865221,-0.03532,0.03146,4.5467
695,125,0.6141,0.3859,CV,4.2816,4.225,-10.95170551473128,-10.94961087568384,-1.07604,-0.10255,84.9347
695,114,0.6118,0.3882,CV,6.0459,6.0277,-10.014614464917372,-9.998753352957365,0.66805,-0.10642,24.8481
695,120,0.574,0.426,CV,3.8156,3.754,-5.599979209576768,-5.503414705838625,-1.19607,0.06577,7.7752
695,97,0.5,0.5,CA,1.2945,1.2945,-6.570902139630828,-6.574664017122488,0.00258,-0.00126,8.4717
696,112,0.6082,0.3918,CV,9.617,9.5846,-9.902696323726808,-9.879285246060206,-1.33459,0.52001,64.5242
696,122,0.601,0.399,CV,14.3545,14.2639,-10.272669701059348,-10.227323411106902,1.75096,-0.99314,85.4477
696,102,0.6135,0.3865,CV,9.9466,9.9517,-9.616268312733371,-9.601912938455328,0.06322,0.28593,39.4688
696,106,0.6188,0.3812,CV,0.4128,0.4132,-3.228786330196621,-3.238289208590459,-0.00863,-0.00714,8.735
696,111,0.6187,0.3813,CV,0.7022,0.7015,-2.3570821404317686,-2.3658444897117112,-0.0005,0.06161,4.5231
696,125,0.6125,0.3875,CV,7.0569,7.0132,-8.095345948294188,-8.08501970786998,-1.16931,-0.21342,83.0507
696,114,0.618,0.382,CV,1.9405,1.9742,-6.770702709273991,-6.787028840617268,0.27916,-0.0682,24.4417
696,120,0.5778,0.4222,CV,3.9538,3.8919,-5.731140460632618,-5.635531364557597,-1.22375,0.01359,8.1478
696,97,0.5761,0.4239,CV,1.7099,1.7105,-4.851033117768289,-4.85556434890043,0.04533,-0.00093,7.4441
697,112,0.6076,0.3924,CV,9.0009,8.9626,-9.277486763194643,-9.25529168628685,-1.08899,0.87441,61.1478
697,122,0.6132,0.3868,CV,7.645,7.6814,-7.806919276834775,-7.819166131761415,0.68219,-0.94543,86.3815
697,102,0.6116,0.3884,CV,5.9467,5.9111,-7.248857530791581,-7.23565433283637,-0.02314,0.24037,39.9725
697,106,0.6186,0.3814,CV,0.7118,0.7119,-3.213326122053253,-3.2220571342273563,0.04135,-0.0137,8.6388
697,125,0.617,0.383,CV,5.9323,5.9558,-11.974482727282565,-11.985411563550432,-0.49447,-0.04645,82.5687
697,114,0.6185,0.3815,CV,0.6958,0.6853,-6.962103279803294,-6.971335293403562,0.19946,-0.0556,24.2199
697,120,0.5664,0.4336,CV,5.9049,5.8428,-8.651150370504855,-8.503532878930844,-1.40019,0.06309,8.7781
697,97,0.604,0.396,CV,0.3977,0.3995,-3.7841499015305256,-3.7939876576895974,0.04443,-0.00041,7.4465
697,111,0.6187,0.3813,CV,0.2147,0.2117,-2.204660805900101,-2.213809597898347,0.00559,0.0484,4.4812
698,122,0.6156,0.3844,CV,10.2371,10.2498,-9.868508837331003,-9.87244488067886,-0.23657,-0.82949,89.1729
698,102,0.6136,0.3864,CV,3.0589,3.0178,-5.824939914618923,-5.822811096530907,-0.02269,0.18158,39.9404
698,106,0.6183,0.3817,CV,1.9686,1.9717,-3.798521106372861,-3.8059617806716295,-0.06608,0.01411,8.357
698,111,0.6187,0.3813,CV,0.7156,0.7164,-2.2984062697990337,-2.307431906306311,0.00399,0.02935,4.363
698,125,0.6134,0.3866,CV,9.0945,9.0594,-7.921774423691534,-7.910863238679385,-0.80724,-0.03926,82.7318
698,114,0.6186,0.3814,CV,1.2234,1.2174,-8.72400092670814,-8.732909190365167,0.14617,-0.07845,23.8656
698,120,0.5725,0.4275,CV,4.4287,4.3507,-6.887833639162199,-6.781651729087467,-1.41119,0.00744,9.2746
698,97,0.6139,0.3861,CV,0.6615,0.6602,-3.5897617314808103,-3.600300554457354,0.03044,2e-05,7.3959
698,112,0.6099,0.3901,CV,10.3089,10.3038,-9.71215287388075,-9.700469307138222,-1.08837,0.45091,62.3963
699,112,0.6031,0.3969,CV,21.0806,21.095,-18.983605425558842,-18.940288751096297,-0.72346,-1.18143,63.1975
699,102,0.6051,0.3949,CV,14.1542,14.1235,-11.323838611329604,-11.28325996557238,0.17315,0.45049,43.0843
699,106,0.6188,0.3812,CV,0.3747,0.3788,-3.0150467003030847,-3.025232160598645,-0.03937,0.01391,8.306
699,125,0.6123,0.3877,CV,9.9342,9.9098,-8.39355977173935,-8.383752901492372,-1.05508,-0.03573,79.4373
699,114,0.6163,0.3837,CV,4.4327,4.4269,-7.585093406759317,-7.584269468999025,0.32796,-0.20552,24.1421
699,120,0.5802,0.4198,CV,4.0073,3.9319,-6.423866614889597,-6.340364047134866,-1.34493,-0.0068,9.8752
699,97,0.6175,0.3825,CV,0.4427,0.4411,-3.3238203418330796,-3.3349733923149882,0.01649,0.03198,7.3467
699,111,0.6183,0.3817,CV,0.8262,0.8249,-2.2279235882114876,-2.2355078092304272,0.056,0.04134,4.2898
700,112,0.6006,0.3994,CV,25.3517,25.4077,-26.023200244863865,-25.979164002222436,-1.15108,0.93833,56.7451
700,102,0.6124,0.3876,CV,2.1682,2.1341,-6.123768209534446,-6.1262517239739465,0.19353,0.28411,44.1483
700,106,0.6188,0.3812,CV,1.1073,1.1095,-3.3776025654314807,-3.386992919604056,0.03347,-0.04614,8.2645
700,111,0.6182,0.3818,CV,1.6913,1.695,-3.322482070861011,-3.330215103238766,-0.06264,-0.0551,4.2399
700,125,0.6147,0.3853,CV,3.2132,3.1628,-6.511719320122745,-6.513390881502656,-0.84273,-0.08226,77.858
700,114,0.6175,0.3825,CV,1.8669,1.8627,-9.66958537305715,-9.677245469098185,0.28593,-0.05399,23.8769
700,120,0.5889,0.4111,CV,3.4514,3.3824,-5.059934854973052,-5.0009937724874,-1.2485,-0.03718,10.2277
700,97,0.6188,0.3812,CV,0.752,0.7555,-2.9647882501459706,-2.976196201786978,0.00655,-0.00144,7.401
700,122,0.5,0.5,CA,25.7911,25.7771,-18.603994860651163,-18.54913922311274,0.87295,-1.47571,89.5463
701,112,0.611,0.389,CV,2.6752,2.6341,-7.474226873237433,-7.477449653765028,-0.87205,0.73917,55.4113
701,102,0.6117,0.3883,CV,7.5376,7.5021,-8.332849508568605,-8.321722021555367,0.12967,0.26501,47.081
701,106,0.618,0.382,CV,1.5019,1.4996,-4.005405973429434,-4.011334552155112,0.09077,-0.07126,8.3057
701,111,0.6169,0.3831,CV,1.5529,1.5507,-3.072674592432823,-3.074721994250015,-0.01569,-0.14352,4.1939
701,125,0.6111,0.3889,CV,10.5273,10.4898,-8.577412836014648,-8.560355099511288,-1.12194,-0.10093,79.584
701,114,0.6187,0.3813,CV,1.1759,1.1898,-7.523550629685427,-7.534611039376251,0.09209,-0.03945,23.632
701,120,0.5948,0.4052,CV,3.1124,3.0481,-4.992252082696146,-4.945049575889186,-1.13299,-0.09189,10.642
701,97,0.6188,0.3812,CV,0.8833,0.8833,-3.233618787577096,-3.2431400383080207,-0.05472,0.01938,7.4017
701,122,0.5771,0.4229,CV,25.7869,25.8641,-30.03909226486439,-30.047510362227474,0.35218,-0.55738,98.1361
702,112,0.615,0.385,CV,9.1087,9.1322,-8.578529824016224,-8.58323731341849,-0.65322,0.06129,56.4961
702,102,0.6159,0.3841,CV,2.1908,2.2077,-6.423262936628144,-6.431000838549184,0.15333,0.19056,48.1857
702,106,0.6186,0.3814,CV,1.2661,1.2711,-3.3717389501114186,-3.3814207924308497,0.00127,0.01904,8.3051
702,125,0.6081,0.3919,CV,10.7472,10.6834,-10.744419792227326,-10.71989818381143,-1.36331,-0.17667,80.514
702,114,0.6187,0.3813,CV,1.4964,1.4983,-6.693750121319333,-6.702673658670185,0.02925,-0.05644,23.8517
702,120,0.6025,0.3975,CV,2.4832,2.4324,-5.842422283206337,-5.818567916742484,-0.94889,-0.11229,10.8561
702,97,0.6189,0.3811,CV,0.7361,0.7365,-2.982561410616945,-2.992172283015378,-0.05262,0.01739,7.2652
702,122,0.602,0.398,CV,16.4404,16.4772,-10.39045083236146,-10.39074089029046,-0.32451,-1.19989,94.9063
702,111,0.6183,0.3817,CV,1.4593,1.4647,-2.7852171807966495,-2.7954889976353603,-0.05432,-0.01432,4.2261
703,112,0.6122,0.3878,CV,7.2867,7.2485,-7.2497230904146255,-7.237056931751722,-0.61992,-0.191,57.3133
703,102,0.6083,0.3917,CV,19.946,19.969,-16.32082997727695,-16.290088993667332,-0.19991,-0.4706,42.6934
703,106,0.6176,0.3824,CV,1.7123,1.7095,-4.012869482426795,-4.017398274189152,-0.01771,-0.01515,8.497
703,125,0.6164,0.3836,CV,9.7306,9.7774,-14.955621561926126,-14.970541887718714,-0.52767,-0.04051,76.4423
703,114,0.6183,0.3817,CV,2.3585,2.3591,-5.057408493537312,-5.06480638659971,-0.08802,0.0495,24.1238
703,120,0.6076,0.3924,CV,2.1081,2.0659,-5.954424569751769,-5.940896209857038,-0.79041,0.00075,11.1512
703,97,0.6186,0.3814,CV,0.9681,0.9663,-2.9580472870138217,-2.966331844671391,-0.03686,0.01083,7.0776
703,122,0.6085,0.3915,CV,8.111,8.0636,-9.880080401041452,-9.870727782879515,-0.78105,-1.14453,92.8851
703,111,0.6176,0.3824,CV,1.1516,1.1498,-2.766957220648388,-2.7721279121674143,-0.02263,0.01694,4.3078
704,112,0.6133,0.3867,CV,4.7499,4.7038,-6.5581800296923465,-6.5542244631196835,-0.403,-0.22228,57.98
704,102,0.6031,0.3969,CV,7.4351,7.3797,-7.590055992906221,-7.548888876604714,-0.43284,-0.61146,41.3128
704,106,0.6177,0.3823,CV,0.8181,0.8126,-3.4038909642007655,-3.410397608683152,0.00487,-0.04058,8.6131
704,125,0.6171,0.3829,CV,2.7621,2.7322,-14.949650509434381,-14.955503315494026,-0.52912,-0.06031,75.6423
704,120,0.6059,0.3941,CV,3.4387,3.4044,-5.854788495204053,-5.826208848310808,-0.78267,0.05552,11.1183
704,97,0.6189,0.3811,CV,1.3004,1.3052,-3.279681020626182,-3.289869451037874,-0.02198,-0.02233,7.1598
704,122,0.6135,0.3865,CV,3.7234,3.6457,-9.49045576758806,-9.49281004209218,-0.6858,-0.98291,92.569
704,114,0.618,0.382,CV,2.0446,2.0414,-5.002672741701821,-5.0095550840143455,-0.1811,0.02912,24.0332
705,112,0.6149,0.3851,CV,3.2523,3.2091,-6.368076543860873,-6.36914628411205,-0.25414,-0.21711,58.7187
705,102,0.6133,0.3867,CV,1.0469,0.9697,-5.610848310494192,-5.620206838678064,-0.30505,-0.4021,41.1701
705,106,0.6184,0.3816,CV,0.6719,0.6785,-3.3406935451289317,-3.350003780524387,0.00786,-0.01064,8.5528
705,125,0.6127,0.3873,CV,11.4908,11.4861,-14.119569699009016,-14.105743162474788,0.02027,0.12041,70.6808
705,114,0.6184,0.3816,CV,2.8212,2.8302,-6.539510144973987,-6.54852648681435,0.05503,-0.063,24.1755
705,120,0.6103,0.3897,CV,1.6846,1.6455,-4.204096957079326,-4.196781241654906,-0.62824,0.05173,11.129
705,97,0.6186,0.3814,CV,0.9249,0.9247,-3.0710036131032754,-3.079506955618848,0.03968,-0.02388,7.1917
705,122,0.6164,0.3836,CV,6.1165,6.1114,-7.811137008471166,-7.818251526427591,-0.68274,-0.71361,94.563
705,111,0.5,0.5,CA,0.4547,0.4588,-3.0045765861126794,-3.0164646783648457,-0.00248,0.01462,4.5531
706,112,0.614,0.386,CV,6.098,6.0614,-8.046661078290342,-8.041576958688704,-0.37114,-0.22149,60.5617
706,102,0.6181,0.3819,CV,10.8562,10.9121,-10.55041383821187,-10.56505795717542,0.04036,0.23642,43.4785
706,106,0.618,0.382,CV,1.8379,1.8395,-3.694529426764179,-3.7013146508485253,-0.02029,-0.02508,8.3291
706,125,0.6114,0.3886,CV,8.0891,8.0666,-12.314609858698919,-12.30154922313838,-0.74084,0.26921,67.7227
706,114,0.6176,0.3824,CV,3.1074,3.105,-6.8109078293728205,-6.815854955549672,0.04763,0.00105,25.0471
706,120,0.6119,0.3881,CV,1.949,1.9186,-4.064335577874956,-4.05721715321918,-0.53377,0.03567,11.0275
706,97,0.6181,0.3819,CV,0.9988,0.9959,-3.235268578299743,-3.2420833525659187,0.0407,0.00657,7.2686
706,122,0.6179,0.3821,CV,3.7309,3.7184,-7.27687808786254,-7.286019819000977,-0.2996,-0.55255,95.777
706,111,0.577,0.423,CV,0.9342,0.935,-2.498147490687602,-2.506354917435404,0.00097,-0.01748,4.3229
707,112,0.6148,0.3852,CV,4.7819,4.748,-8.999313070716985,-8.998693231925241,-0.46356,-0.16233,62.0893
707,102,0.6178,0.3822,CV,3.1526,3.1322,-6.120727176826851,-6.1270148690383035,-0.07369,0.07003,44.192
707,106,0.6182,0.3818,CV,1.0256,1.023,-3.215632081414267,-3.223463381883388,-0.04933,0.03789,8.2584
707,125,0.6154,0.3846,CV,5.1686,5.1644,-7.363621237849053,-7.369564477144012,-0.85885,-0.09266,66.3049
707,114,0.6174,0.3826,CV,5.9832,5.9952,-8.131606607634328,-8.136837985992955,-0.01054,0.08704,23.778
707,120,0.6136,0.3864,CV,1.5626,1.534,-3.778594910804686,-3.7760985082966356,-0.46081,-0.01097,10.9463
707,97,0.6176,0.3824,CV,1.1477,1.1429,-3.8186215077153873,-3.823935237418395,0.0289,0.03346,7.4108
707,122,0.6189,0.3811,CV,3.1595,3.1727,-7.015041756031907,-7.0260796504208916,0.03372,-0.38688,94.8688
707,111,0.6044,0.3956,CV,0.4918,0.4899,-2.4578218815083814,-2.468131455994654,0.03719,-0.02098,4.3036
708,112,0.6156,0.3844,CV,11.0518,11.0681,-9.694415143435872,-9.696138818058479,-0.53913,0.11746,58.9329
708,102,0.619,0.381,CV,6.0735,6.0984,-7.077003478416051,-7.088718428463611,-0.24461,-0.07231,41.8463
708,106,0.6179,0.3821,CV,2.852,2.8578,-5.10707759403024,-5.113744528449164,-0.01356,0.0138,8.6533
708,125,0.6062,0.3938,CV,11.7795,11.746,-18.023471026323197,-17.98495809383075,-1.33469,-0.66923,65.1841
708,114,0.6173,0.3827,CV,6.3554,6.3687,-8.432112330477214,-8.437271699340695,0.14011,-0.03322,24.9913
708,120,0.6167,0.3833,CV,1.5753,1.5731,-4.30359437223397,-4.312015345312897,-0.32227,-0.07708,11.1011
708,97,0.6183,0.3817,CV,0.4887,0.4942,-3.1521974795001992,-3.1612946581548678,0.01726,0.02933,7.3818
708,122,0.6181,0.3819,CV,4.5588,4.5452,-8.44606328397003,-8.452307142611254,0.03609,-0.51134,93.3128
708,111,0.6125,0.3875,CV,2.2008,2.2039,-3.861894402987683,-3.8660419933822854,0.03338,-0.01492,4.5276
709,112,0.5789,0.4211,CV,26.7995,26.7693,-56.74611533320407,-56.59393533086762,-2.43018,-0.00333,57.6386
709,102,0.6176,0.3824,CV,3.3118,3.2962,-5.85667138249816,-5.860791717294778,-0.3705,-0.12421,40.7282
709,106,0.6182,0.3818,CV,0.389,0.3822,-3.5923148425158073,-3.6006620085496315,-0.00121,0.00559,8.7887
709,125,0.6137,0.3863,CV,7.4367,7.4518,-11.48678925877779,-11.492998964798483,-0.95586,0.12853,61.5567
709,114,0.6169,0.3831,CV,5.7555,5.7639,-6.62396514032203,-6.627518796675791,0.25654,-0.06422,24.0439
709,120,0.6172,0.3828,CV,2.7493,2.7513,-4.484017328411418,-4.489535042915444,-0.16675,-0.04112,10.6195
709,97,0.6184,0.3816,CV,0.7723,0.7745,-3.154282096167481,-3.1628687095342967,0.00853,-0.02963,7.3782
709,122,0.6177,0.3823,CV,3.6003,3.5754,-8.751345114157443,-8.757320274237095,0.08173,-0.51269,92.0094
709,111,0.6176,0.3824,CV,0.7187,0.7269,-2.634342696577697,-2.6479534204721036,-0.00578,-0.00897,4.4959
710,112,0.5834,0.4166,CV,11.0501,10.9313,-40.01034296185589,-39.93086963409428,-2.58046,-0.16201,59.3519
710,102,0.6183,0.3817,CV,1.7507,1.7369,-5.4610077798433405,-5.469851200542672,-0.22486,-0.17605,39.7924
710,106,0.6186,0.3814,CV,0.911,0.9154,-3.4068924190535443,-3.4162658390126537,0.02654,0.02744,8.6989
710,125,0.6068,0.3932,CV,9.4797,9.4498,-12.380061767342118,-12.34638853553864,-0.89402,-0.14163,55.8516
710,114,0.6177,0.3823,CV,4.6281,4.6391,-6.249167286013671,-6.2567233295555145,0.14167,-0.10804,24.9148
710,120,0.6176,0.3824,CV,1.0165,1.0048,-3.3284493896532346,-3.3352273755970345,-0.12892,0.01038,10.3305
710,97,0.6183,0.3817,CV,0.9924,0.9926,-3.6042479719949565,-3.61208295174593,-0.04593,-0.01059,7.5134
710,122,0.6173,0.3827,CV,4.1619,4.1335,-8.419314630745983,-8.423903611258186,0.12276,-0.53832,90.413
710,111,0.6185,0.3815,CV,0.9982,1.0001,-2.617748222801451,-2.6277309043681187,-0.01197,-0.00441,4.3728
711,112,0.596,0.404,CV,6.1527,6.0232,-40.71703992301988,-40.68270542124352,-2.23408,-0.05513,59.4159
711,102,0.6189,0.3811,CV,4.0737,4.0884,-5.9070878467614625,-5.917811434715531,-0.16358,0.06339,40.0873
711,106,0.6184,0.3816,CV,1.2087,1.2091,-3.7889565580889,-3.7970792591758054,0.05131,-0.0011,8.5826
711,125,0.5893,0.4107,CV,21.4584,21.4636,-22.278504373294815,-22.182436954103878,-1.91784,-0.19745,57.7057
711,114,0.6184,0.3816,CV,4.5904,4.6047,-6.039321958439288,-6.0488350855125095,-0.14276,0.06688,24.5011
711,120,0.619,0.381,CV,1.0798,1.0853,-3.901666009624746,-3.9136446362250177,-0.07143,-0.07322,10.2504
711,97,0.6183,0.3817,CV,1.4104,1.4122,-3.8227517804844346,-3.830800929588729,-0.04697,-0.00426,7.3948
711,122,0.6166,0.3834,CV,5.7686,5.7474,-12.245726310259574,-12.24821189925139,0.15298,-0.38336,87.1489
711,111,0.6187,0.3813,CV,1.2393,1.2422,-2.662357663040912,-2.671685849999731,-0.00928,-0.03008,4.4729
712,112,0.6084,0.3916,CV,2.5493,2.4507,-33.53276443752291,-33.53214553240137,-1.62764,-0.04578,59.8253
712,102,0.6187,0.3813,CV,1.2561,1.2468,-5.563356474529755,-5.5723141668070495,-0.12915,0.11089,39.7572
712,106,0.6174,0.3826,CV,1.9817,1.9793,-3.945110136409326,-3.9492539774952746,-0.01626,-0.00663,8.3357
712,125,0.5657,0.4343,CV,18.2142,18.0966,-16.60232354526027,-16.435116311688812,-2.69204,-0.30824,57.913
712,114,0.6178,0.3822,CV,2.5178,2.5118,-5.188884194137361,-5.194731836824038,-0.26521,0.02003,24.5411
712,120,0.6191,0.3809,CV,0.7809,0.7806,-3.7204551961959256,-3.7309215836213254,-0.02839,-0.00851,9.9984
712,97,0.6175,0.3825,CV,1.4932,1.4888,-3.311938378458553,-3.316600179810296,-0.0897,-0.00267,7.2483
712,122,0.6186,0.3814,CV,1.3716,1.3872,-8.812768240506188,-8.8243116915899,0.04564,-0.12921,85.8073
712,111,0.619,0.381,CV,1.1631,1.1665,-2.6167458400501102,-2.627000206490457,0.02217,0.00158,4.3671
713,112,0.6148,0.3852,CV,2.8404,2.815,-26.69401991777068,-26.70181458126269,-1.08892,-0.0244,60.7428
713,102,0.618,0.382,CV,2.5114,2.5018,-5.916922699420824,-5.923126176308848,-0.20443,0.0754,39.7175
713,106,0.6188,0.3812,CV,0.5932,0.5975,-3.1475584780366797,-3.1588235759750027,0.03495,-0.00504,8.3303
713,125,0.5684,0.4316,CV,12.7247,12.5849,-29.594627392022318,-29.472980487888563,-2.87504,-0.59668,56.4327
713,114,0.6185,0.3815,CV,1.0125,1.0125,-4.947271633246101,-4.956846227770596,-0.15766,0.05285,24.8447
713,120,0.6192,0.3808,CV,0.973,0.9771,-3.3733731510721583,-3.384006602596161,0.04176,-0.01919,9.8926
713,122,0.6192,0.3808,CV,3.2465,3.264,-7.472257653416219,-7.483545569317473,0.117,-0.10751,85.9501
713,111,0.6178,0.3822,CV,1.269,1.2668,-2.5239383643334836,-2.528735055031955,0.02175,-0.05122,4.2146
713,97,0.6188,0.3812,CV,1.4376,1.4446,-3.5619571085169106,-3.573199952845041,-0.01386,-0.05828,7.3966
714,112,0.616,0.384,CV,3.224,3.1812,-24.471156653829237,-24.474797354205045,-0.83754,-0.00782,61.5082
714,102,0.6175,0.3825,CV,3.5715,3.5662,-5.87290544425159,-5.878022269461019,-0.30568,0.1321,38.8785
714,125,0.5145,0.4855,CV,25.6603,25.5072,-41.65323721588063,-41.31017128890624,-4.43295,-0.76735,59.0056
714,114,0.6188,0.3812,CV,2.7558,2.7645,-5.241541422952588,-5.251383002812854,0.07851,0.03882,24.5692
714,120,0.619,0.381,CV,0.6695,0.6693,-3.7614840657666937,-3.7712070629807872,0.02569,0.01375,9.6574
714,97,0.6186,0.3814,CV,1.084,1.0839,-3.161660483638401,-3.170369337313796,0.06294,-0.0543,7.3815
714,122,0.6191,0.3809,CV,1.7852,1.7936,-7.249230305407128,-7.259461141525294,-0.01734,0.02621,85.0323
714,106,0.6164,0.3836,CV,2.4721,2.4684,-4.806997823879602,-4.806418856661741,-0.02775,0.09237,7.9901
715,112,0.6162,0.3838,CV,3.2782,3.2323,-24.082035607920666,-24.084343144475366,-0.75167,0.00266,61.6569
715,102,0.6182,0.3818,CV,1.807,1.8115,-5.555232388163256,-5.564179074209022,-0.11469,0.16455,38.7964
715,125,0.4464,0.5536,CA,31.423,31.1727,-32.286924719505684,-31.748436329061168,-6.83579,-0.87372,64.2257
715,114,0.6158,0.3842,CV,5.2794,5.2769,-6.590228315233794,-6.586941915252739,-0.06343,0.07693,23.273
715,120,0.6181,0.3819,CV,2.1224,2.1237,-8.24378613080978,-8.24995261739981,-0.09483,0.09752,9.58
715,97,0.619,0.381,CV,0.5506,0.5545,-3.253054772005624,-3.2634288207343896,0.007,-0.00956,7.3449
715,122,0.6187,0.3813,CV,3.7505,3.7515,-6.858380354704523,-6.866846549883216,0.00513,0.03633,82.2199
715,106,0.618,0.382,CV,0.5613,0.5521,-4.597381592709188,-4.606899764992795,0.00141,0.04814,7.7807
716,112,0.6161,0.3839,CV,3.4834,3.4423,-19.512749010543207,-19.514673852776426,-0.69721,0.03408,61.8987
716,102,0.6183,0.3817,CV,1.1496,1.1432,-5.471016675422448,-5.479285365623323,-0.11248,0.10565,38.9778
716,106,0.6191,0.3809,CV,2.3668,2.3765,-4.646013091243442,-4.658027262157798,0.03574,-0.00784,7.9189
716,125,0.357,0.643,CA,35.8007,35.4421,-62.63200501899801,-61.81758259712396,-11.29543,-1.2589,70.2171
716,114,0.6159,0.3841,CV,4.2821,4.2819,-9.838472994111275,-9.839898705905444,0.33224,0.08364,22.8628
716,120,0.6178,0.3822,CV,1.3508,1.3466,-5.044660706034512,-5.050635032736847,-0.11878,0.06165,9.614
716,97,0.6189,0.3811,CV,0.5362,0.5366,-3.1907016570195728,-3.2003129318530865,-0.00608,0.03064,7.3299
716,122,0.6176,0.3824,CV,4.9245,4.9109,-7.8821645571854,-7.8867027417846485,0.05755,0.01637,78.8035
717,112,0.6163,0.3837,CV,3.3419,3.3047,-17.130713811781824,-17.133412306437293,-0.6499,0.06056,62.0224
717,102,0.6163,0.3837,CV,5.8968,5.8893,-6.757010133662637,-6.756410726804345,-0.28626,0.06698,40.3745
717,125,0.3806,0.6194,CA,22.7449,22.2237,-47.089697869234485,-46.50276452956873,-15.31773,-1.93212,82.087
717,114,0.6179,0.3821,CV,2.2065,2.2096,-6.618394588907817,-6.628439472826867,0.25128,0.17427,22.9029
717,120,0.6181,0.3819,CV,0.4786,0.4723,-3.5465693951275794,-3.554415500716191,-0.07778,0.05952,9.5857
717,97,0.6188,0.3812,CV,0.7464,0.747,-3.187547794523562,-3.19658113474621,-0.0062,0.03056,7.4161
717,122,0.6187,0.3813,CV,4.5914,4.6084,-6.664867194000235,-6.67554801725237,-0.1957,0.20211,78.313
717,106,0.6191,0.3809,CV,1.2223,1.2254,-4.205229599111947,-4.215538549181807,-0.02359,0.06369,7.7288
718,112,0.6161,0.3839,CV,3.8517,3.8163,-14.21897655746631,-14.220577667080468,-0.65513,0.02777,62.391
718,102,0.6179,0.3821,CV,2.3396,2.3527,-5.844439019644161,-5.85383686462282,-0.20723,0.0648,39.9571
718,106,0.6189,0.3811,CV,1.0304,1.0325,-3.675850574631649,-3.685234480848162,0.02514,0.00094,7.6577
718,125,0.4062,0.5938,CA,18.2439,17.5811,-27.094681159498123,-26.582043780963943,-19.45417,-2.55961,97.9313
718,114,0.5958,0.4042,CV,15.1548,15.1467,-27.439224882083842,-27.35357022667408,1.0058,-0.09849,24.3428
718,120,0.6185,0.3815,CV,0.3747,0.3793,-3.60532172019575,-3.614405828156779,-0.03317,0.01589,9.539
718,122,0.6169,0.3831,CV,6.3929,6.3803,-7.0933222630016735,-7.0948430310253885,-0.32397,0.26075,74.5584
718,97,0.6185,0.3815,CV,1.4749,1.4765,-3.32288098415379,-3.330910267920034,-0.05622,0.02216,7.2481
719,112,0.6164,0.3836,CV,3.3294,3.2972,-13.700548860238783,-13.703968364379582,-0.60769,0.06626,62.3496
719,102,0.6173,0.3827,CV,3.0355,3.0236,-5.895532739065094,-5.899948957874842,-0.29454,0.07067,40.4324
719,106,0.6187,0.3813,CV,0.8424,0.8421,-3.236893518079164,-3.2455616866133776,-0.02459,0.03604,7.6006
719,125,0.447,0.553,CA,13.9298,13.2391,-17.836668084499973,-17.454696785321882,-22.2779,-2.73937,113.823
719,114,0.6158,0.3842,CV,5.1182,5.1737,-6.178104242509123,-6.208781674553025,0.3881,-0.15484,23.4408
719,120,0.6184,0.3816,CV,1.4945,1.4972,-3.6955069456976184,-3.7036878673870834,0.03802,-0.05071,9.39
719,97,0.6181,0.3819,CV,1.2832,1.2813,-4.383350427279089,-4.390350293753578,0.0087,0.01364,7.0555
719,122,0.6181,0.3819,CV,3.2271,3.2269,-6.851470401621807,-6.86080883719118,-0.06063,0.38393,72.6296
719,111,0.5,0.5,CA,152.5179,152.5181,-2062.2319056645397,-2048.6133255505097,-5.41807,0.08193,4.4473
720,112,0.616,0.384,CV,4.1855,4.1527,-10.896495612961965,-10.89774706456289,-0.6548,0.05786,62.6821
720,102,0.6166,0.3834,CV,4.9228,4.9159,-6.410010260440902,-6.412394148883237,-0.18553,0.30592,41.7036
720,106,0.6189,0.3811,CV,0.8446,0.8481,-3.6273831383962745,-3.637211669597482,0.02305,0.0035,7.4249
720,125,0.4872,0.5128,CA,9.204,8.395,-7.922653517181631,-7.644852593901765,-23.2808,-2.854,130.4786
720,114,0.618,0.382,CV,4.807,4.8242,-6.131064206537294,-6.141666604645954,-0.03245,0.00292,23.766
720,120,0.6185,0.3815,CV,0.6471,0.647,-3.418716165598092,-3.427589481214178,0.04685,0.00031,9.3108
720,122,0.6185,0.3815,CV,3.0078,3.0041,-7.363554002149886,-7.372589060909823,-0.22408,0.32257,71.3543
720,97,0.619,0.381,CV,1.2112,1.2177,-3.3262019235193874,-3.3375149978226295,0.02073,0.00728,7.1528
720,111,0.4889,0.5111,CA,2.588,2.3542,-4.186071070807886,-3.8393986892205683,-4.77989,0.00931,5.8302
721,112,0.57,0.43,CV,30.0021,29.969,-30.458213582507195,-30.268905323522436,-2.58854,0.39238,59.1113
721,102,0.6167,0.3833,CV,3.5371,3.5244,-6.573993570607453,-6.577794252128631,-0.13429,0.18011,43.497
721,106,0.6155,0.3845,CV,3.7978,3.7984,-8.100221889989223,-8.095579664603799,-0.02292,-0.05305,7.7956
721,125,0.5333,0.4667,CV,5.7645,4.8222,-16.893440159001187,-16.74271431792717,-21.71057,-2.43195,144.2395
721,114,0.6178,0.3822,CV,2.678,2.6757,-5.576918948331651,-5.58310503223995,-0.20239,-0.01712,23.9409
721,120,0.6186,0.3814,CV,0.6458,0.6459,-3.409038319548795,-3.418193865399644,0.01953,-0.04352,9.2693
721,97,0.619,0.381,CV,0.4842,0.4848,-2.8931172745797094,-2.9030888021210495,0.019,-0.02387,7.0935
721,122,0.6186,0.3814,CV,1.6324,1.6151,-8.409174172822716,-8.418206905310676,-0.24066,0.23486,69.2675
721,111,0.0,1.0,CA,158.609,158.8378,-7450.954590705454,-7152.196749059338,123.20187,-1.27524,8.1096
722,112,0.5839,0.4161,CV,7.5701,7.4319,-7.754550338317496,-7.6898309098436375,-2.36377,0.445,57.7018
722,102,0.6162,0.3838,CV,4.8315,4.8173,-6.549558986637828,-6.551021060950012,-0.00494,0.07636,45.9544
722,106,0.6153,0.3847,CV,1.7472,1.7347,-5.834447765827092,-5.833772919029281,-0.02831,-0.07526,8.0639
722,114,0.6181,0.3819,CV,0.8189,0.8076,-5.09102418088661,-5.098894750147346,-0.15293,0.00163,24.1227
722,120,0.6184,0.3816,CV,1.1292,1.1285,-4.668710888781726,-4.676738969768581,0.0568,-0.06658,9.3453
722,97,0.6187,0.3813,CV,1.1158,1.1163,-3.979214086981771,-3.9878904915089057,-0.0409,0.00401,6.9204
722,122,0.6168,0.3832,CV,6.5575,6.5512,-18.63821153189492,-18.63927798453815,-0.22198,0.16512,64.7196
722,111,0.0,1.0,CA,31.269,28.8067,-277.3874014008148,-227.69988572362766,149.65508,-1.43402,9.4797
722,125,0.0322,0.9678,CA,60.5681,59.7024,-58.64030203010523,-54.88616730983202,-63.00887,-5.93572,202.6594
723,112,0.6092,0.3908,CV,1.3436,1.4136,-5.656834978306604,-5.67731063578173,-1.38885,0.38441,57.4403
723,102,0.6167,0.3833,CV,3.3293,3.3183,-6.415384987671594,-6.419882399720066,-0.13795,0.14432,47.587
723,106,0.6151,0.3849,CV,2.001,1.9904,-5.80694025254804,-5.805764419088909,-0.02173,-0.02084,8.3709
723,125,0.2733,0.7267,CA,26.5357,25.1896,-14.196725000605738,-13.57768508629903,-80.53395,-6.70334,236.2348
723,114,0.6181,0.3819,CV,1.8458,1.8435,-4.945948966119982,-4.95358630944336,-0.17306,-0.06985,24.0302
723,120,0.6182,0.3818,CV,0.9947,0.9924,-5.052624379968389,-5.060243315086373,0.03832,-0.05185,9.4905
723,122,0.616,0.384,CV,3.9986,3.9667,-21.354736780942563,-21.355366949083916,-0.26703,0.25307,61.0881
723,97,0.6188,0.3812,CV,0.4186,0.4159,-6.757357771184335,-6.767011243365881,-0.03904,0.00819,6.8217
724,112,0.6189,0.3811,CV,2.5556,2.6267,-6.146726146517929,-6.170510000080579,-0.57481,0.25594,56.8214
724,102,0.6178,0.3822,CV,3.8609,3.8742,-6.658782224592837,-6.667068486475065,-0.18995,0.04632,47.6275
724,106,0.6171,0.3829,CV,0.79,0.7941,-4.521668245103948,-4.529367087729135,0.02585,-0.02269,8.4787
724,114,0.6169,0.3831,CV,3.28,3.2709,-7.636401165614723,-7.638819253074889,-0.29681,-0.08193,24.4674
724,120,0.6159,0.3841,CV,3.5897,3.5896,-6.63518518360589,-6.633014558303568,0.20906,-0.1094,9.1984
724,97,0.6188,0.3812,CV,1.2973,1.3004,-4.600104531798655,-4.60952524399481,0.03035,-0.04854,6.8459
724,122,0.6174,0.3826,CV,5.6083,5.6177,-11.473139625961874,-11.480765582705825,-0.49573,0.29529,59.8102
724,111,0.5,0.5,CA,45.4458,50.8234,-48.14675948430088,-50.08398174716979,-437.41678,4.44366,43.305
724,125,0.3057,0.6943,CA,25.8387,23.7459,-56.306117369840216,-55.50294077660454,-95.21261,-7.45187,334.7662
725,112,0.6203,0.3797,CV,4.0275,4.0563,-7.458132828607467,-7.473606099448694,-0.00161,0.11462,56.2357
725,102,0.6175,0.3825,CV,3.2431,3.2346,-6.427607188853731,-6.433081628185644,-0.26432,0.07014,49.5923
725,106,0.6179,0.3821,CV,1.6258,1.6311,-4.922727143966233,-4.931013450682061,-0.05922,-0.01712,8.4636
725,125,0.6944,0.3056,CV,44.5275,46.7632,-33.42955861301574,-34.22249729725968,-1.56328,1.4879,359.9925
725,114,0.6134,0.3866,CV,6.2432,6.2292,-21.465090212853013,-21.45463796628844,-0.48516,0.07879,25.5024
725,120,0.6156,0.3844,CV,1.9665,1.9573,-4.32309999635034,-4.3231221614017,0.22503,-0.02934,8.9545
725,122,0.616,0.384,CV,5.2251,5.2051,-10.216587320628335,-10.216365180327347,-0.53187,0.33133,58.816
725,111,0.0,1.0,CA,150.4084,139.9641,-318.58828269716986,-109.07815375717662,-3143.60515,31.69738,99.6738
725,97,0.6189,0.3811,CV,0.7234,0.7253,-3.179951371658343,-3.189811928426679,0.03865,0.00707,6.7315
726,112,0.6179,0.3821,CV,5.4455,5.4397,-7.3469292934227095,-7.350284957945883,0.30111,-0.00656,56.4049
726,102,0.6179,0.3821,CV,1.6045,1.5961,-6.228578320551622,-6.236001546824879,-0.16764,0.04401,51.9416
726,106,0.6169,0.3831,CV,2.7873,2.7883,-4.400525926634186,-4.403220410274007,-0.0371,0.01549,8.2071
726,125,0.5127,0.4873,CV,28.6925,28.995,-37.893094580289926,-37.3554634690897,42.97343,2.70964,335.1351
726,114,0.6113,0.3887,CV,7.1374,7.1249,-19.471683647194073,-19.45717054850919,-0.65863,0.02099,24.724
726,120,0.6132,0.3868,CV,3.0038,2.9959,-7.6357570357466305,-7.626394798145265,0.21715,0.16115,8.6307
726,97,0.6172,0.3828,CV,2.3392,2.3393,-4.11200679512902,-4.114532632892028,0.07891,0.01543,6.9236
726,122,0.6125,0.3875,CV,7.171,7.1363,-9.798967690711123,-9.785919513715935,-0.77867,0.45475,56.8944
726,111,0.0,1.0,CA,363.4398,426.3168,-9585.909002483279,-8582.117490150871,1128.01323,-11.93669,47.2153
727,112,0.6166,0.3834,CV,4.1998,4.1727,-8.711218613138406,-8.712515034326278,0.42868,-0.054,56.342
727,102,0.618,0.382,CV,1.9617,1.9527,-6.321374764944333,-6.32854587542607,-0.15195,0.12663,53.8476
727,106,0.6186,0.3814,CV,1.6715,1.6804,-3.891635958156675,-3.903162932076636,0.0357,-0.03918,8.4812
727,125,0.3369,0.6631,CA,23.2576,21.4026,-32.721044115889654,-31.72339093537495,64.62878,3.81829,349.1486
727,114,0.6038,0.3962,CV,7.7196,7.6846,-21.441434784770394,-21.398779340067918,-0.96253,0.11552,24.476
727,120,0.6135,0.3865,CV,2.2249,2.2138,-7.564044812917402,-7.559225652475108,0.31576,0.15201,8.5477
727,97,0.6175,0.3825,CV,1.4864,1.486,-3.3096579541942845,-3.316022459249743,0.11482,0.06118,6.8383
727,122,0.6082,0.3918,CV,9.0057,8.9611,-8.162269679596069,-8.136368376979433,-1.00158,0.38196,56.7635
728,112,0.6169,0.3831,CV,2.2703,2.2376,-9.165255741231253,-9.169996051481785,0.36792,-0.0457,56.2335
728,102,0.6165,0.3835,CV,6.4214,6.4088,-7.533561440265737,-7.534424727684371,-0.37438,0.16089,57.1102
728,106,0.6171,0.3829,CV,2.7546,2.7551,-4.349722121443865,-4.352265573615907,-0.01325,0.0462,8.2464
728,114,0.6082,0.3918,CV,3.4904,3.4437,-36.402922378758184,-36.389876438319426,-0.8208,0.12174,24.2656
728,120,0.6131,0.3869,CV,1.8588,1.839,-4.584219910055779,-4.577226715416751,0.32574,0.17067,8.3457
728,97,0.6185,0.3815,CV,0.547,0.5541,-2.851668692547581,-2.8618433525202684,0.03602,0.02645,6.7642
728,122,0.6084,0.3916,CV,7.0116,6.9567,-8.0243509002572,-8.005572640614576,-1.06777,0.39456,55.314
728,125,0.4865,0.5135,CA,10.5781,9.633,-38.34150875020704,-38.21561990162884,58.67992,3.05427,352.4842
729,112,0.6175,0.3825,CV,1.5471,1.5219,-9.160731730144779,-9.167201676638076,0.28084,-0.00488,56.3198
729,102,0.6164,0.3836,CV,4.4708,4.4486,-7.173509940758602,-7.176214022699591,-0.27237,0.27868,60.5207
729,106,0.6192,0.3808,CV,1.5862,1.5974,-3.5362175134571876,-3.5497689060161717,0.01288,-0.01235,8.4387
729,120,0.6085,0.3915,CV,3.0888,3.0702,-5.832927475291227,-5.807272560903507,0.45912,0.15296,8.1702
729,97,0.6186,0.3814,CV,0.8756,0.8775,-3.2533423606982392,-3.2623548877327586,0.00533,-0.04207,6.7459
729,122,0.6096,0.3904,CV,5.945,5.894,-11.196816339454806,-11.182822808819608,-1.06255,0.3096,53.4017
729,125,0.5607,0.4393,CV,76.8558,77.1594,-84.46119993149442,-84.42236879781115,26.7583,3.67331,439.7912
730,112,0.6174,0.3826,CV,2.22,2.1991,-9.233971762699923,-9.239613750279267,0.25543,0.00796,56.8881
730,102,0.6167,0.3833,CV,3.3578,3.3322,-6.856676226795868,-6.860636560803727,-0.17271,0.29472,63.831
730,106,0.6172,0.3828,CV,2.8858,2.8859,-4.64708256120105,-4.649149682989662,0.04082,-0.04647,8.9166
730,120,0.606,0.394,CV,2.8182,2.7926,-4.91441145904472,-4.885089498451447,0.51094,0.16193,8.0291
730,97,0.6187,0.3813,CV,0.3367,0.3348,-3.1157433613608427,-3.124828973507012,-0.00618,-0.04567,6.7337
730,122,0.6036,0.3964,CV,9.5783,9.5304,-11.057113521146213,-11.016147851374392,-1.33074,0.29209,50.4378
730,111,0.5,0.5,CA,397.5028,435.6125,-12.797610782235644,-12.325255456182639,-886.46058,9.56347,4556.2976
731,112,0.618,0.382,CV,0.9257,0.9209,-10.6587051688798,-10.66684880579729,0.19889,0.01176,56.9314
731,102,0.6172,0.3828,CV,2.7727,2.7546,-6.852398958230075,-6.857957257841876,-0.19284,0.30412,66.3792
731,106,0.6179,0.3821,CV,3.5811,3.5913,-6.7667293010354,-6.774854913463086,0.06278,-0.0158,8.437
731,120,0.6073,0.3927,CV,2.1677,2.1395,-4.726765543485745,-4.706772688953387,0.49123,0.13897,7.8992
731,97,0.6188,0.3812,CV,0.1304,0.1285,-2.78099611401714,-2.790417850776814,-0.01017,-0.03345,6.7219
731,122,0.6022,0.3978,CV,22.9236,22.9921,-49.17799353142062,-49.1400307032389,1.48074,0.17752,49.3025
731,111,0.7351,0.2649,CV,42.4561,68.01,-7.623974326354057,-8.342589541141741,364.5825,-3.91644,71.5739
731,114,0.5,0.5,CA,23.84,23.8677,-22.829887759557714,-22.71016616064657,1.41739,-0.03295,28.4933
732,112,0.6185,0.3815,CV,2.657,2.6694,-11.672939326848383,-11.682272388446018,0.00073,-0.01196,56.4224
732,102,0.6177,0.3823,CV,2.4828,2.484,-6.855779586362744,-6.863121584813181,-0.02813,0.15371,69.8977
732,106,0.6189,0.3811,CV,0.5778,0.5856,-3.558930179078863,-3.5701092700179196,0.018,-0.00465,8.454
732,120,0.6086,0.3914,CV,2.2223,2.1983,-4.455622136273634,-4.438921758888391,0.45968,0.11174,7.882
732,97,0.6184,0.3816,CV,1.0223,1.0213,-3.249972632654031,-3.2577847305300764,0.04102,-0.073,6.7104
732,122,0.5884,0.4116,CV,13.154,13.0866,-28.85304748923143,-28.7597201070259,2.00493,0.26629,49.9461
732,114,0.4862,0.5138,CA,24.3565,24.2811,-78.35174658410486,-77.99406629651428,2.89293,-0.24081,25.7097
732,111,0.8575,0.1425,CV,0.9613,6.2611,-4.176027022496373,-5.319176267067807,24.46678,-0.17511,41.2312
733,112,0.618,0.382,CV,4.4626,4.4647,-7.144596377606403,-7.1510930841360745,-0.1659,-0.01032,57.9945
733,102,0.6176,0.3824,CV,4.3005,4.2928,-7.0745070199112385,-7.080190292801898,-0.21502,0.2471,73.2195
733,106,0.6187,0.3813,CV,0.9699,0.968,-3.748687748923041,-3.757681924759758,0.03038,-0.05764,8.407
733,120,0.6112,0.3888,CV,1.754,1.7321,-3.878917170553828,-3.8711106131816235,0.40394,0.03442,7.8293
733,122,0.5975,0.4025,CV,5.8277,5.7186,-24.098238896900305,-24.063129359744785,1.74268,0.33657,49.4708
733,111,0.7502,0.2498,CV,0.9664,1.2247,-2.757302735056643,-3.0091158943699226,-2.52798,0.04013,21.246
733,114,0.5707,0.4293,CV,3.086,3.0699,-32.484368923031624,-32.48662967188733,2.13117,-0.20637,26.8631
733,97,0.618,0.382,CV,1.6406,1.641,-4.43303797910756,-4.439486725344039,-0.07081,-0.08581,6.6016
734,112,0.6177,0.3823,CV,3.1077,3.0954,-6.6893758319181575,-6.69530599776547,-0.27858,0.01939,59.1091
734,102,0.6181,0.3819,CV,1.0351,1.0409,-6.884602987769082,-6.892775016863908,-0.07495,0.14598,76.5856
734,106,0.6176,0.3824,CV,2.863,2.8663,-5.444209321056462,-5.448586444054023,-0.00452,-0.07376,8.7621
734,120,0.6122,0.3878,CV,1.8275,1.809,-3.9402138400552698,-3.933156949469813,0.37187,0.07604,7.6519
734,97,0.6185,0.3815,CV,1.9131,1.9189,-3.6115790291624736,-3.6208131822241274,-0.02175,0.04522,6.729
734,122,0.6089,0.3911,CV,3.9392,3.9019,-20.64600702558474,-20.64492232102468,1.13546,0.44071,49.3022
734,114,0.6086,0.3914,CV,2.4229,2.5234,-7.858568230664992,-7.8954049654641185,1.04429,-0.19024,27.4616
734,111,0.6929,0.3071,CV,1.5882,1.5813,-3.240954437733115,-3.3798504042663167,-1.62523,0.02086,15.3301
735,112,0.6171,0.3829,CV,4.934,4.9254,-6.93658470751365,-6.940588537170136,-0.44171,0.07159,58.7754
735,102,0.6181,0.3819,CV,2.1371,2.129,-6.988163730576284,-6.995582887292662,-0.14532,0.09406,80.5307
735,106,0.6185,0.3815,CV,1.7806,1.7867,-4.034240645812918,-4.04412558821212,-0.0881,-0.02979,8.6401
735,120,0.6115,0.3885,CV,2.0451,2.0254,-4.328611515651757,-4.316933859154889,0.37935,0.10329,7.5364
735,97,0.6184,0.3816,CV,0.5342,0.5306,-3.01016017915207,-3.018327686416484,-0.00698,0.03906,6.8074
735,122,0.6141,0.3859,CV,6.9038,6.9103,-9.65217733262931,-9.656374868891895,0.49475,0.20847,50.7964
735,111,0.6648,0.3352,CV,1.0163,1.0201,-2.603539659890971,-2.7019191271037855,-0.71638,-0.00212,11.6891
735,114,0.6156,0.3844,CV,8.5827,8.6286,-9.949635050914205,-9.96068236149012,-0.33591,0.07945,26.3684
736,112,0.6173,0.3827,CV,2.9598,2.9411,-7.285329520092082,-7.2908935550403555,-0.42046,0.0132,58.5837
736,102,0.618,0.382,CV,2.6776,2.6706,-8.084066983502344,-8.091325453876772,-0.04543,0.17788,84.8242
736,106,0.6188,0.3812,CV,0.9435,0.948,-3.3175641153316824,-3.32723398626242,-0.00164,0.01667,8.6509
736,120,0.6117,0.3883,CV,2.1917,2.1773,-4.468111464070434,-4.458419133236832,0.3392,0.14999,7.249
736,97,0.6186,0.3814,CV,1.3936,1.3976,-3.7849283060389336,-3.794156055029628,-0.00378,0.00294,6.6232
736,122,0.6131,0.3869,CV,7.4231,7.3954,-9.088672612151422,-9.08076239625038,0.1701,0.16922,53.1446
736,114,0.6066,0.3934,CV,7.2284,7.2136,-10.524932366155738,-10.487506135041912,-1.08638,0.01848,26.4626
736,111,0.6463,0.3537,CV,2.0448,2.0495,-3.9783576353499024,-4.037501446591638,0.17991,0.0015,10.0685
737,112,0.6179,0.3821,CV,1.8019,1.7855,-7.762423908519365,-7.770339071558361,-0.30648,-0.00184,58.4939
737,102,0.6182,0.3818,CV,2.1653,2.1653,-9.356183016073398,-9.364230323347243,0.00578,0.20217,87.8218
737,106,0.6185,0.3815,CV,1.5217,1.5231,-3.822126632163992,-3.830195787317226,0.01877,-0.00043,8.4715
737,120,0.61,0.39,CV,3.999,3.9948,-7.6957520846735346,-7.678394228620423,0.32902,0.17245,7.5408
737,97,0.6173,0.3827,CV,2.7226,2.7252,-5.771041229752788,-5.77421151834543,-0.05257,0.02177,6.9129
737,122,0.5958,0.4042,CV,24.5273,24.5234,-36.686146398052166,-36.607657838369434,1.63896,0.14156,52.4276
737,111,0.6365,0.3635,CV,0.8162,0.8182,-2.8095002422955995,-2.8536920298305617,0.15985,-0.00882,8.4992
737,114,0.5883,0.4117,CV,8.843,8.7822,-14.419217963063923,-14.31927769458084,-1.64218,-0.03338,26.5757
738,112,0.6185,0.3815,CV,0.8662,0.8533,-7.386629078374134,-7.396043142467708,-0.19772,-0.03057,58.583
738,102,0.6181,0.3819,CV,3.0078,3.001,-8.446973677271295,-8.454298782186115,-0.12483,0.22607,92.0086
738,106,0.6185,0.3815,CV,0.7843,0.7806,-3.390622436745645,-3.3990718557505586,0.04548,0.02823,8.3774
738,120,0.6129,0.3871,CV,1.4863,1.4672,-3.39034432274996,-3.3878818650631155,0.26303,0.1863,7.5252
738,97,0.6183,0.3817,CV,0.5993,0.6036,-3.100203614755194,-3.109685715519404,-0.05173,0.02193,6.9249
738,122,0.6034,0.3966,CV,6.788,6.717,-11.947084541527161,-11.925491980202704,1.38325,0.38449,52.6345
738,111,0.63,0.37,CV,0.313,0.3146,-2.398318008277268,-2.4293683522630087,0.05691,-0.00756,7.4519
738,114,0.5798,0.4202,CV,8.2784,8.1902,-10.835488560237778,-10.727475184034386,-1.87843,0.13207,26.9019
739,112,0.6186,0.3814,CV,1.4619,1.4488,-9.308440327636532,-9.317449545516375,-0.17332,-0.05363,58.393
739,102,0.6183,0.3817,CV,1.1126,1.1127,-9.527271352735193,-9.53576854835213,-0.03924,0.17263,95.6078
739,106,0.6187,0.3813,CV,0.5871,0.5837,-3.2863864146092463,-3.2957324204588763,0.03675,0.05789,8.3318
739,120,0.6154,0.3846,CV,1.4416,1.4353,-3.452418417193898,-3.4561115103028515,0.21834,0.05966,7.5422
739,122,0.6152,0.3848,CV,5.2822,5.3294,-7.2218511415692195,-7.238743831869637,0.53082,0.3453,54.3082
739,111,0.6232,0.3768,CV,2.4153,2.4152,-4.641585967070098,-4.652918995808864,0.26248,0.08278,6.8959
739,114,0.6059,0.3941,CV,2.8911,2.9019,-20.658983371360335,-20.67123735652631,-1.15279,-0.05579,27.4279
739,97,0.6185,0.3815,CV,0.9799,0.9822,-3.1308420150148963,-3.1396972958967018,-0.03673,0.01666,6.7978
740,112,0.6185,0.3815,CV,2.1308,2.1172,-10.214383386813031,-10.222599175369789,-0.22672,-0.06793,57.9849
740,102,0.6184,0.3816,CV,1.9024,1.8992,-9.221517540501525,-9.229903079794653,-0.09266,0.13712,98.5737
740,106,0.619,0.381,CV,0.666,0.6694,-3.098230007586854,-3.1088701960867184,-0.00583,-0.00711,8.2808
740,120,0.616,0.384,CV,1.6466,1.64,-3.5327894935467996,-3.5353586890469657,0.1727,-0.03408,7.6734
740,97,0.6184,0.3816,CV,1.4231,1.4258,-4.654886365162472,-4.663146827789745,0.02854,-0.01397,6.9656
740,122,0.615,0.385,CV,7.4978,7.4867,-7.668372516178868,-7.667017296086849,0.12744,0.48437,57.0956
740,114,0.6084,0.3916,CV,3.6303,3.574,-7.602756200785922,-7.587387065140764,-1.04349,-0.05286,27.1763
740,111,0.6219,0.3781,CV,0.6309,0.6335,-2.5630959766134778,-2.5792149141280745,0.07981,0.06459,6.4278
741,112,0.6181,0.3819,CV,2.7722,2.7557,-12.285956191166205,-12.292909296167839,-0.27883,-0.0756,57.1647
741,102,0.6183,0.3817,CV,3.4204,3.4143,-8.791362089732678,-8.799160203482636,-0.25054,0.06454,101.399
741,106,0.6186,0.3814,CV,1.6201,1.6226,-3.7206762983647836,-3.72885368275446,0.01197,0.0364,8.4369
741,120,0.6167,0.3833,CV,1.7594,1.7574,-3.557290734939955,-3.5620585664106255,0.18558,-0.04797,7.525
741,97,0.6185,0.3815,CV,0.6208,0.6199,-3.376789096298683,-3.385295755306365,-0.01378,-0.01603,7.087
741,122,0.6163,0.3837,CV,2.6882,2.6542,-12.959861542270154,-12.964124322938922,0.18557,0.3691,58.827
741,111,0.621,0.379,CV,1.4292,1.4347,-3.3205627812628284,-3.3345925274456176,-0.05171,-0.02009,5.9517
741,114,0.6094,0.3906,CV,5.6946,5.6677,-7.7822408656571005,-7.767334218986049,-0.83469,-0.16326,28.2874
742,112,0.6182,0.3818,CV,2.1405,2.122,-10.220686046006904,-10.228438471853167,-0.30929,-0.10671,56.6528
742,102,0.6184,0.3816,CV,3.3309,3.3262,-9.616932923389818,-9.625222515640466,-0.09014,0.02699,103.2918
742,106,0.6174,0.3826,CV,1.9335,1.93,-3.8498500402070714,-3.853487110022787,-0.06039,0.08361,8.6217
742,120,0.618,0.382,CV,0.4334,0.4329,-3.005653006509776,-3.0146053173332494,0.11624,-0.01216,7.558
742,97,0.6187,0.3813,CV,0.7192,0.7222,-3.379578188565057,-3.388936932612596,-0.01877,-0.01079,7.0383
742,122,0.6155,0.3845,CV,5.6177,5.5904,-14.005608746574136,-14.004829810333634,0.3654,0.35216,61.1037
742,114,0.6173,0.3827,CV,2.7813,2.8206,-12.243292703028567,-12.26014382211678,-0.3094,-0.04317,28.7427
742,111,0.62,0.38,CV,0.5761,0.5776,-2.677018877963465,-2.688364380379471,-0.01352,0.00854,5.7068
743,112,0.6184,0.3816,CV,1.9147,1.9005,-9.42703658126502,-9.435507537835662,-0.31922,-0.01762,56.2483
743,102,0.6185,0.3815,CV,2.0113,2.0034,-8.797455752895777,-8.806447367949119,0.04264,-0.01917,105.7736
743,120,0.6174,0.3826,CV,1.6611,1.6584,-3.7618897304115677,-3.7666639134968265,0.09008,-0.02613,7.8081
743,97,0.6184,0.3816,CV,1.0482,1.0475,-3.3074230590816724,-3.315436638040884,-0.01378,-0.0051,6.9341
743,122,0.6149,0.3851,CV,7.5389,7.5218,-17.706465059906517,-17.704418488130656,0.61992,0.38544,61.6383
743,114,0.6183,0.3817,CV,1.3717,1.3813,-7.116587236250842,-7.126244307162218,-0.09564,-0.04255,28.9643
744,112,0.6178,0.3822,CV,4.6059,4.6024,-6.641207246796567,-6.646851799236231,-0.35952,-0.06622,57.2077
744,102,0.6188,0.3812,CV,0.7971,0.7962,-8.451931812705713,-8.461547318764481,0.05916,-0.05376,108.9043
744,120,0.618,0.382,CV,1.2904,1.2921,-3.445102871170354,-3.4533574620679337,0.09992,-0.04702,7.7296
744,97,0.6178,0.3822,CV,1.3292,1.3254,-3.287636544486248,-3.293423520397532,-0.00769,-0.05842,6.808
744,122,0.6134,0.3866,CV,7.3112,7.272,-11.887528016417537,-11.879721299158529,0.79924,0.44523,63.034
744,114,0.6188,0.3812,CV,2.2962,2.3068,-12.975500001805624,-12.985472160182075,-8e-05,-0.03841,28.6553
744,106,0.5,0.5,CA,1.8227,1.8181,-4.789091244203363,-4.796138656258466,-0.02168,0.00426,9.6937
745,112,0.6175,0.3825,CV,2.8776,2.8569,-6.256589244305497,-6.261982764651821,-0.33523,-0.0254,57.9149
745,102,0.6186,0.3814,CV,3.3031,3.2951,-9.593167029569628,-9.601640480707974,-0.02701,-0.0496,110.1078
745,120,0.6178,0.3822,CV,1.2121,1.2095,-3.367602400043248,-3.373933114625726,0.08736,-0.03674,7.8961
745,97,0.6182,0.3818,CV,2.7277,2.7353,-5.240857151337309,-5.249269839449472,-0.00302,0.00573,7.1226
745,122,0.6142,0.3858,CV,5.7414,5.7057,-14.075296121784767,-14.073124095431965,0.77548,0.37306,63.2859
745,114,0.6184,0.3816,CV,2.5662,2.5658,-13.036217162436046,-13.0437966131529,-0.09669,0.03698,28.3233
745,106,0.5774,0.4226,CV,1.3581,1.3655,-3.852286403575332,-3.8619387772930773,-0.01417,0.04393,9.2606
746,112,0.6178,0.3822,CV,1.6089,1.5884,-6.317736044838643,-6.3247221601280215,-0.28432,0.02222,58.0939
746,102,0.6186,0.3814,CV,2.4063,2.3986,-8.708999928050787,-8.717979123122868,0.12848,-0.06364,111.8039
746,120,0.6175,0.3825,CV,1.3059,1.3011,-3.7124500729567607,-3.7178238097325536,0.08533,-0.0949,8.0377
746,97,0.6185,0.3815,CV,1.1166,1.1187,-3.4790515097397243,-3.48816820224457,-0.0,0.07168,7.1232
746,122,0.6088,0.3912,CV,11.7419,11.6999,-10.636646048365638,-10.610826963636747,1.28093,0.39388,65.4929
746,114,0.6187,0.3813,CV,0.6267,0.6296,-6.360998451204498,-6.370831797322098,-0.06601,0.05334,28.5953
746,106,0.6042,0.3958,CV,1.3477,1.3486,-3.60161070716947,-3.61031978078422,0.02293,0.04014,9.1761
747,112,0.618,0.382,CV,3.3997,3.4016,-6.361678676526709,-6.369372547464909,-0.27731,-0.01449,57.0485
747,102,0.6187,0.3813,CV,2.4118,2.4042,-7.7508968353433065,-7.759994684921087,-0.02382,-0.02343,113.0617
747,120,0.6177,0.3823,CV,1.3389,1.3375,-3.668578001009043,-3.67532857951418,0.03582,-0.12779,8.0039
747,97,0.6187,0.3813,CV,0.9541,0.9562,-3.236490202974709,-3.2456848025581917,0.00178,0.03949,6.9783
747,122,0.6064,0.3936,CV,10.8501,10.7835,-8.612755171142847,-8.584821480628793,1.47305,0.26808,69.0086
747,114,0.6184,0.3816,CV,3.2437,3.2484,-8.559881091505435,-8.56770064469872,0.05663,0.01959,29.5713
747,106,0.6133,0.3867,CV,1.4652,1.4621,-3.741920482389669,-3.7497368427203854,-0.04122,-0.00876,9.1214
747,111,0.5,0.5,CA,1.2258,1.2258,-4.549290947518636,-4.558917951774576,-0.04142,-0.01861,5.6328
748,112,0.6182,0.3818,CV,1.9009,1.8942,-6.479441799861139,-6.487507403166269,-0.23918,0.09426,57.2086
748,102,0.6188,0.3812,CV,1.5395,1.5336,-8.670664494479054,-8.680166649569136,0.08219,-0.03598,114.6037
748,120,0.6175,0.3825,CV,1.5746,1.5719,-3.501495791279372,-3.506970484425713,0.09935,-0.09416,7.9123
748,97,0.6187,0.3813,CV,0.8796,0.8807,-2.989840124660882,-2.998842225950869,0.05607,0.02185,7.0322
748,122,0.6037,0.3963,CV,11.7859,11.7072,-9.572871850174025,-9.536927023264887,1.68534,0.39276,70.0957
748,114,0.6185,0.3815,CV,1.8945,1.8988,-6.667964720042809,-6.676772505673865,-0.07985,0.04525,29.7996
748,106,0.6172,0.3828,CV,0.5252,0.5164,-3.2086131494326064,-3.2192689001618695,-0.04142,-0.01953,9.1232
748,111,0.5766,0.4234,CV,1.1119,1.1126,-2.936195665161447,-2.9427435488576617,0.01672,-0.01842,5.089
749,112,0.618,0.382,CV,2.8299,2.8175,-6.694758697803891,-6.701461899206361,-0.33491,0.04677,57.1642
749,102,0.6189,0.3811,CV,1.3801,1.3823,-8.613140831142843,-8.622822729047707,-0.04034,-0.05506,116.2967
749,120,0.6184,0.3816,CV,0.5904,0.5909,-3.343866085582411,-3.3535625023064437,0.06021,-0.02478,7.902
749,97,0.6186,0.3814,CV,0.4665,0.4637,-2.9313721547220593,-2.940287689414229,0.05214,0.03805,7.0727
749,122,0.6068,0.3932,CV,7.3361,7.2455,-8.19080657343196,-8.171858526378424,1.52377,0.48539,71.5243
749,114,0.6184,0.3816,CV,1.8449,1.8466,-5.769455039049629,-5.777515726797167,0.05393,0.04564,30.2581
749,106,0.6187,0.3813,CV,2.0808,2.0883,-4.460811340445575,-4.472032556560681,-0.02696,-0.01795,9.4435
749,111,0.6044,0.3956,CV,0.4718,0.4746,-2.4475917133422787,-2.458498038496646,0.02478,-0.0153,5.0756
750,112,0.6182,0.3818,CV,1.5916,1.5754,-7.0809518728432295,-7.088918815040721,-0.30503,0.02986,57.3733
750,102,0.6188,0.3812,CV,1.919,1.9234,-7.821024633608319,-7.83044542080211,0.08961,-0.06843,118.3524
750,120,0.6188,0.3812,CV,0.6834,0.6836,-3.0980772111163786,-3.10784374709119,0.00218,-0.05123,7.9127
750,97,0.6185,0.3815,CV,0.8871,0.8863,-3.014737183865321,-3.0232411057738298,0.03569,0.05659,6.9798
750,122,0.6108,0.3892,CV,6.3446,6.2896,-10.670587662006415,-10.663972628928427,1.19404,0.52427,71.4184
750,114,0.6175,0.3825,CV,4.925,4.9287,-6.261252217680243,-6.2657933155547925,-0.2701,0.07055,30.3395
750,106,0.619,0.381,CV,0.8043,0.806,-3.509802477865096,-3.5203272673316675,0.01308,0.04021,9.4943
750,111,0.6135,0.3865,CV,1.2749,1.2754,-2.8437901707754603,-2.8521531463903576,0.01713,0.08721,4.9905
751,112,0.6181,0.3819,CV,2.8621,2.8524,-6.460697329808063,-6.467918656047283,-0.308,-0.0296,56.6441
751,102,0.6186,0.3814,CV,3.1171,3.1204,-7.743182457529108,-7.7518830493686,-0.05349,-0.07462,121.4618
751,120,0.6182,0.3818,CV,1.8513,1.8521,-3.745681584701198,-3.7524729735601037,-0.05834,0.08086,7.8073
751,97,0.6186,0.3814,CV,1.4822,1.4858,-3.5634226239602302,-3.572199415944885,-0.03113,0.01588,7.1272
751,122,0.6104,0.3896,CV,7.1816,7.1134,-10.119022395105976,-10.104965119799655,1.26122,0.59321,72.8642
751,114,0.6184,0.3816,CV,1.2191,1.2312,-5.274718795318431,-5.284371086064062,-0.08929,0.06843,30.7896
751,106,0.6179,0.3821,CV,2.6918,2.6947,-4.353769402743604,-4.359005567470661,0.07577,-0.04625,9.1154
751,111,0.6172,0.3828,CV,0.8391,0.8393,-3.3477352004376315,-3.3582188371707247,-0.05539,0.04562,4.918
752,112,0.6182,0.3818,CV,1.7168,1.6985,-6.814174559389207,-6.822109268062591,-0.29759,-0.02653,56.2422
752,102,0.6183,0.3817,CV,3.5132,3.5048,-7.469061861879709,-7.47655799375764,-0.17827,-0.17016,124.3953
752,120,0.6188,0.3812,CV,1.3414,1.3456,-3.26464239242205,-3.274978410694717,0.03688,-0.02416,7.7432
752,97,0.6186,0.3814,CV,1.4792,1.4825,-5.733123782886744,-5.742074044658527,0.01266,-0.05143,7.0152
752,122,0.6084,0.3916,CV,8.8925,8.8215,-12.051742762898193,-12.02956415467252,1.50102,0.41757,73.8833
752,114,0.6172,0.3828,CV,5.0595,5.0592,-8.629771874823101,-8.632784000863582,-0.09209,-0.03737,32.6013
752,106,0.6187,0.3813,CV,1.0658,1.0691,-3.8450718433009716,-3.85537032860465,0.06476,-0.07905,9.1674
753,112,0.618,0.382,CV,2.8307,2.8172,-7.048167811316146,-7.054981387022631,-0.3638,-0.09282,56.3255
753,102,0.6179,0.3821,CV,4.3236,4.3087,-7.579805331450187,-7.586122796552249,-0.34633,-0.18445,127.25
753,120,0.6185,0.3815,CV,1.0192,1.0156,-3.1109258723224924,-3.118924985309725,0.0057,-0.06053,7.5939
753,122,0.6114,0.3886,CV,5.1815,5.1037,-7.252025172069816,-7.245360117708003,1.29347,0.38611,75.5624
753,114,0.6165,0.3835,CV,5.5816,5.5798,-7.690786073419295,-7.692797771357586,0.22801,0.01103,34.0701
753,106,0.6188,0.3812,CV,0.6699,0.6674,-3.511721442143085,-3.5213358162854207,0.0714,-0.03619,9.0882
753,97,0.6188,0.3812,CV,0.6209,0.6241,-3.0364948737461694,-3.046254413525092,0.01641,0.00198,7.0418
754,112,0.6183,0.3817,CV,1.1543,1.1362,-7.196478935935792,-7.205157839983848,-0.28338,-0.09801,56.2696
754,102,0.6181,0.3819,CV,1.0692,1.0459,-7.957129704429197,-7.965062950219923,-0.26538,-0.12874,129.8796
754,120,0.6183,0.3817,CV,1.3818,1.3813,-3.6073027037496916,-3.6149575035166697,0.0366,-0.1263,7.5912
754,97,0.618,0.382,CV,1.625,1.6248,-3.4541497821976574,-3.460201612517574,0.01106,0.01141,7.2743
754,122,0.6142,0.3858,CV,4.3975,4.3478,-7.601730688488985,-7.602749295498419,1.01203,0.24571,78.0098
754,114,0.6166,0.3834,CV,2.5725,2.5549,-6.67908984995946,-6.682811152176008,0.21559,0.08485,35.3012
755,112,0.6188,0.3812,CV,1.8843,1.89,-6.196479934842598,-6.206353759495043,-0.09565,-0.11388,55.5447
755,102,0.6181,0.3819,CV,3.09,3.0799,-7.871207308772289,-7.878754512699596,-0.30168,-0.16575,131.5957
755,120,0.6177,0.3823,CV,1.3636,1.3585,-3.255808535455528,-3.261148290158952,0.1049,-0.12117,7.4637
755,97,0.618,0.382,CV,0.6395,0.6348,-3.1659494868964058,-3.173218601133795,0.00539,-0.01384,7.4043
755,122,0.6162,0.3838,CV,4.5643,4.5445,-8.310533673630312,-8.315536644015125,0.78606,0.17167,77.3595
755,114,0.6179,0.3821,CV,4.8417,4.8569,-6.861905951904038,-6.870628919804174,0.13024,-0.0051,34.7507
755,106,0.5,0.5,CA,1.2924,1.2926,-4.1871031260374245,-4.199466841404255,0.00091,0.04702,9.3653
756,112,0.6186,0.3814,CV,2.0899,2.0816,-6.149475220427909,-6.157928788223574,-0.08778,-0.12653,54.5248
756,102,0.6185,0.3815,CV,2.6289,2.6421,-7.65518152629528,-7.664129393138645,-0.02379,-0.13843,134.6881
756,120,0.6176,0.3824,CV,1.0917,1.086,-3.0558105250585754,-3.0620269764695465,0.14349,-0.07068,7.3585
756,97,0.6182,0.3818,CV,0.6253,0.6254,-3.174713224357375,-3.182763150675086,0.00115,0.0296,7.4667
756,122,0.6181,0.3819,CV,4.7434,4.7636,-22.216102748582443,-22.226471863073687,0.38445,-0.00572,79.7675
756,114,0.6157,0.3843,CV,5.9069,5.8982,-8.251983492236674,-8.249591496701013,0.25784,-0.13479,33.9854
756,106,0.5761,0.4239,CV,1.7993,1.7952,-5.091235902008679,-5.095802377794553,0.05764,0.0136,8.7694
757,112,0.6188,0.3812,CV,1.2014,1.1961,-5.84308081800062,-5.85277724354505,0.00874,-0.13251,53.9193
757,102,0.6185,0.3815,CV,1.4477,1.4403,-7.743341803005731,-7.751810115468543,-0.03171,-0.15127,138.1972
757,120,0.6184,0.3816,CV,1.0264,1.0287,-3.2016796079553,-3.21119900245566,0.09894,0.00217,7.3797
757,97,0.6183,0.3817,CV,0.974,0.9753,-3.581625303983282,-3.5896484187995945,-0.04873,-0.01756,7.5319
757,122,0.6178,0.3822,CV,7.5145,7.5233,-29.62552187425436,-29.63176766989941,0.27824,-0.15773,77.7108
757,114,0.6152,0.3848,CV,3.9364,3.9127,-12.17755176082694,-12.176467990558852,0.41572,-0.19435,34.1566
757,106,0.6042,0.3958,CV,0.9586,0.956,-4.2282420479719685,-4.238916366059711,0.01022,-0.07714,8.5939
758,112,0.6189,0.3811,CV,0.831,0.8208,-5.865601012335563,-5.875442805798314,0.02439,-0.10481,53.1717
758,102,0.6184,0.3816,CV,2.4279,2.423,-7.917948780228317,-7.926131779187589,0.07915,-0.14217,142.1844
758,120,0.6174,0.3826,CV,2.049,2.0482,-3.8010172587262083,-3.8050421943992365,0.03194,0.05376,7.5656
758,97,0.6179,0.3821,CV,1.4537,1.4531,-5.2369307516293775,-5.243149677369956,1e-05,-0.00046,7.8117
758,114,0.6184,0.3816,CV,3.9077,3.9295,-9.825537682678585,-9.838434048030052,0.16132,-0.22467,35.6854
758,106,0.6139,0.3861,CV,2.092,2.0974,-3.71781649722063,-3.728044559765732,-0.11638,-0.10736,8.6678
758,111,0.5,0.5,CA,0.7116,0.712,-4.670980492544425,-4.679103112403793,0.00298,-0.01316,5.311
758,122,0.6157,0.3843,CV,11.5934,11.6032,-44.25810826913054,-44.255673328175696,-0.66163,-0.43199,77.7849
759,112,0.6189,0.3811,CV,1.5454,1.5449,-5.8488478729777675,-5.858593220912633,0.08741,-0.13097,52.8148
759,102,0.6183,0.3817,CV,1.9282,1.9182,-7.909596221395965,-7.917648956780597,0.05412,-0.10524,146.591
759,120,0.6169,0.3831,CV,1.7856,1.7816,-4.2925532168311005,-4.29579131750881,-0.04721,0.10667,7.6518
759,97,0.6185,0.3815,CV,1.151,1.1566,-3.5671441732731273,-3.5766002121671367,0.01089,0.00263,7.7885
759,122,0.5977,0.4023,CV,19.0149,18.977,-37.639096084403505,-37.56466015633444,-1.65051,-0.42331,73.0019
759,114,0.6127,0.3873,CV,11.3924,11.3878,-14.717053579428395,-14.70129432890672,0.20361,-0.21254,39.6219
759,106,0.6173,0.3827,CV,1.2544,1.2549,-3.3511079787370184,-3.3614319393538747,-0.11008,0.01605,8.6348
760,112,0.6187,0.3813,CV,1.7995,1.7929,-5.97487823738935,-5.983656269963834,0.16518,-0.12965,52.4143
760,102,0.6184,0.3816,CV,2.0192,2.0208,-7.87646511637292,-7.884902165762492,0.12262,-0.11787,149.3933
760,120,0.6176,0.3824,CV,0.3049,0.2968,-4.088993360548296,-4.096378848659618,-0.03194,0.07476,7.6794
760,97,0.6181,0.3819,CV,1.4915,1.4914,-3.6128404940419827,-3.6197062474942037,-0.04269,-0.02462,7.6949
760,122,0.5912,0.4088,CV,16.8622,16.8145,-49.22541668373762,-49.150556808347375,-2.4408,0.15853,74.7973
760,114,0.617,0.383,CV,5.1405,5.1638,-7.7233993284545965,-7.734255847874819,0.29784,-0.16717,39.3149
760,106,0.6186,0.3814,CV,0.5125,0.5121,-3.1222104256100147,-3.13296971151854,-0.04686,0.03675,8.5311
761,112,0.6186,0.3814,CV,1.481,1.4735,-6.304053431631043,-6.3127262709477066,0.16461,-0.09329,52.2405
761,102,0.6185,0.3815,CV,1.4682,1.4718,-8.239622254542525,-8.248274342213927,0.00102,-0.11312,152.3544
761,120,0.6174,0.3826,CV,2.1008,2.1023,-3.836911980799928,-3.842252295669579,0.11089,0.05495,7.7168
761,97,0.6184,0.3816,CV,0.6169,0.6125,-3.8244137044894497,-3.8329609812229837,-0.04257,0.0033,7.7105
761,114,0.613,0.387,CV,8.5041,8.484,-8.391484437694722,-8.379040817608644,0.62571,-0.22816,40.7838
761,106,0.6183,0.3817,CV,1.5368,1.5369,-3.587281975174804,-3.594793146354439,0.05993,0.00395,8.5368
761,111,0.5,0.5,CA,1.2539,1.2537,-3.803740267658736,-3.815164663493907,0.07042,-0.03657,5.3241
762,112,0.6184,0.3816,CV,1.7245,1.7143,-6.155704727950626,-6.163618017126418,0.16993,-0.08414,52.259
762,102,0.6185,0.3815,CV,1.7779,1.772,-8.19059577518756,-8.199094987673764,0.02785,-0.17731,156.1421
762,120,0.6175,0.3825,CV,1.4626,1.4613,-4.7770529802672055,-4.7828695177283205,0.05285,0.01991,7.9751
762,97,0.6173,0.3827,CV,1.7372,1.7322,-3.9274626229899745,-3.9311233125700227,-0.0304,0.00764,7.5375
762,114,0.6109,0.3891,CV,10.5154,10.5078,-10.4320156302829,-10.41672737737645,0.70952,-0.40323,39.2652
762,106,0.6179,0.3821,CV,1.1139,1.1094,-3.4019036315577607,-3.408403088597671,0.01408,-0.0031,8.6163
762,111,0.5769,0.4231,CV,0.8957,0.8944,-3.0355552497110705,-3.0433070526588275,0.08858,-0.00347,5.1504
763,112,0.6183,0.3817,CV,2.0711,2.0655,-6.087096134202546,-6.094800909435266,0.08488,-0.0322,52.6805
763,102,0.6185,0.3815,CV,2.0892,2.0839,-7.780622791494755,-7.789255078440486,0.00644,-0.18889,158.7805
763,120,0.6176,0.3824,CV,1.076,1.0725,-4.8596614312348105,-4.865906668706927,0.07003,-0.0316,8.1571
763,97,0.6187,0.3813,CV,0.8652,0.8694,-3.0004946151893463,-3.011844324455603,0.04301,-0.02538,7.5576
763,114,0.6108,0.3892,CV,7.6904,7.6694,-7.5704709241700066,-7.557916964409942,0.88363,-0.34601,41.2196
763,106,0.6181,0.3819,CV,0.5696,0.5649,-3.453488465248525,-3.4611854425788833,0.02302,-0.02644,8.6302
764,112,0.6177,0.3823,CV,4.3452,4.3433,-7.338858580573398,-7.344430050209724,-0.18129,-0.01001,53.4011
764,102,0.6184,0.3816,CV,3.5872,3.5774,-7.8163931998469485,-7.824478729867093,0.11882,-0.25934,160.7001
764,120,0.6184,0.3816,CV,1.1729,1.1787,-8.077328567552708,-8.086694247707648,-0.01091,-0.02709,8.1559
764,97,0.6192,0.3808,CV,0.9867,0.9921,-3.2408820711265314,-3.2522586459989813,-0.01124,-0.02535,7.6687
764,114,0.6085,0.3915,CV,8.1232,8.076,-8.648715074351696,-8.626632784756781,1.02411,-0.28414,43.951
764,106,0.6186,0.3814,CV,1.5164,1.5221,-3.5098293322874716,-3.519385363373355,-0.0075,0.00173,8.3951
765,112,0.6158,0.3842,CV,6.614,6.6,-8.73982524560708,-8.73834922917938,-0.48061,0.04492,54.3593
765,102,0.6185,0.3815,CV,2.7119,2.7065,-8.150976917062145,-8.159794374029717,-0.0803,-0.24299,163.3158
765,120,0.6183,0.3817,CV,1.1168,1.1177,-5.9809494508486685,-5.988830609891129,0.0525,0.01408,8.3176
765,97,0.619,0.381,CV,0.6628,0.6631,-3.7520930876525753,-3.7617492739133715,0.03421,-0.01818,7.6975
765,114,0.6091,0.3909,CV,6.694,6.6388,-8.181723248531338,-8.165343922681139,0.99461,-0.43114,45.1417
765,106,0.6185,0.3815,CV,1.057,1.0589,-3.6804120812817436,-3.6889210546898843,-0.01253,-0.01721,8.4985
766,112,0.6158,0.3842,CV,3.9872,3.9581,-8.699370901684869,-8.700568416903605,-0.44777,0.00151,55.8326
766,102,0.6185,0.3815,CV,3.6741,3.67,-8.491972126365507,-8.50062640591375,0.17564,-0.23502,165.6789
766,120,0.6182,0.3818,CV,0.9215,0.9199,-4.829937874498447,-4.837538130840868,0.04389,-0.02057,8.5781
766,114,0.6117,0.3883,CV,5.1141,5.0668,-9.441033242140398,-9.434575882606538,0.79947,-0.38011,47.5936
766,106,0.6185,0.3815,CV,0.818,0.818,-3.316255280786562,-3.3247195023142795,0.01356,0.03438,8.5786
767,112,0.6171,0.3829,CV,3.109,3.1061,-6.374750456193248,-6.381533336071889,-0.39478,0.03786,55.6422
767,102,0.6187,0.3813,CV,1.9336,1.9421,-7.845740784067431,-7.855325555709134,-0.0247,-0.12296,168.1692
767,120,0.6181,0.3819,CV,0.8952,0.8922,-4.745524430228702,-4.752862097595796,0.07455,-0.03802,8.7552
767,114,0.6091,0.3909,CV,9.3633,9.3219,-9.343694087319419,-9.322533648216325,1.02298,-0.49004,48.2818
767,106,0.6175,0.3825,CV,1.887,1.885,-5.519539638180747,-5.524090882576665,-0.05622,0.03573,8.8178
768,112,0.6183,0.3817,CV,1.4442,1.4647,-6.691832818987387,-6.701507851970426,-0.14865,-0.01311,56.0644
768,102,0.6187,0.3813,CV,2.5235,2.5266,-7.942496236919109,-7.951684203744679,-0.15952,-0.07007,171.708
768,120,0.6171,0.3829,CV,2.0399,2.0355,-4.6750620386339,-4.678209637672131,0.15273,-0.09432,8.8912
768,114,0.6127,0.3873,CV,4.8253,4.7915,-6.504938752447886,-6.50280997281725,0.75489,-0.48751,48.3119
768,106,0.6181,0.3819,CV,0.4971,0.4983,-3.893227451057632,-3.9017235846345466,-0.05705,0.02663,8.8545
769,112,0.6184,0.3816,CV,3.1516,3.1583,-8.186003442323784,-8.194607934904614,0.10125,-0.0948,56.9846
769,102,0.6188,0.3812,CV,2.6327,2.6422,-7.890578535382298,-7.899881997381013,0.07286,0.0063,174.2674
769,120,0.6172,0.3828,CV,1.4729,1.4678,-4.2229194626090685,-4.227970051251809,0.11447,-0.09305,9.2534
769,114,0.614,0.386,CV,5.9277,5.9064,-7.557208071409893,-7.555401218376013,0.65165,-0.48911,51.1545
769,106,0.6182,0.3818,CV,0.9512,0.9515,-4.28939700744065,-4.297134964930274,-0.01695,-0.02947,8.9914
769,128,0.7,0.3,CV,1.558,1.558,-6.027925122100475,-6.027925122100475,0.0,0.0,8.0715
770,112,0.6185,0.3815,CV,1.4394,1.4359,-8.351530753997409,-8.360133764793286,0.02846,-0.13332,57.9782
770,102,0.6187,0.3813,CV,2.224,2.2272,-7.880837305181733,-7.889772957723962,-0.05548,0.06526,177.7238
770,120,0.6172,0.3828,CV,1.8697,1.8669,-4.686696821317188,-4.691697518499488,0.14544,-0.10454,9.2788
770,114,0.6159,0.3841,CV,2.5207,2.4784,-11.236708067067074,-11.240750677719054,0.4943,-0.38423,53.481
770,106,0.6184,0.3816,CV,0.9004,0.9033,-3.783706232692486,-3.792480210807105,0.02205,-0.03399,9.0
770,128,0.6482,0.3518,CV,1.2365,1.2365,-3.5563078742395793,-3.5701324540813895,-0.0,0.03652,11.192
771,112,0.6184,0.3816,CV,1.8909,1.8831,-8.4354546184289,-8.443440618179999,0.0803,-0.17367,59.0053
771,102,0.6184,0.3816,CV,4.0269,4.0226,-8.031778231649332,-8.03981114458015,-0.28135,0.05414,181.4376
771,120,0.6168,0.3832,CV,2.0867,2.0826,-6.398631976181208,-6.402115941857812,0.18571,-0.01113,9.2216
771,114,0.6161,0.3839,CV,8.4716,8.479,-9.407436400844622,-9.409653034345519,0.25224,-0.37897,51.6663
771,106,0.6182,0.3818,CV,1.4182,1.4184,-3.5746915488537914,-3.5822136296124842,0.05111,0.02708,8.9181
771,128,0.6419,0.3581,CV,1.8378,1.8561,-6.801353837377492,-6.866259221397809,-0.0,0.04306,15.8126
771,111,0.5,0.5,CA,4.532,4.5321,-6.641505600010968,-6.644725658553985,-0.07365,-0.03679,5.5329
772,112,0.6183,0.3817,CV,1.7857,1.7763,-7.232403502609711,-7.240294153111648,0.14227,-0.15092,60.0738
772,102,0.6182,0.3818,CV,3.4662,3.4494,-8.025785036012095,-8.033314376352,-0.34983,0.07786,185.7174
772,120,0.6165,0.3835,CV,1.5814,1.5702,-4.139099261233338,-4.141816289564948,0.21883,-0.028,9.2826
772,114,0.6166,0.3834,CV,7.8015,7.8128,-16.14501954079016,-16.14929124913157,-0.40756,-0.38575,52.9894
772,106,0.6184,0.3816,CV,1.0835,1.0838,-3.4515859531997557,-3.4602856650483313,-0.03904,0.03305,8.9224
772,128,0.6416,0.3584,CV,1.4879,1.4381,-8.324332560270527,-8.39730983307112,0.77656,0.02706,18.3141
772,111,0.5772,0.4228,CV,1.035,1.0382,-2.607400169005126,-2.6162592387163044,-0.05512,0.03538,5.2145
773,112,0.6181,0.3819,CV,2.4663,2.4563,-6.370476991269179,-6.377733262417157,0.23626,-0.14329,60.8938
773,102,0.6185,0.3815,CV,6.0447,6.0638,-8.181403500508521,-8.190452763690594,-0.01041,-0.09284,185.6917
773,120,0.6172,0.3828,CV,0.9423,0.9295,-4.058265886464039,-4.064426602382197,0.1954,-0.03565,9.3656
773,114,0.6148,0.3852,CV,7.4813,7.4679,-19.68472053887914,-19.680379492924562,-0.4229,-0.19441,51.6027
773,106,0.6189,0.3811,CV,0.866,0.8702,-3.432802676976287,-3.442958000235238,-0.01915,-0.02913,9.0633
773,128,0.6502,0.3498,CV,0.5062,0.4695,-5.488600449127708,-5.599643568116598,0.54529,-0.28144,18.5304
773,111,0.6049,0.3951,CV,0.5976,0.5985,-2.475540221848731,-2.4875976703487903,0.00919,0.04995,5.1795
774,112,0.6178,0.3822,CV,3.9145,3.9076,-6.536031529686702,-6.542262818891647,0.33861,-0.06422,60.6891
774,102,0.6186,0.3814,CV,2.5744,2.5742,-8.023651825455035,-8.032482917091654,0.16768,-0.05814,188.2037
774,120,0.6178,0.3822,CV,0.8291,0.8183,-3.6515994057499923,-3.6588875375809318,0.17613,-0.01023,9.4288
774,106,0.6185,0.3815,CV,1.2698,1.2693,-3.5926366268179404,-3.600664601666262,0.04353,-0.08582,9.1471
774,128,0.6496,0.3504,CV,1.2595,1.3205,-5.67484584321201,-5.7704374190965275,-0.12511,-0.18765,17.5608
774,114,0.6124,0.3876,CV,6.5876,6.5522,-29.701996898974706,-29.690237686668688,-0.78211,-0.13926,50.9331
774,111,0.6148,0.3852,CV,0.2237,0.2219,-2.2434766711589633,-2.256505936064387,-0.00929,0.04073,5.1246
775,112,0.6173,0.3827,CV,3.8464,3.8266,-7.2303174211258865,-7.234690251011999,0.44165,-0.06893,60.6059
775,102,0.6185,0.3815,CV,3.4229,3.4132,-8.098136558617746,-8.106530867097323,0.32519,-0.09089,191.3577
775,120,0.6185,0.3815,CV,0.6807,0.6801,-3.7277654023064457,-3.7373227605441737,0.12366,-0.01255,9.5875
775,106,0.6178,0.3822,CV,2.334,2.3352,-4.250532538532456,-4.255967507898125,0.01811,-0.01756,8.8363
775,128,0.6383,0.3617,CV,1.3146,1.3216,-5.637695028573246,-5.684805752718615,0.06667,-0.09305,16.2909
775,111,0.6176,0.3824,CV,1.1201,1.1207,-2.5108851978982263,-2.5210319266239183,0.06528,0.0628,4.9653
775,114,0.6094,0.3906,CV,7.4118,7.3665,-43.758087020690965,-43.737175373294384,-1.10536,-0.27844,50.9159
776,112,0.6174,0.3826,CV,3.1031,3.0825,-10.02125127034718,-10.027060248458593,0.48081,-0.06209,61.4544
776,102,0.6187,0.3813,CV,3.6275,3.6459,-8.328110343693734,-8.337648626362123,-0.02775,-0.02592,195.2535
776,120,0.6183,0.3817,CV,0.8599,0.8533,-4.485982277569699,-4.493621266038998,0.13044,-0.01946,9.6828
776,106,0.6187,0.3813,CV,2.3171,2.326,-4.290844157233073,-4.301455528938425,0.00764,0.00252,9.1274
776,128,0.6305,0.3695,CV,0.8388,0.8307,-4.066431729245813,-4.096817295470293,-0.09105,-0.11356,14.9749
777,112,0.6177,0.3823,CV,3.215,3.2003,-13.52113067172946,-13.527806768093997,0.40947,0.08316,61.1592
777,102,0.6187,0.3813,CV,2.0649,2.0638,-9.052189305058315,-9.061148344498184,-0.15128,-0.00816,198.089
777,120,0.6185,0.3815,CV,0.4031,0.397,-4.237892078019471,-4.246610823295814,0.09958,-0.02476,9.7339
777,106,0.6177,0.3823,CV,1.8739,1.8707,-4.752159948272225,-4.756990793990989,-0.04555,0.03256,9.4611
777,128,0.6261,0.3739,CV,0.4649,0.4644,-4.986304426376959,-5.00956182232358,-0.081,-0.017,13.8008
778,112,0.6017,0.3983,CV,26.167,26.1897,-27.46733106392652,-27.4066620807547,-1.61513,0.18292,62.6605
778,102,0.6186,0.3814,CV,2.394,2.3898,-8.47469126731414,-8.483309246529481,-0.16156,0.01892,202.4427
778,120,0.6181,0.3819,CV,1.5114,1.5109,-4.24406076574936,-4.251126720573953,0.07348,0.02135,10.0149
778,106,0.6187,0.3813,CV,1.7837,1.7921,-3.824296640619081,-3.8348653047087122,-0.02025,0.00753,9.2255
778,128,0.6235,0.3765,CV,0.808,0.8163,-4.659296673017357,-4.6779961616040975,-0.05,0.00811,12.657
778,111,0.5,0.5,CA,1.0787,1.0774,-3.498848037452185,-3.5122231483991646,0.06073,0.04319,5.151
779,112,0.5984,0.4016,CV,11.5272,11.4374,-18.87119231910168,-18.820224967310452,-1.84438,0.17491,63.0417
779,102,0.6186,0.3814,CV,4.5201,4.5301,-8.847329671748016,-8.856252745438804,0.00455,-0.10797,202.9653
779,120,0.6177,0.3823,CV,1.6617,1.6591,-4.057731835980004,-4.063641884170695,0.1455,-0.00679,10.0781
779,106,0.6185,0.3815,CV,1.045,1.0442,-3.432723324751203,-3.4408649855411375,0.01812,0.05461,9.1352
779,128,0.6208,0.3792,CV,1.2762,1.2761,-3.3942488993904734,-3.4051380075911752,-0.02975,0.01275,12.0055
780,112,0.604,0.396,CV,6.6878,6.5966,-21.005428883315815,-20.98256423613047,-1.63412,0.16702,62.4944
780,102,0.6186,0.3814,CV,4.3082,4.3188,-8.325620033505754,-8.334429209188658,0.04927,0.04342,208.3396
780,120,0.6175,0.3825,CV,1.2547,1.2474,-3.915903895238959,-3.9213882931925537,0.16531,-0.01974,10.1216
780,106,0.6187,0.3813,CV,0.5961,0.5969,-3.281645822466027,-3.291326546580268,0.02187,-0.00502,9.1362
780,128,0.6199,0.3801,CV,1.9334,1.9397,-6.389970898164867,-6.400922321790234,-0.0131,0.04197,11.0067
781,112,0.6118,0.3882,CV,3.6176,3.5726,-12.582672828008894,-12.584352328375296,-1.18875,0.12455,63.9423
781,102,0.6186,0.3814,CV,5.0247,5.0318,-9.010853058391985,-9.019539678595747,-0.22778,0.06345,209.7842
781,120,0.6163,0.3837,CV,2.8788,2.8765,-5.411438040162723,-5.412309563617337,0.14178,-0.10751,9.83
781,106,0.6185,0.3815,CV,1.1411,1.1396,-3.3866458924304306,-3.3950306741759233,-0.03968,0.01232,9.0205
781,128,0.6194,0.3806,CV,1.026,1.0301,-4.242582175472218,-4.253067747884667,-0.00562,0.03439,10.523
781,111,0.5,0.5,CA,1.028,1.0299,-3.4288129433753087,-3.4427751734662735,0.02109,-0.04345,5.0285
782,112,0.6164,0.3836,CV,0.987,0.9644,-11.106835035837863,-11.11659069052926,-0.73571,0.13928,64.5469
782,102,0.6186,0.3814,CV,1.4991,1.4896,-8.263082492015034,-8.271947865151487,-0.23052,0.02067,212.6886
782,120,0.6182,0.3818,CV,0.8634,0.8689,-3.7208086701699687,-3.7314855135224914,0.11699,-0.04415,9.9598
782,128,0.6183,0.3817,CV,1.4283,1.4267,-4.415901755320269,-4.422458659215409,0.04902,0.04792,10.2142
783,112,0.6176,0.3824,CV,2.3645,2.3462,-12.736264700684606,-12.74425868861823,-0.51722,0.18736,64.0638
783,102,0.6186,0.3814,CV,4.0358,4.0417,-8.748746374730407,-8.757799322707305,0.0186,-0.10112,213.7955
783,120,0.6186,0.3814,CV,1.0388,1.0397,-3.7440272788594164,-3.7533348817389256,0.08015,-0.05134,10.1874
783,128,0.6184,0.3816,CV,0.6413,0.6419,-3.3912310367828797,-3.399627456548372,-0.00131,0.0122,9.8871
783,106,0.5,0.5,CA,1.2748,1.279,-4.2605235819604514,-4.273705257545583,-0.02709,-0.01694,9.8119
784,112,0.6185,0.3815,CV,0.5339,0.514,-10.790482199287041,-10.800415212287785,-0.33901,0.11354,64.1333
784,102,0.6185,0.3815,CV,3.9392,3.9275,-8.627292575705694,-8.635787721791367,0.00733,-0.04845,213.3857
784,120,0.6181,0.3819,CV,1.5771,1.5749,-3.8626379890239297,-3.86947069259672,0.14474,0.0078,10.1602
784,128,0.6179,0.3821,CV,0.9948,0.9917,-3.528207199569002,-3.5345193807652464,0.0342,0.02302,9.7183
784,106,0.5772,0.4228,CV,0.5711,0.5692,-3.68356659502005,-3.6926976234463647,-0.04813,0.01151,9.5537
785,112,0.6187,0.3813,CV,1.4153,1.4047,-9.491385298315162,-9.500625766084648,-0.24428,0.14236,64.4694
785,102,0.6188,0.3812,CV,3.4613,3.4823,-8.228357885404547,-8.23833252992565,-0.02031,-0.0779,217.8627
785,120,0.6183,0.3817,CV,0.5193,0.5122,-3.4677546190075397,-3.476201887741461,0.11741,0.01201,10.1427
785,128,0.618,0.382,CV,2.4364,2.4416,-4.656653093963767,-4.6637916995192805,-0.01575,-0.05441,9.1998
785,106,0.6027,0.3973,CV,2.7054,2.7042,-4.972963575590619,-4.975639045727559,0.04691,-0.06782,9.9314
786,112,0.6188,0.3812,CV,1.8997,1.9037,-7.738879953800949,-7.7483928828899815,-0.08131,0.10082,65.1498
786,102,0.6187,0.3813,CV,3.5216,3.5224,-8.232436285756128,-8.241374865881776,-0.13328,0.01264,222.7109
786,120,0.6185,0.3815,CV,1.0032,1.0031,-3.5979438681789677,-3.606947117660597,0.0604,-0.02362,10.0337
786,128,0.6184,0.3816,CV,0.2258,0.2274,-3.526429854034549,-3.5354386139015714,-0.0212,-0.0275,8.994
786,106,0.6108,0.3892,CV,2.2881,2.2765,-5.94224637323428,-5.94188663689511,0.03241,-0.06563,10.4513
787,112,0.6182,0.3818,CV,3.1728,3.165,-6.684535948695346,-6.691599236251528,-0.05571,0.2534,65.77
787,102,0.6186,0.3814,CV,4.0243,4.0269,-8.404016510946677,-8.412818996768497,-0.24886,-0.09617,223.1018
787,120,0.6186,0.3814,CV,0.671,0.6665,-3.4147818304978332,-3.423590129337002,0.07743,-0.00244,9.9806
787,128,0.6186,0.3814,CV,0.7456,0.7479,-3.2013442202819293,-3.2104634472474656,-0.01599,-0.01335,8.952
787,106,0.6169,0.3831,CV,1.6404,1.6559,-4.240903308444213,-4.254135484234041,0.02136,-0.01975,10.3527
788,112,0.6159,0.3841,CV,8.3799,8.3723,-13.210785791261614,-13.208667047511362,-0.04049,0.64156,64.2175
788,102,0.6183,0.3817,CV,6.3435,6.3362,-8.58252364280786,-8.590001973430637,-0.27248,-0.06565,220.4517
788,120,0.6189,0.3811,CV,0.5216,0.523,-3.79718900933754,-3.8072975053571136,0.02387,-0.0307,9.9526
788,128,0.6186,0.3814,CV,0.4002,0.3989,-3.1847621165064806,-3.1934391340427184,-0.00978,-0.03055,8.8599
788,106,0.6182,0.3818,CV,0.7288,0.7319,-3.8172071376328462,-3.826867606157613,0.01394,-0.00152,10.3511
789,112,0.5991,0.4009,CV,22.336,22.3313,-29.70923643877002,-29.640202398170274,-1.68138,0.46096,63.4569
789,102,0.6187,0.3813,CV,5.2397,5.2601,-8.453221173080344,-8.462872463835229,-0.25776,-0.0119,225.5643
789,120,0.6189,0.3811,CV,0.9179,0.9207,-3.60772985673274,-3.6175168332060763,0.02871,0.02072,10.0366
789,128,0.6183,0.3817,CV,1.6558,1.6578,-4.7348797218041225,-4.742474218139182,-0.00498,0.02708,8.53
789,106,0.6187,0.3813,CV,0.5086,0.5077,-3.951550759684219,-3.961201411937023,0.00927,-0.02142,10.4435
790,112,0.6085,0.3915,CV,3.3614,3.2684,-10.743331300758982,-10.738232730121155,-1.30287,0.32262,63.6746
790,102,0.6184,0.3816,CV,7.1952,7.1956,-8.731623614175888,-8.739559168094521,-0.28106,-0.07335,222.8102
790,120,0.6189,0.3811,CV,0.5926,0.5927,-3.8416282775759765,-3.85111091461749,0.03371,0.02058,9.9452
790,128,0.6185,0.3815,CV,0.8511,0.8523,-4.141406132089215,-4.150435249264142,0.05177,0.03121,8.4404
790,106,0.6181,0.3819,CV,1.7916,1.7894,-3.8689711331861516,-3.875568570126933,0.0063,-0.01612,10.2785
791,112,0.6172,0.3828,CV,3.8233,3.8804,-9.18066907216119,-9.198546124872182,-0.5429,0.23737,64.5686
791,102,0.6186,0.3814,CV,3.9884,3.9927,-8.145129265515196,-8.154422887353793,-0.34884,0.12793,224.6272
791,120,0.6185,0.3815,CV,1.1771,1.1755,-4.015251851166109,-4.023331160754866,0.06051,-0.01836,9.7573
791,128,0.6183,0.3817,CV,1.6916,1.6944,-5.399107101895634,-5.406937553928055,-0.00222,-0.00212,8.5833
791,106,0.6164,0.3836,CV,2.3325,2.3247,-4.984072082149166,-4.984242099000827,0.03584,0.05658,9.9799
791,111,0.5,0.5,CA,0.3891,0.3891,-5.452792454665296,-5.458029470139351,0.00236,-0.00238,4.812
792,112,0.6191,0.3809,CV,4.7875,4.8175,-7.957370730616068,-7.970324511762711,0.0434,0.1017,64.5391
792,102,0.6181,0.3819,CV,8.7425,8.7377,-9.08748624783285,-9.094042416552535,-0.26096,-0.19297,220.065
792,120,0.618,0.382,CV,2.2997,2.3022,-4.098447851781936,-4.104843939761303,0.10935,0.02613,10.0014
792,106,0.6191,0.3809,CV,1.0627,1.0758,-3.396062709309143,-3.410399471176447,-0.0322,0.02498,10.0681
792,111,0.5756,0.4244,CV,1.7652,1.765,-3.4636773203258064,-3.465986449072372,-0.04453,-0.02373,4.5535
793,112,0.6146,0.3854,CV,11.5374,11.5342,-10.531288308390645,-10.522709203326798,0.65618,-0.05151,67.0122
793,102,0.6187,0.3813,CV,1.2346,1.2038,-8.028277336322047,-8.03813327286715,-0.17829,-0.07931,218.6662
793,120,0.6182,0.3818,CV,0.7845,0.7813,-3.56855495855582,-3.5765580756739377,0.05812,-0.00087,10.1505
793,106,0.6192,0.3808,CV,0.6828,0.6811,-3.658325304791753,-3.6689093834566706,0.02279,0.01362,9.9736
793,111,0.6031,0.3969,CV,0.642,0.6375,-2.4311052919192724,-2.437881611207226,-0.04826,0.00372,4.5869
793,128,0.5,0.5,CA,0.4668,0.4695,-4.137207462661822,-4.149004823484063,-0.01262,0.01516,9.0572
794,112,0.6106,0.3894,CV,10.8204,10.7761,-8.925040994866777,-8.905887350108944,0.92033,-0.23966,69.9546
794,102,0.6189,0.3811,CV,1.4877,1.4693,-8.111658098671892,-8.121799216363584,-0.06789,-0.11146,217.463
794,120,0.6186,0.3814,CV,0.5949,0.6003,-3.566975274456526,-3.576434476696246,0.03119,-0.01183,10.0637
794,128,0.5771,0.4229,CV,0.9613,0.9622,-3.5467179773882727,-3.555375741298781,-0.01169,-0.01417,8.6245
794,106,0.6189,0.3811,CV,1.6948,1.6981,-3.867190951947068,-3.876347109245642,0.08114,-0.01824,10.0848
794,111,0.6125,0.3875,CV,0.9339,0.9299,-3.6522443298592417,-3.658272116870544,-0.00917,0.00983,4.691
795,112,0.6111,0.3889,CV,7.3145,7.2512,-7.9610815946175215,-7.9500768391118,0.90439,-0.22811,72.5201
795,102,0.6188,0.3812,CV,4.2254,4.2202,-8.033957470900654,-8.043291074669309,-0.35623,-0.07646,216.0468
795,120,0.6185,0.3815,CV,1.1456,1.146,-3.5745937724172587,-3.582868876055185,0.03254,-0.04197,9.9165
795,106,0.619,0.381,CV,1.46,1.465,-3.6900297191578812,-3.7002101821112627,-0.01035,0.03575,9.8801
795,111,0.6166,0.3834,CV,2.0416,2.048,-3.466573063364525,-3.4761396282405146,-0.02495,0.00956,4.4997
795,128,0.6045,0.3955,CV,0.9027,0.9049,-3.2094085686424982,-3.219907112870858,0.0569,0.01466,8.687
796,112,0.6153,0.3847,CV,2.5473,2.5301,-7.143566796263556,-7.149505402191188,0.64694,-0.04438,73.5633
796,102,0.619,0.381,CV,3.1135,3.1275,-8.048863675014228,-8.059013710321095,-0.20803,0.01711,216.8108
796,120,0.6186,0.3814,CV,0.8591,0.8587,-3.435741190836908,-3.4446390221560064,-0.03438,-0.04131,9.8686
796,106,0.6185,0.3815,CV,1.2723,1.2702,-3.459391387592872,-3.4671106126293725,-0.05496,0.01015,9.6124
796,111,0.6182,0.3818,CV,0.5827,0.583,-2.2857533941942485,-2.295780941088239,-0.05011,-0.0227,4.495
796,128,0.6143,0.3857,CV,0.8235,0.8252,-3.193991292817213,-3.2054045856103675,-0.009,0.017,8.6291
797,112,0.6167,0.3833,CV,1.782,1.745,-7.34611703213458,-7.351850115731562,0.48275,-0.06512,75.3099
797,102,0.6188,0.3812,CV,1.817,1.8066,-8.170528672746151,-8.17981371476397,-0.20719,0.0667,216.6177
797,120,0.6188,0.3812,CV,0.4006,0.4006,-3.3864140301588193,-3.396179461927809,0.00565,-0.03356,9.8524
797,106,0.6187,0.3813,CV,1.9842,1.9899,-3.9181790318918055,-3.927444885706172,-0.02013,0.03015,9.7992
797,111,0.6189,0.3811,CV,0.2973,0.2974,-2.14625290387947,-2.157018207709133,-0.03982,0.00739,4.5035
797,128,0.6177,0.3823,CV,0.4639,0.4627,-3.065215224168204,-3.0766239026195192,-0.02003,-0.02026,8.5698
798,112,0.6176,0.3824,CV,3.8331,3.8351,-6.8759319941842785,-6.8835358489741125,0.37807,0.01368,75.6359
798,102,0.6185,0.3815,CV,4.1077,4.0952,-8.178592021001112,-8.186584237140083,-0.3689,0.01508,216.9917
798,120,0.6189,0.3811,CV,0.1193,0.1174,-3.416409645352817,-3.426289901377164,-0.00121,-0.02582,9.831
798,128,0.6189,0.3811,CV,0.7067,0.7098,-3.362430821342185,-3.3738256554504478,-0.01612,0.0083,8.6236
798,106,0.6178,0.3822,CV,1.6433,1.6399,-3.875056162720416,-3.880562662303933,-0.03072,-0.02143,10.0139
799,112,0.6172,0.3828,CV,6.7392,6.7366,-8.670805175835362,-8.674969658391447,0.17022,0.18459,74.3807
799,102,0.6185,0.3815,CV,2.4729,2.4608,-8.072245293525116,-8.080850291632192,-0.35071,0.08222,215.8863
799,120,0.6187,0.3813,CV,0.9111,0.9091,-3.4113185488746374,-3.420114996712745,0.01818,-0.04734,9.6858
799,128,0.6191,0.3809,CV,0.6199,0.6211,-3.140850753235134,-3.151541490188772,-0.01032,-0.01698,8.5071
799,106,0.6183,0.3817,CV,1.9856,1.9909,-3.9507077552309138,-3.9593131099052283,0.00015,0.0935,9.8285
800,112,0.6187,0.3813,CV,3.8732,3.8984,-6.786053170443754,-6.797560332372937,0.17611,0.04221,76.9928
800,102,0.6183,0.3817,CV,4.0361,4.0195,-8.121712182872702,-8.129326757224245,-0.41531,0.07827,217.366
800,120,0.6184,0.3816,CV,1.042,1.0377,-3.4296151835583997,-3.43750636159774,0.03794,-0.04047,9.4782
800,106,0.6185,0.3815,CV,0.8597,0.8629,-3.472827874367041,-3.481770795100827,0.03183,0.01506,9.8517
800,128,0.6191,0.3809,CV,0.6201,0.6219,-3.3070793723951426,-3.3172160715289865,-0.00559,0.01056,8.5145
800,111,0.5,0.5,CA,0.8424,0.8436,-3.326960360642753,-3.340075835444399,0.01855,0.00904,4.9877
801,112,0.616,0.384,CV,9.9603,9.9577,-13.46011367235419,-13.457645312267854,0.10665,0.39345,74.505
801,102,0.6186,0.3814,CV,3.6266,3.6474,-8.146699465870737,-8.156191989387864,-0.01491,0.10921,217.7628
801,120,0.6185,0.3815,CV,0.8495,0.8459,-3.2916185691506814,-3.300473512443841,0.01506,-0.08696,9.3544
801,106,0.6179,0.3821,CV,2.2593,2.2608,-5.780445790804059,-5.7863916977112195,0.03098,0.04467,9.5339
801,128,0.6189,0.3811,CV,0.9681,0.969,-3.2333373810460193,-3.242634778430031,0.05109,0.01325,8.3921
801,111,0.5758,0.4242,CV,2.1824,2.1845,-4.216447578038154,-4.21972096073206,0.02084,0.0084,4.4622
802,112,0.6177,0.3823,CV,1.9293,1.9036,-8.696060121086154,-8.704904970866778,-0.05087,0.2906,74.0742
802,102,0.6187,0.3813,CV,3.3214,3.3283,-8.098299387599921,-8.107372647793127,-0.1144,-0.03922,216.175
802,120,0.6188,0.3812,CV,0.7953,0.7954,-3.2322536565829214,-3.242179473350923,0.06911,-0.04196,9.2554
802,128,0.6186,0.3814,CV,1.1505,1.1507,-3.46607246540179,-3.474684464900575,-0.00765,-0.01811,8.1872
803,112,0.619,0.381,CV,2.4788,2.4948,-7.077110786126938,-7.089121019957041,0.08323,0.25014,75.0196
803,102,0.6187,0.3813,CV,1.0356,1.0284,-8.032828176562987,-8.042093297834382,-0.08752,-0.0301,215.5963
803,120,0.6187,0.3813,CV,0.7876,0.7835,-3.349479017244954,-3.358368974434081,0.07528,-0.01932,9.0403
803,128,0.6179,0.3821,CV,2.7947,2.7995,-5.817308018844453,-5.823012466296845,-0.01634,0.03248,8.4756
803,106,0.5,0.5,CA,1.9477,1.9434,-4.752709693606205,-4.761454991311979,-0.07319,0.07885,9.752
804,112,0.6191,0.3809,CV,3.6053,3.6156,-6.729385113248217,-6.739590244745718,0.04144,0.1128,76.5204
804,102,0.6187,0.3813,CV,2.7362,2.7302,-8.030581052430833,-8.039780621178988,-0.0262,0.01109,213.8453
804,120,0.6192,0.3808,CV,0.8088,0.8146,-3.1920558434861754,-3.2031501264360633,0.01081,-0.00752,8.9904
804,106,0.5777,0.4223,CV,0.3318,0.3279,-4.5760309695539725,-4.586894111362513,-0.03529,0.06391,9.3751
804,128,0.6186,0.3814,CV,0.475,0.4824,-3.3481945218417763,-3.358258319551718,-0.01395,0.0109,8.4288
805,112,0.6183,0.3817,CV,6.153,6.1594,-10.667631859137778,-10.674695566402185,0.0519,0.24289,74.0128
805,102,0.6189,0.3811,CV,2.1934,2.2072,-8.136629793060576,-8.146489963182038,-0.00168,0.04668,215.028
805,120,0.6189,0.3811,CV,0.8122,0.8124,-3.294841371093234,-3.304180727976039,-0.04023,-0.02811,8.9242
805,128,0.6187,0.3813,CV,0.2275,0.2301,-3.172155473999957,-3.1812065798194324,-0.00909,0.00248,8.3497
805,106,0.6052,0.3948,CV,1.5157,1.5222,-3.719651380605372,-3.7322035279572288,0.02255,-0.07246,9.3904
805,111,0.5,0.5,CA,1.2612,1.2637,-3.7043167749841963,-3.7192551054255603,0.03082,0.0255,4.8762
806,112,0.6189,0.3811,CV,2.3723,2.3859,-8.12161125739096,-8.132154867926431,0.12344,0.13129,74.2354
806,102,0.6187,0.3813,CV,3.4531,3.4528,-8.358101020894736,-8.36709597798518,0.09787,0.09476,217.3071
806,120,0.6185,0.3815,CV,1.1844,1.1837,-3.4060731879154704,-3.4138488212035494,-0.03557,0.02879,8.9476
806,128,0.6187,0.3813,CV,0.1418,0.1427,-3.149644327115002,-3.158772868820299,-0.00498,-0.00095,8.3337
806,106,0.6129,0.3871,CV,2.535,2.5364,-4.136675235966166,-4.1413673759672065,-0.14805,-0.0166,9.0085
806,111,0.577,0.423,CV,0.4495,0.4469,-2.325483663535632,-2.333664552389014,0.05225,0.02041,4.539
807,112,0.6188,0.3812,CV,2.185,2.1876,-7.698427144958654,-7.707859250569232,0.07739,0.06195,75.1166
807,102,0.6187,0.3813,CV,3.9471,3.9548,-8.18419438269622,-8.19346131420613,0.17141,0.05394,214.8041
807,120,0.6185,0.3815,CV,0.4565,0.4538,-3.2597063872228063,-3.26821583300132,-0.00862,0.00951,8.9331
807,128,0.6183,0.3817,CV,1.2675,1.2676,-3.473235203024291,-3.480816806666696,0.04789,-0.05229,8.436
807,106,0.6158,0.3842,CV,3.831,3.8412,-5.552199210887672,-5.557715744362647,0.00561,-0.13448,9.2792
807,111,0.6043,0.3957,CV,1.0049,1.0075,-2.4689180776933184,-2.4787356293541656,-0.01837,-0.04744,4.4953
808,112,0.6186,0.3814,CV,2.2082,2.2038,-7.637803081454191,-7.6463723614648655,0.18987,0.07196,74.9423
808,102,0.6182,0.3818,CV,6.7929,6.7846,-8.479307630217754,-8.486181465273376,0.56469,0.08201,215.107
808,120,0.6179,0.3821,CV,1.3314,1.3283,-3.5524230040892695,-3.5583272250449407,-0.06218,0.02763,9.012
808,128,0.6186,0.3814,CV,0.9984,1.0018,-3.4126699792585335,-3.4217798608127725,-0.00351,0.02499,8.495
808,106,0.6166,0.3834,CV,1.8139,1.8085,-4.145092012044843,-4.149699278943878,0.12527,-0.0973,9.3214
808,111,0.6138,0.3862,CV,0.8566,0.8569,-2.698347136852602,-2.7080377814004577,-0.03078,-0.05005,4.4031
809,112,0.6187,0.3813,CV,1.14,1.138,-7.199086722555823,-7.2081947167152975,0.14177,0.06899,74.3937
809,102,0.6176,0.3824,CV,6.4716,6.4413,-8.314876416144177,-8.320282945725687,0.77456,0.06346,216.1981
809,120,0.6181,0.3819,CV,0.4739,0.4693,-3.472610581568918,-3.480352537964086,-0.05177,0.00108,9.055
809,128,0.6185,0.3815,CV,1.0097,1.0109,-3.3608691925600165,-3.3694619162207804,0.03631,0.03445,8.4107
809,106,0.6187,0.3813,CV,1.2159,1.2256,-3.4545893952275875,-3.4667875097719483,0.05994,0.01908,9.1153
809,111,0.6174,0.3826,CV,0.3025,0.2995,-2.824175840022728,-2.834831466744239,-0.02486,-0.03519,4.3485
810,112,0.6181,0.3819,CV,4.924,4.9258,-7.0703616254111,-7.077046840705238,0.10177,-0.03575,76.3706
810,102,0.6179,0.3821,CV,3.4167,3.3804,-8.093931233171164,-8.101438007981077,0.666,0.11646,215.5
810,120,0.6185,0.3815,CV,0.7616,0.7667,-3.7121679820605933,-3.721567325529534,-0.00789,-0.00452,8.959
810,128,0.6186,0.3814,CV,0.6688,0.6695,-3.3065225520131274,-3.315627198593076,-0.01895,0.02551,8.3816
810,106,0.6187,0.3813,CV,1.2488,1.2514,-3.4857994039794638,-3.4950887409432654,0.00264,-0.07073,8.9953
810,111,0.6185,0.3815,CV,0.4028,0.4011,-2.0419776241433576,-2.052448014271236,-0.04695,-0.02062,4.3068
811,112,0.6186,0.3814,CV,4.3374,4.3535,-7.782224130592945,-7.791764851687507,-0.00485,0.11064,75.2097
811,102,0.6183,0.3817,CV,2.2621,2.2412,-8.122902783696833,-8.131508521216677,0.49151,0.08924,216.7837
811,120,0.6173,0.3827,CV,2.4926,2.4929,-4.320079787274092,-4.3235580824359285,0.01129,-0.00382,8.5824
811,128,0.6183,0.3817,CV,1.5485,1.5486,-3.859549157808652,-3.8668791110005114,0.02819,-0.06705,8.274
811,106,0.6185,0.3815,CV,1.9796,1.9832,-4.205499036499923,-4.2135306815933316,0.04379,0.09312,8.9163
811,111,0.6183,0.3817,CV,0.875,0.8727,-2.431437775166873,-2.4390797877897237,-0.06598,-0.06852,4.2613
811,129,0.7,0.3,CV,2.989,2.989,-5.112757299563316,-5.112757299563316,0.0,0.0,7.6635
812,112,0.6179,0.3821,CV,4.6766,4.6712,-10.94296940438959,-10.9489866372362,-0.02212,0.17733,73.226
812,102,0.6187,0.3813,CV,3.387,3.4048,-8.119488086317316,-8.129094074101346,0.10356,0.15289,218.2011
812,120,0.6189,0.3811,CV,1.6036,1.6128,-3.5077220123666764,-3.5197191308135394,0.01802,-0.00156,8.736
812,128,0.6187,0.3813,CV,1.2034,1.208,-3.3631825820844945,-3.3731000827465007,0.02798,-0.03907,8.4283
812,106,0.6174,0.3826,CV,2.6351,2.6365,-4.277980522641284,-4.281934187376612,0.06322,-0.02766,9.1735
812,129,0.6486,0.3514,CV,0.5694,0.5694,-3.4630623337831006,-3.4787627444642926,-0.15051,-0.25207,10.3867
813,112,0.6187,0.3813,CV,0.9045,0.9188,-7.225172275858065,-7.235545343340393,-0.03551,0.12162,73.4398
813,102,0.6187,0.3813,CV,1.7307,1.7292,-8.090460448373044,-8.099630954422397,0.09647,0.16508,217.761
813,120,0.619,0.381,CV,0.3357,0.335,-3.2061725803578365,-3.216208215447811,0.03441,0.00027,8.7265
813,128,0.6183,0.3817,CV,1.3673,1.3667,-3.55647103770872,-3.5637275385440716,-0.03076,-0.02162,8.6326
813,106,0.6181,0.3819,CV,0.5417,0.5405,-3.397517246712716,-3.405923461506909,0.02525,-0.04753,9.1985
813,129,0.6448,0.3552,CV,0.8615,0.8623,-4.122280164420035,-4.199286643502994,0.11475,0.09455,14.7647
814,112,0.6188,0.3812,CV,1.4366,1.43,-7.320658304711919,-7.33025273023216,-0.11308,0.11083,73.2269
814,102,0.6187,0.3813,CV,2.4571,2.4491,-8.146934448644153,-8.155863947516735,0.16985,0.18599,217.1193
814,120,0.6187,0.3813,CV,1.0361,1.037,-3.4957056501986994,-3.5045798652026514,-0.01973,0.02759,8.7727
814,128,0.6183,0.3817,CV,0.7091,0.7084,-3.407502408690564,-3.415726107065152,0.01146,0.01236,8.7226
814,106,0.6176,0.3824,CV,3.1611,3.1669,-5.36141318445403,-5.366712088474966,-0.01901,0.01381,8.6999
814,129,0.6496,0.3504,CV,1.2725,1.2887,-3.323842863264017,-3.4272095507778912,0.51671,-0.93764,17.3606
815,112,0.6186,0.3814,CV,3.4156,3.418,-6.620694107968463,-6.629326693219767,-0.19981,0.05502,74.1116
815,102,0.6186,0.3814,CV,2.9901,2.9829,-8.085090025374159,-8.093874980309845,0.25814,0.17314,218.7299
815,120,0.6183,0.3817,CV,1.1079,1.1056,-3.455996068004921,-3.4633410929632973,0.00784,0.00093,8.9085
815,128,0.6181,0.3819,CV,2.3354,2.3397,-5.049688565002659,-5.056872192381988,-0.03356,-0.00794,8.4291
815,106,0.6174,0.3826,CV,3.6991,3.707,-5.6642935840308475,-5.669768494676483,-0.02182,-0.03118,9.1145
815,129,0.6504,0.3496,CV,0.8119,0.8173,-3.215528253158495,-3.315594162208366,-0.08908,-0.68612,17.7037
816,112,0.6185,0.3815,CV,3.7389,3.7428,-7.009345685626251,-7.0175994274638445,0.0654,0.00721,75.1766
816,102,0.6186,0.3814,CV,2.0802,2.0673,-8.076503196501882,-8.085483155315915,0.25027,0.18025,218.6336
816,120,0.618,0.382,CV,1.2264,1.2244,-3.5606292129854293,-3.5675306730228273,0.07909,-0.00474,8.9707
816,128,0.6187,0.3813,CV,0.8618,0.8666,-3.231322633964376,-3.2412723279346194,-0.03304,0.01783,8.5359
816,106,0.6182,0.3818,CV,0.3731,0.3725,-3.466276710499945,-3.4753046776894583,0.0057,-0.03338,9.2175
817,112,0.6181,0.3819,CV,2.4678,2.4546,-6.63667819357432,-6.643734737005558,0.11048,-0.00071,76.2621
817,102,0.6188,0.3812,CV,1.557,1.5653,-8.417409572859816,-8.426847901884623,0.0732,0.13374,219.646
817,120,0.6184,0.3816,CV,1.4326,1.4368,-3.7428373446682404,-3.751867865145565,0.05498,-0.00431,8.7698
817,128,0.6185,0.3815,CV,0.8577,0.856,-3.5140671330330733,-3.5225370446657567,-0.07608,0.01898,8.6363
817,106,0.6185,0.3815,CV,0.7158,0.7182,-3.3986091485221395,-3.4075203955936795,0.00821,0.02593,9.185
818,112,0.6175,0.3825,CV,3.8064,3.7903,-6.845540847499392,-6.8506271528368865,0.14535,-0.04309,78.2437
818,102,0.6188,0.3812,CV,2.0195,2.0251,-8.615394861198705,-8.62474386597473,-0.08622,0.03628,220.4386
818,120,0.6186,0.3814,CV,0.8736,0.8744,-3.2791766234093864,-3.288170723925277,-0.01353,-0.02937,8.6912
818,128,0.6178,0.3822,CV,2.3048,2.3065,-4.143732283695535,-4.149372668085508,-0.00798,-0.01367,8.325
818,106,0.6186,0.3814,CV,0.1797,0.1827,-3.322708585025322,-3.3318474744428723,0.00481,0.0075,9.2101
818,111,0.5,0.5,CA,1.8573,1.8577,-4.770071646536022,-4.776981950298902,0.03631,0.0254,4.709
819,112,0.6178,0.3822,CV,2.5795,2.572,-6.997920275923451,-7.00486410262,-0.02585,-0.05797,79.8859
819,102,0.6186,0.3814,CV,4.0451,4.0415,-9.963408236212883,-9.972041864055104,-0.29891,0.08331,219.7783
819,120,0.6188,0.3812,CV,0.3358,0.3355,-3.39178793731484,-3.4016237064788286,-0.01761,0.00237,8.6714
819,128,0.6188,0.3812,CV,1.2918,1.2976,-3.5005423673819855,-3.5113774359081864,0.06605,0.01313,8.3936
819,106,0.6185,0.3815,CV,0.7308,0.7301,-3.454402807183892,-3.4628106772870697,0.00101,-0.02253,9.3584
819,111,0.5761,0.4239,CV,0.9276,0.9257,-3.3502511526609062,-3.354797628474962,0.03013,0.04458,4.397
820,112,0.6181,0.3819,CV,1.7293,1.733,-6.803861495437386,-6.811928286243088,-0.02485,-0.12974,80.6475
820,102,0.6181,0.3819,CV,6.0733,6.0562,-11.703244731389173,-11.710097216504112,-0.58818,0.09523,219.0785
820,120,0.6189,0.3811,CV,0.4922,0.4921,-3.3661886525999876,-3.3759965295507457,-0.00633,0.03687,8.648
820,128,0.6187,0.3813,CV,1.2498,1.252,-3.6270789747022283,-3.6362667193415783,0.00985,0.04175,8.5546
820,106,0.6186,0.3814,CV,0.1732,0.1706,-3.4888351974764777,-3.497681283363315,-0.00181,-0.02157,9.4583
820,111,0.6038,0.3962,CV,1.424,1.428,-2.8393486947763065,-2.848397317012268,0.01907,-0.01715,4.2575
821,112,0.6183,0.3817,CV,3.2992,3.3044,-6.9462277084276005,-6.954395389992852,-0.0913,-0.12639,80.4581
821,102,0.6187,0.3813,CV,1.4917,1.519,-10.430777256110293,-10.440775080034644,-0.28274,0.01556,220.0386
821,120,0.6178,0.3822,CV,2.3033,2.3039,-4.812557396339906,-4.817369342400233,-0.12099,0.0331,8.8378
821,128,0.6189,0.3811,CV,1.1735,1.1772,-3.361535472373639,-3.3713987052769596,-0.0051,0.00923,8.3761
821,106,0.612,0.388,CV,5.5609,5.5631,-10.487747488531948,-10.46876882736239,-0.03266,0.10104,8.6751
821,111,0.6131,0.3869,CV,1.4262,1.4275,-4.06117693693367,-4.068445482925695,0.04031,0.09896,4.2983
822,112,0.6183,0.3817,CV,3.3317,3.3349,-6.973975396280761,-6.98202491486262,-0.02947,-0.1528,82.9461
822,102,0.6183,0.3817,CV,7.4409,7.4394,-10.360722389407885,-10.368252188699483,-0.20557,-0.25355,215.4893
822,120,0.6182,0.3818,CV,0.6738,0.6723,-3.4301856577393197,-3.438617451421676,-0.06111,-0.00145,8.9401
822,128,0.6185,0.3815,CV,1.5792,1.5813,-4.313055165601767,-4.321006467061309,0.0457,-0.05237,8.4856
822,106,0.6182,0.3818,CV,1.5557,1.5704,-3.3572019463921827,-3.37391795913982,-0.09706,-0.01129,8.708
822,111,0.617,0.383,CV,0.7097,0.7097,-2.2238223596013356,-2.234125784035112,0.00028,0.06574,4.2578
823,112,0.6181,0.3819,CV,3.0509,3.0416,-7.267709731415309,-7.2748503845176815,-0.04799,-0.12774,85.9697
823,102,0.6186,0.3814,CV,3.572,3.5632,-10.244227661150436,-10.253428935947143,0.07082,-0.31609,213.6346
823,120,0.6184,0.3816,CV,0.665,0.666,-3.428899363825624,-3.4374912025690376,-0.00984,-0.03236,8.9734
823,128,0.6186,0.3814,CV,0.7789,0.7808,-3.3091255286400956,-3.3182673448478828,-0.00628,-0.00133,8.5662
823,106,0.6195,0.3805,CV,0.793,0.8007,-3.2214338536621745,-3.234782915026732,-0.01874,0.03109,8.7274
823,111,0.6183,0.3817,CV,1.1074,1.1101,-2.8593250154112155,-2.869434062408628,-0.06955,0.00742,4.2983
824,112,0.6185,0.3815,CV,4.1105,4.1258,-7.43247854624047,-7.441719637991463,-0.06775,-0.0243,85.5943
824,102,0.6189,0.3811,CV,2.3764,2.3704,-10.30518900044526,-10.315205799680248,0.12405,-0.08716,211.5462
824,120,0.6185,0.3815,CV,0.6163,0.6182,-3.6696783523721233,-3.678463005850849,0.00447,0.01873,9.0098
824,128,0.6187,0.3813,CV,0.7148,0.7176,-3.2604583114037955,-3.2698352687192993,-0.01615,0.0102,8.4709
824,106,0.6193,0.3807,CV,1.0156,1.0182,-3.281654707819665,-3.2923065893822367,0.00285,-0.00026,8.7465
824,111,0.619,0.381,CV,0.7362,0.739,-2.599678318527219,-2.6107613779450753,-0.00792,-0.00929,4.2374
825,112,0.6183,0.3817,CV,3.2372,3.2319,-7.949442878913734,-7.957245682613299,-0.14708,0.0728,85.5321
825,102,0.5881,0.4119,CV,61.9231,61.9356,-48.689921806437724,-48.570847420851024,-3.74909,0.13802,224.7526
825,120,0.6185,0.3815,CV,0.6505,0.6507,-3.3923064518116544,-3.4008976188399713,0.04371,-3e-05,9.0531
825,128,0.6187,0.3813,CV,0.5084,0.5088,-3.8843501072891478,-3.8933185974697166,-0.01356,0.00951,8.5387
825,106,0.619,0.381,CV,0.5876,0.5856,-3.3655554801929206,-3.3750820467413036,0.03378,-0.00714,8.7069
825,111,0.6191,0.3809,CV,0.2732,0.2719,-2.7981750058495476,-2.808482689004494,0.00573,-0.01168,4.1875
826,112,0.6187,0.3813,CV,1.8146,1.8279,-7.128318676095443,-7.13817357709873,-0.08373,0.00899,87.5898
826,102,0.6183,0.3817,CV,38.9105,39.1393,-21.161432936779313,-21.213981478896045,0.3883,0.03988,219.481
826,120,0.6185,0.3815,CV,0.8491,0.8496,-3.3851670073817424,-3.393934393079727,0.03668,-0.00413,8.9839
826,128,0.6187,0.3813,CV,0.6257,0.627,-3.3563025496665606,-3.3656043913626865,-0.00908,0.00647,8.4811
826,106,0.6177,0.3823,CV,1.6962,1.6926,-3.6832664160330157,-3.687892378971166,0.0542,-0.00695,8.8614
826,111,0.6189,0.3811,CV,0.8818,0.8834,-2.455161894526636,-2.4645167718932632,0.03299,0.01701,4.2292
827,112,0.6187,0.3813,CV,2.2589,2.2546,-7.102738305948486,-7.111646888141434,-0.17642,0.03335,88.3682
827,102,0.6161,0.3839,CV,13.2876,13.2693,-14.364864619098071,-14.363668543142058,1.22645,0.04148,215.3417
827,120,0.6188,0.3812,CV,0.5085,0.5116,-3.305720369197416,-3.3153275480478204,0.00398,-0.00365,9.0816
827,128,0.6188,0.3812,CV,0.2462,0.2448,-3.232746670766684,-3.2421026344470425,-0.00521,0.00359,8.4455
827,106,0.6183,0.3817,CV,0.4761,0.4783,-3.3166807239865563,-3.32567954621901,0.04255,-0.0288,8.8224
827,111,0.6186,0.3814,CV,0.8256,0.826,-2.4079553985376125,-2.4164135955244666,-0.02346,0.04199,4.2399
827,129,0.5,0.5,CA,10.6639,10.6641,-9.861716333596139,-9.862736168238008,-0.06771,0.04705,11.1611
828,112,0.6179,0.3821,CV,5.1389,5.1298,-9.027483143376195,-9.033458182552572,-0.26638,0.07162,87.1054
828,102,0.6156,0.3844,CV,8.9694,8.9114,-12.132253120177431,-12.131938149243236,1.30611,0.33051,212.4016
828,120,0.6187,0.3813,CV,0.9059,0.9062,-3.407858118304381,-3.41686173929514,-0.03516,0.02401,9.0428
828,128,0.618,0.382,CV,1.6051,1.6034,-3.8369199006241206,-3.8431872250689634,-0.00246,0.00148,8.2167
828,106,0.6184,0.3816,CV,1.1326,1.1352,-3.7533216420751767,-3.7618168640328156,-0.04619,-0.02487,8.7788
828,111,0.6188,0.3812,CV,0.3045,0.3067,-2.142928108178957,-2.1524186096101006,-0.00441,0.00757,4.229
828,129,0.5761,0.4239,CV,1.1071,1.1075,-4.101661162779167,-4.105974866843504,-0.05533,-0.00595,10.0355
829,112,0.6182,0.3818,CV,2.5563,2.5386,-8.54818552468136,-8.556452701707356,-0.11746,0.07361,86.4856
829,102,0.6183,0.3817,CV,3.6582,3.7005,-14.065145774783364,-14.077417756899141,0.686,0.26149,213.7064
829,120,0.6187,0.3813,CV,0.4121,0.409,-3.254325058995863,-3.263546412954464,-0.04371,0.02258,9.0205
829,128,0.6184,0.3816,CV,0.606,0.6004,-3.2806112307306305,-3.289551168091842,-0.00066,-0.02953,8.0982
829,106,0.6184,0.3816,CV,1.4691,1.4716,-3.7510915238153206,-3.7593366837869793,0.04734,-0.04165,8.6631
829,111,0.0,1.0,CA,174.4109,174.4107,-10013.432404067418,-9950.67427195802,-11.96245,1.02946,4.556
829,129,0.6034,0.3966,CV,0.6402,0.6414,-5.54170703203538,-5.549064272224559,-0.01392,-0.03327,9.9294
830,112,0.6184,0.3816,CV,2.189,2.1672,-9.663599910134462,-9.672289581521783,-0.14089,0.1253,86.0314
830,120,0.6187,0.3813,CV,0.5711,0.5683,-3.306577568955153,-3.3156651268855892,-0.06639,0.01515,9.0229
830,128,0.6185,0.3815,CV,2.3831,2.3893,-4.111969820505708,-4.1205463749872,0.05496,0.02816,8.3324
830,106,0.6187,0.3813,CV,0.9363,0.94,-3.312212517043977,-3.321708478012119,-0.02665,-0.00565,8.72
830,111,0.1359,0.8641,CA,124.8118,125.0519,-5173.768925142681,-5172.32457732346,2.46468,-0.31725,5.0331
830,129,0.613,0.387,CV,1.5485,1.5505,-6.5667841446589925,-6.574572125219483,0.06779,0.00642,9.8146
830,102,0.6188,0.3812,CV,6.6663,6.6789,-16.534771486478927,-16.544825594658057,0.19662,0.16585,208.2358
831,112,0.6176,0.3824,CV,7.7201,7.7246,-11.06110100488796,-11.066057919656304,-0.57312,0.0252,87.7568
831,120,0.6182,0.3818,CV,1.655,1.6543,-3.8286939815285486,-3.835726893504942,-0.00193,0.03639,8.7922
831,128,0.619,0.381,CV,0.9482,0.9539,-3.5776940119235094,-3.5884212844768273,0.00011,-0.01876,8.2251
831,106,0.6184,0.3816,CV,1.4076,1.4079,-3.5373839678161136,-3.5453056741676177,-0.01083,0.00581,8.5341
831,111,0.0275,0.9725,CA,49.5326,49.427,-790.4315814779035,-787.075794064246,12.73066,-1.12,5.9997
831,129,0.6167,0.3833,CV,0.5354,0.5339,-5.744115471503321,-5.7529956147377845,0.06887,-0.00067,9.895
831,102,0.5627,0.4373,CV,54.2039,54.2,-61.9542955775944,-61.73154319202718,-4.21659,-1.03008,186.5053
832,112,0.6187,0.3813,CV,2.9376,2.9568,-6.972996441577278,-6.983604733427731,-0.20308,-0.01963,88.9942
832,120,0.6191,0.3809,CV,1.1142,1.1215,-3.3146404527866453,-3.326040857681436,0.00565,-0.00026,8.8861
832,128,0.6188,0.3812,CV,0.6724,0.6729,-4.108944643157349,-4.118168218267173,0.04115,0.00366,8.1224
832,106,0.6184,0.3816,CV,0.97,0.967,-3.1897668957629213,-3.1978386480289958,-0.06231,0.03634,8.429
832,111,0.0294,0.9706,CA,14.3099,14.0405,-70.24385802331449,-67.1130602998922,17.75681,-1.72847,7.383
832,129,0.6178,0.3822,CV,0.8069,0.8034,-4.745997576931616,-4.754233506878645,0.09458,0.01034,9.958
833,112,0.6184,0.3816,CV,4.4302,4.4354,-7.045183074288734,-7.053254415707349,0.13176,0.03446,90.0867
833,120,0.6184,0.3816,CV,1.5968,1.5966,-3.6752700806370875,-3.682423114870925,0.06848,-0.03535,9.0532
833,128,0.6187,0.3813,CV,0.8321,0.8311,-3.88655980840107,-3.8954121963738055,0.03697,0.00732,7.9696
833,106,0.6162,0.3838,CV,2.5559,2.5524,-7.876777598098209,-7.875697556003902,0.03545,0.03414,8.0463
833,129,0.6182,0.3818,CV,1.5148,1.5179,-4.583273511285334,-4.591772199029393,0.00642,-0.00361,10.2201
833,111,0.2784,0.7216,CA,2.6533,2.2881,-4.557658833735083,-3.968028827984277,19.02839,-1.7468,8.7724
834,112,0.6184,0.3816,CV,2.7119,2.7103,-7.02280588780162,-7.031019033632287,0.23082,0.06933,90.0175
834,120,0.6188,0.3812,CV,0.678,0.6839,-3.3421698948212786,-3.35232881343698,0.00321,-0.00868,8.9896
834,128,0.6189,0.3811,CV,0.5404,0.5437,-3.111411565455574,-3.1215727792056294,0.02313,0.00562,7.978
834,106,0.6186,0.3814,CV,3.2125,3.2254,-4.826707871052034,-4.83918475799842,0.03967,-0.00605,8.3214
834,129,0.6182,0.3818,CV,1.506,1.5071,-4.298222751817513,-4.305955491341909,0.09417,-0.01848,10.2594
834,111,0.7397,0.2603,CV,3.3549,3.9075,-5.519996714095864,-6.574726499805026,7.70404,-0.98933,11.079
835,112,0.6181,0.3819,CV,3.1494,3.139,-8.181354610186254,-8.188506740093933,0.32967,-0.03393,90.4906
835,120,0.6184,0.3816,CV,1.5061,1.5068,-4.2115096406467005,-4.2191371593995495,0.08601,-0.00128,8.8312
835,128,0.6187,0.3813,CV,1.1119,1.1125,-3.3066231082508613,-3.315260238197953,-0.04172,0.05607,7.9691
835,129,0.6178,0.3822,CV,1.4084,1.4039,-5.158821691584696,-5.16472618845744,0.14418,-0.00448,10.281
835,106,0.619,0.381,CV,1.4945,1.4995,-3.6243554139019,-3.634792148156691,-0.05275,0.04059,8.1633
836,112,0.618,0.382,CV,4.6034,4.599,-8.66497660295261,-8.6718399385869,0.32503,0.06415,89.2159
836,120,0.6184,0.3816,CV,1.1617,1.1611,-3.671875288573172,-3.6801788446463584,0.02197,-0.02784,8.652
836,128,0.6184,0.3816,CV,0.9161,0.915,-3.222750783029562,-3.2308359919941885,-0.04415,0.02324,8.0385
836,106,0.6178,0.3822,CV,2.3757,2.3778,-4.017249470605733,-4.022258877612505,0.02307,-0.04046,8.308
836,129,0.6174,0.3826,CV,1.9827,1.9797,-13.88756327022803,-13.892530440724038,0.1263,0.01276,10.092
837,112,0.6179,0.3821,CV,3.2056,3.1853,-11.090033724057143,-11.09679962487394,0.39508,-0.00805,88.7551
837,120,0.6189,0.3811,CV,0.6964,0.6993,-3.3178323346194443,-3.32810270639296,0.00393,-0.05336,8.6654
837,128,0.6177,0.3823,CV,1.3674,1.3631,-4.515842390899914,-4.521084795245226,-0.08023,0.00806,8.1744
837,106,0.6178,0.3822,CV,1.2872,1.2848,-3.8682967051651924,-3.874914648637367,0.08164,-0.07169,8.3024
837,129,0.6175,0.3825,CV,1.1342,1.1248,-6.232292670120025,-6.2382548611314235,0.13821,-0.00201,10.0293
838,112,0.6169,0.3831,CV,5.6545,5.6315,-15.074894531502387,-15.077640179636086,0.62775,-0.12523,88.381
838,120,0.6182,0.3818,CV,1.4635,1.4612,-3.4137449241076583,-3.4206490055649335,0.03953,-0.0718,8.4326
838,128,0.6186,0.3814,CV,1.6894,1.6966,-3.734027420762915,-3.7441690308464923,0.03162,0.00042,8.0163
838,106,0.6183,0.3817,CV,0.3501,0.3488,-3.2746934345044614,-3.2833427766934693,0.06786,-0.0314,8.2577
838,129,0.6185,0.3815,CV,0.7604,0.7624,-7.990870244574599,-8.001059224007502,0.09771,0.03684,10.1366
838,111,0.5,0.5,CA,13.341,13.4461,-14.32105254094304,-13.798951299308609,-5.04215,0.55782,9.5892
839,112,0.6171,0.3829,CV,4.5161,4.4959,-22.895729940861656,-22.90087572853977,0.62976,-0.15683,89.5158
839,120,0.618,0.382,CV,2.2431,2.2466,-4.240926046554192,-4.247821268584539,0.09552,-0.07797,8.5917
839,128,0.6185,0.3815,CV,0.963,0.9634,-3.3007040048243366,-3.3090634564276113,-0.00596,-0.05513,7.9427
839,106,0.6181,0.3819,CV,1.4523,1.4531,-3.9553570838067764,-3.9626092166408036,-0.03098,-0.06033,8.3565
839,129,0.6185,0.3815,CV,0.7334,0.7286,-5.623396745196133,-5.632105127813256,0.10821,0.01986,10.1825
839,111,0.556,0.444,CV,1.358,1.1865,-3.6021091227771684,-3.5248395069951544,-4.09776,0.51137,9.3017
840,112,0.5993,0.4007,CV,36.0783,36.1117,-27.271019330245206,-27.20103426545533,-1.9924,-0.12522,92.8383
840,120,0.618,0.382,CV,1.7369,1.7372,-3.591335905402875,-3.5983772651035615,0.12531,-0.05481,8.3413
840,128,0.6182,0.3818,CV,1.5327,1.5339,-3.772105818419754,-3.7795107071968674,0.03899,-0.05147,8.1385
840,106,0.6185,0.3815,CV,1.3367,1.341,-3.4793567703488497,-3.4886535360543385,-0.02327,-0.02164,8.1936
840,129,0.6174,0.3826,CV,1.8381,1.8322,-3.9118120496331428,-3.915865711783564,0.17608,0.04934,10.0639
840,111,0.5815,0.4185,CV,1.3628,1.241,-2.997401540410694,-2.943309627358161,-3.28572,0.38508,9.0355
841,112,0.598,0.402,CV,16.9575,16.8596,-10.704837925725872,-10.655718410927358,-1.97313,-0.05479,99.79
841,120,0.6168,0.3832,CV,2.4559,2.4548,-4.258560783711269,-4.260684566963355,0.17982,-0.00313,8.4824
841,128,0.6162,0.3838,CV,2.7931,2.7895,-6.909569344157065,-6.909000819782528,-0.00835,-0.03603,8.5794
841,106,0.6184,0.3816,CV,1.2347,1.2353,-3.6609418271405043,-3.6689511031121884,-0.07018,0.04891,8.2201
841,129,0.6169,0.3831,CV,1.9312,1.9252,-8.104640090290747,-8.108042384935636,0.1317,0.05342,9.7601
841,102,0.5,0.5,CA,54.6109,54.6126,-18.343706452564966,-18.33828899608189,-0.31234,0.2883,169.1056
841,111,0.6177,0.3823,CV,0.5049,0.5976,-3.3644214143589886,-3.423996877783658,-1.78269,0.20528,8.5861
842,112,0.6073,0.3927,CV,5.9448,5.8302,-7.830970171492798,-7.822607596811184,-1.56933,-0.09478,102.3367
842,120,0.6168,0.3832,CV,1.6344,1.6292,-4.156206203880892,-4.160311990320407,0.11098,0.03721,8.6954
842,128,0.6174,0.3826,CV,0.4971,0.4935,-4.656375726860964,-4.663797120667347,-0.01723,-0.00109,8.7212
842,106,0.6186,0.3814,CV,0.5011,0.5011,-3.1510473904097163,-3.1603223305037353,-0.06216,0.00133,8.2565
842,129,0.616,0.384,CV,1.9814,1.9714,-4.587180173001305,-4.587354453629752,0.2245,0.08027,9.609
842,111,0.6182,0.3818,CV,1.3931,1.3697,-4.210788151922992,-4.219182113015268,-1.27735,0.13857,8.2071
842,102,0.5746,0.4254,CV,11.6445,11.621,-14.671458564429916,-14.669689358433327,-0.08479,0.20434,154.343
843,112,0.6145,0.3855,CV,0.859,0.8667,-7.227062085015316,-7.235232037453461,-0.94166,-0.10703,104.2124
843,120,0.6166,0.3834,CV,1.9028,1.8976,-4.37407578577443,-4.376879233766049,0.18291,0.03902,8.6552
843,128,0.6184,0.3816,CV,1.5967,1.604,-3.750560146298473,-3.7601102175606895,-0.01444,0.00779,8.5608
843,106,0.6183,0.3817,CV,1.6534,1.6548,-4.305120737653086,-4.312833985983144,0.01115,-0.0064,8.0412
843,111,0.6046,0.3954,CV,1.8614,1.8053,-3.820325415964739,-3.770655900847097,-1.36694,0.16092,7.6778
843,102,0.6023,0.3977,CV,13.0204,13.0416,-11.86718616567451,-11.87213518203184,0.38575,-0.1383,151.4242
843,129,0.6156,0.3844,CV,1.8161,1.8038,-5.742388363763737,-5.742416420713758,0.1975,0.04195,9.276
844,112,0.6173,0.3827,CV,3.8625,3.8831,-7.747123336203032,-7.7567194059949225,-0.5482,-0.11146,104.8228
844,120,0.6176,0.3824,CV,1.0565,1.0563,-3.7166492912220868,-3.7243354631060543,0.12826,-0.04135,8.6375
844,128,0.618,0.382,CV,1.5658,1.5654,-3.605465880145855,-3.6121090766170107,0.04309,0.00808,8.4487
844,106,0.6189,0.3811,CV,0.343,0.3483,-2.982072768289069,-2.9926516467291666,-0.00642,-0.00265,8.0373
844,129,0.6144,0.3856,CV,2.1836,2.1717,-4.281362761344534,-4.277021547910459,0.3057,-0.00086,9.0529
844,111,0.6179,0.3821,CV,1.8477,1.8613,-3.428495058259449,-3.4552907413483167,-0.71464,0.11873,7.0291
844,102,0.6108,0.3892,CV,10.0048,9.9791,-12.436164657953888,-12.43618153516586,0.68709,-0.12903,157.2498
845,112,0.6183,0.3817,CV,2.9142,2.9265,-7.29452507354504,-7.303785041793777,-0.2665,0.01376,108.4297
845,120,0.6185,0.3815,CV,1.0292,1.0349,-3.49240684172734,-3.502447925925546,0.03584,-0.01854,8.5465
845,128,0.6187,0.3813,CV,0.5695,0.5739,-3.2653688538866805,-3.27559952352416,-0.01275,0.00612,8.5655
845,106,0.6186,0.3814,CV,1.1131,1.1117,-3.1884204152069775,-3.196722225140638,-0.06535,0.03055,7.9298
845,111,0.6203,0.3797,CV,0.755,0.7545,-2.300553427214261,-2.317643933386559,-0.44943,0.015,6.6254
845,129,0.6174,0.3826,CV,0.3535,0.3384,-2.9512122273233166,-2.961104315634117,0.21286,-0.00015,8.8681
845,131,0.7,0.3,CV,48.4549,48.4549,-14.214105567540429,-14.214105567540429,0.0,0.0,414.8096
846,112,0.6184,0.3816,CV,5.9597,5.9738,-8.125468037951366,-8.134097667604332,0.23587,-0.08884,111.4225
846,120,0.6186,0.3814,CV,1.0941,1.0963,-3.4109271662744276,-3.4198887845942725,-0.04578,-0.03032,8.6231
846,128,0.6189,0.3811,CV,0.1963,0.196,-3.2591669140849864,-3.2691532211826875,-0.02151,0.00418,8.6563
846,106,0.619,0.381,CV,0.795,0.7997,-3.0680869754076565,-3.0787627918318687,-0.00163,0.03072,7.9444
846,111,0.6219,0.3781,CV,0.4329,0.4539,-2.223831387770338,-2.24416084921529,-0.19078,0.00873,6.2522
846,131,0.642,0.358,CV,43.6103,43.6103,-15.214237149858604,-15.201111983030925,-8.44682,-0.97918,574.7913
846,129,0.61,0.39,CV,3.8924,3.8814,-6.957759729357645,-6.932186060894476,0.44705,-0.0208,8.6906
847,112,0.6122,0.3878,CV,22.6158,22.6066,-31.0409050940824,-31.023030085514776,0.41128,-0.41053,124.7522
847,120,0.6187,0.3813,CV,0.7945,0.7968,-3.4219852481705515,-3.4314217321948792,-0.00729,0.03199,8.6807
847,128,0.6183,0.3817,CV,1.5515,1.5501,-3.552766352437678,-3.5598299601812933,-0.01717,0.00275,8.4739
847,106,0.6186,0.3814,CV,1.2801,1.2801,-3.6765621490885216,-3.6848753014948543,0.01365,0.02433,7.7222
847,111,0.6189,0.3811,CV,2.0115,2.0129,-3.542486372911641,-3.547605122484475,-0.02191,-0.08959,5.7297
847,131,0.6064,0.3936,CV,39.3006,38.9669,-19.815318272582793,-19.737927351111296,-21.69411,-0.49544,872.4863
848,112,0.5915,0.4085,CV,59.6091,59.5342,-88.77814650327217,-88.68292909650486,0.28453,-0.88905,162.4709
848,120,0.6187,0.3813,CV,0.8745,0.8745,-3.7237224775912536,-3.732596049421108,-0.02858,0.0406,8.5901
848,128,0.6189,0.3811,CV,0.7914,0.7945,-3.639911491814272,-3.6504223097305637,0.04654,0.00172,8.4995
848,106,0.6177,0.3823,CV,2.7998,2.8043,-4.437163405527079,-4.442311918047707,0.06419,0.01713,7.9764
848,111,0.6154,0.3846,CV,1.6756,1.6683,-3.463812780577336,-3.458661266794528,-0.12945,-0.10986,5.2739
848,131,0.5706,0.4294,CV,40.3373,39.2815,-25.7857700282242,-25.613463983599267,-30.98204,5.50574,1190.6663
849,112,0.5944,0.4056,CV,37.0588,36.8835,-73.90554305344173,-73.85301558312638,0.51703,-0.82102,202.8938
849,120,0.6187,0.3813,CV,0.6907,0.6908,-3.3680095042543536,-3.377110284820473,-0.04901,0.03396,8.6591
849,128,0.619,0.381,CV,0.4616,0.4609,-3.1656176355701855,-3.1756658051827378,0.04635,-0.02676,8.523
849,106,0.6186,0.3814,CV,1.3993,1.405,-3.4652263811512567,-3.4753969579282096,0.03346,0.06236,7.8132
849,111,0.6201,0.3799,CV,1.6626,1.6755,-3.1065669131136078,-3.126712971566966,0.02144,-0.01874,5.0976
849,131,0.5566,0.4434,CV,34.9374,33.1365,-31.370614924200805,-31.193722107592542,-34.64518,9.45416,1477.5544
850,112,0.6047,0.3953,CV,17.5064,17.3572,-61.83099606236561,-61.816793920322056,0.64031,-0.57823,222.935
850,120,0.6186,0.3814,CV,0.7178,0.7161,-3.6015940050584887,-3.6102540894537087,-0.07236,-5e-05,8.7095
850,128,0.619,0.381,CV,0.1434,0.1415,-3.2452408192481057,-3.2552226959945707,0.03163,-0.02428,8.5078
850,106,0.6184,0.3816,CV,1.462,1.4642,-3.409760662977785,-3.417624604763207,0.01631,-0.02312,7.8889
850,111,0.6181,0.3819,CV,1.6163,1.6161,-3.074656077121218,-3.079192076086373,0.07388,0.03363,4.994
850,131,0.5672,0.4328,CV,28.1514,26.2346,-41.02947904265879,-40.91582897909711,-34.40987,10.59156,1671.1459
851,112,0.6112,0.3888,CV,13.7396,13.6815,-54.14115344680529,-54.13951616128789,0.91334,-0.34174,239.8118
851,120,0.6187,0.3813,CV,0.9408,0.9427,-3.5028920675611315,-3.5119857369986565,-0.01116,-0.05545,8.726
851,128,0.6188,0.3812,CV,1.1321,1.1342,-3.4221045689937872,-3.4311558025268667,-0.03405,0.01016,8.5955
851,106,0.6183,0.3817,CV,0.6194,0.6155,-3.189475379353584,-3.197306108325286,0.03075,-0.03525,7.9616
851,111,0.6168,0.3832,CV,1.4533,1.4498,-2.9051884034244493,-2.907316354476024,0.01057,0.05826,4.9416
851,131,0.584,0.416,CV,21.2311,19.4082,-48.10223603463483,-48.042133404744,-30.13477,9.86418,1773.2467
852,112,0.615,0.385,CV,4.9918,4.9494,-49.560561207747156,-49.56488480927788,0.78112,-0.16538,259.0217
852,120,0.6184,0.3816,CV,1.3993,1.4004,-3.6737757008760443,-3.6818797041978244,-0.07883,0.00436,8.6276
852,128,0.6189,0.3811,CV,0.7264,0.7294,-3.28942483437711,-3.299118905688386,0.01133,-0.01001,8.5238
852,106,0.618,0.382,CV,0.8975,0.8943,-3.2754610740081884,-3.2824486653161022,0.02289,-0.00299,8.0859
852,111,0.6174,0.3826,CV,0.7056,0.7031,-2.7362102264450145,-2.7426275334966252,-0.027,0.02459,4.8662
852,131,0.6063,0.3937,CV,14.2486,13.4161,-55.94290157027837,-55.95108130227256,-21.57519,7.62355,1780.0043
853,112,0.6159,0.3841,CV,15.5327,15.522,-41.69578223176138,-41.69877027670923,1.22029,-0.05946,273.9999
853,120,0.6182,0.3818,CV,1.0932,1.0894,-3.3030408368928392,-3.3103818211395946,-0.07525,-0.00772,8.4733
853,128,0.6186,0.3814,CV,0.9673,0.9667,-4.468050890177833,-4.476595751549957,0.01641,-0.01045,8.364
853,106,0.6176,0.3824,CV,2.2859,2.288,-4.139020340226939,-4.14454368081065,-0.08335,0.10185,8.0574
853,111,0.6184,0.3816,CV,0.8881,0.8935,-3.2403633624553336,-3.2500915137271296,-0.00347,-0.01388,4.7111
853,131,0.623,0.377,CV,12.5323,13.0775,-55.90892962440553,-55.95445821119897,-10.77423,4.73082,1719.5032
854,112,0.6151,0.3849,CV,17.1714,17.1134,-32.791463686825516,-32.78930959512938,1.75985,0.04832,291.0966
854,120,0.619,0.381,CV,0.5328,0.5396,-3.1111359947993,-3.122120344521304,-0.02387,-0.00371,8.5065
854,128,0.6188,0.3812,CV,0.5922,0.5948,-3.1232002180333533,-3.1330608183989614,0.01096,-0.03324,8.3957
854,111,0.6183,0.3817,CV,0.7599,0.7602,-2.347241975364109,-2.35493338111367,-0.04478,0.00537,4.6196
854,131,0.6117,0.3883,CV,28.7326,28.2843,-86.27647234614656,-86.24983214901015,-12.32795,3.20043,1640.5582
854,106,0.617,0.383,CV,2.73,2.7324,-4.318943454691965,-4.3224474035197575,-0.08612,-0.01023,7.7251
855,112,0.6148,0.3852,CV,14.0507,13.9553,-28.45241077074553,-28.450443423612796,1.97847,0.03017,310.7376
855,120,0.6188,0.3812,CV,0.9046,0.9039,-3.264541681821599,-3.27350820111478,-0.06949,0.02938,8.5168
855,128,0.6186,0.3814,CV,1.3696,1.3712,-3.573768144261116,-3.582044625700268,-0.04647,0.02468,8.5193
855,106,0.6167,0.3833,CV,1.6413,1.6353,-5.202874633104587,-5.205867893658109,0.00119,-0.03176,7.4999
855,111,0.6184,0.3816,CV,0.2558,0.2538,-2.378506877196862,-2.3870588586697123,-0.03814,0.00699,4.5642
855,131,0.608,0.392,CV,41.6019,41.3679,-61.853441588018434,-61.827656742340864,-10.68214,0.91419,1639.4328
856,112,0.616,0.384,CV,8.7648,8.6622,-28.44233264327615,-28.445691230898362,1.6953,0.17418,329.6077
856,120,0.6184,0.3816,CV,1.0712,1.0693,-3.418792422772558,-3.426550452588091,-0.0851,0.00511,8.6022
856,128,0.6183,0.3817,CV,1.1526,1.1513,-3.38694510849467,-3.3945503050468657,-0.09723,0.0316,8.4541
856,106,0.6192,0.3808,CV,1.1493,1.1606,-3.240189524032173,-3.25465240773718,-0.01241,-0.02629,7.582
856,111,0.6186,0.3814,CV,0.7664,0.7683,-2.49536254609603,-2.5043932680588283,0.02861,0.00428,4.5187
856,131,0.6077,0.3923,CV,24.458,23.8344,-59.020267103941194,-58.9986576744578,-9.2762,0.66093,1618.5355
857,112,0.6155,0.3845,CV,13.04,12.9393,-23.888000383270708,-23.887437935825883,1.91083,0.23509,347.165
857,120,0.6185,0.3815,CV,1.4177,1.4197,-3.539650654849133,-3.5481825630256543,-0.06116,0.05362,8.4131
857,128,0.6188,0.3812,CV,0.5613,0.5664,-3.4875539353671887,-3.4975017865620743,-0.02726,-0.00115,8.4093
857,106,0.6192,0.3808,CV,0.4684,0.4661,-2.8883326049498996,-2.898831910951011,-0.01105,-0.0466,7.4912
857,111,0.6166,0.3834,CV,1.9536,1.953,-3.316823030345222,-3.317314050024448,0.01061,-0.08291,4.3183
857,131,0.6064,0.3936,CV,32.1849,31.7129,-52.552452161925466,-52.52590426434833,-8.84629,0.76687,1581.8399
858,112,0.6154,0.3846,CV,11.9767,11.8626,-20.953519384888835,-20.95334644862227,1.98514,0.28635,364.238
858,120,0.6186,0.3814,CV,1.4369,1.4408,-3.4492479690791216,-3.458287562974075,-0.03655,-0.02852,8.5203
858,128,0.6188,0.3812,CV,0.2302,0.2312,-3.329212398374901,-3.3387036190717687,-0.0031,-0.0071,8.3971
858,106,0.6188,0.3812,CV,0.8875,0.8856,-3.0359483825285265,-3.0448669304676357,-0.06352,-0.06369,7.3826
858,111,0.6186,0.3814,CV,1.5182,1.5249,-2.7663397852137885,-2.777988145270425,0.0621,0.01192,4.3551
858,131,0.6071,0.3929,CV,30.366,29.9366,-47.917179794283726,-47.89565689002229,-8.05741,0.81439,1552.8251
859,112,0.6154,0.3846,CV,11.5805,11.4624,-16.084013814856,-16.084124154076164,1.97195,0.3191,378.8528
859,120,0.6187,0.3813,CV,0.6184,0.6184,-3.2699750227180626,-3.279089122074867,-0.05705,-0.01074,8.4862
859,128,0.6173,0.3827,CV,2.4047,2.4043,-4.956816515522273,-4.959821212220808,-0.05139,0.02255,8.0548
859,106,0.6192,0.3808,CV,0.6673,0.6716,-2.8793939986279566,-2.8903080848349094,-0.02531,0.00991,7.297
859,111,0.6188,0.3812,CV,0.4117,0.4123,-2.1499149800662156,-2.159560405535972,0.03079,0.00314,4.3703
859,131,0.6092,0.3908,CV,26.9141,26.5456,-42.94280948282252,-42.92881757602962,-7.01038,0.81421,1525.9817
860,112,0.6164,0.3836,CV,7.5856,7.468,-16.544942316300265,-16.54927342033836,1.68343,0.36008,393.6277
860,120,0.6185,0.3815,CV,0.7317,0.7288,-3.2090711900981375,-3.217269663445851,-0.08349,-0.00094,8.4413
860,128,0.6187,0.3813,CV,0.8934,0.8977,-3.0283387962367763,-3.0393678953315058,0.01773,-0.03812,7.9902
860,106,0.6188,0.3812,CV,1.0102,1.0111,-3.06057845667041,-3.0694248368268964,0.01882,0.02387,7.3161
860,111,0.6186,0.3814,CV,1.0761,1.0782,-2.6084974671748404,-2.6172447257153153,-0.03567,0.02649,4.263
860,131,0.6087,0.3913,CV,34.0884,33.7809,-39.61176580103441,-39.592847213466776,-6.65803,1.04404,1488.2102
861,112,0.6156,0.3844,CV,13.398,13.2961,-15.016492504892714,-15.015762597247647,1.9567,0.30707,405.802
861,120,0.6188,0.3812,CV,0.4642,0.4686,-3.2348653312010622,-3.2448163561813534,-0.01776,0.00446,8.4257
861,128,0.6188,0.3812,CV,1.7577,1.7628,-3.767826872227819,-3.777574712128277,0.02874,0.01781,8.1504
861,106,0.6174,0.3826,CV,1.862,1.8591,-3.5907625099241463,-3.5940444342921767,0.00033,0.02128,7.5013
861,111,0.616,0.384,CV,2.9094,2.9114,-6.173661892346227,-6.171500357199522,0.01084,-0.02418,4.491
861,131,0.6076,0.3924,CV,34.5754,34.246,-36.71587297828472,-36.693006909387556,-6.57186,1.30027,1450.2256
862,112,0.6146,0.3854,CV,14.8979,14.7815,-12.181990034301615,-12.178249699113124,2.22068,0.27186,415.0794
862,120,0.6183,0.3817,CV,1.62,1.6209,-3.601631158075593,-3.6088110015205808,0.08262,0.03265,8.5222
862,128,0.6183,0.3817,CV,1.0982,1.0948,-3.493266787830035,-3.5004814188746014,0.07524,-0.00019,8.1997
862,106,0.6156,0.3844,CV,2.4001,2.3928,-4.800880657428312,-4.798689066523031,0.04043,-0.02635,7.7997
862,111,0.6182,0.3818,CV,1.3153,1.3224,-3.101958687393869,-3.112988405766462,-0.00161,-0.05405,4.4019
862,131,0.6095,0.3905,CV,24.8496,24.5,-30.55594706149296,-30.542703119054885,-5.82978,1.21098,1418.1349
863,112,0.6148,0.3852,CV,11.9121,11.783,-11.13784833069541,-11.13671917068704,2.11269,0.24608,421.7885
863,120,0.6184,0.3816,CV,0.6171,0.6146,-3.3001960105301715,-3.308554294044479,0.04717,0.05654,8.5737
863,128,0.6178,0.3822,CV,1.1022,1.097,-3.3607295166726416,-3.3666839359476044,0.06285,-0.02687,8.2922
863,106,0.6173,0.3827,CV,0.8624,0.8652,-4.26716049278985,-4.275003268118827,-0.02211,-0.00814,7.8499
863,111,0.6182,0.3818,CV,1.0761,1.0783,-2.764199012158408,-2.77210616350979,0.02144,0.02964,4.412
863,131,0.6131,0.3869,CV,16.7503,16.4816,-22.569800429642584,-22.56864738283214,-4.36089,0.81908,1381.9084
864,112,0.6158,0.3842,CV,8.8079,8.681,-10.978471055422915,-10.981032698935605,1.91365,0.22433,430.4483
864,120,0.6178,0.3822,CV,1.5001,1.498,-3.7825623827987744,-3.788505590251588,0.10128,-0.00169,8.7056
864,128,0.6186,0.3814,CV,1.2059,1.2117,-4.382764195127235,-4.392644665188824,0.04156,-0.0243,8.1195
864,106,0.6182,0.3818,CV,1.9107,1.9172,-3.7876412088879237,-3.7965524793420924,0.03979,0.02311,7.6669
864,111,0.6169,0.3831,CV,2.2591,2.2614,-3.7939690342477763,-3.7962726036177354,-0.00482,-0.01087,4.2046
864,131,0.6091,0.3909,CV,34.7815,34.5145,-30.460856568301484,-30.437999453391424,-5.49207,0.94576,1339.5132
865,112,0.6162,0.3838,CV,9.2355,9.1223,-10.585233260045825,-10.58808266589618,1.78078,0.15048,436.2907
865,120,0.6186,0.3814,CV,0.9084,0.9152,-3.4096115342194344,-3.419635778244754,0.01317,-0.01307,8.6781
865,128,0.6186,0.3814,CV,0.8243,0.8258,-3.176917824166119,-3.1856783387647702,0.02337,0.03592,8.1417
865,106,0.6182,0.3818,CV,0.6906,0.6883,-3.0982176393837326,-3.106125936978938,0.04327,0.02509,7.6412
865,111,0.6187,0.3813,CV,1.0844,1.0905,-2.3858940234571233,-2.3978003555609924,-0.00718,0.04404,4.2587
865,131,0.5983,0.4017,CV,50.7514,50.4207,-26.97443841544951,-26.911893438318028,-7.50026,1.42885,1274.683
866,112,0.6168,0.3832,CV,7.797,7.694,-10.204365593998066,-10.208958667792503,1.62779,0.22087,442.8177
866,120,0.6185,0.3815,CV,1.0086,1.0095,-3.343433073973754,-3.352001297852553,-0.00907,-0.01029,8.561
866,128,0.6187,0.3813,CV,0.7939,0.7959,-3.1799888565988317,-3.189364059756635,0.01043,-0.01164,8.0697
866,106,0.6184,0.3816,CV,0.8069,0.8067,-3.1830924106479626,-3.1917862228960545,0.05862,0.04611,7.7812
866,111,0.6179,0.3821,CV,1.1446,1.1423,-2.4872796423069166,-2.4931296803749516,0.02374,0.1021,4.2229
866,131,0.6131,0.3869,CV,6.9611,7.1461,-22.16802722132852,-22.18378822295026,-4.63158,0.46261,1255.2178
867,112,0.617,0.383,CV,7.7195,7.625,-9.768713367820471,-9.773687373296596,1.4832,0.18828,446.4421
867,120,0.6186,0.3814,CV,0.5093,0.5069,-3.1730364225763927,-3.182095273972522,0.00332,-0.03204,8.5308
867,106,0.6187,0.3813,CV,0.3027,0.3038,-3.138698015368203,-3.1482908229809077,0.01877,0.03813,7.8722
867,111,0.6187,0.3813,CV,0.9128,0.9165,-2.3186473412785227,-2.3291024718079436,0.0503,0.02568,4.2507
867,131,0.6181,0.3819,CV,4.9313,5.13,-23.297202855039185,-23.311917188965857,-2.42083,0.0016,1227.992
868,112,0.6173,0.3827,CV,6.8236,6.7362,-9.579413721944963,-9.585263645885634,1.35356,0.11173,449.4913
868,120,0.6182,0.3818,CV,1.6407,1.6405,-3.654709877603277,-3.661753707660369,-0.11782,-0.02504,8.5289
868,106,0.6186,0.3814,CV,1.1566,1.1576,-3.3447629267616983,-3.353419942508773,-0.04896,0.02536,7.8135
868,111,0.6184,0.3816,CV,0.8238,0.8227,-2.325413637514302,-2.333259396562367,0.06693,-0.02614,4.2623
868,131,0.6187,0.3813,CV,11.5812,11.5677,-25.53959321031806,-25.549543624316264,-1.10379,-0.08879,1179.4766
869,112,0.6177,0.3823,CV,5.426,5.3463,-9.443247578316623,-9.450295027780678,1.17279,0.07259,452.2654
869,120,0.618,0.382,CV,1.5488,1.5476,-3.568491356472846,-3.5755241679083647,-0.05079,-0.01341,8.2988
869,106,0.6185,0.3815,CV,1.289,1.2913,-3.7990326772325393,-3.807675345370237,-0.04809,-0.01106,8.007
869,111,0.6185,0.3815,CV,1.4554,1.4593,-2.7861161086775033,-2.7949353894786775,-0.05207,0.02001,4.2527
869,131,0.6185,0.3815,CV,8.513,8.414,-24.933584920264284,-24.941702493250176,-0.93997,-0.06004,1134.8129
870,112,0.6179,0.3821,CV,5.5712,5.5036,-9.3798479544782,-9.387059473918153,1.08799,0.10457,455.2649
870,120,0.6185,0.3815,CV,1.1028,1.1028,-3.228995464036008,-3.238060904690086,-0.09137,-0.06221,8.2786
870,106,0.6188,0.3812,CV,0.5292,0.533,-3.4916835868794545,-3.5014612318240146,-0.00882,0.00848,8.0327
870,111,0.6183,0.3817,CV,0.5019,0.4989,-2.36284060043247,-2.370718569258674,-0.0628,0.02204,4.2443
870,131,0.6187,0.3813,CV,4.9812,4.8859,-22.441001293002444,-22.450438190606704,-0.78921,-0.12395,1097.2137
871,112,0.6179,0.3821,CV,6.6922,6.6326,-9.281835674432784,-9.288573880584597,1.0862,-0.04525,456.6167
871,120,0.6177,0.3823,CV,2.0377,2.0373,-3.9204176377107025,-3.925631215357564,-0.1339,-0.04934,8.4698
871,106,0.6183,0.3817,CV,1.5298,1.5304,-3.494104608344037,-3.501382074608148,0.02819,-0.09255,8.0388
871,111,0.6185,0.3815,CV,0.3928,0.3928,-2.156816486701596,-2.1657843755922928,-0.04656,-0.01165,4.2388
871,131,0.6186,0.3814,CV,6.9307,6.8589,-21.51068871013276,-21.519496955172606,-0.89026,-0.24064,1060.1379
871,128,0.5,0.5,CA,1.6248,1.6249,-5.217778952398148,-5.227899137846263,-0.03986,-0.05019,9.1247
872,112,0.6175,0.3825,CV,8.934,8.8773,-9.472391181832759,-9.47772439547013,1.23993,-0.24118,459.3985
872,120,0.6185,0.3815,CV,1.1276,1.1319,-3.6765619715920335,-3.686445966509762,-0.02192,-0.07832,8.4337
872,106,0.6185,0.3815,CV,1.6731,1.6769,-3.642057927138187,-3.6508353348658558,0.02874,0.04493,7.9627
872,111,0.6174,0.3826,CV,1.8032,1.8041,-3.1085929808304433,-3.1123283073791495,0.02636,-0.04583,4.0773
872,131,0.6189,0.3811,CV,6.0708,6.0819,-16.974249639963237,-16.984444233305332,-0.73309,-0.39211,1036.4949
873,112,0.6173,0.3827,CV,8.962,8.9009,-9.565477214336507,-9.570485297220577,1.32335,-0.20356,465.5251
873,120,0.6179,0.3821,CV,1.182,1.1771,-3.548631988007351,-3.554545256976745,-0.03492,-0.10426,8.4912
873,106,0.6177,0.3823,CV,1.7458,1.7433,-3.9339166208982035,-3.9389362504740753,-0.06412,0.09015,7.8319
873,131,0.6187,0.3813,CV,8.1342,8.1262,-14.404129584252624,-14.413121760343488,-0.45485,-0.68545,1018.3198
873,111,0.6187,0.3813,CV,0.433,0.4375,-1.9547494461913244,-1.965950642891826,0.03356,-0.01124,4.0727
874,112,0.6166,0.3834,CV,15.4982,15.4658,-11.240665832814775,-11.24308679130743,1.22681,-0.65438,455.918
874,120,0.6182,0.3818,CV,0.7845,0.7828,-4.404931264716089,-4.413127131585739,-0.03213,-0.09781,8.4246
874,106,0.6186,0.3814,CV,1.0078,1.0108,-3.1332977760814895,-3.1436817734479483,0.02397,0.01324,7.7747
874,111,0.6188,0.3812,CV,0.4903,0.4894,-2.5811843216764805,-2.590702400388209,0.05387,-0.00179,4.0693
874,131,0.6181,0.3819,CV,13.7065,13.6843,-11.605110525632476,-11.611680559616795,-0.1662,-0.81689,1015.2987
875,112,0.6155,0.3845,CV,15.1018,15.0334,-12.6969956340223,-12.695675609159862,0.98793,-0.97555,443.0049
875,120,0.6184,0.3816,CV,0.9903,0.9903,-3.9521360431314623,-3.960618826891862,-0.03916,-0.05808,8.2759
875,106,0.6187,0.3813,CV,1.8922,1.8971,-5.0397325596839675,-5.048893791239027,-0.07507,-0.00766,7.9396
875,111,0.6187,0.3813,CV,0.9313,0.9328,-2.396658628826522,-2.40545404280447,0.01495,0.02573,4.1185
875,131,0.618,0.382,CV,14.0329,14.0256,-10.626432794578854,-10.633321987323765,0.75458,-0.69494,1003.2727
876,112,0.6161,0.3839,CV,9.825,9.7353,-12.269775776750295,-12.272420700818776,0.58118,-0.84155,432.029
876,120,0.6179,0.3821,CV,1.4819,1.4796,-3.976458594799932,-3.9827307351727486,-0.12884,-0.02099,8.2131
876,106,0.6188,0.3812,CV,1.4966,1.5011,-3.635826992081583,-3.645517299686423,0.05649,0.01453,7.9086
876,111,0.6176,0.3824,CV,1.1539,1.151,-2.8877427667356077,-2.892215565351104,0.0018,0.0463,4.2131
876,131,0.6185,0.3815,CV,14.7672,14.8226,-12.283510854523097,-12.292917573326424,-0.07191,-0.27221,971.6403
876,128,0.5,0.5,CA,2.7158,2.7166,-6.164057732244416,-6.1737587005520735,-0.00557,0.06271,9.045
877,112,0.6173,0.3827,CV,6.4869,6.4053,-12.643645645512859,-12.650586003162019,0.41258,-0.39565,421.1902
877,120,0.616,0.384,CV,2.5002,2.4956,-4.7451901809672385,-4.743874700802707,-0.19789,0.12007,8.0736
877,106,0.6184,0.3816,CV,0.9289,0.9264,-3.5913117439744493,-3.5991077658991806,0.0933,-0.01285,7.8605
877,111,0.0,1.0,CA,152.4972,152.4973,-6781.665445730875,-6743.654629645105,-9.19237,0.0802,4.6633
877,131,0.6174,0.3826,CV,23.4729,23.472,-11.008840947076836,-11.012855754585933,-1.63573,-0.20569,964.4486
877,128,0.5751,0.4249,CV,3.9655,3.9704,-5.862208608781375,-5.86241414375771,0.1152,0.05415,9.0015
878,112,0.6193,0.3807,CV,5.5671,5.6373,-10.56794333089801,-10.58194866347079,0.3265,0.08559,417.6449
878,120,0.6163,0.3837,CV,1.705,1.6988,-3.4777875584450966,-3.4807371495879393,-0.23561,0.03835,8.0888
878,131,0.6183,0.3817,CV,14.477,14.5273,-10.722273081463392,-10.731565864269418,-0.40358,-0.41052,974.0643
878,106,0.6188,0.3812,CV,1.1993,1.2031,-3.2581567495334576,-3.267901745480991,-0.00646,0.01005,7.7349
879,112,0.6189,0.3811,CV,9.6436,9.6489,-10.518593561312162,-10.52763968926071,0.37905,0.69377,414.4956
879,120,0.6158,0.3842,CV,1.5653,1.5527,-3.445364211814162,-3.445877220284777,-0.25165,0.0471,8.0831
879,131,0.6176,0.3824,CV,18.5288,18.5082,-10.933789445260427,-10.938768884427613,0.43249,-0.40039,993.4273
880,112,0.618,0.382,CV,8.966,8.9274,-10.2613913170266,-10.267267220804403,0.5088,0.89843,411.4271
880,120,0.6136,0.3864,CV,2.7929,2.7824,-4.386964278869803,-4.378751935389418,-0.30073,-0.00734,8.2617
880,131,0.6171,0.3829,CV,14.5326,14.4578,-10.75982799887169,-10.763890598285272,0.77642,-0.38491,1013.1463
881,112,0.6178,0.3822,CV,6.5685,6.5173,-10.639105046938194,-10.64541309313123,0.63156,0.73214,408.7877
881,120,0.6131,0.3869,CV,2.3483,2.3331,-5.80194444073833,-5.794785723708134,-0.32615,-0.05838,8.2516
881,131,0.6168,0.3832,CV,15.0229,14.9331,-10.831680576882889,-10.834986699880204,1.00004,-0.30057,1038.7956
882,112,0.6175,0.3825,CV,7.9188,7.8691,-11.529661155024257,-11.534856240883661,0.8528,0.60099,406.361
882,120,0.612,0.388,CV,2.8231,2.8108,-8.83461337044621,-8.823954393303524,-0.36269,-0.01785,8.0145
882,131,0.6171,0.3829,CV,10.8825,10.7998,-10.771185410710249,-10.776239638077971,1.1664,-0.18891,1059.4585
882,128,0.5,0.5,CA,1.782,1.7846,-5.24530510128746,-5.2568840583149905,-0.04341,0.04169,10.0347
883,112,0.6176,0.3824,CV,5.7684,5.7127,-11.485058929091418,-11.49118815405839,0.84723,0.42977,405.4426
883,120,0.6166,0.3834,CV,0.6194,0.6209,-4.130330498055941,-4.140245959430981,-0.217,-0.04974,8.0255
883,131,0.6175,0.3825,CV,7.2782,7.2031,-11.043104691376477,-11.049371543810098,0.84813,0.00979,1087.319
883,128,0.5764,0.4236,CV,2.1579,2.1594,-5.500339598142412,-5.506268844339443,-0.03775,0.03167,9.7316
884,112,0.6181,0.3819,CV,3.5009,3.4789,-11.510301410385729,-11.518486115188825,0.68658,0.1184,403.5089
884,120,0.6107,0.3893,CV,4.3493,4.3408,-7.092795145018545,-7.0711598483906934,-0.38157,0.0192,8.36
884,131,0.618,0.382,CV,6.7388,6.7608,-10.750783931403758,-10.758879021044361,0.59524,0.32698,1103.4641
884,128,0.6045,0.3955,CV,0.8453,0.8483,-3.8986634198714105,-3.9102613824273003,0.04047,-0.0161,9.7315
885,112,0.6182,0.3818,CV,5.9175,5.9066,-13.862239708259365,-13.870276335205503,0.64277,-0.01577,397.4252
885,120,0.6136,0.3864,CV,1.3253,1.304,-3.5697372297675254,-3.569168350586735,-0.31344,0.0396,8.442
885,131,0.618,0.382,CV,8.3552,8.3175,-10.884663677096498,-10.891924366740987,0.81623,0.43429,1126.4098
885,128,0.6146,0.3854,CV,1.0369,1.042,-3.4287777034287785,-3.44150738261433,-0.0225,0.00901,9.5949
886,112,0.6183,0.3817,CV,4.4746,4.4458,-14.057531757942986,-14.065721404981826,0.58678,-0.12659,392.6223
886,120,0.6155,0.3845,CV,2.4327,2.4319,-4.56821118079983,-4.5711575163110085,-0.2464,0.04285,8.1191
886,131,0.6182,0.3818,CV,7.1308,7.1083,-10.79105071067878,-10.799129081618625,0.62008,0.61111,1144.9873
886,128,0.6174,0.3826,CV,1.4392,1.4388,-3.504663512739501,-3.5143911244603525,0.03946,-0.05995,9.393
887,112,0.6184,0.3816,CV,3.7287,3.6933,-15.067347648956588,-15.075963854230693,0.55713,-0.11837,388.4182
887,131,0.6184,0.3816,CV,6.4293,6.4234,-10.983762580359945,-10.992238014511813,0.28628,0.58235,1178.0873
887,128,0.6187,0.3813,CV,0.7305,0.728,-3.1785119674053077,-3.1897167298278974,-0.0282,-0.057,9.2472
887,120,0.6122,0.3878,CV,4.2518,4.2537,-6.9846747877223425,-6.971051008025195,0.02928,-0.05557,7.5816
888,112,0.6186,0.3814,CV,5.6408,5.6435,-13.310846682563195,-13.3199862098175,0.53107,-0.0034,390.4536
888,131,0.618,0.382,CV,14.8569,14.8373,-12.327502268608727,-12.334345074281869,0.11112,0.50526,1231.2307
888,128,0.6193,0.3807,CV,1.5241,1.5303,-3.5262544251490358,-3.537897552235604,0.02767,-0.00924,9.3286
889,112,0.6185,0.3815,CV,3.9866,3.9608,-13.421029767409927,-13.429596640421158,0.54158,-0.13572,389.9633
889,131,0.6177,0.3823,CV,15.0216,14.9702,-12.98291357033998,-12.988757450537236,0.58912,0.2863,1285.1725
889,111,0.5,0.5,CA,182.7269,182.7363,-292.27898498242257,-290.42458554037995,4.25776,-0.04923,7.3182
889,106,0.5,0.5,CA,2.401,2.4011,-6.442858720786774,-6.44708466771394,-0.00659,-0.00963,9.2032
889,128,0.6192,0.3808,CV,0.8931,0.8947,-3.8004194602181216,-3.8106974976968577,-0.02465,-0.05218,9.1979
890,112,0.6186,0.3814,CV,2.3726,2.3423,-13.076533175476658,-13.085326690445811,0.46267,-0.14913,388.4217
890,131,0.6177,0.3823,CV,19.6753,19.674,-14.096740442537085,-14.10317051781333,1.19952,0.8335,1303.569
890,128,0.6189,0.3811,CV,0.8594,0.8605,-3.2997886702283514,-3.309096935624316,0.02466,-0.01786,9.1723
890,106,0.5764,0.4236,CV,0.9178,0.9189,-3.4971361695851297,-3.5027113534968093,-0.02498,-0.02803,8.2091
890,111,0.6995,0.3005,CV,7.9229,8.1116,-17.82537981251881,-18.367948936183534,0.71119,-0.01162,7.4494
891,112,0.6187,0.3813,CV,4.6301,4.6323,-14.673109291768679,-14.68224987994243,0.29052,-0.21067,382.7451
891,131,0.6152,0.3848,CV,62.6656,62.7147,-19.14040772483809,-19.136312804734114,-2.8281,1.08783,1369.1657
891,128,0.6185,0.3815,CV,1.6419,1.6434,-4.18533438827368,-4.1931485268040465,0.08033,-0.0043,8.9045
892,112,0.6187,0.3813,CV,3.3758,3.3649,-14.2358934626996,-14.24494984131395,0.24088,-0.34002,381.6332
892,131,0.6168,0.3832,CV,14.2178,14.1647,-17.302111623223,-17.308185871674066,-1.58898,0.69294,1444.229
892,128,0.6188,0.3812,CV,1.1818,1.1868,-3.723763595591675,-3.733641576222319,0.01204,0.00069,8.9512
893,112,0.6187,0.3813,CV,1.7499,1.7303,-14.468888141985497,-14.478253456944355,0.25003,-0.25645,380.0941
893,131,0.6179,0.3821,CV,30.289,30.3792,-16.653498901374288,-16.66195934134555,0.68861,0.99583,1474.3355
893,128,0.6187,0.3813,CV,0.5901,0.5891,-3.274785071993247,-3.2835706813651386,-0.00878,0.02759,8.972
894,112,0.6184,0.3816,CV,7.1272,7.111,-15.664730021949339,-15.672487779118654,0.49489,-0.36158,373.9585
894,131,0.6166,0.3834,CV,33.2563,33.208,-18.793549527867334,-18.79506570196339,2.41561,1.08419,1517.9409
894,128,0.6187,0.3813,CV,0.7181,0.72,-3.375069698704906,-3.3842473229258445,-0.01309,0.02594,8.8228
894,120,0.5,0.5,CA,27.2129,27.2135,-36.305433872660295,-36.138722581518564,-0.73608,0.13086,8.8513
894,106,0.5,0.5,CA,0.8404,0.8408,-4.83808097777585,-4.851499078214598,-0.00435,0.03482,9.3248
895,112,0.6186,0.3814,CV,3.3754,3.3473,-15.864201314022838,-15.873161426924899,0.33749,-0.44347,370.1789
895,131,0.6155,0.3845,CV,30.6921,30.5558,-20.32866340025045,-20.327526879881695,3.38232,0.96439,1563.1567
895,128,0.6182,0.3818,CV,1.3109,1.3096,-3.4345657092485498,-3.4417801354978708,-0.06572,0.01811,8.6236
895,120,0.5646,0.4354,CV,4.8706,4.8405,-10.242650529202978,-10.200170758263488,-0.6838,0.20237,7.5766
895,106,0.5768,0.4232,CV,1.6714,1.6722,-3.9853329326657225,-3.992517907048564,0.11436,-0.02738,8.7844
895,133,0.7,0.3,CV,11.4674,11.4674,-11.486395592508842,-11.486395592508842,0.0,0.0,699.9184
896,112,0.6185,0.3815,CV,4.539,4.5118,-16.69753833568521,-16.706234479722042,0.19161,-0.52024,364.6771
896,131,0.6154,0.3846,CV,27.1849,27.0312,-21.66441885833352,-21.664316606058563,3.50572,0.75995,1579.9707
896,128,0.6187,0.3813,CV,0.6004,0.6007,-3.6013102994843598,-3.6109379730445834,-0.00296,0.01079,8.516
896,133,0.6473,0.3527,CV,16.5508,16.5508,-11.736597607837076,-11.74674577557628,6.0662,-2.5913,958.7271
896,120,0.6011,0.3989,CV,1.4329,1.4534,-4.030085701403765,-4.044611185219418,-0.37192,0.17806,7.5776
896,106,0.6044,0.3956,CV,0.725,0.7252,-3.3001532684068873,-3.310751471032799,0.07969,-0.03538,8.9072
897,112,0.6184,0.3816,CV,5.522,5.4873,-17.54072372301259,-17.54872938004796,0.21456,-0.56627,356.9944
897,131,0.6154,0.3846,CV,24.8235,24.6427,-23.468855455057103,-23.468806289889216,3.36181,0.81612,1588.1635
897,128,0.6188,0.3812,CV,0.9562,0.9586,-3.289241120881584,-3.298905111546546,-0.04444,0.03265,8.5467
897,133,0.6219,0.3781,CV,33.0133,32.8729,-12.93274360920582,-12.912749050705097,14.78814,10.2938,1455.8717
897,120,0.6119,0.3881,CV,2.4056,2.4091,-4.153560822439058,-4.15986277287383,-0.21441,0.1103,7.4038
897,106,0.6139,0.3861,CV,1.0713,1.0713,-3.5835734396398538,-3.5936895141410568,0.0165,0.00446,9.1202
898,112,0.6176,0.3824,CV,10.6257,10.6024,-12.675861983287952,-12.680930591335319,0.91309,-0.52449,350.3724
898,131,0.6159,0.3841,CV,21.0367,20.8575,-26.831022337239716,-26.833127336950348,3.54232,0.06779,1618.1136
898,128,0.6187,0.3813,CV,0.7291,0.7274,-3.195406216732527,-3.2043377179913395,-0.04075,0.05353,8.4219
898,133,0.5898,0.4102,CV,38.1531,37.021,-13.298914056601149,-13.182593138174532,21.16406,4.40284,1933.542
898,106,0.6173,0.3827,CV,0.7009,0.6994,-3.7008157487812827,-3.710892544178983,-0.00347,-0.04466,9.2269
899,112,0.5969,0.4031,CV,45.9954,45.9424,-21.8728400576776,-21.791922703842282,4.18434,-0.48022,340.8988
899,131,0.6159,0.3841,CV,22.0652,21.8741,-28.355380761518923,-28.356788898016877,3.4369,-0.49925,1627.5538
899,133,0.5936,0.4064,CV,27.9056,26.1968,-13.575891118127046,-13.52218919445383,22.84615,-3.9224,2261.3383
899,106,0.6185,0.3815,CV,0.208,0.2106,-3.4061187457874147,-3.4165360726471166,-0.00831,-0.01322,9.2759
899,120,0.5,0.5,CA,3.9546,3.9427,-5.6844272388508035,-5.666367417134939,-0.30526,0.18248,7.6874
899,134,0.7,0.3,CV,0.9186,0.9186,-3.2382793751892702,-3.2382793751892702,0.0,0.0,4.5093
900,112,0.6064,0.3936,CV,9.3022,9.0861,-11.088623532497195,-11.078196876854562,3.37203,-0.31614,337.1402
900,131,0.6155,0.3845,CV,26.7415,26.5815,-31.05833872199762,-31.05788476189553,2.81515,-0.59125,1599.7504
900,133,0.6228,0.3772,CV,24.2563,24.6967,-17.88531260883303,-17.94886240716555,18.46896,-6.165,2336.4809
900,106,0.6179,0.3821,CV,2.4245,2.4268,-4.155818399805132,-4.1618285195811815,-0.03721,-0.02923,8.9585
900,134,0.6472,0.3528,CV,1.3737,1.3737,-2.9079558095601765,-2.9177176863579253,-0.1453,0.03987,5.9012
900,120,0.5785,0.4215,CV,0.5548,0.565,-2.8635563079148176,-2.8778163075108663,-0.18012,0.16288,7.5659
901,112,0.6146,0.3854,CV,2.091,2.0067,-9.48756711129959,-9.497439616056937,2.11126,-0.31146,330.4741
901,131,0.6158,0.3842,CV,19.153,18.9348,-34.78364721604828,-34.78515427444154,2.4025,-0.6101,1575.3478
901,133,0.6265,0.3735,CV,15.5155,15.2574,-20.98922781291967,-21.025283267271448,13.70228,-3.06011,2284.0432
901,106,0.6171,0.3829,CV,1.6749,1.668,-4.109231090326849,-4.112882416887198,0.02966,-0.05296,8.7106
901,134,0.6387,0.3613,CV,1.3259,1.3272,-2.779407514648498,-2.8319136011543122,-1.24442,0.40544,8.5661
901,128,0.5,0.5,CA,0.9825,0.9845,-4.235930334705429,-4.248900475910121,-0.00788,-0.0324,9.1354
901,120,0.6057,0.3943,CV,1.022,1.0264,-3.2163893834864843,-3.229895631691345,-0.08963,0.14997,7.6993
902,112,0.6186,0.3814,CV,3.8749,3.972,-8.880874308606835,-8.895512568759901,0.94207,-0.2978,323.4496
902,131,0.6127,0.3873,CV,33.6613,33.4501,-34.088350430310186,-34.07646328661738,2.33301,-0.89666,1512.3624
902,133,0.6245,0.3755,CV,22.5876,22.5295,-28.083909245289526,-28.106009362957284,8.75399,-1.07595,2139.6106
902,106,0.6192,0.3808,CV,1.3786,1.3883,-3.3415511132344657,-3.3549879682526713,0.06288,0.02381,8.7921
902,120,0.6049,0.3951,CV,4.2374,4.2335,-13.910515291751258,-13.880780172630473,-0.00977,0.34102,7.2169
902,128,0.577,0.423,CV,0.806,0.8059,-3.7647200520204596,-3.7728958085571436,0.05004,-0.0334,8.647
902,134,0.6499,0.3501,CV,0.3291,0.3461,-3.235763404378535,-3.349891504370181,-0.66443,-0.00691,10.1477
903,112,0.6194,0.3806,CV,5.8067,5.8523,-8.718033260857121,-8.730493375689631,0.10943,-0.24798,317.8601
903,131,0.6119,0.3881,CV,25.1015,24.8097,-38.32933994089588,-38.318535341291366,2.11862,-0.84528,1445.7361
903,133,0.623,0.377,CV,8.3977,7.9173,-29.658034668182342,-29.67708479374072,6.28201,-0.76258,1998.5999
903,106,0.6189,0.3811,CV,1.8022,1.8058,-4.519760978920143,-4.528932505964658,-0.09317,0.03568,8.8001
903,134,0.6491,0.3509,CV,0.8522,0.8611,-3.408187448937595,-3.501868821906614,-0.28888,-0.31472,10.3856
903,120,0.6128,0.3872,CV,6.5238,6.5471,-11.438340117810341,-11.442988525631252,0.11584,0.0038,7.7552
903,128,0.6044,0.3956,CV,0.8952,0.8978,-3.541424987313429,-3.551784775213046,-0.00928,-0.02551,8.512
904,112,0.6191,0.3809,CV,5.6133,5.6163,-8.615562560299365,-8.625295795525147,-0.3678,-0.17331,311.6594
904,133,0.6222,0.3778,CV,11.2767,11.1954,-29.469597855450026,-29.487329880000775,4.54379,0.54224,1876.5691
904,106,0.619,0.381,CV,0.7405,0.7428,-3.227817515440785,-3.237919585865623,-0.01708,0.05619,8.7375
904,134,0.6438,0.3562,CV,0.6756,0.6869,-2.716374518169376,-2.78813753932935,-0.27383,-0.21564,10.1077
904,128,0.6138,0.3862,CV,1.3357,1.3374,-3.5261184622065245,-3.535629863275873,-0.01815,-0.04751,8.687
904,131,0.6017,0.3983,CV,43.1914,42.886,-30.09617766450755,-30.0440524123778,4.19862,-0.74098,1342.9542
904,120,0.6137,0.3863,CV,2.4658,2.4566,-4.755037522591945,-4.751710813282153,0.17065,-0.14243,7.9049
905,112,0.6188,0.3812,CV,3.8337,3.814,-8.45785509410643,-8.466909843982958,-0.49949,-0.0587,305.3208
905,131,0.6199,0.3801,CV,37.1831,37.586,-74.13716296007071,-74.17632089170765,-0.76235,1.09217,1313.1055
905,133,0.6205,0.3795,CV,8.9509,8.7375,-35.09081462045705,-35.10228765285054,3.38278,0.54951,1750.2454
905,106,0.6175,0.3825,CV,2.3181,2.3174,-5.445245230202566,-5.44897946564212,-0.02212,0.0199,9.0019
905,134,0.6376,0.3624,CV,0.7692,0.7854,-2.490094516811813,-2.542951688935025,-0.03207,-0.00505,9.3628
905,128,0.6172,0.3828,CV,0.5094,0.5069,-3.3507903146615274,-3.3608499887013443,-0.01381,-0.01027,8.7905
906,112,0.6186,0.3814,CV,3.9424,3.9177,-8.47325457372858,-8.48174130022408,-0.50857,-0.15766,300.5804
906,133,0.6193,0.3807,CV,8.7864,8.6121,-39.15889627160717,-39.16801969940514,2.63878,0.40553,1639.9349
906,106,0.6185,0.3815,CV,1.6531,1.6603,-3.9273673432141045,-3.93746294913759,-0.06505,0.00627,8.798
906,134,0.6306,0.3694,CV,0.622,0.6206,-3.138276469889879,-3.1702278862684996,-0.13212,-0.05164,8.6103
906,128,0.6185,0.3815,CV,1.406,1.4103,-3.4671141206652027,-3.4775141777288336,-0.00756,0.001,8.5834
907,112,0.6185,0.3815,CV,3.8534,3.8251,-8.401734366284218,-8.409966333454143,-0.57719,-0.10784,294.9482
907,133,0.6188,0.3812,CV,8.27,8.1359,-44.67163711616858,-44.68005438748442,2.03682,0.26235,1543.5355
907,106,0.6162,0.3838,CV,3.2597,3.2606,-6.634579054029405,-6.633535238051924,0.0284,0.11195,8.3372
907,134,0.6267,0.3733,CV,0.7087,0.7161,-2.603772647605443,-2.629019573418031,0.0281,-0.03495,7.9156
907,128,0.6188,0.3812,CV,0.8837,0.8845,-3.331353381275538,-3.3410804984395224,-0.05954,0.03156,8.5876
908,112,0.6185,0.3815,CV,2.5068,2.4753,-8.38323383882577,-8.391941339942175,-0.52075,-0.06606,289.6301
908,133,0.6187,0.3813,CV,5.2248,5.125,-47.61151500842945,-47.620671653389536,1.41378,0.13869,1461.7185
908,106,0.6184,0.3816,CV,0.8008,0.8058,-3.3046124484215573,-3.315977301477965,0.03952,0.00519,8.2515
908,134,0.6229,0.3771,CV,0.7636,0.7612,-2.5826515840191258,-2.597624696394099,0.09201,-0.05841,7.3073
908,128,0.6188,0.3812,CV,0.702,0.7001,-3.169587551432475,-3.1791396885015213,-0.05126,0.02885,8.4829
909,112,0.6182,0.3818,CV,5.1333,5.1068,-8.530459251755502,-8.537832993039656,-0.61326,-0.1952,286.0551
909,133,0.6187,0.3813,CV,4.1608,4.0906,-50.089969616214034,-50.099159620823855,0.97423,0.24035,1393.0137
909,106,0.6186,0.3814,CV,0.7472,0.7414,-3.745871553811485,-3.754897128738607,0.0308,-0.02202,8.0772
909,134,0.6209,0.3791,CV,0.8621,0.8635,-2.6189122101663522,-2.6312975956406457,0.04139,-0.03782,6.8942
909,128,0.619,0.381,CV,0.5577,0.5607,-3.776731824611498,-3.7870990540186824,-0.03083,0.01878,8.5031
910,112,0.6182,0.3818,CV,4.0259,3.9951,-8.85152664334881,-8.859397059625657,-0.64287,-0.13447,280.9131
910,133,0.6187,0.3813,CV,5.2615,5.2259,-54.375799055227645,-54.38486557845077,0.55252,0.13766,1329.0169
910,106,0.6192,0.3808,CV,1.4027,1.4092,-3.2905729818136384,-3.3021146854830783,0.01896,-0.02231,8.1229
910,134,0.6198,0.3802,CV,1.2442,1.2473,-2.665923081829687,-2.676454008703332,0.05148,-0.01756,6.3233
910,128,0.6184,0.3816,CV,1.2248,1.2233,-3.8126768879705617,-3.8202275090581588,-0.06541,0.03584,8.6105
911,112,0.618,0.382,CV,5.3102,5.2773,-8.893993211039568,-8.90083141684381,-0.72679,-0.10125,278.1515
911,133,0.6186,0.3814,CV,6.2617,6.2196,-58.917815837392666,-58.926492788889185,0.34011,0.04045,1269.6586
911,106,0.6166,0.3834,CV,3.1508,3.1512,-5.618471009250824,-5.617756408313558,-0.17105,0.06062,8.2171
911,134,0.6194,0.3806,CV,0.503,0.5056,-2.3215566717144918,-2.332201451254225,0.0377,-0.00352,6.0012
911,128,0.6182,0.3818,CV,2.503,2.5084,-5.647118027967475,-5.654624885080231,0.10511,-0.02391,8.416
912,112,0.6181,0.3819,CV,3.6667,3.6278,-9.047196911322896,-9.05491390437199,-0.69012,-0.05514,274.4232
912,133,0.6187,0.3813,CV,3.923,3.8848,-58.416905020917596,-58.42608507193684,0.14361,-0.0685,1219.8565
912,106,0.6175,0.3825,CV,1.6404,1.6422,-3.7594870517279433,-3.766837230807179,-0.03972,0.01044,8.3227
912,134,0.6189,0.3811,CV,0.4674,0.4657,-2.2159179527879784,-2.22476691950726,0.05027,0.00487,5.7268
912,128,0.6177,0.3823,CV,1.3585,1.3539,-5.893275986474098,-5.898990149026034,0.11334,-0.00319,8.197
913,112,0.6182,0.3818,CV,3.9486,3.9185,-9.34910423652109,-9.357007416081048,-0.65767,0.08804,270.0361
913,133,0.6183,0.3817,CV,12.531,12.5083,-58.737210686178805,-58.744874170695155,-0.58696,-0.14769,1166.0813
913,106,0.6171,0.3829,CV,1.5177,1.5129,-3.7835153685137377,-3.787763600794825,0.02394,-0.02731,8.4702
913,134,0.6186,0.3814,CV,0.4936,0.4926,-2.22341928601215,-2.2318879923646864,0.0363,0.03457,5.4842
913,128,0.6166,0.3834,CV,1.8779,1.8716,-5.6267682923948925,-5.628252880988089,0.08412,-0.02991,7.8763
914,112,0.6182,0.3818,CV,3.8578,3.8254,-9.270217341322684,-9.278064729469909,-0.64873,0.02123,267.4413
914,133,0.6176,0.3824,CV,16.0332,15.9754,-61.30337255358983,-61.308191473218145,-1.34007,-0.23912,1112.5094
914,106,0.6184,0.3816,CV,1.2061,1.2141,-3.452216977525046,-3.4622809903018803,0.01203,-0.03043,8.3218
914,134,0.6181,0.3819,CV,0.938,0.9376,-2.850254411304257,-2.8571527006232182,-0.00343,0.0329,5.3692
914,128,0.6192,0.3808,CV,1.9847,1.9968,-3.6334746486099414,-3.6480563521825045,-0.00889,0.00369,7.9841
915,112,0.6181,0.3819,CV,4.7631,4.7356,-9.028092125414439,-9.03549938279814,-0.61413,-0.01611,266.9897
915,133,0.6188,0.3812,CV,16.7429,16.8162,-80.44425006277822,-80.45540183502973,0.48715,-0.14576,1075.6421
915,106,0.618,0.382,CV,1.1247,1.1234,-4.106629131309171,-4.113421264117357,0.03193,-0.02353,8.4812
915,134,0.6179,0.3821,CV,1.4859,1.4877,-2.917937532723161,-2.9245518149346337,0.01154,0.0749,5.0765
915,128,0.6192,0.3808,CV,0.4132,0.4129,-3.031695542951184,-3.0420469349953687,-0.0273,-0.01856,7.912
916,112,0.6185,0.3815,CV,0.9928,0.9594,-8.93957093032082,-8.948673723893808,-0.42382,0.01525,264.5723
916,133,0.6187,0.3813,CV,13.2213,13.241,-65.4307220833872,-65.43969829127853,0.76722,0.20808,1057.5743
916,106,0.6184,0.3816,CV,1.5453,1.5496,-4.434497739379798,-4.443332427296257,-0.0439,-0.01645,8.3935
916,128,0.6181,0.3819,CV,1.7115,1.7112,-3.515866559910785,-3.521939991375729,0.02809,-0.01741,8.0052
916,134,0.6185,0.3815,CV,0.5765,0.5795,-2.3524728474354784,-2.36189385663788,-0.01713,0.03461,4.9627
917,112,0.6188,0.3812,CV,4.807,4.8291,-9.088302343155227,-9.098302860585026,-0.04628,0.0001,258.7329
917,133,0.6185,0.3815,CV,9.2,9.181,-57.70693444427982,-57.71504590847993,0.51072,-0.03484,1042.8844
917,106,0.617,0.383,CV,2.2361,2.2337,-4.147348556017181,-4.149798408728545,-0.10065,0.01671,8.1335
917,134,0.6179,0.3821,CV,1.3541,1.3547,-2.7311673055132832,-2.7372152089754525,-0.04435,-0.03361,4.9515
917,128,0.6181,0.3819,CV,0.7956,0.7918,-3.5169080752207664,-3.524266086328615,-0.01612,-0.01234,8.0475
918,112,0.6189,0.3811,CV,1.7358,1.7434,-8.566405955670081,-8.576160683267224,-0.04816,-0.02091,257.0004
918,133,0.6187,0.3813,CV,4.3032,4.3393,-65.45993207498962,-65.46933464449727,0.23946,-0.19286,1014.5343
918,106,0.6182,0.3818,CV,1.9508,1.9563,-3.6428659064294253,-3.6524470329286154,0.07011,-0.07096,8.1449
918,134,0.618,0.382,CV,1.3533,1.3551,-2.8776086371729788,-2.8848447882629253,-0.0388,-0.06439,4.7329
918,128,0.6186,0.3814,CV,0.6047,0.61,-3.308970533870483,-3.31850534762955,-0.02133,-0.00762,7.9281
919,112,0.6188,0.3812,CV,2.9043,2.902,-8.63744772092248,-8.646751373381301,-0.06743,-0.06274,256.7585
919,133,0.6184,0.3816,CV,10.5672,10.5598,-61.18901973544177,-61.19693510388743,0.73995,-0.34274,986.4199
919,106,0.6185,0.3815,CV,1.1297,1.1297,-3.2663282083294596,-3.275254227196024,0.06112,-0.09654,8.2602
919,134,0.6186,0.3814,CV,0.7379,0.7417,-2.228507049784151,-2.2384158772539777,-0.02573,0.00352,4.6723
919,128,0.6184,0.3816,CV,0.5427,0.5411,-3.1091073937623404,-3.1172890949114516,-0.01613,-0.00417,7.9759
920,112,0.6188,0.3812,CV,1.7303,1.7254,-8.975604759060237,-8.984996303704172,-0.14479,-0.09516,254.4343
920,133,0.6107,0.3893,CV,51.8835,51.844,-33.39693286456134,-33.37283717703892,4.11922,-0.11408,958.6392
920,106,0.6188,0.3812,CV,0.8643,0.8661,-3.7541821958377453,-3.7641098183118444,0.07132,-0.01817,8.1811
920,134,0.6184,0.3816,CV,0.859,0.8588,-3.4474956005021635,-3.4555307173906673,-0.04148,-0.03376,4.5438
920,128,0.6186,0.3814,CV,0.5877,0.5905,-3.1368745471134383,-3.1461750477019685,-0.01003,-0.00186,7.9087
921,112,0.6187,0.3813,CV,2.3735,2.3621,-8.947658783499588,-8.95662292169856,-0.21132,-0.11378,253.0692
921,133,0.6133,0.3867,CV,15.2541,15.064,-26.621807203349846,-26.61993875020201,3.52942,-0.01145,950.2906
921,106,0.6185,0.3815,CV,1.4931,1.4953,-3.6398221411294807,-3.6480969440417477,0.02727,0.03026,8.3265
921,134,0.618,0.382,CV,1.72,1.723,-3.0465675862626407,-3.053173273805526,-0.00461,0.04861,4.5976
921,128,0.6169,0.3831,CV,2.8878,2.8883,-5.934655887087654,-5.9362123025424065,-0.00537,-0.04717,8.2788
922,112,0.6187,0.3813,CV,1.5742,1.5635,-8.97571146549175,-8.984906049523042,-0.23056,-0.04481,251.3429
922,133,0.6161,0.3839,CV,10.1504,10.0632,-20.955859144216767,-20.96185184236554,2.4473,-0.06877,950.1969
922,106,0.6179,0.3821,CV,1.2317,1.2277,-3.6467781206257563,-3.652922837178357,0.01085,0.00967,8.5266
922,128,0.6185,0.3815,CV,1.2941,1.3038,-3.810048880339311,-3.8210182860961446,-0.00211,0.00135,8.1958
922,134,0.6174,0.3826,CV,1.073,1.0693,-2.5758236306932125,-2.5804082255813254,0.03013,0.07835,4.6195
923,112,0.6187,0.3813,CV,2.3246,2.3135,-9.328323183412728,-9.337346893303494,-0.2952,-0.00206,249.3172
923,133,0.6172,0.3828,CV,10.4506,10.3924,-19.830223241610724,-19.836794185118677,1.63244,-0.50702,949.9985
923,106,0.6184,0.3816,CV,0.6649,0.669,-3.6581155530740816,-3.6672415321036484,-0.01877,0.02707,8.5036
923,134,0.618,0.382,CV,0.2741,0.2727,-2.2774168364583205,-2.285602412448237,0.02975,0.03877,4.6012
923,128,0.6179,0.3821,CV,1.9791,1.9805,-4.590210149546749,-4.596310838414068,-0.0,-0.01335,7.9164
924,112,0.6188,0.3812,CV,1.9333,1.9335,-9.328515501716641,-9.338062513979938,-0.19501,0.02331,246.0771
924,133,0.6169,0.3831,CV,15.7179,15.6508,-13.372675692322835,-13.3765317161723,1.33006,-0.07106,963.673
924,106,0.6183,0.3817,CV,0.6018,0.5999,-3.618997616600905,-3.626870372853423,-0.01875,0.00014,8.6133
924,134,0.6176,0.3824,CV,0.8803,0.8772,-2.6545496196547216,-2.6600873173076094,0.04444,0.01877,4.6706
924,128,0.6179,0.3821,CV,1.2231,1.2202,-3.9093518801384217,-3.9164419497990237,0.05971,0.04742,7.8379
925,112,0.6189,0.3811,CV,1.121,1.1277,-8.808639302570551,-8.81847125549703,-0.05365,0.0642,243.944
925,133,0.6176,0.3824,CV,10.9551,10.9262,-13.862219184937338,-13.869127279379779,1.37017,0.24252,955.5134
925,106,0.6181,0.3819,CV,2.1841,2.1874,-4.063586268001515,-4.070564551103714,-0.01258,0.02,8.3682
925,134,0.6183,0.3817,CV,0.6724,0.6762,-2.531419198980901,-2.540629348943952,0.01183,0.03126,4.6306
925,128,0.6188,0.3812,CV,0.5636,0.565,-3.5488815332932244,-3.559587630112324,-0.00472,0.01764,7.8075
926,112,0.6189,0.3811,CV,2.5697,2.5709,-8.942670112905528,-8.952202046130992,-0.14471,0.04129,243.5121
926,133,0.6171,0.3829,CV,16.7722,16.7196,-14.057253426678912,-14.061282453267477,1.75371,0.5431,941.9965
926,106,0.6186,0.3814,CV,0.4865,0.4883,-3.1094026244333186,-3.119115630716858,0.02145,-0.00887,8.3807
926,134,0.6169,0.3831,CV,2.2068,2.2084,-4.651947163484032,-4.654163099957155,-0.0527,-0.05609,4.4464
926,128,0.619,0.381,CV,0.5821,0.5823,-3.4461694561572975,-3.456609166910782,0.04166,0.00679,7.7643
927,112,0.6188,0.3812,CV,1.5371,1.5279,-9.03486104969647,-9.044286366388024,-0.18764,0.03755,242.0462
927,133,0.6172,0.3828,CV,10.9409,10.8458,-11.285601092034494,-11.290759263298872,1.72404,0.65361,943.1663
927,106,0.6189,0.3811,CV,0.7698,0.7727,-3.3145633510026076,-3.3244972559038075,0.02367,-0.01179,8.5297
927,134,0.6182,0.3818,CV,1.1642,1.168,-3.177821576522562,-3.187499154461096,-0.07647,-0.02908,4.5262
927,128,0.6187,0.3813,CV,1.6921,1.6955,-3.577471479089147,-3.58613380561178,-0.01652,-0.02395,7.9158
928,112,0.6188,0.3812,CV,1.6784,1.6691,-9.510546281446613,-9.519870963817427,-0.22696,0.01194,240.0218
928,133,0.6173,0.3827,CV,11.0723,10.9798,-11.04719899156371,-11.052705092570815,1.76115,0.53002,938.8857
928,106,0.6173,0.3827,CV,2.507,2.5061,-4.838050548578524,-4.841107724608683,0.01776,0.01583,8.925
928,134,0.6183,0.3817,CV,1.3154,1.3169,-3.358844219849336,-3.366846668582449,-0.00357,-0.0434,4.4186
928,128,0.6189,0.3811,CV,0.3757,0.378,-3.185186647411267,-3.194985754117159,-0.02503,0.00215,7.8748
929,112,0.6188,0.3812,CV,1.1834,1.1722,-9.2389535667778,-9.248335774610007,-0.20395,0.04143,238.537
929,133,0.6177,0.3823,CV,8.1472,8.0504,-10.770393549260655,-10.777211824540872,1.57863,0.48496,933.3849
929,106,0.6185,0.3815,CV,2.261,2.27,-4.06671475557875,-4.077211224651288,0.036,-0.02926,8.6788
929,128,0.6187,0.3813,CV,0.9499,0.9514,-3.2555262733431123,-3.2645568031859433,-0.01962,0.03361,7.7147
929,134,0.6186,0.3814,CV,1.0923,1.0947,-3.50306911437426,-3.5124460074507846,0.07021,-0.00372,4.4195
930,112,0.6186,0.3814,CV,3.3924,3.3812,-10.181717702733884,-10.190422694478563,-0.35412,0.02071,237.3427
930,133,0.6181,0.3819,CV,6.9451,6.8783,-10.249726307559305,-10.257658248999453,1.33923,0.43811,936.8282
930,106,0.6183,0.3817,CV,1.1764,1.1766,-3.4845396911001187,-3.492317859925812,0.07905,-0.00269,8.7881
930,128,0.6188,0.3812,CV,0.3466,0.3463,-3.0288530667105333,-3.0384104539586154,-0.01252,0.00341,7.6388
931,112,0.6187,0.3813,CV,0.9459,0.9291,-9.865332399274285,-9.874705530280343,-0.27146,-0.005,235.6778
931,133,0.6182,0.3818,CV,8.4647,8.4137,-10.641273846811409,-10.64920865063996,1.20654,0.38593,926.5041
931,106,0.6183,0.3817,CV,1.3632,1.3648,-3.669363410024755,-3.67742336694423,-0.00887,0.02971,9.0328
931,134,0.5,0.5,CA,1.1487,1.1483,-2.952785919580638,-2.963745258121158,0.0207,-0.07155,4.59
932,112,0.6187,0.3813,CV,2.2735,2.2643,-9.491517141261257,-9.500576239119958,-0.24595,0.02798,235.5267
932,133,0.6181,0.3819,CV,8.5469,8.4769,-10.558357568027573,-10.565742215812051,1.30743,0.31903,918.4444
932,106,0.6181,0.3819,CV,1.9173,1.9191,-3.8693698256143136,-3.8764575285602705,-0.07821,0.07974,8.9276
932,134,0.5774,0.4226,CV,0.8159,0.8178,-2.4228711380680625,-2.432878032342817,-0.05158,-0.03178,4.4141
932,128,0.5,0.5,CA,1.6715,1.6734,-3.9805250630434275,-3.9912339365213256,0.04693,-0.00454,8.3475
933,112,0.6188,0.3812,CV,3.8564,3.8704,-8.666963215099186,-8.67656065815058,0.1179,0.03729,233.9544
933,133,0.6184,0.3816,CV,6.9506,6.928,-10.235182439887044,-10.244053635870225,1.02221,0.3673,922.7326
933,106,0.618,0.382,CV,2.3406,2.3445,-5.264470925208185,-5.2715843646870475,0.06526,-0.04201,8.7831
933,134,0.6047,0.3953,CV,0.3496,0.3467,-2.1499649605367024,-2.160887298530277,-0.05472,-0.04281,4.3862
934,112,0.6188,0.3812,CV,2.0115,2.0125,-8.709484212312818,-8.71876713075442,-0.00558,0.03794,233.842
934,133,0.6187,0.3813,CV,3.8184,3.8195,-10.499757811629012,-10.509261102588452,0.52074,0.36333,924.5436
934,106,0.6185,0.3815,CV,0.5343,0.5308,-3.4463670877660375,-3.45577367682259,0.01812,-0.02704,8.7502
934,134,0.6142,0.3858,CV,1.1355,1.1386,-2.4594427936567937,-2.4702745517559896,-0.00479,0.03772,4.4379
934,128,0.5,0.5,CA,1.378,1.3828,-3.943464231080753,-3.9566989802298806,-0.02446,0.02495,8.4531
935,112,0.6188,0.3812,CV,0.6934,0.6905,-8.456712871751844,-8.46609380074098,0.02144,0.06174,233.0435
935,133,0.6187,0.3813,CV,5.572,5.583,-11.403520949129566,-11.412799871185067,-0.01526,0.36591,924.3883
935,106,0.6182,0.3818,CV,1.1769,1.1716,-3.9552501941836136,-3.9624157152671717,0.05999,-0.04516,8.6274
935,128,0.5777,0.4223,CV,0.678,0.6782,-3.5479403078330884,-3.558870111142831,0.0423,0.02306,8.1883
935,134,0.6172,0.3828,CV,1.0412,1.042,-2.5538972006111385,-2.5634968874131094,0.0705,0.04779,4.367
936,112,0.6187,0.3813,CV,2.5636,2.5627,-8.856476620767593,-8.865610408383915,-0.1467,0.10817,232.2898
936,133,0.6187,0.3813,CV,4.0936,4.0935,-11.183712912932222,-11.192942035823902,-0.04808,0.39056,917.8365
936,106,0.6191,0.3809,CV,0.8412,0.8479,-3.207037689765941,-3.218737770003863,0.01837,0.02407,8.6527
936,128,0.6052,0.3948,CV,0.8188,0.8204,-3.2066277384354707,-3.2190968056666796,0.04498,0.05201,8.3057
937,112,0.6188,0.3812,CV,3.5789,3.5865,-8.420796725352142,-8.430108402998778,0.15757,0.0927,231.1944
937,133,0.6179,0.3821,CV,19.5452,19.5434,-11.568918006239722,-11.574585755235221,1.03845,0.55134,931.1593
937,106,0.619,0.381,CV,0.9812,0.9832,-3.310418995679262,-3.3201111148662035,0.00142,0.03194,8.758
937,128,0.6149,0.3851,CV,0.8128,0.8152,-3.2274665391490154,-3.2403662850092476,-0.04007,0.00581,8.3602
938,112,0.6188,0.3812,CV,0.7081,0.6987,-8.370805363948843,-8.380220328026505,0.14013,0.06673,230.4397
938,133,0.6172,0.3828,CV,16.2063,16.14,-12.67339753552509,-12.677261003907285,1.14746,0.57966,954.6927
938,106,0.6177,0.3823,CV,2.0139,2.0117,-4.362758365319492,-4.367035620000404,-0.05339,0.02441,9.0057
938,128,0.6181,0.3819,CV,0.3185,0.3161,-3.6436983732448875,-3.655776840801957,-0.0462,-0.00712,8.3474
938,134,0.5,0.5,CA,0.5766,0.5793,-3.11178800513813,-3.1266550780015905,-0.01866,-0.0041,4.6035
939,112,0.6188,0.3812,CV,2.037,2.0441,-8.49975058963302,-8.509308858191494,-0.05704,0.04476,229.8884
939,133,0.617,0.383,CV,13.4884,13.4026,-13.969848872037804,-13.97410369129778,1.27713,0.85891,967.3283
939,106,0.6184,0.3816,CV,1.1404,1.1448,-3.5175745800834144,-3.5268244900369363,-0.07643,0.01571,8.8977
939,128,0.6186,0.3814,CV,1.1641,1.1635,-3.823697884878095,-3.8334994232487136,-0.096,0.02152,8.1999
939,134,0.5772,0.4228,CV,0.7592,0.7603,-2.2661206969640464,-2.275093390276943,0.039,0.02581,4.3404
940,112,0.6188,0.3812,CV,2.3534,2.3534,-8.184963806624836,-8.194202374167267,0.06174,0.05494,230.5184
940,133,0.6157,0.3843,CV,24.4588,24.3691,-22.448194939599272,-22.447046664177236,2.11307,0.68764,990.0889
940,106,0.6183,0.3817,CV,0.4506,0.4474,-3.6429171607283597,-3.6510187358579884,-0.0593,0.00891,8.9507
940,128,0.6193,0.3807,CV,0.7545,0.7596,-4.313868645787568,-4.325619124976717,-0.01604,0.0183,8.1963
940,134,0.604,0.396,CV,1.2307,1.2321,-2.640597691231884,-2.648978180161277,-0.05323,0.02727,4.3775
941,112,0.6187,0.3813,CV,2.7906,2.7913,-8.665000078878016,-8.674104652108724,-0.14396,0.04221,230.6834
941,133,0.6174,0.3826,CV,8.228,8.2444,-15.746796765462413,-15.755061591460137,1.1802,0.84924,997.6195
941,106,0.6183,0.3817,CV,1.6427,1.6457,-3.7121699200470646,-3.7201814611026744,0.05974,-0.04476,9.0233
941,134,0.6127,0.3873,CV,1.0985,1.0942,-3.0342060701061513,-3.0394628195302076,-0.05808,0.02075,4.4779
942,112,0.6188,0.3812,CV,3.0961,3.1046,-8.246445499855561,-8.255792765768538,0.09678,0.10449,229.4188
942,133,0.6179,0.3821,CV,12.0426,12.0445,-13.25040220194526,-13.258155254091744,0.38052,1.11726,1000.6677
942,106,0.6177,0.3823,CV,2.3239,2.3254,-4.705997269877425,-4.711440003265291,0.04413,-0.01831,8.7184
942,134,0.6173,0.3827,CV,0.5046,0.5117,-2.6922719757118556,-2.7044134307784735,-0.01395,0.01402,4.4369
943,112,0.6188,0.3812,CV,0.8488,0.8467,-8.374085523398163,-8.3834865039343,0.02985,0.11168,228.743
943,133,0.6181,0.3819,CV,11.601,11.5803,-11.56154911697564,-11.569185986680345,-0.19277,1.03471,1000.3844
943,106,0.6171,0.3829,CV,1.4958,1.4881,-3.726582094332711,-3.730436578416326,0.02676,-0.0371,8.4881
943,134,0.6185,0.3815,CV,0.2114,0.2136,-2.1989261939829885,-2.209328640267078,0.00022,0.00891,4.4057
944,112,0.6188,0.3812,CV,1.353,1.3524,-8.322856733617447,-8.332350629764765,0.09956,0.05101,227.8593
944,133,0.6183,0.3817,CV,10.1217,10.1093,-11.332387092058667,-11.340808313214094,-0.81649,0.71649,1013.5699
944,106,0.6191,0.3809,CV,1.1907,1.2007,-3.377869769630139,-3.391088831219793,0.04328,0.00177,8.5906
944,134,0.6189,0.3811,CV,0.1109,0.1113,-2.167820988316341,-2.1779735317327593,0.00424,0.0055,4.3934
945,112,0.6189,0.3811,CV,0.2643,0.2652,-8.114141257455936,-8.123766660879674,0.04803,0.04496,227.2549
945,133,0.6182,0.3818,CV,12.4846,12.4505,-10.766896502119867,-10.774322738804251,-1.32092,0.18863,1020.8371
945,106,0.6191,0.3809,CV,0.66,0.6596,-3.1850453505587017,-3.195052816046005,0.05968,0.01067,8.6223
945,134,0.6187,0.3813,CV,0.7202,0.7204,-2.3170540363244956,-2.326083796416188,-0.04924,0.00333,4.3806
946,112,0.6189,0.3811,CV,0.7659,0.7636,-8.080172279292091,-8.089766944064614,0.03767,0.07763,226.7956
946,133,0.6179,0.3821,CV,14.1999,14.1642,-11.123549449849765,-11.130198483017118,-1.44025,0.18618,1045.3978
946,106,0.6186,0.3814,CV,1.9218,1.925,-3.8142566416641386,-3.8223429588755033,-0.09421,0.03754,8.4708
946,134,0.6187,0.3813,CV,0.4327,0.4313,-2.193826417474987,-2.202902090376471,-0.04416,0.02866,4.3664
947,112,0.6188,0.3812,CV,1.9233,1.9241,-8.15721397228259,-8.16670032870956,-0.10598,0.08113,226.335
947,133,0.6176,0.3824,CV,14.7298,14.669,-11.321301832394214,-11.326789732156865,-1.31568,-0.05661,1078.2392
947,106,0.6189,0.3811,CV,0.2587,0.2597,-3.0681659463433646,-3.07825880756355,-0.04444,0.03208,8.37
947,134,0.6189,0.3811,CV,0.7755,0.7782,-2.3199196161850644,-2.329765195878335,0.02526,-0.00123,4.3518
948,112,0.6189,0.3811,CV,0.7885,0.7871,-8.081396468836134,-8.090972358684958,-0.10015,0.02362,225.3107
948,133,0.6177,0.3823,CV,8.9705,8.8928,-11.256241451883499,-11.2628145920368,-0.96376,-0.2503,1105.4076
948,106,0.619,0.381,CV,0.0712,0.0724,-3.0443898147251276,-3.0544394589459554,-0.022,0.02114,8.3004
948,134,0.6185,0.3815,CV,0.8784,0.8778,-2.553888350718651,-2.5618006014099337,0.03541,0.0193,4.2584
949,112,0.6188,0.3812,CV,2.4823,2.4813,-8.099433054689621,-8.1086340791514,-0.12386,0.02174,226.2593
949,133,0.6174,0.3826,CV,12.9171,12.8364,-11.79115663858726,-11.796284306299745,-1.00304,-0.12627,1140.4625
949,106,0.6183,0.3817,CV,1.7239,1.7253,-3.7857834561435837,-3.79292884714773,-0.01139,-0.03906,8.4473
949,134,0.6183,0.3817,CV,1.3817,1.3842,-3.0341814850708513,-3.0419625914390376,0.05422,-0.00952,4.3544
949,128,0.5,0.5,CA,1.4686,1.4686,-6.027621856310168,-6.033421790118217,0.02524,0.00137,9.2987
950,112,0.6187,0.3813,CV,2.0576,2.05,-8.103202881494763,-8.112277720163172,-0.21183,0.0314,226.0888
950,133,0.6178,0.3822,CV,4.324,4.2448,-11.703244997065303,-11.710562715916005,-0.66094,-0.01125,1170.2714
950,106,0.6186,0.3814,CV,0.3292,0.3301,-3.1966009404292715,-3.205800653311774,-0.00607,-0.04152,8.4021
950,134,0.6188,0.3812,CV,0.6861,0.69,-2.36032866151371,-2.3705218456891246,-0.00622,0.0111,4.333
951,112,0.6188,0.3812,CV,0.5829,0.589,-8.078804115781452,-8.088226333558971,-0.12393,0.0145,225.1662
951,133,0.618,0.382,CV,5.547,5.4865,-12.447329924232394,-12.454593581582136,-0.48358,0.09297,1203.7968
951,106,0.6177,0.3823,CV,1.8458,1.8445,-3.7723865422974576,-3.7772574748851033,0.06736,-0.00559,8.5656
951,134,0.6185,0.3815,CV,0.8915,0.8919,-2.6031504740398748,-2.611070659501226,-0.04154,-0.03966,4.3017
952,112,0.6188,0.3812,CV,0.9766,0.9726,-8.084934078448228,-8.094242874993082,-0.10222,0.04812,225.2733
952,133,0.6182,0.3818,CV,4.1235,4.1303,-12.42842712993577,-12.436609253113172,-0.18018,0.28132,1232.9193
952,106,0.6183,0.3817,CV,0.3042,0.3099,-3.3520824601887806,-3.361141781128762,0.04108,0.00495,8.5659
952,134,0.6181,0.3819,CV,0.9873,0.9863,-2.6005154736040073,-2.607561701634462,-0.06292,-0.01305,4.2136
952,128,0.5,0.5,CA,1.1839,1.1847,-4.398132180207002,-4.410857952368961,-0.04348,-0.05501,9.3897
953,112,0.6187,0.3813,CV,2.9098,2.906,-8.107499780285698,-8.11654775646163,-0.24549,0.03044,224.204
953,133,0.6183,0.3817,CV,10.8079,10.8255,-12.105677697021221,-12.113987892666007,0.18677,0.53786,1248.1962
953,106,0.6184,0.3816,CV,1.0581,1.0597,-3.363866749929375,-3.3722550987369457,0.04639,0.03137,8.4461
953,134,0.6183,0.3817,CV,1.5072,1.5107,-2.94651297049817,-2.954728869661048,-0.01928,0.04819,4.316
953,128,0.5774,0.4226,CV,0.8604,0.8608,-3.332331633849415,-3.342082486981099,-0.04135,-0.01858,8.8321
954,112,0.6187,0.3813,CV,1.8859,1.8748,-8.06022090560392,-8.069434618987982,-0.23513,0.08517,222.9634
954,133,0.6184,0.3816,CV,4.2999,4.2689,-12.120586150137187,-12.129140804361265,0.22215,0.54023,1272.6037
954,106,0.6184,0.3816,CV,1.491,1.4941,-3.7884991353993662,-3.7967495115225995,-0.01885,-0.02219,8.6323
954,134,0.6169,0.3831,CV,1.7862,1.7846,-3.27735151524006,-3.279272643227622,0.06903,0.04716,4.4619
954,128,0.6035,0.3965,CV,1.776,1.7723,-4.378947586801723,-4.385001596487982,-0.02909,-0.0048,8.5761
955,112,0.6189,0.3811,CV,2.3755,2.3875,-8.125889208363617,-8.135709764292,0.0285,0.05849,222.2871
955,133,0.6185,0.3815,CV,7.2058,7.195,-13.50059226328397,-13.509225314879377,0.52081,0.45301,1309.0754
955,106,0.6186,0.3814,CV,0.5285,0.5298,-3.3064082177020415,-3.3155014333030417,-0.0313,-0.02783,8.652
955,134,0.6176,0.3824,CV,0.7621,0.761,-2.5569798044483307,-2.564230202423393,0.07132,0.0556,4.4443
955,128,0.6152,0.3848,CV,1.0268,1.0385,-3.5183793921293387,-3.534985065582879,-0.01704,-0.00164,8.6654
956,112,0.6189,0.3811,CV,2.1895,2.1885,-8.041179746760132,-8.050718729736765,-0.11698,0.10123,221.1938
956,133,0.6184,0.3816,CV,9.4266,9.4053,-16.723473288108643,-16.731601354402493,0.62976,0.31341,1354.0252
956,106,0.6186,0.3814,CV,1.0675,1.0696,-3.473324049275316,-3.482141415513247,0.04906,0.00537,8.6538
956,134,0.6183,0.3817,CV,1.4191,1.4234,-2.8663412375214605,-2.8752980603850595,0.02688,-0.0357,4.3591
956,128,0.6181,0.3819,CV,0.8953,0.8939,-3.524196630131799,-3.536185588148168,-0.07871,-0.03646,8.5614
957,112,0.6189,0.3811,CV,2.9595,2.9664,-8.141323528092446,-8.150880818671867,0.10697,0.09049,221.4539
957,133,0.6186,0.3814,CV,6.0651,6.0953,-17.341391156596412,-17.350452625079058,0.17855,0.39062,1377.3925
957,106,0.6187,0.3813,CV,0.2042,0.2049,-3.460999520984034,-3.470371505313514,0.02359,0.01194,8.6838
957,134,0.6183,0.3817,CV,1.1533,1.1555,-2.66681397772338,-2.674858452154645,0.0102,-0.0201,4.4935
957,128,0.6194,0.3806,CV,0.6134,0.6178,-3.003605467060571,-3.016592139850664,0.00133,0.00061,8.4204
958,112,0.6189,0.3811,CV,2.6005,2.6078,-8.108094265897595,-8.117758553267361,-0.07921,0.01789,219.6698
958,133,0.6172,0.3828,CV,32.3012,32.2923,-12.58422699628715,-12.587329342117698,1.80855,0.63005,1367.2246
958,106,0.6183,0.3817,CV,1.5213,1.5224,-3.7518446718852703,-3.759351281904946,-0.01651,-0.01424,8.9347
958,134,0.6184,0.3816,CV,1.1861,1.1885,-2.706869792658627,-2.7154873607085177,0.00292,-0.03842,4.425
958,128,0.5694,0.4306,CV,17.4097,17.4109,-60.27707248925551,-60.08055840646673,-0.74775,-0.31185,9.5789
959,112,0.6188,0.3812,CV,1.698,1.695,-8.014277388922356,-8.023729617592137,-0.15201,0.05836,218.9377
959,133,0.6149,0.3851,CV,32.9118,32.7913,-11.838229578375932,-11.83354245360752,2.6003,1.15339,1344.7325
959,106,0.618,0.382,CV,2.5662,2.5708,-4.645098788404912,-4.652010535024501,-0.02496,-0.01574,8.6202
959,134,0.6155,0.3845,CV,2.0859,2.0829,-3.51673724082889,-3.5128241304664045,-7e-05,-0.09126,4.2284
960,112,0.6187,0.3813,CV,2.6365,2.6289,-8.048114633022767,-8.057166243741943,-0.2493,0.08287,218.9903
960,133,0.6078,0.3922,CV,49.8487,49.669,-17.355390861530424,-17.323953858364423,2.60348,2.68631,1281.7901
960,106,0.6188,0.3812,CV,0.7845,0.7912,-3.218682824623464,-3.229388660894444,0.00551,-0.00993,8.6995
960,134,0.6188,0.3812,CV,1.5189,1.5276,-3.0158959925355235,-3.0300718989368582,0.05982,0.01902,4.2982
960,128,0.5,0.5,CA,9.0047,9.0534,-10.88387848903034,-10.913839252585966,0.17047,0.01536,10.0335
961,112,0.6188,0.3812,CV,1.9253,1.9317,-8.44811079766636,-8.457562160688164,-0.05356,0.06919,219.2494
961,133,0.614,0.386,CV,9.2448,8.9515,-12.744516850750898,-12.749953653307182,2.17947,2.23652,1270.4018
961,128,0.5763,0.4237,CV,1.6962,1.6923,-3.6584271085577353,-3.663743234526743,0.19739,0.05942,9.598
961,106,0.6185,0.3815,CV,1.3788,1.3778,-3.552606265274639,-3.560497150589966,0.03622,0.0239,8.5621
961,134,0.6172,0.3828,CV,2.2757,2.2782,-4.01216509493863,-4.014968332470425,-0.08254,0.09199,4.4179
962,112,0.6186,0.3814,CV,3.1655,3.1581,-8.104492288192663,-8.113085884850468,-0.18876,0.07536,220.2672
962,133,0.6183,0.3817,CV,15.6384,15.7354,-10.712262959631932,-10.726715670264804,2.18482,1.17034,1278.6879
962,106,0.6189,0.3811,CV,1.2232,1.2275,-3.7321198108356435,-3.742249119212263,0.05508,0.02423,8.679
962,134,0.6175,0.3825,CV,0.7237,0.7178,-3.007355239921645,-3.013502829695234,-0.08854,0.05479,4.4561
962,128,0.6038,0.3962,CV,1.2148,1.2059,-4.040896660041051,-4.049737129620414,0.17807,0.15971,9.6601
962,137,0.7,0.3,CV,13.3041,13.3041,-9.163638389688419,-9.163638389688419,0.0,0.0,137.742
963,112,0.6187,0.3813,CV,3.0646,3.0736,-8.092991901984767,-8.102340859761659,-0.15769,0.05782,217.8624
963,133,0.619,0.381,CV,25.828,25.9223,-11.621106954163682,-11.632242481407538,0.78386,0.13819,1303.1153
963,106,0.6189,0.3811,CV,1.0871,1.0903,-3.381989941098091,-3.391900264587456,-0.04115,0.01812,8.6403
963,134,0.6178,0.3822,CV,0.9674,0.9669,-2.670814875893048,-2.677973909812,-0.087,-0.01935,4.4661
963,128,0.6153,0.3847,CV,1.3123,1.3208,-3.7962530080997374,-3.8128281467819436,0.137,0.05369,9.9018
963,137,0.6475,0.3525,CV,4.2913,4.2913,-8.05607089998826,-8.066980534987353,1.52299,0.78597,181.9662
964,112,0.6187,0.3813,CV,1.8597,1.8569,-8.084288118498877,-8.093442056262361,-0.15985,0.09055,218.2266
964,133,0.618,0.382,CV,21.0451,21.0145,-11.479191594412965,-11.48488018454794,-0.39077,-0.46764,1318.1318
964,106,0.6182,0.3818,CV,1.6299,1.6291,-3.798495917847272,-3.804952547574975,-0.07636,0.03715,8.804
964,134,0.6185,0.3815,CV,0.7113,0.7152,-2.518895293791838,-2.528585084845008,-0.00976,-0.03154,4.478
964,137,0.425,0.575,CA,52.0917,52.0491,-80.70244836185095,-79.8824271377316,39.50989,2.59234,326.8966
964,128,0.6186,0.3814,CV,1.1929,1.1941,-3.4601160370459008,-3.4738655619370387,0.10854,0.02463,9.7252
965,112,0.6187,0.3813,CV,1.6799,1.6758,-8.179082862537006,-8.188273009242687,-0.08234,0.12273,219.219
965,133,0.6179,0.3821,CV,19.1898,19.1781,-11.150421250867698,-11.156975824497234,-1.35504,-0.76024,1303.3823
965,106,0.6185,0.3815,CV,1.1887,1.191,-3.897923655090641,-3.9068544430394145,-0.0656,0.05619,8.6765
965,134,0.6184,0.3816,CV,0.5707,0.5697,-2.3406337496609195,-2.348754902364094,0.01307,-0.05123,4.4931
965,128,0.6198,0.3802,CV,0.357,0.3585,-3.195328308502523,-3.2092578328356574,0.08217,0.01792,9.6549
965,137,0.3212,0.6788,CA,29.3401,27.5456,-86.39948680095817,-85.45578602864602,64.58739,4.66049,553.5521
966,112,0.6187,0.3813,CV,2.6462,2.6409,-8.16640766653023,-8.17529479663207,-0.22488,0.06656,219.5302
966,133,0.6176,0.3824,CV,13.8857,13.8258,-12.159786024391481,-12.165715244368954,-1.28605,-0.11299,1316.6431
966,106,0.6183,0.3817,CV,1.1062,1.1049,-3.3380723521465145,-3.345885923017214,-0.09802,-0.01046,8.5973
966,128,0.6191,0.3809,CV,1.2814,1.2789,-3.4553468957844573,-3.4646044976312407,0.12548,0.0479,9.6701
966,137,0.3921,0.6079,CA,18.0017,15.4423,-124.63388628080752,-124.14582411647352,79.96739,8.2801,720.2808
966,134,0.6178,0.3822,CV,1.5961,1.5972,-2.9823543310213085,-2.9880824592935165,0.09317,0.03439,4.5105
967,112,0.6187,0.3813,CV,1.4072,1.4116,-8.163769410126138,-8.173016684582736,-0.06446,0.05721,220.2427
967,133,0.6183,0.3817,CV,16.5713,16.6208,-11.269151137231887,-11.278144655418966,-0.87338,0.55447,1296.2544
967,106,0.6167,0.3833,CV,3.3938,3.3959,-5.524479124459466,-5.525572633073773,-0.0257,-0.11849,9.0051
967,134,0.6181,0.3819,CV,0.841,0.8408,-2.508351130616968,-2.516474078577875,0.06034,0.01658,4.4468
967,128,0.6191,0.3809,CV,1.5045,1.5075,-3.5767183870237047,-3.586922435221154,0.04693,0.07349,9.362
967,137,0.5269,0.4731,CV,7.4641,5.3425,-131.80677009681418,-131.76520404441132,69.8888,5.04613,775.129
968,112,0.6187,0.3813,CV,2.5074,2.512,-8.42284946100623,-8.432037792858743,0.12871,0.03416,220.178
968,133,0.6172,0.3828,CV,26.7969,26.7788,-11.46396125534887,-11.46735945707849,-0.49855,0.95269,1248.5246
968,106,0.6186,0.3814,CV,2.0598,2.0703,-3.9740268435818673,-3.9856304516758896,0.02448,-0.04073,8.7892
968,134,0.6179,0.3821,CV,0.8182,0.8141,-2.3309115564064125,-2.3373831981104463,0.09209,0.00688,4.4221
968,128,0.6193,0.3807,CV,0.3323,0.3381,-3.5268581713277385,-3.5380104479492727,0.02433,0.0297,9.2524
968,137,0.5766,0.4234,CV,18.9851,18.6886,-102.50940027731205,-102.47727402379671,48.45604,0.83702,792.6995
969,112,0.6187,0.3813,CV,2.821,2.8259,-8.464711904007409,-8.47381909725396,-0.09134,0.03957,221.3713
969,133,0.6162,0.3838,CV,21.8904,21.7846,-11.527738008325322,-11.528297345280613,-0.22725,0.70531,1203.3234
969,106,0.6184,0.3816,CV,0.8748,0.8724,-3.715570945867227,-3.7235695787108125,0.05467,-0.03809,8.6667
969,134,0.6182,0.3818,CV,1.0132,1.0132,-2.564488804690648,-2.572719656000327,0.01385,0.00136,4.3361
969,128,0.6189,0.3811,CV,0.9128,0.9125,-3.2722726664526567,-3.2814797212267424,0.07292,-0.01318,9.1539
969,137,0.5596,0.4404,CV,21.0348,19.8109,-64.05949209362329,-63.88597450500032,42.36486,-0.41552,799.4084
970,112,0.6187,0.3813,CV,2.3012,2.2972,-8.35172986120575,-8.360723432625996,-0.20819,0.02346,221.6795
970,133,0.6161,0.3839,CV,17.1134,16.9673,-11.921396563024688,-11.923155526947745,-0.28973,0.08623,1158.9309
970,106,0.6188,0.3812,CV,0.9176,0.9216,-3.5592464198729337,-3.5692845456603326,0.01803,0.0299,8.7623
970,134,0.6191,0.3809,CV,0.538,0.5433,-2.126725217702587,-2.1383651102871304,-0.00721,-0.00157,4.3607
970,128,0.6182,0.3818,CV,1.6213,1.6199,-4.174517693207689,-4.181030780432994,0.06677,0.0114,8.8092
970,137,0.3107,0.6893,CA,63.9778,63.0852,-97.71221342677515,-96.52703323272307,77.73896,5.47958,796.8313
971,112,0.6184,0.3816,CV,5.3182,5.3173,-9.872867213515473,-9.880849713440801,-0.06935,0.10597,225.8589
971,133,0.6187,0.3813,CV,6.7332,6.7803,-10.34209099880968,-10.355227466210428,-0.32194,-0.53415,1133.8781
971,128,0.6188,0.3812,CV,0.4066,0.4102,-3.5819139463072345,-3.5923729329655636,0.04831,-0.01344,8.698
971,137,0.5882,0.4118,CV,16.6378,18.6357,-46.4103283237943,-46.731960600811036,44.3415,3.19125,820.6273
971,134,0.6165,0.3835,CV,2.5762,2.5773,-5.613373722244507,-5.612717470519182,0.01413,0.04602,4.5974
972,112,0.6185,0.3815,CV,4.5642,4.5711,-8.344429673350438,-8.353214359535905,-0.16877,0.26029,225.0737
972,133,0.6189,0.3811,CV,8.2343,8.1601,-10.538183032205833,-10.548124194650667,-0.1626,-0.93573,1095.1071
972,134,0.6184,0.3816,CV,1.0771,1.0837,-4.069566610611206,-4.080505589076179,-0.0088,-0.02584,4.5652
972,128,0.6189,0.3811,CV,0.4506,0.4502,-3.0889094596199604,-3.0986855147336505,0.03232,-0.03979,8.5993
972,137,0.6419,0.3581,CV,19.7367,20.9013,-38.09512406709168,-38.248789183472866,9.65355,0.34361,747.0832
972,106,0.5,0.5,CA,1.2064,1.206,-4.229614157543985,-4.241022160394754,-0.0251,0.0551,9.5975
973,112,0.6186,0.3814,CV,2.2259,2.2292,-8.241251962180241,-8.250372778721955,0.01997,0.2049,224.7355
973,133,0.6184,0.3816,CV,11.669,11.5923,-10.58341463171261,-10.591053874067624,0.38132,-1.11993,1045.4113
973,134,0.618,0.382,CV,1.0178,1.0176,-3.6394073975204893,-3.646144537578042,0.01144,0.03613,4.6116
973,128,0.6187,0.3813,CV,1.2207,1.222,-3.6685019870206035,-3.6773842240353254,-0.03358,0.02382,8.3726
973,137,0.6364,0.3636,CV,5.8806,6.1729,-33.609656581569205,-33.660230254056145,1.84554,0.3467,663.1761
973,106,0.5772,0.4228,CV,0.6724,0.6723,-3.4989630523580124,-3.507921574218668,0.02933,0.05006,9.3525
974,112,0.6187,0.3813,CV,1.521,1.5175,-8.48877257650579,-8.498016714673708,-0.07995,0.16968,225.8946
974,133,0.6183,0.3817,CV,9.8637,9.7805,-10.070249132392306,-10.078173142347403,0.75367,-1.27102,1000.5543
974,134,0.6184,0.3816,CV,0.7633,0.7658,-2.590014533141929,-2.598950673090592,-0.01264,0.03867,4.5868
974,128,0.6189,0.3811,CV,0.8038,0.807,-3.088767984075769,-3.0986896061858853,0.01921,0.03163,8.3149
974,137,0.63,0.37,CV,13.5731,13.6278,-33.15854139095563,-33.189533652854976,1.71144,0.87902,588.9379
974,106,0.6019,0.3981,CV,3.2619,3.2604,-6.292052307045741,-6.291721214176767,-0.07572,0.00656,9.8732
975,112,0.6187,0.3813,CV,2.3807,2.3774,-8.13338623193168,-8.142696696747446,-0.03679,0.14637,225.0708
975,133,0.6183,0.3817,CV,8.6524,8.5543,-9.96269626409448,-9.97050262336517,0.76549,-1.353,954.5182
975,134,0.6185,0.3815,CV,0.3204,0.3197,-2.664255068766908,-2.6731285182511964,-0.01543,0.0253,4.5824
975,128,0.6188,0.3812,CV,0.5826,0.5833,-3.2284428345835967,-3.237781021993899,-0.0255,0.02592,8.2494
975,137,0.6249,0.3751,CV,7.2874,7.234,-24.357353541259528,-24.37588275303371,1.82311,0.75574,535.5476
975,106,0.6139,0.3861,CV,1.9851,1.9983,-4.109268089587433,-4.122686981855278,-0.05556,0.01994,9.7477
976,112,0.618,0.382,CV,8.9674,8.9622,-11.16614905584714,-11.172225363912922,-0.64066,0.157,223.672
976,133,0.6185,0.3815,CV,7.4119,7.3402,-10.13715067516102,-10.145981550523965,0.67758,-1.37752,914.4874
976,134,0.0,1.0,CA,79.2638,79.2627,-2068.742945570615,-2053.805058808771,-6.27203,1.09539,4.7457
976,128,0.6188,0.3812,CV,0.6061,0.6073,-3.0978900682174606,-3.107073949708628,0.02559,0.01839,8.1668
976,137,0.6201,0.3799,CV,10.9083,10.8357,-16.395567935897677,-16.401519153914606,2.39179,1.11373,502.0933
976,106,0.6172,0.3828,CV,0.8081,0.8086,-3.5136556048683016,-3.523715102937775,-0.03338,-0.01394,9.6999
977,112,0.6185,0.3815,CV,4.0369,4.0424,-9.879407756165655,-9.888728249105196,-0.46264,0.03429,226.5071
977,133,0.6118,0.3882,CV,36.8933,36.8374,-16.094335690257072,-16.07479919365197,3.24051,-1.39128,851.7772
977,134,0.1047,0.8953,CA,62.1188,62.2462,-1479.2750769093238,-1477.534034305658,2.81354,-0.66593,5.2957
977,128,0.6173,0.3827,CV,2.3047,2.3041,-4.433988566456167,-4.4372507968549435,0.0293,-0.01111,8.411
977,137,0.6173,0.3827,CV,17.0076,16.9678,-19.237151706440194,-19.23827934426331,1.48048,1.31435,459.4894
977,106,0.6184,0.3816,CV,0.7946,0.7931,-3.4779533009931654,-3.4879907535766996,-0.04683,0.04175,9.7494
978,112,0.6188,0.3812,CV,4.005,4.0152,-8.695663714644953,-8.705386936209988,-0.22396,0.05047,224.0676
978,133,0.6175,0.3825,CV,7.0937,7.1915,-11.589917693459757,-11.604305838236563,1.58857,-1.22496,813.0323
978,134,0.073,0.927,CA,24.5921,24.4984,-194.5147124753736,-192.2286691359805,8.10038,-1.63292,6.4624
978,128,0.6184,0.3816,CV,0.9606,0.9676,-3.423178285364928,-3.4329666047200655,-0.02262,-0.01405,8.3246
978,137,0.617,0.383,CV,9.0482,8.9698,-13.555712674906403,-13.559502328646623,0.80463,1.33732,431.5169
978,106,0.6188,0.3812,CV,1.5725,1.5772,-4.015784976789781,-4.025894629537801,0.02321,-0.01721,10.0121
979,112,0.6184,0.3816,CV,8.894,8.9063,-10.665283858940668,-10.672967188526396,-0.10346,-0.14037,229.6382
979,133,0.6188,0.3812,CV,20.461,20.5391,-11.96573244057727,-11.977194372914907,-0.57649,-0.95601,784.1828
979,134,0.1936,0.8064,CA,8.4938,8.2947,-24.071572618476033,-22.944453892581077,10.93581,-2.35164,7.6008
979,128,0.6182,0.3818,CV,1.0567,1.0566,-3.810483900013676,-3.817995270155019,-0.07364,0.01478,8.2528
979,137,0.6151,0.3849,CV,14.7734,14.7169,-10.167931739674385,-10.164531526334603,-0.07405,1.2697,400.4278
979,106,0.6186,0.3814,CV,1.9951,1.9978,-4.04569584733189,-4.053999609257125,0.03512,-0.05482,9.7891
980,112,0.618,0.382,CV,5.5155,5.4897,-10.205961710016668,-10.21239407384417,-0.04592,-0.16513,235.2099
980,133,0.6168,0.3832,CV,19.0973,19.0508,-11.996973397244954,-11.99792933395113,-1.6754,-0.76124,756.6558
980,134,0.4579,0.5421,CA,0.7903,0.6437,-2.3879531511979923,-2.348178903736514,10.11247,-2.06395,9.2802
980,128,0.6186,0.3814,CV,0.5698,0.5737,-3.1940135714646223,-3.203348335946737,-0.01106,-0.00707,8.2489
980,137,0.614,0.386,CV,16.8846,16.8563,-14.367447610885552,-14.361949073771811,1.43607,1.23682,380.1901
980,106,0.6185,0.3815,CV,0.8236,0.8175,-3.3527731066338307,-3.3611576116520414,0.05782,-0.04623,9.6683
981,112,0.6179,0.3821,CV,6.5777,6.5699,-9.184680842022832,-9.191404720443584,-0.40868,-0.00509,237.7187
981,133,0.616,0.384,CV,13.9365,13.8274,-11.523826072139174,-11.524282360793698,-1.90782,-0.70679,730.5534
981,134,0.6399,0.3601,CV,2.2709,2.5643,-4.263066194765974,-4.59581274500121,4.2742,-0.56536,10.7926
981,128,0.6178,0.3822,CV,1.92,1.92,-4.265839359455262,-4.271528913552766,0.0634,0.01816,8.0346
981,137,0.6171,0.3829,CV,5.6782,5.6736,-11.324737119627784,-11.333881702643298,1.08338,0.83231,370.3983
981,106,0.6179,0.3821,CV,1.3535,1.347,-4.204147910963516,-4.2104005187005615,0.10659,-0.03063,9.5071
982,112,0.6173,0.3827,CV,9.1484,9.1307,-9.395346435833979,-9.399764566830429,-0.80671,0.05934,238.5249
982,133,0.6151,0.3849,CV,15.4355,15.3164,-11.467491638007797,-11.465508343620293,-2.09117,-0.8088,709.6091
982,134,0.6328,0.3672,CV,3.6995,3.8587,-5.884598539254652,-5.922251892656123,-2.17412,0.60492,10.5505
982,128,0.6187,0.3813,CV,1.0464,1.0513,-3.2572473415731293,-3.2675202706582804,0.06105,0.01861,8.1377
982,137,0.6181,0.3819,CV,4.4395,4.4318,-11.374136227224293,-11.383001401161104,0.53771,0.60039,356.1152
982,106,0.6186,0.3814,CV,0.414,0.4048,-3.7592755423202404,-3.7689628010215017,0.0836,-0.01723,9.3929
983,112,0.6181,0.3819,CV,1.3584,1.3714,-8.527427583767915,-8.536271213594182,-0.44237,0.10856,241.2444
983,133,0.6155,0.3845,CV,12.1894,12.0693,-10.760976398201706,-10.761803501306037,-2.06855,-0.79443,685.8925
983,134,0.5987,0.4013,CV,2.0396,1.9533,-3.5116617162216324,-3.4159090062437025,-2.69422,0.72543,9.8057
983,128,0.6189,0.3811,CV,0.7285,0.7314,-3.2476861985031826,-3.2575318420809176,-0.00817,0.01404,8.2059
983,137,0.6171,0.3829,CV,9.1438,9.1018,-12.140980298922557,-12.14438230443394,0.57658,0.62405,339.9646
983,106,0.619,0.381,CV,1.8464,1.8535,-3.731806460113142,-3.742597134106915,-0.03295,-0.03564,9.5193
984,112,0.6183,0.3817,CV,1.6033,1.5813,-8.513633495477631,-8.52208013857423,-0.33003,0.09054,245.0494
984,133,0.6156,0.3844,CV,12.0784,11.9581,-10.711648103102164,-10.712286725097615,-2.04824,-0.79698,666.624
984,134,0.5443,0.4557,CV,2.9816,2.8652,-4.801837908574882,-4.534164012145739,-3.54683,0.71904,9.4092
984,128,0.6186,0.3814,CV,1.1697,1.1701,-3.3513159410929747,-3.3596752466108737,-0.07169,0.0094,8.098
984,137,0.6171,0.3829,CV,7.3068,7.2603,-14.413384613883478,-14.418004957346362,0.2988,0.54795,325.9135
984,106,0.618,0.382,CV,2.6449,2.6481,-5.059275094191041,-5.064859881475742,0.03234,0.02812,9.0729
985,112,0.6185,0.3815,CV,0.6476,0.6423,-8.583118090731386,-8.592027839038607,-0.18781,0.0613,248.5344
985,133,0.6152,0.3848,CV,14.2486,14.1368,-11.923549959865134,-11.922645928690477,-2.03791,-0.78296,657.1941
985,134,0.5622,0.4378,CV,1.5501,1.3849,-2.989137449574188,-2.8732897034688323,-3.23269,0.66732,8.9504
985,128,0.6188,0.3812,CV,0.5425,0.5452,-3.1564392673871873,-3.1663182699439307,-0.00805,0.00587,8.0399
985,137,0.6153,0.3847,CV,12.0948,12.0365,-15.870727692165591,-15.86787865414997,0.35241,0.5644,308.2872
985,106,0.619,0.381,CV,1.6375,1.6459,-3.5464299216501516,-3.5580925117654623,0.0303,0.0039,9.1382
986,112,0.6185,0.3815,CV,2.4224,2.413,-8.495964220470174,-8.504598196668496,-0.26794,0.06161,251.2689
986,133,0.6119,0.3881,CV,29.8852,29.7877,-21.44308713752195,-21.42862956466341,-2.10796,-0.87805,673.9088
986,134,0.5504,0.4496,CV,2.0974,1.9497,-3.9117307609329166,-3.7220805014905993,-3.3462,0.66136,8.5483
986,128,0.6189,0.3811,CV,0.2535,0.2532,-3.5486650308879018,-3.558388894525112,0.01036,0.00349,8.0115
986,137,0.5898,0.4102,CV,37.5124,37.4389,-23.843419756738484,-23.73666059749414,2.59426,1.18413,277.5579
986,106,0.6186,0.3814,CV,1.3457,1.3463,-3.5095733377534613,-3.517909526355851,-0.06078,0.02505,9.1762
987,112,0.6185,0.3815,CV,2.2448,2.2298,-8.50240578181391,-8.510986062386472,-0.29477,0.06719,254.9276
987,133,0.6127,0.3873,CV,17.5483,17.3741,-21.286693890014547,-21.28037078555137,-1.94725,-0.87895,682.7764
987,128,0.6186,0.3814,CV,1.0128,1.012,-3.1682583067421897,-3.1768081382456423,-0.04097,0.00198,7.8767
987,137,0.6166,0.3834,CV,11.8383,12.0384,-17.056229169370376,-17.09889167005368,0.52118,0.07303,266.9718
987,106,0.6126,0.3874,CV,5.4939,5.4905,-9.373308847569463,-9.356549195554965,-0.03859,0.00048,9.8847
988,112,0.6185,0.3815,CV,2.3372,2.3206,-8.619278534709364,-8.62780124939591,-0.30386,0.0712,259.1667
988,133,0.6136,0.3864,CV,17.616,17.4903,-17.251150198118324,-17.247843150261076,-2.1784,-0.8414,679.9534
988,137,0.6167,0.3833,CV,14.7316,14.7548,-25.96706482007857,-25.970790875003765,-0.9562,-0.82894,252.5478
988,106,0.6169,0.3831,CV,0.8081,0.8245,-3.899189715003151,-3.9096012063875705,-0.04403,-0.00537,9.8922
988,134,0.5,0.5,CA,0.6892,0.8241,-3.326048151147597,-3.3988292867448693,-0.9885,0.16731,8.1064
989,112,0.6185,0.3815,CV,2.0295,2.0121,-8.977963826360343,-8.986507114520531,-0.28252,0.0479,263.61
989,133,0.6143,0.3857,CV,18.2398,18.1425,-15.81710739407384,-15.81515337449462,-2.44903,-0.45121,674.1371
989,137,0.6158,0.3842,CV,7.6599,7.5827,-32.505338049131524,-32.50505852470043,-0.87773,-0.97275,234.1419
989,106,0.618,0.382,CV,2.7358,2.7443,-4.4106129183401315,-4.419517659226447,-0.05608,0.01892,9.46
989,134,0.5664,0.4336,CV,1.7042,1.6646,-3.3456554894909054,-3.3107111970614707,-1.32737,0.16869,7.3774
989,128,0.5,0.5,CA,0.7748,0.7755,-3.5882549122992713,-3.601459640371765,0.03197,0.02717,8.2504
990,112,0.6185,0.3815,CV,2.0348,2.0191,-9.182862632963257,-9.191374815325094,-0.24359,0.09753,268.2472
990,133,0.6155,0.3845,CV,12.1413,12.0361,-20.33182734017676,-20.33400965409443,-2.03189,-0.07418,685.3831
990,137,0.6164,0.3836,CV,5.4915,5.4188,-26.582005012394976,-26.585760107373805,-0.90032,-0.93731,219.3886
990,106,0.6179,0.3821,CV,2.086,2.0891,-4.1392455059986055,-4.146143023151786,-0.04167,0.01871,9.8166
990,134,0.6092,0.3908,CV,1.6537,1.6885,-3.0204963718530964,-3.066200259540945,-0.53318,0.1645,6.9995
990,128,0.5775,0.4225,CV,0.3688,0.3692,-3.3746570288965434,-3.3848646444497104,0.03723,-0.0062,7.96
991,112,0.6179,0.3821,CV,7.9463,7.9301,-10.606820731006987,-10.612744714547448,-0.41192,0.16812,277.5071
991,133,0.6167,0.3833,CV,9.6914,9.6239,-29.12991389399862,-29.135359149837086,-1.3504,0.10243,701.9296
991,137,0.6171,0.3829,CV,4.0692,3.9955,-25.536151531374706,-25.542086729095615,-0.7933,-0.78008,204.8721
991,106,0.6139,0.3861,CV,5.4344,5.4402,-10.403534406785848,-10.393455019778713,0.0607,0.01437,9.1061
991,134,0.6176,0.3824,CV,1.2714,1.2772,-2.9360760489284368,-2.954459674259313,-0.1784,0.11084,6.7027
992,112,0.6182,0.3818,CV,2.058,2.0368,-9.813903081812013,-9.822002195412997,-0.37042,0.0833,282.7005
992,133,0.6182,0.3818,CV,11.5803,11.648,-39.637294908454244,-39.647422053208544,-0.08706,0.28432,707.245
992,137,0.6186,0.3814,CV,5.8973,5.913,-17.97420595525075,-17.985087550274358,-0.59195,-0.48028,196.0846
992,106,0.6168,0.3832,CV,0.8104,0.801,-3.804332689542618,-3.8125561925570652,-0.00937,0.04443,8.9435
992,134,0.6202,0.3798,CV,0.6037,0.6077,-2.4128864390646108,-2.430039537820168,-0.15777,0.04879,6.2949
993,112,0.6184,0.3816,CV,1.9124,1.9347,-10.912751309844726,-10.92155652892998,-0.10884,0.00789,287.1278
993,133,0.6185,0.3815,CV,7.7462,7.7689,-36.687389778179565,-36.69639367830648,-0.4344,0.03913,705.471
993,137,0.6177,0.3823,CV,5.2117,5.1717,-15.213445695786351,-15.218622146575134,-0.59841,-0.56795,186.7346
993,106,0.6189,0.3811,CV,1.2148,1.2205,-3.2616824096682087,-3.27463253157222,-0.05542,0.10588,8.9626
993,134,0.6186,0.3814,CV,1.01,1.0036,-2.490991483145197,-2.4973879311345013,-0.22259,0.0304,5.9689
994,112,0.6185,0.3815,CV,2.2648,2.2698,-10.716127421646217,-10.724877864789194,-0.1141,0.07549,290.9162
994,133,0.617,0.383,CV,22.2621,22.2428,-26.8957909302566,-26.897815390376536,-1.71013,-0.14005,698.829
994,137,0.6122,0.3878,CV,15.614,15.5714,-9.714893527998266,-9.698018747691124,-1.23151,-0.77102,182.2745
994,106,0.6192,0.3808,CV,0.5535,0.5484,-3.311306472470709,-3.3223907916851916,-0.01395,0.08416,8.7703
994,134,0.6199,0.3801,CV,0.599,0.6077,-2.281584388582805,-2.2959876026358947,-0.08699,-0.01839,5.7041
995,112,0.6186,0.3814,CV,1.4108,1.4042,-11.734106850522156,-11.74294683927221,-0.15851,0.05716,296.0822
995,133,0.612,0.388,CV,32.215,32.1238,-18.97205580417133,-18.955466738545493,-3.07546,-0.61714,678.7585
995,137,0.6043,0.3957,CV,21.909,21.8279,-21.395893762332328,-21.35383302314607,-1.82778,-0.73269,184.0227
995,106,0.6196,0.3804,CV,1.3281,1.3345,-3.426592838367121,-3.4386784824111825,-0.0,-0.04126,8.6927
995,134,0.6189,0.3811,CV,0.7359,0.7322,-2.36528114875616,-2.3733694828891534,-0.11674,0.0073,5.4773
996,112,0.6187,0.3813,CV,1.0208,1.0284,-11.993229578772025,-12.002343048495982,-0.04112,0.02427,302.003
996,133,0.6076,0.3924,CV,28.1761,27.9885,-13.449963875753877,-13.422226279012595,-3.94979,-1.00907,659.2547
996,137,0.6133,0.3867,CV,16.915,16.9581,-12.193729444750648,-12.20147504647545,-0.32243,-0.61017,186.2962
996,106,0.6189,0.3811,CV,1.1477,1.1466,-3.2784077582788616,-3.2868615970418316,0.00445,-0.05664,8.7026
996,134,0.619,0.381,CV,0.9679,0.971,-2.495190858504423,-2.5051454664752395,-0.03104,0.03247,5.3708
997,112,0.6184,0.3816,CV,5.6361,5.6334,-13.589173294193497,-13.597225881950369,-0.2148,0.11892,311.3668
997,133,0.5992,0.4008,CV,32.8873,32.6443,-12.234884548317972,-12.178429964301827,-4.95843,-1.74651,629.7845
997,137,0.617,0.383,CV,12.5773,12.621,-9.009248456553529,-9.019248704012941,-0.12795,-0.69636,176.0318
997,106,0.6181,0.3819,CV,1.5293,1.5281,-3.7968388475831194,-3.803317535120691,-0.01914,0.0291,8.7583
997,134,0.6186,0.3814,CV,1.3346,1.337,-2.7291348969646005,-2.7376285696356573,-0.03662,0.0021,5.0805
998,112,0.6184,0.3816,CV,2.9961,2.9768,-13.273344182949685,-13.281509950042409,-0.28903,0.11619,318.7932
998,133,0.6003,0.3997,CV,21.6786,21.3792,-11.034928282188963,-10.995585021036163,-5.51177,-1.46686,610.8487
998,137,0.617,0.383,CV,5.5212,5.4891,-11.712307712840026,-11.716517835854008,-0.31637,-0.71971,173.2028
998,106,0.6186,0.3814,CV,1.4075,1.4124,-3.8177955441230496,-3.8272553759937846,-0.06616,0.01298,8.5198
998,134,0.6188,0.3812,CV,0.6098,0.6115,-2.2369994351010813,-2.2464850839536883,-0.02968,-0.0329,4.9668
998,141,0.7,0.3,CV,4.7843,4.7843,-8.702983134255486,-8.702983134255486,0.0,0.0,68.9703
999,112,0.6183,0.3817,CV,2.8912,2.8696,-13.410656604382048,-13.41864331746362,-0.27317,0.09062,326.9236
999,133,0.6023,0.3977,CV,21.217,20.958,-11.501805149086023,-11.468911888290975,-5.77869,-1.02433,597.1434
999,137,0.6164,0.3836,CV,7.5607,7.525,-22.45791464417106,-22.45987139500936,-0.36833,-0.84905,174.4658
999,106,0.6173,0.3827,CV,2.163,2.1617,-5.751991064909302,-5.755470347091306,-0.09993,-0.02069,8.6982
999,134,0.6187,0.3813,CV,0.5026,0.502,-2.21603462533527,-2.224955469393048,-0.04889,-0.00595,4.8723
999,141,0.6484,0.3516,CV,3.0308,3.0308,-8.574447016130218,-8.58919001996274,0.70993,0.32501,92.5595
1000,112,0.6184,0.3816,CV,2.552,2.546,-13.727488982608204,-13.735794675809233,-0.07521,0.11274,335.5765
1000,133,0.603,0.397,CV,19.9708,19.6838,-12.231503320373264,-12.199022623479365,-5.70048,-0.66231,580.8276
1000,137,0.6112,0.3888,CV,18.4168,18.3874,-21.372684709887963,-21.353690231879227,-0.76804,-1.46086,165.8867
1000,106,0.6183,0.3817,CV,1.0235,1.0292,-3.494071258388025,-3.5036067120481675,-0.00549,0.02182,8.7112
1000,134,0.6188,0.3812,CV,0.6006,0.6031,-2.439924882149374,-2.4495445201009973,0.01129,0.00037,4.7745
1000,141,0.6327,0.3673,CV,8.301,8.3395,-7.922903528996727,-7.947449816238629,1.24301,-0.72413,138.5554
1000,128,0.5,0.5,CA,1.8278,1.8278,-6.384981633143502,-6.39007560679035,0.01802,-0.01718,8.8781
1001,112,0.6181,0.3819,CV,5.5566,5.5389,-13.689418113259865,-13.696557338448322,-0.08299,0.13631,348.0326
1001,133,0.6034,0.3966,CV,23.3137,23.0846,-11.911369795167603,-11.879218571700246,-5.3797,-0.29918,575.2763
1001,137,0.6087,0.3913,CV,15.0122,14.9633,-47.34882902233362,-47.326822161535645,0.19961,-1.7809,158.2325
1001,106,0.6182,0.3818,CV,1.7291,1.7317,-3.9165290604352374,-3.924045592033903,0.07079,-0.05138,8.5685
1001,134,0.6148,0.3852,CV,3.2989,3.2989,-5.346174422580839,-5.33845725719892,-0.07069,-0.02175,5.0043
1001,141,0.5768,0.4232,CV,14.0894,13.7924,-9.535041360505751,-9.349032641165763,1.51381,-3.21072,185.1013
1001,128,0.5751,0.4249,CV,3.0891,3.0901,-7.481750795669089,-7.48223208270285,0.06198,0.01242,7.6209
1002,112,0.6183,0.3817,CV,0.798,0.8084,-13.73695663647407,-13.74537673260493,-0.00629,0.08415,356.5696
1002,133,0.6028,0.3972,CV,21.9079,21.6195,-15.050534659798103,-15.01539213850668,-5.31846,-0.031,563.1276
1002,137,0.5995,0.4005,CV,21.21,21.1643,-29.911850909274087,-29.855039867504335,-1.68514,-2.05872,151.864
1002,106,0.618,0.382,CV,1.216,1.2132,-3.6420084541870277,-3.6487918343171737,0.07177,-0.05485,8.4073
1002,134,0.6176,0.3824,CV,0.6919,0.7002,-3.1162240261427745,-3.1263614872905032,-0.01071,-0.00115,4.9773
1002,128,0.6045,0.3955,CV,1.0826,1.0914,-3.0762892184450643,-3.0898003140031154,-0.0199,0.01914,7.6207
1002,141,0.5904,0.4096,CV,10.1586,9.8256,-8.289067081768689,-8.241527371494577,-2.65028,0.07478,217.0568
1003,112,0.6183,0.3817,CV,1.8153,1.8009,-14.743421652718979,-14.751572724952766,0.03989,0.09694,366.3102
1003,133,0.6035,0.3965,CV,23.4121,23.1705,-15.407367321014503,-15.375786628504727,-4.89828,-0.62221,562.0863
1003,137,0.5746,0.4254,CV,30.807,30.718,-36.23687480674242,-36.090914611772604,-3.84081,-1.92192,152.766
1003,106,0.6182,0.3818,CV,1.4783,1.4801,-3.569070414980322,-3.5771553553187063,0.10668,-0.01363,8.5483
1003,134,0.6183,0.3817,CV,0.9999,1.0047,-2.741877876023092,-2.7510320369132772,0.00528,0.00314,4.8396
1003,141,0.6372,0.3628,CV,6.6904,7.2796,-7.617407617751161,-7.747428603369958,-1.48574,1.37673,220.796
1003,128,0.6144,0.3856,CV,0.6733,0.6731,-3.5555328919733347,-3.5675546748492524,-0.03808,0.05242,7.6311
1004,112,0.6184,0.3816,CV,2.0499,2.0412,-14.112055848093828,-14.120344037783735,-0.06758,0.09636,377.1091
1004,133,0.6051,0.3949,CV,19.6856,19.4126,-18.66010240689659,-18.63433153301941,-4.667,-0.46262,555.3125
1004,137,0.5357,0.4643,CV,36.5952,36.3729,-40.54741730601221,-40.28027773285476,-5.81661,-1.96042,156.7047
1004,106,0.6186,0.3814,CV,0.7535,0.7541,-4.001638037839507,-4.010891845874514,0.05971,-0.05325,8.5193
1004,134,0.6184,0.3816,CV,0.4213,0.4209,-2.4224647838019435,-2.4308345505555295,0.00699,0.00255,4.8003
1004,141,0.6326,0.3674,CV,5.3968,5.3984,-7.690698464085531,-7.731540780281885,0.41349,0.52355,217.2839
1004,128,0.6168,0.3832,CV,1.3985,1.3953,-3.2733077650313644,-3.2805693536919254,-0.09636,0.07556,7.6641
1005,112,0.6185,0.3815,CV,1.9363,1.9471,-14.37624271814851,-14.384924233522103,0.05655,0.04446,385.8267
1005,133,0.6049,0.3951,CV,23.1683,22.9481,-22.418746401393104,-22.389927772050626,-4.74987,0.12986,541.7037
1005,137,0.5288,0.4712,CV,27.7463,27.4052,-40.876447791721915,-40.63828167423162,-6.99331,-2.308,158.6806
1005,106,0.6186,0.3814,CV,0.7063,0.7059,-3.239592401746974,-3.2483376205254477,0.05796,-0.0196,8.5831
1005,134,0.6185,0.3815,CV,0.7552,0.7562,-2.572028402980398,-2.5805595879757637,0.03025,0.02679,4.8737
1005,141,0.5287,0.4713,CV,41.6575,41.638,-68.00162808928222,-67.62101888168436,7.90808,0.01917,212.66
1005,128,0.6163,0.3837,CV,1.8998,1.8936,-4.1648948617272845,-4.16674894158111,-0.07981,0.05702,7.8428
1006,112,0.6184,0.3816,CV,6.9464,6.9464,-17.35321639020085,-17.361254976634385,0.40395,-0.10428,391.9917
1006,133,0.6003,0.3997,CV,28.3873,28.15,-22.516255184404628,-22.46856417161409,-5.38243,0.59665,527.9021
1006,137,0.5527,0.4473,CV,16.8447,16.5197,-55.814091643259935,-55.682163067895466,-6.84593,-2.55239,156.1296
1006,106,0.6187,0.3813,CV,0.3545,0.3564,-3.453975655752807,-3.4632925804687966,0.01484,-0.00602,8.6282
1006,134,0.6186,0.3814,CV,0.3141,0.3146,-2.764996069000734,-2.7740985602751866,0.00105,0.02342,4.9147
1006,141,0.5178,0.4822,CV,21.3807,20.8843,-64.63717760137077,-64.36473198898912,9.43476,0.14784,211.6633
1006,128,0.6186,0.3814,CV,1.1189,1.1288,-3.3061128826724575,-3.3184241511350026,-0.05312,-0.01572,7.6912
1007,112,0.6186,0.3814,CV,2.792,2.8127,-14.926252864158993,-14.935525630224884,0.06473,-0.00821,400.8492
1007,133,0.6064,0.3936,CV,13.2336,12.9496,-23.351520703704328,-23.335778845613085,-4.54986,0.62701,519.3436
1007,137,0.5311,0.4689,CV,22.0074,21.6755,-56.28567302981954,-56.03206218119357,-8.46257,-2.88424,153.0558
1007,106,0.6187,0.3813,CV,0.8559,0.8572,-3.304587353071109,-3.3135372705648414,0.02523,-0.02601,8.5316
1007,134,0.6185,0.3815,CV,0.9422,0.9435,-4.047136397783742,-4.055715197927936,0.01876,-0.01115,4.8442
1007,141,0.5887,0.4113,CV,14.9766,15.1207,-24.790543832227037,-24.821555740448012,5.58346,-0.85649,216.8246
1007,128,0.6188,0.3812,CV,1.3322,1.336,-3.293234336430687,-3.3027589608736574,0.0233,-0.02708,7.4805
1008,112,0.6186,0.3814,CV,5.4035,5.4059,-13.14106691015753,-13.149844883803478,-0.32019,-0.01082,409.5391
1008,133,0.6115,0.3885,CV,8.8447,8.606,-27.163869762009003,-27.160781169319144,-3.60348,0.47358,508.3095
1008,137,0.4897,0.5103,CA,21.7028,21.2617,-40.341996817566525,-39.953690588162566,-11.46138,-3.4758,154.2147
1008,106,0.6187,0.3813,CV,0.8186,0.8197,-3.376585022428529,-3.3856988187191757,-0.03483,0.00511,8.4902
1008,134,0.6178,0.3822,CV,1.2468,1.2449,-2.6966120062423395,-2.7021406895470443,0.01589,0.03863,4.7322
1008,141,0.6147,0.3853,CV,7.27,7.4559,-41.843528334314556,-41.879650185476166,3.17243,-0.36184,208.4225
1008,128,0.6189,0.3811,CV,0.7134,0.7162,-3.5240795491916526,-3.5341085975901847,-0.02241,0.0058,7.4795
1009,112,0.6186,0.3814,CV,3.3862,3.3675,-12.812104479040952,-12.820815478919515,-0.40678,-0.03425,417.4397
1009,133,0.6162,0.3838,CV,6.6352,6.5971,-25.255259378004567,-25.264346628242464,-2.31864,0.33463,503.9645
1009,137,0.4466,0.5534,CA,22.2675,21.7085,-35.68719646381757,-35.18515289622291,-15.75573,-3.86259,160.9369
1009,106,0.6181,0.3819,CV,1.4762,1.4741,-3.5884279120645015,-3.5949136498429377,-0.11937,0.03835,8.4805
1009,134,0.6184,0.3816,CV,0.4397,0.4359,-2.46837151567894,-2.477403105769724,0.00872,0.00616,4.6831
1009,141,0.6216,0.3784,CV,10.6259,10.7478,-39.75659521155379,-39.783852652621405,0.71146,-0.32199,197.9357
1009,128,0.6186,0.3814,CV,1.1048,1.1054,-3.1782088944798272,-3.1866169193416267,0.0276,-0.01545,7.5677
1010,112,0.6186,0.3814,CV,2.6627,2.6439,-13.291366813122186,-13.300203248188016,-0.40983,0.02051,426.5546
1010,133,0.6179,0.3821,CV,3.3618,3.2945,-25.211396568823673,-25.220959915354424,-1.50592,0.14909,496.7339
1010,137,0.3874,0.6126,CA,25.5382,24.8218,-38.20597135507303,-37.521463095301655,-22.64683,-4.65467,175.1577
1010,106,0.6177,0.3823,CV,1.6768,1.6749,-4.826011632962605,-4.831706136156237,-0.12609,0.03439,8.6875
1010,134,0.6191,0.3809,CV,0.7521,0.7565,-2.363847848056315,-2.37502060965154,-0.02537,-0.00467,4.7301
1010,141,0.6117,0.3883,CV,17.8352,17.8358,-40.79339505945627,-40.768731570183334,-1.49749,-0.43755,185.0573
1010,128,0.6186,0.3814,CV,0.6163,0.6158,-3.4416047280754674,-3.450329407563169,-0.01851,-0.01567,7.5867
1011,112,0.6186,0.3814,CV,8.9933,9.0134,-16.287541488271867,-16.296456226279325,0.31215,-0.1504,432.2723
1011,133,0.6185,0.3815,CV,9.5467,9.5645,-19.279005568843893,-19.288454733376327,-0.58498,-0.23157,494.3999
1011,137,0.3415,0.6585,CA,24.3339,23.3286,-31.904631320902418,-31.105439518646797,-32.92884,-6.36798,195.9024
1011,141,0.6152,0.3848,CV,3.7323,3.6286,-39.29139168375072,-39.29623087477,-1.15804,-0.46646,176.7833
1011,128,0.6181,0.3819,CV,1.094,1.0922,-4.198594089508667,-4.2054930982053795,-0.0217,0.03646,7.6825
1011,106,0.6179,0.3821,CV,1.5351,1.5356,-4.310874216762843,-4.317952604745089,-0.01877,0.02376,8.9205
1012,112,0.6187,0.3813,CV,2.0242,2.0064,-15.06681527961749,-15.075890222215154,0.27385,-0.06616,438.2951
1012,133,0.6184,0.3816,CV,6.0565,6.0289,-15.94726539773668,-15.955384351396068,-0.36336,-0.52284,488.6801
1012,137,0.3353,0.6647,CA,20.2173,18.9097,-19.0853347332189,-18.32279240086431,-45.085,-8.62289,226.7698
1012,141,0.6177,0.3823,CV,3.147,3.1067,-46.3050301286775,-46.315119061910664,-0.62881,-0.28601,167.9282
1012,128,0.6171,0.3829,CV,1.8534,1.8498,-4.273880832009029,-4.277082331288318,0.02937,0.0142,7.9523
1012,106,0.6186,0.3814,CV,1.2135,1.2204,-3.7132996018250637,-3.723248655764019,-0.00995,-0.0093,8.7999
1013,112,0.6187,0.3813,CV,6.6011,6.6181,-13.11296386597142,-13.12214683367217,-0.27576,-0.02645,447.1779
1013,133,0.612,0.388,CV,34.7619,34.7393,-31.124038080104384,-31.105518140284275,-2.61981,-0.76999,480.1005
1013,137,0.3917,0.6083,CA,13.0138,11.3637,-9.344167463105537,-8.834598883137803,-53.23699,-9.81981,257.9873
1013,106,0.6184,0.3816,CV,1.2374,1.2376,-3.435917095173661,-3.443767203824315,-0.00177,0.01184,8.649
1013,141,0.6188,0.3812,CV,11.4898,11.5308,-23.99515022989069,-24.00625388747859,-0.25117,-0.4961,167.3462
1013,128,0.6184,0.3816,CV,1.8586,1.867,-3.8598768242936687,-3.870164224818967,-0.01117,-0.01874,7.7767
1014,112,0.6185,0.3815,CV,5.6121,5.597,-12.534623419453824,-12.542931357631094,-0.53465,0.01809,453.9932
1014,133,0.6061,0.3939,CV,30.5002,30.3761,-31.37037338088375,-31.336295236637085,-3.74981,-0.26049,463.6135
1014,137,0.5181,0.4819,CV,5.0463,3.7515,-7.767623716677914,-7.691236220066678,-46.00371,-7.84021,279.1846
1014,106,0.6178,0.3822,CV,1.515,1.5114,-3.9916839582695953,-3.997473878080486,0.06117,0.04096,8.5084
1014,141,0.6192,0.3808,CV,5.6418,5.6676,-37.30683302772087,-37.31798689997143,-0.12003,-0.15336,159.6481
1014,128,0.6182,0.3818,CV,1.0423,1.0416,-3.9084082087690075,-3.915968384529133,0.03561,-0.04623,7.7111
1015,112,0.6185,0.3815,CV,4.1307,4.1024,-11.821870334017875,-11.830236488941505,-0.57328,-0.02482,459.3618
1015,133,0.6037,0.3963,CV,23.7657,23.5719,-23.899230289696327,-23.863803661910275,-4.23269,0.22192,453.6493
1015,137,0.6161,0.3839,CV,3.8669,4.6086,-11.029714799720438,-11.174728617422186,-25.9538,-4.12823,264.2562
1015,106,0.619,0.381,CV,1.4256,1.4337,-3.627913264601192,-3.6395642894889875,-0.02633,0.0052,8.6597
1015,141,0.6184,0.3816,CV,4.926,4.9164,-40.082592231322536,-40.08970056644701,-0.12818,-0.03662,152.0998
1015,128,0.6185,0.3815,CV,0.4244,0.4227,-3.1038452172798427,-3.1129704542548127,0.03645,-0.01211,7.7321
1016,112,0.6185,0.3815,CV,3.7244,3.7021,-11.4349334333696,-11.443646910748942,-0.46363,-0.04928,462.6695
1016,133,0.6078,0.3922,CV,14.0362,13.8226,-17.98394093353665,-17.969143102286257,-3.79515,0.29542,449.6663
1016,137,0.6506,0.3494,CV,6.9945,7.6905,-8.827378820046036,-8.977795080384253,-5.75114,-0.30165,234.5522
1016,106,0.6175,0.3825,CV,2.3211,2.3203,-4.0354982862151365,-4.039321292253735,-0.12144,0.0226,8.4022
1016,141,0.6181,0.3819,CV,9.1339,9.1505,-22.869936990781866,-22.87702386941867,-0.30063,-0.27104,152.7948
1016,128,0.6184,0.3816,CV,0.9169,0.9139,-3.200129952603482,-3.2083112596087524,0.02618,-0.00062,7.6468
1016,134,0.5,0.5,CA,0.9054,0.9052,-4.441937903409049,-4.450995788240065,-0.02162,-0.00774,5.1737
1017,112,0.6186,0.3814,CV,1.7845,1.7554,-11.449189103723885,-11.458309251695788,-0.38304,-0.06201,468.014
1017,133,0.6128,0.3872,CV,7.6095,7.4225,-17.34967475647357,-17.349873088972792,-2.93064,0.13276,444.6732
1017,137,0.6415,0.3585,CV,2.7997,2.8827,-7.288022218774089,-7.347419777657552,-1.37875,0.39633,200.245
1017,106,0.619,0.381,CV,1.2077,1.2155,-3.451813698717203,-3.463892259759764,0.02019,0.01708,8.3523
1017,141,0.6186,0.3814,CV,3.0875,3.1068,-26.96824455432396,-26.977822679029167,-0.17129,-0.04912,149.4661
1017,128,0.619,0.381,CV,0.4303,0.4355,-3.0224023819596604,-3.033112283570472,0.0157,0.00253,7.705
1017,134,0.0,1.0,CA,152.8475,152.8464,-6666.74954757768,-6630.875134861625,-11.09003,0.11762,5.3037
1018,112,0.6188,0.3812,CV,1.8191,1.834,-11.899577566303364,-11.909149872625612,-0.11204,-0.06762,473.514
1018,133,0.6153,0.3847,CV,10.6657,10.6001,-14.057665494269248,-14.06113603383325,-2.11757,-0.05711,446.4855
1018,137,0.5143,0.4857,CV,24.6074,24.5688,-34.63998924769727,-34.188568113282756,-15.61576,-1.78768,180.9267
1018,106,0.6185,0.3815,CV,1.8804,1.8834,-3.8493494968483035,-3.8573822701861324,0.04762,-0.04519,8.5348
1018,141,0.6169,0.3831,CV,11.1288,11.1272,-16.03475142112784,-16.03646138631001,-0.1607,-0.42753,152.4959
1018,128,0.6189,0.3811,CV,0.7849,0.786,-3.570958867503321,-3.5805568889940655,-0.04566,0.00303,7.7384
1019,112,0.6188,0.3812,CV,2.1691,2.1581,-11.550980605071116,-11.560245318143597,-0.17816,-0.09464,477.7231
1019,133,0.6165,0.3835,CV,7.6109,7.5272,-17.712509448870264,-17.717531803451813,-1.79091,-0.14019,437.0162
1019,137,0.5192,0.4808,CV,11.2494,10.563,-33.89659187521268,-33.65048208038489,-16.74011,-1.71178,168.444
1019,106,0.6182,0.3818,CV,0.9179,0.9123,-3.430044137378581,-3.4371250006554015,0.06842,-0.04666,8.605
1019,141,0.6176,0.3824,CV,2.2204,2.2108,-14.633440118591665,-14.640696844304495,-0.01184,-0.23336,153.9111
1019,128,0.619,0.381,CV,0.4903,0.4928,-3.062003443154085,-3.0718925951933636,0.00717,0.00274,7.7364
1020,112,0.6187,0.3813,CV,2.43,2.4161,-11.648365688645171,-11.657581951723444,-0.17893,-0.09137,480.4304
1020,133,0.6166,0.3834,CV,8.2387,8.149,-14.571968237004327,-14.575482832297787,-1.62425,-0.17029,433.448
1020,137,0.5593,0.4407,CV,5.6965,5.07,-27.859846598891348,-27.768397734687674,-14.53975,-1.21924,158.4019
1020,106,0.6184,0.3816,CV,1.0638,1.0659,-3.71219513956288,-3.7210043069980387,0.08038,0.01547,8.4941
1020,141,0.6181,0.3819,CV,6.0811,6.1016,-16.512696104990937,-16.52104575953675,0.19537,-0.01336,151.4453
1020,128,0.6188,0.3812,CV,0.7003,0.7006,-3.244193523846272,-3.2532783467128388,-0.03592,0.02824,7.7311
1020,147,0.7,0.3,CV,4.7619,4.7619,-8.39620083892229,-8.39620083892229,0.0,0.0,35.2349
1021,112,0.6188,0.3812,CV,3.6878,3.6952,-11.273466843088773,-11.282851873232746,0.13524,-0.13246,484.839
1021,133,0.616,0.384,CV,11.1917,11.1068,-11.541037302321815,-11.541916473305717,-1.66307,-0.07488,434.4425
1021,137,0.544,0.456,CV,13.4717,13.0614,-17.336173327558654,-17.124631006740138,-15.13134,-0.92206,155.0955
1021,141,0.6153,0.3847,CV,14.7041,14.6988,-19.693250188607077,-19.688797220675113,0.56483,0.5512,145.9191
1021,128,0.6173,0.3827,CV,2.3714,2.3716,-4.567909039057904,-4.57110266906406,0.02055,0.0261,7.406
1021,106,0.6177,0.3823,CV,2.6916,2.6955,-5.445541860149806,-5.450862565744217,-0.10007,-0.00248,8.2205
1021,147,0.5975,0.4025,CV,19.053,19.053,-23.490113934200473,-23.287973120368264,-6.08388,-4.55915,45.337
1022,112,0.6188,0.3812,CV,1.4142,1.4247,-11.620444496679323,-11.62986553251427,0.0638,-0.06625,490.9429
1022,133,0.616,0.384,CV,13.1781,13.125,-15.518192428947428,-15.519646935159187,-1.74282,-0.31852,422.9172
1022,137,0.5499,0.4501,CV,10.2572,9.7066,-13.095426055128101,-12.930027588632711,-14.60919,-0.54041,152.3902
1022,106,0.6182,0.3818,CV,2.8348,2.8425,-4.815202962578063,-4.823485976190598,0.03103,0.02022,8.505
1022,141,0.6128,0.3872,CV,10.8069,10.7529,-22.82474140213879,-22.814113749167294,0.73699,0.6939,141.2049
1022,128,0.6183,0.3817,CV,0.9942,0.9949,-3.4824452763814,-3.491879089489453,0.08512,-0.01274,7.3504
1023,112,0.6187,0.3813,CV,4.3336,4.33,-12.237881308089154,-12.246887115911639,0.25464,-0.12234,492.6014
1023,133,0.6161,0.3839,CV,10.2387,10.1645,-17.54099276757409,-17.543152232003624,-1.61661,-0.32481,410.4987
1023,137,0.6053,0.3947,CV,4.6187,4.8346,-15.506011891740245,-15.55945042626149,-8.44738,-0.01455,149.2355
1023,106,0.6176,0.3824,CV,1.3929,1.3878,-3.6878173540488377,-3.6931176114107274,0.07848,-0.00485,8.7043
1023,141,0.6176,0.3824,CV,2.1066,2.1567,-17.200692157844784,-17.213850372760575,0.34457,0.26922,140.5914
1023,128,0.6183,0.3817,CV,0.8798,0.8743,-4.342212700820949,-4.350227856782884,0.07335,-0.04812,7.2121
1024,112,0.6187,0.3813,CV,1.844,1.8345,-11.84976381726197,-11.859030622403209,0.13572,-0.11005,494.4178
1024,133,0.6165,0.3835,CV,7.926,7.8339,-16.392956493786205,-16.396429038326353,-1.55674,-0.33434,401.8769
1024,137,0.5003,0.4997,CV,21.9597,21.6121,-13.70970078824693,-13.255890069423359,-15.07432,-0.12552,143.8097
1024,106,0.6179,0.3821,CV,0.6426,0.6373,-3.3776180089825765,-3.384897065433698,0.06697,-0.0326,8.7569
1024,141,0.6184,0.3816,CV,2.528,2.5018,-16.617923237641723,-16.62736175003794,0.20079,0.34576,139.1438
1024,128,0.6188,0.3812,CV,2.0344,2.0414,-3.615391210406661,-3.6257132080980377,-0.06781,-0.01107,7.2846
1024,134,0.5,0.5,CA,374.8532,374.9777,-3499.1809763703686,-3295.2353819841146,107.47347,-3.60114,9.9111
1025,112,0.6187,0.3813,CV,1.9289,1.9137,-11.214582293016845,-11.223864477538669,0.16376,-0.111,496.7363
1025,133,0.6173,0.3827,CV,5.229,5.1405,-16.050659447498962,-16.05733927311553,-1.33882,-0.27426,393.75
1025,137,0.5996,0.4004,CV,6.395,6.8084,-12.677341133867625,-12.77848891145678,-8.19749,0.36917,139.1351
1025,106,0.6185,0.3815,CV,1.5499,1.5557,-3.669775435313031,-3.679241618145915,0.0206,-0.00548,8.5759
1025,141,0.6173,0.3827,CV,6.1788,6.1481,-20.443397822091956,-20.44724715083562,0.21121,0.34819,134.1927
1026,112,0.6188,0.3812,CV,2.1583,2.145,-10.947024770964793,-10.95637026945397,0.16063,-0.03434,497.9916
1026,133,0.6176,0.3824,CV,6.2463,6.1745,-18.48792921815501,-18.494332295091358,-1.21522,-0.21175,382.2002
1026,137,0.6284,0.3716,CV,8.8925,9.2185,-20.5776930359129,-20.65618073391725,-0.953,0.48598,131.9174
1026,106,0.6184,0.3816,CV,0.9875,0.9866,-3.2852075011083968,-3.293384797062736,0.00413,0.0552,8.5198
1026,141,0.6192,0.3808,CV,6.6724,6.7146,-9.760732056677208,-9.774128778106695,0.00077,0.19071,135.3744
1026,134,0.5,0.5,CA,305.7826,310.396,-950.0137673518718,-822.1310994394553,-1185.14659,44.07819,35.4812
1027,112,0.6188,0.3812,CV,1.4084,1.4114,-11.014307497449,-11.023875802686181,0.00477,-0.01468,500.1941
1027,133,0.6183,0.3817,CV,4.4591,4.4241,-14.693511941642335,-14.702601158262594,-1.01291,-0.13037,375.3392
1027,137,0.6159,0.3841,CV,9.9052,9.9243,-28.648438574017288,-28.631339330400024,2.55111,0.49224,123.1045
1027,106,0.6182,0.3818,CV,2.0447,2.0484,-4.211592271343722,-4.219184216552133,-0.00095,0.02452,8.8442
1027,141,0.5946,0.4054,CV,35.1537,35.1556,-25.474995110549916,-25.382414637614737,2.58545,-0.10634,128.334
1027,134,0.0021,0.9979,CA,115.1704,146.2908,-60.218400750666305,-53.75485315404928,1844.83396,-67.52124,93.9728
1028,112,0.6188,0.3812,CV,2.4195,2.4095,-10.312672728875818,-10.322082745387998,0.03103,-0.06491,500.2883
1028,133,0.6182,0.3818,CV,8.1616,8.1471,-11.1489497642166,-11.156522519335095,-0.82347,-0.12288,373.7764
1028,137,0.6151,0.3849,CV,3.9963,3.8622,-27.81889414803677,-27.81685757600583,2.29503,0.44239,115.4017
1028,106,0.6184,0.3816,CV,2.3171,2.3226,-4.179033969052725,-4.187419368224885,-0.029,0.00915,8.5736
1028,141,0.6045,0.3955,CV,6.0843,5.9444,-9.07232501511411,-9.057058720653174,2.09005,-0.18759,124.4645
1029,112,0.6188,0.3812,CV,2.5667,2.5538,-10.665015580713796,-10.674405868659345,0.12813,-0.06194,499.8399
1029,133,0.6181,0.3819,CV,5.4468,5.4118,-10.47507894836637,-10.4825854757859,-0.56829,-0.05026,371.5278
1029,137,0.6183,0.3817,CV,2.5886,2.5573,-21.968074188346797,-21.98065844771352,1.4147,0.35161,109.5914
1029,106,0.6186,0.3814,CV,1.5897,1.5946,-3.6516703181447867,-3.6609980944687166,-0.02537,0.02821,8.7548
1029,141,0.6168,0.3832,CV,3.7708,3.8814,-8.965016273083245,-8.987200892074386,0.92719,-0.19497,122.4909
1029,128,0.5,0.5,CA,2.2814,2.2809,-5.038473436723038,-5.046689490380779,0.00284,0.02041,8.4998
1029,134,0.5,0.5,CA,117.2077,183.5826,-9.453858685301373,-11.773988878256304,-821.36685,30.28943,153.7859
1030,112,0.6188,0.3812,CV,2.9621,2.9441,-10.161449748822058,-10.170786181985775,0.17115,-0.07422,498.3378
1030,133,0.6179,0.3821,CV,5.2744,5.2305,-9.691655898489616,-9.698396017655043,-0.46254,-0.01119,370.0877
1030,137,0.6198,0.3802,CV,4.2229,4.2463,-25.00880764724114,-25.023078648926628,0.54749,0.45897,103.5503
1030,106,0.6181,0.3819,CV,1.4842,1.4823,-3.651547182461734,-3.65807365751565,0.03178,0.02254,9.0276
1030,141,0.6195,0.3805,CV,8.5966,8.6486,-10.187632183531573,-10.203060578788074,-0.15929,-0.04952,121.1786
1030,128,0.5769,0.4231,CV,0.6718,0.6764,-4.395866847725966,-4.403659948351249,0.00321,-0.00559,7.7581
1031,112,0.6189,0.3811,CV,1.3969,1.3881,-9.941685210248814,-9.951365932976461,0.09328,-0.13806,498.4898
1031,133,0.6179,0.3821,CV,4.8252,4.7845,-9.257543600017522,-9.264383871247967,-0.40793,0.12901,369.4848
1031,137,0.6186,0.3814,CV,5.2162,5.2085,-14.49468127030109,-14.501675881446722,0.1716,0.39845,100.8457
1031,106,0.617,0.383,CV,3.5227,3.5275,-6.338138333307006,-6.340999619496419,0.11313,-0.11583,8.6713
1031,141,0.6182,0.3818,CV,5.8865,5.8757,-8.839200184149384,-8.845118815713185,-0.54636,-0.06718,119.1798
1031,128,0.6039,0.3961,CV,0.9468,0.9463,-3.2285667137360052,-3.2367933133626945,-0.05414,0.01687,7.8361
1031,134,0.5,0.5,CA,53.4546,78.8512,-8.207494652600829,-8.664858493814162,228.76254,-8.6824,322.1748
1032,112,0.6188,0.3812,CV,3.0583,3.0456,-9.720906775720001,-9.730375124059185,-0.01596,-0.16571,495.9835
1032,133,0.6184,0.3816,CV,6.5751,6.5974,-12.166346979177966,-12.17548154565319,-0.37644,0.23046,360.9686
1032,137,0.6184,0.3816,CV,3.4423,3.4347,-16.739223299085953,-16.74740259267124,-0.09688,0.39296,96.9753
1032,106,0.6188,0.3812,CV,1.4278,1.4381,-3.464264017973129,-3.476536984282488,0.00945,0.00231,8.745
1032,141,0.6162,0.3838,CV,7.4533,7.4222,-8.372664397222774,-8.3720310766996,-0.86265,-0.00138,117.5044
1032,128,0.6138,0.3862,CV,0.7013,0.7029,-3.159004664281009,-3.169426514495279,-0.05276,0.01717,7.8466
1032,134,0.746,0.254,CV,6.2748,11.773,-6.249806474574683,-7.024887955649378,-35.17675,0.97535,59.5884
1033,112,0.6189,0.3811,CV,0.6458,0.6647,-9.862513581770171,-9.87234101676734,-0.00611,-0.067,495.9169
1033,133,0.6183,0.3817,CV,5.7486,5.7297,-11.463286903146683,-11.470979038943376,-0.56713,0.21475,354.8418
1033,137,0.6172,0.3828,CV,5.2413,5.2216,-11.27734726388196,-11.280710233563864,-0.02413,0.41165,95.9266
1033,106,0.6187,0.3813,CV,1.0711,1.0717,-3.5029287431756897,-3.511912941225339,-0.04594,-0.05319,8.8302
1033,141,0.6156,0.3844,CV,6.0544,6.0066,-9.014480505533111,-9.013934929810413,-0.91015,-0.0422,116.7443
1033,128,0.6172,0.3828,CV,0.874,0.8751,-3.188083554754338,-3.1981713392391797,-0.03553,-0.04693,7.9705
1033,134,0.6994,0.3006,CV,1.7228,1.5777,-4.275789394038267,-4.452215355824942,-16.53585,0.32167,29.7651
1034,112,0.6188,0.3812,CV,3.8635,3.8543,-9.494750383887297,-9.504144824988812,-0.06782,-0.07607,491.4316
1034,133,0.6114,0.3886,CV,29.1563,29.1245,-12.945497782411678,-12.924491250028868,-2.46954,0.34325,349.8472
1034,137,0.6174,0.3826,CV,3.5048,3.485,-9.522615100627643,-9.528205279353697,-0.18873,0.37779,94.3938
1034,106,0.6186,0.3814,CV,0.8252,0.8243,-3.416300423559073,-3.4249543341146733,-0.02012,-0.04836,8.9575
1034,141,0.6136,0.3864,CV,9.1738,9.1273,-11.2138628104696,-11.206140604864826,-1.17341,-0.04221,114.612
1034,128,0.6181,0.3819,CV,1.4309,1.4319,-3.742228668565856,-3.751186297179255,-0.01961,-0.04816,7.8401
1034,134,0.6878,0.3122,CV,1.2524,1.3717,-3.2431994684244847,-3.436719553604451,-5.37991,-0.00136,21.4167
1035,112,0.6189,0.3811,CV,0.6791,0.6618,-9.526507200933102,-9.536268906225255,-0.07165,-0.05007,489.2265
1035,133,0.6153,0.3847,CV,3.9424,3.8139,-8.644421488575208,-8.650086291357736,-1.75854,0.26574,345.1476
1035,137,0.6167,0.3833,CV,5.215,5.1923,-9.094421559589756,-9.097015469035334,-0.12146,0.54442,93.2503
1035,106,0.6186,0.3814,CV,0.5195,0.5191,-3.347139194947186,-3.3560819300655997,-0.03521,-0.00743,9.0288
1035,141,0.6143,0.3857,CV,5.7854,5.7267,-10.141827350422155,-10.140054324024735,-1.07307,-0.13447,114.2998
1035,128,0.6187,0.3813,CV,0.5782,0.5755,-3.267107735775575,-3.2771617639075035,-0.00815,-0.00318,7.7716
1035,134,0.6446,0.3554,CV,2.4046,2.3327,-4.881266628188008,-4.897995322882988,-5.86341,0.00092,16.1948
1036,112,0.6189,0.3811,CV,2.3452,2.3439,-9.267574756812555,-9.277312247042193,0.11312,-0.02354,486.8519
1036,133,0.619,0.381,CV,9.3462,9.4408,-9.187430470163939,-9.202811291519348,-0.33404,0.15437,342.7199
1036,137,0.6149,0.3851,CV,9.1448,9.1221,-8.532463129636076,-8.528574600614983,-0.05315,0.54701,96.3156
1036,106,0.618,0.382,CV,2.3438,2.3466,-4.9364188795048145,-4.942747217580952,-0.00333,0.03193,8.7148
1036,141,0.6155,0.3845,CV,4.2425,4.1847,-9.888923152720837,-9.890972759848438,-0.94028,-0.09177,113.5551
1036,128,0.6191,0.3809,CV,0.2096,0.2059,-2.915389994804313,-2.9261258916076884,-0.0008,0.00791,7.7401
1036,134,0.6538,0.3462,CV,1.9202,2.0114,-4.867336788013247,-4.9897904829255495,-1.07036,-0.12885,12.9499
1036,148,0.7,0.3,CV,5.5351,5.5351,-11.854744552353683,-11.854744552353683,0.0,0.0,4.9064
1037,112,0.6188,0.3812,CV,5.9956,5.9947,-9.250795278987109,-9.25999616975267,-0.29736,-0.03109,481.3044
1037,133,0.6179,0.3821,CV,15.6574,15.675,-9.73560680094812,-9.740988178203757,0.96165,0.03888,340.6182
1037,137,0.615,0.385,CV,7.1171,7.0872,-7.991549965952574,-7.990674440949932,-0.0886,0.73101,96.6579
1037,106,0.6186,0.3814,CV,0.355,0.3551,-3.136639241547937,-3.1465340877007835,-0.02536,0.03135,8.694
1037,141,0.6143,0.3857,CV,7.9552,7.9081,-10.423644203277856,-10.41876440667569,-1.11692,0.02255,112.0315
1037,128,0.6186,0.3814,CV,1.1311,1.1285,-3.384590799134277,-3.392779865758104,0.06271,0.00864,7.5936
1037,134,0.6395,0.3605,CV,1.2776,1.2993,-2.794614972032219,-2.8407518307271182,0.78864,-0.14345,10.6822
1038,112,0.6189,0.3811,CV,1.7556,1.7322,-9.121670427632347,-9.131338521585317,-0.22012,-0.0431,476.7036
1038,133,0.6151,0.3849,CV,16.958,16.9065,-10.358960586053138,-10.3538807806931,1.66339,0.11638,342.9094
1038,137,0.6155,0.3845,CV,4.8357,4.793,-8.694231303874576,-8.695190144057124,-0.09308,0.71768,97.3207
1038,106,0.6187,0.3813,CV,0.778,0.7746,-3.318570118767629,-3.327593584878524,0.00529,0.0229,8.5896
1038,141,0.615,0.385,CV,5.2254,5.1677,-10.528859530533374,-10.528685047435594,-1.04101,0.04128,111.9025
1038,128,0.6193,0.3807,CV,0.7281,0.7345,-3.234852205255062,-3.246555813823367,-5e-05,0.00672,7.5891
1038,134,0.63,0.37,CV,0.9977,0.9738,-2.9852974033851045,-3.011567899440995,0.80846,-0.14044,9.1086
1039,112,0.6189,0.3811,CV,2.791,2.7769,-9.12494997297472,-9.134635784071842,-0.08685,-0.10693,470.9121
1039,133,0.6173,0.3827,CV,12.3228,12.3552,-9.488606338316588,-9.497190628523555,0.50393,-0.01295,349.4867
1039,137,0.6164,0.3836,CV,3.6192,3.5836,-8.783423312005123,-8.78741092927275,0.0335,0.61604,99.0114
1039,106,0.6189,0.3811,CV,1.4572,1.462,-3.707652003032948,-3.717723697716276,-0.04597,0.01432,8.7148
1039,141,0.6163,0.3837,CV,3.7527,3.7068,-8.972001954650493,-8.976406151670881,-0.85787,-0.01901,110.4995
1039,128,0.6188,0.3812,CV,1.0518,1.0512,-3.06865330793497,-3.0774866345275123,-0.06806,0.00476,7.4582
1039,134,0.623,0.377,CV,1.0576,1.0314,-2.9093336246980406,-2.920002851906709,0.77277,-0.13973,8.0258
1040,112,0.619,0.381,CV,1.909,1.9277,-9.085144680431291,-9.095253039658516,-0.08849,-0.0506,468.9324
1040,133,0.6187,0.3813,CV,11.9284,11.9858,-13.536582161246919,-13.54767232304178,-0.1091,0.18873,339.0547
1040,137,0.6171,0.3829,CV,3.0836,3.0587,-10.066012697841995,-10.0717042088582,0.01939,0.44192,101.8413
1040,106,0.619,0.381,CV,0.479,0.4802,-3.2097341438615437,-3.219637043551422,-0.01761,0.03454,8.6612
1040,141,0.616,0.384,CV,6.7008,6.6725,-11.39696935823968,-11.398264187892165,-0.85186,0.00143,112.1972
1040,128,0.6185,0.3815,CV,1.4535,1.4555,-4.133393823079313,-4.14165480723651,-0.05774,-0.02308,7.5493
1040,134,0.6202,0.3798,CV,0.6907,0.6592,-2.3854916886989566,-2.3943974006847712,0.63662,-0.11394,7.2461
1041,112,0.619,0.381,CV,2.7728,2.7761,-9.10639944376095,-9.116192627452659,0.13917,-0.06616,464.9383
1041,133,0.6186,0.3814,CV,4.4287,4.4237,-9.48322708585381,-9.49175265564518,-0.29938,0.20241,338.5427
1041,137,0.6166,0.3834,CV,5.426,5.3966,-12.712897420993166,-12.7156603075427,-0.02141,0.51777,105.4353
1041,106,0.6174,0.3826,CV,2.736,2.7369,-4.363689984491911,-4.366721401125691,0.09048,-0.02144,8.9202
1041,141,0.6163,0.3837,CV,6.9711,6.9543,-12.313680509818145,-12.316832858816863,-0.53447,0.00626,115.9435
1041,128,0.6183,0.3817,CV,1.5887,1.5906,-3.549090175740523,-3.5567221193456926,0.06279,0.0028,7.5899
1041,134,0.6188,0.3812,CV,2.3402,2.3401,-4.216916283699331,-4.224156709675297,0.29591,-0.18368,6.4454
1042,112,0.6189,0.3811,CV,4.702,4.7109,-9.208155439436847,-9.217621906161245,-0.19747,-0.0374,463.6071
1042,133,0.6187,0.3813,CV,2.3645,2.3499,-9.811508517744421,-9.820685089230619,-0.30455,0.20148,337.1831
1042,137,0.6149,0.3851,CV,9.553,9.5177,-15.333401608902975,-15.329574599457708,-0.10717,0.73946,110.758
1042,106,0.6175,0.3825,CV,1.0148,1.009,-3.8465939600203933,-3.8527678931751796,0.04354,-0.05103,9.0922
1042,141,0.6168,0.3832,CV,3.4146,3.372,-12.908680390269396,-12.913440065039211,-0.46204,0.05069,117.8127
1042,128,0.6183,0.3817,CV,1.4744,1.4769,-3.3389893357328617,-3.3471819376165244,0.0738,-0.01695,7.3626
1042,134,0.6198,0.3802,CV,1.2677,1.2696,-2.6305148500746953,-2.644323126979553,0.14701,-0.14732,6.0745
1043,112,0.6189,0.3811,CV,2.8313,2.8332,-9.243613134951675,-9.253143136840931,-0.19696,-0.00733,457.7741
1043,133,0.6187,0.3813,CV,2.9025,2.8942,-10.605066532105955,-10.614423948691417,-0.20559,0.24683,333.4768
1043,137,0.6139,0.3861,CV,9.9436,9.8958,-19.21933022263944,-19.213772239805763,0.07308,0.83064,117.4756
1043,106,0.6184,0.3816,CV,2.1714,2.1791,-4.321407199030133,-4.331027606242503,0.01871,0.00486,8.8008
1043,141,0.6155,0.3845,CV,8.4218,8.3856,-18.001209878313084,-17.999592110282855,-0.53559,0.04544,122.549
1043,134,0.6178,0.3822,CV,1.5026,1.4974,-2.8797404252770216,-2.883200523352567,0.02497,-0.17511,5.7484
1044,112,0.6187,0.3813,CV,7.1062,7.1032,-9.344050679240885,-9.35275689718898,0.00297,-0.17552,447.0371
1044,133,0.6188,0.3812,CV,2.8029,2.8041,-10.021081039962457,-10.030715959605981,-0.00041,0.2835,332.5723
1044,137,0.6129,0.3871,CV,12.4086,12.3616,-21.808587224977487,-21.800399941935623,0.47066,0.87471,124.7827
1044,106,0.6183,0.3817,CV,1.7636,1.7667,-4.032932954517129,-4.040586207882648,-0.04352,0.01453,9.0265
1044,141,0.6027,0.3973,CV,43.6243,43.6416,-24.81188808176388,-24.758362230714212,1.82841,0.08759,132.2606
1044,134,0.6185,0.3815,CV,0.6156,0.6139,-2.468875807076655,-2.47849990103592,0.07828,-0.10804,5.4655
1044,128,0.5,0.5,CA,0.4169,0.4138,-3.818864613122622,-3.83167039428984,0.03609,-0.00934,7.6692
1045,112,0.6187,0.3813,CV,9.6941,9.7125,-9.723459382008997,-9.73244700215064,-0.55035,0.10582,447.6951
1045,133,0.6188,0.3812,CV,2.4382,2.434,-9.004249670731083,-9.013723175359404,0.00575,0.22176,332.985
1045,137,0.6115,0.3885,CV,14.575,14.5159,-27.458766460343195,-27.4458201448532,0.86674,0.90897,132.8365
1045,106,0.6186,0.3814,CV,0.832,0.8349,-3.4496548876927666,-3.45885850295097,0.00153,-0.03638,9.1024
1045,141,0.6001,0.3999,CV,23.6002,23.486,-11.870916586897565,-11.82560636148899,1.93699,0.31599,146.1004
1045,134,0.6174,0.3826,CV,1.074,1.0678,-2.6756618084027792,-2.6795917409537973,0.06058,-0.13454,5.2434
1045,128,0.5774,0.4226,CV,1.0974,1.1005,-3.1314252545693786,-3.141192841779402,-0.03428,0.02452,7.5054
1046,112,0.6167,0.3833,CV,16.9241,16.8942,-14.801338982447572,-14.802090015153667,-1.52682,0.15193,443.2826
1046,133,0.6189,0.3811,CV,3.6129,3.6199,-9.872250375465779,-9.881889455731791,-0.08473,0.15373,328.2662
1046,137,0.6106,0.3894,CV,14.4419,14.3665,-32.07089865898934,-32.05665758655591,1.14308,0.8903,141.8683
1046,106,0.6183,0.3817,CV,1.691,1.6925,-3.7932910952126173,-3.800910753577673,0.00939,-0.01015,8.888
1046,141,0.6074,0.3926,CV,11.182,11.0784,-8.847869901623973,-8.83694764230868,1.7445,0.12208,151.7782
1046,134,0.619,0.381,CV,0.8743,0.8815,-2.515399181332383,-2.5277110868062356,0.03227,-0.02142,5.0672
1047,112,0.6167,0.3833,CV,8.7659,8.6875,-15.656549685679128,-15.660333361097521,-1.52073,-0.03161,437.4543
1047,133,0.6188,0.3812,CV,3.1241,3.1276,-8.966461801468176,-8.975929980824075,0.04571,0.20647,327.8922
1047,137,0.6105,0.3895,CV,14.4575,14.3818,-33.11186198606253,-33.09846338749466,1.36546,0.97303,147.9395
1047,106,0.6188,0.3812,CV,1.0502,1.0547,-3.4060356866188912,-3.4159836626454387,0.03331,-0.02786,9.0356
1047,141,0.6143,0.3857,CV,5.4008,5.4103,-8.847676543072728,-8.854660930865835,1.15728,-0.02957,154.0521
1047,134,0.6188,0.3812,CV,0.3006,0.2991,-2.2703741058161575,-2.279380322968839,0.04071,-0.01146,4.9251
1047,148,0.5,0.5,CA,377.803,377.803,-2092.186719753317,-2076.354274060535,10.28984,-1.62218,8.3705
1048,112,0.6158,0.3842,CV,21.2008,21.2058,-21.95513609987961,-21.95502205058083,-0.65179,-0.64473,412.863
1048,133,0.6188,0.3812,CV,1.7483,1.7374,-8.758308685809244,-8.767673909231707,0.0246,0.21237,327.4859
1048,137,0.6109,0.3891,CV,13.6548,13.5818,-34.644287058846984,-34.63240725227232,1.45746,1.03384,151.0324
1048,106,0.6181,0.3819,CV,2.081,2.082,-4.003551340085882,-4.0100188567676325,-0.02837,0.00507,8.798
1048,141,0.6151,0.3849,CV,17.6689,17.6896,-13.233391553882022,-13.233924677684143,0.51328,0.15831,148.8441
1048,134,0.6185,0.3815,CV,0.9895,0.9907,-2.4330359617122563,-2.4411585883112865,-0.02705,-0.05102,4.8101
1048,148,0.0509,0.9491,CA,28.1806,28.6548,-238.0072434259286,-234.7790706891299,-33.19764,5.16948,14.1453
1049,112,0.6173,0.3827,CV,7.1638,7.1234,-16.284925871562006,-16.29257218686832,0.06185,-0.53679,399.2859
1049,133,0.6187,0.3813,CV,2.2173,2.2105,-8.642414495207392,-8.65156522124596,0.02884,0.1242,327.8011
1049,137,0.6123,0.3877,CV,27.5312,27.569,-19.172650504958952,-19.166355012449884,-0.66948,1.54658,159.654
1049,106,0.6173,0.3827,CV,1.6093,1.603,-4.897763937376139,-4.901957635173052,-0.00423,0.07292,8.5568
1049,141,0.6067,0.3933,CV,21.4519,21.4083,-12.006408699952349,-11.970344745597227,1.19645,1.52914,147.8962
1049,134,0.617,0.383,CV,1.5618,1.5594,-3.0085034218140345,-3.0106860915574827,-0.08924,-0.09151,4.6345
1050,112,0.6175,0.3825,CV,25.6423,25.7115,-11.584141870378131,-11.59006122316665,0.93401,0.41949,409.0575
1050,133,0.6169,0.3831,CV,16.0449,16.0333,-13.379906057832052,-13.381528873559208,-0.01162,-0.00363,341.0594
1050,137,0.6109,0.3891,CV,14.1217,14.0332,-13.805315742527165,-13.791011830944491,-0.93623,1.71476,166.4706
1050,106,0.6187,0.3813,CV,2.9419,2.9528,-4.710858755707738,-4.72182948346336,-0.02863,-0.05082,8.8492
1050,141,0.6141,0.3859,CV,9.9788,9.9909,-8.341230686588675,-8.348507784735144,0.03788,1.51859,153.5165
1050,134,0.6182,0.3818,CV,0.5438,0.5457,-2.2561611565941924,-2.2657013280779066,-0.04873,-0.06411,4.5947
1051,112,0.6178,0.3822,CV,7.0055,6.9582,-10.233293206725044,-10.240411219718455,1.06056,0.27262,401.4998
1051,133,0.6157,0.3843,CV,13.8203,13.7583,-18.95874429898947,-18.957781449199658,-0.12988,-0.0757,356.6707
1051,137,0.6128,0.3872,CV,10.2492,10.1775,-11.571785889457445,-11.567549365888974,-0.47981,1.63407,169.4664
1051,128,0.5,0.5,CA,1.9332,1.9329,-5.348061472247152,-5.357248458423888,-0.0093,0.02143,8.8705
1051,106,0.6164,0.3836,CV,2.8125,2.8081,-6.240900886908365,-6.240146582193956,-0.07467,0.01046,9.2479
1051,141,0.6189,0.3811,CV,4.2748,4.357,-7.951239706020044,-7.96819060877332,0.06045,0.66435,159.1002
1052,112,0.6173,0.3827,CV,8.6746,8.6233,-9.83082913426075,-9.835436380425591,0.90197,0.34075,399.6922
1052,133,0.6166,0.3834,CV,5.2123,5.1428,-19.558230529666762,-19.563081805508887,-0.22827,-0.01331,364.9099
1052,137,0.6128,0.3872,CV,11.1405,11.0654,-10.291225149163864,-10.284230811160763,-0.01055,1.68133,172.045
1052,106,0.6159,0.3841,CV,1.8929,1.8818,-6.6454119838099075,-6.6460736424278055,-0.06326,-0.04295,9.5332
1052,128,0.5765,0.4235,CV,1.7924,1.7946,-3.8400293789289055,-3.846199363039134,0.08823,-0.03054,8.0494
1052,148,0.5,0.5,CA,487.3021,486.1931,-3851.5972142985966,-3080.562859623846,-869.15579,136.35096,23.1569
1052,134,0.5,0.5,CA,0.9801,0.9785,-2.913482155844534,-2.9235889474252934,0.01031,-0.0789,4.7975
1053,112,0.6182,0.3818,CV,3.4314,3.4169,-10.768105754915215,-10.776981322048279,0.69549,0.29863,392.7825
1053,133,0.6178,0.3822,CV,6.4384,6.4679,-16.846787983645637,-16.854955315842492,-0.38504,0.1311,366.2272
1053,137,0.6119,0.3881,CV,11.4521,11.3621,-9.159699214955806,-9.14877485830443,0.22803,1.69778,172.6756
1053,106,0.617,0.383,CV,1.0361,1.0318,-4.154631607758401,-4.160648456886272,-0.00074,-0.0624,9.6897
1053,128,0.6041,0.3959,CV,1.0016,1.0047,-3.3056930629827206,-3.3155597391660008,0.02981,0.05243,7.9986
1053,134,0.5749,0.4251,CV,1.699,1.6946,-3.170053190238571,-3.169593627884551,0.01382,-0.16637,4.6961
1054,112,0.618,0.382,CV,5.1842,5.1451,-9.363006633065648,-9.370177905624532,0.66858,0.18717,391.0169
1054,133,0.6176,0.3824,CV,13.9592,13.9704,-12.57613926048136,-12.582002152972635,-0.48595,0.44338,360.4189
1054,137,0.5896,0.4104,CV,28.7514,28.6594,-20.61043440394876,-20.50782201086795,0.7912,2.3303,160.6236
1054,106,0.6176,0.3824,CV,0.6334,0.6314,-4.658310641491929,-4.665520532125424,0.01471,-0.06901,9.819
1054,128,0.6136,0.3864,CV,1.296,1.2958,-3.321439165048476,-3.3305481765877216,-0.05797,0.05596,7.9257
1054,134,0.6034,0.3966,CV,1.4773,1.4807,-2.830902782177394,-2.83990750488847,0.07087,-0.0966,4.5494
1055,112,0.6183,0.3817,CV,3.826,3.7981,-9.61760244273514,-9.625817943314063,0.62521,-0.01159,387.9938
1055,133,0.6171,0.3829,CV,10.2123,10.1714,-10.482934219492504,-10.487106437290521,-0.50112,0.54556,356.9964
1055,137,0.5804,0.4196,CV,20.855,20.7279,-30.63371597734094,-30.526173616547105,2.90391,2.41887,157.9653
1055,106,0.6177,0.3823,CV,0.7313,0.7252,-4.554274864027468,-4.560876421274496,0.01498,-0.07047,10.0847
1055,128,0.6167,0.3833,CV,1.1062,1.1008,-3.5530113130998027,-3.561072069283735,-0.06041,0.03779,7.7836
1056,112,0.6174,0.3826,CV,12.6486,12.6314,-13.252837730890114,-13.257025894793257,1.06031,0.27252,377.7023
1056,133,0.6181,0.3819,CV,3.6714,3.6272,-10.063076016360444,-10.072100411499731,-0.1903,0.50705,358.6577
1056,137,0.587,0.413,CV,27.853,27.9251,-19.364536448426755,-19.29761899672848,-1.99468,1.96003,150.8355
1056,106,0.6182,0.3818,CV,1.8604,1.8653,-4.366182649131746,-4.374554384853741,0.05981,0.00097,10.0538
1056,128,0.6188,0.3812,CV,1.4261,1.4335,-3.404797963716822,-3.4173734718040043,-0.04168,-0.04268,7.8963
1057,112,0.6169,0.3831,CV,9.9359,9.8882,-12.253589086710159,-12.257227827290249,1.2872,-0.13851,371.1806
1057,133,0.6182,0.3818,CV,5.9857,5.9393,-8.87624672797334,-8.884232985508355,-0.01174,0.47259,356.0456
1057,137,0.6192,0.3808,CV,9.2588,9.4676,-9.992684044129962,-10.050505332690639,-1.12574,0.32311,149.2102
1057,106,0.6178,0.3822,CV,1.8597,1.8586,-4.18319205905822,-4.189285109991682,-0.00012,0.0752,9.9866
1057,128,0.6192,0.3808,CV,0.3131,0.3144,-3.121619143664811,-3.1328419369574476,-0.0246,-0.02072,7.8285
1057,134,0.5,0.5,CA,4.1036,4.1039,-6.02784118813133,-6.009468315357106,-0.00662,0.16175,4.3125
1058,112,0.6176,0.3824,CV,5.6862,5.6385,-10.35942467355676,-10.366571447432587,1.12854,-0.09585,369.8226
1058,133,0.6187,0.3813,CV,4.3968,4.3678,-8.732753037710834,-8.74237374207565,0.28221,0.43455,354.3232
1058,137,0.6222,0.3778,CV,5.3275,5.3954,-7.416010729157822,-7.439295544493046,-0.22121,-0.1759,143.8489
1058,106,0.6187,0.3813,CV,0.9062,0.913,-4.113630604084912,-4.124151152200335,-0.0128,0.0461,10.2751
1058,128,0.6188,0.3812,CV,0.976,0.9756,-3.7258198580378323,-3.7347719398977657,-0.06675,-0.01199,7.8447
1059,112,0.6172,0.3828,CV,9.0095,8.9581,-10.089219323198519,-10.093540748913544,1.21033,-0.16069,370.4048
1059,133,0.6187,0.3813,CV,4.2529,4.2074,-8.840390963650965,-8.849484011995566,0.23787,0.45982,350.0748
1059,137,0.6212,0.3788,CV,2.9552,2.9568,-7.223098712277037,-7.237852084385105,-0.02806,-0.0527,135.0082
1059,106,0.6167,0.3833,CV,3.065,3.0634,-5.014751793008843,-5.015506241169772,0.01595,0.11614,9.9845
1059,128,0.6191,0.3809,CV,0.7675,0.7715,-3.1399834820383763,-3.1504281695870766,-0.00077,-0.00807,7.7337
1060,112,0.6183,0.3817,CV,3.2605,3.2697,-10.708504060686327,-10.718015930786326,0.63972,-0.04321,369.7943
1060,133,0.6185,0.3815,CV,10.1397,10.1444,-9.124549173104397,-9.132774578075859,-0.63297,0.44635,346.6394
1060,137,0.6188,0.3812,CV,7.5908,7.5883,-10.039257408920282,-10.044821399679664,0.70252,-0.00503,127.2516
1060,106,0.618,0.382,CV,1.2895,1.2894,-4.011909281850442,-4.020990743204584,0.10703,0.03621,9.9833
1060,128,0.6189,0.3811,CV,0.6088,0.6096,-3.070192346084927,-3.0794877721403715,0.01516,-0.00616,7.7511
1060,134,0.5,0.5,CA,5.9247,5.9361,-11.242055521865035,-11.19226208820044,0.01879,-0.13758,4.8689
1061,112,0.6185,0.3815,CV,3.1438,3.1372,-11.959533541123331,-11.96837166732818,0.30092,0.00211,369.7055
1061,133,0.6169,0.3831,CV,12.9125,12.8776,-11.131813205490765,-11.133709901054752,-1.34864,0.36129,344.3681
1061,137,0.6139,0.3861,CV,11.7776,11.7581,-9.245986369610293,-9.234726982540952,1.18572,-0.29311,124.2488
1061,106,0.6182,0.3818,CV,2.053,2.0553,-3.9503828393248286,-3.958527976210662,-0.08877,0.00972,9.8998
1061,128,0.6185,0.3815,CV,0.8888,0.8877,-3.7650728768046227,-3.7732431374834756,0.06714,-0.00508,7.7555
1061,134,0.58,0.42,CV,2.2315,2.2471,-3.73337513374282,-3.7536890366661786,-0.07001,-0.17329,4.2709
1062,112,0.6186,0.3814,CV,2.4756,2.4775,-12.818887542792039,-12.827854583627335,0.04386,0.04411,369.1046
1062,133,0.6188,0.3812,CV,4.678,4.7422,-8.963931339694561,-8.97606796354835,-0.50912,0.27711,343.0439
1062,137,0.6156,0.3844,CV,4.0686,4.0111,-7.179291968065813,-7.182279876130206,0.88948,-0.19434,120.7535
1062,106,0.6191,0.3809,CV,1.9851,1.9936,-4.0221413935087575,-4.0334589094801485,-0.04269,0.00225,10.1626
1062,128,0.6184,0.3816,CV,1.4319,1.434,-3.4481295571736004,-3.4560613503333384,-0.03832,-0.00436,7.8409
1062,134,0.5954,0.4046,CV,3.3267,3.3173,-5.989174802980184,-5.957612811540006,-0.03755,-0.16497,4.492
1063,112,0.6186,0.3814,CV,3.505,3.5047,-14.048872333522493,-14.057636446245699,-0.20125,-0.00163,368.4559
1063,133,0.6188,0.3812,CV,7.9785,8.0005,-8.946706404632552,-8.956203233393417,0.20137,0.21046,342.9768
1063,137,0.6179,0.3821,CV,13.4762,13.5249,-9.436218831577536,-9.44639612510646,-0.01888,0.18126,109.949
1063,106,0.6187,0.3813,CV,1.0092,1.0076,-3.6728867236981033,-3.6816639333533248,-0.07242,0.05296,10.1857
1063,128,0.6185,0.3815,CV,1.214,1.2175,-3.369126743487585,-3.378072246599752,0.04849,-0.00386,7.7785
1063,134,0.6101,0.3899,CV,1.0286,1.0271,-2.6964825384152284,-2.7035107897740076,0.00434,-0.05104,4.626
1064,112,0.6183,0.3817,CV,5.7946,5.7816,-15.413647006741742,-15.421444036688872,-0.49935,-0.0033,368.85
1064,133,0.6183,0.3817,CV,7.0397,7.0232,-8.987938313954508,-8.995089495721212,0.48042,0.06346,344.6123
1064,137,0.6135,0.3865,CV,9.9121,9.8918,-8.257480105943978,-8.245667704277032,-0.7576,0.35047,101.8522
1064,106,0.6185,0.3815,CV,1.6146,1.6164,-3.972905894117596,-3.981258243031832,-0.02963,0.0484,9.9017
1064,128,0.6178,0.3822,CV,1.8207,1.8204,-4.997891022744792,-5.003471351655444,0.05499,-0.03013,7.529
1065,112,0.617,0.383,CV,13.9116,13.8884,-14.541512014483173,-14.54407362945044,-1.21351,-0.12284,365.5806
1065,133,0.6176,0.3824,CV,8.3657,8.3327,-11.812699937536484,-11.81785645439546,0.50116,-0.00699,350.3973
1065,137,0.6149,0.3851,CV,3.809,3.7505,-9.906250624552847,-9.907041940102422,-0.6952,0.20498,94.5189
1065,106,0.6189,0.3811,CV,0.7532,0.7574,-3.6106869656854776,-3.620983251093081,-0.01017,-0.02308,9.8878
1066,112,0.6158,0.3842,CV,12.7549,12.6903,-14.023590069444335,-14.023019766644676,-1.60332,-0.15674,361.9715
1066,133,0.6168,0.3832,CV,10.3417,10.2925,-18.216460645981606,-18.21916677445322,0.64157,0.04838,359.1976
1066,137,0.6185,0.3815,CV,5.7738,5.8,-19.449133543830396,-19.46309977413266,0.14567,-0.0926,87.3432
1066,106,0.619,0.381,CV,0.4679,0.469,-3.3518807978887235,-3.361817192857537,0.02627,-0.00541,9.8833
1066,128,0.5,0.5,CA,1.0172,1.0222,-3.7453553450792647,-3.759092370678726,0.02463,-0.01871,8.1268
1066,151,0.7,0.3,CV,6.0496,6.0496,-7.955252174041608,-7.955252174041608,0.0,0.0,94.8273
1067,112,0.6174,0.3826,CV,2.9926,2.9174,-13.234665047699938,-13.242638403233142,-1.1376,-0.21465,361.1038
1067,133,0.6173,0.3827,CV,6.8299,6.7994,-19.523521601348847,-19.529428088028524,0.76306,0.15948,361.3163
1067,137,0.6177,0.3823,CV,6.3254,6.3282,-23.498452438483163,-23.50353691323615,0.55769,-0.41386,81.6863
1067,106,0.6185,0.3815,CV,1.5063,1.5056,-4.250067146960967,-4.257745950638313,0.00074,-0.00058,9.6057
1067,151,0.6468,0.3532,CV,7.5157,7.5157,-7.922606118075581,-7.930286171235241,3.00168,-2.08229,127.9758
1067,128,0.5774,0.4226,CV,0.9263,0.9284,-4.451025709274878,-4.46088222700025,-0.04248,-0.01443,7.7949
1068,112,0.6189,0.3811,CV,6.841,6.9024,-16.092676171635937,-16.104630038684206,-0.19459,-0.11919,361.7236
1068,133,0.617,0.383,CV,23.4184,23.4574,-11.508766463039523,-11.512978662136707,-0.96563,0.3676,364.0778
1068,137,0.6162,0.3838,CV,5.0709,5.0433,-29.497145678887037,-29.497116551575974,0.51326,-0.63277,76.3574
1068,106,0.619,0.381,CV,0.5001,0.5043,-3.259001223180799,-3.2696049584055955,-0.00262,0.02818,9.5585
1068,151,0.2051,0.7949,CA,43.3248,43.2491,-43.41906253853101,-41.54772598983379,37.06122,-17.57034,257.11
1068,128,0.6046,0.3954,CV,0.7912,0.7934,-4.014177377594497,-4.0248366340960535,0.01556,-0.00839,7.8539
1069,112,0.6188,0.3812,CV,3.7319,3.7219,-13.137550083726705,-13.146833623548963,-0.35988,-0.12581,359.165
1069,133,0.6164,0.3836,CV,12.2505,12.2012,-9.535293690733424,-9.536925818282452,-1.313,0.45229,365.6031
1069,137,0.6165,0.3835,CV,3.4192,3.3871,-25.994366452798815,-25.99801563344892,0.31772,-0.63081,71.5351
1069,106,0.6188,0.3812,CV,1.0981,1.0995,-3.7368327950499247,-3.7460579223684687,-0.02756,0.05159,9.6315
1069,151,0.3968,0.6032,CA,6.5956,4.8442,-8.186584097927476,-7.880577368295715,44.83522,-21.25395,339.6675
1069,128,0.6143,0.3857,CV,0.7048,0.7064,-3.062054760337401,-3.0732332218061633,0.02384,0.02746,7.8009
1070,112,0.6184,0.3816,CV,6.8122,6.7962,-12.78086209343561,-12.788586559621194,-0.66853,-0.01619,359.2773
1070,133,0.6175,0.3825,CV,3.5794,3.5384,-9.136722898418236,-9.144378061191052,-0.89547,0.35241,372.5252
1070,137,0.6147,0.3853,CV,7.6274,7.6178,-17.845032828765518,-17.840575373217774,-0.25803,-0.70644,67.9233
1070,106,0.6166,0.3834,CV,2.8643,2.8611,-5.11327510123633,-5.113408617216326,-0.06959,0.08644,9.9746
1070,151,0.5892,0.4108,CV,23.9331,25.6227,-17.720709627915113,-17.9254456148116,-1.80601,15.12906,336.2359
1070,128,0.6176,0.3824,CV,0.615,0.6167,-3.1679305561035145,-3.1788951680945283,0.0171,-0.0032,7.8585
1070,134,0.5,0.5,CA,3.193,3.1941,-5.37742978951039,-5.383071894443413,0.00257,-0.02743,5.3154
1071,112,0.6187,0.3813,CV,4.8879,4.9031,-12.016864874444934,-12.026311878270995,-0.21632,0.05859,361.8928
1071,133,0.6183,0.3817,CV,6.0274,6.0557,-9.198197102862954,-9.20751810097902,-0.24483,0.20965,381.7682
1071,137,0.6089,0.3911,CV,11.5503,11.5234,-10.726365875019603,-10.699906839135563,-0.6306,-0.51966,67.5533
1071,106,0.6111,0.3889,CV,6.6579,6.6549,-9.079392966500492,-9.059454987126196,0.10099,-0.149,10.7662
1071,151,0.5417,0.4583,CV,20.2013,20.9216,-13.956227876443187,-13.691993608546895,24.9831,-7.78629,273.92
1071,128,0.618,0.382,CV,1.3763,1.3758,-3.4516879851216067,-3.459630107666612,-0.04562,0.04686,7.9896
1072,112,0.6188,0.3812,CV,2.4349,2.4472,-10.966721059432167,-10.976220895580811,-0.19284,0.02735,359.1031
1072,133,0.6184,0.3816,CV,5.8079,5.8132,-9.175664457663773,-9.184056603434081,0.19884,0.095,389.3515
1072,137,0.6069,0.3931,CV,9.0909,9.0274,-9.594662236065624,-9.568669475609305,-0.6895,-0.5248,67.6372
1072,106,0.6164,0.3836,CV,2.3692,2.3819,-4.539224483736415,-4.549941433763664,0.12177,-0.11517,10.5761
1072,151,0.4712,0.5288,CA,28.1142,28.9214,-23.613211324690493,-23.13579364118774,-6.74951,10.25573,284.4194
1072,128,0.6184,0.3816,CV,1.9943,1.9989,-4.096024278376374,-4.104861730133469,-0.04742,0.0168,7.7085
1073,112,0.6188,0.3812,CV,1.1264,1.1264,-10.35423465067215,-10.363535357184245,-0.09444,0.05847,358.7094
1073,133,0.6179,0.3821,CV,8.6936,8.6734,-9.471408578696035,-9.477656051847326,0.5563,0.01815,400.2031
1073,137,0.6126,0.3874,CV,7.5217,7.5182,-17.69892696880092,-17.69949366409214,-0.27189,-0.73207,65.0682
1073,106,0.618,0.382,CV,0.983,0.9926,-3.733898176775041,-3.7433029688100445,0.04501,-0.05057,10.5091
1073,151,0.4373,0.5627,CA,18.5634,17.7573,-13.047837783761425,-12.53460618035134,-19.68199,12.73992,284.7241
1073,128,0.6182,0.3818,CV,1.0081,1.0032,-3.3420697441788123,-3.3493788204088926,-0.09234,0.00511,7.565
1074,112,0.6186,0.3814,CV,3.6463,3.6405,-9.288998409859902,-9.297780594310002,-0.0713,0.11733,361.6377
1074,133,0.6181,0.3819,CV,2.9805,2.9389,-9.225038405039221,-9.232709688126194,0.48745,0.0171,409.0249
1074,137,0.6101,0.3899,CV,8.9218,8.878,-23.589264718483875,-23.571018733767982,-0.14269,-0.89099,65.6067
1074,106,0.6151,0.3849,CV,4.4523,4.4541,-6.810069742673033,-6.805034178374472,-0.01768,0.06758,9.9934
1074,151,0.5981,0.4019,CV,8.8651,9.665,-8.17879728698999,-8.363082513947376,-13.57637,6.65078,273.7119
1074,128,0.6192,0.3808,CV,0.8024,0.8098,-3.2508999895584028,-3.262974254541315,-0.01378,0.00034,7.5891
1074,134,0.5,0.5,CA,1.7276,1.7267,-4.824670096498753,-4.837012053070901,-0.09922,-0.03488,5.4264
1075,112,0.6181,0.3819,CV,7.5101,7.4931,-9.164237562277412,-9.171082402132395,-0.16861,0.28145,368.1275
1075,133,0.618,0.382,CV,6.939,6.9228,-9.359983479644,-9.366942893838425,0.21944,0.19249,422.7534
1075,137,0.6099,0.3901,CV,7.5486,7.491,-23.04770127978821,-23.03246645121509,-0.19988,-0.95484,66.3851
1075,106,0.6169,0.3831,CV,1.1124,1.104,-3.631473446924802,-3.6384976845859254,-0.09291,0.0735,9.9594
1075,128,0.6188,0.3812,CV,1.0816,1.0824,-3.149387175792115,-3.158333785903265,0.00851,0.02517,7.6696
1075,134,0.5778,0.4222,CV,0.6529,0.6573,-2.5800595866782325,-2.5916256159653397,-0.01433,-0.028,5.0837
1076,112,0.6185,0.3815,CV,5.4918,5.5136,-9.26683213810019,-9.275921687939094,0.22582,0.08163,368.0264
1076,133,0.618,0.382,CV,5.3228,5.3037,-9.38657702243296,-9.393898486231054,-0.05853,0.28683,435.6738
1076,137,0.6092,0.3908,CV,8.9443,8.8924,-22.407344148000917,-22.389187392684974,-0.46212,-1.00607,66.923
1076,106,0.6191,0.3809,CV,2.5532,2.566,-4.268217983422751,-4.281710440368438,-0.0186,-0.0702,10.3106
1076,128,0.6187,0.3813,CV,0.7445,0.744,-3.097084913805596,-3.1058018405579224,0.01265,-0.02824,7.6767
1076,134,0.6051,0.3949,CV,0.8027,0.8056,-2.5289053701154938,-2.541019587712344,0.01456,0.01778,5.1092
1077,112,0.6185,0.3815,CV,4.3983,4.3965,-9.178105366224386,-9.186621581783902,0.37141,-0.02455,366.7443
1077,133,0.6182,0.3818,CV,3.8661,3.8538,-9.380314895435403,-9.38816632100537,-0.00086,0.40296,445.1043
1077,137,0.6067,0.3933,CV,12.2793,12.2376,-15.722280566406274,-15.69499356270048,-1.01362,-0.89697,67.0868
1077,106,0.6192,0.3808,CV,0.2485,0.2454,-3.7400532746680137,-3.750660553158651,-0.02545,-0.05131,10.3505
1077,128,0.6186,0.3814,CV,0.2652,0.2626,-3.2587447980696407,-3.2675106051920113,0.01154,-0.03186,7.6569
1077,134,0.6145,0.3855,CV,0.5783,0.5774,-2.3706469893689412,-2.381919994389426,0.05253,-0.00913,5.1101
1078,112,0.6153,0.3847,CV,23.327,23.3235,-15.943388386356684,-15.938285512092273,0.44472,-0.71313,347.3836
1078,133,0.6182,0.3818,CV,4.6764,4.657,-9.413558401839676,-9.421229787693678,-0.18023,0.46603,456.0953
1078,137,0.6063,0.3937,CV,9.9794,9.9242,-13.461670981120863,-13.436174960044276,-1.18217,-0.85774,65.5743
1078,106,0.6186,0.3814,CV,1.978,1.9804,-3.930096605834824,-3.9381811604756303,-0.04733,0.05461,10.0635
1078,128,0.6186,0.3814,CV,0.6941,0.6958,-3.9732855291079967,-3.982198008446997,0.00949,0.0257,7.6443
1078,134,0.6173,0.3827,CV,0.7409,0.7399,-2.4802823287572195,-2.4899065333336474,0.01712,-0.01073,5.1611
1079,112,0.619,0.381,CV,14.4703,14.5634,-9.500134865322881,-9.51579483599951,-0.13105,0.1003,354.5273
1079,133,0.6182,0.3818,CV,4.2773,4.2556,-9.431163761230714,-9.43912024318386,-0.24571,0.49775,465.9132
1079,137,0.5961,0.4039,CV,14.2095,14.1387,-30.162212730409674,-30.094927462926258,-1.84235,-0.84744,64.7239
1079,106,0.6179,0.3821,CV,3.34,3.3463,-5.177183298937469,-5.182839791305767,-0.00906,-0.01999,10.4903
1079,128,0.6184,0.3816,CV,0.7302,0.7292,-3.7419914029340133,-3.750035853729794,0.00765,0.00549,7.744
1079,134,0.6183,0.3817,CV,0.512,0.5107,-2.5631046869434067,-2.5725715083956597,0.03331,0.01964,5.1707
1080,112,0.6174,0.3826,CV,15.5277,15.5202,-11.592834890433874,-11.596051588013177,-1.07436,0.30533,361.0947
1080,133,0.6181,0.3819,CV,6.0666,6.0373,-9.551917600898758,-9.559306985805971,-0.36034,0.60277,478.9203
1080,137,0.6118,0.3882,CV,4.3529,4.3752,-15.784666039568343,-15.79803704789162,-0.94013,-0.62367,63.3376
1080,106,0.6174,0.3826,CV,4.1313,4.1406,-8.600436372003184,-8.605368811386326,0.03077,0.0484,9.8775
1080,128,0.6184,0.3816,CV,0.4949,0.4938,-3.63689702815737,-3.6452731294092757,0.00625,-0.02501,7.8054
1080,134,0.6178,0.3822,CV,1.518,1.5183,-2.977845862276882,-2.9839261968551125,0.10736,-0.00549,5.0689
1081,112,0.6169,0.3831,CV,9.8792,9.8245,-12.105436572053833,-12.10891965515091,-1.32142,0.0945,358.9051
1081,133,0.618,0.382,CV,6.7542,6.7201,-9.81637638098378,-9.823422990418473,-0.42263,0.61127,495.7194
1081,137,0.5177,0.4823,CV,59.4243,59.3917,-86.14648052509673,-85.75244763803488,-3.78613,-1.13347,73.8987
1081,106,0.6187,0.3813,CV,0.798,0.8025,-3.4194726628479963,-3.4303127333526002,-0.00054,0.07592,9.8054
1081,128,0.6184,0.3816,CV,1.1007,1.1021,-3.77246018215333,-3.7807350366744186,0.05466,-0.02495,7.7313
1081,134,0.6188,0.3812,CV,1.198,1.2039,-2.828266876582191,-2.839202759516586,-0.01573,-0.00817,5.0946
1082,112,0.617,0.383,CV,7.6258,7.5626,-13.584150045961437,-13.588762024987926,-1.29675,0.03921,355.1972
1082,133,0.6179,0.3821,CV,7.0379,6.9941,-10.125540186030719,-10.132176296456393,-0.56622,0.60986,511.7366
1082,106,0.6192,0.3808,CV,0.9621,0.967,-3.5035006087210445,-3.514737415157165,-0.0064,-0.02843,9.7885
1082,128,0.6185,0.3815,CV,0.5138,0.5133,-3.4196798606621233,-3.428353746291514,0.04903,-0.01748,7.8161
1082,134,0.6187,0.3813,CV,0.4308,0.4299,-2.523031761824713,-2.5319523515153977,-0.03838,-0.00565,5.1094
1083,112,0.6177,0.3823,CV,4.2575,4.1996,-13.863926815837818,-13.871358436664087,-1.03063,-0.12911,353.4164
1083,133,0.6179,0.3821,CV,7.0123,6.977,-9.70199061318411,-9.708977440424652,-0.68414,0.60056,521.9923
1083,106,0.619,0.381,CV,0.9256,0.927,-3.3965720944270035,-3.4063499152275063,-0.03228,-0.01309,9.8204
1083,128,0.6183,0.3817,CV,1.4534,1.4539,-3.409465502448927,-3.4170341937438584,0.03352,-0.03674,7.6707
1083,134,0.6172,0.3828,CV,1.8709,1.8702,-3.668179424301381,-3.6709385746879555,-0.08615,-0.02935,4.9289
1083,137,0.5,0.5,CA,16.0282,15.8993,-9.831637907658202,-9.795689978216064,-1.93382,-1.06622,94.7226
1084,112,0.6183,0.3817,CV,2.9004,2.8703,-15.37587375075125,-15.384744472415564,-0.74203,-0.02956,354.366
1084,133,0.6177,0.3823,CV,8.4942,8.446,-9.893157314226467,-9.899184288009911,-0.84235,0.63034,537.7835
1084,106,0.6183,0.3817,CV,2.3472,2.3503,-4.992300636665295,-4.999174680838274,0.05651,0.05041,9.4353
1084,128,0.6188,0.3812,CV,0.865,0.8688,-3.4142411186721806,-3.424283098514204,-0.03546,-0.00118,7.7035
1084,134,0.6188,0.3812,CV,1.0131,1.0197,-2.7144898204544448,-2.7260597351327913,-0.03995,0.0037,4.9997
1085,112,0.6181,0.3819,CV,13.4588,13.4759,-10.875769726251185,-10.882863263740166,-0.16073,0.46223,342.788
1085,133,0.6176,0.3824,CV,8.8438,8.7917,-10.29548966011945,-10.30133487079101,-0.97031,0.48562,557.5509
1085,106,0.6186,0.3814,CV,1.8496,1.8547,-3.7333800951491507,-3.7426435730716308,0.08264,0.01783,9.5389
1085,128,0.6189,0.3811,CV,0.6947,0.6962,-3.3512031760049084,-3.3609194820507438,0.01258,0.03499,7.7395
1085,134,0.6187,0.3813,CV,0.7632,0.7644,-2.5352245261510253,-2.544285101836301,0.00968,0.03698,5.0476
1086,112,0.6128,0.3872,CV,21.4979,21.4541,-14.117466811759378,-14.10270710943917,-1.04748,0.83095,323.6179
1086,133,0.6182,0.3818,CV,1.2821,1.2825,-10.429759222329324,-10.43841997915336,-0.58399,0.33438,571.2169
1086,106,0.619,0.381,CV,0.545,0.55,-3.3648207393077505,-3.3752066119825246,0.01189,0.00452,9.4786
1086,128,0.6188,0.3812,CV,0.8347,0.8366,-3.4038538236144684,-3.413342610217394,-0.03483,-0.01963,7.7419
1086,134,0.6187,0.3813,CV,0.2887,0.2896,-2.5455482746953697,-2.5547633615449055,0.01941,0.00904,5.0454
1087,133,0.6173,0.3827,CV,18.5092,18.4944,-10.617875264623674,-10.621610662735074,-0.91423,0.75061,567.4297
1087,106,0.6186,0.3814,CV,0.808,0.8065,-3.3858314323936707,-3.394162108426381,0.01829,0.02465,9.4916
1087,128,0.6187,0.3813,CV,1.0746,1.0764,-3.441538892431824,-3.4503404582995874,0.01615,0.02684,7.8441
1087,134,0.6135,0.3865,CV,3.5268,3.5279,-6.026789185000217,-6.014007827979446,-0.03796,-0.11216,4.6951
1087,112,0.5498,0.4502,CV,52.4276,52.3323,-30.44763883068954,-30.18126501627568,0.59975,3.22191,279.5518
1088,133,0.6158,0.3842,CV,23.8766,23.8496,-15.022209635971134,-15.021414004121208,-2.09151,0.31051,588.3413
1088,106,0.6186,0.3814,CV,0.3687,0.3675,-3.345123289613689,-3.35395952375051,0.01278,-0.00421,9.4908
1088,128,0.6186,0.3814,CV,0.6403,0.6397,-3.174626000947009,-3.183258915426816,-0.02746,0.02973,7.9019
1088,134,0.6144,0.3856,CV,1.0737,1.0612,-2.388464056885535,-2.3868854501030987,-0.0343,-0.13299,4.5524
1088,137,0.5,0.5,CA,52.8111,52.838,-25.897962418808447,-25.832333697748936,2.46592,0.05921,134.6184
1089,133,0.6177,0.3823,CV,1.7578,1.7159,-12.472513463506575,-12.48159454288269,-1.29676,0.14398,606.0605
1089,106,0.6183,0.3817,CV,1.8784,1.8811,-3.773298942062401,-3.7809161908041915,-0.07117,0.01475,9.2322
1089,128,0.6187,0.3813,CV,0.9246,0.9271,-3.4749237188732485,-3.484076153426292,0.02095,0.02196,7.8206
1089,134,0.618,0.382,CV,1.0046,1.0086,-2.2935585431432592,-2.3061039673415267,0.05148,-0.02045,4.4599
1089,137,0.5593,0.4407,CV,23.1314,23.0121,-14.42966756611438,-14.365798897779996,3.24992,0.32073,122.6834
1090,133,0.6187,0.3813,CV,10.6238,10.6897,-12.416360443003178,-12.427054004901445,-0.10598,0.23379,613.8996
1090,106,0.6184,0.3816,CV,1.8626,1.8671,-3.7842488285870965,-3.7926447871337334,-0.01539,-0.01329,9.4313
1090,128,0.6184,0.3816,CV,1.0565,1.055,-4.057706759621356,-4.065567568634586,0.02489,0.01359,7.6866
1090,134,0.6195,0.3805,CV,1.0543,1.0607,-2.348757150772448,-2.3624868451685743,0.02283,0.04696,4.4334
1090,137,0.5662,0.4338,CV,25.0168,24.8686,-14.324791706758571,-14.203356701783365,4.22584,0.75772,119.9939
1091,133,0.6183,0.3817,CV,11.2373,11.2245,-13.19291147097693,-13.200361175888952,-0.05843,0.44039,612.1991
1091,106,0.6185,0.3815,CV,0.6418,0.6419,-3.50527454057764,-3.514139264129777,-0.04802,0.00707,9.4493
1091,128,0.6184,0.3816,CV,2.0796,2.0846,-3.771622496019247,-3.7798317280186673,-0.03465,-0.01864,7.9359
1091,134,0.6161,0.3839,CV,2.2661,2.2648,-3.9863307965661026,-3.983337161410314,0.06616,0.10416,4.5278
1091,137,0.5183,0.4817,CV,31.4266,31.1986,-20.187402524631082,-19.86283250850034,6.75114,1.40845,119.9976
1091,154,0.7,0.3,CV,13.9244,13.9244,-14.45426261880419,-14.45426261880419,0.0,0.0,82.6829
1091,155,0.7,0.3,CV,23.1046,23.1046,-10.944189184642932,-10.944189184642932,0.0,0.0,406.8532
1092,133,0.6185,0.3815,CV,6.3173,6.2915,-16.358831015729187,-16.367537962305875,0.34568,0.365,617.2691
1092,106,0.6185,0.3815,CV,0.8301,0.8306,-3.4244451621971588,-3.4329993782249564,-0.01548,0.05725,9.4169
1092,128,0.6187,0.3813,CV,0.8699,0.8735,-3.3766961140996408,-3.3864942696016644,-0.03962,0.0038,7.8788
1092,134,0.6186,0.3814,CV,1.1645,1.172,-4.050522178084956,-4.06306493984444,-0.01737,0.06409,4.3835
1092,154,0.6435,0.3565,CV,13.1046,13.1046,-79.30342117067218,-79.29672531942428,4.93037,0.20002,114.4028
1092,155,0.6359,0.3641,CV,63.5541,63.5541,-18.359174533051053,-18.319520869739097,0.907,-4.79922,603.2463
1093,133,0.6158,0.3842,CV,35.5897,35.6165,-12.296436570921717,-12.293483223817624,-2.23897,0.29891,636.6726
1093,106,0.6184,0.3816,CV,1.0299,1.029,-3.4385452783176276,-3.446680467510019,-0.00303,0.0752,9.3012
1093,128,0.6185,0.3815,CV,1.094,1.0936,-3.2821048359271945,-3.2902693880798597,-0.02884,-0.01979,7.7156
1093,134,0.6171,0.3829,CV,1.4658,1.4634,-3.7246342336029112,-3.727228039320221,-0.04996,0.06325,4.4352
1093,154,0.6272,0.3728,CV,7.4386,7.2846,-88.13790358369118,-88.14652257337025,7.00215,0.52025,170.8045
1093,155,0.6021,0.3979,CV,45.9839,45.7479,-17.033490215395616,-16.947206946856788,21.31373,-7.27495,928.3836
1094,133,0.6143,0.3857,CV,20.6572,20.5319,-11.044235786325894,-11.03892089934753,-2.72315,0.27522,650.7788
1094,106,0.6187,0.3813,CV,0.4006,0.4014,-3.3132425240665717,-3.322823339220722,0.00151,0.02612,9.2475
1094,128,0.6188,0.3812,CV,0.904,0.9075,-3.7494596173779646,-3.759478160772043,0.03736,0.00846,7.7597
1094,134,0.6183,0.3817,CV,0.3719,0.3764,-2.2955178521201387,-2.3051914629699413,-0.01806,0.0455,4.3928
1094,154,0.6223,0.3777,CV,7.8678,7.6398,-102.58818387500465,-102.59996349799528,9.64945,0.70138,211.1835
1094,155,0.525,0.475,CV,64.0481,62.9226,-18.39279631510213,-18.042550815632623,26.41192,-18.04862,1363.8987
1095,133,0.6158,0.3842,CV,11.0821,10.969,-12.283063762343211,-12.28630918296275,-2.2029,0.51501,653.4107
1095,106,0.6184,0.3816,CV,1.3235,1.3228,-3.734104625633212,-3.742090620073422,0.03087,-0.05253,9.1094
1095,128,0.6176,0.3824,CV,2.4577,2.4589,-6.217201703480684,-6.221439111285027,-0.00967,0.01137,8.0957
1095,154,0.6005,0.3995,CV,10.1445,9.7298,-97.06290077066495,-96.99024921130936,11.77987,-1.04573,233.5431
1095,155,0.5795,0.4205,CV,25.1985,24.2684,-19.560876034699646,-19.543482750158443,28.5053,-11.79553,1678.1092
1095,134,0.6183,0.3817,CV,0.8674,0.8686,-2.362910837482123,-2.3710708680748107,0.04567,0.02768,4.349
1096,133,0.6158,0.3842,CV,23.7065,23.6949,-11.755240556943031,-11.756403370012801,-1.26517,0.60726,630.9562
1096,106,0.6187,0.3813,CV,0.91,0.9109,-3.3272910378002707,-3.336726051530199,0.00045,-0.08445,9.135
1096,128,0.6187,0.3813,CV,1.4843,1.4922,-3.534144085444789,-3.5448908286115146,0.0305,0.00863,7.9481
1096,154,0.6015,0.3985,CV,6.7887,6.1885,-89.72985967575806,-89.69336761452146,10.70474,-0.94863,241.3227
1096,155,0.6035,0.3965,CV,20.1742,19.3451,-23.50549334349306,-23.50843061129671,24.55549,-5.76937,1830.4231
1096,134,0.6186,0.3814,CV,0.1048,0.1073,-2.1198331887798196,-2.129089822244073,0.02272,0.01447,4.3306
1097,133,0.6159,0.3841,CV,15.7016,15.6328,-15.28909115162496,-15.290862976891574,-0.72358,1.53662,624.989
1097,106,0.6188,0.3812,CV,0.8822,0.8821,-4.183294204834341,-4.192664224233229,0.04894,-0.04232,9.0225
1097,128,0.6183,0.3817,CV,1.0981,1.0981,-3.524000938073793,-3.531617065233983,0.02884,-0.01954,8.0722
1097,134,0.618,0.382,CV,1.0693,1.0682,-2.678609786333749,-2.6847226406916884,0.06214,0.03075,4.3953
1097,154,0.5967,0.4033,CV,8.0844,7.5795,-92.03052650725593,-91.97299274381224,9.84299,-1.22723,235.4536
1097,155,0.6003,0.3997,CV,24.3169,22.9964,-24.106895983057186,-24.061031392562462,21.38483,-7.1481,1927.296
1097,157,0.7,0.3,CV,13.7385,13.7385,-17.657775893831186,-17.657775893831186,0.0,0.0,153.961
1098,133,0.6182,0.3818,CV,9.9707,9.9997,-22.25949330420207,-22.270430867742313,0.1933,1.30707,631.4634
1098,106,0.6188,0.3812,CV,1.1551,1.158,-3.3809922924120728,-3.3904894081485053,-0.03696,-0.0497,9.042
1098,128,0.6183,0.3817,CV,2.0845,2.0885,-3.956302416679146,-3.9640542654283797,-0.03208,0.00462,7.8608
1098,134,0.6186,0.3814,CV,0.6298,0.6335,-2.4416525603321464,-2.451487900172231,0.029,-0.00139,4.3491
1098,154,0.598,0.402,CV,6.8373,6.349,-83.69319485718471,-83.64769414890529,8.54286,-1.21721,225.2866
1098,155,0.6053,0.3947,CV,18.7997,17.4792,-24.867440625830405,-24.847406055548603,16.59033,-6.65895,1973.7457
1098,157,0.6249,0.3751,CV,41.7953,41.7953,-22.597352478549997,-22.510501523493737,-1.71871,8.8974,234.7111
1099,133,0.6113,0.3887,CV,38.0518,38.0365,-14.591149338497694,-14.569990415741739,1.19561,-0.11178,586.5684
1099,106,0.6189,0.3811,CV,0.5532,0.5557,-3.3470141401820386,-3.3567784697688166,0.00753,-0.0116,9.0419
1099,128,0.6188,0.3812,CV,0.9158,0.9203,-3.4293481931570864,-3.439391715840386,-0.03434,0.00756,7.9647
1099,134,0.0,1.0,CA,150.0589,150.0604,-6848.681406152386,-6808.085168738301,-9.96256,0.01021,4.8369
1099,154,0.5998,0.4002,CV,7.0516,6.6671,-73.2553320929622,-73.21580520265272,7.16238,-1.47221,212.106
1099,155,0.5885,0.4115,CV,58.9552,58.1469,-20.8284851100678,-20.73127297645708,13.80626,-8.22081,2090.8007
1099,157,0.6005,0.3995,CV,16.7168,16.2305,-9.798152251243383,-9.72148957183739,-6.15461,11.51849,373.394
1100,133,0.6061,0.3939,CV,23.0375,22.8518,-11.6648817205722,-11.631941657434137,1.95128,-0.17099,550.966
1100,106,0.6184,0.3816,CV,1.0779,1.0764,-3.495061293567804,-3.5027364545775015,0.0144,-0.0506,9.1267
1100,128,0.6188,0.3812,CV,0.5798,0.5801,-3.118413869135629,-3.1280412797299575,-0.02496,-0.02113,7.9482
1100,134,0.2494,0.7506,CA,100.9738,101.1731,-3146.952001870285,-3146.2558557433035,1.8213,-0.06718,5.0872
1100,154,0.6045,0.3955,CV,6.1193,5.8208,-74.857734580868,-74.83485687224726,5.72293,-1.17608,196.4982
1100,155,0.6091,0.3909,CV,5.9275,5.2859,-21.658332288245028,-21.671430065192496,8.98351,-5.58105,2120.188
1100,157,0.588,0.412,CV,16.6803,15.9872,-9.77370273172525,-9.68142858217834,-12.95607,10.07911,498.4575
1101,133,0.6142,0.3858,CV,51.2488,51.4517,-49.91661059020045,-49.92546200927643,1.87249,0.31949,581.6132
1101,154,0.6118,0.3882,CV,5.7843,5.6625,-55.892365820114314,-55.89313098652802,4.08792,-1.01275,186.2596
1101,155,0.6219,0.3781,CV,60.3437,60.9277,-36.48819161286809,-36.52496335218506,3.29242,-0.78871,1992.6105
1101,157,0.609,0.391,CV,6.9158,5.7627,-8.739613074288416,-8.753103854041044,-10.34431,7.58405,579.1504
1102,154,0.6121,0.3879,CV,5.8326,5.6685,-42.10879372973746,-42.100475075843384,3.33805,-0.49709,175.7359
1102,155,0.6059,0.3941,CV,110.1162,110.1451,-23.64663622205714,-23.59725098497401,4.32721,-4.75293,2159.4684
1102,157,0.6174,0.3826,CV,10.381,9.9488,-10.289583662015866,-10.30731425344246,-10.27004,4.51,606.9627
1102,106,0.5,0.5,CA,0.892,0.8948,-3.9513038733561854,-3.963303328700566,-0.03993,-0.00616,9.6698
1102,128,0.5,0.5,CA,1.623,1.6236,-5.973101041862174,-5.983970194724751,0.0962,-0.04096,8.4501
1103,154,0.6152,0.3848,CV,4.1767,4.0788,-46.39903517716155,-46.40317114464957,2.4028,-0.23614,164.089
1103,155,0.609,0.391,CV,34.0694,33.5142,-18.18427334286747,-18.171340189088575,3.06915,-4.16877,2298.6145
1103,157,0.6346,0.3654,CV,8.7269,9.304,-10.358161502100932,-10.437437471724758,-4.68552,1.15978,591.7123
1103,106,0.577,0.423,CV,0.9219,0.9211,-3.6622462577086985,-3.670574726370568,-0.06693,0.0288,9.4803
1103,128,0.5776,0.4224,CV,0.5436,0.5491,-3.7595683641225426,-3.7703085321792833,0.03216,-0.00547,8.1926
1103,134,0.5,0.5,CA,37.1409,37.0594,-209.3179325970341,-203.50844931601503,8.62235,-0.09584,6.5407
1104,154,0.5465,0.4535,CV,33.1328,33.0199,-27.420260286669272,-27.13713188164118,5.76266,-0.78184,148.5396
1104,155,0.6144,0.3856,CV,8.0332,7.7089,-17.403137275930565,-17.408488782808192,1.8501,-2.51723,2354.837
1104,157,0.6288,0.3712,CV,10.4713,10.4991,-13.549833273487646,-13.578359382156929,-2.63504,-0.44603,555.2911
1104,106,0.6046,0.3954,CV,0.6522,0.6559,-3.369805532875183,-3.3808929016110354,-0.02212,-0.00015,9.4516
1104,128,0.6044,0.3956,CV,1.3149,1.3155,-3.322072241264828,-3.3315555008927675,-0.0629,0.04028,8.0946
1104,134,0.2987,0.7013,CA,5.1419,4.7295,-8.909529969888833,-7.753641335965206,10.73902,-0.06356,9.9807
1105,154,0.5889,0.4111,CV,2.7864,2.5048,-13.266808802565869,-13.257052232751544,4.22026,-0.69002,140.498
1105,155,0.6171,0.3829,CV,13.6036,13.744,-17.168968638887637,-17.17772564948789,0.94789,-0.80127,2431.5938
1105,157,0.6212,0.3788,CV,19.4425,19.521,-10.4017289476994,-10.406521263575545,1.91087,-1.42792,515.5379
1105,106,0.6142,0.3858,CV,0.7514,0.7518,-3.740933734119548,-3.751713532358485,-0.03468,-0.03701,9.5743
1105,128,0.6143,0.3857,CV,0.624,0.6254,-3.066689101927068,-3.0784107977840556,-0.06544,0.0387,8.1604
1105,134,0.5276,0.4724,CV,0.7601,0.9177,-2.9123593647907975,-3.0048034789772418,8.26755,-0.02767,11.8733
1106,154,0.6172,0.3828,CV,5.241,5.456,-14.506210056402347,-14.552740390731593,1.74131,-0.32834,132.6133
1106,155,0.6172,0.3828,CV,27.2634,27.2343,-16.426599116277465,-16.43169918245006,0.51411,0.73869,2561.624
1106,157,0.6164,0.3836,CV,12.0125,11.8641,-9.152008640459925,-9.147648646935245,2.80734,-1.09848,480.1003
1106,106,0.6172,0.3828,CV,0.9854,0.984,-3.633093232310618,-3.642735656402585,0.00516,-0.03252,9.7676
1106,128,0.6178,0.3822,CV,0.2266,0.2249,-3.1174503576268604,-3.1290140268695126,-0.04672,0.02704,8.1834
1106,134,0.648,0.352,CV,3.1057,3.3924,-4.915035817524045,-5.183152538459204,0.55741,0.01522,11.924
1107,154,0.6209,0.3791,CV,8.6848,8.757,-27.769211450554156,-27.789819476044713,-0.09352,0.10602,122.0348
1107,155,0.6169,0.3831,CV,73.1087,73.2392,-25.439511278199365,-25.44332533636112,0.03032,-0.43364,2482.9506
1107,157,0.6063,0.3937,CV,18.0696,17.8647,-9.936334702546631,-9.896630328724815,3.48994,-1.38371,437.9765
1107,106,0.6184,0.3816,CV,1.7441,1.7487,-3.8092456703443816,-3.819286779305883,0.04379,0.06516,9.6139
1107,128,0.6188,0.3812,CV,0.6851,0.6858,-3.088373390321565,-3.09933705231121,-0.02826,0.01623,8.0487
1107,134,0.5915,0.4085,CV,4.0937,4.1125,-6.485348019066931,-6.337089408535363,-3.09714,-0.12083,10.4125
1108,154,0.6165,0.3835,CV,9.5088,9.5094,-23.853239257108715,-23.84999720053468,-1.04573,0.29703,116.1052
1108,155,0.6166,0.3834,CV,27.812,27.6706,-22.818934081662256,-22.82164347614616,-0.15944,0.25353,2495.2999
1108,157,0.5998,0.4002,CV,17.6156,17.3836,-10.60486977803496,-10.552721787465384,3.29927,-1.67127,393.6321
1108,106,0.6188,0.3812,CV,0.4693,0.4665,-3.308782671287222,-3.3188512708310425,0.04057,0.03691,9.5275
1108,128,0.6191,0.3809,CV,0.6662,0.6679,-3.673760148436755,-3.684351293073392,-0.01483,0.03721,8.0575
1108,134,0.5946,0.4054,CV,1.285,1.1623,-2.908171608645647,-2.856556953113013,-2.75521,-0.02174,9.6156
1109,154,0.6102,0.3898,CV,11.3289,11.2768,-19.011994576120706,-18.988540607943328,-1.41828,0.27324,113.4196
1109,155,0.6173,0.3827,CV,21.8632,21.7654,-21.380859734816575,-21.38707043374002,-0.2425,1.58768,2570.2005
1109,157,0.6053,0.3947,CV,8.5803,8.3187,-8.633451055804922,-8.613975294675551,2.80108,-1.50353,357.1087
1109,106,0.6177,0.3823,CV,2.8731,2.8759,-5.252415481631455,-5.257027325372171,0.02885,0.04625,9.9384
1109,128,0.6188,0.3812,CV,0.9988,0.9987,-3.638721332913233,-3.6475636348197376,-0.00624,0.0027,8.1496
1110,154,0.6095,0.3905,CV,8.3863,8.2998,-17.677332803632744,-17.66005943075966,-1.35741,0.20447,111.3829
1110,155,0.6176,0.3824,CV,22.5391,22.4559,-19.4979910554696,-19.504540609229956,-0.49162,2.49211,2663.0002
1110,157,0.6065,0.3935,CV,9.7293,9.5198,-8.401753479709091,-8.379244584688967,2.76525,-1.16894,320.5041
1110,106,0.6181,0.3819,CV,1.1546,1.1533,-4.635209090359072,-4.643101340028735,-0.05244,0.03501,10.0696
1110,128,0.6189,0.3811,CV,1.2851,1.289,-3.4028979619615973,-3.4126649953430648,-0.00103,-0.03317,7.947
1111,154,0.6145,0.3855,CV,2.7841,2.7362,-22.721006788223598,-22.725908118756706,-0.9929,0.1112,107.3295
1111,155,0.6177,0.3823,CV,17.715,17.5781,-17.73861726692798,-17.745077142058772,-0.83672,2.52268,2750.559
1111,157,0.6045,0.3955,CV,11.7912,11.6276,-10.872979972891518,-10.840433951258575,2.15102,-1.44708,280.5041
1111,128,0.6186,0.3814,CV,0.9744,0.9742,-3.60126425386781,-3.6097146919351015,-0.05117,-0.05747,7.9299
1112,154,0.615,0.385,CV,6.009,5.9716,-12.765463767730353,-12.76499062047909,-0.74067,0.04308,107.4008
1112,155,0.6175,0.3825,CV,19.221,19.075,-16.31316931564146,-16.31891417206686,-1.16357,2.5179,2834.4298
1112,157,0.6032,0.3968,CV,10.9249,10.7817,-8.520503698380512,-8.485542430793943,2.75121,-0.76578,244.8419
1112,128,0.6184,0.3816,CV,0.938,0.9366,-4.2529679669647535,-4.260988773413013,-0.04443,-0.0456,8.03
1113,154,0.6169,0.3831,CV,1.2792,1.2398,-13.080985370856169,-13.087999241304184,-0.46456,0.03932,106.7217
1113,155,0.6175,0.3825,CV,18.144,18.0008,-15.159852458905483,-15.165711771375525,-1.53294,2.21679,2918.6014
1113,157,0.612,0.388,CV,5.455,5.3804,-7.616610818545395,-7.620190748553677,2.371,-0.32569,214.5421
1113,128,0.6188,0.3812,CV,0.9366,0.9411,-3.214379570884933,-3.224196335963768,0.02306,-0.0038,7.9524
1114,154,0.6182,0.3818,CV,4.7415,4.7643,-18.316232934116854,-18.326082616388234,-0.24572,0.12324,103.298
1114,155,0.6178,0.3822,CV,24.6427,24.6384,-19.23816637310849,-19.245410083995935,-0.10928,1.56007,2957.2494
1114,128,0.6186,0.3814,CV,0.6519,0.6512,-3.127692941095569,-3.136127582703359,0.03272,0.00702,8.0028
1114,157,0.5974,0.4026,CV,13.1201,12.9903,-15.891393555516515,-15.820863341916805,3.29102,-0.22267,181.8764
1115,154,0.6184,0.3816,CV,2.9654,2.9642,-15.598143647859622,-15.606468477777009,-0.08915,0.18303,101.0436
1115,155,0.6179,0.3821,CV,17.8928,17.8042,-19.675988712068055,-19.682880708820328,0.47035,1.07292,3003.4239
1115,128,0.618,0.382,CV,2.0957,2.0978,-4.626503601634241,-4.632825075754459,0.02844,0.00889,7.7122
1116,154,0.6181,0.3819,CV,4.3708,4.3623,-16.77330216676919,-16.780218268366717,0.12694,0.25052,98.604
1116,155,0.6178,0.3822,CV,18.2224,18.0996,-20.26939854243492,-20.276063506411518,0.44436,0.88485,3046.5616
1116,128,0.6187,0.3813,CV,0.4409,0.4426,-3.0084115229773043,-3.0184620994141014,0.02099,0.03608,7.6693
1117,154,0.6185,0.3815,CV,5.4827,5.4976,-9.658183202734307,-9.667425128550647,0.21945,0.125,99.7701
1117,155,0.6176,0.3824,CV,23.9481,23.8146,-22.50751712066213,-22.513085867510444,0.53581,0.54193,3064.9911
1117,128,0.619,0.381,CV,0.8793,0.8829,-3.0991886258749677,-3.109443487397634,0.01473,0.00433,7.7539
1118,154,0.6182,0.3818,CV,3.1867,3.1716,-8.261533670056657,-8.268747310741546,0.2204,0.1514,100.5228
1118,155,0.6177,0.3823,CV,17.1533,16.9854,-22.39158347877983,-22.39833830792224,0.24896,0.5605,3091.0549
1118,128,0.6178,0.3822,CV,1.8228,1.8214,-3.8743349760760024,-3.8793238227383733,0.01014,-0.00303,7.9749
1119,154,0.6185,0.3815,CV,1.926,1.9341,-9.20883326472875,-9.218044654635179,0.19638,0.05132,99.1531
1119,155,0.6181,0.3819,CV,11.4006,11.235,-21.99269718299767,-22.000849350423092,0.08608,0.58685,3126.5727
1119,128,0.6187,0.3813,CV,0.8627,0.8702,-3.248750042513448,-3.259170294634201,0.00719,-0.0035,7.8611
1120,154,0.6184,0.3816,CV,2.1553,2.1465,-8.300157936766778,-8.308325967947647,0.23294,0.10176,98.3168
1120,155,0.618,0.382,CV,18.0181,17.8779,-23.68528245316343,-23.69245005873411,0.01709,0.29725,3133.3547
1120,128,0.6187,0.3813,CV,0.3249,0.3262,-3.043394263401004,-3.0524566842612866,0.00523,-0.00217,7.7924
1121,154,0.6183,0.3817,CV,3.4317,3.4298,-7.046732532512657,-7.054527422329084,0.17893,0.06641,99.7656
1121,155,0.6178,0.3822,CV,21.2407,21.0869,-25.809043692141465,-25.81524067229608,-0.13699,0.12476,3117.8886
1121,128,0.6185,0.3815,CV,0.9786,0.9783,-3.9573053875285646,-3.9657202496659223,0.00402,0.02588,7.6797
1122,154,0.6184,0.3816,CV,2.1548,2.1488,-7.093778162736584,-7.102039327899679,0.19257,0.14477,99.7825
1122,155,0.6183,0.3817,CV,9.2081,9.0424,-24.912012251608495,-24.920777243927517,-0.159,0.33215,3126.4065
1122,128,0.6187,0.3813,CV,0.6788,0.6802,-3.1466443684375873,-3.1561645644951124,0.00322,0.05099,7.7247
1123,154,0.6181,0.3819,CV,4.7655,4.764,-8.564488734327327,-8.571647192697407,0.25478,0.15177,97.7219
1123,155,0.6186,0.3814,CV,8.8409,8.7192,-24.536289564222706,-24.54540194663992,0.01477,0.56282,3134.0456
1123,128,0.6186,0.3814,CV,0.9558,0.9568,-4.394137281814338,-4.402979159213628,0.00265,0.01496,7.8547
1124,154,0.6184,0.3816,CV,1.8255,1.8127,-7.3014869123150605,-7.3100556854436345,0.28087,0.08464,97.6007
1124,155,0.6183,0.3817,CV,16.9761,16.8617,-26.187534768778768,-26.195211241056544,-0.16248,0.69395,3108.3966
1124,128,0.6187,0.3813,CV,0.9934,0.9954,-3.3989529778407364,-3.4079672875957256,-0.04813,-0.02347,7.8011
1125,154,0.6181,0.3819,CV,4.0529,4.04,-7.630564542926416,-7.6374563926018055,0.29074,0.29179,96.9175
1125,155,0.6185,0.3815,CV,10.4068,10.2942,-24.657389778177524,-24.666150451521734,-0.20798,0.98278,3098.6338
1125,128,0.6187,0.3813,CV,0.5907,0.5927,-3.21219497562408,-3.221577809387024,0.00802,-0.02538,7.766
1126,154,0.6183,0.3817,CV,2.3061,2.2907,-6.903597087913118,-6.911931239694736,0.25806,0.29831,97.0931
1126,155,0.6185,0.3815,CV,11.0614,10.9475,-26.387086199196972,-26.39569459577967,-0.30475,1.06691,3083.0539
1126,128,0.6187,0.3813,CV,0.8881,0.8894,-3.1692478918117,-3.1782491449618653,-0.0331,0.03327,7.7618
1127,154,0.6185,0.3815,CV,2.8416,2.8401,-6.959126680703095,-6.967847179412633,0.1166,0.25471,98.2104
1127,155,0.6186,0.3814,CV,8.7579,8.6544,-25.710205540441002,-25.719147675692618,-0.13346,1.11267,3068.6378
1127,128,0.6187,0.3813,CV,0.9383,0.9402,-3.5208881401815297,-3.5298610105048827,0.02071,0.00945,7.8643
1128,154,0.6182,0.3818,CV,3.2944,3.282,-7.275432010737883,-7.2825869684811835,0.05623,0.23185,99.7789
1128,155,0.6185,0.3815,CV,13.9096,13.8424,-27.371376951312687,-27.379947905982572,-0.48157,0.55048,3032.8232
1129,154,0.6184,0.3816,CV,1.6173,1.6156,-7.262755851230973,-7.271371507081043,-0.01898,0.21638,99.783
1129,155,0.6187,0.3813,CV,6.7065,6.6105,-25.06544236657053,-25.07469125347957,-0.32415,0.61,3009.811
1129,128,0.5,0.5,CA,0.7864,0.7877,-3.8925446135833424,-3.9046355676819875,0.02345,-0.02693,8.366
1130,154,0.6184,0.3816,CV,1.6979,1.6868,-8.118796951278856,-8.126900517517335,0.03323,0.22743,100.2281
1130,155,0.6188,0.3812,CV,3.8079,3.7803,-23.840586092284553,-23.850326328884883,-0.38547,0.54891,3002.1102
1130,128,0.577,0.423,CV,1.1404,1.1401,-3.3016853609405103,-3.3100250432173697,-0.03939,-0.02732,7.9973
1131,154,0.6183,0.3817,CV,1.9648,1.9525,-8.235480072119733,-8.243463877133816,0.08552,0.23843,101.1649
1131,155,0.6185,0.3815,CV,24.0638,24.09,-18.32063102892231,-18.328909560853923,-0.74413,0.76461,3053.0014
1131,128,0.6043,0.3957,CV,1.6657,1.6698,-3.776721608378583,-3.786621133122437,-0.04153,0.0788,8.183
1132,154,0.6184,0.3816,CV,1.8898,1.8828,-8.632199606359695,-8.640578044818554,0.17133,0.16865,101.8681
1132,155,0.6186,0.3814,CV,2.8588,2.7883,-17.80614480818749,-17.814974514918873,-0.5934,0.49892,3063.8064
1132,128,0.6125,0.3875,CV,2.1093,2.1066,-3.9982187706111314,-4.002436250602092,0.03147,0.07828,8.5295
1133,154,0.6182,0.3818,CV,4.3642,4.3625,-7.671749908497405,-7.679418284071264,0.13963,0.20116,100.5114
1133,155,0.6185,0.3815,CV,24.9476,24.9904,-20.664383578942896,-20.67276524863925,0.36076,0.51395,3004.8428
1134,154,0.6186,0.3814,CV,2.0545,2.0571,-9.557771156171718,-9.567054830500322,0.08666,0.21647,101.5865
1134,155,0.6176,0.3824,CV,31.9737,31.9191,-23.733066856115553,-23.737961260990904,0.39875,-0.03514,2918.092
1135,154,0.6187,0.3813,CV,1.7264,1.7208,-9.536376038011767,-9.54562500169029,-0.00959,0.196,101.7111
1135,155,0.6175,0.3825,CV,24.8132,24.7073,-18.50071029294418,-18.506274121241596,1.83981,-0.19334,2868.9514
1135,128,0.5,0.5,CA,1.2215,1.2155,-5.720224903694248,-5.731522733746284,0.02491,0.01578,9.9685
1136,154,0.6185,0.3815,CV,3.9841,3.9831,-11.029257380620322,-11.037386190385082,-0.24119,0.19326,102.8223
1136,155,0.6186,0.3814,CV,1.7064,1.5442,-16.398212966503216,-16.408816814932035,1.16309,-0.06955,2845.1488
1136,128,0.5772,0.4228,CV,1.0735,1.078,-3.66634163023021,-3.67549835206755,0.02143,-0.04666,9.4021
1136,160,0.7,0.3,CV,3.1,3.1,-5.801689645895625,-5.801689645895625,0.0,0.0,16.0086
1137,154,0.6182,0.3818,CV,3.9607,3.9502,-10.458115561189054,-10.465431230914474,-0.28005,0.27286,102.0292
1137,155,0.6189,0.3811,CV,33.4911,33.5926,-18.168133579748012,-18.178047381790176,-1.49721,0.14171,2859.7992
1137,160,0.6474,0.3526,CV,1.823,1.823,-5.666729916305683,-5.677411719287514,-0.36305,-0.27547,21.5952
1138,154,0.6178,0.3822,CV,4.4582,4.4413,-12.494328003754005,-12.500281726783154,-0.46859,0.23486,102.3869
1138,155,0.6186,0.3814,CV,19.8394,19.828,-13.047661437107685,-13.055948043398304,-0.87335,0.70258,2884.7475
1138,160,0.6381,0.3619,CV,2.2118,2.2084,-6.708217132447919,-6.757528775091721,-1.52928,-0.91561,30.9287
1138,161,0.7,0.3,CV,9.1319,9.1319,-8.952774407242229,-8.952774407242229,0.0,0.0,172.7265
1139,154,0.6167,0.3833,CV,6.1631,6.1348,-13.750808749808847,-13.752797934378334,-0.6847,0.28753,102.4273
1139,155,0.6181,0.3819,CV,16.8267,16.7337,-12.768042962632643,-12.774915682177722,-1.13777,1.02076,2897.9055
1139,161,0.6482,0.3518,CV,4.625,4.625,-8.41274436323762,-8.426921809660497,-0.56304,1.26543,237.1418
1139,160,0.625,0.375,CV,3.6713,3.6096,-10.65070135519245,-10.657697338888184,-3.40627,-0.42886,37.3155
1140,154,0.6159,0.3841,CV,7.7378,7.7151,-21.977103454319643,-21.977413757193723,-0.75753,0.20432,105.4457
1140,155,0.6175,0.3825,CV,24.2161,24.1179,-12.980692461530657,-12.985720749331435,-1.99795,0.79588,2924.094
1140,161,0.6409,0.3591,CV,6.7012,6.6976,-8.45119251098155,-8.51157921875528,5.62205,2.14205,343.2846
1140,128,0.5,0.5,CA,3.172,3.1723,-5.675667103966872,-5.685379550736109,0.04742,-0.02806,10.2107
1140,160,0.6318,0.3682,CV,1.6858,1.5507,-12.264488382583412,-12.32020801792096,-2.99107,-0.18733,40.0994
1141,154,0.6152,0.3848,CV,6.8579,6.8114,-23.736746010685874,-23.735221931965174,-0.81891,0.28298,107.8081
1141,155,0.6181,0.3819,CV,14.6595,14.6882,-12.802258718114725,-12.810754554360715,-1.63956,-0.06074,2906.2975
1141,161,0.6411,0.3589,CV,6.1121,5.8633,-8.353935049226795,-8.426117346882746,8.11358,2.81897,409.4172
1142,154,0.6157,0.3843,CV,5.7151,5.6766,-25.686023151182077,-25.68763160905312,-0.80096,0.32443,107.7931
1142,155,0.6177,0.3823,CV,25.4273,25.378,-12.283983901692284,-12.289762713141407,-1.59323,0.11291,2976.0367
1142,161,0.6423,0.3577,CV,3.7391,3.3625,-8.894404969792722,-8.971471381799072,6.72932,2.24252,428.6064
1143,154,0.6159,0.3841,CV,5.0925,5.0479,-30.48761383287018,-30.48948017660013,-0.75584,0.31604,109.822
1143,155,0.6174,0.3826,CV,21.4368,21.3119,-12.352374200030217,-12.35757104759387,-1.80337,-0.04097,3053.9171
1143,161,0.6306,0.3694,CV,7.4478,7.1039,-8.39961171250899,-8.42448641365671,6.88716,2.39879,422.2628
1143,128,0.5,0.5,CA,0.6506,0.6551,-4.586451093732416,-4.605282671137898,0.00769,-0.04282,10.5088
1144,154,0.6165,0.3835,CV,4.3707,4.3315,-33.26361121998319,-33.2675808934349,-0.71425,0.27382,110.761
1144,155,0.6176,0.3824,CV,17.4176,17.3195,-12.287017629030519,-12.293322340474708,-2.12801,0.013,3088.9146
1144,161,0.6209,0.3791,CV,10.0814,9.8468,-8.571972555848147,-8.572604998788297,6.58315,0.92247,395.7463
1144,128,0.5775,0.4225,CV,1.1603,1.1607,-3.6405754081026998,-3.6510162218423923,-0.06887,-0.03442,10.0725
1145,154,0.6167,0.3833,CV,4.4852,4.4489,-37.31440320321462,-37.318492379958656,-0.66696,0.25349,113.1785
1145,155,0.6182,0.3818,CV,20.5345,20.5978,-12.324359665667199,-12.333075307451855,-1.25519,0.22286,3069.7498
1145,161,0.6221,0.3779,CV,4.3823,4.1378,-8.038540323526272,-8.058716914514756,4.7299,0.89214,371.049
1145,128,0.6052,0.3948,CV,0.6987,0.701,-3.3007734963422783,-3.3136638802128298,-0.07025,0.01498,9.9018
1146,154,0.6161,0.3839,CV,7.6249,7.5977,-41.76709827735468,-41.768202424070154,-0.66035,0.14372,118.3597
1146,155,0.6181,0.3819,CV,22.4889,22.4519,-12.2372406413575,-12.244534978464982,-0.82162,0.4766,3042.7965
1146,161,0.6226,0.3774,CV,2.9268,2.7706,-8.009546714448003,-8.030229156981719,3.0958,0.66826,341.6753
1146,128,0.6129,0.3871,CV,2.5443,2.5449,-6.347322720205067,-6.351652915535561,0.02419,0.02276,9.4263
1147,154,0.6174,0.3826,CV,5.1039,5.1034,-41.063373754468245,-41.07061355301573,-0.52179,0.27434,118.6875
1147,155,0.6175,0.3825,CV,28.4375,28.3325,-12.285439814895328,-12.290479957086792,-0.54312,0.80059,2994.5047
1147,161,0.625,0.375,CV,7.8073,7.9546,-8.4244587110426,-8.454654420564939,0.67413,0.2177,314.0625
1147,128,0.6179,0.3821,CV,0.2546,0.2606,-3.5415233864314506,-3.555923174144037,0.03194,0.01773,9.2468
1148,154,0.6173,0.3827,CV,4.5579,4.5315,-43.015396649184,-43.02058029213442,-0.5279,0.32937,119.2854
1148,155,0.6174,0.3826,CV,22.3156,22.1395,-12.063641227488722,-12.069100362583315,-0.38506,1.17732,2947.8099
1148,161,0.6198,0.3802,CV,11.8009,11.8005,-9.053498790443204,-9.058015463294979,-0.62958,0.01151,283.3324
1148,128,0.6196,0.3804,CV,0.9112,0.9183,-3.175216486287255,-3.1891803600108157,0.02125,0.01155,9.1692
1149,154,0.6171,0.3829,CV,5.0513,5.0187,-42.45790078522059,-42.462205299625715,-0.56396,0.43017,121.129
1149,155,0.6184,0.3816,CV,12.7746,12.6796,-12.294708190642625,-12.304341664820662,0.61972,1.1328,2923.5218
1149,161,0.6103,0.3897,CV,15.6179,15.5491,-9.8365779533552,-9.808486846438917,-1.00855,-0.46398,249.408
1149,128,0.6184,0.3816,CV,1.9347,1.9345,-4.130534280524506,-4.136962595622574,0.01033,-0.02138,9.236
1150,154,0.6163,0.3837,CV,8.3845,8.3618,-39.824498476795384,-39.82576037348416,-0.83057,0.19981,125.293
1150,155,0.6191,0.3809,CV,3.3029,3.286,-12.80576111026306,-12.81702649757768,0.53415,0.86172,2904.7333
1150,161,0.6161,0.3839,CV,2.5438,2.4664,-8.027660313961606,-8.038123161582014,-0.88509,-0.39855,225.3695
1150,128,0.6191,0.3809,CV,0.9519,0.9583,-3.3703202491973006,-3.3815002730071937,0.0029,-0.04769,8.9606
1151,154,0.6143,0.3857,CV,10.9613,10.9236,-32.53882933908135,-32.53299472339275,-1.13422,0.36354,125.1445
1151,155,0.6191,0.3809,CV,6.9267,6.8484,-12.887955115209152,-12.89831519420417,0.2173,0.59441,2856.6937
1151,128,0.6187,0.3813,CV,1.4365,1.4388,-3.8926660081673137,-3.901378111855351,-0.05582,0.01701,8.6421
1152,154,0.6133,0.3867,CV,9.8715,9.8177,-27.719654131206298,-27.71264828490557,-1.32256,0.20255,128.5687
1152,155,0.6192,0.3808,CV,5.5452,5.5944,-13.830557038532442,-13.841335912100337,0.19699,0.54624,2830.5898
1153,154,0.6126,0.3874,CV,9.4314,9.3591,-22.77619851551445,-22.767657813731397,-1.44597,0.1712,130.6958
1153,155,0.6191,0.3809,CV,2.5902,2.5736,-14.373581966883005,-14.383775530823046,0.15261,0.48844,2798.5732
1154,154,0.6112,0.3888,CV,10.9996,10.924,-17.725804496223013,-17.712025237033934,-1.61162,0.33364,131.3689
1154,155,0.619,0.381,CV,2.7164,2.6945,-14.262814916498925,-14.272675064069642,0.0326,0.47363,2762.6812
1155,154,0.6108,0.3892,CV,11.5211,11.451,-16.5954672496632,-16.58228111650479,-1.69099,0.12153,136.5009
1155,155,0.6189,0.3811,CV,7.4982,7.4905,-14.845600054400718,-14.8549972226863,0.02504,0.53773,2745.9603
1155,161,0.5,0.5,CA,23.6365,23.6415,-10.961967943856454,-10.962387812229013,-0.70061,0.28483,170.4953
1155,128,0.5,0.5,CA,0.7219,0.7224,-4.581193561519692,-4.593572591737568,-0.01884,0.01447,9.0757
1156,154,0.6102,0.3898,CV,13.1868,13.1285,-11.977382479767211,-11.962485616963583,-1.7187,0.3834,134.2828
1156,155,0.6188,0.3812,CV,6.1223,6.1095,-15.008429059116256,-15.017677802305657,-0.33664,0.3565,2727.177
1156,128,0.577,0.423,CV,0.7357,0.7373,-3.3183376548860486,-3.3265733294967497,-0.0139,-0.01415,8.3119
1157,154,0.6104,0.3896,CV,9.1915,9.0977,-10.041536045857328,-10.02805047532894,-1.69415,0.46921,133.3632
1157,155,0.6187,0.3813,CV,3.812,3.7811,-15.51391801373436,-15.523033588554483,-0.20648,0.3224,2711.6162
1157,128,0.6045,0.3955,CV,0.3212,0.3212,-3.0479018133828966,-3.0583302641089922,-0.00708,0.01434,8.1769
1157,161,0.5,0.5,CA,72.9314,72.9054,-40.198142226178874,-40.04887698880642,-0.28671,1.67372,206.4415
1158,154,0.6113,0.3887,CV,8.4659,8.3786,-8.894627126148174,-8.884912691222798,-1.70511,0.4601,135.5855
1158,155,0.6186,0.3814,CV,9.3965,9.3736,-14.80065513917476,-14.809330898514412,-0.66208,0.17128,2705.092
1158,161,0.5558,0.4442,CV,36.6229,36.3873,-17.788793661965336,-17.710545160929556,-0.28759,1.83603,224.5229
1159,154,0.6113,0.3887,CV,11.6814,11.6215,-9.59456354016473,-9.583139049869034,-1.69023,0.25206,141.3052
1159,155,0.6185,0.3815,CV,7.7371,7.693,-14.571790494283453,-14.580369040306755,-0.83311,-0.01357,2700.8493
1160,154,0.6106,0.3894,CV,11.7204,11.634,-9.41638647558072,-9.402220579184439,-1.61566,0.16485,147.8817
1160,155,0.6186,0.3814,CV,0.6063,0.567,-14.935870131039016,-14.94496300946308,-0.53028,-0.00264,2691.1793
1161,154,0.6104,0.3896,CV,11.6416,11.552,-8.763980219397276,-8.75018243041475,-1.72127,0.26334,150.1636
1161,155,0.6185,0.3815,CV,14.1378,14.1354,-18.99543940569906,-19.00378926755372,0.15431,-0.00304,2715.5225
1162,154,0.6107,0.3893,CV,11.7819,11.698,-8.87428218974097,-8.862036104343002,-1.63366,-0.01661,156.6892
1162,155,0.6183,0.3817,CV,14.5693,14.5429,-16.979344754118546,-16.987247097556263,-0.65923,-0.05392,2741.4389
1162,161,0.5,0.5,CA,13.964,13.878,-14.743707135421408,-14.74744139476319,-0.22924,0.37762,328.3574
1163,154,0.6128,0.3872,CV,9.3673,9.2996,-10.000680027747483,-9.996553079633358,-1.5423,0.02735,158.3627
1163,155,0.6177,0.3823,CV,24.9764,24.9156,-15.494635936081108,-15.500250593587442,-1.79112,-0.00438,2778.633
1163,161,0.5763,0.4237,CV,4.0854,4.0352,-12.48109269121674,-12.486597101186181,-0.34278,0.30277,318.886
1164,154,0.613,0.387,CV,9.5141,9.4351,-10.742676202551007,-10.73644206087388,-1.54287,-0.17046,162.0582
1164,155,0.6181,0.3819,CV,6.093,5.9748,-16.192179896916468,-16.20003424854481,-1.30057,-0.08872,2807.497
1164,161,0.6041,0.3959,CV,4.483,4.5342,-11.017892416970252,-11.027683267933664,-0.21715,0.0871,332.6509
1165,154,0.6135,0.3865,CV,8.9414,8.865,-12.626626741897635,-12.622374143535556,-1.51761,-0.17832,164.3695
1165,155,0.6183,0.3817,CV,25.063,25.1246,-20.764382141093535,-20.772747785128598,0.80109,-0.13027,2836.8843
1165,161,0.6137,0.3863,CV,4.6566,4.6659,-10.21303616112725,-10.22283501521815,-0.25782,0.08561,349.3167
1166,154,0.6141,0.3859,CV,7.8938,7.8127,-14.91002201413627,-14.90723370934471,-1.47043,-0.16216,166.684
1166,155,0.6182,0.3818,CV,13.492,13.428,-20.831540958588214,-20.83893293249703,1.00334,-0.06568,2892.2256
1166,161,0.6169,0.3831,CV,6.4598,6.4433,-9.648052446552631,-9.656998857602831,-0.56175,0.23536,367.8494
1167,154,0.6151,0.3849,CV,6.3208,6.2446,-17.413170773820656,-17.414073627905296,-1.30055,-0.27782,169.1759
1167,155,0.6182,0.3818,CV,7.7676,7.7006,-20.4423130461249,-20.45030436942666,0.62907,0.02795,2948.9051
1167,161,0.6183,0.3817,CV,5.3962,5.4107,-9.692552368953665,-9.702777826731563,-0.01166,0.24627,385.0345
1168,154,0.6154,0.3846,CV,8.1967,8.143,-15.914785537902768,-15.915156760736615,-1.22326,-0.43056,174.8435
1168,155,0.6184,0.3816,CV,4.139,4.1274,-19.23125797408579,-19.239763019698533,0.22159,-0.14601,2993.7315
1168,161,0.6186,0.3814,CV,4.5843,4.5674,-9.327061575295055,-9.336384073070617,0.21413,0.23334,400.2224
1169,154,0.6153,0.3847,CV,7.8225,7.7546,-15.984375131671815,-15.984186891485539,-1.15863,-0.5114,180.3664
1169,155,0.6184,0.3816,CV,3.965,3.9297,-18.765427248088002,-18.773924743040144,0.05847,-0.2343,3044.2165
1169,161,0.6187,0.3813,CV,3.6467,3.6362,-9.319057054357234,-9.328429312452721,-0.00397,0.3444,416.5101
1170,154,0.6156,0.3844,CV,7.1277,7.0583,-16.06668144697383,-16.06746853628637,-1.08205,-0.46809,185.9464
1170,155,0.6185,0.3815,CV,5.0053,4.9674,-18.44604009163288,-18.454545166452576,-0.03099,-0.22822,3104.6398
1170,161,0.6188,0.3812,CV,1.9218,1.9222,-9.375138402330764,-9.38449401485051,0.01449,0.2899,434.9235
1171,154,0.6156,0.3844,CV,7.4192,7.3533,-16.84980137162504,-16.85062702252833,-1.10389,-0.40509,190.5068
1171,155,0.6184,0.3816,CV,8.5338,8.4956,-18.116724589302155,-18.125025906853512,-0.17446,-0.40277,3175.6082
1171,161,0.6183,0.3817,CV,9.6903,9.6918,-9.711761007718698,-9.719284735592472,-0.04845,0.31416,462.0652
1172,154,0.6159,0.3841,CV,10.0403,10.0112,-18.48592549640751,-18.48754698682317,-1.09584,-0.27869,189.1506
1172,155,0.6185,0.3815,CV,4.031,3.9939,-17.70366097258374,-17.71226263288415,-0.2161,-0.45547,3234.4656
1172,161,0.6185,0.3815,CV,7.1971,7.2299,-9.666267202739514,-9.675281649122015,0.10596,0.05149,473.6211
1172,162,0.7,0.3,CV,1.6782,1.6782,-4.260217556179055,-4.260217556179055,0.0,0.0,6.9768
1173,154,0.6146,0.3854,CV,10.8073,10.7505,-18.66591469169486,-18.662046149293097,-1.25694,-0.22215,187.4302
1173,155,0.6185,0.3815,CV,5.0937,5.0663,-17.20786131933867,-17.216509926437556,-0.18434,-0.59342,3290.3632
1173,161,0.6184,0.3816,CV,4.2522,4.2459,-9.59004067543173,-9.598227159484804,0.26318,-0.04592,486.7577
1173,162,0.6467,0.3533,CV,2.1136,2.1136,-3.918234455629699,-3.925745407994087,-0.33031,-0.20055,9.7984
1174,154,0.6137,0.3863,CV,10.2463,10.1715,-18.069362089340757,-18.063229529362175,-1.31442,-0.2573,185.1227
1174,155,0.6185,0.3815,CV,7.0191,6.9968,-16.44700074742174,-16.455727840873372,-0.16749,-0.76838,3339.8239
1174,161,0.6183,0.3817,CV,5.6447,5.6298,-9.615379448164807,-9.623408387710318,0.27313,-0.21593,499.9579
1174,162,0.6435,0.3565,CV,0.6529,0.6564,-3.079418989898784,-3.1532016834708876,-0.38869,0.45415,14.1364
1175,154,0.6118,0.3882,CV,11.7879,11.7083,-18.4201879150496,-18.407466346615443,-1.21039,-0.47699,179.6695
1175,155,0.6185,0.3815,CV,13.3995,13.3672,-15.690398880273595,-15.698861215778123,-0.21999,-1.15063,3371.655
1175,161,0.6184,0.3816,CV,3.9388,3.9175,-9.587903186335557,-9.59637607205917,0.1311,-0.14403,512.8209
1176,154,0.6157,0.3843,CV,3.0994,3.0014,-10.737904866477606,-10.744772249301086,-0.84111,-0.45317,177.4413
1176,155,0.6185,0.3815,CV,8.8849,8.8226,-14.94889000737458,-14.95767404614564,-0.4771,-1.08704,3410.4812
1176,161,0.6185,0.3815,CV,3.1298,3.1202,-9.621315464517888,-9.630201179158854,0.24258,0.02663,528.6775
1177,154,0.6174,0.3826,CV,4.9608,4.9216,-8.689115527507997,-8.696896200350327,-0.30031,-0.41364,172.8634
1177,155,0.6186,0.3814,CV,8.3658,8.2942,-14.538944735713084,-14.547890512726891,-0.49371,-1.06011,3445.2052
1177,161,0.6186,0.3814,CV,6.8542,6.873,-9.822849766580665,-9.831723890518958,0.07133,-0.24502,552.027
1178,155,0.6186,0.3814,CV,9.0494,8.976,-13.876887941914259,-13.885843507657405,-0.45819,-1.17543,3476.7407
1178,161,0.6184,0.3816,CV,5.6566,5.6425,-9.872810730910686,-9.88077098421291,0.01921,-0.37067,575.5935
1179,155,0.6186,0.3814,CV,8.5333,8.4605,-13.849838111703844,-13.858855076740987,-0.50499,-1.24057,3511.9941
1179,161,0.6183,0.3817,CV,5.2444,5.2374,-9.939447839622636,-9.947317326166656,-0.08248,-0.08456,599.7457
1180,155,0.6186,0.3814,CV,9.7097,9.6552,-13.667746103828197,-13.676705558502064,-0.84316,-1.10876,3553.0059
1180,161,0.618,0.382,CV,6.9633,6.9365,-10.11928257896004,-10.12619429918552,-0.15286,-0.11892,628.6833
1180,154,0.5,0.5,CA,52.4078,52.3856,-41.329191065316635,-41.157602365832446,2.42434,-1.73046,143.2363
1181,155,0.6186,0.3814,CV,11.5595,11.4875,-13.423398215843783,-13.432040426764285,-0.96648,-1.20137,3571.8681
1181,161,0.6182,0.3818,CV,2.8592,2.8866,-10.030256464345733,-10.038454179754323,-0.12077,-0.14858,648.3228
1182,155,0.6185,0.3815,CV,13.9092,13.8292,-13.196837312004476,-13.205141276171744,-1.38268,-1.12715,3586.206
1182,161,0.6183,0.3817,CV,5.434,5.437,-10.059572179620151,-10.067560573613298,-0.20265,-0.27146,665.3547
1183,155,0.6186,0.3814,CV,7.2057,7.1164,-13.034575703240835,-13.043527360286385,-1.22277,-0.95261,3616.7203
1183,161,0.6184,0.3816,CV,2.028,2.0163,-10.041947797198157,-10.050292478736093,-0.22999,-0.15907,687.7387
1184,155,0.6185,0.3815,CV,13.3978,13.3184,-12.743864754699956,-12.752289165879423,-1.3083,-1.11928,3622.8638
1184,161,0.6183,0.3817,CV,7.4101,7.4085,-10.308446074556851,-10.31639324174083,-0.34965,-0.17489,721.4064
1185,155,0.6184,0.3816,CV,16.2616,16.1805,-12.561490402297512,-12.569619301291393,-1.00693,-1.53714,3611.404
1185,161,0.6183,0.3817,CV,2.5293,2.502,-10.27577362216224,-10.283961022773363,-0.3255,-0.11987,750.8113
1186,155,0.6187,0.3813,CV,4.6011,4.5311,-12.788365750306937,-12.797817651125333,-0.82101,-1.12411,3629.712
1186,161,0.6184,0.3816,CV,1.2132,1.2022,-10.32124807435774,-10.329578934304644,-0.25317,-0.02762,777.1232
1187,155,0.6187,0.3813,CV,6.7088,6.6548,-12.858073230600578,-12.867402376617912,-0.5007,-1.12542,3648.9471
1187,161,0.6184,0.3816,CV,1.9161,1.9019,-10.397786406173212,-10.406099733330286,-0.25623,-0.06711,805.0147
1188,155,0.6187,0.3813,CV,8.5872,8.5668,-12.961768551489278,-12.97095385774515,-0.64644,-0.79762,3680.1468
1188,161,0.6184,0.3816,CV,2.8986,2.8992,-10.37179935621099,-10.380260194850893,-0.22031,0.10899,831.9013
1188,154,0.5,0.5,CA,95.4796,95.4807,-38.39499992319864,-38.277759540945326,1.05092,1.92376,59.2173
1189,155,0.6186,0.3814,CV,8.9432,8.8962,-12.968972339568197,-12.977752491117514,-0.66658,-0.69591,3717.2067
1189,161,0.6185,0.3815,CV,1.4067,1.3944,-10.462886426297825,-10.471418105403652,-0.18836,0.13134,861.0355
1189,154,0.5824,0.4176,CV,7.6581,7.7452,-19.773107753566876,-19.803488733509905,-0.65561,-0.55173,46.8683
1190,155,0.6185,0.3815,CV,10.8538,10.8068,-13.148969393247343,-13.157394007473105,-0.88467,-0.33744,3760.4215
1190,161,0.6185,0.3815,CV,2.7159,2.7142,-10.507685316131775,-10.516277166277943,-0.03319,0.2305,890.7235
1190,154,0.5031,0.4969,CV,9.1442,9.089,-18.932386060827735,-18.52343743557674,-1.92705,-2.82049,35.4454
1191,155,0.6184,0.3816,CV,10.7252,10.6606,-13.196236495672574,-13.204371888746666,-0.90621,-0.10763,3813.9055
1191,161,0.6185,0.3815,CV,3.9095,3.8989,-10.556590653216613,-10.565121926737728,-0.10698,0.32955,917.4735
1191,154,0.4447,0.5553,CA,7.5908,7.4108,-16.659624870871692,-16.130759385116733,-2.90059,-3.77445,29.1611
1192,155,0.6183,0.3817,CV,12.5614,12.4949,-13.501075347895775,-13.508881516876292,-0.7204,0.12486,3885.5112
1192,161,0.6185,0.3815,CV,1.5697,1.5864,-10.589227975144105,-10.598029141640788,0.01209,0.14437,948.1573
1192,154,0.445,0.555,CA,5.8255,5.5882,-10.222172133597196,-9.777671418308898,-3.5124,-4.96792,25.426
1193,155,0.6182,0.3818,CV,11.8347,11.7564,-13.647233314345963,-13.65489543795841,-0.46164,0.12635,3968.1993
1193,161,0.6185,0.3815,CV,4.7687,4.7664,-10.656951217309556,-10.665634223073146,0.23241,0.10196,973.6655
1193,154,0.4798,0.5202,CA,3.8944,3.6301,-7.220892711127213,-6.915983332317107,-3.57014,-5.60094,23.6321
1194,155,0.6181,0.3819,CV,11.9195,11.8312,-13.749022433028909,-13.756513405615792,-0.39002,0.1559,4061.2098
1194,161,0.6185,0.3815,CV,6.827,6.8105,-10.84231771180643,-10.850775033917362,0.27968,0.11473,992.4199
1194,154,0.5113,0.4887,CV,2.9145,2.6228,-7.276525893881129,-7.048526293402037,-3.5414,-5.74646,22.6775
1195,155,0.6181,0.3819,CV,11.8162,11.7248,-13.712142434968495,-13.719577610959487,-0.49768,0.19214,4163.5278
1195,161,0.6183,0.3817,CV,10.2524,10.2191,-10.694958956456126,-10.702767207018095,0.33197,0.07209,1003.9736
1195,154,0.5462,0.4538,CV,2.0249,1.7163,-4.167719648104776,-4.03456930840525,-3.21577,-5.22734,22.151
1196,155,0.618,0.382,CV,16.6879,16.5941,-13.914392309937341,-13.92130255062142,-0.60517,0.2275,4294.1111
1196,161,0.6184,0.3816,CV,6.2121,6.1572,-10.557789199381196,-10.566334217730605,0.38072,0.19964,1020.4802
1196,154,0.5851,0.4149,CV,1.328,1.1104,-3.8201997987542953,-3.79493444406567,-2.61513,-3.98415,21.2551
1196,164,0.7,0.3,CV,10.3806,10.3806,-11.018785280756298,-11.018785280756298,0.0,0.0,198.6753
1197,155,0.618,0.382,CV,11.2798,11.1703,-14.086546685957549,-14.093861008934857,-0.4735,0.16047,4425.6321
1197,161,0.618,0.382,CV,13.3987,13.3414,-10.767595615587254,-10.774324845968714,0.53777,0.4269,1024.3861
1197,154,0.6164,0.3836,CV,0.4876,0.5019,-4.21454799042395,-4.263488600174593,-1.54227,-2.46157,19.8758
1197,164,0.6461,0.3539,CV,12.872,12.872,-16.187321922333634,-16.192141475934847,-6.41169,1.0024,271.5484
1198,155,0.6181,0.3819,CV,6.5228,6.4287,-14.113900042625623,-14.121695983353192,-0.52044,0.10899,4546.1275
1198,161,0.6186,0.3814,CV,8.6866,8.6836,-10.514466695777935,-10.52395336128762,-0.13556,-0.0909,1035.3191
1198,164,0.6163,0.3837,CV,16.9089,16.7346,-21.332554774186093,-21.290741311727825,-16.97726,1.80879,410.0988
1199,155,0.6183,0.3817,CV,4.9025,4.9366,-14.058475403704751,-14.066858808503813,-0.46505,-0.12292,4647.1181
1199,161,0.6184,0.3816,CV,11.048,11.0048,-10.55354450215663,-10.561679646283793,0.44873,-0.18755,1037.9495
1199,164,0.5845,0.4155,CV,17.0473,16.266,-29.42457616958764,-29.294628048292388,-23.75525,2.40491,532.8282
1199,154,0.5,0.5,CA,1.1184,1.0369,-4.814097227995047,-4.843990945126766,-0.72961,-1.12084,17.8194
1200,155,0.6184,0.3816,CV,6.315,6.3196,-13.833429996328663,-13.841972301365194,-0.56361,-0.14512,4746.5408
1200,161,0.6186,0.3814,CV,6.2458,6.178,-10.416858400327657,-10.425850641036172,0.21478,-0.23199,1038.8679
1200,164,0.5511,0.4489,CV,18.869,17.5957,-35.52617016906707,-35.30655991179127,-28.53919,3.58614,628.3027
1201,155,0.6185,0.3815,CV,10.3452,10.3423,-13.425104393155191,-13.433836417199805,-0.43453,-0.41414,4831.688
1201,161,0.6186,0.3814,CV,8.5748,8.527,-10.508253596052407,-10.51699562194825,-0.23288,-0.36194,1036.3633
1201,164,0.468,0.532,CA,32.9432,31.8709,-43.14564322107622,-42.64150360063063,-39.18132,8.12519,688.8903
1201,154,0.5,0.5,CA,2.9855,3.0359,-9.427355405833868,-9.460981394699177,-0.01898,-0.03231,15.1104
1202,155,0.6186,0.3814,CV,10.9895,10.9472,-13.465246384689081,-13.474022320183847,-0.56141,-0.63301,4913.5896
1202,161,0.6187,0.3813,CV,5.6717,5.6291,-10.503350925519857,-10.51278696078684,-0.31453,-0.574,1037.713
1202,164,0.5562,0.4438,CV,6.6548,4.8368,-51.64664217248182,-51.61565070435382,-32.5556,7.33859,709.5644
1202,154,0.58,0.42,CV,1.3846,1.3954,-3.5865020002313446,-3.607023078106394,-0.15997,-0.13685,13.8852
1203,155,0.6187,0.3813,CV,5.3675,5.3198,-13.566144603596795,-13.575302009620637,-0.65042,-0.55341,5017.591
1203,161,0.6188,0.3812,CV,4.9009,4.8503,-10.35331338085511,-10.362733522613624,-0.13314,-0.45434,1033.1523
1203,164,0.5558,0.4442,CV,14.5438,13.1453,-51.13569551598411,-50.976463378226285,-32.2236,7.26853,680.7206
1203,154,0.6076,0.3924,CV,0.8289,0.831,-5.043321348661015,-5.0626965221610245,-0.0435,-0.13877,12.8244
1204,155,0.6187,0.3813,CV,4.6726,4.6555,-13.55931717507068,-13.568580515543726,-0.66916,-0.3148,5128.6228
1204,161,0.6187,0.3813,CV,8.751,8.7277,-10.451098450966613,-10.460032095790597,0.44438,-0.51008,1026.8715
1204,164,0.6061,0.3939,CV,8.227,8.2095,-53.54097158548622,-53.58943128881605,-21.01459,4.20307,651.8654
1204,154,0.6163,0.3837,CV,0.6878,0.6819,-4.562414122158667,-4.577601764786824,-0.02273,-0.1653,11.9424
1205,155,0.6187,0.3813,CV,3.7504,3.7226,-13.566827330110259,-13.576017187137166,-0.63001,-0.1486,5232.5161
1205,161,0.6173,0.3827,CV,21.3212,21.2782,-10.967755269234724,-10.971145848156315,1.35761,-0.07608,1000.7407
1205,164,0.6261,0.3739,CV,14.3557,14.6831,-49.232682639692655,-49.292024655664434,-9.07769,1.34131,618.7765
1205,154,0.6183,0.3817,CV,1.7419,1.7439,-3.6689867395912557,-3.680121049274473,-0.08678,-0.07286,11.4547
1206,155,0.6187,0.3813,CV,2.4143,2.3907,-13.43109222823694,-13.440243470502365,-0.50412,0.00115,5327.6994
1206,161,0.6185,0.3815,CV,4.0249,4.0076,-10.236484092599751,-10.246680476109951,0.83701,-0.35474,992.7001
1206,164,0.621,0.379,CV,12.0169,11.8399,-45.00607282315435,-45.014136527195106,-5.60913,0.60713,589.9518
1206,154,0.6193,0.3807,CV,0.4251,0.4252,-3.17584208269022,-3.188053330429231,-0.07132,-0.06405,10.8397
1207,155,0.6187,0.3813,CV,5.7647,5.7429,-13.370529920262218,-13.379595596323904,-0.58684,0.16791,5412.2977
1207,161,0.6189,0.3811,CV,4.343,4.318,-10.216754644211207,-10.226900652605034,0.33801,-0.39938,981.3064
1207,164,0.6195,0.3805,CV,5.9281,5.6669,-41.83571044039408,-41.84476637142332,-4.57684,0.42527,559.3492
1207,154,0.6193,0.3807,CV,0.1918,0.1918,-3.0919758722562487,-3.102806000661873,-0.04489,-0.04697,10.3282
1208,155,0.6187,0.3813,CV,3.8346,3.8031,-13.339955800979677,-13.349059081888232,-0.50758,0.23933,5497.2863
1208,161,0.6187,0.3813,CV,13.1723,13.1713,-10.382973574814184,-10.391658642159468,-0.72299,-0.25689,962.9004
1208,164,0.617,0.383,CV,17.5226,17.474,-50.344898121412726,-50.345436149050855,-4.37196,0.88097,520.2388
1208,154,0.6191,0.3809,CV,0.8584,0.8597,-3.4791568047686185,-3.489044398469142,-0.02299,-0.03181,9.8007
1209,155,0.6187,0.3813,CV,12.0868,12.0676,-13.229864459034246,-13.238864728849954,-0.58678,-0.0875,5548.1102
1209,161,0.6184,0.3816,CV,9.6917,9.6404,-10.290743950628473,-10.29865674071041,-1.09553,-0.41167,947.214
1209,164,0.6143,0.3857,CV,10.2049,9.9879,-36.07156428528429,-36.064511009127735,-4.03316,0.63162,499.1347
1209,154,0.6187,0.3813,CV,0.8597,0.8574,-3.081303091788976,-3.0897743848251875,-0.01021,-0.07903,9.3972
1210,155,0.6187,0.3813,CV,7.9962,7.9416,-13.144455799553658,-13.153597527586067,-0.47721,-0.1472,5600.6835
1210,161,0.6188,0.3812,CV,3.9176,3.8876,-10.058655759147033,-10.068597986579464,-0.60161,-0.30399,928.6416
1210,164,0.6138,0.3862,CV,11.2471,11.0751,-23.764823978106442,-23.759753347634142,-3.39893,0.52762,491.6272
1210,154,0.6189,0.3811,CV,0.1551,0.157,-2.9392421702012195,-2.9492252101152547,-0.00138,-0.03861,9.0703
1211,155,0.6188,0.3812,CV,4.6133,4.6293,-13.099574354697827,-13.109018222921797,-0.53011,-0.02678,5688.7829
1211,161,0.6187,0.3813,CV,7.635,7.6173,-10.175927189135448,-10.185084709653207,-0.77733,-0.48643,918.7297
1211,164,0.6157,0.3843,CV,6.7289,6.5971,-15.972058919185356,-15.975871110571347,-2.45237,0.63763,480.0208
1211,154,0.6171,0.3829,CV,3.0229,3.025,-5.06575929040047,-5.0678039281860565,0.00331,0.0047,9.2208
1212,155,0.6188,0.3812,CV,2.8623,2.8424,-13.148563534584003,-13.157924297360768,-0.47775,-0.11286,5768.7124
1212,161,0.619,0.381,CV,3.0511,3.0799,-10.562295490068028,-10.572459696999132,-0.32142,-0.33363,909.186
1212,164,0.6189,0.3811,CV,11.1607,11.27,-11.51055065003851,-11.524771723651746,-0.69814,0.52485,466.5799
1212,154,0.6176,0.3824,CV,0.6917,0.6869,-3.813363347385572,-3.820313861077186,0.00624,-0.03035,9.1467
1213,155,0.6188,0.3812,CV,2.7237,2.705,-13.180226143225092,-13.189495833239722,-0.43397,0.03664,5839.5804
1213,161,0.6185,0.3815,CV,10.2318,10.2119,-10.454338475832213,-10.462236817710167,-0.81024,-0.34746,903.5194
1213,164,0.6141,0.3859,CV,25.4141,25.3779,-23.017860871143277,-23.00734040950011,-2.24366,0.56283,464.1067
1214,155,0.6187,0.3813,CV,2.9502,2.9356,-13.225850075430397,-13.235039283886904,-0.39675,0.13618,5915.5902
1214,161,0.6178,0.3822,CV,14.0424,13.9958,-10.556013408126173,-10.561449343597213,-1.41871,-0.41016,893.5239
1214,164,0.6126,0.3874,CV,17.8358,17.7119,-19.879707248042738,-19.869650452753802,-2.54192,0.44342,464.4244
1214,154,0.5,0.5,CA,1.1478,1.1527,-3.9816157282046705,-3.992730197330653,-0.03623,0.00252,9.399
1215,155,0.6187,0.3813,CV,2.8863,2.8643,-13.211320885043346,-13.220463637463665,-0.41508,0.12593,5985.5847
1215,161,0.6186,0.3814,CV,3.4303,3.5078,-10.822414692428646,-10.832490689591067,-0.61985,-0.17305,885.0717
1215,164,0.6154,0.3846,CV,8.1599,8.0893,-14.878320603656432,-14.882482422840226,-1.7569,0.62543,461.0685
1215,154,0.5769,0.4231,CV,1.1537,1.153,-3.4212434721770304,-3.4288655870732625,-0.0319,0.03494,8.923
1216,155,0.6187,0.3813,CV,13.1271,13.1253,-13.176309116660473,-13.185362363270068,-0.30907,-0.2556,6009.5713
1216,161,0.618,0.382,CV,13.0495,13.0194,-10.407532710185816,-10.41383073108334,-0.92937,-0.45726,890.2686
1216,164,0.6175,0.3825,CV,5.4054,5.4385,-9.496113012874163,-9.505188291901362,-0.82325,0.61933,462.1284
1216,154,0.6032,0.3968,CV,1.9365,1.935,-5.02407817113407,-5.029592039905448,0.12096,0.03277,8.7333
1217,155,0.6187,0.3813,CV,1.3517,1.3941,-13.205152492730715,-13.21448935994928,-0.11017,-0.14557,6075.0994
1217,161,0.617,0.383,CV,23.1995,23.1826,-11.165097191828659,-11.168193828659838,0.07173,-0.90427,914.0797
1217,164,0.6177,0.3823,CV,12.4339,12.441,-9.591349359574997,-9.598128627635397,-0.10655,0.44054,454.5849
1217,154,0.6139,0.3861,CV,0.4502,0.4468,-3.2514327581304254,-3.2632909625985373,0.05036,0.02181,8.6348
1218,155,0.6188,0.3812,CV,5.2577,5.2379,-13.188565353158522,-13.197887930402572,0.10556,-0.19101,6126.1992
1218,161,0.6185,0.3815,CV,14.7031,14.7967,-11.006409512921596,-11.017276378406489,0.07908,-0.29729,893.6239
1218,164,0.6175,0.3825,CV,13.4415,13.4389,-10.601718219195757,-10.607377716517705,0.80151,0.02667,453.0477
1218,154,0.6179,0.3821,CV,0.4108,0.4107,-2.9511341986881146,-2.9637098732864535,0.02299,-0.02273,8.5338
1219,155,0.6187,0.3813,CV,12.1226,12.0897,-13.204592963385547,-13.21373378939913,0.19877,-0.38476,6139.5049
1219,161,0.6185,0.3815,CV,7.3264,7.3212,-10.19593862178948,-10.204288061617452,0.52271,-0.21352,887.2615
1219,164,0.6163,0.3837,CV,14.9372,14.8849,-12.71712934009744,-12.717776661452529,1.43253,-0.25639,451.7631
1219,154,0.6189,0.3811,CV,1.5242,1.529,-4.173876401550247,-4.184908204972038,0.01218,0.00604,8.6239
1220,155,0.6188,0.3812,CV,3.883,3.822,-13.16284007701091,-13.17227417915803,0.19639,-0.38566,6176.6539
1220,161,0.6186,0.3814,CV,11.6265,11.6519,-10.412329693941949,-10.421382432435227,-0.4915,-0.17104,885.5237
1220,164,0.6114,0.3886,CV,26.5644,26.4955,-12.793070921076925,-12.774744060719302,1.56895,-0.50948,428.4377
1220,154,0.6187,0.3813,CV,1.0441,1.0423,-4.898013955337236,-4.906763655454544,-0.04667,0.03657,8.6213
1221,155,0.6185,0.3815,CV,29.3437,29.2913,-13.230628902432205,-13.238617935179175,0.41505,-1.04884,6117.9532
1221,161,0.6188,0.3812,CV,6.5482,6.5731,-10.2857089532177,-10.29546990710129,0.16271,-0.02559,883.5085
1221,164,0.5945,0.4055,CV,36.059,35.9316,-14.390985056296403,-14.30970352173475,1.31981,0.20051,391.0438
1221,154,0.619,0.381,CV,1.0306,1.0358,-3.8008823624823402,-3.8114324836792868,0.00934,-0.0216,8.446
1222,155,0.6183,0.3817,CV,22.2079,22.0643,-13.083641719260031,-13.091620784195296,0.49369,-1.34846,6059.3533
1222,161,0.6188,0.3812,CV,4.5322,4.5258,-10.160565267230597,-10.1701448177366,-0.03772,0.06103,876.3324
1222,164,0.6077,0.3923,CV,14.06,14.0216,-12.563287003275992,-12.561850400956772,2.53129,0.1783,380.9479
1222,154,0.6189,0.3811,CV,0.6227,0.6236,-3.119531895229199,-3.1289442010489745,-0.03307,-0.00154,8.3321
1223,155,0.619,0.381,CV,33.433,33.6065,-13.528693141654243,-13.539544107373244,0.17482,0.24648,6179.04
1223,161,0.6189,0.3811,CV,4.8751,4.8828,-10.142111407160892,-10.15183828664808,-0.27899,-0.17539,875.5273
1223,164,0.6116,0.3884,CV,14.3824,14.3165,-16.0400494761262,-16.035500740717257,2.98911,-0.30296,371.1908
1223,154,0.6187,0.3813,CV,1.0576,1.058,-3.5478001304517903,-3.5565536541728267,0.02413,0.00207,8.1485
1224,155,0.6187,0.3813,CV,18.7843,18.7561,-13.470545108657602,-13.479432154238205,-0.03255,0.82262,6269.3989
1224,161,0.6186,0.3814,CV,8.749,8.7354,-10.45155893998644,-10.460151423993727,-0.74061,-0.21743,877.0907
1224,154,0.6184,0.3816,CV,1.0135,1.0113,-3.4088336918187503,-3.416795522732877,0.08648,0.00105,8.0252
1225,155,0.6186,0.3814,CV,7.8469,7.7663,-13.44991417882257,-13.458713829734187,-0.18891,0.82227,6308.53
1225,161,0.6186,0.3814,CV,4.5392,4.4984,-10.150068884545448,-10.15886931255272,-0.74352,-0.13737,876.3129
1225,154,0.6189,0.3811,CV,0.4485,0.4525,-3.1931480763754276,-3.203718709012863,0.01889,-0.00049,7.9319
1226,155,0.6186,0.3814,CV,5.7757,5.7687,-13.42104343711626,-13.429958272940246,-0.47069,0.57323,6333.7672
1226,161,0.6188,0.3812,CV,8.263,8.303,-10.810940126014032,-10.820743651999969,0.12472,-0.05215,874.7794
1226,154,0.6189,0.3811,CV,0.783,0.7854,-3.3145176870665267,-3.32423678766387,-0.00038,-0.00161,7.9467
1227,155,0.6186,0.3814,CV,6.9347,6.8973,-13.404069932029628,-13.412871517866686,-0.70655,0.49229,6375.1026
1227,161,0.6185,0.3815,CV,11.2894,11.2876,-10.83682730374387,-10.845074561502106,0.72817,0.07689,863.9278
1227,154,0.6186,0.3814,CV,0.8619,0.8614,-3.343401044543826,-3.351859907164548,-0.05509,-0.00225,7.9228
1227,164,0.5,0.5,CA,19.7523,19.7087,-76.39476302126624,-76.40009963061556,1.25288,-0.52382,357.268
1228,155,0.6186,0.3814,CV,5.2924,5.2618,-13.397717719764506,-13.406644986478398,-0.75759,0.20235,6422.5165
1228,161,0.6182,0.3818,CV,10.5163,10.4726,-10.25755905224857,-10.264707710582703,1.09279,0.12533,852.9737
1228,154,0.6187,0.3813,CV,0.5044,0.507,-3.0611904586433285,-3.0705312929846365,0.00032,-0.00263,7.8768
1229,155,0.6186,0.3814,CV,8.7179,8.6856,-13.377127375124738,-13.386038531027747,-0.99354,0.03825,6460.1575
1229,161,0.6189,0.3811,CV,13.3017,13.3585,-10.568043260867562,-10.578627016855377,-0.32394,-0.05309,847.3934
1229,154,0.6186,0.3814,CV,0.5656,0.5656,-3.392744478175083,-3.4014925375419143,-0.03698,-0.00273,7.8396
1230,155,0.6186,0.3814,CV,14.6016,14.573,-13.313466102274516,-13.322342795615365,-1.09327,-0.17584,6458.6207
1230,161,0.6189,0.3811,CV,4.1592,4.138,-10.116172978584817,-10.125800935857628,-0.42337,-0.21161,840.5172
1230,154,0.6186,0.3814,CV,0.9689,0.9708,-3.3664317946181455,-3.375414747695418,0.01871,-0.00282,7.7053
1231,155,0.6187,0.3813,CV,10.2858,10.2124,-13.243391799508936,-13.252445758873092,-1.10678,-0.11728,6465.8814
1231,161,0.6186,0.3814,CV,9.3183,9.2942,-10.119721738597693,-10.128012278623805,-0.91605,-0.25924,834.3748
1231,154,0.6179,0.3821,CV,1.445,1.4427,-4.1295564927509485,-4.13559114508529,0.08179,-0.03037,7.5253
1232,155,0.6186,0.3814,CV,16.9511,16.8801,-13.222687769921906,-13.231576838347006,-0.99972,-0.42916,6438.7162
1232,161,0.6186,0.3814,CV,5.6992,5.6706,-10.234167571189026,-10.243081665873863,-0.84366,-0.10338,833.156
1232,154,0.6186,0.3814,CV,0.8507,0.8534,-3.7220812068390785,-3.7320485503449863,0.07009,0.0286,7.5264
1233,155,0.6186,0.3814,CV,19.0182,18.9115,-13.140136398599951,-13.148810130870704,-0.95802,-0.54692,6383.9711
1233,161,0.6189,0.3811,CV,5.9751,6.0184,-10.08076161334553,-10.090945390008658,-0.10011,-0.17278,826.4033
1233,154,0.6189,0.3811,CV,0.3396,0.3404,-4.592770079006287,-4.6027713376764865,0.04588,0.00518,7.5095
1234,155,0.6185,0.3815,CV,20.1051,19.9698,-13.106524270773827,-13.115077321992851,-0.78862,-0.70433,6306.9414
1234,161,0.6187,0.3813,CV,6.5495,6.5456,-10.05855842872852,-10.067474046295677,-0.38697,-0.03144,826.4807
1234,154,0.6189,0.3811,CV,0.1352,0.1358,-2.9215679720511623,-2.9313015872207604,0.02515,-0.00196,7.4643
1235,155,0.6188,0.3812,CV,8.9759,8.8203,-12.969290496068371,-12.979070993752888,-0.76798,-0.41548,6252.4831
1235,161,0.6184,0.3816,CV,8.5857,8.5613,-10.12180268736462,-10.129699372935356,-0.78975,-0.10415,825.4856
1235,154,0.6181,0.3819,CV,1.6027,1.6023,-3.5139674675362547,-3.520046269004765,0.01091,0.0211,7.6239
1236,155,0.619,0.381,CV,5.2138,5.1317,-12.945028348619795,-12.955312899477377,-0.78013,-0.11176,6206.8049
1236,161,0.6187,0.3813,CV,1.482,1.5128,-10.066944049245581,-10.076321478402834,-0.3788,-0.08503,822.8264
1236,154,0.6185,0.3815,CV,0.3335,0.3378,-3.167009587468099,-3.176295508205011,0.002,-0.00443,7.6029
1237,155,0.6191,0.3809,CV,3.5841,3.5431,-12.932562350532628,-12.942825393544853,-0.6358,0.1263,6155.6054
1237,161,0.6185,0.3815,CV,5.8647,5.841,-10.278573069570541,-10.286980497700775,-0.58113,-0.16434,823.0524
1237,154,0.6186,0.3814,CV,0.9771,0.9794,-3.173600135000451,-3.1824095806016026,-0.00339,-0.03463,7.4672
1238,155,0.6191,0.3809,CV,4.0123,3.9708,-12.921060464614028,-12.931121562474665,-0.41319,0.30361,6091.8981
1238,161,0.6187,0.3813,CV,2.4237,2.4355,-10.067991582961813,-10.077327113402237,-0.31036,-0.20198,819.1302
1238,154,0.6186,0.3814,CV,0.3363,0.3343,-3.048486817378855,-3.057498093119107,-0.00657,-0.03151,7.4173
1239,155,0.619,0.381,CV,13.023,13.0408,-12.964910780772318,-12.97460864196007,-0.49139,0.67875,6074.6798
1239,161,0.6187,0.3813,CV,9.2008,9.2166,-10.547011116168369,-10.555951739232722,0.44251,-0.15137,818.8662
1239,154,0.6188,0.3812,CV,0.352,0.3531,-2.9589661496355766,-2.9686730078391186,-0.00831,0.00526,7.3992
1240,155,0.6189,0.3811,CV,7.5859,7.5657,-12.962285028249282,-12.971753063935996,-0.03039,0.75071,6045.002
1240,161,0.6185,0.3815,CV,8.2235,8.2044,-10.09310587016581,-10.101405660365753,0.68918,-0.3558,812.4018
1240,154,0.6186,0.3814,CV,0.9471,0.9465,-3.096240303281907,-3.1047576815599927,-0.06272,0.03844,7.3806
1241,155,0.6188,0.3812,CV,9.4678,9.4404,-12.98198778173907,-12.991111209651494,0.35846,0.57959,6029.6092
1241,161,0.6186,0.3814,CV,7.7307,7.7358,-10.219014378732759,-10.22819231547416,0.07091,-0.60724,806.3915
1241,154,0.6183,0.3817,CV,1.7017,1.7041,-4.938387500585804,-4.945993679571452,-0.00604,-0.01728,7.5614
1242,155,0.6186,0.3814,CV,12.9185,12.8793,-13.055881517973644,-13.064576380777757,0.4834,0.17279,6045.0207
1242,161,0.6189,0.3811,CV,4.9849,5.0199,-9.983683990747734,-9.993731978105028,-0.09653,-0.08834,807.2923
1242,154,0.6182,0.3818,CV,0.6218,0.6171,-3.5256591970923226,-3.533232386647476,0.0067,-0.02485,7.6639
1243,155,0.6183,0.3817,CV,25.0142,24.9603,-13.308770347697635,-13.31625516635643,0.55301,-0.82171,6107.0547
1243,161,0.6189,0.3811,CV,4.7805,4.7854,-10.419484341027989,-10.429046488248806,0.27627,-0.07545,804.1438
1243,154,0.6177,0.3823,CV,1.2212,1.2174,-3.5754080450098327,-3.581021340508883,-0.03961,-0.04196,7.8091
1244,155,0.6181,0.3819,CV,20.159,20.044,-13.449771473596769,-13.456943288428345,0.16195,-0.98122,6185.0654
1244,161,0.6188,0.3812,CV,3.2614,3.2518,-10.484811439830235,-10.494194867290703,0.34714,0.02549,803.1056
1244,154,0.6185,0.3815,CV,1.3827,1.3892,-3.5417353962624305,-3.551559562250625,0.00725,-0.00978,7.6922
1245,155,0.6181,0.3819,CV,13.2589,13.1274,-13.433664409235908,-13.441215016115253,-0.12405,-0.8432,6257.2693
1245,161,0.6172,0.3828,CV,22.8118,22.7927,-11.009527058585071,-11.012031866665952,1.73717,-0.14341,806.3738
1245,154,0.618,0.382,CV,1.6079,1.6077,-3.5035529895978827,-3.5098851277517578,-0.03849,0.05418,7.5535
1246,155,0.6183,0.3817,CV,6.6828,6.5767,-13.469303014975276,-13.47740414796388,-0.27763,-0.51542,6322.1506
1246,161,0.6185,0.3815,CV,5.0186,5.1095,-10.577341318623716,-10.587948475083195,0.69873,-0.03686,806.3361
1246,154,0.6186,0.3814,CV,0.4755,0.4767,-3.061415572209134,-3.071152981760939,-0.03723,0.05208,7.6256
1247,155,0.6184,0.3816,CV,2.6263,2.6231,-13.377318751129057,-13.385854873579726,-0.01954,-0.24534,6381.0939
1247,161,0.6187,0.3813,CV,7.0054,7.0217,-10.048497372117161,-10.05787100714964,0.34841,-0.21074,795.9059
1247,154,0.6187,0.3813,CV,0.6478,0.6455,-3.077007630645668,-3.0862216343507622,-0.02614,0.03638,7.5714
1248,155,0.6185,0.3815,CV,6.7921,6.7533,-13.520503330049909,-13.5290254001356,-0.26354,-0.01645,6466.5883
1248,161,0.6187,0.3813,CV,7.7635,7.7592,-10.012201758830074,-10.02122322375443,-0.1112,-0.2093,784.2442
1248,154,0.6183,0.3817,CV,2.0511,2.0546,-4.94243491210705,-4.949893319620237,-0.01526,0.02097,7.8299
1248,166,0.7,0.3,CV,1.4031,1.4031,-4.195908572522906,-4.195908572522906,0.0,0.0,8.2262
1249,155,0.6185,0.3815,CV,1.4836,1.4691,-13.502243662431567,-13.511066392520533,-0.22567,0.05631,6542.4436
1249,161,0.6189,0.3811,CV,5.0535,5.083,-9.910099203983778,-9.920231722577295,0.0749,-0.22069,786.4435
1249,154,0.6188,0.3812,CV,1.0795,1.0843,-3.3280284284921144,-3.338009325386236,-0.00758,-0.03972,7.7787
1249,166,0.637,0.363,CV,6.6792,6.6792,-9.912930219619366,-9.878016861554999,0.39096,-0.13032,12.1554
1250,155,0.6186,0.3814,CV,3.6606,3.6686,-13.59073718008443,-13.599700999308208,-0.13834,0.25909,6612.0728
1250,161,0.6189,0.3811,CV,4.6797,4.6701,-10.049832679677396,-10.059347475962442,0.33423,-0.29465,782.835
1250,154,0.6176,0.3824,CV,2.1681,2.1683,-4.087098364725973,-4.091510651647394,0.04474,0.00745,8.0385
1250,166,0.6399,0.3601,CV,3.0042,3.0825,-4.872116910288772,-4.944933178458377,0.52648,-0.17549,17.1913
1251,155,0.6186,0.3814,CV,6.0039,5.9847,-13.726933291287258,-13.735877626270478,-0.19903,0.29234,6710.9547
1251,161,0.6189,0.3811,CV,3.6912,3.7023,-9.942952870258585,-9.95261283262051,0.08182,-0.17905,782.6024
1251,154,0.6184,0.3816,CV,1.5679,1.5737,-4.610669345205324,-4.620142805052449,-0.04901,-0.03151,8.0146
1252,155,0.6186,0.3814,CV,6.1791,6.1668,-13.842415081897746,-13.851435338641307,-0.52673,0.16377,6795.5347
1252,161,0.6188,0.3812,CV,2.6576,2.6477,-9.934861744446016,-9.944177717957432,0.05172,-0.09509,783.1005
1252,154,0.6185,0.3815,CV,0.774,0.7748,-3.4076065890308067,-3.4161430522813876,-0.0034,-0.05597,7.996
1253,155,0.6187,0.3813,CV,7.332,7.3235,-13.88715806460543,-13.896236261047626,-0.68267,-0.08007,6857.8406
1253,161,0.6188,0.3812,CV,2.4106,2.4057,-9.934330518770746,-9.943596685471206,0.00871,-0.2187,780.4356
1253,154,0.6186,0.3814,CV,0.6086,0.6101,-3.3154298315771804,-3.324429634913031,0.0087,-0.01954,8.1423
1253,166,0.5,0.5,CA,1.22,1.2274,-5.1053973024673756,-5.227409352347563,-0.0955,0.50152,24.3369
1254,155,0.6187,0.3813,CV,3.9888,3.9858,-14.032492456833172,-14.041667836617643,-0.4687,0.18116,6942.476
1254,161,0.6187,0.3813,CV,3.1374,3.1307,-9.939526726415954,-9.948678116803155,0.19242,-0.23196,778.3669
1254,154,0.6186,0.3814,CV,0.1711,0.1704,-3.295829273277054,-3.3049023167432336,0.01013,-0.0052,8.2449
1255,155,0.6184,0.3816,CV,37.8823,37.8874,-13.728148770791009,-13.736115451254653,-0.6,-1.01913,6876.471
1255,161,0.6187,0.3813,CV,1.9983,1.9993,-9.950671187662557,-9.959942175198838,0.05776,-0.11169,779.2017
1255,154,0.6178,0.3822,CV,1.7981,1.7973,-4.092331597850841,-4.097901783330474,-0.03887,0.04754,8.5279
1255,166,0.5,0.5,CA,0.9412,0.9495,-4.431155779265853,-4.49414537469888,-0.27371,0.08541,22.4558
1256,155,0.6176,0.3824,CV,45.489,45.3511,-13.598374415757695,-13.603228555251608,-0.61904,-2.08178,6748.3343
1256,161,0.6188,0.3812,CV,1.2662,1.2767,-10.011651085044885,-10.021045609356426,0.05938,-0.0338,776.7344
1256,154,0.6185,0.3815,CV,1.9115,1.9179,-3.8905387867684667,-3.899937157586788,0.01033,0.0232,8.3712
1256,166,0.5795,0.4205,CV,2.4122,2.4133,-4.9445267862225375,-4.962973482186877,-0.02185,-0.07049,19.7463
1257,155,0.619,0.381,CV,25.396,25.6555,-13.520333632850122,-13.532439370174492,-0.52389,-0.44789,6852.2326
1257,161,0.6188,0.3812,CV,2.5538,2.5579,-10.260990618045897,-10.270398396759589,-0.10226,0.03952,773.4955
1257,154,0.6184,0.3816,CV,0.8063,0.8043,-3.2853447559465283,-3.2936350528945204,0.01915,-0.01549,8.3202
1257,166,0.6102,0.3898,CV,1.7498,1.7704,-3.995810076662199,-4.026766513908541,-0.2671,-0.07582,18.2203
1258,155,0.6188,0.3812,CV,37.7486,37.8006,-13.859034114245903,-13.86790553473898,-0.47431,0.91419,7022.0869
1258,161,0.6188,0.3812,CV,4.3817,4.3869,-10.131345353761205,-10.140589805916807,0.00921,-0.00079,778.1126
1258,154,0.6173,0.3827,CV,1.8719,1.8675,-4.904999823226079,-4.908567069799971,0.01736,-0.04927,8.1323
1258,166,0.6193,0.3807,CV,0.6394,0.6486,-3.4587793594510856,-3.482827258958695,-0.14637,0.00121,16.7284
1259,155,0.6184,0.3816,CV,21.3395,21.2298,-13.849019905478416,-13.856975978195887,-0.07956,1.27139,7126.4874
1259,161,0.6188,0.3812,CV,2.5758,2.5829,-10.30855958459641,-10.317969833659191,0.11026,-0.10441,776.2912
1259,154,0.6188,0.3812,CV,0.3203,0.3283,-3.269924342278697,-3.2815785147119425,0.01292,-0.01015,8.1515
1259,166,0.6194,0.3806,CV,1.9627,1.9626,-4.0204545570046495,-4.0315731777780925,-0.06603,0.0899,15.7305
1260,155,0.6185,0.3815,CV,9.096,9.0064,-13.759090388341502,-13.767611496896484,0.36001,1.08713,7179.1045
1260,161,0.6187,0.3813,CV,4.976,4.9712,-10.289614934691699,-10.298715664446112,0.38271,-0.0869,772.5612
1260,154,0.6192,0.3808,CV,0.8489,0.854,-3.169830608524975,-3.181056708224403,0.009,0.00207,8.2658
1260,166,0.6202,0.3798,CV,2.432,2.4439,-4.31681646750314,-4.331274317761638,-0.01998,0.03603,14.2025
1261,155,0.6182,0.3818,CV,20.0675,19.9687,-13.713823613905893,-13.72137596910968,-0.01662,1.18273,7307.5743
1261,161,0.6185,0.3815,CV,8.5062,8.4919,-10.112940891694647,-10.121122618335663,0.6511,-0.3179,777.837
1261,154,0.6187,0.3813,CV,1.1312,1.1307,-3.357614465712715,-3.365933448490611,0.00613,0.03081,8.4032
1261,166,0.6198,0.3802,CV,1.7244,1.7307,-3.944714876547603,-3.9561754724222706,-0.02767,0.01016,13.5365
1262,155,0.6186,0.3814,CV,19.9618,20.0886,-13.562666771614378,-13.571937674926513,-0.189,0.29034,7307.088
1262,161,0.6186,0.3814,CV,2.738,2.7233,-10.290699853587787,-10.29978664080245,0.39167,-0.19725,782.461
1262,154,0.618,0.382,CV,1.3388,1.3354,-3.612702078732621,-3.618779986581014,0.05181,0.00441,8.5686
1262,166,0.6194,0.3806,CV,1.2767,1.2806,-3.534154447890193,-3.544872976158843,0.04575,-0.03237,12.6428
1262,169,0.7,0.3,CV,0.3783,0.3783,-3.078017232784661,-3.078017232784661,0.0,0.0,3.9868
1263,155,0.6185,0.3815,CV,26.8968,26.906,-13.48848514563404,-13.496963845637918,0.25692,-0.5126,7262.5076
1263,161,0.6186,0.3814,CV,7.6624,7.6658,-10.765387636134262,-10.774241736658908,0.24759,-0.50464,775.8422
1263,154,0.6186,0.3814,CV,1.2324,1.238,-3.463660172272378,-3.473343988320438,0.04738,-0.00252,8.4257
1263,166,0.6191,0.3809,CV,1.0315,1.0338,-3.5125724183731943,-3.5223565549549405,-0.00334,0.04918,11.9277
1263,169,0.6478,0.3522,CV,0.8803,0.8803,-2.865035257908737,-2.8775011409345423,-0.0,0.21947,5.4613
1264,155,0.6187,0.3813,CV,9.031,8.9532,-13.341225585796545,-13.350434633869641,0.57669,-0.4111,7291.1826
1264,161,0.6186,0.3814,CV,4.8927,4.8673,-10.60842140454085,-10.617278258797345,0.36331,-0.44714,770.7672
1264,154,0.6186,0.3814,CV,0.8415,0.8438,-3.402929848419503,-3.4118301177790684,-0.01877,0.02229,8.4768
1264,166,0.6185,0.3815,CV,1.689,1.6906,-3.7156442277876467,-3.7231437733581227,0.04753,0.01784,11.6149
1264,169,0.6437,0.3563,CV,0.5464,0.5578,-2.691618888167909,-2.7648758707657213,-0.0,-0.07773,7.7969
1265,155,0.6186,0.3814,CV,32.5456,32.6026,-13.702891533287723,-13.711830047014985,1.37211,0.60629,7456.3062
1265,161,0.6186,0.3814,CV,4.4645,4.4305,-10.688791542872908,-10.697833668145277,0.41829,-0.41617,766.3793
1265,154,0.6186,0.3814,CV,0.8688,0.8698,-3.2972684571579287,-3.306202706424517,0.02204,0.02174,8.432
1265,166,0.6185,0.3815,CV,0.9265,0.9285,-3.452588379031804,-3.461427958108072,0.02556,-0.04859,11.1598
1265,169,0.6488,0.3512,CV,0.4811,0.4745,-2.2930980592902594,-2.394546651426051,-0.0,-0.43197,9.1939
1266,155,0.6186,0.3814,CV,16.3143,16.2266,-13.61757153844051,-13.626167774360631,1.84232,0.6995,7534.3746
1266,161,0.6187,0.3813,CV,6.7752,6.7622,-11.521933634460739,-11.531116250043246,0.48354,0.02016,757.8998
1266,154,0.6183,0.3817,CV,1.1207,1.1181,-3.2917209754430306,-3.2992683336167703,0.02301,0.04234,8.2994
1266,166,0.6186,0.3814,CV,1.0046,1.0068,-3.5261092735779047,-3.534841562034694,0.04379,-0.00179,10.6539
1266,169,0.6491,0.3509,CV,0.7371,0.7547,-2.4236275648304995,-2.5190958118921873,0.23982,0.1757,9.5432
1267,155,0.6186,0.3814,CV,8.8289,8.7935,-13.488069523571541,-13.497116555566187,1.45396,0.48753,7554.6393
1267,161,0.6185,0.3815,CV,7.8453,7.8078,-10.905649467789422,-10.91409694126354,0.5027,0.15572,744.2314
1267,154,0.6185,0.3815,CV,0.8258,0.8244,-3.3590362090682957,-3.368089005215746,-0.04227,0.03313,8.2447
1267,166,0.6182,0.3818,CV,1.6694,1.6708,-3.8473919840941297,-3.85442428926089,0.01336,-0.07088,10.5339
1267,169,0.6424,0.3576,CV,1.0291,1.0453,-2.6800642306851716,-2.7454996492456116,-0.14518,0.01775,9.3834
1268,155,0.6187,0.3813,CV,6.6842,6.6392,-13.431705771462543,-13.44084425366505,1.14123,0.20492,7587.495
1268,161,0.6184,0.3816,CV,8.6245,8.5789,-11.377480626313943,-11.385535399389557,0.49196,0.53855,729.5902
1268,154,0.6189,0.3811,CV,0.8991,0.9013,-3.158362347261932,-3.1684893516615067,0.01178,-0.03699,8.2119
1268,166,0.6185,0.3815,CV,1.0376,1.041,-3.4214221802186056,-3.430606259130919,0.00653,-0.04418,10.1464
1268,169,0.6353,0.3647,CV,0.4223,0.4185,-2.799539083721554,-2.844511881783677,-0.0353,0.09164,8.9048
1269,155,0.6187,0.3813,CV,11.2071,11.1749,-13.4105063644991,-13.41970166502883,0.8977,-0.12855,7599.4632
1269,161,0.618,0.382,CV,11.7933,11.7461,-11.824072347467762,-11.83063739868417,0.67695,0.02671,706.971
1269,154,0.6187,0.3813,CV,1.6153,1.6185,-4.097137624526328,-4.105858007174035,-0.03527,-0.01444,8.3837
1269,166,0.6185,0.3815,CV,0.9262,0.9263,-3.4499986129407425,-3.4584178281159565,0.05929,-0.00117,9.8555
1269,169,0.629,0.371,CV,0.5449,0.5397,-2.7861734010157893,-2.814712751209112,-0.07539,0.1321,8.3455
1270,155,0.6188,0.3812,CV,9.5615,9.5067,-13.391652999730685,-13.400982291563734,0.60466,-0.24723,7604.397
1270,161,0.6182,0.3818,CV,8.3451,8.2889,-10.913742010831399,-10.921818615564188,0.9709,-0.29528,689.6868
1270,154,0.6188,0.3812,CV,0.3145,0.3158,-3.2156255720657194,-3.22518565445261,-0.03641,-0.0062,8.3563
1270,166,0.6187,0.3813,CV,0.5429,0.5454,-3.318969173227848,-3.328587259619731,0.00238,-0.02009,9.6487
1270,169,0.6254,0.3746,CV,0.3311,0.3348,-2.4218374388696384,-2.444319448702547,-0.00254,0.0859,7.8068
1271,155,0.6188,0.3812,CV,3.434,3.4796,-13.393237383448,-13.402913577777557,0.32051,-0.30064,7652.1209
1271,161,0.619,0.381,CV,11.9175,11.9679,-10.358211902103395,-10.369502629488455,0.66759,-0.29807,689.5253
1271,154,0.6187,0.3813,CV,0.8545,0.8558,-3.2178813019193133,-3.226982154516279,-0.02618,-0.00336,8.2041
1271,166,0.6184,0.3816,CV,1.4078,1.4075,-6.132117268527715,-6.13972608984392,0.0736,0.03477,9.3527
1271,169,0.6205,0.3795,CV,1.5341,1.5308,-4.311107394358139,-4.3179337939746425,0.04528,0.08153,7.5306
1272,155,0.6189,0.3811,CV,3.7813,3.7537,-13.40113507153047,-13.410722220370442,0.12754,-0.31985,7674.8686
1272,161,0.619,0.381,CV,5.5999,5.5941,-10.420748346831983,-10.430454833029337,0.32456,-0.09861,683.818
1272,154,0.6188,0.3812,CV,0.2952,0.293,-3.3994411080994813,-3.408835014488138,-0.01599,-0.00246,8.1377
1272,166,0.6184,0.3816,CV,1.0208,1.019,-3.8871776290823497,-3.895528189943827,0.01084,0.03375,9.0192
1272,169,0.6209,0.3791,CV,1.2097,1.2197,-3.439596940667343,-3.4552656260934693,0.04028,0.01829,7.0236
1273,155,0.6188,0.3812,CV,7.1436,7.1097,-13.401790769387876,-13.411273078794787,0.15752,-0.43805,7673.2007
1273,161,0.6181,0.3819,CV,11.4631,11.4352,-10.130319639253422,-10.1367152425976,0.19518,-0.50192,683.4943
1273,154,0.6187,0.3813,CV,1.081,1.0831,-3.2596100515325706,-3.268772072555893,0.0445,0.02431,8.209
1273,166,0.6188,0.3812,CV,1.0697,1.0733,-3.2823132047866572,-3.292482777967734,-0.06079,0.02031,8.8926
1273,169,0.6193,0.3807,CV,1.2143,1.2144,-3.2327636170141494,-3.2410501581324676,0.0253,-0.00487,6.5413
1274,155,0.6188,0.3812,CV,10.1679,10.1211,-13.421758075324327,-13.4311503002756,0.17132,-0.67578,7656.8603
1274,161,0.6172,0.3828,CV,14.0721,14.019,-10.326040880411327,-10.329651320132184,-0.15818,-0.71789,690.7569
1274,154,0.6184,0.3816,CV,1.1533,1.1515,-4.361442254919448,-4.369089112739781,0.09762,0.02227,8.1261
1274,166,0.6187,0.3813,CV,1.4373,1.4404,-3.41861074806847,-3.427572093993573,0.02396,-0.01806,8.8692
1274,169,0.6188,0.3812,CV,0.9071,0.9062,-2.5367728728818326,-2.5453496251841012,-0.0465,0.01647,6.193
1275,155,0.6188,0.3812,CV,10.156,10.0959,-13.446842137327526,-13.456248601828314,-0.04467,-0.93366,7640.1282
1275,161,0.6181,0.3819,CV,1.4945,1.5316,-10.202188416308726,-10.210948872280614,-0.13338,-0.46718,685.2569
1275,154,0.6188,0.3812,CV,0.7512,0.7554,-3.151995561724214,-3.1619093585064015,0.02571,0.01383,8.1694
1275,166,0.6167,0.3833,CV,2.4206,2.4168,-4.139727893873207,-4.140458736358674,0.0821,-0.07016,9.0105
1275,169,0.6192,0.3808,CV,0.8962,0.9011,-2.847399145520904,-2.8585927437440093,0.00975,-0.018,5.9942
1276,155,0.6189,0.3811,CV,15.3324,15.4024,-13.433319268754884,-13.443005590322187,-0.00054,-0.23109,7708.685
1276,161,0.6183,0.3817,CV,1.9313,1.8939,-10.076166776462383,-10.084418424454329,-0.06028,-0.38641,682.9593
1276,154,0.6185,0.3815,CV,1.4616,1.4626,-4.23857880850787,-4.246545764821819,0.05321,-0.02028,7.9764
1276,166,0.617,0.383,CV,0.8899,0.8791,-3.4555446809674892,-3.4605196367299977,0.07133,-0.06283,9.0533
1276,169,0.619,0.381,CV,0.3479,0.3482,-3.122591010508428,-3.132032331638003,0.01749,0.0015,5.7953
1277,155,0.6186,0.3814,CV,36.9098,36.9244,-13.804656098436405,-13.81310061490648,-0.03284,-1.18724,7574.1315
1277,161,0.6185,0.3815,CV,10.6165,10.6461,-11.150331790685012,-11.159364437435363,-0.11497,-0.0199,668.9895
1277,154,0.6186,0.3814,CV,1.4512,1.4549,-3.3572150281478668,-3.366440156167652,-0.06997,-0.02237,7.9692
1277,166,0.6184,0.3816,CV,1.793,1.8019,-4.154083879482165,-4.164575589526944,0.00031,0.02666,8.8104
1277,169,0.6187,0.3813,CV,0.7942,0.7952,-2.68234545318908,-2.691030617362264,-0.01284,0.0002,5.5214
1278,155,0.6188,0.3812,CV,6.6661,6.564,-13.481963738797111,-13.491567160257214,-0.31971,-0.81202,7525.0731
1278,161,0.6186,0.3814,CV,9.602,9.6202,-10.298555845124113,-10.307359528258248,0.10332,-0.37534,675.5514
1278,154,0.6185,0.3815,CV,0.6964,0.6931,-3.105718711906893,-3.114224417627054,-0.07858,-0.04412,7.9685
1278,166,0.6183,0.3817,CV,1.0474,1.0475,-3.375605086950885,-3.3833274888471663,-0.06589,0.0121,8.8133
1278,169,0.6177,0.3823,CV,1.2844,1.2827,-2.6403376968782117,-2.6452492489483364,-0.01604,-0.05982,5.2369
1278,170,0.7,0.3,CV,13.2665,13.2665,-11.207904648297012,-11.207904648297012,0.0,0.0,685.9342
1279,155,0.619,0.381,CV,14.0356,14.1304,-13.459413697625253,-13.469573397791423,-0.30319,0.1204,7557.885
1279,161,0.6185,0.3815,CV,6.6894,6.6762,-10.482586472510201,-10.491024419940056,-0.23787,-0.35596,682.2037
1279,154,0.618,0.382,CV,1.2631,1.2604,-3.616332720511235,-3.622944509745428,-0.10926,-0.01014,8.0456
1279,166,0.6181,0.3819,CV,0.9722,0.9697,-3.39035191193261,-3.39766189351378,-0.06225,0.02938,8.9518
1279,169,0.6188,0.3812,CV,0.9764,0.9816,-2.5786116605487313,-2.5896346076417736,-0.01203,0.02618,5.1214
1279,170,0.6481,0.3519,CV,6.3257,6.3257,-10.240930300091561,-10.254427536550256,2.45644,-1.35781,923.3906
1280,155,0.6189,0.3811,CV,7.1818,7.1726,-13.468141277370666,-13.477829325816218,-0.34141,0.5332,7548.3972
1280,161,0.6185,0.3815,CV,5.3176,5.3097,-10.067412888788983,-10.076063488723966,0.14564,-0.36429,684.5018
1280,154,0.6185,0.3815,CV,1.4161,1.4203,-3.432351175745593,-3.4414789323775494,0.01564,-0.04925,8.0781
1280,166,0.6184,0.3816,CV,1.0893,1.092,-3.477085908562347,-3.485755921627516,0.02893,-0.00043,9.018
1280,169,0.6189,0.3811,CV,0.2651,0.2667,-2.319408806252126,-2.329205354947028,-0.00769,0.00591,5.0075
1280,170,0.6421,0.3579,CV,7.6806,7.707,-10.153392192233854,-10.219393813659533,-2.7596,0.05438,1338.3429
1281,155,0.6188,0.3812,CV,11.2507,11.2261,-13.529722543227763,-13.538989117597875,-0.38946,0.82846,7558.5347
1281,154,0.6184,0.3816,CV,0.6731,0.6708,-4.12937560514339,-4.1374662112404845,-0.01061,-0.06704,8.0828
1281,166,0.6173,0.3827,CV,2.9831,2.986,-4.563898461252075,-4.567441522439784,-0.06209,-0.11219,8.7012
1281,169,0.6184,0.3816,CV,0.9537,0.9538,-3.3420651383192563,-3.349759096157504,-0.03002,-0.05532,4.8912
1281,170,0.6445,0.3555,CV,8.3102,8.0723,-10.600513334393897,-10.685880565852987,-2.2568,0.76081,1615.6147
1282,155,0.6188,0.3812,CV,10.1659,10.1837,-13.621071821566211,-13.630518246662563,-0.44672,0.5662,7504.588
1282,154,0.6177,0.3823,CV,2.632,2.6356,-5.17345273794956,-5.178631834549169,-0.01232,0.05662,7.762
1282,166,0.6157,0.3843,CV,2.3656,2.3597,-5.336376600649444,-5.335035966339213,0.02821,-0.10349,8.3551
1282,170,0.6475,0.3525,CV,8.3225,8.7484,-10.188706477984335,-10.283572841899211,-0.41703,-2.03723,1691.7853
1282,169,0.6184,0.3816,CV,0.8123,0.8121,-2.3359160773383683,-2.3439719288342333,0.001,-0.05514,4.7086
1283,155,0.6188,0.3812,CV,6.358,6.3296,-13.665470392796163,-13.67488935477139,-0.42935,0.38424,7457.8134
1283,154,0.6186,0.3814,CV,1.9302,1.9372,-3.859656334494577,-3.869787439790698,-0.06206,-0.01849,7.9191
1283,166,0.6188,0.3812,CV,2.0916,2.1032,-4.703868738060575,-4.717728485873817,0.09869,-0.00508,8.5009
1283,161,0.5,0.5,CA,6.1433,6.1327,-11.603718464744258,-11.615904574686608,0.11917,0.01494,769.1946
1283,169,0.6181,0.3819,CV,1.4175,1.4195,-3.364343208903091,-3.3712639530692767,0.03261,-0.03965,4.7384
1283,170,0.6399,0.3601,CV,10.2667,10.2145,-10.488584291493042,-10.545920517446485,1.87019,-2.67899,1683.1456
1284,155,0.6188,0.3812,CV,12.6146,12.5759,-13.770156110811268,-13.779511688152718,-0.46946,0.3052,7386.878
1284,154,0.6189,0.3811,CV,0.5351,0.5389,-3.3280001364696643,-3.338258422701045,-0.00103,-0.00264,7.9258
1284,166,0.6186,0.3814,CV,1.0104,1.0067,-3.791607606045729,-3.800055725969651,0.11404,0.04988,8.4562
1284,169,0.6175,0.3825,CV,1.1132,1.1107,-2.7566586223307823,-2.7618051186651935,0.07784,-0.00202,4.7402
1284,170,0.6352,0.3648,CV,6.1573,6.3227,-10.203598210717072,-10.251531539178096,0.93841,-1.8753,1597.1445
1285,155,0.6188,0.3812,CV,9.7785,9.711,-13.804911020905276,-13.81444231830159,-0.42818,0.10921,7314.8781
1285,154,0.6186,0.3814,CV,1.2485,1.2491,-4.079850406489747,-4.088157599971501,0.06841,0.00313,7.7745
1285,166,0.6183,0.3817,CV,1.5803,1.581,-3.5101032567524797,-3.5175984586662947,0.05286,0.04727,8.5723
1285,169,0.6182,0.3818,CV,0.9002,0.9035,-2.4885239329190827,-2.4973955736397397,-0.00639,-0.01744,4.7051
1285,170,0.6285,0.3715,CV,13.1301,13.1554,-10.79811891547463,-10.82460458026092,0.73786,-0.17559,1527.0675
1286,155,0.6189,0.3811,CV,9.0477,8.9739,-13.714652797412393,-13.724351604813453,-0.26401,-0.05799,7237.0109
1286,154,0.6187,0.3813,CV,0.6181,0.6183,-3.1380176820565873,-3.147392264498397,0.06348,0.00488,7.8024
1286,166,0.6183,0.3817,CV,0.797,0.7944,-3.538108516243015,-3.54615588163759,-0.00344,0.03427,8.6284
1286,169,0.6184,0.3816,CV,0.8102,0.8125,-2.3995003917418636,-2.4082160200241223,-0.02479,-0.01623,4.596
1286,170,0.6242,0.3758,CV,6.6458,6.5109,-10.825263027091435,-10.843333229006513,0.6569,0.15565,1453.395
1287,155,0.6188,0.3812,CV,19.4347,19.3581,-13.652264451283795,-13.661437328998716,-0.02436,-0.39646,7104.9844
1287,154,0.6188,0.3812,CV,0.5513,0.5512,-3.0912384689419095,-3.10082709116699,0.04462,0.0054,7.7083
1287,166,0.6179,0.3821,CV,0.9522,0.9468,-3.67972850526032,-3.686094880600384,-0.01741,0.02221,8.7376
1287,169,0.6179,0.3821,CV,0.984,0.9822,-2.517382575918441,-2.523644607281194,-0.07448,-0.03724,4.5379
1287,170,0.6217,0.3783,CV,27.1406,27.2516,-11.733736299973785,-11.74723631554092,0.43408,-1.16495,1333.4809
1288,155,0.619,0.381,CV,13.2338,13.3197,-13.450492551050907,-13.460939801225422,-0.64499,0.2033,7064.7989
1288,154,0.6188,0.3812,CV,1.041,1.0437,-3.1887126938385726,-3.1981034195158977,-0.02615,0.03171,7.7378
1288,166,0.6186,0.3814,CV,1.3031,1.3094,-3.6059913836532385,-3.6158150337475914,-0.01916,-0.01094,8.5753
1288,169,0.6187,0.3813,CV,1.0701,1.0744,-2.4789341782219054,-2.489037294587277,0.01689,0.02312,4.506
1288,161,0.5,0.5,CA,49.8416,49.8421,-28.502034943162307,-28.503622847824744,-2.25429,0.06096,880.9703
1289,155,0.619,0.381,CV,11.4447,11.4601,-13.376993564439209,-13.386949843425107,-0.42136,0.75043,7029.3516
1289,154,0.6187,0.3813,CV,0.3897,0.3873,-3.0633047485104643,-3.0723406835863925,-0.03397,0.02901,7.7501
1289,166,0.6177,0.3823,CV,1.962,1.9615,-4.269050284170163,-4.274194998866933,-0.01743,0.01218,8.2818
1289,169,0.6187,0.3813,CV,0.3789,0.3774,-2.3114631948079394,-2.320518659488768,0.03147,0.0295,4.4769
1289,161,0.577,0.423,CV,14.5178,14.5545,-28.23458916448447,-28.242975842056843,-1.496,-0.37293,800.3141
1290,155,0.6189,0.3811,CV,11.2404,11.2321,-13.250528854390373,-13.260113541338955,0.32547,0.88021,6978.3324
1290,154,0.6184,0.3816,CV,0.8441,0.8422,-3.296508627026376,-3.3043348927908642,-0.02529,0.0202,7.8404
1290,166,0.6188,0.3812,CV,1.0406,1.0471,-3.706763057510447,-3.7178430374173415,-0.04328,0.01328,8.3713
1290,169,0.6185,0.3815,CV,1.0016,1.0033,-2.4719377343061915,-2.48038118819898,-0.02643,0.02184,4.5276
1290,161,0.6047,0.3953,CV,2.8132,2.8768,-21.449230291789405,-21.46085672212498,-0.83576,-0.1973,804.6288
1291,155,0.6187,0.3813,CV,14.7593,14.7114,-13.202941352665635,-13.211918314021123,0.87939,1.05306,6946.4823
1291,154,0.6184,0.3816,CV,0.4628,0.4612,-3.1609385161825494,-3.1693807110949934,-0.01543,-0.0116,7.8891
1291,166,0.6182,0.3818,CV,1.8851,1.8862,-3.731572312496767,-3.738280999974137,-0.01239,0.00949,8.6403
1291,161,0.6146,0.3854,CV,5.0102,5.0492,-19.748292163045967,-19.760737955387235,-0.09128,-0.06372,809.6669
1291,169,0.6186,0.3814,CV,1.0799,1.0826,-2.6636840103857438,-2.672624971094879,0.04431,-0.01189,4.4659
1292,155,0.6185,0.3815,CV,17.6827,17.6004,-13.239592368932577,-13.247949100506535,1.24591,1.1904,6942.208
1292,154,0.6185,0.3815,CV,1.4669,1.4703,-3.4717379150571817,-3.4804053599162152,-0.0077,0.00981,7.6932
1292,166,0.6186,0.3814,CV,0.4356,0.4376,-3.297369287202123,-3.306655574671814,0.02036,0.00564,8.6439
1292,161,0.6176,0.3824,CV,9.6276,9.622,-19.211955188573832,-19.222547729587802,0.53062,-0.37969,804.1241
1292,169,0.6179,0.3821,CV,1.3605,1.3606,-3.1896841351877008,-3.195659340617989,-0.00815,-0.07002,4.3429
1293,155,0.6187,0.3813,CV,12.815,12.8683,-13.20758781752719,-13.217029329051526,0.93871,0.64775,6851.9764
1293,154,0.6182,0.3818,CV,1.8517,1.8548,-3.6341582143606286,-3.6415077502121527,-0.00268,0.03602,7.9145
1293,166,0.6186,0.3814,CV,0.1433,0.1447,-3.2485184078198994,-3.2574962377800434,0.01914,0.00277,8.6261
1293,169,0.6187,0.3813,CV,0.8861,0.89,-2.6744504700637526,-2.684881376755066,-0.04434,-0.0048,4.3585
1293,161,0.6187,0.3813,CV,10.7838,10.8121,-14.452960828429887,-14.463714099144166,0.50372,-0.07718,816.7789
1294,155,0.6188,0.3812,CV,7.0798,7.0751,-13.163166573896197,-13.172580966132994,0.42662,0.5537,6778.846
1294,154,0.6186,0.3814,CV,1.1695,1.1733,-3.9554619141893146,-3.964868049291451,0.05076,0.00679,7.8586
1294,166,0.6182,0.3818,CV,1.3597,1.3597,-3.7133119987793957,-3.7205211773186733,-0.06205,0.02523,8.756
1294,161,0.619,0.381,CV,5.968,5.9659,-15.702971872804012,-15.7132427745109,0.56529,-0.25731,812.0634
1294,169,0.6184,0.3816,CV,0.8024,0.8005,-2.3181661134687905,-2.3258939047983196,-0.06725,-0.01542,4.2829
1295,155,0.6188,0.3812,CV,13.8733,13.8488,-13.235464625657814,-13.244865320050792,0.20081,0.25236,6680.8085
1295,154,0.6177,0.3823,CV,1.9733,1.9733,-4.814744081121228,-4.819847350736483,0.04604,-0.00156,8.117
1295,166,0.6186,0.3814,CV,1.405,1.4093,-3.5299380896629966,-3.539169442624938,-0.01464,-0.00277,8.6145
1295,161,0.6189,0.3811,CV,5.9548,5.944,-13.58952772226114,-13.598889336274922,0.57167,0.02602,814.7109
1295,169,0.6159,0.3841,CV,3.2487,3.2525,-5.891206037988667,-5.888917139632074,0.0476,0.03717,4.5179
1296,155,0.6189,0.3811,CV,4.1614,4.1031,-13.238364688504065,-13.248216587563345,0.01551,0.30325,6611.3704
1296,154,0.6185,0.3815,CV,0.9202,0.9259,-3.358453020347205,-3.368240858787593,0.03233,-0.02798,8.0889
1296,166,0.6186,0.3814,CV,0.7253,0.724,-3.4235772376974016,-3.432340440452804,0.02511,0.01814,8.5547
1296,169,0.6186,0.3814,CV,1.073,1.0824,-2.8577664873958417,-2.8704242542756404,0.01836,0.01815,4.4299
1296,161,0.6188,0.3812,CV,3.7534,3.735,-13.36438331774382,-13.373703735983344,0.53495,-0.14009,813.3419
1297,155,0.619,0.381,CV,5.5417,5.4904,-13.360025447893426,-13.36997026994796,-0.13605,0.20038,6531.588
1297,154,0.6184,0.3816,CV,0.8771,0.8778,-4.270095147393422,-4.278412848547541,-0.02989,-0.02553,8.1726
1297,166,0.6187,0.3813,CV,0.504,0.5015,-3.3310913073320894,-3.34039955508824,0.02471,0.04364,8.5501
1297,169,0.6182,0.3818,CV,0.876,0.8755,-2.5481332571379145,-2.5553645490167165,0.03268,0.05986,4.3611
1297,161,0.6187,0.3813,CV,2.6066,2.5788,-12.62091910973703,-12.630074844823381,0.48745,-0.11721,811.5478
1298,155,0.619,0.381,CV,7.8483,7.8065,-13.622962455560764,-13.632895496962503,-0.23363,-0.14485,6434.906
1298,154,0.6184,0.3816,CV,1.517,1.5194,-4.341139023830886,-4.349476703815744,0.01515,-0.01792,8.0448
1298,166,0.6189,0.3811,CV,1.0036,1.0075,-3.346471105831487,-3.3564593399657863,-0.01145,-0.01935,8.6504
1298,161,0.6178,0.3822,CV,18.3552,18.3497,-10.975969541935868,-10.98138965795054,0.55501,0.24082,835.9054
1298,169,0.6184,0.3816,CV,0.2807,0.2773,-2.136520280879359,-2.145283851466297,0.02623,0.05133,4.3532
1299,155,0.619,0.381,CV,5.7892,5.7749,-13.548857897614406,-13.558916620338966,-0.56256,-0.04053,6356.0947
1299,154,0.6185,0.3815,CV,0.5193,0.5152,-3.177732397246909,-3.186588279344671,0.01937,-0.0107,7.9969
1299,166,0.6189,0.3811,CV,0.6079,0.6081,-3.3850999740109793,-3.3945889090709525,-0.01797,-0.02926,8.5849
1299,169,0.6189,0.3811,CV,0.5004,0.5032,-2.188960566088319,-2.1991114435114842,-0.01058,0.00593,4.3484
1299,161,0.6169,0.3831,CV,17.6382,17.5783,-11.428905118541262,-11.431865660779467,1.14973,-0.01479,858.8744
1300,155,0.619,0.381,CV,6.0652,6.0313,-13.636024671543579,-13.64600468381295,-0.52777,-0.34231,6264.0957
1300,154,0.619,0.381,CV,0.5712,0.5756,-3.124505077604862,-3.13497564819608,0.01351,-0.00544,8.1023
1300,166,0.6189,0.3811,CV,0.3735,0.3732,-3.272513762883738,-3.2820594395660967,0.01093,-0.02393,8.5368
1300,161,0.6171,0.3829,CV,16.6165,16.594,-13.03707724535722,-13.042202283770935,1.52718,-0.3495,855.983
1300,169,0.6185,0.3815,CV,0.9507,0.9502,-2.5184430547595116,-2.5263346193003935,-0.01636,-0.03551,4.2619
1301,155,0.619,0.381,CV,3.5767,3.5314,-13.635775768645852,-13.645773442094796,-0.44377,-0.23313,6167.31
1301,154,0.6186,0.3814,CV,1.2585,1.2592,-3.4015933153952034,-3.409848428382675,-0.04446,-0.02784,8.2637
1301,166,0.618,0.382,CV,2.23,2.2318,-4.000222111309302,-4.005993210735752,-0.01306,0.00823,8.8401
1301,161,0.6171,0.3829,CV,14.5192,14.4627,-14.348659058689229,-14.353107643784494,1.59539,-0.59844,851.8481
1302,155,0.619,0.381,CV,4.6024,4.5791,-13.516385076986882,-13.526397114698735,-0.26221,0.00924,6064.4958
1302,154,0.6188,0.3812,CV,0.7154,0.7198,-3.262561127818402,-3.2724823386928383,0.00539,0.00149,8.2298
1302,166,0.6187,0.3813,CV,0.7558,0.7626,-3.3973477222820003,-3.407379973183685,0.00749,0.0127,8.7925
1302,161,0.6165,0.3835,CV,16.7996,16.7173,-12.857561596426702,-12.859973264538965,2.02059,-0.2866,851.1078
1302,169,0.5,0.5,CA,1.4814,1.4844,-3.555521208579265,-3.566558931007602,-0.0348,0.02677,4.67
1303,155,0.619,0.381,CV,4.2892,4.2622,-13.50703472577705,-13.51706065181099,-0.06677,0.13225,5959.8539
1303,154,0.6188,0.3812,CV,0.3714,0.3715,-3.1532702721354107,-3.162494706608107,0.01359,-0.01735,8.2118
1303,166,0.6186,0.3814,CV,0.7591,0.7601,-3.363012265864805,-3.3716940242400653,-0.04184,0.00888,8.747
1303,161,0.6172,0.3828,CV,23.8335,23.8615,-11.736318714295754,-11.742365018470288,1.34598,0.76567,886.6073
1303,169,0.5771,0.4229,CV,0.7596,0.76,-2.4693110012020347,-2.477914792019342,-0.00398,-0.02674,4.5577
1304,155,0.6189,0.3811,CV,18.4164,18.3868,-13.821077051253337,-13.830516346549768,0.23252,-0.39775,5801.7912
1304,154,0.6187,0.3813,CV,0.7255,0.726,-3.208462507116638,-3.217523717074762,-0.04139,-0.01496,8.2245
1304,166,0.6185,0.3815,CV,0.983,0.983,-3.346280340470639,-3.35482875801547,-0.01572,0.03059,8.6516
1304,161,0.6038,0.3962,CV,73.6037,73.574,-19.05266999122529,-19.001196907940198,5.28655,-0.37947,841.1265
1304,169,0.6042,0.3958,CV,1.0355,1.0372,-2.531577831417427,-2.540790271354997,0.03559,-0.06419,4.4932
1305,155,0.6187,0.3813,CV,21.0039,20.9132,-14.074350903411085,-14.083095261692941,0.42491,-0.85287,5621.6371
1305,154,0.6187,0.3813,CV,0.9704,0.9709,-3.3568001045894853,-3.365728206570932,0.01175,-0.00841,8.1283
1305,166,0.6175,0.3825,CV,1.9826,1.9802,-4.038776836044801,-4.042937264149768,0.02262,-0.03282,8.3921
1305,161,0.6001,0.3999,CV,35.3684,35.0683,-15.664662486393455,-15.61750955606007,6.13598,-0.71616,820.8381
1306,155,0.619,0.381,CV,4.0196,3.8803,-13.835473604299677,-13.845981483968744,0.34334,-0.61188,5484.4277
1306,154,0.6185,0.3815,CV,1.0463,1.045,-3.874576677974779,-3.882839326323639,0.07412,0.02494,8.0817
1306,166,0.618,0.382,CV,3.3048,3.3138,-5.021315464138336,-5.029188013583911,-0.00557,-0.06197,8.7785
1306,161,0.5916,0.4084,CV,41.3445,40.9945,-14.000021767601616,-13.923127200003927,7.98395,-1.11173,811.0232
1307,155,0.6178,0.3822,CV,42.1479,42.0484,-16.07294529540557,-16.07760906571088,0.5373,-1.80766,5213.3578
1307,154,0.6189,0.3811,CV,0.5317,0.5353,-3.1187909310756456,-3.129243051262615,0.00889,-0.0013,8.0592
1307,161,0.604,0.396,CV,12.9052,12.4576,-11.343782530527053,-11.330848411094564,6.35205,-1.01792,801.3399
1308,155,0.6186,0.3814,CV,29.9026,29.9499,-18.738649303979013,-18.748880023563764,-2.23612,-1.07867,5050.8543
1308,154,0.6189,0.3811,CV,0.4756,0.4757,-3.098017759333917,-3.107821375515067,-0.00916,-0.03207,8.0322
1308,161,0.6046,0.3954,CV,24.7594,24.4676,-11.358146343360628,-11.329842387851999,6.48657,-0.32717,796.6071
1309,155,0.619,0.381,CV,29.077,29.1451,-18.12789614223483,-18.13835720167593,-2.34289,0.18687,4964.5101
1309,154,0.6188,0.3812,CV,0.8822,0.8823,-3.234855021581335,-3.243899862756059,-0.06559,-0.0002,8.0018
1309,161,0.5827,0.4173,CV,50.9693,50.6738,-16.04711001012145,-15.926665978186586,8.7638,-1.30776,741.5148
1310,155,0.6168,0.3832,CV,61.282,61.2362,-16.748307096659687,-16.749009792382267,-1.71372,2.06745,4994.1416
1310,154,0.6185,0.3815,CV,0.9643,0.9638,-3.2542396646112457,-3.262624665879943,-0.05825,0.03416,8.0764
1310,161,0.5681,0.4319,CV,36.4635,35.9618,-18.88545953941128,-18.73767615859032,10.53087,-1.54476,699.1027
1311,155,0.6168,0.3832,CV,26.537,26.2741,-16.261248502179228,-16.265315911321576,-1.02847,1.98898,4966.4096
1311,154,0.6184,0.3816,CV,0.6372,0.6341,-3.2521483616942786,-3.26036014667354,-0.03948,0.05802,8.1079
1311,161,0.5833,0.4167,CV,16.8828,16.288,-27.55039251405001,-27.486052708971954,9.81297,-1.16357,663.3368
1312,155,0.6179,0.3821,CV,10.6197,10.5906,-16.0141330867255,-16.0224474811775,0.01218,1.25381,4886.8791
1312,154,0.6187,0.3813,CV,0.7041,0.7074,-3.205052009057928,-3.21458812155237,-0.02284,0.02172,8.0015
1312,161,0.6114,0.3886,CV,4.526,4.8038,-26.390762389960464,-26.42106056753924,5.53239,-0.37288,618.5162
1313,155,0.6183,0.3817,CV,54.1021,54.2487,-18.982376525782772,-18.990915103007012,1.25502,-0.74515,4655.4377
1313,154,0.6188,0.3812,CV,0.2449,0.2444,-3.0659618135750355,-3.0753096442481476,-0.01091,0.00775,7.9508
1313,161,0.6134,0.3866,CV,11.5756,11.4064,-10.157958300728327,-10.155678706562014,4.97158,0.02154,575.808
1314,155,0.618,0.382,CV,23.6509,23.5385,-17.31481218748179,-17.321782736291258,2.07511,-1.02148,4519.9279
1314,154,0.6184,0.3816,CV,1.4332,1.4347,-3.4894663941273123,-3.4972648496154575,-0.00337,0.00246,8.1409
1314,161,0.6179,0.3821,CV,17.4555,17.5259,-11.494756043865102,-11.508337305061701,2.52066,0.81957,547.2029
1314,171,0.7,0.3,CV,23.8449,23.8449,-22.27546207456663,-22.27546207456663,0.0,0.0,226.1836
1315,155,0.6189,0.3811,CV,9.1704,9.2678,-16.773120738870137,-16.784221306651265,1.37854,-0.16851,4454.6206
1315,154,0.6185,0.3815,CV,0.9135,0.9148,-3.7428556042162784,-3.751588018761767,0.05033,0.02485,8.1399
1315,161,0.6186,0.3814,CV,10.0327,10.0197,-12.874947000169392,-12.884810428847755,0.93185,1.10904,513.6037
1315,171,0.637,0.363,CV,29.0519,29.0519,-53.58222817469223,-53.547467172719976,15.38381,1.27212,310.7749
1316,155,0.619,0.381,CV,21.4858,21.532,-16.09546940288011,-16.105505856116928,0.59018,0.6642,4421.2139
1316,154,0.6185,0.3815,CV,0.9236,0.9242,-3.569358268157422,-3.5779750660787846,0.0486,0.02181,8.0138
1316,161,0.6202,0.3798,CV,15.209,15.2912,-12.15562496870561,-12.171238054597023,0.82649,-0.08582,464.2336
1316,171,0.5339,0.4661,CV,33.825,33.4254,-70.46922192540421,-70.10312311193927,38.82442,-1.2482,519.5297
1316,172,0.7,0.3,CV,7.0305,7.0305,-8.024217855419026,-8.024217855419026,0.0,0.0,82.3329
1317,155,0.6174,0.3826,CV,46.3839,46.3187,-14.776818894644935,-14.780084644548097,0.27819,1.77323,4470.579
1317,154,0.6186,0.3814,CV,0.6032,0.6038,-3.2824929635834126,-3.2915893197416843,0.03435,0.03981,8.0772
1317,161,0.6199,0.3801,CV,9.7967,9.83,-17.210453191448586,-17.22225904863341,0.23071,0.19563,439.1195
1317,171,0.2825,0.7175,CA,44.6045,42.9005,-105.99332739370355,-104.71004934940686,79.73172,2.83173,877.6364
1317,172,0.6451,0.3549,CV,10.0288,10.0288,-13.441363057229236,-13.441682795596865,3.2224,1.77205,107.0863
1318,155,0.6164,0.3836,CV,38.9213,38.7054,-13.85334991351099,-13.854663083872122,0.30552,2.15802,4532.1227
1318,154,0.6186,0.3814,CV,1.0656,1.0662,-3.262451079310763,-3.2711278819404357,-0.0317,0.05721,8.0171
1318,161,0.6111,0.3889,CV,32.1528,32.186,-13.854754135864873,-13.82988868913501,-0.98034,-1.20565,380.6734
1318,171,0.0332,0.9668,CA,80.0422,76.7192,-79.79386352864158,-76.42785759577816,208.09058,11.5794,1300.2171
1318,172,0.6337,0.3663,CV,7.8181,7.8431,-10.213418887843769,-10.247335647349153,3.19755,4.57591,159.1307
1318,166,0.5,0.5,CA,28.5207,28.5207,-21.610471008063797,-21.58101450309484,-0.43522,-0.01224,9.0737
1319,155,0.618,0.382,CV,8.822,9.0483,-14.136190260484948,-14.145748761853582,0.4034,1.15583,4472.6178
1319,154,0.6188,0.3812,CV,0.4152,0.4153,-3.0497321637625583,-3.0593393231703563,-0.036,0.01423,7.9753
1319,161,0.6118,0.3882,CV,14.7294,14.7027,-9.420691547283193,-9.412179371410081,-2.37656,-0.63656,346.1531
1319,171,0.4341,0.5659,CA,6.6378,7.2153,-63.58488039723024,-63.677153304938614,199.00871,12.08692,1276.7786
1319,166,0.5813,0.4187,CV,2.0652,2.0842,-8.34396293916478,-8.369800321111448,-0.05686,0.111,8.6332
1319,172,0.6251,0.3749,CV,7.627,7.4259,-12.320934526138906,-12.33503695995811,-0.14431,6.86718,197.9468
1320,155,0.6185,0.3815,CV,29.639,29.7598,-15.285010041209844,-15.29452687407786,0.43741,-0.05289,4351.7228
1320,154,0.6188,0.3812,CV,0.7125,0.7144,-3.144578212948197,-3.1541293017735725,-0.02555,-0.00197,8.0634
1320,161,0.6049,0.3951,CV,25.1277,25.0991,-13.342607932323656,-13.30380108299033,-3.09482,0.34457,326.8138
1320,171,0.6292,0.3708,CV,3.4342,9.0474,-66.40016198811999,-66.72023449972922,118.17625,8.35701,1330.3538
1320,166,0.6034,0.3966,CV,2.241,2.2398,-8.400992311200385,-8.400753373758775,0.24928,0.17589,8.3519
1320,172,0.6325,0.3675,CV,6.1386,6.0962,-13.533446621101547,-13.591805440230086,-2.72725,2.60689,216.2574
1321,155,0.6185,0.3815,CV,18.0438,18.0082,-15.414251384519748,-15.422781926620853,0.58656,-0.62333,4272.6737
1321,154,0.6179,0.3821,CV,1.9977,1.9979,-4.425414512554431,-4.430928032215432,0.08444,-0.05739,8.2142
1321,161,0.5995,0.4005,CV,19.013,18.8322,-10.37429380047171,-10.323140255987093,-3.4429,0.51469,305.501
1321,171,0.6625,0.3375,CV,2.5432,4.4252,-47.914628540334064,-48.098607524971186,56.96732,3.5683,1214.8158
1321,166,0.61,0.39,CV,2.1811,2.1755,-6.149691663689081,-6.144896891544217,0.45684,0.07489,7.7205
1322,155,0.6186,0.3814,CV,14.1938,14.1025,-15.484383570977565,-15.493381273116736,0.59671,-0.70186,4196.3693
1322,154,0.6183,0.3817,CV,1.2973,1.2997,-3.416958844369919,-3.425585643685518,0.08558,-0.0309,8.0641
1322,161,0.5992,0.4008,CV,16.2073,16.0095,-9.645787208761277,-9.60128462377522,-3.51367,0.52213,286.6031
1322,171,0.6612,0.3388,CV,4.7341,5.4514,-29.771579587564855,-29.90006833647685,24.86208,0.95176,1039.5101
1322,172,0.5,0.5,CA,3.3596,3.5742,-8.976170125803735,-9.056004427091443,-0.10743,0.29967,229.3431
1322,166,0.6109,0.3891,CV,1.58,1.559,-3.9913345466592416,-3.9804880392947233,0.46904,0.03344,7.2834
1323,155,0.6189,0.3811,CV,5.9185,5.8112,-14.959931834236924,-14.970139400139589,0.53097,-0.43411,4127.512
1323,161,0.6024,0.3976,CV,12.5738,12.381,-9.085839491625475,-9.055319711007161,-3.29557,0.48649,270.3221
1323,171,0.6516,0.3484,CV,5.1599,5.843,-19.254611661745713,-19.342347961650088,7.36557,-0.22209,888.0497
1323,166,0.6097,0.3903,CV,1.9785,1.9594,-5.748383479732974,-5.730898605211829,0.42103,0.13549,6.9661
1323,172,0.5792,0.4208,CV,6.3329,6.2761,-7.904709862249038,-7.922062173594591,0.03482,1.32482,218.126
1323,154,0.6183,0.3817,CV,1.3119,1.3127,-3.640864258354325,-3.649023065363469,0.00458,-0.01788,7.8861
1324,155,0.619,0.381,CV,9.7838,9.6945,-15.511022391946499,-15.521051451948477,0.56928,-0.59515,4039.0217
1324,154,0.6189,0.3811,CV,0.4811,0.4858,-3.1836294836152264,-3.1942026935302588,-0.01546,-0.01126,7.9194
1324,161,0.6196,0.3804,CV,24.7189,24.8971,-24.41783593084042,-24.454957148141897,0.43016,0.12203,249.17
1324,171,0.6267,0.3733,CV,19.2994,19.5349,-10.316915838230909,-10.31106993681982,-10.13632,-0.84484,781.2076
1324,166,0.6117,0.3883,CV,1.4358,1.4166,-3.3882268696176134,-3.3811991505987544,0.39345,0.07354,6.5428
1324,172,0.6059,0.3941,CV,4.6938,4.5909,-7.617551702478415,-7.630933595713373,0.03875,1.58282,209.627
1324,174,0.7,0.3,CV,0.7508,0.7508,-4.150372339750609,-4.150372339750609,0.0,0.0,8.3822
1325,155,0.6192,0.3808,CV,4.0001,3.9202,-15.23187308894893,-15.242485491223682,0.5798,-0.43925,3956.4097
1325,154,0.6186,0.3814,CV,1.2715,1.2721,-3.9923149239793654,-4.000609482276497,-0.06998,-0.00757,8.0379
1325,161,0.6199,0.3801,CV,2.9187,2.9328,-14.685294030835006,-14.698066909195287,0.03672,0.23259,232.0457
1325,171,0.6309,0.3691,CV,9.8345,10.2805,-11.296592703432944,-11.345946875168679,-1.8275,0.16094,698.6007
1325,166,0.6151,0.3849,CV,0.6207,0.6005,-2.7210687232109843,-2.725288068245742,0.28956,0.06474,6.1996
1325,172,0.5696,0.4304,CV,39.4487,39.4381,-60.205548572055434,-60.02983933712024,4.76738,1.23171,203.7439
1325,174,0.6483,0.3517,CV,0.786,0.786,-3.5336337196908074,-3.5479458431479496,0.11362,-0.37874,11.3207
1326,155,0.6193,0.3807,CV,8.6303,8.6846,-14.285177539071306,-14.29598209803084,0.48482,0.10221,3897.8408
1326,154,0.6185,0.3815,CV,0.4652,0.4608,-3.69304872954877,-3.701615208255814,-0.06192,-0.00544,8.0785
1326,161,0.6185,0.3815,CV,8.5803,8.5802,-15.156902835178318,-15.16344025231123,-0.63599,0.40917,219.3725
1326,171,0.6254,0.3746,CV,6.4907,6.4485,-10.253152836739476,-10.272492399487534,-2.08887,0.35546,632.8758
1326,166,0.6146,0.3854,CV,1.3268,1.3136,-4.200539808151728,-4.197589313213047,0.26057,0.03719,6.0088
1326,172,0.5805,0.4195,CV,15.9726,15.7543,-63.134779635047934,-63.05685984299643,4.76745,0.57573,193.9756
1326,174,0.6426,0.3574,CV,0.9082,0.904,-3.5147655016268216,-3.582574910056041,0.46875,-0.42501,16.4205
1327,155,0.6192,0.3808,CV,10.4662,10.4621,-15.361994083861468,-15.37222363708279,0.33243,-0.3105,3790.787
1327,154,0.6186,0.3814,CV,1.561,1.565,-3.4967315589587926,-3.5057959060873793,0.01022,-0.00418,7.8655
1327,161,0.615,0.385,CV,11.1918,11.148,-16.137914915666926,-16.131845357134026,-1.15653,0.51287,209.1632
1327,171,0.6157,0.3843,CV,26.8859,26.8505,-22.034668473718373,-22.02101825530786,-3.63208,-0.06906,552.714
1327,166,0.6171,0.3829,CV,0.7656,0.7632,-2.6088977782849962,-2.6173236030436677,0.18373,-0.01508,5.7254
1327,172,0.5956,0.4044,CV,16.7085,16.6335,-36.133162330448435,-36.10139817538778,3.59909,0.98831,198.046
1327,174,0.6451,0.3549,CV,1.2333,1.2248,-3.692921566771249,-3.780008086803403,0.05637,0.34044,19.7394
1327,176,0.7,0.3,CV,4.6423,4.6423,-9.843008144703068,-9.843008144703068,0.0,0.0,385.0035
1328,155,0.6191,0.3809,CV,5.4593,5.4635,-14.7467510447695,-14.757062033389577,0.56505,-0.14085,3711.2331
1328,154,0.6187,0.3813,CV,1.1043,1.1077,-3.6909949240045217,-3.700386498539423,0.02154,-0.00334,7.9708
1328,161,0.6146,0.3854,CV,8.7183,8.6619,-12.160241688756322,-12.157228046647727,-1.39944,0.26131,196.1397
1328,171,0.6137,0.3863,CV,14.4004,14.2977,-11.347623602889367,-11.339981529993084,-4.1119,0.51554,512.9718
1328,166,0.0,1.0,CA,150.8369,150.8464,-6724.030523479326,-6678.7754329203835,-11.2102,-0.13679,6.056
1328,172,0.6152,0.3848,CV,14.1803,14.3071,-53.827453639655175,-53.85604430879195,1.85978,0.10087,186.1611
1328,174,0.6364,0.3636,CV,1.8106,1.7617,-4.251578934624856,-4.297042680590255,-0.02502,-0.10319,21.3096
1328,176,0.6482,0.3518,CV,6.5572,6.5572,-9.083096390197806,-9.097035230107332,-1.22575,1.11421,513.458
1329,155,0.6191,0.3809,CV,5.8706,5.8745,-14.33556295784074,-14.345727628268502,0.4975,0.16309,3643.3739
1329,154,0.6182,0.3818,CV,1.2143,1.2124,-3.6867938034420815,-3.6938112766987787,0.01791,0.02189,8.1555
1329,161,0.6125,0.3875,CV,9.8846,9.8081,-12.040838156801065,-12.0298754313577,-1.62435,0.21725,186.3335
1329,171,0.6103,0.3897,CV,13.0699,12.8501,-10.994857342723625,-10.975884941611678,-4.30995,0.46604,475.4833
1329,172,0.6202,0.3798,CV,6.615,6.7074,-38.13923002189317,-38.15968722196409,0.43,0.01248,180.9388
1329,176,0.6438,0.3562,CV,5.8094,5.7757,-9.235142499277528,-9.308418315463973,-1.05907,-3.55056,732.4481
1329,174,0.6356,0.3644,CV,1.0759,1.0575,-3.9022303982610396,-3.957355055953863,0.1081,0.30196,21.38
1330,155,0.6189,0.3811,CV,13.5468,13.5311,-13.586196100344266,-13.595420839151585,0.46349,0.47261,3600.9935
1330,154,0.6186,0.3814,CV,0.4656,0.4706,-3.529399744621109,-3.5389342252807428,0.01189,-0.00383,8.1218
1330,161,0.6113,0.3887,CV,10.0723,9.9879,-13.047966668259914,-13.034982477038811,-1.64219,0.27495,180.0353
1330,171,0.6098,0.3902,CV,13.1124,12.9245,-12.084771009741615,-12.068676573854898,-3.84021,0.26901,436.3763
1330,172,0.6198,0.3802,CV,4.8262,4.8479,-25.86170038359117,-25.873488185423184,-0.0866,0.0555,178.8552
1330,174,0.6348,0.3652,CV,2.7955,2.8503,-4.685540737312202,-4.738574902639055,0.17624,-0.16144,20.094
1330,176,0.6517,0.3483,CV,4.4414,4.5352,-9.150858054792097,-9.264906140018473,3.48747,-1.32734,858.3236
1331,155,0.6189,0.3811,CV,4.7592,4.7982,-13.899752367281598,-13.909644323861922,0.43153,0.09281,3522.2622
1331,161,0.6123,0.3877,CV,7.4801,7.3851,-12.253840876047402,-12.246853116529653,-1.50717,0.2427,173.7159
1331,171,0.6098,0.3902,CV,11.8766,11.6911,-11.952213916443075,-11.936782960955094,-3.44747,-0.00093,403.8997
1331,172,0.6187,0.3813,CV,7.6037,7.6055,-46.95191510784623,-46.959200322439536,-0.3855,-0.20228,171.8788
1331,174,0.6277,0.3723,CV,1.6793,1.6736,-4.249542892958791,-4.27305543168901,0.03504,-0.0063,18.5949
1331,176,0.6471,0.3529,CV,9.6404,9.5986,-12.364934332379946,-12.44716348348836,-0.75729,-3.83529,871.0645
1331,154,0.6157,0.3843,CV,3.652,3.651,-7.583446391438633,-7.580045132897136,-0.12789,-0.03077,8.5289
1332,155,0.6185,0.3815,CV,31.3417,31.3606,-17.096961035058797,-17.10469436638408,0.22338,-0.91865,3367.7009
1332,161,0.6138,0.3862,CV,5.87,5.7841,-11.72573318374052,-11.723710251183029,-1.33642,0.22144,167.2573
1332,171,0.6174,0.3826,CV,15.488,15.5848,-9.645777858740294,-9.662530767295525,-0.73569,0.0391,371.1789
1332,172,0.6185,0.3815,CV,4.38,4.3686,-36.78771701417301,-36.7959335134423,-0.0977,-0.2332,166.0138
1332,174,0.6227,0.3773,CV,1.5278,1.5084,-5.039567351922339,-5.052213146995296,0.05512,0.13601,17.0185
1332,176,0.6454,0.3546,CV,8.0201,8.2976,-9.737502759090505,-9.81923448389048,1.0358,1.31002,834.9459
1332,177,0.7,0.3,CV,1.838,1.838,-3.524040612557425,-3.524040612557425,0.0,0.0,3.327
1333,155,0.6188,0.3812,CV,7.0075,6.8961,-16.19383670121293,-16.203576904626843,0.11091,-0.82614,3267.2174
1333,161,0.6151,0.3849,CV,5.3781,5.3123,-10.93458726510675,-10.935583574342406,-1.2094,0.20444,160.2341
1333,171,0.6129,0.3871,CV,19.5165,19.4899,-10.607603323184858,-10.59404799076493,-2.37489,-0.38524,349.0949
1333,172,0.6159,0.3841,CV,10.3186,10.2947,-41.13669469417671,-41.13443744379636,-0.63883,-0.39253,158.8068
1333,174,0.6226,0.3774,CV,1.3805,1.3893,-3.8540752497333206,-3.8739437906285668,-0.10532,0.1517,15.7826
1333,176,0.6384,0.3616,CV,5.7158,5.8579,-9.729576923773918,-9.783435235644085,0.09238,0.62388,779.3265
1333,177,0.6476,0.3524,CV,0.9059,0.9059,-2.779618933656724,-2.7908392026681894,0.24634,0.3211,4.4723
1334,155,0.619,0.381,CV,30.8831,30.9796,-13.493025413922869,-13.503131545599222,0.08488,0.60424,3257.9683
1334,161,0.615,0.385,CV,6.2616,6.197,-10.377537184318811,-10.3763234427142,-1.19325,0.24668,155.0116
1334,171,0.6046,0.3954,CV,22.1095,21.9882,-11.685974232740056,-11.644446775531344,-3.40404,-0.68241,330.5695
1334,172,0.6156,0.3844,CV,6.3763,6.322,-40.82406164747663,-40.82413746599622,-0.55746,-0.40353,151.7727
1334,174,0.6219,0.3781,CV,0.4304,0.4433,-3.5966294460472,-3.6135094655531947,-0.06024,0.05989,14.6551
1334,177,0.6393,0.3607,CV,0.8591,0.8565,-2.2114363393840537,-2.266082384118532,-0.02827,0.36325,6.5456
1334,154,0.5,0.5,CA,3.9021,3.9089,-5.709244569578152,-5.716375835628377,0.01498,0.02391,9.0062
1334,176,0.6314,0.3686,CV,3.7657,3.7633,-9.97387916661479,-10.008099275678582,0.07581,0.8319,710.5045
1335,155,0.6184,0.3816,CV,18.8554,18.7845,-12.9833780063395,-12.991067419986171,0.2194,0.90532,3234.2389
1335,161,0.6152,0.3848,CV,5.8913,5.8304,-9.647136976993803,-9.647153392508717,-1.18131,0.19805,148.8855
1335,171,0.6036,0.3964,CV,17.2691,17.1006,-9.894017887559095,-9.860205431610638,-3.4509,-0.81041,317.6723
1335,172,0.616,0.384,CV,5.0477,4.9888,-36.48290610882022,-36.48505131391402,-0.56981,-0.43663,145.6684
1335,174,0.6201,0.3799,CV,0.854,0.8483,-3.4534526269928616,-3.4639808695052405,-0.06454,0.08194,13.5464
1335,177,0.6449,0.3551,CV,0.424,0.418,-2.2764669402450632,-2.367431263116282,-0.0769,-0.04314,7.9001
1335,154,0.5771,0.4229,CV,0.525,0.517,-4.004559653360594,-4.013249452071133,0.02387,0.02197,8.6035
1335,176,0.6264,0.3736,CV,3.5972,3.5652,-9.479816746720953,-9.50301594325053,0.40729,0.64798,647.6004
1336,155,0.6184,0.3816,CV,9.9176,9.8211,-12.848798519064445,-12.857094035223126,-0.15817,0.84734,3189.1767
1336,161,0.6159,0.3841,CV,4.943,4.8856,-8.600994645049823,-8.603178680999843,-1.08747,0.19874,142.2984
1336,171,0.6058,0.3942,CV,13.6083,13.4312,-9.206311415987887,-9.183492544092456,-3.10607,-0.92731,306.9596
1336,172,0.6157,0.3843,CV,7.4103,7.3766,-32.91035176093273,-32.91066176932529,-0.94958,-0.32679,141.1393
1336,174,0.6198,0.3802,CV,0.492,0.4968,-4.2171757004518655,-4.228893940842745,-0.01317,0.02158,12.6752
1336,177,0.6456,0.3544,CV,0.2729,0.2745,-2.6506530186028616,-2.7367688335854425,-0.05697,0.11846,8.3805
1336,154,0.6051,0.3949,CV,0.7689,0.7687,-3.1568035444906903,-3.1697045411804248,0.02387,-0.06946,8.6245
1337,155,0.6185,0.3815,CV,3.7564,3.663,-12.63165931873811,-12.640531586703677,-0.09141,0.68608,3141.8888
1337,161,0.6161,0.3839,CV,4.8523,4.7978,-7.815337161918597,-7.817711469965708,-1.04031,0.17455,137.3524
1337,171,0.6089,0.3911,CV,10.7108,10.546,-9.009889823053491,-8.996564464154275,-2.6566,-0.95435,296.8473
1337,172,0.6178,0.3822,CV,3.7933,3.7981,-22.0568350147801,-22.066802157343073,-0.70164,-0.09446,138.674
1337,174,0.619,0.381,CV,1.5938,1.5965,-3.960916959505703,-3.969723548324234,0.05633,-0.05847,12.0976
1337,177,0.641,0.359,CV,0.5046,0.5131,-2.6895974378120844,-2.7542737138384497,0.11054,-0.05896,8.3
1337,154,0.615,0.385,CV,0.6382,0.6347,-3.6759195066836727,-3.6893536662177118,0.02052,-0.10942,8.6117
1337,176,0.5,0.5,CA,8.7969,8.8031,-11.48319661255853,-11.502168650920279,0.49351,-0.46494,573.4127
1338,155,0.6186,0.3814,CV,5.5782,5.5115,-12.40118099850473,-12.409950552608583,-0.20913,0.55676,3109.0138
1338,161,0.6164,0.3836,CV,4.3848,4.3312,-7.640261971017443,-7.643639369035773,-0.95599,0.17753,132.7083
1338,171,0.6107,0.3893,CV,10.1474,10.0013,-9.510053919898759,-9.499883569556003,-2.38438,-0.82679,288.5338
1338,172,0.6172,0.3828,CV,6.7507,6.7328,-35.61377953302697,-35.61768840366931,-0.58359,-0.41382,132.667
1338,174,0.6189,0.3811,CV,1.4037,1.4077,-4.372709686367211,-4.382227222879504,0.00079,0.01629,11.319
1338,177,0.6344,0.3656,CV,0.6673,0.6711,-3.255184787018419,-3.2984758428637564,0.0862,0.13243,7.9433
1338,154,0.6187,0.3813,CV,0.2434,0.2489,-3.478883125657565,-3.493668315446104,0.01667,-0.04479,8.5386
1338,176,0.5778,0.4222,CV,11.5665,11.6074,-10.603802794205102,-10.615401920142506,-0.0732,-0.15795,531.994
1339,155,0.6187,0.3813,CV,1.5335,1.5903,-12.314234195185616,-12.323633541078506,-0.0731,0.30771,3067.292
1339,161,0.6163,0.3837,CV,4.9101,4.8592,-7.286549276298381,-7.288721652353676,-0.94986,0.12141,128.2295
1339,171,0.612,0.388,CV,9.73,9.6016,-9.786756833557664,-9.77947069449027,-2.1702,-0.65663,282.9164
1339,172,0.6172,0.3828,CV,6.891,6.8845,-18.415348599670097,-18.420394620932946,-0.74751,-0.01179,130.3201
1339,174,0.6161,0.3839,CV,2.9201,2.9179,-5.560108451869848,-5.557980557393505,-0.15282,0.10503,10.4968
1339,154,0.6194,0.3806,CV,0.8609,0.8618,-3.186903297981779,-3.198885722115105,0.01316,-0.04947,8.5348
1339,177,0.629,0.371,CV,0.7825,0.7861,-2.6925100552109784,-2.7219520260933465,-0.08694,0.10254,7.4887
1339,176,0.6047,0.3953,CV,12.5645,12.592,-12.1481712459949,-12.15836886004676,-0.13935,-0.5598,487.3004
1340,155,0.6188,0.3812,CV,11.9716,12.001,-12.660448163941622,-12.669980971302062,-0.22316,-0.16471,3000.5247
1340,161,0.6161,0.3839,CV,5.1962,5.148,-7.334631345925019,-7.336182756096186,-0.90038,0.15215,124.8693
1340,171,0.6128,0.3872,CV,9.5962,9.478,-9.764508792666101,-9.758675871886501,-2.02938,-0.51217,277.7633
1340,172,0.6156,0.3844,CV,7.7724,7.7359,-13.436734286497153,-13.435111245671443,-0.94897,-0.23536,127.7356
1340,174,0.6173,0.3827,CV,4.4262,4.4386,-6.358100446316779,-6.365282499199808,0.03552,-0.08365,10.488
1340,154,0.6181,0.3819,CV,1.8456,1.8431,-4.858791796254639,-4.864221619279707,0.01027,-0.00467,8.6861
1340,177,0.6256,0.3744,CV,0.4368,0.444,-2.2774092820495118,-2.3008608060858546,-0.03063,0.00643,7.0283
1340,176,0.6135,0.3865,CV,16.1137,16.1479,-9.878199341937156,-9.886106584786598,-0.88916,0.4555,469.0409
1341,155,0.6189,0.3811,CV,5.7156,5.7271,-12.028435448146759,-12.038190398159413,-0.40865,0.04643,2969.2591
1341,161,0.6162,0.3838,CV,4.5796,4.5284,-7.478675516661806,-7.4809728162602145,-0.86141,0.10375,121.4147
1341,171,0.6134,0.3866,CV,9.5147,9.4062,-9.8563321048435,-9.851707801116145,-1.88262,-0.45186,274.9984
1341,172,0.6175,0.3825,CV,4.4881,4.4901,-21.76126183722817,-21.7697885423073,-0.53959,-0.20213,122.648
1341,174,0.6174,0.3826,CV,1.9414,1.9407,-6.101141108266393,-6.1066017060487,0.12318,-0.1119,10.0221
1341,177,0.6222,0.3778,CV,0.9802,0.9812,-3.1808449921618407,-3.1946562023116174,0.02594,-0.05125,6.7037
1341,176,0.6164,0.3836,CV,11.4059,11.398,-11.62734017868927,-11.634429812676515,-0.86658,0.77085,436.7554
1342,155,0.6189,0.3811,CV,6.4542,6.4417,-11.943763818362534,-11.95340418558655,-0.48473,0.20816,2945.3664
1342,161,0.6165,0.3835,CV,4.1055,4.0611,-7.503484577984715,-7.507198330629091,-0.72741,0.15818,118.8512
1342,171,0.6137,0.3863,CV,9.7275,9.6257,-9.445181132245754,-9.440971066640852,-1.83295,-0.39263,270.8822
1342,172,0.6185,0.3815,CV,3.9269,3.9433,-15.730109772010302,-15.740194775967773,-0.35126,0.01812,121.6193
1342,174,0.6178,0.3822,CV,0.7112,0.7063,-3.8160317451412484,-3.8233242050931238,0.07681,-0.08688,9.7465
1342,177,0.6202,0.3798,CV,1.2987,1.3003,-3.3567490067678816,-3.366837488138258,-0.06691,-0.07839,6.2916
1342,176,0.6188,0.3812,CV,12.6626,12.7254,-10.739851250569812,-10.752842298287002,0.00172,-0.378,418.2559
1343,155,0.6187,0.3813,CV,12.0887,12.058,-11.913765252028648,-11.922606039456893,-0.63254,0.55385,2932.4552
1343,161,0.6174,0.3826,CV,3.0798,3.0495,-8.424347662682706,-8.431005095704851,-0.62726,0.18866,114.9138
1343,171,0.6135,0.3865,CV,10.4124,10.3135,-9.639455785472318,-9.634140531313259,-1.85778,-0.34201,267.4896
1343,172,0.6179,0.3821,CV,6.1409,6.1362,-10.173761671417326,-10.179600267182177,-0.24168,0.12249,122.8639
1343,174,0.6183,0.3817,CV,0.4184,0.4194,-3.687186523882149,-3.6961153087019967,0.0429,-0.03339,9.5396
1343,177,0.6193,0.3807,CV,0.398,0.3934,-2.2175598594705344,-2.2272297332655295,-0.06007,-0.05781,5.9615
1343,176,0.6186,0.3814,CV,7.5179,7.5059,-10.777135973833126,-10.785543517027461,0.44915,-0.58889,397.3936
1343,154,0.5,0.5,CA,0.3311,0.3358,-4.2730576675463094,-4.285721095294752,0.00598,-0.00814,9.3665
1344,155,0.6186,0.3814,CV,8.2366,8.1739,-11.923782195092311,-11.932550296241342,-0.54966,0.64952,2917.4129
1344,161,0.6178,0.3822,CV,2.3927,2.3583,-9.463342523061637,-9.470570999134281,-0.54952,0.14565,111.5781
1344,171,0.6108,0.3892,CV,15.9093,15.8097,-11.685540201641127,-11.66904562534939,-2.28758,-0.28046,265.0535
1344,172,0.6182,0.3818,CV,6.8528,6.8677,-14.671601702527866,-14.67989957733024,-0.33952,0.09906,117.9854
1344,174,0.6187,0.3813,CV,0.6257,0.6293,-4.153965028824492,-4.163473899420925,0.02043,-0.01344,9.2304
1344,177,0.6192,0.3808,CV,0.3942,0.3965,-2.2022289086896154,-2.2126768489913715,-0.03714,-0.00706,5.6952
1344,154,0.5769,0.4231,CV,0.9995,0.9992,-3.4192476556770086,-3.426857053795531,0.00611,0.04975,8.9828
1345,155,0.6184,0.3816,CV,13.4443,13.379,-12.193101261296622,-12.200959114717145,-0.47458,0.83024,2920.4553
1345,161,0.618,0.382,CV,2.6623,2.6388,-8.91722759549416,-8.92485709217894,-0.45888,0.09718,109.4372
1345,171,0.6074,0.3926,CV,18.9428,18.8227,-15.637911823495585,-15.611038454561122,-2.73681,-0.1495,266.3446
1345,172,0.6184,0.3816,CV,3.3106,3.311,-12.94614022955047,-12.954804223511369,-0.19221,-0.13919,115.0641
1345,174,0.6185,0.3815,CV,0.996,0.9952,-4.189509688839495,-4.197744465862754,0.03344,-0.03339,8.8945
1345,177,0.6186,0.3814,CV,0.9632,0.9629,-2.5492659567066025,-2.557101032512354,0.00978,-0.02031,5.3811
1345,154,0.6043,0.3957,CV,1.3801,1.3833,-3.4830920536265024,-3.49312088271808,0.00578,0.02342,8.7994
1346,155,0.6186,0.3814,CV,2.1824,2.2019,-12.0909076378362,-12.100109215313294,-0.40913,0.44618,2899.5794
1346,161,0.6183,0.3817,CV,2.4195,2.4039,-10.691277317837423,-10.69986545544749,-0.42522,0.08756,105.8771
1346,171,0.6161,0.3839,CV,8.4109,8.5048,-8.680605438957127,-8.695606058023472,-1.2294,-0.01849,270.1812
1346,172,0.6187,0.3813,CV,3.1954,3.2012,-9.437988523194218,-9.447356576478175,-0.24143,0.05657,114.5367
1346,174,0.6182,0.3818,CV,1.5517,1.5516,-4.399603228433372,-4.406741810297033,-0.03575,0.05841,8.5551
1346,177,0.6186,0.3814,CV,0.3133,0.3104,-2.0387385821977753,-2.047824927788315,-0.00821,-0.01448,5.1452
1346,154,0.6142,0.3858,CV,0.8166,0.8178,-3.1948012658581195,-3.20595002316097,0.07132,0.01281,8.8452
1347,155,0.6187,0.3813,CV,3.9576,3.9553,-12.077800848629241,-12.0869800634515,-0.491,0.20997,2877.2367
1347,161,0.6184,0.3816,CV,2.1646,2.1449,-11.870961808072433,-11.87943915078235,-0.37437,0.14316,103.1807
1347,171,0.6171,0.3829,CV,4.2236,4.1588,-8.6648478513517,-8.670781209930615,-0.9065,-0.01107,272.8295
1347,172,0.6187,0.3813,CV,2.4775,2.482,-9.576371767446348,-9.585723958820816,-0.08195,0.04154,114.4484
1347,174,0.6179,0.3821,CV,2.9158,2.922,-4.513180204525647,-4.519523431714963,-0.01347,0.00184,8.7256
1347,177,0.6189,0.3811,CV,0.7035,0.7068,-2.330303276523442,-2.340332841204537,-0.00552,-0.00643,5.0373
1347,154,0.6174,0.3826,CV,0.8378,0.8353,-3.337634009513263,-3.3481455839619367,0.06495,0.04087,8.7599
1348,155,0.6184,0.3816,CV,19.0779,19.0534,-13.154866415551094,-13.162733057583141,-1.60942,0.08151,2858.3868
1348,161,0.6186,0.3814,CV,1.7816,1.762,-11.39662024827093,-11.405585173477457,-0.3281,0.16502,100.2705
1348,171,0.6165,0.3835,CV,8.3816,8.3242,-9.317269902240092,-9.31964281215274,-0.9985,0.01599,277.1353
1348,172,0.6181,0.3819,CV,4.9134,4.906,-8.943009303149536,-8.94955470868678,-0.32522,0.16252,114.2029
1348,174,0.6188,0.3812,CV,1.0981,1.1049,-3.980597509541062,-3.9914883806937715,-0.03281,0.01194,8.4495
1348,177,0.6187,0.3813,CV,0.5942,0.5946,-2.183773804574563,-2.1927023921345477,0.00032,-0.02616,4.8358
1348,154,0.6188,0.3812,CV,0.2878,0.2828,-3.1555841684505848,-3.166802050175332,0.04286,0.03495,8.6733
1349,155,0.6186,0.3814,CV,8.97,8.9211,-12.405101857168885,-12.41408680207486,-1.35794,-0.16297,2826.4138
1349,161,0.6188,0.3812,CV,0.8236,0.807,-11.269223370744758,-11.279106955512331,-0.24522,0.1122,97.5297
1349,171,0.6157,0.3843,CV,10.9893,10.926,-9.564634174895946,-9.56407417526162,-1.11884,-0.00501,285.1107
1349,172,0.618,0.382,CV,3.5625,3.5477,-9.32379189837518,-9.330685649546693,-0.42296,0.05104,113.2951
1349,174,0.6182,0.3818,CV,1.3221,1.3214,-3.341884701201637,-3.348742691031311,-0.02824,-0.01682,8.4405
1349,177,0.6187,0.3813,CV,0.1637,0.1621,-2.000314269730401,-2.009448885891742,0.00511,-0.01892,4.6774
1349,154,0.6189,0.3811,CV,0.8448,0.8413,-3.7134828501462374,-3.7231768814447297,0.02365,0.02363,8.4854
1350,155,0.6188,0.3812,CV,4.5726,4.6001,-12.211812744326325,-12.221740757249185,-0.6012,-0.20852,2798.2751
1350,161,0.6188,0.3812,CV,1.5763,1.5658,-10.577848139004505,-10.587329008344584,-0.2164,0.08582,95.3064
1350,171,0.6164,0.3836,CV,6.5477,6.4824,-10.157611103072039,-10.161365937558589,-1.0135,-0.16227,290.2998
1350,172,0.6184,0.3816,CV,4.2645,4.2738,-10.319842175022101,-10.32880210830071,-0.2101,-0.08405,110.5879
1350,174,0.6185,0.3815,CV,0.5237,0.5245,-3.222007868598788,-3.2310134437625844,-0.04569,-0.02003,8.3248
1350,177,0.6185,0.3815,CV,0.5578,0.557,-2.086586777602305,-2.0950359658201725,0.0345,-0.03444,4.5566
1350,154,0.6193,0.3807,CV,1.3193,1.3252,-3.374152504583677,-3.385453515457163,0.0103,-0.01486,8.5524
1351,155,0.6189,0.3811,CV,7.5474,7.5388,-12.08011975446711,-12.089880115211383,-0.21063,-0.63432,2771.2386
1351,161,0.6188,0.3812,CV,1.787,1.7791,-9.326379352606025,-9.335666348711742,-0.13234,0.12528,93.3542
1351,171,0.6178,0.3822,CV,4.2342,4.2563,-10.970427810196806,-10.979187529372464,-0.63658,-0.15012,290.5862
1351,172,0.6174,0.3826,CV,9.5804,9.5887,-8.316368495462719,-8.320612736223158,-0.29662,0.17288,114.0543
1351,174,0.6169,0.3831,CV,2.2628,2.2602,-4.177028766055729,-4.179037940459715,-0.05935,-0.01572,8.5353
1351,177,0.6182,0.3818,CV,1.3549,1.3571,-3.1136926714456212,-3.121102677049305,0.00747,0.05273,4.5312
1352,155,0.619,0.381,CV,5.6851,5.6892,-11.83020224625404,-11.840234940521654,0.15986,-0.23643,2736.4124
1352,161,0.6185,0.3815,CV,2.3686,2.3565,-8.64067915779628,-8.64893956281382,-0.12656,0.10839,91.9516
1352,171,0.6179,0.3821,CV,7.3234,7.3246,-9.456760209337165,-9.464001418378588,-0.34407,0.08884,300.3169
1352,172,0.6186,0.3814,CV,4.8427,4.8702,-11.050154707001724,-11.060795338329644,-0.14684,-0.05126,112.1487
1352,174,0.6171,0.3829,CV,1.1533,1.1469,-3.5244446492744665,-3.5295332739106287,-0.02358,-0.05537,8.67
1352,177,0.6182,0.3818,CV,0.4445,0.4424,-2.171794779268706,-2.179676692289981,0.02608,0.03495,4.4874
1353,155,0.619,0.381,CV,6.9011,6.8726,-11.71533479433014,-11.725174532645056,0.40983,-0.18564,2693.1302
1353,161,0.6187,0.3813,CV,1.5708,1.5725,-9.699016582876478,-9.708608869400626,-0.05627,0.16279,89.5003
1353,171,0.618,0.382,CV,4.5695,4.5496,-9.548640592640346,-9.55597573396846,-0.19025,0.26202,309.3794
1353,172,0.6185,0.3815,CV,3.8883,3.8895,-9.87040083755666,-9.878764805885234,-0.00795,-0.07544,109.4941
1353,174,0.6184,0.3816,CV,1.6309,1.6391,-3.815162762997872,-3.8253316292802912,0.01544,0.02091,8.4782
1353,154,0.5,0.5,CA,1.5153,1.5165,-4.357508894950504,-4.369472288254114,-0.04867,0.03297,8.9195
1353,177,0.6184,0.3816,CV,0.8245,0.8259,-2.3786104576894402,-2.386971801447316,-0.00014,0.0481,4.3539
1354,155,0.619,0.381,CV,5.5779,5.5328,-11.646282898195107,-11.656214450994664,0.43503,-0.22967,2647.5358
1354,161,0.6189,0.3811,CV,0.9044,0.9082,-9.22833426137045,-9.238259974231916,-0.04547,0.10516,86.9538
1354,171,0.6182,0.3818,CV,2.5533,2.5312,-10.244049537959238,-10.251911342606437,-0.24576,0.22876,315.816
1354,172,0.6184,0.3816,CV,3.457,3.4488,-10.232700958217329,-10.24100687101984,0.02623,0.12094,107.6709
1354,174,0.6184,0.3816,CV,0.5687,0.5682,-3.20059750999848,-3.209074029898835,0.02014,0.03117,8.411
1354,177,0.6185,0.3815,CV,0.7282,0.7298,-2.3747137170236026,-2.383299070672912,-0.02846,0.01269,4.3477
1354,154,0.5773,0.4227,CV,1.1188,1.123,-3.3070335603256313,-3.3165970162669387,0.01488,-0.03032,8.523
1355,155,0.6191,0.3809,CV,1.3357,1.2873,-11.5918178097516,-11.602090684898995,0.3192,-0.15545,2607.5168
1355,161,0.6189,0.3811,CV,1.518,1.517,-8.233504529817592,-8.243130692280783,0.00575,0.09412,85.4988
1355,171,0.618,0.382,CV,6.7175,6.7056,-11.695240900951525,-11.702246925177871,-0.5658,0.109,322.0276
1355,172,0.6188,0.3812,CV,5.5186,5.5359,-7.598359261288666,-7.60823866377485,-0.18188,-0.14679,108.8138
1355,174,0.6183,0.3817,CV,1.0931,1.0914,-3.486748909691362,-3.494556320221149,-0.01107,0.05132,8.3018
1355,154,0.6045,0.3955,CV,0.8532,0.8524,-3.2684878316928243,-3.278521457361781,-0.03851,-0.07195,8.5042
1355,177,0.6185,0.3815,CV,0.9024,0.9041,-2.317216247947187,-2.325858462303471,0.02673,0.02777,4.2581
1356,155,0.6191,0.3809,CV,1.439,1.4385,-11.58748867748171,-11.597770548222046,0.22295,-0.1841,2569.4404
1356,161,0.6187,0.3813,CV,2.1613,2.1547,-7.443084116202658,-7.451872083811957,0.02223,0.09323,84.5413
1356,171,0.6181,0.3819,CV,4.2283,4.2002,-13.045365332794713,-13.052760046018275,-0.56494,-0.02279,330.4944
1356,172,0.6189,0.3811,CV,3.0263,3.0293,-8.539826387638096,-8.549499219992548,-0.14096,-0.07345,106.7753
1356,174,0.6189,0.3811,CV,0.8278,0.8325,-3.197222487996938,-3.207652783396494,0.01389,-0.01632,8.3521
1356,154,0.614,0.386,CV,0.883,0.882,-3.7194423733071673,-3.7296577670326165,-0.03889,-0.02736,8.5903
1356,177,0.6186,0.3814,CV,0.4068,0.4064,-2.1336091883194332,-2.142615845596138,0.03232,-0.00323,4.1918
1357,155,0.6191,0.3809,CV,1.3304,1.3181,-11.55506647634776,-11.565257513325584,0.11982,-0.10326,2525.248
1357,161,0.6187,0.3813,CV,0.775,0.7637,-7.088064917261047,-7.097368071828698,-1e-05,0.06606,83.1305
1357,171,0.618,0.382,CV,4.7151,4.6898,-12.47985851381773,-12.487179977822414,-0.48473,-0.09605,341.6867
1357,172,0.6187,0.3813,CV,4.1298,4.1354,-7.559697908511886,-7.568591457838607,-0.02632,-0.24051,107.1078
1357,174,0.6184,0.3816,CV,1.6241,1.6254,-3.6809681575097697,-3.688710745658952,-0.06458,0.07957,8.379
1357,154,0.6174,0.3826,CV,0.3089,0.3049,-3.554498245431076,-3.5651250804284618,-0.02714,-0.00877,8.6119
1358,155,0.6191,0.3809,CV,2.4343,2.4376,-11.548637094593873,-11.558764446947144,-0.10169,-0.04237,2481.5179
1358,161,0.6187,0.3813,CV,1.0898,1.0816,-6.965593417404954,-6.974678242430882,-0.03669,0.03999,81.921
1358,171,0.6154,0.3846,CV,30.3524,30.386,-14.524022341561503,-14.520353402442733,1.36493,0.44032,333.73
1358,172,0.618,0.382,CV,4.9798,4.9703,-7.299757228275594,-7.305994967309633,-0.16703,-0.2416,108.7972
1358,174,0.6183,0.3817,CV,1.7762,1.7788,-4.13740055633493,-4.14506226224481,-0.00976,-0.00239,8.587
1358,154,0.6186,0.3814,CV,1.1179,1.1216,-3.406495732540117,-3.4171602352750243,0.04135,0.02763,8.4774
1359,155,0.619,0.381,CV,4.8332,4.8316,-11.601907092595471,-11.611862537387253,-0.38849,0.05891,2442.8394
1359,161,0.6186,0.3814,CV,1.3635,1.3549,-6.6973598869052156,-6.706215545047674,-0.06482,0.07303,80.935
1359,171,0.6177,0.3823,CV,2.075,2.081,-11.394709359752838,-11.404360757413173,0.84957,0.35514,339.6678
1359,172,0.617,0.383,CV,10.5592,10.5684,-12.495298068861835,-12.498185765942788,-0.11034,-0.52285,103.6493
1359,174,0.6186,0.3814,CV,0.3098,0.3142,-3.5981905617750587,-3.607562753127069,0.00676,0.00163,8.5934
1359,154,0.6187,0.3813,CV,1.1378,1.1381,-3.286507320248303,-3.295806578598622,-0.01499,0.02781,8.2799
1360,155,0.619,0.381,CV,4.3394,4.3243,-11.691624022750807,-11.701411455819425,-0.45762,0.07556,2408.9887
1360,161,0.6188,0.3812,CV,0.2917,0.2849,-6.470756561563841,-6.480186570731953,-0.02973,0.05538,79.7371
1360,171,0.6187,0.3813,CV,5.5527,5.5874,-13.54194668864833,-13.552538953288227,0.21765,0.40912,348.9564
1360,172,0.6181,0.3819,CV,8.1378,8.1627,-7.736216778900089,-7.745486281854797,-0.3409,-0.11175,105.5388
1360,174,0.6179,0.3821,CV,1.4239,1.4214,-4.258504243265843,-4.2643510367427675,0.00949,-0.02382,8.8064
1360,154,0.619,0.381,CV,1.2521,1.2567,-3.6901246191357053,-3.7005780949378537,-0.02086,-0.00843,8.3691
1361,155,0.6187,0.3813,CV,12.2436,12.2274,-12.268549104282464,-12.2773699146244,-0.44149,0.20569,2398.5868
1361,161,0.6188,0.3812,CV,1.4449,1.4465,-6.626474731253938,-6.636001881714238,-0.0971,0.05761,78.1299
1361,171,0.6187,0.3813,CV,3.4582,3.4415,-12.91791431068163,-12.926969919971741,0.0621,0.46503,355.0172
1361,172,0.6167,0.3833,CV,7.3632,7.344,-7.818679588993208,-7.82037683257246,-0.68304,-0.24101,105.4751
1361,174,0.618,0.382,CV,1.2737,1.2741,-3.647248320937528,-3.6546939719550937,0.05541,-0.07184,8.8505
1361,154,0.6185,0.3815,CV,1.8301,1.8322,-5.361293721969634,-5.369174911399494,-0.01557,-0.01387,8.0642
1361,177,0.5,0.5,CA,2.1037,2.1037,-4.423778220238424,-4.431287971188533,0.05291,0.02819,4.8028
1362,155,0.6188,0.3812,CV,5.5096,5.5066,-12.177532590826925,-12.186962526148381,-0.58731,0.24601,2361.3794
1362,161,0.6188,0.3812,CV,0.7569,0.7514,-6.481734253324224,-6.491325680044826,-0.09747,0.0624,77.0148
1362,171,0.6185,0.3815,CV,4.8347,4.8196,-10.279812498417964,-10.288132285233733,0.1492,0.44051,363.4612
1362,172,0.6177,0.3823,CV,5.8866,5.8933,-7.831402779061349,-7.839324743759352,-0.45145,0.03056,101.9981
1362,174,0.6181,0.3819,CV,0.7533,0.7499,-3.8355945540522196,-3.843095653942349,0.07416,-0.06279,8.8824
1362,154,0.6189,0.3811,CV,0.8788,0.8815,-3.480240139265059,-3.4905615222096795,0.049,0.01889,7.9736
1362,177,0.5768,0.4232,CV,0.9356,0.9386,-2.5871566620714708,-2.59470966686488,0.04274,-0.02228,4.3516
1363,155,0.6187,0.3813,CV,8.5022,8.4745,-12.78436790549779,-12.793199997626148,-0.66294,-0.08733,2343.5136
1363,161,0.6187,0.3813,CV,1.8021,1.7967,-6.449013911073173,-6.458109779006445,-0.17672,0.03798,76.1391
1363,171,0.6185,0.3815,CV,7.4043,7.4088,-9.754637531818048,-9.76307175549512,-0.13818,0.47946,363.4825
1363,172,0.618,0.382,CV,6.3736,6.3812,-7.382017939120134,-7.389419311039848,-0.38621,0.2469,103.5614
1363,174,0.6174,0.3826,CV,2.5301,2.5314,-5.438279123342225,-5.442658455047133,0.05743,0.01029,8.6007
1363,154,0.6192,0.3808,CV,0.5763,0.5796,-3.348488776554173,-3.35919963555094,-0.0077,-0.00746,7.9077
1363,177,0.6034,0.3966,CV,1.6155,1.6176,-2.93347021574401,-2.9399107816583685,-0.06475,0.02815,4.2375
1364,155,0.6185,0.3815,CV,9.5681,9.5193,-13.283488141178081,-13.291882343770357,-0.72119,0.00202,2338.4509
1364,161,0.6185,0.3815,CV,2.5085,2.4984,-6.474680304217111,-6.4827261342140226,-0.25767,0.09422,75.3312
1364,171,0.6178,0.3822,CV,10.4312,10.4135,-9.336409951316718,-9.342201518562678,-0.69959,0.43832,362.5977
1364,172,0.6178,0.3822,CV,4.4084,4.3935,-7.232687015302498,-7.239178555680917,-0.28995,0.44429,102.9561
1364,174,0.6188,0.3812,CV,1.0645,1.0728,-3.309434141580601,-3.321030936639799,-0.02185,-0.0068,8.7156
1364,154,0.6189,0.3811,CV,0.6831,0.6821,-3.245549229158619,-3.2550387476253,-0.01699,-0.0103,7.7126
1364,177,0.6133,0.3867,CV,1.0256,1.0258,-2.475801414208011,-2.4845642099507854,-0.04145,-0.06744,4.2195
1365,155,0.6187,0.3813,CV,6.4601,6.4794,-12.99540661814306,-13.004757169430006,-0.64651,0.20027,2305.9075
1365,161,0.6186,0.3814,CV,1.292,1.2825,-6.339754608444409,-6.348926044244612,-0.23093,0.06893,73.9342
1365,171,0.617,0.383,CV,26.2674,26.315,-12.227010365137126,-12.23039296748157,1.16103,0.09834,377.6239
1365,172,0.6176,0.3824,CV,6.1008,6.0968,-7.605599209719186,-7.611237653943489,0.05705,0.44892,104.3231
1365,174,0.6183,0.3817,CV,1.9638,1.9655,-4.273715322806618,-4.280775782634907,-0.03392,-0.06051,9.0337
1365,154,0.6189,0.3811,CV,0.8117,0.8122,-3.1701833393332612,-3.1797295536920624,0.04309,0.02102,7.5716
1365,177,0.6176,0.3824,CV,0.7902,0.7953,-2.640113198839445,-2.6527435046399885,-0.02667,-0.00453,4.288
1366,155,0.6186,0.3814,CV,8.3575,8.3325,-13.891620252392142,-13.900386276531146,-0.58775,0.16287,2301.8972
1366,161,0.6189,0.3811,CV,0.7538,0.765,-6.25871898951986,-6.268854230392865,-0.08875,0.03205,72.9087
1366,171,0.6153,0.3847,CV,17.3511,17.2895,-10.114149124880274,-10.111470917370562,1.36011,-0.04885,398.0067
1366,172,0.618,0.382,CV,3.1869,3.1788,-7.239101546429823,-7.24694325677762,0.17538,0.38948,103.5975
1366,174,0.6187,0.3813,CV,1.7288,1.7348,-3.7891290118143295,-3.7991260726699645,-0.02844,-0.00331,8.8341
1366,154,0.6188,0.3812,CV,1.067,1.0694,-3.0614789564810923,-3.0709358623740157,-0.01205,0.04824,7.5634
1366,177,0.6186,0.3814,CV,0.6708,0.6705,-2.2626197240061474,-2.272800475996404,-0.04759,0.0103,4.2343
1367,155,0.6186,0.3814,CV,5.6165,5.5858,-13.891994168470868,-13.901020272000764,-0.48967,0.43123,2291.8059
1367,161,0.619,0.381,CV,0.2117,0.2138,-6.257391435169539,-6.267362064564902,-0.0441,0.03016,71.7862
1367,171,0.6153,0.3847,CV,12.252,12.1554,-9.775204294843547,-9.774742321587743,1.42971,-0.04753,412.12
1367,172,0.6179,0.3821,CV,2.7963,2.7731,-6.998777923501285,-7.005661691759248,0.19194,0.39884,103.3852
1367,174,0.6189,0.3811,CV,0.2866,0.2883,-3.1923906142467193,-3.2021075707913127,-0.01955,-0.01676,8.8438
1367,177,0.6189,0.3811,CV,0.3863,0.3852,-2.0791424718789537,-2.0894480513736364,-0.03831,-0.01939,4.1876
1368,155,0.6187,0.3813,CV,4.5692,4.5646,-13.763866641913912,-13.773192282461508,-0.44714,0.41417,2268.5047
1368,161,0.6189,0.3811,CV,1.2521,1.2497,-6.307712478323585,-6.317381378588147,-0.11438,0.03561,70.5541
1368,171,0.616,0.384,CV,11.7647,11.7113,-9.898974754438566,-9.901661004910276,1.44209,0.292,418.2038
1368,172,0.6071,0.3929,CV,28.8509,28.8393,-34.72977358724248,-34.69120634803352,0.26566,0.75166,116.1945
1368,174,0.6181,0.3819,CV,1.7065,1.7053,-4.140786274173894,-4.147190298775295,-0.1217,0.01388,8.7741
1368,154,0.5,0.5,CA,0.4815,0.4834,-3.6879899603657442,-3.700825575906919,-0.01637,0.00057,7.8161
1368,177,0.617,0.383,CV,2.4154,2.4179,-3.9758464713560357,-3.977620018639847,0.02639,0.03256,4.3777
1369,155,0.6188,0.3812,CV,3.4714,3.4437,-13.973571028788472,-13.982910342428873,-0.33552,0.45104,2256.6389
1369,161,0.6188,0.3812,CV,2.0672,2.0635,-6.227291425410451,-6.236593984030841,-0.14608,0.04066,68.6584
1369,171,0.6167,0.3833,CV,9.4916,9.4458,-10.05846985325342,-10.063110296192397,1.27796,0.40438,421.9488
1369,172,0.6167,0.3833,CV,8.7909,8.879,-9.516862110652195,-9.534598645526204,0.29398,0.25276,114.7807
1369,174,0.6187,0.3813,CV,1.9982,2.0053,-3.8904180021027903,-3.9004330432820704,0.0286,-0.03583,8.9428
1369,177,0.6187,0.3813,CV,0.8107,0.8179,-2.481965764628998,-2.4935600514707206,0.00975,-0.01253,4.3287
1369,154,0.5773,0.4227,CV,0.4702,0.4701,-3.776398797489907,-3.7859429607110995,-0.01358,-0.03532,7.503
1370,155,0.6188,0.3812,CV,3.7095,3.6792,-14.129438073284952,-14.138826760857473,-0.39321,0.42199,2245.8954
1370,161,0.6188,0.3812,CV,2.0435,2.0391,-6.169863708941275,-6.179112058728774,-0.22726,0.04308,67.6545
1370,171,0.6171,0.3829,CV,7.5854,7.5251,-9.746724234085661,-9.752150836616647,1.08342,0.6074,430.0278
1370,172,0.6167,0.3833,CV,6.6013,6.5904,-12.56411044553716,-12.567892778310469,0.12222,-0.05821,117.7677
1370,174,0.6175,0.3825,CV,3.0346,3.0382,-4.667020063003661,-4.670882464697639,-0.07966,0.04657,8.5779
1370,177,0.6186,0.3814,CV,1.0172,1.0191,-2.4319833579288117,-2.440502810737966,0.00257,-0.0184,4.2014
1370,154,0.6048,0.3952,CV,0.2695,0.2712,-3.5164868890408543,-3.5278233548628095,-0.00791,-0.00224,7.4526
1371,155,0.6186,0.3814,CV,12.5148,12.5048,-15.41129703852882,-15.419925226262478,-0.36715,0.16444,2261.1701
1371,161,0.6189,0.3811,CV,1.0792,1.0739,-6.163834156546499,-6.173633930389867,-0.17733,0.0155,66.7803
1371,171,0.6174,0.3826,CV,7.4678,7.4036,-9.591611819695808,-9.597381613091217,1.00169,0.67284,437.4145
1371,172,0.604,0.396,CV,38.1462,38.1148,-47.0817882019794,-47.03202382463883,0.15926,0.33795,140.511
1371,174,0.6189,0.3811,CV,1.6233,1.632,-3.558137711282696,-3.5698543646971075,-0.01505,0.04787,8.7075
1371,177,0.6174,0.3826,CV,2.1852,2.1878,-3.641682490221397,-3.645301338537408,-0.05014,0.03635,4.3771
1371,154,0.6143,0.3857,CV,0.7786,0.779,-2.9622188540209673,-2.973213706486083,0.0621,0.00522,7.4147
1372,155,0.6186,0.3814,CV,5.906,5.857,-15.397691651313448,-15.40647072825762,-0.38161,0.32826,2264.0813
1372,161,0.6187,0.3813,CV,1.8084,1.7995,-6.15115677045793,-6.160023161673072,-0.22075,0.07172,65.5804
1372,171,0.6175,0.3825,CV,7.4985,7.4388,-9.393183997273038,-9.39926701301348,1.1046,0.52023,447.358
1372,172,0.6038,0.3962,CV,24.1236,24.0112,-42.67835492936838,-42.6465970915412,-0.11959,0.60484,164.3552
1372,174,0.6182,0.3818,CV,1.4508,1.449,-3.573359506937652,-3.580228404704931,0.00643,0.06037,8.9202
1372,177,0.6185,0.3815,CV,0.8426,0.8469,-2.666340751906434,-2.67646315770339,-0.05004,0.01526,4.3361
1372,154,0.617,0.383,CV,1.2021,1.1995,-3.5828894925069577,-3.591253132919282,0.12268,0.00464,7.2605
1373,155,0.6187,0.3813,CV,6.022,6.0588,-14.757760567038066,-14.767164133057985,-0.29014,0.27598,2242.8481
1373,161,0.6186,0.3814,CV,1.4843,1.4726,-6.161165890569963,-6.169965846839768,-0.21052,0.09926,64.5893
1373,171,0.6172,0.3828,CV,9.9349,9.8746,-9.553563603050328,-9.558197650817018,1.32293,0.38152,458.7332
1373,172,0.6158,0.3842,CV,42.3716,42.4946,-21.913207787839553,-21.93187722866172,0.14941,-0.48826,138.1048
1373,174,0.6182,0.3818,CV,2.5651,2.5707,-4.688776779199965,-4.696404836187675,0.01239,0.04576,8.5148
1373,177,0.6182,0.3818,CV,1.1414,1.1419,-3.1091621976448924,-3.116456542962087,-0.03447,-0.02107,4.2165
1373,154,0.6173,0.3827,CV,2.1729,2.1748,-3.861269497701103,-3.8670068302770697,0.09295,0.03129,7.435
1374,155,0.6188,0.3812,CV,4.2353,4.2245,-14.727184067097514,-14.736488083076264,-0.25531,0.3628,2228.3467
1374,161,0.6184,0.3816,CV,2.2149,2.2041,-6.45682166671983,-6.464737882641775,-0.24035,0.05728,64.0564
1374,171,0.6162,0.3838,CV,14.2063,14.1316,-9.906537289963985,-9.907172368002577,1.7372,0.38072,467.1606
1374,172,0.6132,0.3868,CV,12.2699,12.2299,-15.505418713837532,-15.49572386102534,0.66427,-0.75853,136.304
1374,174,0.6188,0.3812,CV,1.7137,1.7203,-3.657239984329625,-3.667499455354549,0.01278,-0.02736,8.639
1374,154,0.6179,0.3821,CV,1.1592,1.1573,-3.8577216481378565,-3.8653777082431353,0.00527,0.00141,7.5232
1375,155,0.6188,0.3812,CV,6.1115,6.1109,-15.238272821053288,-15.247607690533767,-0.21155,0.34261,2235.4269
1375,161,0.6181,0.3819,CV,2.7751,2.7641,-6.8106028944552754,-6.81756513146023,-0.21069,-0.01227,64.0762
1375,171,0.6047,0.3953,CV,43.3712,43.2887,-14.503463555395571,-14.457234538502576,3.65234,1.04065,450.1478
1375,174,0.6189,0.3811,CV,0.4681,0.4683,-3.2523507769347715,-3.2620581542692015,-0.01452,-0.03794,8.6288
1375,154,0.6187,0.3813,CV,0.5916,0.5979,-3.092126378231409,-3.102472155176887,-0.01815,-0.00634,7.4099
1375,172,0.5974,0.4026,CV,20.4174,20.3341,-12.16059877291347,-12.088574348364993,1.64323,-1.32743,133.3713
1376,155,0.6188,0.3812,CV,7.0714,7.0592,-15.72128164503859,-15.730558409472376,-0.52723,0.43425,2225.5629
1376,161,0.6183,0.3817,CV,0.9194,0.9029,-6.284722302399313,-6.293145210646918,-0.17385,0.00794,63.5385
1376,171,0.6136,0.3864,CV,5.2217,5.1577,-9.362036168448066,-9.370156546540603,2.47346,0.78934,458.0102
1376,172,0.1426,0.8574,CA,89.5856,89.4763,-160.34785121547722,-158.11023643939708,15.43254,1.27071,137.0114
1376,174,0.6187,0.3813,CV,0.7413,0.7413,-3.5027510104725588,-3.511633552848389,-0.01281,-0.00383,8.6805
1376,154,0.6187,0.3813,CV,1.1216,1.1243,-3.6606350797027627,-3.6698143231285645,0.03118,-0.00715,7.2466
1377,155,0.6187,0.3813,CV,7.653,7.6208,-16.35249142353979,-16.36159239893404,-0.66682,0.58551,2209.4509
1377,161,0.6183,0.3817,CV,1.439,1.4271,-6.418093944550039,-6.426167950277945,-0.19262,-0.00856,63.0557
1377,171,0.6175,0.3825,CV,11.6836,11.7425,-9.844313719071023,-9.85612956882192,1.29286,0.61264,476.1259
1377,174,0.6185,0.3815,CV,1.0381,1.0379,-3.425896086537819,-3.4340682262195505,0.0441,-0.04592,8.712
1377,154,0.6185,0.3815,CV,1.2743,1.2758,-3.28895997611644,-3.2971192679943395,0.02781,-0.03194,7.3661
1377,177,0.5,0.5,CA,1.2694,1.2711,-3.7910005101516093,-3.8027855935621693,0.02127,0.01023,4.8261
1377,172,0.3977,0.6023,CA,13.735,13.4151,-10.787999886602911,-10.573904335337243,17.86612,2.66706,149.328
1378,155,0.6188,0.3812,CV,5.8669,5.833,-15.73829684861916,-15.747686096784346,-0.41509,0.68206,2192.658
1378,161,0.6183,0.3817,CV,1.6149,1.6033,-6.2503156365639,-6.258313997814941,-0.21519,0.02244,62.7353
1378,171,0.6185,0.3815,CV,4.4655,4.471,-11.070532342301663,-11.080375736177356,0.60338,0.49211,484.9953
1378,174,0.6182,0.3818,CV,1.5664,1.5675,-3.6724406259527727,-3.6799044110322745,0.09703,0.0346,8.6038
1378,177,0.576,0.424,CV,1.43,1.4286,-2.9983714610554815,-3.00237687478134,0.06852,0.08106,4.5164
1379,155,0.6189,0.3811,CV,4.3696,4.3753,-15.856816744157403,-15.866548322175301,-0.11836,0.56637,2189.5791
1379,161,0.6184,0.3816,CV,1.5311,1.521,-6.244816174348293,-6.253152244359701,-0.22937,0.02917,62.1857
1379,171,0.6187,0.3813,CV,1.0273,1.0247,-9.734233190857163,-9.743647385414896,0.31204,0.30726,489.7937
1379,174,0.6187,0.3813,CV,0.7885,0.7931,-3.477963252144022,-3.4877548995977143,0.0286,-0.01077,8.6622
1379,154,0.5,0.5,CA,2.0548,2.0581,-4.520076924546112,-4.530027080290279,-0.04634,0.00437,7.5435
1379,177,0.6041,0.3959,CV,1.1908,1.1963,-2.7366071495911712,-2.747247876384127,-0.02089,-0.00761,4.5183
1380,155,0.6188,0.3812,CV,7.5453,7.5205,-15.446076463127428,-15.45544871287752,0.00424,0.79229,2170.7739
1380,161,0.6184,0.3816,CV,1.5301,1.5201,-6.2256246195427485,-6.234150085656645,-0.23457,0.00192,61.5228
1380,171,0.6187,0.3813,CV,10.0586,10.0818,-9.589486325502849,-9.59849348393433,-0.30726,0.22968,486.908
1380,174,0.6172,0.3828,CV,2.4641,2.4626,-4.760160973941702,-4.762894356809947,0.05346,-0.01696,9.0358
1380,154,0.5771,0.4229,CV,1.1015,1.1016,-3.4342932175732583,-3.442924372854086,-0.11385,-0.02512,7.3531
1380,177,0.6134,0.3866,CV,0.7989,0.7982,-2.495895340669503,-2.5043105932974283,-0.00736,0.02752,4.6352
1381,155,0.6188,0.3812,CV,7.2664,7.2233,-15.135386428615718,-15.144648342341634,-0.0708,0.90371,2147.6104
1381,161,0.6185,0.3815,CV,1.5584,1.5483,-6.289603267059971,-6.2981556724795835,-0.23154,0.00175,61.4006
1381,171,0.6176,0.3824,CV,14.2549,14.2353,-10.936568453933608,-10.941099772513692,-1.17191,0.16787,487.9431
1381,174,0.6184,0.3816,CV,1.1843,1.192,-3.6253108567918093,-3.6352827419952045,-0.02483,0.00921,9.0215
1381,154,0.6048,0.3952,CV,1.0732,1.0774,-3.275030633953253,-3.28668212066135,-0.03337,0.00838,7.4695
1381,177,0.6164,0.3836,CV,1.4315,1.4325,-3.075962353253433,-3.0830092896159496,-0.02876,-0.08117,4.7164
1382,155,0.6186,0.3814,CV,13.0436,13.0076,-14.867953487114235,-14.876733674830298,-0.14661,0.78914,2103.3058
1382,161,0.6184,0.3816,CV,1.9826,1.9705,-6.214079739667308,-6.222130640903347,-0.27707,0.00722,60.9516
1382,171,0.6153,0.3847,CV,19.4828,19.4178,-13.44393065687877,-13.44010684011001,-2.0678,-0.03417,488.0369
1382,174,0.6183,0.3817,CV,1.2447,1.2468,-4.089807044330927,-4.097882849217292,0.06148,0.01203,9.0059
1382,177,0.6167,0.3833,CV,1.7824,1.7824,-3.6952158320216073,-3.6994481851012866,-0.02501,-0.11235,4.5958
1382,154,0.6137,0.3863,CV,1.1125,1.1093,-3.1751473867446696,-3.1836460212766418,-0.0072,0.01341,7.6194
1383,155,0.6186,0.3814,CV,10.4074,10.3315,-14.249549182428591,-14.258398892688017,-0.1924,0.81107,2059.4362
1383,161,0.6185,0.3815,CV,1.4587,1.4453,-6.084640011023698,-6.093207323800702,-0.26126,0.01221,60.2785
1383,171,0.6141,0.3859,CV,16.4451,16.3367,-15.541811438241634,-15.536752120469854,-2.28514,-0.10235,481.4942
1383,174,0.6169,0.3831,CV,3.1955,3.1978,-4.851783064546572,-4.85362383320971,-0.09814,0.06301,8.7104
1383,177,0.6168,0.3832,CV,1.3453,1.3419,-3.1232492854600107,-3.1271796101957157,0.01512,-0.05486,4.4775
1383,154,0.6168,0.3832,CV,1.0661,1.064,-3.35244900246868,-3.361150743565044,-0.05767,-0.04649,7.6762
1384,155,0.619,0.381,CV,2.708,2.685,-14.716812652172637,-14.727337891504742,-0.23956,0.64314,2032.6728
1384,161,0.6185,0.3815,CV,1.7701,1.7606,-6.046790457033983,-6.055528247544494,-0.23353,-0.0119,59.2475
1384,171,0.6148,0.3852,CV,11.2924,11.1619,-20.331645506938973,-20.330835219312082,-2.1438,-0.20929,476.4863
1384,174,0.6172,0.3828,CV,1.6042,1.6009,-3.5482457958503266,-3.553929347850245,-0.10262,-0.06659,8.6045
1384,177,0.619,0.381,CV,1.4689,1.4765,-2.7938927903323796,-2.8069396364547163,0.04938,0.03558,4.5821
1384,154,0.6185,0.3815,CV,1.5544,1.5601,-3.7812110495907683,-3.792061363713816,-0.05174,0.01196,7.4742
1385,155,0.6185,0.3815,CV,18.4325,18.3806,-14.088828860170146,-14.096451649563722,-0.25013,0.80986,1962.7241
1385,161,0.6185,0.3815,CV,1.9052,1.8916,-6.066816095290075,-6.075189129360017,-0.26389,0.02104,58.2965
1385,171,0.6143,0.3857,CV,13.7942,13.6762,-24.21380557368617,-24.2102958299239,-2.07961,-0.42016,465.853
1385,174,0.6191,0.3809,CV,1.4202,1.4302,-3.54975732794293,-3.5626628066096377,-0.01246,-0.04432,8.7774
1385,177,0.6187,0.3813,CV,0.8406,0.8396,-2.4482739443985766,-2.4569520760264507,0.01513,0.07349,4.6389
1385,154,0.619,0.381,CV,0.3358,0.3374,-3.0733359793092134,-3.083927665743344,-0.03393,0.02019,7.473
1386,155,0.619,0.381,CV,3.8604,3.8222,-14.305098957333929,-14.315816672895348,-0.39286,0.67264,1919.483
1386,161,0.6189,0.3811,CV,1.0606,1.0633,-5.9245679889794,-5.934791198140622,-0.17782,-0.02877,57.9067
1386,171,0.6154,0.3846,CV,9.5616,9.4389,-34.66191926491442,-34.66336484099163,-1.99035,-0.55091,459.9947
1386,174,0.6176,0.3824,CV,2.509,2.5096,-5.417359826709649,-5.4213886271386045,0.12924,-0.02641,8.5085
1386,177,0.6188,0.3812,CV,0.9884,0.991,-2.847218318787368,-2.8567746898683137,-0.04854,0.0071,4.6396
1386,154,0.619,0.381,CV,0.6727,0.6722,-3.1427589130993976,-3.1527294853263914,-0.01864,0.01643,7.3695
1387,155,0.6187,0.3813,CV,13.2034,13.1333,-14.055462755541594,-14.064097949682727,-0.26926,0.96534,1852.5613
1387,161,0.6189,0.3811,CV,1.4664,1.4688,-5.99815660127024,-6.007992906991919,-0.09061,0.00259,57.748
1387,171,0.6162,0.3838,CV,12.2343,12.1799,-44.30855726912413,-44.31188312546233,-1.95739,-0.45339,462.8053
1387,174,0.619,0.381,CV,2.0352,2.0448,-4.1808237316359484,-4.1928821305580355,0.00208,-0.01399,8.6528
1387,177,0.6189,0.3811,CV,0.5148,0.5172,-2.3639878170027178,-2.3737229585673645,0.00397,0.01651,4.6364
1387,154,0.6187,0.3813,CV,1.5578,1.5609,-4.01979328748436,-4.028581145422975,0.04577,-0.01636,7.4816
1388,155,0.602,0.398,CV,78.0082,77.9106,-17.245533461390416,-17.18431126265141,-0.34868,3.67624,1650.7884
1388,161,0.6189,0.3811,CV,1.335,1.3336,-5.993644950931401,-6.003155682738721,-0.13416,-0.01219,56.8294
1388,171,0.6165,0.3835,CV,9.9915,9.9104,-54.93522149528862,-54.938694320856825,-1.76935,-0.11503,464.2344
1388,174,0.6187,0.3813,CV,0.7795,0.7765,-3.309345537527486,-3.3178575094651146,-0.00092,-0.03195,8.7468
1388,177,0.6188,0.3812,CV,0.2227,0.2228,-2.5033515048720614,-2.5126516639036476,-0.01095,0.01307,4.635
1388,154,0.6187,0.3813,CV,0.6902,0.6898,-4.774397460352491,-4.783564477177643,0.04812,-0.04455,7.4327
1389,161,0.6189,0.3811,CV,0.4146,0.4146,-5.905629996049434,-5.915385410272182,-0.08205,0.02139,56.1369
1389,171,0.6172,0.3828,CV,6.3775,6.3019,-64.2360548674575,-64.24232192897298,-1.46074,-0.01179,457.3947
1389,174,0.6181,0.3819,CV,1.0309,1.0267,-3.440988695728261,-3.4477952549039887,0.02244,-0.02462,8.8535
1389,177,0.6184,0.3816,CV,1.1139,1.1145,-2.6102911099178505,-2.617954080760251,-0.01035,-0.04514,4.5532
1389,154,0.6188,0.3812,CV,0.2999,0.3014,-3.3758722045013383,-3.385405694427802,0.03464,-0.01044,7.3733
1389,155,0.6134,0.3866,CV,3.9388,3.5453,-10.792927015185372,-10.804227789368761,-0.42789,2.44059,1552.7579
1390,161,0.6188,0.3812,CV,1.2319,1.2274,-5.916955145837462,-5.926185538793803,-0.13115,0.02798,55.6327
1390,171,0.6181,0.3819,CV,7.9265,7.9289,-79.93013835026093,-79.93888444358264,-0.85692,-0.49291,449.1923
1390,174,0.618,0.382,CV,2.8309,2.8369,-5.16010983807681,-5.167056344576611,0.02105,0.03741,8.4445
1390,177,0.6185,0.3815,CV,1.0068,1.0082,-2.4646435349869,-2.4733954469324173,0.02137,0.0385,4.5126
1390,154,0.6186,0.3814,CV,0.745,0.7448,-4.141261208181973,-4.149819234525719,0.02134,-0.02444,7.4453
1390,155,0.6162,0.3838,CV,27.0127,27.0353,-18.173261038416126,-18.179650777087907,-3.48782,1.53418,1452.5658
1391,161,0.6184,0.3816,CV,2.3497,2.3423,-6.0759791191069334,-6.0838694662789266,-0.23669,0.05287,55.1759
1391,174,0.6187,0.3813,CV,1.5694,1.5761,-3.6422166417031323,-3.6525530695172774,0.013,-0.01509,8.5767
1391,177,0.6184,0.3816,CV,1.4235,1.4267,-3.0659758092028753,-3.0743215433741615,-0.00402,0.01692,4.6473
1391,154,0.6185,0.3815,CV,1.5138,1.5164,-3.3414393074658855,-3.3497838446394805,-0.04035,-0.0191,7.2693
1391,155,0.6202,0.3798,CV,16.2123,16.3711,-15.149549200822051,-15.168699164162827,-1.89138,0.30824,1366.237
1392,161,0.6184,0.3816,CV,1.5853,1.5753,-5.951776673919659,-5.960085136600834,-0.21199,0.02074,55.0368
1392,174,0.6175,0.3825,CV,2.1722,2.1706,-4.176743099477718,-4.180650705789603,0.03063,0.02838,8.9098
1392,177,0.6187,0.3813,CV,1.1293,1.1329,-2.861840483805641,-2.8714629991279335,0.01729,-0.0193,4.5537
1392,154,0.6188,0.3812,CV,0.6153,0.6189,-3.19121603570515,-3.2011483669322933,0.01266,-0.01029,7.2712
1392,155,0.6203,0.3797,CV,10.6923,10.738,-14.792461926168755,-14.806292646981031,-0.59901,-0.49258,1273.5231
1393,155,0.6202,0.3798,CV,12.4338,12.4904,-13.624799992624784,-13.638079374297012,0.25826,-0.06787,1162.1039
1393,161,0.6186,0.3814,CV,1.8352,1.8366,-5.953394066926759,-5.962634312490409,-0.16478,0.06419,53.9686
1393,174,0.6182,0.3818,CV,0.3695,0.371,-3.5186717580426956,-3.5274958545571726,0.00095,0.03126,8.9422
1393,154,0.6186,0.3814,CV,0.9747,0.9754,-3.3493162953304165,-3.3579095312330667,0.01986,0.02236,7.3827
1393,177,0.6183,0.3817,CV,1.3163,1.3181,-2.781497724844266,-2.7888724110886254,0.01631,0.02919,4.6494
1394,155,0.6193,0.3807,CV,12.0377,12.0108,-14.286738822681464,-14.296092267453094,0.30484,0.18117,1052.8227
1394,161,0.6187,0.3813,CV,1.2191,1.2122,-5.838233561984117,-5.8472907755149155,-0.17666,0.00275,53.2716
1394,174,0.6184,0.3816,CV,1.1085,1.1117,-3.5486661234682937,-3.5574358394353447,-0.03196,0.04782,8.8343
1394,177,0.6179,0.3821,CV,1.9953,1.9988,-3.4047106511903964,-3.410985486876864,-0.04079,0.00584,4.4704
1394,154,0.6185,0.3815,CV,0.9548,0.9556,-3.302477058604086,-3.31108593019138,0.06564,-0.00024,7.3209
1395,155,0.6196,0.3804,CV,4.2938,4.2196,-14.178043985907752,-14.189950090729667,0.32292,0.07844,955.6365
1395,161,0.6186,0.3814,CV,1.3603,1.3508,-5.8692720322864,-5.878234877146965,-0.19552,0.0189,52.5416
1395,174,0.6186,0.3814,CV,0.7486,0.7513,-3.4419009880263696,-3.4509414624326333,-0.00602,-0.01295,8.9326
1395,177,0.618,0.382,CV,0.5727,0.5674,-2.1154995461239317,-2.1229947537470966,-0.03901,-0.00199,4.3802
1395,154,0.6186,0.3814,CV,1.0826,1.0842,-3.2200343253394017,-3.228873229370743,0.00156,-0.00311,7.1754
1396,161,0.6188,0.3812,CV,0.5688,0.5617,-5.794256206481,-5.804014414927252,-0.15054,-0.00868,51.9626
1396,174,0.6186,0.3814,CV,0.4105,0.4097,-3.8668184807308283,-3.8757420918962366,-0.02505,-0.02287,9.0194
1396,154,0.6189,0.3811,CV,0.492,0.4953,-2.907614957211128,-2.9176141599631293,-0.01396,-0.0008,7.2082
1396,155,0.6151,0.3849,CV,22.4764,22.4172,-14.028263038892055,-14.020731916880386,-0.32609,0.44753,831.5645
1396,177,0.6188,0.3812,CV,1.4413,1.4468,-2.92523047830753,-2.935897589045686,0.00288,0.02374,4.4904
1397,161,0.6188,0.3812,CV,1.0479,1.0405,-5.8153789845930834,-5.824823107928336,-0.15774,0.01786,51.1978
1397,174,0.6183,0.3817,CV,1.7007,1.702,-4.034622517299401,-4.042153599724286,0.02948,-0.01849,8.8386
1397,177,0.6188,0.3812,CV,1.1461,1.1484,-2.7076558073687718,-2.7168934749250817,0.04053,-0.00604,4.3773
1397,154,0.6188,0.3812,CV,0.4494,0.4495,-2.947052928495855,-2.9565059023782956,-0.01508,0.02813,7.2256
1398,161,0.6185,0.3815,CV,2.8697,2.8689,-6.368134656082369,-6.376233359131967,-0.16735,-0.05979,51.3766
1398,174,0.6179,0.3821,CV,1.3646,1.36,-4.16157066395137,-4.167764967974014,0.00219,0.01722,8.6591
1398,154,0.6188,0.3812,CV,0.2358,0.2369,-3.0500864208297394,-3.0596441026056285,-0.01242,0.00161,7.2135
1398,177,0.6189,0.3811,CV,0.3673,0.3666,-2.030054529586991,-2.0398503518263382,0.00809,-0.01172,4.2959
1399,161,0.6188,0.3812,CV,1.6446,1.6508,-5.973662273963689,-5.983469033913376,-0.12086,0.04776,50.5007
1399,174,0.6188,0.3812,CV,1.5207,1.5272,-3.771876095156826,-3.7828506854526385,-0.06263,-0.0376,8.798
1399,177,0.619,0.381,CV,0.316,0.315,-2.002111005865945,-2.012099782261749,0.02808,-0.01096,4.2505
1399,154,0.6185,0.3815,CV,1.0449,1.0451,-3.5303622935191874,-3.5384005077172223,0.04054,-0.00297,7.302
1400,161,0.6188,0.3812,CV,0.6779,0.677,-6.173612557701421,-6.183044281693193,-0.07225,0.03102,50.093
1400,174,0.6186,0.3814,CV,1.2125,1.2125,-3.739793729197209,-3.7482038519182703,-0.05862,-0.01118,8.9812
1400,154,0.6186,0.3814,CV,0.5746,0.5754,-3.0562656574225247,-3.0650737446762144,-0.00998,-0.00178,7.3509
1400,177,0.6185,0.3815,CV,0.8381,0.8361,-2.290996412109262,-2.298719003996334,0.02424,-0.03791,4.1291
1401,161,0.6182,0.3818,CV,3.2777,3.2742,-6.695964019851775,-6.7027809185172265,-0.13778,-0.05597,50.6031
1401,174,0.6186,0.3814,CV,1.9591,1.9637,-4.5826620990290206,-4.59149525030147,-0.01432,0.02539,8.6923
1401,177,0.6171,0.3829,CV,2.535,2.5392,-4.189746812766906,-4.192619179828121,0.04169,0.07393,4.2624
1401,154,0.6182,0.3818,CV,1.028,1.0264,-3.4789970936382897,-3.486044822922048,0.02807,0.02396,7.4757
1402,161,0.6185,0.3815,CV,1.7381,1.7421,-6.164617771948133,-6.173786221095756,-0.15652,0.01818,49.941
1402,174,0.6186,0.3814,CV,0.6087,0.6041,-3.749212014725376,-3.7579969793626455,-0.00035,0.02582,8.5488
1402,154,0.6183,0.3817,CV,0.6593,0.6591,-4.052063762587524,-4.060187515762554,-0.02018,0.02387,7.5607
1402,177,0.617,0.383,CV,1.0329,1.0278,-2.605953830298732,-2.6100070782495086,0.05644,0.03016,4.345
1402,180,0.7,0.3,CV,9.2273,9.2273,-8.733927257856593,-8.733927257856593,0.0,0.0,89.8712
1403,161,0.6183,0.3817,CV,2.5896,2.5858,-6.073766932824508,-6.081496666075858,-0.20984,0.0834,48.9379
1403,174,0.6191,0.3809,CV,0.6917,0.6968,-3.5490481234991877,-3.559910922916659,0.00352,-0.00958,8.591
1403,177,0.6166,0.3834,CV,1.0845,1.0789,-3.59439292876488,-3.597342569759779,0.01957,0.03248,4.4342
1403,154,0.6185,0.3815,CV,0.8698,0.8728,-3.1968295901705193,-3.2057524393851273,-0.02719,-0.00654,7.5108
1403,180,0.6478,0.3522,CV,1.5681,1.5681,-6.996430543444148,-7.008817688293484,-0.36983,-0.53101,119.0342
1404,161,0.6186,0.3814,CV,1.1544,1.1463,-5.876643725922136,-5.885766043968661,-0.14489,0.07371,48.1731
1404,174,0.6182,0.3818,CV,1.8527,1.8531,-3.719421959653789,-3.725824131589185,0.02954,-0.03909,8.8042
1404,177,0.6182,0.3818,CV,2.1447,2.152,-3.681026981448703,-3.6909851411416676,-0.02114,-0.02597,4.2398
1404,154,0.6183,0.3817,CV,0.988,0.9873,-3.9484270179109675,-3.956098864132945,-0.07214,0.01459,7.6183
1404,180,0.6359,0.3641,CV,6.9411,6.9441,-11.135196695457575,-11.174488420675898,-3.92786,2.9021,173.7611
1405,161,0.6186,0.3814,CV,1.3687,1.3598,-5.827785992616754,-5.836868392331787,-0.18291,0.07741,47.684
1405,174,0.6188,0.3812,CV,0.9179,0.9241,-3.4733252512112673,-3.4836448964859015,0.02741,-0.00898,8.667
1405,177,0.6181,0.3819,CV,1.0879,1.0892,-2.5447988574260103,-2.552204137252785,-0.05012,-0.03151,4.3155
1405,154,0.6186,0.3814,CV,0.8263,0.8292,-3.2966072707541234,-3.3060234002863043,-0.01155,0.01579,7.6052
1405,180,0.6216,0.3784,CV,11.8646,11.9091,-11.57932696954145,-11.575355902494,-6.18338,-0.97182,206.9345
1406,161,0.6187,0.3813,CV,1.4825,1.476,-5.904096815723783,-5.913477479229402,-0.11513,0.11015,46.7395
1406,174,0.6181,0.3819,CV,1.8786,1.879,-5.214353641184244,-5.220605646674592,0.01873,0.02844,8.3526
1406,177,0.6183,0.3817,CV,0.6957,0.6948,-2.49286276272928,-2.5010565143463257,-0.04516,-0.05245,4.3107
1406,154,0.6187,0.3813,CV,0.6061,0.6082,-3.662162272803191,-3.6714966432169627,0.00427,-0.01408,7.7121
1406,180,0.6416,0.3584,CV,3.2645,3.3617,-9.18860203426446,-9.29173759315443,-1.84742,0.70143,218.1654
1407,161,0.619,0.381,CV,1.5293,1.5342,-6.168934869163403,-6.1791312058432215,-0.09834,0.07884,46.5395
1407,174,0.6184,0.3816,CV,0.5651,0.5596,-3.1091363730204127,-3.1180458261257544,0.01072,-0.00084,8.215
1407,177,0.6186,0.3814,CV,0.3941,0.3946,-2.2496249194763953,-2.259059991382166,-0.00496,-0.04257,4.2945
1407,154,0.6186,0.3814,CV,0.8204,0.8204,-3.2344146516040175,-3.2432651837868334,0.00658,-0.04246,7.6914
1407,180,0.6364,0.3636,CV,5.237,5.1503,-7.09209995821061,-7.143040750250706,0.77489,-0.51627,207.9868
1408,161,0.619,0.381,CV,0.8968,0.8934,-5.745929456013831,-5.755789929000429,-0.09516,0.07075,45.7397
1408,174,0.6189,0.3811,CV,0.6059,0.6054,-3.315607923600015,-3.325834076898857,-0.02477,-0.03567,8.127
1408,177,0.6188,0.3812,CV,0.2912,0.2903,-2.2049455368425517,-2.214424049774571,-0.02241,-0.02852,4.2949
1408,154,0.6188,0.3812,CV,0.3633,0.3632,-3.108281210673862,-3.117795397797771,0.005,-0.00839,7.686
1408,180,0.6339,0.3661,CV,8.7601,8.8968,-7.828569992154689,-7.876385526101135,1.98316,1.4072,195.6302
1409,161,0.6188,0.3812,CV,1.4508,1.4447,-5.617523783146852,-5.626635458662243,-0.14884,0.06827,44.8176
1409,174,0.6191,0.3809,CV,0.8587,0.8626,-3.115823323936231,-3.1265465387626485,0.00333,-0.03049,8.1383
1409,177,0.6188,0.3812,CV,0.7554,0.7567,-2.2961891198336417,-2.3054759926367243,-0.01966,0.03661,4.2941
1409,154,0.6185,0.3815,CV,1.0056,1.0038,-3.1902018709844393,-3.198426748897886,0.00299,0.03031,7.5982
1409,180,0.6259,0.3741,CV,4.6805,4.5677,-8.384583468219692,-8.401742301397517,2.15252,0.85558,179.1091
1410,161,0.6188,0.3812,CV,1.1741,1.1653,-5.573111958446232,-5.582360257318306,-0.14056,0.09467,43.919
1410,174,0.6185,0.3815,CV,1.2957,1.295,-3.355407943623249,-3.3629697755491534,-0.04409,-0.01859,8.2098
1410,154,0.6187,0.3813,CV,0.3428,0.3378,-3.0328498243720716,-3.042362505528811,0.00138,0.03032,7.5564
1410,180,0.6191,0.3809,CV,6.8221,6.7439,-9.626085272042229,-9.626374658689866,2.19583,-0.01286,163.7921
1410,177,0.6189,0.3811,CV,0.3775,0.3791,-2.159028585009165,-2.1689040073795742,0.01343,0.01275,4.291
1411,161,0.6188,0.3812,CV,1.8077,1.8088,-5.8458227956815225,-5.855247407168742,-0.11766,0.0881,43.7217
1411,174,0.6178,0.3822,CV,2.0377,2.0382,-3.8056927809695726,-3.8111303184995546,-0.14418,-0.00853,7.9911
1411,177,0.6186,0.3814,CV,0.7088,0.7079,-2.6183702797484165,-2.6266988473346435,0.01653,0.05624,4.2865
1411,154,0.6189,0.3811,CV,1.0573,1.0604,-3.1996718036891267,-3.2095870673279903,-0.05445,-0.00573,7.6362
1411,180,0.6127,0.3873,CV,7.7052,7.5931,-15.81461049177347,-15.79756873557562,2.23299,-0.28237,150.0109
1412,161,0.6185,0.3815,CV,2.0715,2.0658,-5.819028696713595,-5.827034016113441,-0.14803,0.02294,43.6577
1412,174,0.6188,0.3812,CV,1.5162,1.5233,-4.473701340462094,-4.484623473990742,0.01624,0.0254,7.8592
1412,177,0.6187,0.3813,CV,0.4448,0.4451,-2.210187681451523,-2.2195169432522777,0.03834,0.02136,4.2814
1412,154,0.619,0.381,CV,0.5626,0.5651,-3.133058541461155,-3.1429860687242037,0.00234,-0.01136,7.6672
1412,180,0.6055,0.3945,CV,35.4287,35.5294,-127.22538567877977,-127.18777349444223,-1.26094,0.39223,150.2201
1413,161,0.6185,0.3815,CV,2.074,2.0745,-5.666768511984469,-5.675540352631889,-0.17873,0.06787,42.6405
1413,174,0.6183,0.3817,CV,1.3144,1.3138,-4.716507209513646,-4.724006547808305,0.10343,-8e-05,7.7864
1413,177,0.6185,0.3815,CV,0.745,0.7452,-2.357987332363215,-2.366265806889341,0.03064,0.0061,4.3536
1413,154,0.6189,0.3811,CV,0.2016,0.201,-3.077023781207992,-3.0864221389698066,0.01402,-0.00871,7.6643
1413,180,0.6017,0.3983,CV,39.5755,39.7012,-82.21503273181722,-82.17236051433852,2.10364,-0.41431,129.3504
1414,161,0.6183,0.3817,CV,1.888,1.8809,-5.622566657881688,-5.630338715856468,-0.19509,0.06887,42.4547
1414,174,0.6179,0.3821,CV,1.6512,1.6509,-3.4879835658749108,-3.4942267879319493,0.09096,0.02246,7.9251
1414,154,0.6187,0.3813,CV,0.8507,0.8516,-3.597874581621829,-3.6069202023182365,0.01287,0.02115,7.5556
1414,180,0.6097,0.3903,CV,5.2587,5.198,-32.96262623680405,-32.95870550994096,1.76122,-0.17257,121.7224
1414,177,0.6184,0.3816,CV,0.5069,0.506,-2.531272137502552,-2.539583231278035,0.01891,-0.02512,4.3945
1415,161,0.6184,0.3816,CV,1.2475,1.2374,-5.537353970379142,-5.545731110801673,-0.20219,0.03425,42.0473
1415,174,0.6167,0.3833,CV,2.2129,2.2095,-4.163178064355592,-4.165135262073382,0.0158,-0.00094,8.2004
1415,154,0.6188,0.3812,CV,0.5639,0.5665,-3.1147722931305917,-3.124410038704714,0.00893,-0.00493,7.6024
1415,180,0.6111,0.3889,CV,17.8465,17.9048,-35.67964550764561,-35.66982896360327,-0.54566,-0.82768,108.3314
1415,177,0.618,0.382,CV,0.9038,0.9026,-2.681289387988884,-2.687930880498626,-0.01391,-0.00249,4.4921
1415,182,0.7,0.3,CV,58.2881,58.2881,-17.43061671361061,-17.43061671361061,0.0,0.0,326.9013
1416,161,0.6186,0.3814,CV,1.3614,1.3613,-5.5303684476135455,-5.539658635194758,-0.14839,0.00063,41.1722
1416,174,0.6177,0.3823,CV,0.5722,0.5717,-3.3138162556373905,-3.3217212162812486,0.03786,0.01731,8.2223
1416,154,0.6186,0.3814,CV,1.0163,1.0168,-3.269705720449652,-3.278192308931743,-0.04588,0.04256,7.6338
1416,180,0.5955,0.4045,CV,12.4012,12.3356,-25.36429091692293,-25.28737709968391,-1.68912,-1.02166,95.8981
1416,182,0.6348,0.3652,CV,74.9707,74.9707,-22.317031111807296,-22.27288631583497,-6.67259,-6.22775,483.4441
1416,177,0.6184,0.3816,CV,1.3385,1.3423,-2.842640969044899,-2.8514020428227416,-0.01947,-0.0223,4.3905
1417,161,0.6186,0.3814,CV,1.2858,1.2785,-5.413522831470569,-5.422460396848525,-0.14955,0.03189,40.3834
1417,174,0.6163,0.3837,CV,2.3055,2.3004,-5.018061730474474,-5.018550029525651,-0.01229,0.03803,8.5571
1417,154,0.6188,0.3812,CV,0.5358,0.5388,-3.1042257095967245,-3.113799689527248,0.0073,0.01454,7.6357
1417,180,0.6124,0.3876,CV,5.3369,5.366,-16.7185668306088,-16.73536780179709,-1.4191,-0.42487,87.897
1417,182,0.5663,0.4337,CV,77.511,77.0325,-21.325036698056575,-21.09303208067203,-15.33452,-11.90922,811.6272
1417,177,0.6184,0.3816,CV,0.5212,0.5199,-2.220269115890166,-2.2287091753917396,-0.01628,0.00555,4.3523
1418,161,0.6188,0.3812,CV,1.0553,1.0492,-5.360625222206447,-5.3700721045770266,-0.15918,-0.01693,39.852
1418,174,0.6176,0.3824,CV,0.2194,0.2237,-3.4791919348462508,-3.487162613180058,-0.00125,0.01226,8.6987
1418,177,0.6187,0.3813,CV,0.1886,0.1856,-2.128942138785845,-2.138490049947371,-0.012,0.00869,4.3544
1418,154,0.6187,0.3813,CV,0.7844,0.7851,-3.1019927748453475,-3.1110176650384354,0.01743,0.00366,7.5318
1418,180,0.6203,0.3797,CV,9.5012,9.5715,-32.27773053065514,-32.302864778693085,0.02395,0.06248,81.3798
1418,182,0.5261,0.4739,CV,64.0214,62.466,-19.776232603798714,-19.482657786909243,-21.88919,-12.49832,1220.0393
1419,161,0.6186,0.3814,CV,2.0767,2.0756,-5.609165410255731,-5.617905219132858,-0.16212,-0.01156,39.8629
1419,174,0.6179,0.3821,CV,2.5271,2.5326,-4.483350672170122,-4.490633500212699,0.0003,0.05063,8.4331
1419,154,0.6188,0.3812,CV,0.654,0.6559,-3.1190768672743996,-3.1285086532558335,0.01467,-0.02661,7.5825
1419,180,0.6187,0.3813,CV,3.9205,3.9075,-16.50161620623012,-16.50855102437105,-0.2416,0.146,75.1723
1419,182,0.5384,0.4616,CV,44.8778,42.6929,-20.91563011626384,-20.72990469528142,-26.34637,-11.6094,1616.0899
1419,177,0.6189,0.3811,CV,0.0699,0.0674,-2.117031666346313,-2.1270538832584447,-0.00844,0.00537,4.354
1420,161,0.6187,0.3813,CV,2.2584,2.26,-5.526531200955135,-5.535636065104929,-0.16177,0.00333,38.729
1420,174,0.6184,0.3816,CV,0.6922,0.6937,-3.344288712888888,-3.353412700059402,-0.02778,-0.0102,8.5011
1420,177,0.6187,0.3813,CV,0.8854,0.8868,-2.5485169279951196,-2.557496863540581,0.0205,0.02795,4.4265
1420,154,0.6187,0.3813,CV,0.7876,0.7887,-3.1847573063883843,-3.193842348844575,-0.04151,-0.00012,7.6172
1420,180,0.6113,0.3887,CV,10.6109,10.5873,-27.645056877186573,-27.622762076792785,-0.2183,0.6642,72.4839
1420,182,0.5594,0.4406,CV,36.4411,34.2114,-24.113944152656423,-23.99524426243363,-27.13692,-10.17728,1954.9671
1421,161,0.6186,0.3814,CV,2.7386,2.7431,-5.670287937994133,-5.679048379017079,-0.1,0.04198,38.8764
1421,174,0.6187,0.3813,CV,0.9019,0.9043,-3.3754215611678666,-3.384938266647148,-0.00039,-0.04802,8.7163
1421,154,0.6185,0.3815,CV,0.9498,0.9502,-3.2370036165632525,-3.245321960292654,0.00933,0.00509,7.7261
1421,180,0.6098,0.3902,CV,11.4912,11.4771,-24.742090578070616,-24.72479978161747,0.54613,0.53693,70.5681
1421,182,0.5483,0.4517,CV,65.2297,63.3465,-22.07681301266554,-21.882610866822226,-27.00199,-6.3002,2343.928
1422,161,0.6186,0.3814,CV,1.3472,1.3429,-5.466112908931318,-5.474971502706396,-0.14844,0.0478,38.4312
1422,174,0.6185,0.3815,CV,1.4396,1.4398,-3.542516814774887,-3.550596870458528,0.032,-0.04318,8.6121
1422,154,0.6185,0.3815,CV,0.3172,0.3142,-3.149755457594864,-3.1582706850403848,0.01826,0.00446,7.7909
1422,180,0.612,0.388,CV,5.4087,5.3615,-19.147969621456276,-19.14179935484973,0.28995,0.52254,69.5085
1422,182,0.5798,0.4202,CV,30.9437,28.8545,-23.98028642738138,-23.930508899119204,-23.57502,-4.46947,2625.6445
1423,161,0.6187,0.3813,CV,0.2679,0.2636,-5.49169204577869,-5.501111127022823,-0.09764,0.01704,37.9786
1423,174,0.6179,0.3821,CV,1.5084,1.5049,-3.578992228580038,-3.585168094124368,0.05682,0.02923,8.4618
1423,154,0.6185,0.3815,CV,0.3852,0.3846,-3.2304172292494506,-3.2390237820427834,0.01526,0.02684,7.8266
1423,180,0.5793,0.4207,CV,45.2135,45.2058,-73.62093775214584,-73.4758041899562,-1.6765,0.64131,75.6853
1423,182,0.6143,0.3857,CV,20.4735,21.7187,-25.764346382807474,-25.811964974669632,-13.74592,-2.70762,2729.0064
1424,161,0.6188,0.3812,CV,0.5792,0.5797,-5.692835017944138,-5.702312008045263,-0.03966,0.03967,37.6736
1424,174,0.6145,0.3855,CV,2.7143,2.7057,-6.394179942895058,-6.386733308660483,0.076,0.03772,8.0861
1424,154,0.6183,0.3817,CV,1.5806,1.5826,-3.988734283536073,-3.9965203622364527,0.01034,-0.00225,7.6479
1424,180,0.6162,0.3838,CV,21.2343,21.363,-15.578681890141,-15.635382228441571,-0.04327,0.12193,72.0637
1424,182,0.6184,0.3816,CV,23.6284,23.4981,-31.6308795826435,-31.64530058011436,-9.91845,-1.72446,2774.1315
1424,177,0.5,0.5,CA,1.0136,1.0145,-4.163977133572331,-4.175236663373067,-0.03136,-0.01576,4.898
1425,161,0.6188,0.3812,CV,0.5883,0.5894,-5.718256104952192,-5.727863038752057,-0.04878,0.01379,37.1759
1425,174,0.6194,0.3806,CV,1.7728,1.7894,-3.476169622404906,-3.494501428094368,0.01791,-0.03809,8.1945
1425,154,0.6184,0.3816,CV,0.6983,0.6949,-3.4350082868200245,-3.4434448169236935,0.00611,-0.03651,7.5816
1425,180,0.5898,0.4102,CV,38.1872,38.1752,-49.454230393747714,-49.34595093333779,-1.86891,0.43411,77.7487
1425,182,0.6167,0.3833,CV,34.0422,33.7436,-40.15713288578607,-40.15839204937398,-8.74721,-1.31334,2787.544
1425,177,0.5769,0.4231,CV,0.8084,0.8089,-2.5260453725287184,-2.5337305219716812,-0.02741,-0.0435,4.6859
1426,161,0.6187,0.3813,CV,1.5543,1.5521,-5.611677379724571,-5.620403332242882,-0.12089,0.01134,37.0402
1426,174,0.6193,0.3807,CV,0.9445,0.9465,-3.1602714868643096,-3.1710645114100244,-0.03361,-0.0429,8.2334
1426,154,0.6188,0.3812,CV,0.2373,0.2329,-3.2643452994793227,-3.2742343729983836,0.00311,-0.03363,7.5644
1426,180,0.6163,0.3837,CV,18.9018,19.0185,-13.538269396056236,-13.579913699035979,-0.0501,0.00128,78.9273
1426,182,0.6175,0.3825,CV,33.4707,33.3923,-47.03004760134283,-47.036879061349964,-6.02806,-1.34044,2745.8167
1426,177,0.6043,0.3957,CV,0.9383,0.94,-2.748794063538398,-2.758868465291049,0.0464,-0.04069,4.6427
1427,161,0.6186,0.3814,CV,0.9906,0.9834,-5.536024436768872,-5.544777934071958,-0.13035,0.01411,36.8892
1427,174,0.6189,0.3811,CV,0.6844,0.6818,-3.1026877141226814,-3.1119021843657517,-0.06439,-0.02992,8.1706
1427,154,0.619,0.381,CV,0.0463,0.0432,-2.8994019169202887,-2.9097150923623176,0.00119,-0.0229,7.5402
1427,180,0.6151,0.3849,CV,9.2298,9.2132,-16.81326305651565,-16.81085943842229,0.26655,-0.16368,82.9901
1427,182,0.6165,0.3835,CV,32.724,32.5386,-53.88567178655816,-53.88719294157241,-4.3767,-1.34616,2683.7933
1427,177,0.6137,0.3863,CV,1.0745,1.0744,-2.6861585943486794,-2.695456147012844,-0.01965,-0.02861,4.5538
1428,161,0.6184,0.3816,CV,1.9227,1.9194,-5.9284714974733,-5.9363688895790325,-0.06971,0.04173,37.156
1428,174,0.6188,0.3812,CV,0.2604,0.2564,-3.032241075745468,-3.0416228820907696,-0.05394,-0.01686,8.1049
1428,154,0.6184,0.3816,CV,1.7095,1.7115,-4.246163878824907,-4.25368954766919,-0.052,-0.01317,7.7116
1428,180,0.6161,0.3839,CV,9.3998,9.4074,-8.111700966722388,-8.11518360896908,0.67522,-0.10582,83.413
1428,182,0.6145,0.3855,CV,37.9923,37.7566,-66.26140583520281,-66.25608752857275,-3.25526,-1.37785,2593.9481
1428,177,0.6173,0.3827,CV,0.7537,0.7518,-2.367985410920895,-2.3783406226570944,0.04356,-0.0525,4.508
1429,161,0.6186,0.3814,CV,2.533,2.5388,-5.64351528384488,-5.652543591761441,-0.11263,0.0673,36.3117
1429,174,0.6185,0.3815,CV,1.7811,1.784,-4.907845832598875,-4.915912793548497,0.017,0.04718,7.8303
1429,154,0.6187,0.3813,CV,0.3323,0.3327,-3.200887833761789,-3.2102303595337087,-0.04868,-0.00648,7.6933
1429,180,0.5993,0.4007,CV,39.5402,39.5747,-47.314854929259575,-47.24649019593453,-2.00204,0.328,89.0834
1429,182,0.6135,0.3865,CV,32.2529,31.9288,-75.64697472980791,-75.64041684419796,-3.0111,-1.42016,2506.7635
1429,177,0.6186,0.3814,CV,0.741,0.7407,-2.316317808201485,-2.3273351506791706,-0.02443,-0.07371,4.4642
1430,161,0.6184,0.3816,CV,1.7926,1.7883,-5.47490803797073,-5.4829477259997725,-0.16393,0.08307,36.2758
1430,174,0.6187,0.3813,CV,1.4704,1.4747,-3.30253115103648,-3.311993667855136,-0.05796,0.01878,7.8755
1430,154,0.6187,0.3813,CV,0.7037,0.7066,-3.2006612219475907,-3.2099945408764237,0.01759,-0.00218,7.6608
1430,180,0.5778,0.4222,CV,29.6418,29.5386,-37.37332411110789,-37.240817871242186,-3.21364,0.40836,89.9663
1430,182,0.6147,0.3853,CV,21.141,20.7972,-78.41490192032512,-78.41496184281957,-2.61058,-1.2512,2433.5572
1430,177,0.0,1.0,CA,498.2597,498.2587,-38994.10242516374,-38852.61654007693,-18.88082,1.35157,6.081
1431,161,0.6178,0.3822,CV,3.1689,3.1639,-5.929164498651634,-5.934968470166688,-0.19705,0.01471,36.9696
1431,154,0.6186,0.3814,CV,0.8496,0.8501,-3.562205293133001,-3.571034006155677,0.02837,0.00049,7.5543
1431,180,0.5962,0.4038,CV,8.7334,8.6028,-35.008119732658756,-34.98295005054407,-2.55739,0.50306,95.478
1431,182,0.6161,0.3839,CV,16.0192,15.7229,-81.34279731581437,-81.34688848006874,-2.22186,-0.74047,2363.1345
1431,174,0.6187,0.3813,CV,1.0088,1.0101,-3.268878880992232,-3.277825967889351,-0.00655,-0.0437,7.8926
1432,161,0.6183,0.3817,CV,1.0238,1.0205,-5.576800803721053,-5.585488838706703,-0.16481,0.04689,36.8109
1432,174,0.6182,0.3818,CV,1.1779,1.1769,-3.3730726661527144,-3.380303674570643,0.02983,0.0068,7.9601
1432,154,0.6182,0.3818,CV,1.2861,1.2841,-4.468453160316225,-4.475389832511934,0.02325,0.05777,7.4
1432,180,0.5873,0.4127,CV,21.7812,21.6429,-17.10814591534197,-17.019205129149633,-3.11493,0.68934,104.5828
1432,182,0.6181,0.3819,CV,5.9773,5.8488,-78.66308043556934,-78.6732659801144,-1.61663,-0.12594,2315.3392
1433,161,0.6185,0.3815,CV,0.4427,0.4352,-5.375270513121249,-5.38408078663988,-0.12322,0.04148,36.6677
1433,174,0.616,0.384,CV,2.6818,2.6768,-4.536361509729753,-4.5346045311853045,0.0495,-0.02799,8.3062
1433,154,0.6187,0.3813,CV,0.6261,0.6261,-5.318138694710975,-5.328123070662317,0.01558,-0.00507,7.3216
1433,180,0.6126,0.3874,CV,8.705,8.8433,-27.18598010006551,-27.215667153764926,-1.52643,0.26341,105.493
1433,182,0.619,0.381,CV,10.7104,10.7946,-66.91351317629343,-66.92477695151427,-0.59731,0.60195,2284.0144
1433,185,0.7,0.3,CV,2.6249,2.6249,-5.238237476511395,-5.238237476511395,0.0,0.0,14.8044
1434,161,0.6186,0.3814,CV,1.0196,1.0199,-5.875825218887549,-5.884768221925773,-0.03914,0.05432,36.8967
1434,174,0.6167,0.3833,CV,0.965,0.955,-4.259288261757088,-4.2637847682910195,0.01859,-0.00626,8.5194
1434,154,0.619,0.381,CV,1.063,1.0665,-3.5009950164461157,-3.5112518695517236,-0.04674,-0.01617,7.3637
1434,180,0.619,0.381,CV,11.4538,11.5339,-27.583635419562164,-27.602935771739343,0.05523,0.07368,109.0281
1434,182,0.6188,0.3812,CV,20.1133,20.1665,-47.81480856186774,-47.82401694406245,0.50586,0.93472,2284.4875
1434,185,0.6476,0.3524,CV,1.7552,1.7552,-4.431944513116296,-4.443421777648877,0.50182,0.37567,20.0524
1435,161,0.6184,0.3816,CV,1.3738,1.3687,-6.033588438406949,-6.041783161971726,-0.01976,0.09097,37.2765
1435,174,0.6175,0.3825,CV,0.256,0.2504,-4.024962486757551,-4.032092782789758,0.00478,0.00193,8.6254
1435,154,0.6189,0.3811,CV,0.5325,0.5317,-3.83055240229866,-3.8400117848138633,-0.04547,0.01318,7.3598
1435,180,0.6182,0.3818,CV,7.7548,7.7596,-13.76697507114986,-13.773560643170281,-0.54176,0.03221,111.248
1435,182,0.6183,0.3817,CV,27.1504,27.1856,-66.7929469368762,-66.8003999275353,-1.38801,0.37487,2252.2207
1435,185,0.6344,0.3656,CV,2.9819,2.9717,-4.9954991914514535,-5.02867439083216,2.44405,1.08112,28.8498
1436,161,0.6185,0.3815,CV,1.2659,1.2646,-6.077474962488177,-6.08614740356272,0.03067,0.12121,37.2592
1436,174,0.6182,0.3818,CV,0.8688,0.8749,-3.5146314287641944,-3.523519396394018,-0.00186,0.00509,8.6239
1436,154,0.6188,0.3812,CV,0.1876,0.1855,-2.935366826329438,-2.944756768515437,-0.0304,0.01554,7.3263
1436,180,0.6186,0.3814,CV,4.516,4.5236,-11.253784904780893,-11.263081560170168,-0.35861,0.00994,116.5622
1436,182,0.6166,0.3834,CV,35.4123,35.3407,-61.128653777539675,-61.12948411486711,-2.85133,-0.179,2198.9552
1436,185,0.6232,0.3768,CV,3.2777,3.1891,-5.126427496664575,-5.131451395587845,3.85143,1.14724,35.6036
1437,161,0.6181,0.3819,CV,3.0525,3.051,-5.986717008484967,-5.993752020114199,-0.02972,0.19462,36.5841
1437,174,0.6178,0.3822,CV,1.9915,1.9922,-3.915518616655734,-3.921435678455806,-0.03101,0.00638,8.4615
1437,154,0.6184,0.3816,CV,0.9209,0.9194,-3.4788642165012953,-3.486564538977212,-0.01643,0.0362,7.3976
1437,180,0.6183,0.3817,CV,6.5629,6.5708,-9.410977606375495,-9.418725067549488,0.08094,-0.21672,122.2019
1437,182,0.6144,0.3856,CV,39.1134,38.9455,-52.79214030985742,-52.78616970224846,-4.18299,-0.70583,2155.9541
1437,185,0.6239,0.3761,CV,2.2374,2.0671,-5.193022123888609,-5.217762091831604,3.65971,0.51252,38.3748
1438,161,0.6175,0.3825,CV,3.2049,3.1944,-5.947570066860394,-5.952370363421205,0.01252,0.20424,35.6428
1438,174,0.6184,0.3816,CV,0.679,0.678,-3.343226407283339,-3.352259154610064,-0.05784,0.03441,8.5593
1438,154,0.6187,0.3813,CV,0.5241,0.5284,-3.015454558631133,-3.025135523838559,-0.00636,0.00504,7.327
1438,180,0.6186,0.3814,CV,4.3141,4.3305,-7.915413487550482,-7.924662675331742,-0.14514,-0.13451,123.8469
1438,182,0.613,0.387,CV,37.0324,36.7938,-42.05685545555278,-42.04839312203869,-5.11353,-1.03639,2136.0547
1438,185,0.6275,0.3725,CV,1.3928,1.227,-4.933640503877058,-4.972545159444723,2.733,0.38415,38.4689
1439,161,0.619,0.381,CV,2.3963,2.4131,-6.491218820159444,-6.503249924013664,-0.05174,0.10291,36.0609
1439,174,0.6188,0.3812,CV,0.7574,0.7607,-3.4583382504954527,-3.468396129551834,-0.04805,0.00494,8.7691
1439,154,0.6181,0.3819,CV,1.4461,1.4457,-5.481634603924764,-5.488041491456348,-0.00014,-0.02758,7.4825
1439,180,0.6182,0.3818,CV,4.9276,4.9242,-7.928982784875946,-7.936338541128722,-0.05197,-0.27387,124.6694
1439,182,0.6126,0.3874,CV,32.766,32.4746,-35.52820957147219,-35.52010499866873,-5.33188,-1.2695,2107.5041
1439,185,0.622,0.378,CV,2.3689,2.2705,-4.965407582109025,-4.975320939056657,2.09911,0.53671,37.4082
1440,161,0.619,0.381,CV,1.3064,1.3051,-5.790812442706236,-5.800706370430787,-0.11656,0.03744,35.7962
1440,174,0.617,0.383,CV,2.8572,2.8576,-5.988390315777643,-5.9903524830906445,-0.03308,0.02647,8.4212
1440,180,0.6186,0.3814,CV,1.9253,1.9378,-7.482413632879088,-7.49186697415325,0.01404,-0.04187,127.6447
1440,182,0.6123,0.3877,CV,33.6718,33.3892,-35.95315637106745,-35.94401507455248,-5.12892,-1.68906,2051.3085
1440,185,0.6216,0.3784,CV,1.3462,1.2406,-4.748384080224995,-4.765123681818185,1.49283,0.49151,35.5203
1440,154,0.6174,0.3826,CV,1.3574,1.3522,-4.956664157350918,-4.961187358255382,0.00351,-0.05008,7.697
1441,161,0.619,0.381,CV,1.131,1.1328,-6.246526580942815,-6.256399457280022,-0.0477,0.08017,35.6781
1441,174,0.6183,0.3817,CV,1.4063,1.4099,-4.422921807631068,-4.432922825206938,-0.1092,0.05301,8.4864
1441,154,0.6178,0.3822,CV,1.024,1.024,-4.61178225056875,-4.619097349685365,0.00548,0.02589,7.8085
1441,180,0.6183,0.3817,CV,6.5012,6.5092,-10.265475549419293,-10.273071255551011,-0.20895,-0.09401,134.1165
1441,182,0.6147,0.3853,CV,24.314,24.1551,-19.518791819347268,-19.52063165468217,-4.73507,-0.85689,2058.5924
1441,185,0.6095,0.3905,CV,4.2834,4.2105,-8.139620910287167,-8.105674827626304,1.6229,0.23117,33.9897
1442,161,0.6186,0.3814,CV,2.4124,2.4113,-6.006028558523232,-6.014400444754797,-0.13526,0.07796,34.8832
1442,174,0.6191,0.3809,CV,0.4944,0.5002,-3.145512401558489,-3.156923988116997,-0.03497,0.04352,8.5474
1442,154,0.6184,0.3816,CV,1.4847,1.4901,-3.5198614577352783,-3.5289760951559854,0.00666,0.01274,7.6673
1442,180,0.6182,0.3818,CV,3.6257,3.6159,-10.669591109551105,-10.677000353204182,-0.10977,-0.25449,139.0049
1442,182,0.6157,0.3843,CV,19.9224,19.6991,-18.16114800838694,-18.163401717766895,-4.18921,-0.02277,2035.6419
1442,185,0.6152,0.3848,CV,1.0992,1.0179,-6.220291743016013,-6.228297694279076,1.11412,0.20398,32.3909
1443,161,0.6186,0.3814,CV,1.4261,1.4196,-5.876612231092814,-5.885368337552121,-0.17186,0.0919,34.5916
1443,174,0.6185,0.3815,CV,1.4724,1.4716,-3.609285552976944,-3.6170871119371246,-0.035,-0.00064,8.3108
1443,154,0.6171,0.3829,CV,2.1983,2.1968,-3.8781795864552344,-3.880982535773087,-0.04764,-0.02149,7.433
1443,180,0.6185,0.3815,CV,5.6924,5.7122,-9.27622026021642,-9.285143268986078,-0.00015,0.04876,139.7451
1443,182,0.6154,0.3846,CV,24.9744,24.7645,-18.652120155419226,-18.651553274177026,-4.08941,0.19286,1986.287
1443,185,0.6209,0.3791,CV,1.6416,1.6927,-5.519714599874907,-5.543321669357716,0.51131,0.13081,30.6208
1444,161,0.6181,0.3819,CV,3.0642,3.0608,-6.011638960759925,-6.018441139111983,-0.07409,0.16364,33.481
1444,174,0.6179,0.3821,CV,1.4678,1.4636,-3.8905700283548112,-3.896437815432867,0.04039,-0.04096,8.0691
1444,154,0.6183,0.3817,CV,1.3474,1.3506,-3.2637187439033286,-3.273408530191576,0.07774,-0.02204,7.4641
1444,180,0.6169,0.3831,CV,10.5228,10.5156,-8.654365378139756,-8.656212896637289,0.09245,-0.06504,136.7249
1444,182,0.6143,0.3857,CV,29.0457,28.8123,-13.668413008763522,-13.663781259705997,-4.66424,0.30403,1949.5204
1444,185,0.621,0.379,CV,1.6397,1.6618,-4.804081783935886,-4.819626612374361,0.14493,0.10692,29.3162
1445,174,0.6192,0.3808,CV,0.7747,0.7822,-2.9694974900818583,-2.9820275301266412,0.01567,0.02419,8.0268
1445,180,0.6183,0.3817,CV,2.313,2.3245,-8.250396826649606,-8.260538638937035,-0.06314,0.08713,139.3787
1445,182,0.6179,0.3821,CV,8.0871,8.2714,-12.558149217285091,-12.570559952096485,-2.47279,0.41895,1942.2016
1445,185,0.6201,0.3799,CV,0.6617,0.6682,-4.649688244466592,-4.661169400423272,0.07505,0.02117,28.1407
1445,161,0.6179,0.3821,CV,3.2592,3.2578,-6.1205481915697,-6.127207329234626,-0.08929,0.30471,33.3973
1446,161,0.6181,0.3819,CV,2.5683,2.5655,-5.590260777118042,-5.597948564209747,-0.22805,0.16316,33.2484
1446,174,0.618,0.382,CV,2.5597,2.563,-5.364425235745145,-5.3698611017430835,-0.01785,0.00225,8.269
1446,180,0.6188,0.3812,CV,0.8269,0.8218,-9.916172957635526,-9.926321514588505,-0.04211,0.11013,142.3178
1446,182,0.6189,0.3811,CV,17.8847,17.9833,-11.639344113717705,-11.650269434463961,-0.58731,0.66056,1949.5901
1446,185,0.6193,0.3807,CV,1.2064,1.2071,-5.030810266637763,-5.040562028145617,0.0222,-9e-05,26.9036
1446,154,0.5,0.5,CA,2.3657,2.3702,-4.574019387596968,-4.58404230966526,0.00976,-0.00855,8.4177
1447,161,0.6136,0.3864,CV,7.2393,7.2274,-7.432367600191033,-7.421039538797163,-0.58722,0.05816,33.6047
1447,174,0.6144,0.3856,CV,3.3265,3.3184,-7.893513731975391,-7.885506715318676,-0.03889,-0.02493,8.703
1447,180,0.6189,0.3811,CV,2.1473,2.1486,-10.693728866053716,-10.703511686284372,0.12608,0.06834,144.3771
1447,182,0.6189,0.3811,CV,9.5192,9.5548,-11.330387633333018,-11.33994685292066,0.29319,0.26648,1936.3225
1447,185,0.619,0.381,CV,0.9865,0.9878,-4.618174525903548,-4.627524380403915,-0.05338,-0.02741,26.1096
1447,154,0.576,0.424,CV,1.6072,1.6012,-4.487910801645754,-4.492028575193875,-0.04892,0.02069,8.3756
1448,161,0.6157,0.3843,CV,1.7611,1.7289,-5.93358399104283,-5.937522777789084,-0.43576,0.06269,33.7322
1448,174,0.6185,0.3815,CV,2.7092,2.725,-4.599268831680613,-4.613935166498874,0.01336,0.01894,8.3174
1448,180,0.6188,0.3812,CV,3.443,3.4491,-13.495265406286926,-13.504513707079767,0.14936,-0.12844,147.6074
1448,182,0.6188,0.3812,CV,7.4937,7.5024,-11.608952686358023,-11.618090276349577,0.48398,-0.00068,1911.6942
1448,185,0.6185,0.3815,CV,1.8345,1.8334,-4.784116737742778,-4.792109111746634,0.01545,-0.02095,25.0297
1448,154,0.6043,0.3957,CV,1.2993,1.3071,-3.4932109801926456,-3.5044170332773024,-0.04933,0.05123,8.2792
1449,161,0.6163,0.3837,CV,2.8669,2.8502,-6.644529019573859,-6.647722638290064,-0.30229,0.08605,34.3603
1449,174,0.6182,0.3818,CV,1.1407,1.1406,-3.309367316605079,-3.3167478738853067,0.07276,-0.02859,8.2632
1449,180,0.6188,0.3812,CV,2.3524,2.3632,-13.351103559779125,-13.360530575141507,-0.0093,0.0258,149.2879
1449,182,0.6186,0.3814,CV,9.6729,9.656,-11.899322816298406,-11.90808087156601,0.53659,0.14336,1882.7816
1449,185,0.6182,0.3818,CV,1.5171,1.5097,-4.618387931437507,-4.625588343190548,-0.00668,-0.03621,24.0255
1449,154,0.614,0.386,CV,0.9031,0.9065,-3.501125837389306,-3.511737052136983,0.02745,0.01319,8.2937
1449,187,0.7,0.3,CV,0.0,0.0,-2.929254856547037,-2.929254856547037,0.0,0.0,3.9868
1450,161,0.618,0.382,CV,3.668,3.6822,-7.233709742658491,-7.243435907636947,-0.06058,0.20254,33.8297
1450,174,0.6187,0.3813,CV,0.7969,0.8009,-3.5834370284523644,-3.593203212483988,-0.01081,-0.0052,8.3022
1450,180,0.6185,0.3815,CV,4.0387,4.0408,-18.165768924218774,-18.173928959196097,-0.00104,0.01292,153.758
1450,182,0.6186,0.3814,CV,10.8723,10.84,-12.951017516321391,-12.959650268770138,0.18693,0.21766,1849.418
1450,185,0.6176,0.3824,CV,2.0888,2.0789,-4.7838383851851285,-4.788944134304673,-0.02881,-0.02332,22.926
1450,154,0.6165,0.3835,CV,1.7842,1.7828,-4.495954206126616,-4.502537064171932,0.04033,0.0001,8.1354
1450,187,0.6484,0.3516,CV,0.3783,0.3783,-2.263747691651665,-2.2785333683644695,0.0,0.18937,5.384
1451,161,0.6177,0.3823,CV,3.4062,3.405,-6.618189071154187,-6.6242406703907575,0.04548,0.21073,32.9196
1451,174,0.6185,0.3815,CV,1.0799,1.0797,-3.331528424080815,-3.3400180372487855,0.00313,-0.05273,8.2056
1451,180,0.6178,0.3822,CV,6.0905,6.0785,-20.13900146757067,-20.144764374166034,-0.05966,-0.09529,160.3664
1451,182,0.6188,0.3812,CV,3.6952,3.6682,-16.661554774068158,-16.671257584962483,0.13811,0.38857,1833.5248
1451,185,0.6177,0.3823,CV,1.4667,1.4531,-4.467852958966683,-4.474276942703374,-0.05781,-0.00718,21.9478
1451,154,0.618,0.382,CV,0.9634,0.9598,-3.833106566673807,-3.842488623357127,-0.03232,-0.03594,8.0683
1451,187,0.6446,0.3554,CV,0.2588,0.2639,-2.201684148335166,-2.27805367666497,0.0,-0.13456,7.7285
1452,161,0.6187,0.3813,CV,2.7688,2.7817,-5.834964428556401,-5.845505994288575,-0.07682,0.05174,33.4241
1452,180,0.6183,0.3817,CV,9.4455,9.4725,-14.67851489656132,-14.687104744911494,0.02487,0.14845,157.8663
1452,182,0.6181,0.3819,CV,26.2466,26.2495,-15.09085962124222,-15.097349956595355,-1.81593,0.39979,1816.5981
1452,185,0.618,0.382,CV,1.4673,1.4585,-4.307330407944976,-4.314980453070342,0.02856,-0.05619,21.0161
1452,154,0.6182,0.3818,CV,1.132,1.1264,-3.684700215261554,-3.692676022262062,-0.03515,0.03276,7.9213
1452,187,0.6473,0.3527,CV,0.8813,0.8783,-2.3150733501344183,-2.408779692028395,0.0,-0.48799,9.0174
1452,174,0.6177,0.3823,CV,2.7183,2.7218,-5.105561836364515,-5.110627505556694,0.00649,-0.01949,8.5694
1453,161,0.6184,0.3816,CV,2.3624,2.359,-5.477581885465283,-5.485327201259282,-0.20605,-0.01571,33.5298
1453,180,0.6134,0.3866,CV,17.4935,17.4786,-10.572766575722836,-10.560111919697865,-0.20972,0.45987,149.4126
1453,182,0.6104,0.3896,CV,65.0033,64.9036,-19.929955506224886,-19.904900765815754,-5.64854,-0.26534,1751.6473
1453,185,0.6162,0.3838,CV,3.0999,3.0903,-4.864907029815898,-4.864597638889585,-0.14401,-0.07285,19.7557
1453,154,0.619,0.381,CV,1.5893,1.5942,-3.4431558116315015,-3.4541346743463204,0.10403,0.00382,7.9063
1453,187,0.6471,0.3529,CV,1.4756,1.5149,-3.2583985209373125,-3.347291345704029,0.0,0.15887,9.5391
1453,174,0.6175,0.3825,CV,3.5791,3.587,-5.454165145216422,-5.459604486272385,0.05997,-0.00447,8.1077
1454,161,0.6178,0.3822,CV,2.8534,2.8448,-5.500842482278575,-5.5065002868843465,-0.29561,-0.04304,33.0182
1454,180,0.6147,0.3853,CV,6.3698,6.306,-9.763080537214782,-9.762939989359326,0.10394,0.33032,146.9097
1454,182,0.6131,0.3869,CV,19.4947,19.1898,-15.34290546238822,-15.340568941988447,-4.98778,-0.2575,1726.0357
1454,185,0.6154,0.3846,CV,2.4311,2.4134,-4.68559155406525,-4.684220597207626,-0.1189,-0.17978,18.5244
1454,154,0.6192,0.3808,CV,0.8968,0.8992,-3.591837865478184,-3.6027303377745596,0.04432,-0.06204,7.8571
1455,161,0.617,0.383,CV,3.1245,3.1097,-5.710463567522444,-5.713696311597676,-0.40015,0.0012,32.983
1455,180,0.6192,0.3808,CV,7.5655,7.6295,-12.858386244014486,-12.875504845501487,0.35154,-0.03282,150.5411
1455,182,0.6124,0.3876,CV,32.4078,32.1969,-13.013545429027651,-13.004328313404123,-4.63134,0.01562,1649.0535
1455,185,0.6048,0.3952,CV,5.7103,5.6961,-8.99615057752135,-8.951766992368297,0.26257,-0.21077,16.6603
1455,154,0.6192,0.3808,CV,0.1909,0.1946,-2.934532615716935,-2.945202149490667,0.01958,-0.0285,7.7751
1456,161,0.6173,0.3827,CV,1.9448,1.9257,-5.689408627108858,-5.695201824983173,-0.36358,-0.06044,32.9695
1456,180,0.6188,0.3812,CV,4.4226,4.4039,-10.950214278681472,-10.959017811294705,0.44707,-0.25325,149.5883
1456,182,0.6149,0.3851,CV,13.8292,13.5479,-12.329503315338286,-12.331823411701423,-3.96912,0.17485,1598.6189
1456,154,0.618,0.382,CV,1.7063,1.7051,-3.503276387775284,-3.508840863766224,0.11263,-0.03828,7.7996
1456,185,0.6123,0.3877,CV,1.9222,1.9101,-3.756308473869347,-3.7587517566719955,0.17361,0.06572,15.2512
1457,161,0.6169,0.3831,CV,2.7306,2.7114,-5.937916685187233,-5.941360379586551,-0.40905,-0.04521,32.6784
1457,182,0.6185,0.3815,CV,12.5383,12.6302,-10.760089903870913,-10.773893390718401,-1.44413,0.26319,1539.4389
1457,154,0.6187,0.3813,CV,1.2717,1.2771,-3.4011498741958706,-3.4110763047614263,-0.00164,0.02207,7.7878
1457,180,0.6122,0.3878,CV,24.8457,24.8512,-28.369412743574664,-28.350778423389656,0.50938,-0.63471,161.6532
1458,161,0.6175,0.3825,CV,1.4768,1.4558,-5.596747347543085,-5.60342327655515,-0.34134,-0.07116,32.4831
1458,180,0.6066,0.3934,CV,41.4042,41.4689,-71.49005839275841,-71.45769868153914,-2.05351,0.07651,152.6809
1458,182,0.6193,0.3807,CV,21.2628,21.3491,-11.334565425516226,-11.346721284138779,1.04576,-0.01558,1490.2124
1458,154,0.6187,0.3813,CV,0.921,0.9237,-3.2536729742248234,-3.262875521992232,-0.02783,-0.02019,7.648
1459,161,0.6177,0.3823,CV,1.8132,1.7974,-6.622384542458802,-6.628868487673805,-0.3162,-0.0695,32.557
1459,182,0.6174,0.3826,CV,27.4382,27.4052,-12.124814808962878,-12.127532144859627,2.69172,-0.12484,1458.1147
1459,154,0.6183,0.3817,CV,1.3194,1.3201,-3.7852599124891553,-3.7926474981901435,-0.0262,0.00379,7.772
1459,180,0.6134,0.3866,CV,31.9231,32.0248,-17.879668165490845,-17.88421289913324,1.30864,0.13538,146.8757
1460,161,0.618,0.382,CV,1.3859,1.3722,-5.883987839113763,-5.891577332303979,-0.24754,-0.11326,32.5385
1460,180,0.6087,0.3913,CV,25.3401,25.3852,-44.237331486161466,-44.21206442295656,-1.52362,0.0631,140.7416
1460,182,0.6158,0.3842,CV,23.2102,23.0641,-11.845177121558777,-11.844068774120469,3.28188,0.08806,1423.9738
1460,154,0.6182,0.3818,CV,0.9628,0.9617,-3.6477169525192648,-3.6552860756455243,0.02801,0.03334,7.851
1461,161,0.617,0.383,CV,3.7802,3.7714,-6.552944796731325,-6.555954997753225,-0.28142,-0.04929,33.3167
1461,180,0.6108,0.3892,CV,6.6794,6.5776,-33.3568913270741,-33.34740768799129,-1.31241,-0.07829,135.3417
1461,182,0.6163,0.3837,CV,13.6413,13.4603,-11.561382882560704,-11.564630005963794,2.95744,0.10522,1384.1868
1461,154,0.6184,0.3816,CV,0.3062,0.305,-3.131959267564064,-3.1403687926754005,0.03016,0.00753,7.8716
1462,161,0.6175,0.3825,CV,1.7664,1.7537,-6.119721569874749,-6.126269806116838,-0.27584,-0.05342,33.3243
1462,180,0.6133,0.3867,CV,8.0546,8.0237,-21.534936499574012,-21.53311831127258,-0.33255,0.05989,127.5501
1462,182,0.6171,0.3829,CV,10.229,10.0824,-10.89789261742871,-10.903576603083584,2.40541,0.36878,1351.9319
1462,154,0.6185,0.3815,CV,0.8471,0.8494,-3.209034993008684,-3.217884356048488,0.02011,0.0252,7.7881
1463,161,0.6169,0.3831,CV,2.9704,2.9544,-6.782670002099906,-6.785810168600717,-0.35291,-0.04662,33.5072
1463,180,0.6202,0.3798,CV,6.3274,6.4002,-21.87503138993928,-21.89830605493769,0.23299,-0.20521,124.0452
1463,182,0.6183,0.3817,CV,9.3073,9.3295,-11.142983781806192,-11.152822844052285,1.38796,0.57937,1304.4084
1463,154,0.6186,0.3814,CV,0.457,0.4579,-3.0921675077355375,-3.1011097759418007,0.00971,0.02203,7.8677
1464,161,0.6167,0.3833,CV,2.6614,2.6417,-6.271893558388716,-6.275228465537282,-0.37391,-0.01464,33.9608
1464,180,0.6203,0.3797,CV,3.5349,3.5492,-17.809417529799234,-17.823059934870408,0.32703,-0.03709,119.7916
1464,182,0.6189,0.3811,CV,4.3546,4.4004,-10.437028120282482,-10.447526966747413,0.53722,0.49336,1267.9931
1464,154,0.6185,0.3815,CV,1.0304,1.0314,-3.2553925682199902,-3.264018190732945,-0.04968,0.01522,7.8259
1464,185,0.5,0.5,CA,19.2505,19.252,-18.032563540107684,-18.00916604928923,-0.26828,0.07769,12.1507
1465,161,0.6169,0.3831,CV,2.3745,2.3565,-6.34192116634017,-6.3465010304284855,-0.37314,-0.03452,34.0543
1465,180,0.6187,0.3813,CV,4.8736,4.8581,-19.265970101393194,-19.2729478028323,0.5295,-0.0713,115.6934
1465,182,0.6189,0.3811,CV,12.8993,12.9282,-10.844518498977916,-10.85421426619635,-0.61418,0.33359,1241.5617
1465,154,0.6187,0.3813,CV,0.7834,0.7858,-3.4389165284123293,-3.4482296335745137,0.0025,0.03498,7.9077
1465,185,0.5733,0.4267,CV,2.8133,2.7976,-6.964174396126198,-6.957204629057833,-0.2999,0.0459,10.7462
1466,161,0.6167,0.3833,CV,2.8234,2.8038,-5.938367188807773,-5.941540941320827,-0.41361,-0.00992,34.191
1466,182,0.6146,0.3854,CV,41.6866,41.6529,-17.09758066369543,-17.089169478344264,-3.45122,0.25339,1212.0311
1466,154,0.6187,0.3813,CV,0.6409,0.6413,-3.1363212337375193,-3.1455521343054675,0.01148,0.02875,7.8621
1466,185,0.5995,0.4005,CV,2.7099,2.6975,-4.834425321581652,-4.82945679086738,-0.33213,0.08386,10.4735
1466,180,0.6121,0.3879,CV,16.4191,16.4028,-25.715736754228715,-25.696772778493965,0.46059,-0.42712,118.8861
1467,161,0.6177,0.3823,CV,0.9309,0.9157,-6.054988040427673,-6.0630310296179495,-0.29016,-0.03312,34.6088
1467,182,0.6174,0.3826,CV,3.8214,3.775,-12.252541403981974,-12.262137683738587,-2.12683,0.37939,1178.9365
1467,154,0.6186,0.3814,CV,1.166,1.1682,-3.508866955687392,-3.5177018844709815,-0.04401,-0.03416,7.9399
1467,180,0.6141,0.3859,CV,5.4535,5.392,-21.881697380898512,-21.88098491586875,0.53195,-0.35379,118.2925
1467,185,0.6025,0.3975,CV,5.1259,5.1078,-6.892545765560609,-6.862022734027286,-0.51594,0.11277,10.7239
1468,161,0.6177,0.3823,CV,2.0718,2.0604,-5.596836873013877,-5.603344746875489,-0.26232,-0.00901,35.3649
1468,182,0.6188,0.3812,CV,15.1193,15.1937,-13.019538119002995,-13.030827313984119,-0.3626,0.85925,1141.6002
1468,154,0.6187,0.3813,CV,0.3293,0.3275,-3.123431075077496,-3.132507775837356,-0.0449,-0.01348,7.9985
1468,180,0.5998,0.4002,CV,32.639,32.5871,-44.456314477815795,-44.393102465143386,0.4959,-0.97733,130.572
1468,185,0.6099,0.3901,CV,1.8562,1.8311,-4.049824507794121,-4.045888061478454,-0.43988,0.05824,10.8288
1469,161,0.6173,0.3827,CV,3.2427,3.2315,-6.701108668299815,-6.705511476520116,-0.36033,-0.00622,35.3894
1469,182,0.6161,0.3839,CV,30.6188,30.5845,-12.269694149011691,-12.267568882125254,-2.49379,1.21101,1102.7966
1469,154,0.6187,0.3813,CV,0.4181,0.4183,-3.1400659342920423,-3.149180714909733,-0.03278,0.01945,8.0249
1470,161,0.6178,0.3822,CV,1.9157,1.9106,-5.648552488380166,-5.656165295168152,-0.24678,-0.10878,35.9282
1470,182,0.6179,0.3821,CV,11.6722,11.6741,-11.08371562126168,-11.093290743127389,-1.02257,1.3863,1061.5449
1470,154,0.6187,0.3813,CV,0.8425,0.8434,-3.4245228627171658,-3.4335130638314078,-0.02084,-0.0057,7.9406
1470,188,0.7,0.3,CV,1.1316,1.1316,-4.706784435190984,-4.706784435190984,0.0,0.0,7.4122
1471,161,0.6176,0.3824,CV,3.0382,3.0302,-6.8639226188434135,-6.869555818109871,-0.32345,-0.00338,35.9274
1471,182,0.6181,0.3819,CV,25.2085,25.2608,-11.069061107316175,-11.076772968648118,1.31432,1.12508,1038.9168
1471,154,0.6184,0.3816,CV,1.0547,1.0521,-4.011338766622505,-4.019050565117466,-0.01187,-0.01033,7.8022
1471,188,0.6476,0.3524,CV,1.4274,1.4274,-3.7742056709299137,-3.785392336654544,0.63374,-0.21476,9.9805
1472,161,0.618,0.382,CV,2.9081,2.909,-7.091384983955214,-7.0993716025990095,-0.15059,0.01755,35.3066
1472,182,0.6142,0.3858,CV,33.0542,32.9777,-12.13802963554128,-12.128957332427166,3.21291,0.92609,1020.2817
1472,154,0.618,0.382,CV,1.1425,1.1374,-4.925374551251446,-4.932103705273479,-0.00582,0.02041,7.6374
1472,188,0.6433,0.3567,CV,0.7358,0.7536,-3.8396004993160484,-3.911638038104929,-0.26,0.08265,14.3611
1473,161,0.6189,0.3811,CV,1.3063,1.3195,-5.719224127686082,-5.730094624880583,-0.08021,0.01287,35.7768
1473,182,0.6108,0.3892,CV,32.4587,32.2914,-12.296214560362055,-12.27858298550302,4.3211,0.23878,994.8451
1473,154,0.6191,0.3809,CV,0.4916,0.4989,-3.378127479537271,-3.389918272590134,-0.00201,0.01934,7.6437
1473,188,0.6477,0.3523,CV,0.7054,0.6968,-4.294437658737076,-4.391645433795105,-0.65607,-0.19757,17.059
1474,161,0.6188,0.3812,CV,1.0976,1.0934,-5.59938217273087,-5.608848581445148,-0.1037,0.05854,35.882
1474,182,0.6082,0.3918,CV,31.3899,31.1569,-12.851153507491723,-12.827711835688124,4.95364,0.41748,975.7631
1474,154,0.6184,0.3816,CV,1.8854,1.8878,-4.197449511409942,-4.204854849394964,-0.05301,0.01198,7.8281
1474,188,0.6471,0.3529,CV,0.8372,0.847,-3.995120063167147,-4.083312562882102,-0.22654,0.07129,18.0164
1475,161,0.6189,0.3811,CV,1.178,1.1797,-6.023850517268175,-6.033680913506137,-0.02946,-0.00786,35.6253
1475,182,0.6061,0.3939,CV,35.4682,35.227,-17.021354385690806,-16.992944002411157,5.2005,0.78863,983.0737
1475,154,0.6188,0.3812,CV,1.557,1.5621,-3.9373310378127715,-3.947124060548087,0.05446,0.0311,7.6836
1475,188,0.6419,0.3581,CV,1.4052,1.4286,-3.670172833743968,-3.7366481773692626,-0.07637,0.23508,17.391
1476,161,0.6188,0.3812,CV,1.4637,1.461,-5.6017331361626335,-5.610882976603579,-0.1193,-0.0241,35.5034
1476,182,0.6085,0.3915,CV,24.5129,24.2266,-20.140940910279127,-20.1256170506488,4.59225,0.72172,992.2539
1476,154,0.6188,0.3812,CV,0.8032,0.8059,-3.047453303337049,-3.057047839705282,0.00783,-0.02907,7.5822
1476,188,0.6352,0.3648,CV,0.9269,0.9274,-3.281613922044628,-3.3266160947790144,0.19045,0.05098,16.3484
1476,191,0.7,0.3,CV,1.125,1.125,-3.0518173126342134,-3.0518173126342134,0.0,0.0,3.7012
1477,161,0.6189,0.3811,CV,0.8715,0.8758,-5.593270280715833,-5.6032259067584675,-0.05199,-0.05141,35.6521
1477,182,0.6134,0.3866,CV,18.907,18.8231,-19.12997231062863,-19.131875545148368,3.68732,0.05065,962.2489
1477,154,0.6188,0.3812,CV,0.7122,0.7135,-3.0560152231360487,-3.065249114021222,-0.0036,-0.00857,7.6402
1477,188,0.6306,0.3694,CV,1.1733,1.1915,-3.5761821571777737,-3.611632688724517,-0.07142,0.00624,15.3176
1477,191,0.6479,0.3521,CV,0.6148,0.6148,-2.2040802198012743,-2.2168516490474457,0.03741,0.27008,4.975
1478,161,0.6188,0.3812,CV,1.4513,1.4489,-5.78072171959395,-5.789727368317318,-0.02425,-0.12498,35.4642
1478,182,0.6148,0.3852,CV,22.0546,21.9919,-17.965847629111778,-17.96637886100587,2.91821,0.13282,918.8311
1478,154,0.6179,0.3821,CV,2.1596,2.1615,-6.6169208565925715,-6.622661166736179,0.05002,-0.03024,7.3397
1478,188,0.6225,0.3775,CV,2.5597,2.5587,-5.394269584912207,-5.402084244318855,-0.07883,0.04374,14.7073
1478,191,0.6421,0.3579,CV,0.7227,0.7265,-2.308795737641887,-2.3748942442482335,0.04374,-0.01502,7.0776
1479,161,0.6188,0.3812,CV,1.3704,1.3717,-5.874462241821439,-5.883942823393977,-0.06598,-0.02499,35.0853
1479,182,0.6167,0.3833,CV,7.6741,7.5119,-25.13404899511964,-25.14028288279679,2.34056,0.25172,897.2321
1479,154,0.6188,0.3812,CV,1.2295,1.2353,-3.291234783394244,-3.30203568516567,-0.01199,-0.05396,7.3742
1479,188,0.6228,0.3772,CV,2.294,2.3131,-4.11490211539702,-4.135666442216538,-0.0125,0.07163,13.4225
1479,191,0.6445,0.3555,CV,0.9216,0.9167,-2.4023216686385056,-2.487700164697046,-0.29751,-0.71858,8.3872
1480,161,0.6189,0.3811,CV,0.634,0.6346,-6.567129904807733,-6.576944295932643,-0.00109,-0.02446,34.8699
1480,182,0.6164,0.3836,CV,14.3789,14.2549,-24.580252627502,-24.582610184223718,2.25036,0.37856,861.9376
1480,154,0.6184,0.3816,CV,1.2071,1.2066,-3.1977648740607463,-3.2055166113364666,-0.02196,-0.0433,7.4983
1480,188,0.6202,0.3798,CV,1.491,1.4886,-4.14686657185786,-4.156179383428651,0.03963,0.04739,12.3623
1480,191,0.6493,0.3507,CV,0.95,0.9915,-2.4661709903250504,-2.5686180471018143,0.01606,-0.04367,8.8393
1481,161,0.6188,0.3812,CV,1.8894,1.8916,-7.356469977297619,-7.365562740235198,0.01278,-0.09611,35.1548
1481,182,0.6167,0.3833,CV,12.2566,12.1377,-26.225343247197664,-26.22925945672617,2.48818,0.18553,834.2361
1481,154,0.616,0.384,CV,2.7026,2.698,-7.370153511347867,-7.368066022277801,-0.01737,-0.02764,7.8326
1481,188,0.6194,0.3806,CV,2.6682,2.6769,-5.322732013559474,-5.3328548935307225,0.00447,0.02275,12.0576
1482,161,0.6188,0.3812,CV,1.352,1.3524,-9.808458110044963,-9.817738186084645,0.06417,-0.08277,34.7996
1482,182,0.6144,0.3856,CV,19.1186,18.9766,-26.19894611602907,-26.193066835785814,3.16063,0.13813,796.6151
1482,154,0.6171,0.3829,CV,1.0699,1.067,-3.9815875842469097,-3.9878557118002296,0.03153,-0.05814,7.9185
1482,188,0.6189,0.3811,CV,0.9166,0.9148,-4.210540593270432,-4.2194019546423664,-0.05473,0.03229,11.5575
1482,191,0.5,0.5,CA,1.8418,1.8326,-4.559962578983663,-4.59744092328219,0.03622,0.15822,9.2861
1483,161,0.6188,0.3812,CV,1.6761,1.6785,-6.596914748589569,-6.606233493586263,-0.05173,-0.02586,34.3114
1483,182,0.6141,0.3859,CV,14.8839,14.7065,-27.61322929392327,-27.609019274988896,3.2278,0.04386,758.1144
1483,154,0.6181,0.3819,CV,2.6888,2.6972,-5.654033108070298,-5.663156676366448,-0.01314,0.04811,7.6156
1483,188,0.6188,0.3812,CV,1.7059,1.7112,-3.6742650378327846,-3.683658769750989,-0.02166,-0.03203,10.833
1483,191,0.5841,0.4159,CV,1.3806,1.4028,-3.3640613144937,-3.40145733432453,-0.12685,-0.10609,8.5424
1484,161,0.6189,0.3811,CV,0.6706,0.6728,-5.906583273974348,-5.916340144470745,-0.06077,-0.00264,34.2698
1484,182,0.6103,0.3897,CV,25.6248,25.5045,-24.363810102650817,-24.344252936106372,3.07635,1.1366,696.9371
1484,154,0.6182,0.3818,CV,0.7598,0.7564,-3.0235404678557507,-3.0313318595250864,-0.01878,0.03142,7.5326
1484,188,0.6184,0.3816,CV,1.1817,1.1805,-3.479088564976866,-3.4866066866099046,0.04801,-0.06617,10.346
1484,191,0.6111,0.3889,CV,1.0963,1.1086,-3.011208945846994,-3.0389875437022353,-0.1066,-0.04971,7.9378
1485,161,0.6188,0.3812,CV,1.6232,1.6256,-8.116724787318187,-8.126203670637146,0.06272,-0.04654,33.9772
1485,182,0.6037,0.3963,CV,54.1504,54.1952,-32.80223821331194,-32.760775378574714,4.17699,-2.73743,692.8131
1485,154,0.6187,0.3813,CV,0.4506,0.4491,-3.227934700810765,-3.237676518273857,-0.01422,-0.0086,7.5305
1485,188,0.6184,0.3816,CV,1.3291,1.3297,-3.3556193872079816,-3.363803442818551,-0.03347,-0.00088,9.8523
1485,191,0.6175,0.3825,CV,1.2222,1.222,-2.626894871948993,-2.6422050640635333,-0.00749,-0.02102,7.3227
1486,161,0.6187,0.3813,CV,1.6195,1.6166,-9.144656748206918,-9.153481415835461,0.12434,0.01697,33.5099
1486,182,0.6185,0.3815,CV,26.3962,26.6323,-59.60643056204401,-59.636681019164335,0.49675,-1.46093,639.0413
1486,154,0.6184,0.3816,CV,1.1475,1.1451,-5.48863547877459,-5.496615881814055,0.05037,-0.01325,7.4174
1486,188,0.6179,0.3821,CV,2.8064,2.8117,-5.502615623035208,-5.508788690326464,-0.03523,-0.01682,9.9104
1486,191,0.6208,0.3792,CV,1.1832,1.1934,-2.5940049338622524,-2.6136827906168865,0.01374,-0.00592,7.0
1487,161,0.6186,0.3814,CV,1.5239,1.5215,-8.543291974865461,-8.552222082008766,0.1518,-0.05156,33.4223
1487,154,0.6183,0.3817,CV,1.0816,1.0782,-3.7659826443004905,-3.7737301912124126,0.10768,0.02111,7.3421
1487,188,0.6182,0.3818,CV,0.83,0.8293,-3.5736096497521577,-3.581633743360072,0.02379,0.00554,9.7591
1487,191,0.6201,0.3799,CV,1.1773,1.1789,-2.969620609074453,-2.981591275719947,0.01614,-0.03563,6.455
1487,182,0.5955,0.4045,CV,69.4913,69.488,-33.692034020413,-33.60426208464234,5.07186,-1.25855,645.2944
1488,161,0.6183,0.3817,CV,2.0904,2.0835,-10.032193434509196,-10.039528366762559,0.21263,-0.04548,33.5234
1488,154,0.6191,0.3809,CV,1.2495,1.2554,-3.705650869445271,-3.7171696112578125,-0.03117,-0.00589,7.2829
1488,188,0.6185,0.3815,CV,1.59,1.5952,-3.833205999439585,-3.8422160206977543,-0.01655,-0.0178,9.3266
1488,191,0.6201,0.3799,CV,0.6409,0.6457,-2.5092564439116036,-2.52245123405658,-0.01842,0.0067,6.1252
1489,161,0.6188,0.3812,CV,2.5891,2.5998,-9.961432712234064,-9.971736087214573,-0.0028,-0.02486,32.8147
1489,154,0.6187,0.3813,CV,1.2935,1.2935,-6.408793087620946,-6.417231116565353,0.0636,-0.00835,7.1169
1489,188,0.6183,0.3817,CV,1.1419,1.1417,-3.3372102267554746,-3.3449363366723213,0.06176,-0.01937,9.0787
1489,191,0.6193,0.3807,CV,0.8638,0.8645,-2.416284158986883,-2.42595614528602,0.04032,0.04345,5.837
1490,161,0.6187,0.3813,CV,1.8358,1.8356,-7.33262732374606,-7.341397240133475,-0.109,-0.08729,32.5937
1490,154,0.619,0.381,CV,1.3563,1.3614,-3.1094594723736653,-3.120075946895315,-0.05346,-0.00479,7.0949
1490,188,0.6187,0.3813,CV,0.7814,0.7858,-3.483411246455886,-3.4932810655090276,0.00876,0.01078,9.0214
1490,191,0.619,0.381,CV,0.7636,0.7648,-2.58021419512347,-2.5897877831291405,0.01326,0.01074,5.4897
1491,161,0.6173,0.3827,CV,4.3472,4.3439,-6.205636296458104,-6.2089795100026395,-0.25799,-0.09146,33.3034
1491,154,0.6179,0.3821,CV,1.9833,1.984,-3.8321278476130756,-3.8373797947196326,-0.01147,0.04957,7.2534
1491,188,0.6183,0.3817,CV,1.4753,1.4755,-3.8408979624739956,-3.8484481316884964,0.04976,-0.01432,8.7076
1491,191,0.6189,0.3811,CV,0.6387,0.6409,-2.4996609141293287,-2.5092692636726435,0.00501,0.02863,5.314
1492,161,0.617,0.383,CV,2.63,2.6134,-5.532114373810997,-5.5362084460829974,-0.31842,-0.08192,33.4267
1492,154,0.6176,0.3824,CV,1.1373,1.133,-3.2204752885920573,-3.2262738358683887,0.04619,0.0477,7.315
1492,188,0.6186,0.3814,CV,1.2645,1.2674,-3.4392879950609654,-3.448335747108966,0.06923,-0.01618,8.7054
1492,191,0.6187,0.3813,CV,0.4365,0.4357,-2.4401715911865227,-2.448842372011808,0.02777,0.02379,5.1541
1493,161,0.6186,0.3814,CV,2.0545,2.0728,-7.079930549594636,-7.090996725595701,-0.08779,-0.04527,32.9453
1493,154,0.6185,0.3815,CV,0.7403,0.7463,-3.2754381062468543,-3.2851456820852563,-0.00368,0.03338,7.2145
1493,188,0.6187,0.3813,CV,1.4132,1.4163,-4.039123314696863,-4.048263485248471,-0.00011,0.04003,8.454
1493,191,0.6186,0.3814,CV,0.7069,0.7076,-2.2561188526736156,-2.264657559424741,0.0244,0.01514,4.9197
1494,161,0.6186,0.3814,CV,1.2354,1.2353,-6.5137655591998005,-6.522786116646682,-0.0604,-0.01186,32.539
1494,154,0.6185,0.3815,CV,0.8032,0.8053,-3.0295012067337046,-3.038255930522522,-0.01549,-0.02978,7.1731
1494,188,0.6181,0.3819,CV,2.3604,2.3642,-4.249292697652873,-4.255746220452212,-0.0138,-0.06555,8.5807
1494,191,0.6185,0.3815,CV,0.9935,0.9958,-2.4255171199248737,-2.4340759013396482,-0.03521,-0.0176,4.833
1495,161,0.6188,0.3812,CV,0.4793,0.4769,-6.763661394614143,-6.773299126092232,-0.03037,0.01194,32.371
1495,154,0.6185,0.3815,CV,0.8838,0.8836,-3.3652567610134643,-3.37366778375028,-0.01587,-0.03615,7.067
1495,188,0.6181,0.3819,CV,0.7801,0.7761,-3.50455197019821,-3.5119399427205558,-0.01367,-0.02391,8.6519
1495,191,0.6186,0.3814,CV,0.7807,0.7827,-2.3123542739857657,-2.321472952351036,0.01329,0.00532,4.668
1496,161,0.6188,0.3812,CV,1.0595,1.0554,-7.82565284893072,-7.8350473594893515,-0.06299,0.02686,32.0437
1496,154,0.6186,0.3814,CV,1.2817,1.285,-3.3882956363399006,-3.3972057321427385,-0.01295,-0.00053,7.2089
1496,188,0.6184,0.3816,CV,1.4696,1.474,-3.7034213448184254,-3.7123707880086343,-0.01019,-0.05674,8.4069
1496,191,0.6185,0.3815,CV,0.7708,0.772,-2.4734407541675387,-2.481914986935598,-0.00678,0.03288,4.6185
1497,161,0.6189,0.3811,CV,0.5515,0.5509,-6.578758615714761,-6.588794455490098,-0.04254,-0.02054,31.8029
1497,154,0.6184,0.3816,CV,1.8152,1.8181,-6.407488989334274,-6.415347533958148,-0.01033,0.00814,6.9838
1497,188,0.6186,0.3814,CV,1.0588,1.062,-3.261211027649252,-3.270233438304,0.01875,0.03075,8.3935
1497,191,0.617,0.383,CV,1.7217,1.7203,-3.2576190280038086,-3.2597536643594136,-0.00872,0.02738,4.7266
1498,161,0.619,0.381,CV,1.2668,1.2706,-6.429665583434124,-6.439593333378768,0.03767,-0.03837,31.8166
1498,154,0.6189,0.3811,CV,0.4268,0.4301,-2.9486047160457995,-2.958925652607306,-0.00812,-0.02063,6.9565
1498,188,0.6184,0.3816,CV,0.9614,0.9608,-3.4232104485310795,-3.4313750686921587,-0.03196,0.06725,8.3998
1498,191,0.6184,0.3816,CV,0.9673,0.9735,-2.6969011277439234,-2.707303643654085,0.01624,0.01686,4.5966
1499,161,0.6183,0.3817,CV,2.9196,2.9179,-8.524403732162348,-8.531445514059802,0.21443,-0.04454,31.3106
1499,154,0.6189,0.3811,CV,0.8966,0.8985,-3.3959250655040156,-3.405461589821969,-0.0065,-0.02025,7.0507
1499,188,0.6182,0.3818,CV,0.9683,0.966,-3.741474093936315,-3.7489557143540235,-0.0083,0.07938,8.4908
1499,191,0.6181,0.3819,CV,0.8998,0.9001,-2.548437110720777,-2.555561424658534,0.01627,-0.03984,4.5913
1500,161,0.6189,0.3811,CV,1.8695,1.8806,-5.935182516559444,-5.94573134633465,0.03047,-0.01828,31.3688
1500,188,0.6181,0.3819,CV,1.1843,1.1839,-5.212114378297643,-5.219544630859978,-0.02452,0.00962,8.6489
1500,191,0.6176,0.3824,CV,1.6446,1.6458,-3.4564723857206134,-3.461743821854901,-0.0879,-0.04363,4.5204
1500,154,0.6186,0.3814,CV,0.8416,0.8403,-3.022576403081831,-3.030895175556396,-0.0564,-0.01363,7.0767
1501,161,0.6186,0.3814,CV,1.3536,1.3506,-6.281593955240632,-6.290184527127693,0.03757,-0.01897,31.5768
1501,154,0.6182,0.3818,CV,0.9091,0.9058,-4.162355739191213,-4.16939740785835,-0.05011,-0.00739,7.1722
1501,188,0.617,0.383,CV,3.5727,3.5779,-8.915018244963278,-8.917586279001187,0.03078,0.01334,8.149
1501,191,0.6183,0.3817,CV,1.4575,1.4617,-2.790978516052371,-2.799960761516331,0.04783,-0.03247,4.4741
1502,161,0.618,0.382,CV,2.9245,2.9215,-5.527173894266626,-5.533289787485763,-0.11379,-0.02411,32.0192
1502,154,0.6186,0.3814,CV,0.6243,0.6278,-3.0229353535605115,-3.032303809993786,-0.03384,0.02148,7.1243
1502,188,0.6185,0.3815,CV,0.7964,0.8022,-3.937769724912113,-3.9487571072114585,0.06084,0.00684,8.1539
1502,191,0.6182,0.3818,CV,1.0699,1.07,-2.5228032664947397,-2.5303768919077956,-0.0182,-0.02095,4.3707
1503,161,0.6181,0.3819,CV,1.6875,1.6833,-5.3281591594157875,-5.335696293091191,-0.15784,0.04272,32.0224
1503,154,0.618,0.382,CV,1.5458,1.5461,-5.279005582324213,-5.2853431131222095,0.02842,-0.00225,7.2996
1503,188,0.6177,0.3823,CV,2.9136,2.918,-5.542543067040762,-5.547493239797193,-0.03143,-0.07887,8.495
1503,191,0.6185,0.3815,CV,0.3422,0.3383,-2.4044779987866756,-2.413648467120859,-0.02549,-0.01204,4.3079
1504,161,0.6177,0.3823,CV,3.2122,3.2101,-5.684021187358601,-5.6896353244891475,-0.02173,-0.01254,32.8764
1504,154,0.6185,0.3815,CV,1.1527,1.1571,-3.3661760529173264,-3.3755526264940814,0.0366,0.01781,7.215
1504,188,0.6185,0.3815,CV,1.2573,1.262,-3.4722016971050915,-3.482029708233201,0.05563,-0.05332,8.4328
1504,191,0.6185,0.3815,CV,1.0476,1.049,-2.4281787605748315,-2.43682484721895,-0.07336,-0.00604,4.3392
1505,161,0.6178,0.3822,CV,2.4444,2.4421,-5.707298898646105,-5.7140439023400615,-0.15912,0.01367,33.2596
1505,154,0.6186,0.3814,CV,0.477,0.4777,-3.593490741222716,-3.6023568575180533,0.02795,-0.00812,7.2739
1505,188,0.6184,0.3816,CV,1.2767,1.2785,-3.859866303695813,-3.8681150474076773,-0.04451,-0.03315,8.4741
1505,191,0.6189,0.3811,CV,0.7003,0.7033,-2.287368345387297,-2.297446475815323,-0.00742,0.02372,4.3389
1506,161,0.6177,0.3823,CV,2.2473,2.2393,-5.64884808764339,-5.654904153556865,-0.2275,0.05168,33.4874
1506,188,0.6183,0.3817,CV,0.9027,0.9009,-4.024419394784959,-4.03226280400332,-0.07931,0.00528,8.5292
1506,191,0.6188,0.3812,CV,0.2943,0.2948,-2.1614214962612244,-2.1707284804850886,-0.01434,-0.00214,4.3171
1506,154,0.6183,0.3817,CV,1.5165,1.518,-4.842105033899202,-4.849675958716348,-0.08306,0.01424,7.3437
1507,161,0.6174,0.3826,CV,3.3638,3.3593,-6.222426401443495,-6.227692111366714,-0.26625,0.10936,33.1209
1507,154,0.6187,0.3813,CV,1.0532,1.0577,-3.201425448422776,-3.211152382648793,0.01952,-0.01006,7.3835
1507,188,0.6183,0.3817,CV,0.7375,0.7361,-4.378023292347041,-4.386083389110824,-0.03906,0.01168,8.6696
1507,191,0.6186,0.3814,CV,0.8324,0.833,-2.308705665490612,-2.3171258337771468,-0.03481,-0.00691,4.2192
1508,161,0.6187,0.3813,CV,2.0847,2.1004,-6.730282372533282,-6.741119965548685,-0.01896,0.04877,33.5285
1508,154,0.6186,0.3814,CV,0.5976,0.5966,-3.0693212101766707,-3.078023375020392,0.03692,-0.03742,7.4193
1508,188,0.6184,0.3816,CV,0.856,0.857,-3.4737384172107983,-3.482143704537241,0.00588,-0.03819,8.7641
1508,191,0.0,1.0,CA,150.627,150.6251,-7582.894270760519,-7535.278026870048,-10.56299,0.07186,4.6602
1509,161,0.6182,0.3818,CV,2.8931,2.891,-6.2163206232644335,-6.223493287386041,-0.20295,0.08567,33.6888
1509,188,0.6183,0.3817,CV,1.5989,1.6013,-3.6397336734938293,-3.6477027805051456,0.01582,-0.03852,8.5956
1509,191,0.4312,0.5688,CA,102.9108,103.1221,-3351.978260697715,-3352.1066448488627,1.12827,-0.01276,4.8862
1509,154,0.6186,0.3814,CV,1.2052,1.2072,-3.3824697932149634,-3.3913106320748803,-0.022,0.02094,7.3487
1510,161,0.6179,0.3821,CV,2.8367,2.8317,-5.614158664552946,-5.620612017733585,-0.25999,0.02586,34.4489
1510,154,0.6182,0.3818,CV,1.0967,1.0933,-3.864371952812389,-3.871546227614931,-0.02759,0.02837,7.2233
1510,188,0.6177,0.3823,CV,1.7254,1.7232,-3.6225967697147774,-3.6280510958867995,-0.06915,0.00147,8.4344
1511,161,0.6179,0.3821,CV,4.6996,4.7073,-8.749362518327265,-8.756258206980634,0.08045,0.06125,35.6417
1511,154,0.6186,0.3814,CV,0.786,0.7848,-2.981970257869919,-2.9912382615486277,0.03884,0.02196,7.1703
1511,188,0.6186,0.3814,CV,2.2546,2.2627,-4.018268938342182,-4.028529509004661,0.0462,-0.04446,8.6971
1511,191,0.5,0.5,CA,42.6275,42.5466,-387.23027310996434,-379.5297384721356,8.14128,-0.01448,5.5567
1512,161,0.6178,0.3822,CV,1.5845,1.5716,-6.466497959420785,-6.47320784054668,0.04209,0.03593,36.5729
1512,154,0.6182,0.3818,CV,2.229,2.2334,-3.868548270852929,-3.875956561375531,0.04043,0.04043,7.4276
1512,188,0.6186,0.3814,CV,1.2982,1.2999,-4.361292194743628,-4.369951901597334,-0.01538,0.03516,8.8639
1512,191,0.1416,0.8584,CA,7.3749,6.9879,-18.426898861903233,-16.32294314608124,12.85139,-0.0216,9.2882
1513,161,0.6183,0.3817,CV,2.0299,2.0364,-8.878430381149322,-8.887000155232744,0.02252,0.11862,36.6866
1513,154,0.618,0.382,CV,1.0861,1.0829,-3.699266754388849,-3.706132732615675,-0.01856,0.03249,7.576
1513,188,0.6182,0.3818,CV,0.9673,0.9632,-3.890201822373675,-3.8972079759759763,0.00196,0.04227,9.0294
1513,191,0.4535,0.5465,CA,0.6979,0.6923,-2.370431616232278,-2.3860932756858544,11.72685,-0.09276,11.0045
1514,161,0.6184,0.3816,CV,2.0587,2.0637,-7.156759745970534,-7.1654095986725075,-0.07394,0.03463,36.7236
1514,154,0.6182,0.3818,CV,0.6868,0.6865,-4.319485085531889,-4.327634570119027,0.02095,-0.00283,7.6197
1514,188,0.6186,0.3814,CV,0.6304,0.6361,-4.000411571156122,-4.009894579502482,0.00684,0.00872,9.024
1514,191,0.6441,0.3559,CV,1.8718,2.2625,-3.0580576431921793,-3.415534792514339,4.12471,-0.07045,11.302
1515,161,0.6181,0.3819,CV,2.6124,2.6076,-8.298489418710622,-8.305466093741734,-0.21527,0.03655,37.02
1515,154,0.6185,0.3815,CV,1.0906,1.0942,-3.556467358873039,-3.565393015505099,-0.02445,-0.03524,7.5569
1515,188,0.615,0.385,CV,4.1123,4.1136,-7.140651864396147,-7.134457300421481,0.03551,-0.02932,8.4573
1515,191,0.6376,0.3624,CV,2.8742,3.0078,-4.806067727892892,-4.858448616200148,-1.63325,0.04082,10.3241
1516,161,0.618,0.382,CV,2.0934,2.0813,-8.269682114655147,-8.276677742477126,-0.24815,0.03043,37.1398
1516,154,0.6182,0.3818,CV,0.9982,0.9962,-3.1816806111476454,-3.1890317638699788,-0.02699,-0.08382,7.5538
1516,188,0.618,0.382,CV,1.0154,1.0206,-3.77367011590469,-3.785176027302405,0.09491,0.00521,8.4676
1516,191,0.5731,0.4269,CV,2.9244,2.8516,-4.520445604933908,-4.31203577213579,-3.38898,0.10229,9.29
1517,161,0.6185,0.3815,CV,0.7942,0.7855,-8.897495238435509,-8.906716025578351,-0.18799,0.05052,37.5555
1517,154,0.6183,0.3817,CV,1.4182,1.4207,-4.136233165184569,-4.144419560811256,-0.01894,-0.01911,7.7876
1517,188,0.6177,0.3823,CV,1.3933,1.3868,-4.789302559159269,-4.795296350611089,0.04917,0.04508,8.2669
1517,191,0.5867,0.4133,CV,1.2544,1.1245,-2.7671130702590028,-2.7096559054655556,-2.87382,0.00338,8.6692
1518,161,0.6169,0.3831,CV,4.5852,4.5743,-8.675719093472464,-8.677388191171763,-0.43316,0.06999,37.6601
1518,154,0.6186,0.3814,CV,1.1023,1.1062,-4.133511943198064,-4.14299170063086,-0.01089,-0.02275,7.7196
1518,188,0.6192,0.3808,CV,1.1673,1.1742,-3.1198331726650665,-3.132651888229652,-0.0084,-0.05701,8.1999
1518,191,0.6001,0.3999,CV,1.0761,0.9873,-2.495317033614204,-2.4734938073325976,-2.22061,0.02222,8.1801
1519,161,0.6172,0.3828,CV,2.1267,2.105,-7.443096446537945,-7.448732565948752,-0.40706,0.02841,38.0006
1519,154,0.6182,0.3818,CV,1.5327,1.5335,-3.4526164086731397,-3.4599120275226167,-0.0047,0.08985,7.6879
1519,188,0.6188,0.3812,CV,1.8416,1.8454,-3.768591970650048,-3.777472059371845,-0.04685,-0.03003,8.3287
1519,191,0.6204,0.3796,CV,0.5439,0.5887,-2.354382149227723,-2.398324975997346,-1.21991,0.01641,7.522
1520,161,0.6183,0.3817,CV,0.7006,0.6977,-6.606485372292342,-6.616031618295647,-0.2458,0.06466,38.2592
1520,154,0.6186,0.3814,CV,0.5842,0.5856,-3.6876912562201403,-3.6971331701463868,-0.00065,0.06154,7.8128
1520,188,0.6165,0.3835,CV,2.3918,2.3862,-4.965241045759783,-4.964894282073169,-0.08933,-0.01456,8.5662
1520,191,0.6209,0.3791,CV,0.7566,0.7394,-2.3783991505968203,-2.3943035863108926,-0.81006,-0.01972,7.0402
1520,194,0.7,0.3,CV,27.3664,27.3664,-11.537027057682831,-11.537027057682831,0.0,0.0,720.0476
1521,161,0.6171,0.3829,CV,3.7534,3.7396,-7.342686994359795,-7.34573722556649,-0.40066,0.10587,38.425
1521,154,0.6188,0.3812,CV,0.7096,0.7119,-3.2174020699188848,-3.2271197398574003,0.00185,0.01079,7.7833
1521,188,0.6152,0.3848,CV,2.412,2.4023,-4.172975076604363,-4.170427045060588,-0.02966,-0.0479,8.8882
1521,194,0.6468,0.3532,CV,21.1009,21.1009,-10.600975027523818,-10.608911816696896,1.0763,-3.99639,1017.811
1522,161,0.617,0.383,CV,2.7054,2.6849,-6.642412951794206,-6.646721035160055,-0.38942,0.16178,38.3371
1522,154,0.6188,0.3812,CV,0.7321,0.7338,-3.586482613467381,-3.595823467881162,0.00319,-0.02986,7.871
1522,188,0.6181,0.3819,CV,3.5142,3.5276,-6.0967539857833914,-6.108646340345556,0.01806,0.07085,8.4526
1522,194,0.6007,0.3993,CV,44.6528,44.7313,-24.183802533758087,-24.07529534220501,43.51619,-8.69332,1510.3443
1523,161,0.6183,0.3817,CV,1.1254,1.1339,-6.760826674785046,-6.770796604462167,-0.21602,0.09497,38.8022
1523,154,0.6188,0.3812,CV,0.2407,0.2415,-3.475871855242915,-3.4853032946160036,0.00388,-0.0054,7.9382
1523,188,0.6182,0.3818,CV,0.7597,0.7591,-3.409926661646637,-3.4178949869090514,-0.00227,0.07393,8.5067
1523,194,0.5924,0.4076,CV,29.2395,28.4468,-20.50124999393443,-20.427011775087585,41.8773,-23.59914,1938.3848
1523,191,0.5,0.5,CA,1.5724,1.5521,-3.866417792784599,-3.874638655924529,-0.33918,-0.00986,6.544
1524,161,0.6187,0.3813,CV,2.2275,2.2375,-5.907482187835652,-5.917296686259748,0.00615,0.04656,39.3455
1524,154,0.6187,0.3813,CV,0.8375,0.8382,-3.568281973138129,-3.577277148190162,0.00418,-0.02504,7.8636
1524,188,0.6178,0.3822,CV,2.3318,2.3342,-4.031871228547752,-4.03773512747545,-0.00473,-0.02812,8.2713
1524,194,0.5922,0.4078,CV,24.7256,23.0286,-19.687315085495207,-19.62397648460898,31.77946,-28.22519,2162.0876
1524,191,0.5761,0.4239,CV,0.9523,0.9427,-3.111572021423215,-3.116257996782833,-0.31762,-0.00724,5.8926
1525,161,0.6187,0.3813,CV,1.7512,1.7541,-5.740709410080041,-5.749790186868557,-0.06632,0.06641,39.1446
1525,154,0.6187,0.3813,CV,0.6625,0.6631,-3.364293739819273,-3.3733958294705317,0.00421,-0.04792,7.9427
1525,188,0.6185,0.3815,CV,2.3856,2.3933,-4.805636764186072,-4.815245646599564,-0.02954,-0.0106,8.5547
1525,194,0.6165,0.3835,CV,11.2185,9.6765,-19.275434893696264,-19.314528162518506,19.55614,-21.86486,2185.2234
1525,191,0.6039,0.3961,CV,0.5259,0.5192,-2.355643434355918,-2.3652097667113923,-0.22954,0.0269,5.6478
1526,161,0.6183,0.3817,CV,3.2218,3.2236,-5.9174208874870295,-5.924742284051674,-0.06374,0.01793,40.2566
1526,154,0.6188,0.3812,CV,0.2629,0.265,-3.3089712681141425,-3.3185149141217933,0.00411,-0.01307,8.0042
1526,188,0.6178,0.3822,CV,2.8707,2.8755,-5.036896625583708,-5.042467103131099,0.00241,-0.00277,8.1806
1526,194,0.6389,0.3611,CV,39.8012,41.0744,-25.68275037584972,-25.781712429323626,2.5989,-3.3797,1981.0591
1526,191,0.6137,0.3863,CV,0.918,0.9161,-2.4582307671181924,-2.4679931488284343,-0.15034,-0.00497,5.3844
1527,161,0.6184,0.3816,CV,1.1937,1.1949,-5.684427500112646,-5.693108579272102,0.02394,-0.03012,40.8007
1527,154,0.6187,0.3813,CV,0.786,0.7867,-4.218687477532022,-4.227800510419705,0.00397,-0.00088,7.9234
1527,188,0.6189,0.3811,CV,1.0367,1.0429,-3.171665690596228,-3.1831184343641468,-0.04954,-0.02951,8.1802
1527,194,0.6338,0.3662,CV,26.664,26.9975,-16.582681935719165,-16.6264621537859,-0.78982,-4.61851,1849.4374
1527,191,0.618,0.382,CV,0.8878,0.8932,-2.5084986882974847,-2.5219756218284157,-0.05743,0.05445,5.2651
1528,161,0.6184,0.3816,CV,1.7641,1.7667,-6.088879674963126,-6.09731988175438,-0.0861,0.03202,41.0657
1528,154,0.6184,0.3816,CV,1.0944,1.092,-4.007426901091142,-4.015095368577341,0.00382,-0.02455,7.7853
1528,188,0.6185,0.3815,CV,1.3822,1.3806,-3.3067769480374833,-3.3145968019043206,-0.04422,0.0338,7.9789
1528,194,0.6232,0.3768,CV,22.5947,22.3806,-14.334562549785446,-14.340174204523583,-1.28575,-4.19432,1729.5948
1528,191,0.619,0.381,CV,0.7998,0.8015,-2.717047906736207,-2.7283773458106273,-0.02714,-0.01053,5.0532
1529,161,0.6181,0.3819,CV,3.186,3.1842,-6.120039540920012,-6.126831266818439,-0.18772,0.12825,40.9044
1529,154,0.6188,0.3812,CV,0.9248,0.9276,-3.1280350939374038,-3.137985047483303,0.05928,0.00721,7.8278
1529,188,0.6188,0.3812,CV,1.5798,1.584,-3.4483883973977147,-3.4583460393659635,0.09341,0.00623,7.9239
1529,194,0.625,0.375,CV,19.3481,19.6382,-16.83341524705196,-16.86269148670981,-1.69003,-1.31797,1564.5046
1529,191,0.6192,0.3808,CV,0.2545,0.2518,-2.079515192733174,-2.090220218575999,-0.01769,-0.02018,4.878
1530,161,0.6179,0.3821,CV,2.3617,2.3503,-5.764429097076541,-5.7710740788232435,-0.18096,0.18091,40.7511
1530,154,0.6187,0.3813,CV,0.6571,0.6543,-3.078301624009249,-3.087410977201542,0.05449,0.01344,7.7421
1530,188,0.6168,0.3832,CV,3.3393,3.342,-6.187890902099722,-6.188641692504757,0.01631,0.05015,8.2734
1530,194,0.6103,0.3897,CV,63.2085,63.1837,-16.887217656216883,-16.85139645680279,0.02056,-3.74552,1563.5603
1530,191,0.6191,0.3809,CV,0.5389,0.5384,-2.108151006156571,-2.118082833237493,0.01487,-0.04497,4.7356
1531,161,0.6186,0.3814,CV,0.3153,0.316,-5.521767998627151,-5.531540671101841,-0.09478,0.12513,41.0693
1531,154,0.6189,0.3811,CV,0.2244,0.2211,-3.644394899295622,-3.6542919953514614,0.0363,0.01184,7.6718
1531,188,0.6182,0.3818,CV,1.0762,1.0815,-3.438533237319508,-3.4482821977296463,-0.02768,-0.02381,8.2386
1531,194,0.6084,0.3916,CV,35.4622,35.0974,-13.993328093204859,-13.971605698621563,0.48557,-3.2675,1579.5181
1531,191,0.6185,0.3815,CV,1.3486,1.3507,-2.9345493644165983,-2.942447337613003,-0.06775,-0.00817,4.6891
1532,161,0.6187,0.3813,CV,1.308,1.3051,-5.639585652291003,-5.648758451001851,-0.13478,0.08708,41.5538
1532,154,0.6189,0.3811,CV,1.135,1.1378,-3.2626182062097917,-3.2721230791539564,-0.03366,0.03569,7.7272
1532,188,0.6185,0.3815,CV,0.7723,0.7754,-3.221708877594453,-3.2305675427461265,0.02111,0.01553,8.1676
1532,194,0.6133,0.3867,CV,19.7242,19.5828,-15.3087766066687,-15.310287878869957,1.32827,-2.22116,1563.0237
1532,191,0.6187,0.3813,CV,0.4662,0.468,-2.207297866857361,-2.216759704570955,-0.01672,0.00291,4.6243
1533,161,0.6183,0.3817,CV,2.3458,2.3376,-5.76700390504709,-5.774328534269266,-0.23784,0.08806,41.8237
1533,154,0.6178,0.3822,CV,2.0596,2.0601,-4.175422665868669,-4.180671151541385,-0.04133,0.05913,7.4175
1533,188,0.6183,0.3817,CV,1.3372,1.3383,-3.4933176616052326,-3.5010804764318464,0.07844,-0.00562,8.0549
1533,194,0.6155,0.3845,CV,14.5689,14.4496,-15.74960314404468,-15.7531235586183,1.53413,-1.35587,1566.8075
1533,191,0.618,0.382,CV,1.5881,1.5902,-2.9017241289018596,-2.908052450921272,-0.00258,-0.04711,4.3885
1534,161,0.6188,0.3812,CV,2.3668,2.3794,-6.352059278612472,-6.362189293116383,0.01319,0.04337,42.2348
1534,154,0.619,0.381,CV,1.2297,1.2372,-3.1133103425069035,-3.1250805957628423,0.0262,0.01582,7.4433
1534,188,0.6183,0.3817,CV,1.2141,1.2143,-3.6718895118286774,-3.6800091122939325,0.0146,0.01827,7.8998
1534,194,0.6168,0.3832,CV,15.4982,15.4802,-17.598998973748763,-17.604839982995255,1.66291,-0.57302,1575.3138
1534,191,0.618,0.382,CV,0.8752,0.8739,-2.9446367245201097,-2.951945845724971,-0.05706,-0.01206,4.2522
1535,161,0.6186,0.3814,CV,2.1648,2.1661,-6.009580715097582,-6.018306358845608,-0.08938,0.07843,42.02
1535,154,0.6189,0.3811,CV,0.8403,0.8417,-3.155932050371303,-3.165572041276146,-0.02134,-0.02632,7.4561
1535,188,0.6185,0.3815,CV,1.9109,1.9158,-3.765604464022604,-3.7743293701887395,0.02428,0.0168,8.1306
1535,194,0.617,0.383,CV,11.7155,11.6136,-18.046900516414475,-18.051822607546526,1.60558,-0.52427,1605.4399
1535,191,0.0,1.0,CA,244.8696,244.8724,-22863.24036529808,-22708.833291788796,18.30526,-3.73894,4.5531
1536,161,0.6187,0.3813,CV,0.9751,0.9748,-5.590810296407141,-5.600157225519922,-0.00404,0.06733,41.9617
1536,154,0.6185,0.3815,CV,0.9798,0.9783,-3.1615112851570797,-3.169278265705471,-0.02488,-0.00249,7.5153
1536,188,0.6186,0.3814,CV,0.7414,0.7425,-3.259794108874992,-3.2689373360522147,0.01951,-0.039,8.1639
1536,194,0.6174,0.3826,CV,16.4917,16.4707,-19.929724375826687,-19.935810649565262,1.49735,-0.49733,1617.5417
1536,191,0.6796,0.3204,CV,175.8029,176.1766,-10841.077420332307,-10842.235014413931,-1.60157,0.35866,4.6278
1537,161,0.6139,0.3861,CV,9.3678,9.3652,-9.782822113005533,-9.771544419419863,-0.63533,0.18866,41.0673
1537,154,0.6184,0.3816,CV,0.3693,0.3649,-3.504874792806187,-3.513210144981244,-0.01846,0.00261,7.5331
1537,188,0.6184,0.3816,CV,1.0048,1.0044,-3.483602886875988,-3.491434128253883,-0.03637,-0.01467,8.2507
1537,194,0.6174,0.3826,CV,19.1178,19.0791,-21.973755748959743,-21.97925683484721,1.23121,-0.38506,1618.5699
1537,191,0.0,1.0,CA,74.846,74.6896,-1624.4351422795903,-1586.869069565986,-14.41428,3.14806,5.9433
1538,161,0.6186,0.3814,CV,8.1383,8.1766,-8.08212244631526,-8.098155111715464,0.18804,0.01443,41.8137
1538,154,0.6184,0.3816,CV,0.8431,0.8435,-3.144607048208755,-3.1528103024348892,0.03681,0.02632,7.5283
1538,188,0.6184,0.3816,CV,0.9326,0.9335,-3.3577763870623976,-3.366087641882425,0.03359,-0.02915,8.3213
1538,194,0.6179,0.3821,CV,8.1505,8.096,-20.254943464629523,-20.262526273428513,0.79083,0.04243,1644.0464
1538,191,0.0021,0.9979,CA,27.8788,27.5834,-200.7040949134134,-194.9589606484617,-20.25553,4.46632,6.7689
1539,161,0.6175,0.3825,CV,5.8192,5.8232,-6.984986206762833,-6.989017720455821,-0.01859,0.19871,40.2727
1539,154,0.6185,0.3815,CV,0.7902,0.7918,-3.0818949562298465,-3.090767502080411,0.03843,0.02293,7.4255
1539,188,0.6185,0.3815,CV,0.2964,0.2989,-3.240943312763402,-3.2498770970179622,0.01443,0.00072,8.3651
1539,194,0.6182,0.3818,CV,6.5734,6.5159,-19.74235565974979,-19.750433454490803,0.49476,0.26511,1676.3904
1539,191,0.1252,0.8748,CA,7.2107,6.7934,-15.602180617820665,-14.06012921328876,-22.08628,4.9022,7.765
1540,161,0.6186,0.3814,CV,4.6933,4.7099,-6.159492908015287,-6.169891983669304,0.23826,0.0204,40.7622
1540,154,0.6186,0.3814,CV,0.7938,0.7944,-3.367984870420124,-3.3768497008100034,0.02667,-0.03871,7.38
1540,188,0.6185,0.3815,CV,1.1848,1.1864,-3.4766416343824047,-3.485026056164252,-0.04519,0.00778,8.2999
1540,194,0.6183,0.3817,CV,10.9852,10.998,-18.026366945673843,-18.034743486593705,0.2864,0.78591,1728.6357
1540,191,0.6309,0.3691,CV,2.9945,3.4857,-4.657896868214371,-5.419826562078528,-17.51315,3.51056,10.5629
1541,161,0.6181,0.3819,CV,3.1383,3.1327,-5.962145184799775,-5.968798145974119,0.21903,-0.05468,41.5842
1541,154,0.6187,0.3813,CV,0.2872,0.285,-3.1962184886736162,-3.205561830206291,0.01496,-0.0419,7.3643
1541,194,0.6177,0.3823,CV,27.0795,27.0625,-22.379753238639132,-22.385049915735657,0.35528,0.34097,1718.0465
