frame,track_id,mu_CV,mu_CA,dominant,nu_CV_norm,nu_CA_norm,L_CV,L_CA,ax,ay,P_trace
35,47,0.7,0.3,CV,155.4573,155.4573,-17.42023671945076,-17.42023671945076,0.0,0.0,23746.0545
36,47,0.6472,0.3528,CV,78.5556,78.5556,-16.675584657622906,-16.685356603352073,12.74401,18.40147,31865.7722
37,47,0.5798,0.4202,CV,348.3552,349.1083,-23.778130694045174,-23.582824735438454,-138.83807,-35.76122,45907.8583
38,47,0.6456,0.3544,CV,170.7693,181.206,-16.72469516058826,-16.906788745246182,82.18451,-2.76298,56891.4732
39,47,0.6148,0.3852,CV,271.3395,275.2627,-19.90400062692747,-19.856421433142863,-118.28835,51.56074,60974.5816
40,47,0.5494,0.4506,CV,405.0355,410.591,-29.031120371505324,-28.760456789812636,-42.1094,-48.91243,56338.0407
41,47,0.6214,0.3786,CV,330.8909,340.8156,-22.716838757883185,-22.83867076954282,-51.6583,8.22554,55363.4476
42,47,0.5867,0.4133,CV,258.0958,255.8491,-18.937817784787217,-18.809348597455227,-6.53613,51.9278,51723.7544
43,47,0.5803,0.4197,CV,207.7523,202.5594,-19.784423150375346,-19.68059545545991,6.77982,31.51996,50374.4943
44,47,0.6073,0.3927,CV,186.2007,187.1249,-17.75426066212913,-17.77171027431288,27.64294,19.66817,47804.6801
45,47,0.6215,0.3785,CV,162.3443,165.0392,-16.599591566042616,-16.63730448124662,21.5003,0.54205,44429.1062
46,47,0.618,0.382,CV,188.659,188.9649,-18.613831108958596,-18.615918175938223,4.00397,9.40136,43849.1065
47,47,0.615,0.385,CV,229.6991,229.506,-18.894245728993,-18.888899535059796,18.92371,7.48627,42681.1356
48,47,0.619,0.381,CV,222.3632,223.6006,-17.59908801765129,-17.61482319006297,2.79373,3.30416,39734.3779
49,47,0.6142,0.3858,CV,250.2912,250.2513,-18.467472042080434,-18.45715187745325,7.87779,-15.27811,38061.4812
50,47,0.6173,0.3827,CV,130.9477,131.3069,-16.52717334281422,-16.536847991258675,10.78889,-1.4235,37125.8555
51,47,0.6184,0.3816,CV,206.7096,207.3788,-18.185481607516685,-18.19546958634878,-7.01508,0.65729,36939.1444
52,47,0.6168,0.3832,CV,130.2342,129.8811,-17.30830997732321,-17.30978450811585,-11.81527,-2.1381,36682.7966
53,47,0.6182,0.3818,CV,105.4981,105.9527,-16.39664547186761,-16.406553663545708,-2.91302,-0.89283,35646.9315
54,47,0.6114,0.3886,CV,310.1072,309.8968,-19.568649929469245,-19.547735212338175,-15.72864,-14.7725,34575.806
55,47,0.6175,0.3825,CV,256.5264,257.5781,-18.330530478813913,-18.34529541997455,-0.36163,7.28089,34266.8703
56,47,0.6141,0.3859,CV,304.7672,304.9201,-21.130701302776394,-21.12228529200516,15.91233,7.45697,35697.7934
57,47,0.6139,0.3861,CV,243.6389,243.4744,-19.797778094013424,-19.793213365083595,13.71591,-5.98519,37410.0526
58,47,0.6165,0.3835,CV,258.9347,259.5737,-18.456295796656036,-18.46339842581087,9.59857,5.71935,35805.656
59,47,0.6132,0.3868,CV,350.806,351.184,-20.52063963389397,-20.50983367600917,-16.64341,-1.29419,34548.6141
60,47,0.6186,0.3814,CV,116.9396,118.0463,-16.183959095863415,-16.200676779221887,-2.22728,1.06057,35331.8536
61,47,0.6143,0.3857,CV,231.2745,231.0353,-18.012001782239018,-18.002706749137424,-14.39156,7.08305,34426.3474
62,47,0.6169,0.3831,CV,165.2949,165.6832,-16.98314102093665,-16.99102107108926,-13.54116,-4.60653,35196.7728
65,47,0.5,0.5,CA,1157.4096,1157.2583,-47.044040877111655,-46.744095975860105,-34.9537,19.40638,27291.6494
66,47,0.5453,0.4547,CV,97.4932,97.0003,-17.194962639173315,-17.074229654137373,19.13775,-7.82863,20589.2083
67,47,0.611,0.389,CV,91.53,94.4019,-16.387771788185468,-16.4719075308027,41.84708,-5.40532,13675.8071
68,47,0.5802,0.4198,CV,71.7255,70.4375,-14.52714179802387,-14.387234314688673,35.15867,-20.81811,9578.2888
69,47,0.5855,0.4145,CV,44.4913,42.5772,-13.1619021642774,-13.08888743063018,32.39979,-30.40792,7249.9877
194,51,0.7,0.3,CV,25.3895,25.3895,-11.098228126997228,-11.098228126997228,0.0,0.0,314.9411
195,51,0.6429,0.3571,CV,27.5235,27.5235,-13.287696778326188,-13.278563235041126,-10.42975,0.08756,406.1697
196,51,0.6274,0.3726,CV,18.8992,18.8955,-10.099550520778106,-10.109676886785543,-11.35691,-1.33946,612.1447
197,51,0.6357,0.3643,CV,10.3163,10.233,-15.827434863328627,-15.89634547042671,-12.41059,-2.35682,745.1338
198,51,0.6377,0.3623,CV,8.4479,8.2305,-18.21155573440029,-18.276824299494777,-8.34544,-5.54043,794.2153
199,51,0.628,0.372,CV,22.157,22.3806,-18.146342355127587,-18.167006687964538,3.94892,-4.9779,772.6205
200,51,0.5806,0.4194,CV,27.3939,26.948,-13.264174071881342,-13.100751924537073,10.57494,-4.58526,717.9757
201,51,0.5262,0.4738,CV,28.9988,28.2299,-12.706912838815754,-12.392835110294072,16.15073,-3.63346,655.2421
202,51,0.503,0.497,CV,23.8047,22.837,-20.308568370832774,-19.980746742668842,20.44809,-3.82869,592.8499
215,52,0.7,0.3,CV,40.4266,40.4266,-16.67909326294497,-16.67909326294497,0.0,0.0,338.7982
216,52,0.6387,0.3613,CV,41.4657,41.4657,-34.57294119313167,-34.54560461060956,-15.22784,-1.04974,460.1667
217,52,0.5678,0.4322,CV,41.6554,41.2231,-60.10814202968263,-59.876426659898485,-37.72169,0.23947,726.7862
218,52,0.4596,0.5404,CA,42.1378,40.4977,-84.05509812331886,-83.493020373153,-61.46501,1.18857,1082.4898
219,52,0.4478,0.5522,CA,30.089,27.0956,-126.4801298204111,-126.02568874065355,-77.83143,1.4277,1415.4151
220,52,0.4251,0.5749,CA,32.1271,28.6288,-147.5096279913604,-146.9797799103136,-98.80107,0.82381,1655.364
221,52,0.3402,0.6598,CA,42.7199,38.6478,-133.79986900951408,-132.94170052418787,-139.4875,0.44683,1867.3438
222,52,0.386,0.614,CA,29.6187,24.6194,-109.81078812039273,-109.27047658719016,-164.91679,0.52366,2000.5573
223,52,0.5465,0.4535,CV,7.273,5.5394,-68.24446741797931,-68.29051331083481,-128.29,1.1466,2004.9545
224,52,0.6423,0.3577,CV,8.3586,12.3465,-45.10627041591323,-45.32215871618293,-56.68534,1.09801,1831.8328
225,52,0.6551,0.3449,CV,11.4227,13.273,-29.526481314974077,-29.657951241146293,-11.01907,0.546,1560.6097
226,52,0.6336,0.3664,CV,19.1749,19.4798,-17.973331184122806,-17.991749332803167,12.93038,0.35808,1327.2513
227,52,0.6186,0.3814,CV,12.9966,12.3656,-11.497851989818834,-11.484464851486482,15.5997,0.31789,1163.104
228,52,0.5966,0.4034,CV,21.7484,21.0136,-13.211480483366167,-13.128224183227347,19.01979,-0.03534,1041.0879
229,52,0.5994,0.4006,CV,13.6656,12.8233,-20.639775165643826,-20.600392580450027,16.13446,-0.13128,943.1846
230,52,0.5609,0.4391,CV,35.877,35.1451,-22.898700840490243,-22.697197908839136,20.77232,0.28529,858.9652
231,52,0.5228,0.4772,CV,42.8778,41.9412,-28.300471516227937,-28.00148229485093,25.70014,-0.19658,833.9086
232,52,0.488,0.512,CA,46.5309,45.2516,-24.409503374421284,-24.02633632508145,32.12956,0.0742,830.4048
233,52,0.4734,0.5266,CA,43.639,42.1054,-22.3769736125873,-21.985225894377244,38.89854,0.54803,853.1191
234,52,0.4882,0.5118,CA,35.9809,34.2653,-18.101069465152317,-17.789751048099838,43.27937,0.67293,907.5391
235,52,0.4954,0.5046,CA,34.3527,32.4354,-14.925602758293884,-14.621895262926172,47.88929,1.14666,975.1235
236,52,0.5019,0.4981,CV,32.8777,30.7938,-16.66118463325079,-16.373053876832973,52.01236,1.11493,1063.5053
237,52,0.4573,0.5427,CA,45.7378,43.3936,-13.666489501686232,-13.190354594152724,65.70278,1.59848,1181.0584
238,52,0.5324,0.4676,CV,17.1124,14.4846,-11.256640036053247,-11.145143707676517,58.60097,1.98762,1303.2276
239,52,0.5635,0.4365,CV,27.2478,25.8207,-13.709832942083136,-13.616307817691187,50.03229,2.46641,1405.3672
240,52,0.598,0.402,CV,17.7824,17.1633,-12.424980737698448,-12.428119179146414,34.42381,1.93366,1465.3538
241,52,0.5986,0.4014,CV,18.4644,16.9685,-13.077305673240081,-13.032796934565118,29.26413,1.6699,1475.0733
242,52,0.596,0.404,CV,22.0194,20.6446,-14.01178778140001,-13.955099648857017,26.05544,1.48612,1480.2166
243,52,0.5932,0.4068,CV,26.0977,24.8819,-16.551573251352693,-16.48737435732945,23.86372,1.1514,1468.3034
244,52,0.5892,0.4108,CV,36.1041,35.2194,-23.038587571892503,-22.961820995023604,22.38478,1.09008,1424.5477
245,52,0.6158,0.3842,CV,25.8974,26.3767,-34.68105439022253,-34.721275231524345,10.39725,0.2429,1362.5741
246,52,0.6196,0.3804,CV,36.1738,36.5177,-36.60247758263592,-36.61974826647025,-1.08665,-0.51831,1286.9033
247,52,0.6135,0.3865,CV,28.4103,28.2821,-27.068520184801706,-27.054497703409172,-5.60909,-0.77885,1228.3119
248,52,0.6131,0.3869,CV,17.8337,17.5148,-19.867773775040245,-19.860859096568667,-5.12003,-0.92428,1159.8005
249,52,0.6143,0.3857,CV,18.5776,18.4069,-13.329676060811114,-13.328327712720348,-3.31924,-1.27198,1084.1971
250,52,0.6158,0.3842,CV,10.3309,10.1002,-10.462019853180738,-10.465478362025301,-3.03051,-0.95634,1028.6741
251,52,0.6121,0.3879,CV,23.8483,23.6573,-11.62242883471837,-11.607874346714905,-3.07068,-1.37842,953.0308
252,52,0.6156,0.3844,CV,7.4236,7.223,-10.375776029876604,-10.381654624022323,-2.2968,-1.3438,900.2645
253,52,0.6163,0.3837,CV,12.1274,12.0039,-12.305237701664872,-12.308593594924279,-1.33079,-1.5978,841.4493
254,52,0.6176,0.3824,CV,7.0017,6.8955,-16.45390484558823,-16.462045168589114,-0.71607,-1.01249,785.031
255,52,0.618,0.382,CV,23.5403,23.5973,-33.31568187273171,-33.32329456346443,-0.43295,-1.59664,766.4245
256,52,0.6181,0.3819,CV,6.9008,6.82,-40.39627622222419,-40.40374909825975,-0.22425,-1.45715,730.1958
257,52,0.6179,0.3821,CV,26.1917,26.2559,-50.589601070732115,-50.596229291226905,0.27075,0.52218,672.5364
262,52,0.5,0.5,CA,122.8539,122.8565,-38.1627706248785,-38.079016424318674,-4.14304,-2.82035,522.7983
263,52,0.5503,0.4497,CV,43.9961,43.8535,-22.26283071147602,-22.162246070280425,-6.64983,-2.3873,500.1839
264,52,0.5446,0.4554,CV,58.9455,58.6522,-22.870253394247825,-22.67452754532556,-8.63588,-1.87525,522.7905
265,52,0.5416,0.4584,CV,54.7495,54.2198,-17.159693704753323,-16.959914927695067,-10.18449,-1.16584,552.6227
266,52,0.5515,0.4485,CV,46.6533,46.0698,-16.03136442918832,-15.875790598200929,-11.16327,-0.18602,573.8572
267,52,0.5651,0.4349,CV,39.0834,38.5043,-16.070907235334815,-15.956222312157934,-11.00699,0.94652,602.9337
268,52,0.582,0.418,CV,28.4578,27.9157,-17.825007996211383,-17.759789866312843,-9.82246,1.70005,629.3797
269,52,0.5927,0.4073,CV,27.3319,26.9328,-27.076067562489186,-27.03044459545083,-8.90346,1.71969,638.0688
270,52,0.5944,0.4056,CV,26.2974,25.8326,-18.21219918900137,-18.157887153313418,-8.68146,1.59847,655.0116
271,52,0.5304,0.4696,CV,85.2871,84.8152,-36.22259048254895,-35.90502808064707,-15.55143,2.54799,684.7045
272,52,0.5113,0.4887,CV,63.534,62.6703,-35.32188574848019,-35.021228288260446,-19.55739,3.52482,716.5953
273,52,0.5233,0.4767,CV,44.545,43.51,-36.07908840543649,-35.85397092469015,-21.67001,4.22208,758.5479
274,52,0.5281,0.4719,CV,41.9377,40.8209,-32.905882901603334,-32.68258141644522,-24.0914,4.60708,808.3216
275,52,0.5256,0.4744,CV,43.0247,41.8029,-23.348932096130554,-23.10877397397014,-27.14683,4.49871,871.6021
276,52,0.525,0.475,CV,41.4943,40.156,-19.149744599915092,-18.910773049045822,-30.09138,4.4193,926.6289
277,52,0.5569,0.4431,CV,27.4779,26.4074,-12.78199013867651,-12.67250379920132,-27.20726,3.78806,956.0706
278,52,0.5233,0.4767,CV,44.2631,43.009,-14.552597915548956,-14.26150406379349,-33.41185,3.38014,1001.3634
279,52,0.5975,0.4025,CV,19.3582,19.9864,-10.61024854186778,-10.669523292746332,-19.87647,1.56698,1062.4442
280,52,0.621,0.379,CV,29.5374,30.1241,-13.17593077789832,-13.225932364792257,-6.27685,0.27326,1097.5597
281,52,0.6226,0.3774,CV,15.5187,15.7721,-16.43340388744482,-16.45591687430662,-0.88357,-0.65062,1085.2653
282,52,0.6214,0.3786,CV,11.9625,11.9978,-27.22409962560379,-27.238776580419255,-0.30509,-0.96641,1058.079
283,52,0.6155,0.3845,CV,35.0954,35.1023,-19.81467445459214,-19.80629093751765,3.90441,-0.89906,1030.1773
284,52,0.6019,0.3981,CV,47.7213,47.49,-20.859405488458066,-20.80270955717826,7.26335,-0.80719,1008.6149
285,52,0.5852,0.4148,CV,58.0022,57.5911,-21.774295758843564,-21.668464579309514,10.09459,-0.79349,1004.7451
286,52,0.5534,0.4466,CV,84.3976,83.8384,-39.912394313314614,-39.7013635974731,14.48911,-1.13379,1020.7008
287,52,0.5461,0.4539,CV,68.1887,67.3889,-26.428880121771726,-26.234370981385624,17.01052,-0.98507,1042.1915
288,52,0.5533,0.4467,CV,53.5058,52.6078,-17.702029802209445,-17.547612265614994,18.14317,-0.8077,1072.6181
289,52,0.5756,0.4244,CV,30.8336,29.9206,-12.838242365596443,-12.763635920028259,16.32611,-0.41189,1095.0049
290,52,0.5733,0.4267,CV,44.9551,44.1372,-13.584973355163674,-13.468718347241879,17.26559,-0.12321,1126.7716
291,52,0.5785,0.4215,CV,36.5653,35.6882,-16.3571710413146,-16.265783393459373,16.76518,0.06968,1144.2563
292,52,0.596,0.404,CV,18.9316,18.1673,-20.49462337639866,-20.467573240526896,13.32397,0.36846,1175.545
293,52,0.5897,0.4103,CV,47.2427,46.6513,-16.529227295482833,-16.450559243334617,13.78035,0.43088,1234.4586
294,52,0.5845,0.4155,CV,47.8122,47.0721,-18.118524906462635,-18.02764117140834,14.62746,0.54211,1254.6341
295,52,0.5891,0.4109,CV,37.799,37.0929,-25.256348216618193,-25.191995325506404,13.72437,0.41036,1251.187
296,52,0.5952,0.4048,CV,30.3398,29.6506,-30.33381416437831,-30.288076001792316,12.37966,-0.03906,1281.0438
297,52,0.5881,0.4119,CV,49.1694,48.5143,-32.176376508266145,-32.092087278914846,13.5896,0.36415,1313.7577
298,52,0.5901,0.4099,CV,41.9356,41.2735,-25.595381530886733,-25.530010658467013,13.09781,1.35968,1315.9254
299,52,0.5963,0.4037,CV,31.6701,31.0255,-13.937418242080135,-13.894532540021176,11.597,2.11436,1326.6192
300,52,0.602,0.398,CV,28.3714,27.8472,-11.466735259344789,-11.438752288632996,9.69218,2.85713,1326.6144
301,52,0.6008,0.3992,CV,34.6795,34.1571,-17.876530389262783,-17.835229577832365,9.50909,3.2659,1327.3832
302,52,0.6137,0.3863,CV,11.3052,11.4117,-16.871717145497946,-16.88626871960493,5.24091,2.54427,1316.2157
303,52,0.6082,0.3918,CV,56.4274,56.3979,-16.574497241807137,-16.546775739879557,3.17277,0.20099,1210.1926
304,52,0.6121,0.3879,CV,14.3099,14.0006,-19.4233128071442,-19.42012522013889,2.53291,-0.42818,1155.969
305,52,0.6035,0.3965,CV,33.655,33.388,-20.71290279721113,-20.66770249219281,2.26302,0.41584,1058.0418
306,52,0.6035,0.3965,CV,22.4075,22.103,-29.855607562029594,-29.8231353538779,1.94403,-1.48734,962.7798
307,52,0.6087,0.3913,CV,22.864,22.7927,-45.7785846498483,-45.768073703329065,1.69523,2.17495,867.3989
312,52,0.5,0.5,CA,139.2263,139.2488,-46.922527895798176,-46.810883124814275,-5.13082,2.96211,604.9349
313,52,0.5416,0.4584,CV,68.9385,68.7614,-31.416267967875715,-31.280944110594874,-7.17423,0.83219,584.3273
314,52,0.539,0.461,CV,78.8576,78.4778,-26.041836038359936,-25.8359841110737,-8.97942,-1.0285,619.1452
315,52,0.544,0.456,CV,67.3191,66.7663,-18.32267725480004,-18.140855596229134,-10.37374,-2.13614,652.7116
316,52,0.5558,0.4442,CV,55.461,54.88,-18.762530928197933,-18.620956955501896,-11.21849,-2.95879,676.9122
317,52,0.5709,0.4291,CV,40.8067,40.2158,-21.36582288176139,-21.268544642785237,-11.06412,-3.4107,702.8434
318,52,0.5743,0.4257,CV,42.8367,42.2546,-31.105513006129765,-31.00014991375927,-11.70657,-3.60149,730.5866
319,52,0.578,0.422,CV,37.0832,36.4251,-34.06488812663997,-33.970043841369154,-11.90725,-3.46651,772.561
320,52,0.5893,0.4107,CV,28.0066,27.4107,-45.66983248348115,-45.61575796327821,-10.67829,-3.47483,798.5405
321,52,0.5872,0.4128,CV,36.3727,35.7855,-38.64847878340519,-38.569207658948415,-11.16047,-2.9982,837.9231
322,52,0.5812,0.4188,CV,43.725,43.1066,-30.552531676821346,-30.451835455025364,-12.27117,-2.89604,869.7409
323,52,0.5803,0.4197,CV,41.071,40.4234,-25.29583910214773,-25.200094273035067,-12.7307,-2.86139,889.4249
324,52,0.5834,0.4166,CV,35.329,34.6411,-16.816719196250332,-16.73507172743043,-12.6531,-2.33117,921.1766
325,52,0.5872,0.4128,CV,33.353,32.6756,-12.756640515556066,-12.686092633777475,-12.28359,-1.82466,949.5111
326,52,0.5934,0.4066,CV,27.8387,27.1878,-11.41298597090054,-11.36240600501547,-11.23259,-1.41077,971.877
327,52,0.6072,0.3928,CV,16.5645,16.2954,-16.454591082946088,-16.452671318669246,-7.86565,-0.60133,1014.09
328,52,0.6141,0.3859,CV,17.0945,17.0355,-26.158114048360787,-26.164921449011537,-4.82016,0.28076,1058.1909
328,53,0.7,0.3,CV,26.7751,26.7751,-19.3322789379843,-19.3322789379843,0.0,0.0,112.5963
329,52,0.6084,0.3916,CV,41.501,41.2509,-39.687192797233266,-39.659656544397905,-6.02366,1.14352,1087.3131
329,53,0.6233,0.3767,CV,52.8241,52.8241,-29.029479896522197,-28.93599226456285,8.19157,-2.74155,173.1273
330,52,0.6125,0.3875,CV,20.4507,20.2504,-37.05870964423918,-37.056914116598485,-4.14731,1.58603,1131.5758
330,53,0.5316,0.4684,CV,44.1093,43.7449,-39.9740866472374,-39.61899338344101,22.64199,-1.45934,295.2983
331,52,0.6163,0.3837,CV,23.9291,23.9849,-32.929349073210865,-32.93730031392685,-1.48326,2.04705,1169.8538
331,53,0.4339,0.5661,CA,39.2114,38.0468,-58.10855943994616,-57.495071181919215,37.00884,0.22188,467.8256
332,52,0.6161,0.3839,CV,35.3807,35.386,-30.947969878826335,-30.94985441086229,1.07666,2.09903,1216.5027
332,53,0.404,0.596,CA,33.9908,32.2098,-93.00707539935566,-92.41012848651944,52.47095,2.94952,665.1778
333,52,0.614,0.386,CV,40.3545,40.2454,-29.96200111687741,-29.95521229955024,2.7106,1.81662,1287.0458
333,53,0.4929,0.5071,CA,14.4008,11.8845,-79.72833221696332,-79.53389507125573,53.04575,2.84675,819.7517
334,52,0.6129,0.3871,CV,38.3503,38.1685,-30.12670304831264,-30.118295400180116,3.44827,1.21986,1373.1715
334,53,0.3706,0.6294,CA,41.5801,39.2315,-109.11722956496794,-108.29525263066373,78.73415,4.16619,984.9316
335,52,0.6131,0.3869,CV,32.9803,32.7685,-27.943402671142692,-27.937544184328736,3.75545,0.62499,1451.7405
335,53,0.3359,0.6641,CA,44.037,41.2681,-116.33340490838363,-115.53295164095772,107.9386,7.37635,1161.6689
336,52,0.6112,0.3888,CV,50.3151,50.1123,-22.22800708260028,-22.21385867855947,5.05251,0.49634,1510.6302
336,53,0.3902,0.6098,CA,35.7299,33.3277,-121.77866149641396,-121.26183717870413,123.39545,9.50549,1282.3835
337,52,0.6073,0.3927,CV,64.7393,64.4642,-19.181870448164304,-19.154105304903247,6.69736,-0.07511,1610.0099
337,53,0.4891,0.5109,CA,17.1644,14.4083,-87.45794643694072,-87.26763457714524,115.55955,7.75624,1340.6543
338,52,0.6059,0.3941,CV,60.1177,59.7782,-16.512649065078946,-16.484694158069125,7.68199,0.37371,1669.2344
338,53,0.6086,0.3914,CV,6.1836,8.363,-69.49680839427985,-69.65151575453267,68.34638,3.72943,1297.8204
339,52,0.6035,0.3965,CV,62.094,61.6975,-15.184904953745153,-15.148904502408328,8.84746,0.08019,1714.081
339,53,0.6381,0.3619,CV,9.5176,10.2177,-61.59260852024295,-61.699611304061094,33.95504,1.75848,1153.8899
340,52,0.5992,0.4008,CV,67.1485,66.6884,-14.408795984612464,-14.358672650523888,10.37014,-0.63673,1750.0671
340,53,0.6354,0.3646,CV,16.2597,16.2823,-63.11134656150824,-63.163052987067786,17.16877,1.18559,992.5593
341,52,0.6003,0.3997,CV,49.3315,48.7655,-14.104862073137156,-14.065474700915232,10.50666,-1.08922,1797.3133
341,53,0.5979,0.4021,CV,32.435,32.0755,-38.653757531289635,-38.55088649643483,19.99832,1.84123,834.2284
342,52,0.6058,0.3942,CV,31.1812,30.604,-17.999184313527174,-17.98106443747474,9.12161,-1.37781,1846.8256
342,53,0.6314,0.3686,CV,12.351,13.1266,-33.16669414023255,-33.260512105289735,5.29914,0.43473,747.3437
343,52,0.6099,0.3901,CV,26.1794,25.6904,-23.240345557166666,-23.231301126354488,7.79227,-1.79047,1901.4967
343,53,0.627,0.373,CV,10.244,10.352,-39.55333521646102,-39.57883163203392,-0.72032,-0.12463,654.5276
344,52,0.6119,0.3881,CV,27.4363,27.0333,-27.203242162874016,-27.19663119705747,7.01211,-1.64727,1964.2584
344,53,0.6181,0.3819,CV,17.3399,17.2344,-52.67977944186065,-52.67424567517813,-1.95032,-0.13577,568.3619
345,52,0.6115,0.3885,CV,35.3302,34.9717,-29.839279289344464,-29.828061626975227,7.04231,-0.58245,1985.7049
345,53,0.619,0.381,CV,6.135,6.0259,-32.23933504852565,-32.25074629572393,-1.85263,-0.5088,511.1644
346,52,0.6118,0.3882,CV,30.5112,30.1247,-24.408084075949077,-24.398886018701603,6.6586,-0.41684,1995.5007
346,53,0.6185,0.3815,CV,10.4586,10.4265,-19.375077947299545,-19.38287638056667,-2.17653,-0.86335,471.7205
347,52,0.6134,0.3866,CV,27.3732,27.0812,-15.713305477471387,-15.710207204043648,5.96384,-0.73602,2048.5613
347,53,0.6197,0.3803,CV,5.014,5.056,-12.146825872855178,-12.160630363020733,-0.94727,-0.76408,438.9369
348,52,0.6129,0.3871,CV,36.7611,36.4809,-12.397860529152045,-12.390239313599126,5.80649,-1.51633,2116.0881
348,53,0.6159,0.3841,CV,17.5839,17.551,-31.678845698614218,-31.674570646229174,-0.96152,-0.7545,394.5357
349,52,0.6129,0.3871,CV,34.0667,33.7648,-12.32585237202635,-12.31915628809722,5.72741,-1.54807,2126.66
349,53,0.6126,0.3874,CV,21.8154,21.8181,-14.45013840625688,-14.43769184497702,1.32172,-0.17045,357.8838
350,52,0.6087,0.3913,CV,68.6871,68.5449,-14.676385258280941,-14.652071667232992,6.0676,0.12898,2016.1834
350,53,0.6162,0.3838,CV,28.3586,28.4624,-13.135490121937849,-13.143234894939098,-1.55195,-0.44692,345.0869
351,52,0.6121,0.3879,CV,27.3695,27.1072,-12.771710037166924,-12.767825706003295,5.64372,-1.41456,2016.0446
351,53,0.5971,0.4029,CV,37.9138,37.8299,-15.808997481593313,-15.731245557429277,-3.89943,-0.35851,331.3919
352,52,0.6106,0.3894,CV,37.5755,37.247,-16.35594204219651,-16.34072552907703,6.09494,-2.7094,1997.1563
352,53,0.6111,0.3889,CV,3.9748,3.9534,-16.27134282700298,-16.280121801672053,-2.46754,-0.0996,313.4158
353,52,0.6135,0.3865,CV,21.575,21.2661,-14.790570763910404,-14.789516276191854,4.3842,-2.69607,1948.3693
353,53,0.6157,0.3843,CV,4.7391,4.7083,-11.906832773137475,-11.914309072642782,-1.57592,-0.31596,303.3659
354,52,0.612,0.388,CV,33.2838,33.0137,-17.48444176870341,-17.472989730552214,4.7101,-1.42874,1867.2442
354,53,0.6183,0.3817,CV,3.6247,3.6936,-10.138396515800112,-10.150383261162656,-0.68727,-0.23629,294.6114
355,52,0.6095,0.3905,CV,33.9726,33.6418,-20.750953902420726,-20.730981529820923,5.17058,-0.5599,1770.9732
355,53,0.619,0.381,CV,4.8626,4.8991,-10.755698605443914,-10.766466591873307,-0.11517,-0.0612,283.9809
356,52,0.6024,0.3976,CV,42.5915,42.2299,-22.15605432603186,-22.110212095575374,5.32769,0.30533,1633.6052
356,53,0.6188,0.3812,CV,4.1762,4.1752,-10.3974232886268,-10.406507175293482,0.00051,0.08459,273.2741
357,52,0.5955,0.4045,CV,37.9349,37.4923,-25.11936155123864,-25.055170238084937,5.04211,1.84823,1480.6972
357,53,0.6187,0.3813,CV,7.1456,7.1616,-8.791568534381636,-8.80047436147782,-0.1733,-0.03575,271.3569
358,52,0.6188,0.3812,CV,40.563,40.9996,-43.554300961264275,-43.59825382937249,3.70958,0.33434,1430.3447
358,53,0.6186,0.3814,CV,4.5896,4.592,-10.105557488579404,-10.114430425450571,-0.34189,0.05967,264.0405
359,53,0.6168,0.3832,CV,17.6299,17.6461,-9.948214459764198,-9.949417659068077,0.97749,0.28356,254.9682
360,53,0.6173,0.3827,CV,21.4179,21.4722,-10.913707845465808,-10.91976626618051,-0.91282,0.13658,253.1476
361,53,0.6058,0.3942,CV,31.1915,31.1436,-16.376820382774845,-16.333468698941516,-2.697,-0.16883,250.125
362,53,0.618,0.382,CV,18.2789,18.4128,-12.096803902676744,-12.121948712673424,-0.43391,-0.17702,251.6611
363,53,0.6187,0.3813,CV,7.566,7.6013,-19.908814503321313,-19.919202804715454,0.12148,0.08075,246.1753
364,53,0.6187,0.3813,CV,1.6055,1.6001,-15.488830327514993,-15.497998860639317,0.13421,0.11345,244.0951
365,53,0.6164,0.3836,CV,15.9489,15.9444,-11.116719107618106,-11.11624173938145,1.07016,-0.3696,244.6661
366,53,0.6135,0.3865,CV,15.4359,15.3743,-11.948183791000478,-11.938737018740158,1.59751,-0.63824,244.4596
367,53,0.6084,0.3916,CV,21.4028,21.3112,-12.225066302416169,-12.198532214691497,2.18859,-0.96393,248.9479
368,53,0.6019,0.3981,CV,26.8066,26.6859,-12.010178854851215,-11.963700528016739,3.12736,-0.64624,250.4345
369,53,0.615,0.385,CV,18.9303,19.0377,-10.187590238502912,-10.205802230427944,1.00679,-0.49402,261.9635
370,53,0.6142,0.3858,CV,32.7087,32.7596,-13.617164106178912,-13.612878801656947,-1.45496,-0.2186,268.7668
371,53,0.6042,0.3958,CV,34.6415,34.565,-17.874521342426156,-17.82917012700078,-3.09586,-0.05073,270.913
372,53,0.5977,0.4023,CV,29.4921,29.3254,-30.956614187140296,-30.898922666417473,-3.92595,0.2617,277.1474
373,53,0.6003,0.3997,CV,19.6227,19.4167,-44.89159064508192,-44.85434924685072,-3.90128,0.26144,280.5583
374,53,0.6035,0.3965,CV,15.9026,15.6945,-79.19379450847522,-79.16625188237754,-3.71503,0.34415,286.1599
375,53,0.606,0.394,CV,17.6463,17.4954,-121.32673516660351,-121.30491741847366,-3.33182,1.04717,296.7645
377,53,0.5,0.5,CA,92.1259,92.0722,-112.24909785107376,-111.92398292313146,-6.04321,-3.749,267.0268
378,53,0.3958,0.6042,CA,57.0728,56.7786,-63.775934706366264,-63.05065339437295,-15.31028,-3.81951,275.0562
379,53,0.2399,0.7601,CA,71.5181,70.8118,-60.85837358707103,-59.550451172829995,-30.33053,-4.70741,318.2524
380,53,0.2135,0.7865,CA,74.6576,73.4734,-43.006860116974465,-41.76710105823068,-52.87847,-6.80843,385.2709
381,53,0.2308,0.7692,CA,59.1174,57.4107,-24.771973877475812,-23.66949275931102,-79.14246,-9.11195,475.1755
382,53,0.2428,0.7572,CA,45.9824,43.5716,-22.994625261002675,-21.934332572797317,-110.87297,-10.46708,620.8398
383,53,0.3178,0.6822,CA,30.0518,26.9555,-23.626001947565975,-22.922301072391075,-135.54236,-10.16703,829.7859
384,53,0.497,0.503,CA,12.3248,10.8757,-21.83586319338694,-21.7790628049258,-116.88472,-6.48175,1021.7308
385,53,0.6335,0.3665,CV,14.492,17.2789,-12.41444660739359,-12.66382329885417,-50.61139,-1.20569,1086.5156
385,54,0.7,0.3,CV,65.9706,65.9706,-20.72316681652607,-20.72316681652607,0.0,0.0,391.6444
386,53,0.5388,0.4612,CV,32.7925,31.2905,-19.172006452363902,-18.83047797408941,-68.96441,-1.33559,1080.7472
386,54,0.6362,0.3638,CV,66.7114,66.7114,-27.4983146710657,-27.460135068945608,-12.71062,-5.09179,554.3798
387,53,0.4943,0.5057,CA,30.7177,28.1264,-15.032435198269877,-14.651494135882558,-79.10581,-0.70852,1139.797
387,54,0.5759,0.4241,CV,57.6317,57.1758,-42.03942804059404,-41.84434065358131,-32.04907,-10.40367,860.9221
388,53,0.4852,0.5148,CA,29.5226,26.738,-11.76036287948119,-11.407218171075131,-86.63202,0.1364,1218.9043
388,54,0.5295,0.4705,CV,44.7792,43.2742,-60.78154825276667,-60.487874745066925,-45.42774,-12.94402,1217.2489
389,53,0.4994,0.5006,CA,26.594,23.8254,-11.487557689389774,-11.203949520891443,-89.13523,1.12674,1285.9485
389,54,0.4702,0.5298,CA,49.1649,46.8782,-97.75830873285533,-97.29426560654025,-63.51647,-14.17627,1597.7513
390,53,0.5848,0.4152,CV,22.7822,22.7543,-12.298963026130485,-12.339968089498388,-59.94118,2.41202,1263.3879
390,54,0.4678,0.5322,CA,39.5582,36.3954,-120.85230765304715,-120.46345182035816,-76.61697,-12.64617,1948.1664
391,53,0.6288,0.3712,CV,27.4296,28.2796,-13.263999249638308,-13.366188834279816,-19.3896,3.19356,1129.452
391,54,0.4864,0.5136,CA,36.0017,32.5704,-125.35022990057543,-125.03962782707148,-84.35136,-10.69343,2216.1066
392,53,0.6163,0.3837,CV,28.8528,29.0856,-11.768841889123353,-11.752814615289475,7.01311,2.95871,962.6016
392,54,0.4442,0.5558,CA,50.5918,46.9075,-108.16653503066499,-107.65938247344822,-105.96028,-11.91257,2443.0452
393,53,0.6007,0.3993,CV,30.9943,30.9327,-17.208348164294016,-17.145216418712803,-7.1533,3.43722,808.6994
393,54,0.4704,0.5296,CA,37.4487,33.1442,-86.37764895917064,-86.03627606428864,-115.65148,-11.06793,2666.2058
394,53,0.6229,0.3771,CV,20.0764,20.5383,-16.837166098249128,-16.8905777775839,4.40452,1.16091,723.3598
394,54,0.5461,0.4539,CV,21.8026,18.933,-61.039640838285486,-60.96457416284183,-97.82849,-7.61892,2749.0129
395,53,0.6216,0.3784,CV,7.8203,7.6814,-15.59886438006637,-15.613956130555293,4.70109,0.26181,648.7752
395,54,0.5077,0.4923,CV,41.0541,37.452,-58.703465407210686,-58.36564426402715,-109.72276,-7.62709,2778.0271
396,53,0.624,0.376,CV,14.1584,14.3989,-10.618983877440497,-10.646505409928894,-0.26719,0.12297,596.3111
396,54,0.5413,0.4587,CV,27.3276,23.7156,-32.705188339852086,-32.55736027001366,-99.98488,-4.97138,2853.535
397,53,0.6176,0.3824,CV,17.9386,17.9064,-10.740278385217653,-10.736917455982327,-2.57199,-0.07394,544.2347
397,54,0.6065,0.3935,CV,15.4386,16.1157,-28.39393001096763,-28.464986914433197,-61.34608,-1.81251,2752.5008
398,53,0.6196,0.3804,CV,18.8181,18.9389,-19.297219320986287,-19.311689621231125,0.6591,-0.66545,508.6514
398,54,0.6367,0.3633,CV,32.7332,34.3938,-40.07946359342693,-40.18351487845938,-12.48643,0.78457,2477.617
399,53,0.6099,0.3901,CV,34.6701,34.6506,-21.851660311146325,-21.8223627863981,3.35654,-0.3789,498.4821
399,54,0.6321,0.3679,CV,10.7148,10.9694,-26.22718990538884,-26.266909519452355,-0.68601,1.09481,2216.7948
400,53,0.6028,0.3972,CV,34.7769,34.613,-18.643063388393998,-18.59847713281266,3.84837,-0.56686,507.7343
400,54,0.6226,0.3774,CV,22.9416,22.815,-25.820630277515995,-25.82647326274057,7.31127,1.2333,1969.695
401,53,0.6038,0.3962,CV,27.5017,27.29,-19.791984952459046,-19.76194190963357,3.45952,-1.0135,519.7675
401,54,0.6226,0.3774,CV,17.14,17.1711,-30.744505840303955,-30.764281567232103,2.00571,0.75561,1764.2812
402,53,0.612,0.388,CV,14.6847,14.6538,-20.213944320523836,-20.216725739211345,2.08101,-1.34064,517.258
402,54,0.6211,0.3789,CV,11.6106,11.4925,-30.58918383965588,-30.602821842380806,1.44633,-0.04866,1598.774
403,53,0.6143,0.3857,CV,27.0615,27.0764,-20.17110353761177,-20.17149392461006,0.79168,-1.89166,499.3721
403,54,0.6207,0.3793,CV,12.7138,12.763,-20.94465918576543,-20.95890366762383,-0.67849,-0.72702,1478.0778
404,53,0.6154,0.3846,CV,10.4305,10.336,-9.765318664347888,-9.76693727838095,0.67785,-1.77809,506.2875
404,54,0.6185,0.3815,CV,32.8444,32.9057,-20.386255458391915,-20.391483740859428,2.33931,-1.10855,1415.9354
405,53,0.6158,0.3842,CV,17.2037,17.1726,-20.12848616722244,-20.130249492566392,-0.35578,-1.69778,503.5841
405,54,0.6131,0.3869,CV,38.0495,37.912,-18.011156090535117,-17.997090858081506,3.84571,-1.7747,1375.2844
406,53,0.6145,0.3855,CV,23.7902,23.7596,-19.426133056835937,-19.421845868074648,1.29421,-1.67445,498.4668
406,54,0.6089,0.3911,CV,41.8112,41.5771,-14.910340774083467,-14.886426855151544,4.76052,-1.89932,1360.3028
407,53,0.6142,0.3858,CV,26.7434,26.7461,-14.230468774898881,-14.22665647982108,-0.95228,-1.61387,487.9568
407,54,0.6064,0.3936,CV,43.6113,43.3225,-14.840991774683648,-14.812884465984402,5.44741,-1.91518,1353.7666
408,53,0.6126,0.3874,CV,17.3777,17.2485,-20.427110735913686,-20.41710416229867,-1.45456,-1.82743,478.6851
408,54,0.6062,0.3938,CV,40.7594,40.4415,-12.967862184865819,-12.942255354968534,5.68133,-1.82146,1362.3536
409,53,0.6065,0.3935,CV,25.1466,24.9968,-32.69504839930168,-32.66193112554439,-1.9089,-2.00077,455.4803
409,54,0.6071,0.3929,CV,38.3904,38.0889,-12.477604044886979,-12.456369854578465,5.67751,-2.04839,1357.33
410,53,0.5789,0.4211,CV,43.4646,43.3334,-31.481862296760553,-31.343149952376812,0.0801,-1.49316,406.4891
410,54,0.6132,0.3868,CV,23.5793,23.5281,-14.567351164919172,-14.570513727530255,3.28167,-2.5766,1348.0197
411,53,0.5849,0.4151,CV,40.9924,41.0709,-36.89847358718102,-36.8251215424006,5.91083,-0.48788,395.2661
411,54,0.6147,0.3853,CV,18.3023,18.1129,-13.887619712305067,-13.887930612225743,2.5866,-2.50359,1344.1218
412,53,0.5342,0.4658,CV,44.6043,44.2964,-31.06033223923957,-30.772012008424404,10.15667,-0.17077,379.9325
412,54,0.6159,0.3841,CV,13.7567,13.5689,-12.42739873873862,-12.430728818926688,2.08736,-2.23043,1345.0192
413,53,0.5098,0.4902,CV,35.2777,34.7973,-28.327018989806326,-28.01477877219515,12.47669,-2.3744,354.6585
413,54,0.6143,0.3857,CV,28.9081,28.7463,-15.60628419164592,-15.600859209290086,2.52288,-2.61377,1324.6653
414,53,0.4954,0.5046,CA,26.59,26.0025,-19.610496466096826,-19.275761708242875,15.39399,-1.20021,331.9104
414,54,0.6161,0.3839,CV,13.4874,13.3282,-11.441411161367704,-11.445972134278058,1.50154,-2.20666,1309.0173
415,53,0.4401,0.5599,CA,28.2275,27.5142,-15.02043812428836,-14.483960696810168,21.71689,-2.06969,320.7328
415,54,0.6157,0.3843,CV,22.4457,22.3117,-12.593364296199853,-12.593463280620561,2.47018,-1.59764,1290.7902
416,53,0.3925,0.6075,CA,28.8931,28.0025,-16.073195375119354,-15.419475895898705,30.31662,-1.60862,323.5836
416,54,0.6169,0.3831,CV,14.0976,13.997,-11.161796984980047,-11.167885012045078,2.53502,-0.9941,1291.638
417,53,0.3669,0.6331,CA,37.5612,36.6885,-19.23423972334779,-18.538686931264508,39.88803,-1.76994,357.9308
417,54,0.6184,0.3816,CV,5.0586,5.0863,-10.85811044621465,-10.868636593407516,1.50392,-0.73774,1295.2104
418,53,0.0297,0.9703,CA,78.3934,76.7598,-61.52887507269134,-57.92958637556917,105.43553,-5.43987,413.1542
418,54,0.6188,0.3812,CV,11.117,11.1661,-10.817545252225065,-10.827493403369811,0.48107,-0.49961,1306.8604
419,53,0.2454,0.7546,CA,20.1665,17.9743,-11.538200942027427,-10.77736814164719,127.03841,-5.02693,433.2128
419,54,0.618,0.382,CV,17.1705,17.1325,-11.812595222536485,-11.818512183391524,0.93344,-0.29006,1331.6799
420,53,0.5453,0.4547,CV,7.6051,9.2832,-9.47022407743787,-9.708147267037909,96.97932,-2.32451,482.7324
420,54,0.6171,0.3829,CV,27.0108,26.9828,-12.481912204226736,-12.485157875549554,2.025,-0.78173,1321.2978
421,53,0.6822,0.3178,CV,15.0752,17.4252,-14.235061605896401,-14.631528878660419,16.59632,1.75621,481.813
421,54,0.6153,0.3847,CV,31.0349,30.9423,-13.591155015124796,-13.58837391016576,2.72533,-1.34448,1294.6464
422,53,0.6485,0.3515,CV,11.2662,11.5927,-22.807892704097057,-22.850127000350664,-9.61279,2.42092,401.8372
422,54,0.6109,0.3891,CV,50.0271,49.9581,-18.305253486762894,-18.28635431790795,1.19543,-2.81498,1221.5516
423,53,0.621,0.379,CV,13.4375,13.1821,-16.736487640508994,-16.71101875645384,-9.81522,2.02207,355.9441
423,54,0.6149,0.3851,CV,18.5926,18.5268,-23.320666643355242,-23.325457705674864,2.38269,-1.94091,1211.5511
424,53,0.6238,0.3762,CV,10.9403,11.0081,-18.15259198328814,-18.180066704645355,-1.85125,1.56123,320.2572
424,54,0.613,0.387,CV,28.9505,28.7878,-25.05137598885857,-25.042009046809767,3.95013,-1.47051,1188.4405
425,53,0.5663,0.4337,CV,30.8444,30.8616,-18.69916986839864,-18.483529491501887,11.40286,0.52503,300.0911
425,54,0.6124,0.3876,CV,25.6216,25.4214,-29.81254000760926,-29.803278429191565,4.58377,-0.4696,1162.3144
426,53,0.565,0.435,CV,14.3262,13.6937,-9.224002085295709,-9.087566070057079,12.30278,0.16251,285.0704
426,54,0.6099,0.3901,CV,29.5102,29.2619,-33.02760693393797,-33.00879067976417,5.29569,0.04855,1130.9747
427,53,0.5892,0.4108,CV,15.7149,15.5429,-9.698412682822365,-9.662763815954486,9.72727,0.53326,261.3159
427,54,0.6148,0.3852,CV,12.9031,12.7922,-49.203851060252205,-49.20968828280874,3.62104,-0.96893,1100.8427
428,54,0.6162,0.3838,CV,18.1242,18.058,-57.75134637921584,-57.755616257476746,2.96958,0.6539,1065.9293
428,53,0.6248,0.3752,CV,13.0002,13.4264,-9.782132906313901,-9.860739801109212,1.61739,0.64162,244.3842
429,54,0.6051,0.3949,CV,49.4363,49.2927,-51.43166116128951,-51.38733801245964,4.72638,3.24213,1013.2421
430,54,0.6025,0.3975,CV,31.6776,31.3908,-56.72288029651176,-56.68370681449683,4.46871,3.80671,949.24
452,55,0.7,0.3,CV,34.9877,34.9877,-12.061837640298132,-12.061837640298132,0.0,0.0,381.5212
453,55,0.6383,0.3617,CV,54.7322,54.7322,-16.0681707130175,-16.039177408195243,-5.30542,-5.8598,551.2072
454,55,0.5744,0.4256,CV,62.8357,62.3833,-17.815414992638168,-17.611091298981243,-17.16312,-13.46145,908.8557
455,55,0.5289,0.4711,CV,54.0354,52.4084,-17.905276220456052,-17.6110343193708,-26.59927,-18.03056,1338.7543
456,55,0.5331,0.4669,CV,40.3941,37.977,-18.242043025453018,-18.03076794888426,-31.75085,-20.45836,1750.0395
457,55,0.565,0.435,CV,26.5031,24.0757,-20.211743530324537,-20.123599130988566,-30.54578,-18.92377,2056.6265
458,55,0.5984,0.4016,CV,17.1433,15.8925,-23.978191688501518,-23.98093745079909,-24.06308,-14.06482,2213.0924
459,55,0.6148,0.3852,CV,17.3982,17.0417,-28.289285315173792,-28.311950918572624,-16.98667,-9.19334,2241.3345
460,55,0.6223,0.3777,CV,15.3442,15.4646,-30.964837005212658,-30.995043023641898,-10.34357,-4.77423,2191.8169
461,55,0.6244,0.3756,CV,13.7362,14.0415,-30.16141912736837,-30.189420386541485,-4.85295,-1.65624,2107.0881
462,55,0.6209,0.3791,CV,18.3607,18.1885,-40.35593047616511,-40.36589776645629,-4.38121,-0.32248,2023.4629
463,55,0.6189,0.3811,CV,19.1005,18.9366,-45.15043829957864,-45.15702122395331,-3.56065,0.73943,1938.8018
464,55,0.6177,0.3823,CV,19.5148,19.3643,-52.118434739972216,-52.12296799185097,-2.61295,1.42396,1851.9942
465,55,0.617,0.383,CV,18.2403,18.0729,-56.147589018128244,-56.150915832194656,-2.01819,1.8201,1775.2284
466,55,0.6172,0.3828,CV,13.5915,13.4333,-56.314772539648104,-56.3200294202779,-1.69083,1.90649,1721.4204
467,55,0.618,0.382,CV,7.0014,6.9274,-54.44302566622163,-54.451556070230446,-1.24236,1.46136,1689.6601
468,55,0.618,0.382,CV,12.677,12.6254,-46.34977472215563,-46.356793012787314,-1.05858,1.34981,1678.8287
469,55,0.6178,0.3822,CV,11.2618,11.1778,-43.72940797392916,-43.73568451839529,-0.8343,1.37679,1673.1337
470,55,0.6174,0.3826,CV,16.5482,16.4742,-34.91697653605011,-34.92185621824589,-1.03852,1.23098,1691.0151
471,55,0.6168,0.3832,CV,23.4622,23.3922,-30.01442748579563,-30.01763201946092,-1.81686,1.34881,1690.7059
472,55,0.6157,0.3843,CV,30.1914,30.0779,-20.711647706463463,-20.710740632590145,-2.58471,1.77271,1687.5431
473,55,0.6137,0.3863,CV,40.6093,40.4746,-17.650064575343922,-17.642433241009282,-2.91971,2.68032,1653.2519
474,55,0.6147,0.3853,CV,20.841,20.622,-12.245928633942224,-12.245430837130499,-2.48138,2.86397,1653.3501
475,55,0.616,0.384,CV,19.3383,19.2013,-11.633322900658234,-11.63678152505557,-1.994,2.85384,1686.3448
476,55,0.6157,0.3843,CV,24.0928,23.9196,-14.897496359747478,-14.897895192795389,-1.77717,3.18861,1717.3448
477,55,0.6126,0.3874,CV,46.0802,45.8996,-28.44128419064282,-28.428942835974933,-3.52207,3.70691,1743.6195
478,55,0.614,0.386,CV,36.8335,36.7302,-33.756628061033226,-33.755125663924034,-2.3396,3.00062,1839.7102
479,55,0.6149,0.3851,CV,31.0782,30.936,-32.19296998264883,-32.19289782520932,-0.77418,2.9517,1930.9921
480,55,0.6148,0.3852,CV,31.6835,31.4932,-23.161093412723453,-23.159412627868477,-1.5614,2.84972,2013.1785
481,55,0.6159,0.3841,CV,50.7362,50.7726,-27.694369549334763,-27.69729506994311,1.72554,2.19795,2093.7756
482,55,0.6166,0.3834,CV,17.5995,17.476,-19.637769105160828,-19.64236352885246,1.88987,1.29022,2187.3488
483,55,0.615,0.385,CV,54.3485,54.2671,-24.339579800198674,-24.336176786398866,4.22895,0.42762,2252.8986
484,55,0.6142,0.3858,CV,42.4228,42.2206,-21.100451029863386,-21.096061018855664,5.02164,-0.25779,2307.7342
485,55,0.6137,0.3863,CV,39.586,39.3283,-19.275669309769068,-19.27049313896786,5.43397,-0.69648,2359.1469
486,55,0.6096,0.3904,CV,65.3475,65.0551,-14.863950654320767,-14.84192556309247,7.85429,0.24624,2419.5061
487,55,0.6087,0.3913,CV,52.7987,52.3801,-13.291297513429463,-13.27175058017155,8.63139,0.08055,2516.9661
488,55,0.6072,0.3928,CV,60.7688,60.3242,-13.630731331619923,-13.606127957273179,9.42444,-0.79737,2641.4557
489,55,0.6005,0.3995,CV,87.7203,87.2443,-17.30849138023164,-17.25825803959774,11.97447,-0.1491,2652.9686
490,55,0.5947,0.4053,CV,82.2242,81.5684,-19.193355188439458,-19.128557763495984,14.24761,-0.12649,2686.7229
491,55,0.5957,0.4043,CV,63.3197,62.5367,-22.083029942745096,-22.031085267929107,14.71577,-0.6158,2751.1589
492,55,0.6058,0.3942,CV,32.4402,31.7934,-20.085145008575047,-20.073687548794318,11.70924,-1.36336,2854.28
493,55,0.6119,0.3881,CV,34.601,34.329,-18.265810559855144,-18.265282495698628,8.15588,-3.25302,2937.2612
494,55,0.6106,0.3894,CV,59.0411,58.7813,-18.685922017996084,-18.670724889887207,8.06632,-2.38039,2854.7517
495,55,0.61,0.39,CV,46.403,46.0459,-17.93432604741082,-17.918900201892995,6.86522,-1.43866,2762.3953
496,55,0.6116,0.3884,CV,31.8238,31.409,-17.755748069345252,-17.74764397876304,5.14049,-1.42335,2680.441
497,55,0.6142,0.3858,CV,27.9916,27.748,-16.430111676775617,-16.43072029029959,3.23384,-3.37871,2606.6448
498,55,0.6132,0.3868,CV,30.5411,30.1779,-14.064790848500998,-14.057206749853204,3.43091,-4.28816,2500.3799
499,55,0.6007,0.3993,CV,64.0095,63.6518,-14.410452539388123,-14.352256465128127,7.64579,-4.59164,2327.5188
500,55,0.6076,0.3924,CV,20.9348,20.365,-11.496817233711726,-11.485765824084702,6.82792,-3.83953,2200.2144
501,55,0.6099,0.3901,CV,24.4628,24.0351,-13.906632643828654,-13.895113411715084,6.83933,-2.36994,2055.1366
502,55,0.612,0.388,CV,18.6988,18.2716,-15.909387431657084,-15.90309916768864,5.71979,-2.0633,1891.0391
503,55,0.6145,0.3855,CV,19.0661,18.8572,-25.995353107163858,-25.996457962513084,5.20529,-2.22044,1762.2699
504,55,0.6138,0.3862,CV,22.2386,21.9925,-39.57690953723751,-39.57153266447065,5.38897,-1.52141,1636.1153
505,55,0.6131,0.3869,CV,26.3707,26.188,-46.94492823471308,-46.93784076476604,4.72395,-2.28032,1541.2286
507,55,0.5,0.5,CA,85.7307,85.909,-32.945009434877626,-32.910692092468494,-2.2946,2.46988,1260.2223
508,55,0.5571,0.4429,CV,84.0988,84.2451,-33.64276161515125,-33.569771210479935,-7.7459,0.51723,1231.2825
509,55,0.5346,0.4654,CV,102.3316,101.8697,-30.346716392413633,-30.10077506361648,-11.38758,-0.57887,1280.7017
510,55,0.5302,0.4698,CV,97.2304,96.3455,-23.318787136393283,-23.087502402153433,-13.00303,-1.11964,1380.9575
511,55,0.5498,0.4502,CV,73.5932,72.5396,-16.02469706181911,-15.879095422891904,-13.51872,-0.57822,1489.6607
512,55,0.5731,0.4269,CV,53.4624,52.4799,-13.34529874002391,-13.26584801809259,-12.62637,0.32894,1594.5807
513,55,0.5925,0.4075,CV,38.2836,37.565,-12.498312596362902,-12.464876198860866,-10.9415,1.0274,1675.1011
514,55,0.6036,0.3964,CV,32.8288,32.3283,-12.936337767044536,-12.920657156473615,-8.94043,1.86613,1751.3492
515,55,0.6121,0.3879,CV,20.4679,20.2639,-12.606042229354212,-12.609601462803088,-6.2477,2.15051,1812.6124
516,55,0.6112,0.3888,CV,39.5359,39.1999,-16.329335745265375,-16.316439911095316,-6.57159,2.54116,1880.8788
517,55,0.6116,0.3884,CV,32.8143,32.415,-16.632182681648615,-16.622304351704994,-6.33538,2.32323,1967.3219
518,55,0.6134,0.3866,CV,26.0183,25.6735,-18.74525385368937,-18.74254695971126,-5.63123,1.7877,2033.8057
519,55,0.6149,0.3851,CV,22.6872,22.4048,-20.534200306264957,-20.53494304490679,-4.91611,1.1413,2090.1086
520,55,0.6164,0.3836,CV,16.3658,16.1722,-19.09761589062272,-19.10271601638459,-3.88886,0.13153,2165.9856
521,55,0.6169,0.3831,CV,26.0132,25.9398,-17.31890778364304,-17.323970314348443,-2.87302,-1.17037,2274.8607
522,55,0.6169,0.3831,CV,26.1343,26.0232,-15.863801366558524,-15.8678701707363,-1.97659,-2.03261,2389.0378
523,55,0.6171,0.3829,CV,26.9068,26.8415,-16.455028548987165,-16.46002097435721,-1.07653,-2.6631,2448.3302
524,55,0.6168,0.3832,CV,39.9468,39.9208,-18.44167969655632,-18.44520768031393,-0.10067,-2.41162,2435.6244
525,55,0.616,0.384,CV,37.2174,37.0918,-19.653035699855288,-19.65348606005863,0.65017,-1.65204,2419.7986
526,55,0.615,0.385,CV,34.9023,34.68,-20.83175045288501,-20.82924822337258,1.02718,-1.27586,2401.2389
527,55,0.6142,0.3858,CV,33.005,32.7208,-21.75941615492683,-21.75500123680989,1.64771,-1.49865,2373.5625
528,55,0.6153,0.3847,CV,21.5591,21.2356,-19.46648623294438,-19.467863474691804,1.84667,-1.38473,2349.6746
529,55,0.6164,0.3836,CV,19.1022,18.8436,-17.299288841777706,-17.30361419493451,2.38494,-1.39902,2324.0827
530,55,0.617,0.383,CV,20.2107,20.0332,-14.70611825245479,-14.711534521472695,3.11108,-1.02485,2299.3218
531,55,0.6178,0.3822,CV,12.3347,12.1375,-13.194444444040071,-13.202257090046722,2.59213,-0.29685,2258.1446
532,55,0.6192,0.3808,CV,14.8493,14.9638,-11.535127035657721,-11.547562940733654,0.53867,0.43128,2223.4512
533,55,0.6188,0.3812,CV,23.2794,23.3119,-12.394826954948025,-12.403807149257704,-1.19655,1.00091,2205.0081
534,55,0.6181,0.3819,CV,22.1118,22.0626,-13.68358174769983,-13.689848647727366,-1.7746,1.09127,2210.9076
535,55,0.6165,0.3835,CV,34.6952,34.602,-17.345414187669967,-17.346223021724427,-1.77751,1.62186,2261.6498
536,55,0.6169,0.3831,CV,18.3088,18.183,-20.300974395077425,-20.305651561730258,-0.82456,1.66343,2296.0551
537,55,0.617,0.383,CV,27.782,27.7465,-21.427015486588594,-21.43166514359052,0.85986,1.42934,2335.489
538,55,0.6157,0.3843,CV,47.1142,47.047,-23.261381781753762,-23.260273256835085,3.16982,1.11262,2378.4521
539,55,0.6153,0.3847,CV,31.8879,31.6963,-24.126661976785932,-24.126040853370014,3.68487,1.12086,2429.6935
540,55,0.6146,0.3854,CV,38.3705,38.1523,-24.13811849481217,-24.13474257087958,4.3007,1.2325,2509.3414
541,55,0.6158,0.3842,CV,28.5457,28.4217,-19.60970627846299,-19.6127094797991,2.96877,0.58131,2641.473
542,55,0.6162,0.3838,CV,25.0953,24.9034,-19.676503961467727,-19.67919084753363,2.34012,0.51115,2781.7262
543,55,0.6175,0.3825,CV,16.9404,17.0119,-20.638672136455913,-20.646605729666376,0.72252,0.96626,2868.7926
544,55,0.6179,0.3821,CV,19.1077,19.1162,-20.394569484813708,-20.401829346794017,-0.16973,1.45308,2941.8131
545,55,0.6178,0.3822,CV,24.2108,24.1666,-16.842192523167306,-16.848573610913213,-0.79658,1.97228,3006.5472
546,55,0.6178,0.3822,CV,20.2483,20.1571,-13.92256900555872,-13.929192998312715,-0.20606,2.29458,3075.9477
547,55,0.618,0.382,CV,19.3224,19.2631,-12.928637612505545,-12.936170661646713,0.9961,2.02632,3165.292
548,55,0.618,0.382,CV,17.7777,17.6732,-12.652819554812663,-12.660197129307624,1.61139,1.70061,3241.0937
549,55,0.6173,0.3827,CV,34.5268,34.4156,-12.7939688494653,-12.798049462040515,3.18686,1.36599,3292.7491
550,55,0.6152,0.3848,CV,51.7956,51.6098,-14.251565206782914,-14.247926000173335,5.49096,0.84303,3337.8414
551,55,0.6161,0.3839,CV,23.9727,23.675,-13.223603833526116,-13.226964067258342,4.82026,0.29594,3377.451
552,55,0.6174,0.3826,CV,21.3382,21.2408,-12.635976047202838,-12.6435812262921,2.97977,-0.45524,3381.2186
553,55,0.6181,0.3819,CV,26.9699,26.9534,-12.41080564468641,-12.419106636409346,0.56217,-0.98938,3366.0358
554,55,0.6173,0.3827,CV,31.5698,31.4136,-12.704700537911052,-12.70863548068555,-0.39556,-1.45063,3311.3388
555,55,0.617,0.383,CV,28.0754,27.8912,-12.298300350625277,-12.30249450413144,0.82052,-2.25388,3260.3957
556,55,0.6168,0.3832,CV,25.0195,24.7729,-12.164772491036302,-12.168526656996367,0.71833,-1.99866,3178.4785
557,55,0.617,0.383,CV,26.8202,26.6448,-12.440003174994258,-12.444464040239238,-0.15827,-0.44144,3069.5854
558,55,0.6163,0.3837,CV,27.1349,26.8917,-13.029322286660014,-13.03101834057824,-0.81193,0.15647,2935.666
559,55,0.6173,0.3827,CV,15.2724,14.9924,-13.227697685325566,-13.234352979941656,-0.95868,0.13147,2807.4889
560,55,0.6191,0.3809,CV,27.7586,27.8767,-14.271631675905901,-14.284345744285364,-2.31978,-0.75403,2743.5238
561,55,0.6165,0.3835,CV,61.2889,61.3455,-13.862302582299478,-13.861635589429266,-0.51921,-2.34051,2780.3269
562,55,0.6169,0.3831,CV,66.266,66.4329,-14.982350514907385,-14.98721017685839,0.68556,-2.43454,2533.655
563,55,0.6162,0.3838,CV,27.9603,27.8348,-12.576322658007602,-12.57754255942065,1.35485,-1.08417,2367.4198
564,55,0.6183,0.3817,CV,9.9236,9.8365,-11.84040976970997,-11.85132975554672,1.05274,0.13143,2243.9719
565,55,0.6194,0.3806,CV,3.5828,3.475,-11.692806742323924,-11.70550854034289,0.7583,0.33625,2116.2502
566,55,0.6183,0.3817,CV,19.5062,19.409,-11.431775477258823,-11.438066007605977,1.70536,-0.00643,1956.5529
567,55,0.6107,0.3893,CV,46.1026,45.9862,-13.481457201940541,-13.457465205922478,2.49198,-3.24456,1757.534
568,55,0.6123,0.3877,CV,37.5918,37.5768,-16.667484578524874,-16.66143596010151,4.59083,-3.2571,1652.0376
569,55,0.6075,0.3925,CV,49.5773,49.4482,-27.713006062473475,-27.68428565717086,5.60035,-1.96232,1593.8926
570,55,0.6106,0.3894,CV,24.6026,24.3516,-29.687873524470326,-29.679312353988173,5.35035,-0.64464,1483.4716
592,56,0.7,0.3,CV,27.8619,27.8619,-12.960525315625407,-12.960525315625407,0.0,0.0,349.9573
593,56,0.6371,0.3629,CV,49.0143,49.0143,-19.11902675083784,-19.084622097578116,-9.2411,-6.82446,503.6149
594,56,0.5959,0.4041,CV,36.0526,35.5967,-21.471995893610494,-21.358379626348082,-22.38443,-11.02669,786.847
595,56,0.5279,0.4721,CV,46.6227,45.3408,-23.043054018118056,-22.71361343439272,-30.81451,-17.52191,1142.1436
596,56,0.5381,0.4619,CV,29.4155,27.05,-26.961221470877234,-26.77154844975584,-35.1801,-18.18196,1460.377
597,56,0.5545,0.4455,CV,26.5762,24.1972,-26.852340027138624,-26.714116490690458,-34.95112,-15.14249,1703.0032
598,56,0.5812,0.4188,CV,18.751,16.5128,-27.292009614132155,-27.23868863118234,-29.52212,-11.31823,1857.3033
599,56,0.6213,0.3787,CV,38.6827,39.557,-48.33900066069097,-48.414318181749245,-14.91256,-7.84457,1816.5776
600,56,0.627,0.373,CV,5.6458,6.0997,-34.796750305402234,-34.83755872071566,-8.04859,-4.12034,1770.4722
601,56,0.6232,0.3768,CV,11.9947,11.7082,-42.65519087538046,-42.670860769448794,-6.66362,-2.27848,1705.2477
602,56,0.621,0.379,CV,13.1128,12.9356,-45.53169944796185,-45.543849554201245,-5.04777,-1.13622,1627.1424
603,56,0.6202,0.3798,CV,8.2767,8.1649,-46.901017343909075,-46.91320080810658,-3.37072,-0.51096,1559.338
604,56,0.6198,0.3802,CV,14.8799,14.9218,-54.324906298847644,-54.33652166819462,-1.48372,-0.28749,1485.7725
605,56,0.6175,0.3825,CV,23.4624,23.3906,-70.39585101854483,-70.39841586207358,-0.93565,-0.64265,1402.8952
606,56,0.6167,0.3833,CV,17.359,17.227,-62.92569430254593,-62.92799529872181,-0.97612,-1.06225,1337.3696
607,56,0.6177,0.3823,CV,10.7256,10.6732,-40.1068426207548,-40.11476153583024,-1.30915,-1.05366,1302.0304
608,56,0.6177,0.3823,CV,10.3157,10.209,-28.66875385941221,-28.675139704790336,-1.09583,-1.18946,1262.7039
609,56,0.6171,0.3829,CV,16.3848,16.2935,-20.98858477936031,-20.99221005719721,-0.76509,-1.40413,1212.6453
610,56,0.6168,0.3832,CV,14.8613,14.7557,-13.348797362427316,-13.35237770308977,-0.30371,-1.62545,1170.1473
611,56,0.6179,0.3821,CV,12.8199,12.8305,-10.513115934399801,-10.521759124435526,-0.95754,-1.16523,1156.5748
612,56,0.6176,0.3824,CV,16.3018,16.258,-11.70670209310324,-11.712142591598653,-1.59969,-0.77648,1148.3044
613,56,0.6171,0.3829,CV,14.4034,14.3134,-13.419719133661465,-13.423914648130104,-1.81565,-0.66859,1141.8947
614,56,0.6175,0.3825,CV,7.6947,7.5938,-13.813612244455747,-13.819910071589621,-1.53716,-0.46962,1139.0063
615,56,0.6178,0.3822,CV,34.7853,34.8654,-15.744773018065606,-15.751802895987277,1.03024,0.01403,1107.929
616,56,0.6143,0.3857,CV,36.5651,36.4986,-18.741825211007107,-18.733731863673245,3.02916,0.47088,1084.639
617,56,0.6111,0.3889,CV,33.8271,33.6564,-21.407448523708766,-21.39118198064473,4.31829,0.25625,1071.1166
618,56,0.605,0.395,CV,43.8703,43.6371,-19.793078832430766,-19.75571836181856,5.98605,-0.3731,1055.6273
619,56,0.6038,0.3962,CV,35.9568,35.6511,-13.727334086389106,-13.694065086882702,6.54266,-0.10022,1057.8737
620,56,0.6091,0.3909,CV,22.0788,21.8128,-12.883838983517242,-12.874226040892303,5.38314,0.68793,1069.0084
621,56,0.606,0.394,CV,40.0671,39.7985,-12.83537063266477,-12.805374506422655,5.83393,1.38534,1092.4833
622,56,0.6039,0.3961,CV,41.8041,41.4767,-13.19755148248257,-13.16310341362846,6.13514,1.81988,1122.2373
623,56,0.6073,0.3927,CV,27.9174,27.5647,-13.398859616732597,-13.381616850746274,5.36206,1.96332,1148.4888
624,56,0.5994,0.4006,CV,61.3196,61.0062,-22.109241799596813,-22.054147925571183,7.38726,2.09545,1176.3264
625,56,0.6019,0.3981,CV,38.9705,38.5463,-16.214029953418798,-16.18096844952138,7.0931,2.23855,1216.756
626,56,0.6047,0.3953,CV,36.9485,36.5582,-14.101833607828274,-14.076849317868357,6.48567,2.2178,1280.5921
627,56,0.6075,0.3925,CV,32.7321,32.349,-12.39091518024949,-12.37347319463995,5.76123,2.29796,1345.7826
628,56,0.6105,0.3895,CV,27.6991,27.3717,-11.798740986727518,-11.789754835335414,4.68128,2.53595,1410.4472
629,56,0.6125,0.3875,CV,27.5304,27.2772,-11.876401531132318,-11.871675060936324,3.48518,2.71823,1491.7646
630,56,0.6141,0.3859,CV,26.9287,26.7345,-12.416669908435155,-12.415379931151685,2.21,2.61685,1591.8145
631,56,0.615,0.385,CV,25.4968,25.3141,-12.920625170850196,-12.920882947383308,1.25254,2.32112,1704.2684
632,56,0.6164,0.3836,CV,10.8039,10.6137,-13.166063016214581,-13.170979243219529,0.77217,1.87496,1793.4975
633,56,0.6173,0.3827,CV,11.7279,11.6608,-13.644375103760334,-13.650800696311105,0.60929,1.72601,1862.7247
634,56,0.6179,0.3821,CV,14.7497,14.7836,-14.192732011944019,-14.200805643906655,0.51335,1.12135,1912.8083
635,56,0.6182,0.3818,CV,5.8681,5.8382,-15.097310258559723,-15.105607137749821,0.68107,0.67435,1994.6541
636,56,0.6183,0.3817,CV,11.3547,11.323,-16.32536463958754,-16.333599838926183,0.95961,0.31989,2065.9075
637,56,0.618,0.382,CV,21.9765,21.9223,-16.800852527196966,-16.807440981423493,1.1925,0.31914,2098.8702
638,56,0.6177,0.3823,CV,21.372,21.2687,-15.83699366251423,-15.842856950547368,0.91761,0.6654,2122.377
639,56,0.6162,0.3838,CV,36.0412,35.9215,-14.217885114834164,-14.218004445234126,-0.23772,0.60683,2104.0232
640,56,0.6105,0.3895,CV,54.9212,54.7018,-13.5039228535789,-13.482033381454167,-1.39177,-0.12381,2026.0245
641,56,0.611,0.389,CV,29.2042,28.8117,-11.744540134557125,-11.733167250318237,-1.83761,0.04926,1979.735
642,56,0.616,0.384,CV,11.2998,11.0592,-11.112942312994356,-11.122083487901262,-1.63394,0.90819,1955.7661
643,56,0.6173,0.3827,CV,14.0077,13.7735,-11.168653814767808,-11.175910669831719,-0.56839,0.89401,1896.2322
644,56,0.6174,0.3826,CV,15.9095,15.6984,-11.281563997354294,-11.287101652247573,0.19042,0.77454,1814.5823
645,56,0.6136,0.3864,CV,31.3321,31.1226,-11.90233342910999,-11.891748938549261,0.81189,0.19747,1689.4563
646,56,0.6102,0.3898,CV,31.8132,31.5737,-11.793456632678241,-11.77431571665499,1.08781,-1.87082,1557.764
647,56,0.6161,0.3839,CV,10.772,10.6646,-11.70726126288612,-11.717916091910592,1.68895,-1.78655,1456.0616
648,56,0.6196,0.3804,CV,14.1531,14.2662,-13.496672763421735,-13.513476420967569,1.84202,-1.0191,1370.5899
649,56,0.6191,0.3809,CV,16.4862,16.4836,-16.809478915395324,-16.818949504869224,1.87412,-0.33355,1295.8898
650,56,0.6184,0.3816,CV,13.2097,13.1507,-19.164991351482882,-19.172427115569427,1.66632,0.56397,1221.2306
665,57,0.7,0.3,CV,35.7831,35.7831,-14.218154037181119,-14.218154037181119,0.0,0.0,167.3733
666,57,0.6389,0.3611,CV,40.1345,40.1345,-15.809665188727465,-15.783160832223652,-3.99638,-2.40757,241.1374
667,57,0.5943,0.4057,CV,35.9092,35.6336,-14.134974874190222,-14.011680381653388,-9.63248,-3.86464,382.214
668,57,0.5597,0.4403,CV,33.9875,33.1421,-13.839293135334263,-13.640302941978481,-12.44982,-4.70659,546.505
669,57,0.5615,0.4385,CV,25.2474,23.9246,-13.898076749565782,-13.756902993715922,-13.00011,-4.94166,703.3781
670,57,0.5744,0.4256,CV,21.3348,19.9817,-13.971929416360066,-13.880598180902425,-13.0204,-4.5555,831.349
671,57,0.597,0.403,CV,11.8418,10.6733,-15.180782953305,-15.164043428724922,-10.64154,-3.28661,918.3939
672,57,0.6124,0.3876,CV,8.7596,8.3342,-15.894061303053572,-15.908355673560266,-7.82792,-1.89772,964.0214
673,57,0.6193,0.3807,CV,8.1397,8.1333,-18.215393072048734,-18.236404139335527,-5.23473,-0.73282,981.7829
674,57,0.6207,0.3793,CV,13.2017,13.2384,-19.361562721339524,-19.378346024606145,-3.60247,0.03993,977.5704
675,57,0.6203,0.3797,CV,12.6776,12.6902,-21.30430809188258,-21.31731208779137,-2.2081,0.6209,963.8539
676,57,0.6192,0.3808,CV,13.3196,13.2835,-23.518116351390614,-23.527022746106834,-1.17463,1.03728,945.4111
677,57,0.6182,0.3818,CV,11.8969,11.7948,-24.9216319701915,-24.927744491359583,-0.94421,1.22002,928.3112
678,57,0.6176,0.3824,CV,11.821,11.7146,-28.090887160961344,-28.096086071524716,-0.92019,1.40891,914.8896
679,57,0.6168,0.3832,CV,14.7863,14.6757,-30.24473339615501,-30.247286890828118,-1.13703,1.54183,898.6961
680,57,0.6164,0.3836,CV,14.1504,14.0281,-34.70211597035542,-34.704167465211256,-1.10806,1.58739,880.2416
681,57,0.6162,0.3838,CV,14.178,14.0587,-39.382708375921965,-39.384654009952584,-0.94629,1.46669,857.5326
682,57,0.6166,0.3834,CV,12.8412,12.7425,-41.89380552544596,-41.89761149873692,-0.50342,1.05156,832.0409
683,57,0.6172,0.3828,CV,10.5123,10.4283,-38.2934209518036,-38.29939416678716,0.12218,0.79941,809.5821
684,57,0.6172,0.3828,CV,11.4055,11.314,-37.37595207839095,-37.38101606338339,0.57017,0.67101,784.4629
685,57,0.6175,0.3825,CV,29.4453,29.5119,-45.48228734990326,-45.488684822327514,-1.6883,0.44072,785.4101
686,57,0.6167,0.3833,CV,20.0656,20.0263,-36.62794619551147,-36.63030683318916,-1.7406,0.02383,798.359
687,57,0.6163,0.3837,CV,14.4197,14.32,-30.704759873304464,-30.706847509543472,-1.58133,-0.1805,808.83
688,57,0.6163,0.3837,CV,12.6945,12.5882,-27.20432779020578,-27.206883318808917,-1.60793,-0.13646,816.8944
689,57,0.6164,0.3836,CV,14.6039,14.5332,-23.788691659921035,-23.791801589624054,-1.7944,0.00581,817.6733
690,57,0.6162,0.3838,CV,16.2646,16.179,-19.985785523969163,-19.987525146878987,-2.03771,0.16481,819.5498
691,57,0.6152,0.3848,CV,23.0321,22.9522,-21.05447942756578,-21.05252379922809,-2.31502,0.62968,808.8347
692,57,0.6145,0.3855,CV,19.542,19.4053,-16.43063881470528,-16.427088450900136,-2.63937,0.70094,803.5629
693,57,0.6138,0.3862,CV,20.9309,20.79,-14.554473331273105,-14.54903608877687,-2.52678,1.24235,790.3257
694,57,0.6134,0.3866,CV,18.4927,18.319,-10.951538445398871,-10.94562872730181,-2.53063,1.62412,777.7737
695,57,0.6143,0.3857,CV,13.861,13.6722,-10.079647754048509,-10.077997399409982,-2.2928,1.62023,763.9846
696,57,0.6156,0.3844,CV,10.3873,10.2088,-10.214510667346284,-10.217051775165565,-2.01388,1.36723,748.0861
697,57,0.6158,0.3842,CV,12.351,12.2067,-11.135886191241667,-11.137511992261786,-1.96767,0.95045,724.7784
698,57,0.6122,0.3878,CV,23.2446,23.111,-11.523218332787016,-11.508899132514202,-1.90502,1.51439,683.3491
699,57,0.6041,0.3959,CV,34.9005,34.7753,-34.0937706197236,-34.05118434282977,-4.56068,1.53663,657.4319
700,57,0.6165,0.3835,CV,12.0848,12.2629,-32.48696337248797,-32.50849660642746,-2.14264,1.38206,644.2941
701,57,0.6196,0.3804,CV,18.2173,18.3321,-27.494174849626283,-27.51030594087888,0.34983,0.73869,620.2602
702,57,0.6165,0.3835,CV,24.0524,24.0518,-24.2081734356957,-24.20652368884864,1.93593,-0.6045,590.3975
703,57,0.617,0.383,CV,17.1959,17.2012,-37.05038945233485,-37.05562367986349,1.45207,-0.20073,586.2188
704,57,0.6167,0.3833,CV,12.8511,12.7902,-31.233589015032116,-31.236650723846665,1.71642,0.21269,566.6584
705,57,0.6127,0.3873,CV,24.4424,24.3625,-19.999241394250696,-19.985904226354055,2.7722,0.19714,540.4919
706,57,0.6103,0.3897,CV,20.5938,20.4514,-12.85382882438491,-12.836539775377833,3.28396,-0.10136,525.7149
707,57,0.6046,0.3954,CV,27.8045,27.63,-13.01348923788912,-12.97577092249744,4.24936,-0.14089,511.8987
708,57,0.5982,0.4018,CV,30.0326,29.8127,-14.547166112086195,-14.491037092387861,5.15962,0.03912,491.8884
709,57,0.5718,0.4282,CV,49.7457,49.4772,-21.16984984031363,-21.01446950636307,7.91406,-0.28587,482.4488
710,57,0.5752,0.4248,CV,29.0887,28.664,-23.204714572998867,-23.101699491801835,8.26593,-0.49094,474.0015
711,57,0.5813,0.4187,CV,23.5955,23.1802,-38.80088674361333,-38.718252937005616,8.16294,-0.5171,458.1524
712,57,0.5804,0.4196,CV,24.1038,23.7162,-62.48608758438138,-62.39037630798235,8.39796,-0.73912,436.5854
713,57,0.5782,0.4218,CV,22.5297,22.1223,-57.36350288782372,-57.26035282382449,9.00363,-0.78108,426.1118
714,57,0.5714,0.4286,CV,30.1509,29.7851,-36.65475708439265,-36.52718773237062,9.66318,-0.49645,428.9584
715,57,0.5613,0.4387,CV,36.0063,35.5531,-23.7596058954434,-23.60037392733041,10.40363,-0.8639,441.1422
716,57,0.5683,0.4317,CV,26.3492,25.7743,-16.33675727153225,-16.22103215649092,10.34002,-0.76683,446.9368
717,57,0.5758,0.4242,CV,24.2718,23.7727,-14.927705761957533,-14.83219861623549,10.17712,-0.44656,441.7726
718,57,0.5347,0.4653,CV,45.7104,45.2034,-17.181464745941305,-16.90873792198534,14.01278,-0.27678,440.8764
719,57,0.569,0.431,CV,14.2099,13.4903,-9.871532709116629,-9.797060429213849,12.23027,-0.384,444.154
720,57,0.5829,0.4171,CV,15.3687,14.7815,-12.010996797334403,-11.943845485274231,10.94821,-0.38331,449.4093
721,57,0.5801,0.4199,CV,22.9375,22.4209,-11.559027924857578,-11.460167122816646,10.93585,-0.50318,458.6324
722,57,0.5831,0.4169,CV,20.1166,19.5448,-10.956176413207706,-10.873483534501954,10.38673,-0.29508,464.3297
723,57,0.6067,0.3933,CV,4.871,4.7532,-9.109711050632757,-9.120737869991173,6.60804,-0.16141,467.5615
724,57,0.6202,0.3798,CV,10.6944,11.0342,-9.356116759440571,-9.389178945451665,2.40652,-0.07046,462.0141
725,57,0.6209,0.3791,CV,10.8043,10.9144,-10.373974148862857,-10.390255293263273,0.12551,-0.03337,455.9538
726,57,0.6191,0.3809,CV,10.4154,10.3981,-16.62188412676875,-16.629498728155912,-0.59775,0.00071,457.1178
727,57,0.6193,0.3807,CV,6.4816,6.5123,-21.829180387626337,-21.840317770722976,-0.47517,0.12522,445.8021
728,57,0.6187,0.3813,CV,11.1308,11.146,-36.96453254412188,-36.97286534066161,0.04851,-0.52965,444.9269
729,57,0.6156,0.3844,CV,25.7114,25.7185,-39.95127822584469,-39.94731255711239,-0.24469,-1.04423,416.6783
730,57,0.6051,0.3949,CV,29.0049,28.9219,-37.281731769004544,-37.23805091146721,-1.1327,-0.87628,381.6764
731,57,0.6063,0.3937,CV,20.0385,19.9703,-31.297309023454993,-31.27440227501205,-2.9483,-0.86811,366.9997
732,57,0.6073,0.3927,CV,15.4574,15.3223,-35.33738272733633,-35.31684436897898,-3.43199,-0.78726,353.227
740,58,0.7,0.3,CV,17.5749,17.5749,-13.074815538445346,-13.074815538445346,0.0,0.0,156.1306
741,58,0.6375,0.3625,CV,27.3019,27.3019,-21.391320255526324,-21.35890866386772,-11.33427,-1.86006,214.8742
742,58,0.5828,0.4172,CV,22.5869,22.2616,-24.458203059356148,-24.289685250456074,-22.96075,-1.99338,338.7838
743,58,0.4626,0.5374,CA,29.4044,28.3907,-35.35354018842553,-34.78171871707091,-40.18357,-4.96553,500.2134
743,59,0.7,0.3,CV,71.6603,71.6603,-16.29106065625763,-16.29106065625763,0.0,0.0,646.1498
744,58,0.4244,0.5756,CA,23.456,21.3992,-23.9664778608335,-23.412646398571212,-54.18127,-5.53996,667.2936
744,59,0.6418,0.3582,CV,61.1928,61.1928,-14.947436951265448,-14.933479122064107,-6.72344,-1.66828,907.5662
745,58,0.4742,0.5258,CA,16.8274,14.4842,-10.363338812998759,-10.065389044072178,-58.78606,-3.57219,781.7206
745,59,0.5997,0.4003,CV,66.6863,66.2631,-15.50619000240814,-15.401167058387086,-15.84263,0.47864,1428.2306
746,58,0.334,0.666,CA,37.5329,35.0398,-16.951288066944315,-15.995478468310061,-88.61278,-3.18317,915.9267
746,59,0.574,0.426,CV,56.8759,55.3948,-15.012795585207094,-14.864252932673816,-21.56496,4.86327,1998.1607
747,58,0.3436,0.6564,CA,33.4424,30.5746,-17.409499171787402,-16.694764724959683,-115.05873,-3.24756,1030.8148
747,59,0.5824,0.4176,CV,38.519,36.556,-15.278850196884449,-15.202229963469506,-23.33781,8.17791,2467.4854
748,58,0.4203,0.5797,CA,32.0684,30.6607,-20.233126854521462,-19.830460185233573,-115.63357,0.97549,1060.3054
748,59,0.5942,0.4058,CV,33.2972,31.6368,-17.32474184593338,-17.2847846072167,-22.02929,9.96979,2793.0877
749,58,0.5776,0.4224,CV,4.8153,5.7037,-9.339866912944434,-9.463722885051444,-78.6388,1.27584,990.8431
749,59,0.605,0.395,CV,26.9269,25.6109,-19.058179975915177,-19.0456268024348,-17.9245,9.98162,2986.8234
750,58,0.6602,0.3398,CV,14.4167,16.857,-9.694376651609028,-9.94415346357334,-8.71316,0.89641,829.5768
750,59,0.6139,0.3861,CV,17.6315,16.7314,-18.108208383988146,-18.117204263160822,-12.28362,8.4789,3081.0868
751,58,0.6206,0.3794,CV,16.6224,16.76,-11.405469180008586,-11.360584591461011,19.30991,0.58696,671.9475
751,59,0.6195,0.3805,CV,11.1801,11.0247,-18.07052346496694,-18.090309578732885,-7.02207,6.20933,3104.6674
752,58,0.6201,0.3799,CV,9.6613,9.3189,-8.656975784190246,-8.66909729141561,16.63547,0.04732,583.0006
752,59,0.6155,0.3845,CV,31.7233,31.206,-23.184404238678137,-23.17893258820759,-7.59891,5.09791,3123.7843
753,58,0.6129,0.3871,CV,29.6787,30.3115,-21.667961179470048,-21.650407697712254,-9.98686,1.20833,498.9352
753,59,0.6171,0.3829,CV,15.7486,15.3467,-22.937900247212013,-22.944916265051603,-5.86561,3.40865,3114.6912
754,58,0.6271,0.3729,CV,15.3817,15.8538,-12.003110959201141,-12.056816497120263,2.16282,0.93899,441.6381
754,59,0.619,0.381,CV,9.2474,9.4152,-23.066733930260185,-23.07961312885238,-3.54867,1.59772,3090.5595
755,58,0.612,0.388,CV,16.8731,16.7845,-11.396416067674394,-11.364662798086673,6.0368,0.59777,402.7772
755,59,0.6192,0.3808,CV,18.7515,18.8342,-20.39302033151403,-20.403626092890462,-1.93418,-0.25743,3103.8042
756,58,0.6108,0.3892,CV,9.7318,9.4794,-9.983749342286126,-9.969237210251633,5.28874,0.4632,374.4162
756,59,0.6187,0.3813,CV,23.5281,23.553,-18.25234000479205,-18.260608142762507,-0.4477,-1.51704,3123.5626
757,58,0.6082,0.3918,CV,10.3749,10.105,-12.138683468031841,-12.115265844529599,4.97129,0.36968,349.5793
757,59,0.6179,0.3821,CV,29.5155,29.4813,-18.631247108147647,-18.63698715704603,0.45399,-2.28296,3097.8092
758,58,0.5976,0.4024,CV,18.9058,18.6642,-16.33621601531821,-16.27216888713516,5.70685,0.27111,326.6562
758,59,0.6172,0.3828,CV,31.1735,31.0867,-19.369756883831414,-19.373838183998597,0.18866,-2.19315,3041.351
759,58,0.6192,0.3808,CV,34.7333,35.0232,-21.248061241472328,-21.290640633149067,-0.93092,0.23879,318.0483
759,59,0.6163,0.3837,CV,33.3832,33.2226,-19.65114436117708,-19.65239134879029,-0.11469,-2.26787,2977.8121
760,58,0.6199,0.3801,CV,5.4423,5.5044,-14.039041746709948,-14.052303267384929,-0.09332,-0.03946,304.7802
760,59,0.6155,0.3845,CV,33.9056,33.6944,-20.58270735833752,-20.581888117346132,-1.07008,-2.56228,2914.497
761,58,0.6181,0.3819,CV,11.5047,11.5092,-15.738123592993709,-15.742840328784087,0.91384,-0.1311,296.4607
761,59,0.6136,0.3864,CV,47.1398,46.9483,-18.445786301384842,-18.438238461827115,1.4622,-3.28017,2821.0586
762,58,0.6164,0.3836,CV,10.9845,10.9378,-13.938087354456181,-13.938209274085256,1.1538,-0.20522,295.026
762,59,0.6128,0.3872,CV,35.5409,35.2028,-19.668958141988917,-19.660625266826013,1.87562,-3.76025,2724.3124
763,58,0.6182,0.3818,CV,4.8958,4.9469,-15.246041924003077,-15.256312666688203,0.39326,-0.25452,290.6505
763,59,0.6127,0.3873,CV,37.1717,36.8985,-16.484470320897067,-16.476852830816416,3.8711,-3.92691,2647.4826
764,58,0.6184,0.3816,CV,7.66,7.6843,-15.82838752996801,-15.836976787915095,-0.23721,-0.18686,285.1249
764,59,0.6108,0.3892,CV,41.5206,41.1852,-15.798526597364848,-15.783288894448308,5.53117,-4.07676,2560.2617
765,58,0.617,0.383,CV,12.7735,12.7607,-15.81478172474852,-15.817047514964726,-0.91416,-0.28094,279.0472
765,59,0.6097,0.3903,CV,38.6497,38.2526,-14.967475220705909,-14.950223090062611,6.24586,-4.33758,2473.1698
766,58,0.6014,0.3986,CV,37.7457,37.694,-15.916269554553,-15.855349428453591,-3.18646,-0.37324,269.7169
766,59,0.6068,0.3932,CV,46.2976,45.888,-12.798024929793488,-12.770379357084046,7.66001,-4.18705,2387.1121
767,58,0.6144,0.3856,CV,4.9622,5.0883,-8.683823482505979,-8.700247264814951,-1.63577,-0.46308,268.3647
767,59,0.6174,0.3826,CV,33.7673,34.0912,-13.03240898364167,-13.053489583289618,2.0981,-3.40901,2341.2125
768,58,0.6164,0.3836,CV,26.8036,26.8824,-12.451567104350996,-12.457112579332492,1.11856,-0.61629,265.4806
768,59,0.6168,0.3832,CV,49.7038,49.7748,-13.005253995767179,-13.00849238149652,-2.50038,-2.65094,2299.5219
769,58,0.6182,0.3818,CV,10.6126,10.6518,-15.070471286764139,-15.08097162438476,0.08145,-0.72513,266.9274
769,59,0.6135,0.3865,CV,46.3454,46.1751,-12.790284196538918,-12.780354903252679,-4.52171,-2.19168,2279.9355
770,58,0.6183,0.3817,CV,4.633,4.6139,-18.173284832937583,-18.181441783856375,-0.21583,-0.61499,265.4649
770,59,0.6154,0.3846,CV,28.5154,28.4164,-11.978572502018164,-11.98123464244754,-2.56895,-1.92605,2301.0514
771,58,0.6175,0.3825,CV,9.187,9.1665,-11.693322710429879,-11.697989726701252,-0.65555,-0.52262,267.0846
771,59,0.6155,0.3845,CV,68.1862,68.278,-22.459027338218533,-22.45948895668448,2.50979,-1.87078,2309.2968
772,58,0.617,0.383,CV,12.6149,12.6108,-17.735008313586505,-17.738725391033125,-0.86986,-0.25631,258.2727
772,59,0.6141,0.3859,CV,40.845,40.6584,-18.123255324743543,-18.117819957248567,3.64952,-2.27007,2314.184
773,58,0.6165,0.3835,CV,12.4461,12.434,-9.247026770000543,-9.249501390092641,-0.92284,-0.70018,262.3734
773,59,0.6169,0.3831,CV,38.1917,38.3018,-12.437017587863052,-12.445474346921683,0.14124,-2.56883,2313.0245
774,58,0.6159,0.3841,CV,10.3756,10.3197,-8.89008336935323,-8.890364178702844,-0.82595,-0.96095,267.3414
774,59,0.6171,0.3829,CV,17.5569,17.4357,-13.439241345065954,-13.444343018864968,0.54255,-2.20509,2350.2509
775,58,0.6153,0.3847,CV,10.6795,10.6142,-9.0151897345751,-9.014317010087124,-0.62821,-1.16031,272.0722
775,59,0.6169,0.3831,CV,28.6273,28.5569,-12.6817457353664,-12.685696865967866,2.0336,-1.80653,2381.8035
776,58,0.6153,0.3847,CV,13.8816,13.8538,-13.683820014789468,-13.683659811850902,-0.49708,-1.33476,265.9188
776,59,0.6132,0.3868,CV,64.0825,63.9628,-15.89288490241455,-15.88146545552769,5.26138,-1.51816,2406.9411
777,58,0.6105,0.3895,CV,25.2456,25.2042,-13.866330982877617,-13.845981760630021,-1.9407,-1.28283,269.9853
777,59,0.6169,0.3831,CV,8.9567,9.1025,-18.74164546339513,-18.751415219074097,2.76771,-1.04856,2451.7116
778,58,0.6155,0.3845,CV,6.072,6.0591,-12.913705677894706,-12.921161826356293,-1.04831,-1.01926,277.0567
778,59,0.6174,0.3826,CV,18.2636,18.1733,-17.746546913083716,-17.75286583605551,2.11241,-1.65239,2470.3518
779,58,0.6147,0.3853,CV,29.2789,29.3161,-21.91538334015813,-21.912414594441017,1.09689,-0.91381,287.8348
779,59,0.6166,0.3834,CV,31.6086,31.4906,-15.187289038354702,-15.189601424466076,3.09133,-1.37449,2535.9045
780,58,0.6158,0.3842,CV,21.2747,21.3005,-10.737068251425768,-10.739896153799664,-0.47375,-0.90144,299.3509
780,59,0.6164,0.3836,CV,34.0023,33.8963,-14.89441277691417,-14.896813115158627,2.79461,-0.40321,2656.086
781,58,0.6151,0.3849,CV,16.4157,16.3779,-9.795354798795936,-9.7933611322572,-1.10573,-1.03982,302.4468
781,59,0.6166,0.3834,CV,21.9876,21.807,-15.146760954649501,-15.15060168645845,2.26829,0.02236,2763.8985
782,58,0.6144,0.3856,CV,19.2285,19.2065,-15.660942831194564,-15.657296555382064,-1.22009,-0.93341,292.9311
782,59,0.6171,0.3829,CV,19.0271,18.9117,-15.417414658626033,-15.422766633579045,1.1989,0.22433,2876.8625
783,58,0.6136,0.3864,CV,12.9908,12.9034,-20.018332312896852,-20.01230366796719,-1.16674,-1.10139,288.7315
783,59,0.6179,0.3821,CV,8.4862,8.5423,-14.579625645754502,-14.587598558964324,0.44515,-0.26835,2954.2059
784,58,0.6161,0.3839,CV,12.9485,12.9534,-12.682863760314696,-12.688602577581795,-0.72584,-1.40945,299.1233
784,59,0.6182,0.3818,CV,22.6077,22.6772,-13.657573198736959,-13.665897920845861,-0.15155,-0.77131,2980.1493
785,58,0.617,0.383,CV,5.8347,5.7509,-16.11568840082441,-16.121225458162343,-0.52324,-1.27119,303.0516
785,59,0.6183,0.3817,CV,14.9762,14.9699,-13.122485646961087,-13.130498765534847,-1.03415,-0.50665,3068.9843
786,58,0.6172,0.3828,CV,9.5919,9.5646,-11.446819501812593,-11.451970509164294,-0.7425,-0.87363,310.7759
786,59,0.6184,0.3816,CV,17.4887,17.5101,-13.938154043717107,-13.946833665620511,0.03608,-0.76723,3124.191
787,58,0.6164,0.3836,CV,12.3704,12.3288,-13.35524343572975,-13.356777316460311,-1.21666,-0.72512,310.9991
787,59,0.6176,0.3824,CV,36.7548,36.7061,-14.734760767623401,-14.739675718657962,1.43374,-1.23844,3116.3186
788,58,0.6099,0.3901,CV,27.1395,27.0767,-13.08715555542442,-13.062741638081956,-2.59627,-0.33648,310.3216
788,59,0.6167,0.3833,CV,36.4533,36.3056,-13.538983012987932,-13.541031575343844,0.84439,-1.36471,3076.1975
789,58,0.6182,0.3818,CV,22.6093,22.739,-20.081640370720493,-20.101554622049335,-0.21437,-0.0927,323.0104
789,59,0.618,0.382,CV,26.496,26.5117,-12.434386120382133,-12.443573940432488,-1.41404,0.07124,3097.6749
790,58,0.6144,0.3856,CV,29.9875,29.9991,-24.879723431147156,-24.871213541833413,1.82347,0.03263,329.0402
790,59,0.6175,0.3825,CV,32.291,32.1931,-12.42735428307342,-12.432406075869894,-3.10986,1.22694,3112.4268
791,58,0.6094,0.3906,CV,25.3805,25.2854,-31.92046350585102,-31.89687025610418,2.76416,-0.05838,329.791
791,59,0.6143,0.3857,CV,52.6636,52.4842,-14.350685916661348,-14.342887827883466,-3.53757,0.83129,2986.9709
792,58,0.599,0.401,CV,37.5791,37.4982,-22.475078161654203,-22.41501515137703,3.35222,0.69375,306.7935
792,59,0.6157,0.3843,CV,22.4886,22.1987,-12.669736104726304,-12.67274379976861,-2.07989,0.77573,2901.7019
793,58,0.5985,0.4015,CV,21.1973,21.0303,-38.46731812181612,-38.42090373232036,4.22394,0.57024,307.9919
793,59,0.6142,0.3858,CV,44.389,44.2378,-12.708574040259052,-12.702956228700184,1.50711,0.4924,2768.4282
794,58,0.5957,0.4043,CV,23.0366,22.8311,-57.83100169911244,-57.773445422817645,4.88763,0.61327,314.061
794,59,0.6102,0.3898,CV,49.0167,48.7579,-13.953986063258148,-13.933916882846635,5.21478,0.67774,2621.8501
795,58,0.5997,0.4003,CV,17.7963,17.5673,-85.60803463289817,-85.57107161134805,4.52144,0.79262,320.5875
795,59,0.5897,0.4103,CV,75.073,74.6298,-17.45861546628734,-17.35893024482114,7.86163,2.68913,2366.6265
796,58,0.5797,0.4203,CV,88.792,88.7305,-177.63396599110084,-177.5088481880129,3.34647,1.98382,384.668
796,59,0.5939,0.4061,CV,32.4591,31.7699,-16.49716676464182,-16.445118193503326,8.49991,1.10935,2153.4927
797,59,0.6174,0.3826,CV,25.9794,26.4404,-16.165699293974413,-16.205843935921244,4.52805,-2.23825,1985.2135
798,59,0.6193,0.3807,CV,12.8765,12.7596,-15.025753102939145,-15.039160394179444,2.09631,-2.13465,1751.1579
807,60,0.7,0.3,CV,18.0636,18.0636,-12.032741182935283,-12.032741182935283,0.0,0.0,184.346
808,60,0.6428,0.3572,CV,19.3416,19.3416,-16.27944265024015,-16.269840024862496,-5.07265,8.09386,251.7158
809,60,0.6082,0.3918,CV,17.3609,17.1123,-15.00030720131867,-14.92912813215234,-7.22153,18.31598,383.4824
810,60,0.2196,0.7804,CA,103.8983,103.3182,-49.89234533418751,-48.1650738565079,-3.69591,39.66373,752.8515
811,60,0.2726,0.7274,CA,83.4143,80.453,-30.754049481265298,-29.86527408247988,-1.00257,60.60296,1212.9807
812,60,0.3943,0.6057,CA,63.6851,61.3513,-32.21765687088119,-31.806899516195624,3.40079,56.24389,1673.7858
813,60,0.4317,0.5683,CA,126.4675,125.2118,-51.40767331325959,-50.980576351792095,6.5363,32.92744,2383.6041
814,60,0.5143,0.4857,CV,86.592,85.3745,-40.419463919208155,-40.27146569369404,6.26329,13.73932,3079.5004
815,60,0.57,0.43,CV,35.757,33.6543,-32.34103501598374,-32.3003105658241,3.66724,8.46164,3607.9655
816,60,0.588,0.412,CV,134.3336,137.2232,-29.882612380917266,-29.834920622440993,-2.59391,-22.09087,3586.5353
817,60,0.5343,0.4657,CV,73.5323,71.7504,-20.215971408838225,-19.923589644533717,-4.77206,-24.25848,3531.2864
818,60,0.5386,0.4614,CV,43.3776,40.3501,-16.26667010038095,-16.06963723933074,-4.84412,-21.58032,3477.3641
819,60,0.5937,0.4063,CV,8.8207,7.1674,-14.587466934837769,-14.609074448766659,-3.10154,-13.94711,3343.7983
820,60,0.5632,0.4368,CV,45.245,43.1405,-14.652489642817926,-14.46864148703098,-2.49443,-15.29098,3016.3176
821,60,0.6107,0.3893,CV,17.6414,18.3247,-14.121744210847403,-14.178655890269361,0.56684,-6.84588,2770.5701
822,60,0.6235,0.3765,CV,27.3108,27.7168,-14.972738660032462,-15.013986137040305,1.73375,0.78603,2478.4816
823,60,0.5811,0.4189,CV,64.9191,64.4241,-17.98535418052688,-17.83049262732583,1.84729,4.80302,2096.6675
824,60,0.5297,0.4703,CV,58.1206,57.2606,-17.423703335544246,-17.12324582964669,2.89114,10.22518,1757.3195
825,60,0.58,0.42,CV,23.2649,23.1238,-11.223532124250637,-11.201381008682164,3.28638,12.28299,1467.2964
826,60,0.6092,0.3908,CV,7.4351,7.2424,-9.679628712151978,-9.705442489920149,2.64807,9.14082,1173.9778
827,60,0.5798,0.4202,CV,22.5416,22.0428,-10.85292057096795,-10.713864200503341,3.44888,10.11366,887.0156
840,61,0.7,0.3,CV,32.1672,32.1672,-14.60164265902364,-14.60164265902364,0.0,0.0,124.2475
841,61,0.6406,0.3594,CV,28.7619,28.7619,-16.185913153431105,-16.166683594327672,5.0032,-1.58787,173.2439
842,61,0.6007,0.3993,CV,24.8386,24.6394,-21.224466155696945,-21.12535883545717,12.7887,-2.2041,263.4717
843,61,0.56,0.44,CV,24.4711,23.8492,-31.12116384745925,-30.914176798916827,19.5548,-1.25511,361.3793
844,61,0.5483,0.4517,CV,20.0961,19.118,-45.84110211297391,-45.6460944957569,22.80906,0.54115,447.6893
845,61,0.5515,0.4485,CV,17.08,15.9288,-62.932236919456244,-62.766948744050474,23.85621,0.85425,509.3578
846,61,0.5686,0.4314,CV,13.1841,12.0443,-79.6473790818992,-79.54703656831902,22.11464,1.11962,541.4749
847,61,0.5808,0.4192,CV,11.8229,10.7833,-94.04926803228523,-93.9740319153102,19.6218,1.11606,549.2344
848,61,0.5926,0.4074,CV,11.1808,10.4291,-118.28446109776074,-118.23987947390846,16.2329,1.0007,536.0468
849,61,0.6002,0.3998,CV,8.7611,8.0235,-118.05324983123141,-118.02320253691428,13.12834,0.99841,517.0178
850,61,0.5961,0.4039,CV,12.9944,12.3748,-84.97037247670514,-84.91197977171232,12.01252,0.66175,499.2446
851,61,0.5923,0.4077,CV,15.4926,14.9145,-36.87366507758337,-36.805484838603455,11.09918,0.61947,487.8605
852,61,0.6114,0.3886,CV,9.1413,9.1684,-19.15002032690272,-19.167048906781645,6.6134,0.4834,482.7832
853,61,0.5824,0.4176,CV,35.7325,35.407,-39.045395439690964,-38.913933266975434,9.62252,0.91375,472.4176
854,61,0.583,0.417,CV,24.2602,23.8157,-29.540836228340773,-29.45428943957228,9.33859,1.02671,458.8498
855,61,0.594,0.406,CV,14.1155,13.6597,-20.11358420045727,-20.071760137328525,7.89026,0.75685,451.4781
856,61,0.6,0.4,CV,19.1188,18.8842,-22.671227141393214,-22.638025569420023,6.48071,0.81349,432.4112
857,61,0.6014,0.3986,CV,15.543,15.2441,-14.150091755692817,-14.113974333448429,5.87975,1.304,421.7787
858,61,0.6047,0.3953,CV,12.8051,12.5127,-11.778266262361486,-11.754174392626567,5.02528,1.47565,411.776
859,61,0.6143,0.3857,CV,4.0534,4.004,-10.131833870851457,-10.143186485040893,3.01252,1.22245,402.2483
860,61,0.6191,0.3809,CV,10.0602,10.1657,-10.111897921345102,-10.129302402064956,0.8692,0.95708,390.2735
861,61,0.618,0.382,CV,8.1992,8.1462,-10.812516643366736,-10.81797059035222,1.25824,0.71116,379.9612
862,61,0.6192,0.3808,CV,13.2292,13.298,-12.419675585143946,-12.432110575719324,0.04612,0.21236,381.2347
863,61,0.6185,0.3815,CV,6.0037,5.9806,-14.142937435739732,-14.150338317849076,0.18089,0.22538,382.139
864,61,0.6171,0.3829,CV,18.4668,18.4774,-14.441540199788777,-14.444169943727374,0.86852,0.63157,366.8992
865,61,0.6175,0.3825,CV,6.7469,6.721,-13.670985772535467,-13.67746113595134,0.93434,0.28345,365.5605
866,61,0.6178,0.3822,CV,8.8588,8.8527,-10.461396806407853,-10.468507920143212,0.51592,0.28681,356.9568
867,61,0.6174,0.3826,CV,17.556,17.5788,-10.117969541946637,-10.122764306260674,-0.9279,-0.07586,351.5767
868,61,0.6113,0.3887,CV,25.7099,25.6559,-11.55128252204861,-11.531152153948387,-2.41751,-0.27151,346.2798
869,61,0.617,0.383,CV,3.7809,3.8783,-10.54175850713199,-10.55451707348888,-1.27898,-0.27765,346.2009
870,61,0.6181,0.3819,CV,3.4325,3.4243,-11.464589338168029,-11.473859304884941,-0.76769,-0.3704,346.2183
871,61,0.6186,0.3814,CV,7.6007,7.6272,-10.444137765491108,-10.453604261325562,-0.03953,-0.38645,348.1153
872,61,0.616,0.384,CV,21.2445,21.2384,-10.68757770202955,-10.68552951849445,1.27057,-0.58775,351.3318
873,61,0.6137,0.3863,CV,18.4219,18.3442,-10.18814827663312,-10.17990604633283,1.72534,-0.6839,360.0419
874,61,0.6175,0.3825,CV,5.9737,6.0663,-14.63913981243155,-14.650701709703345,0.77934,-0.40656,359.4135
875,61,0.6183,0.3817,CV,10.1221,10.1569,-22.403960040676633,-22.413049809171156,-0.12105,-0.39323,358.0612
876,61,0.6182,0.3818,CV,7.1259,7.1144,-22.523589712719467,-22.531121308763346,0.19278,-0.39928,356.3467
877,61,0.6096,0.3904,CV,39.6814,39.6721,-17.27487892463406,-17.246504773822352,2.77576,-0.6859,365.4595
878,61,0.6075,0.3925,CV,25.7957,25.6671,-11.235326871920558,-11.210622413395562,2.83499,-1.24886,384.0624
879,61,0.5962,0.4038,CV,43.6514,43.4802,-21.797568825054285,-21.729026563589898,4.42145,-1.46403,393.4628
880,61,0.6016,0.3984,CV,20.8544,20.6024,-30.53428456169134,-30.504616298416934,3.98107,-1.61113,403.8013
881,61,0.6065,0.3935,CV,18.7108,18.5171,-28.955036023713404,-28.938001910986646,3.19853,-1.9118,422.2553
882,61,0.6037,0.3963,CV,29.4087,29.2034,-24.297333152340467,-24.26142044111232,3.81144,-1.89971,443.074
883,61,0.5949,0.4051,CV,43.6625,43.4384,-22.7049785349028,-22.636439963846577,5.35129,-1.73185,459.2721
884,61,0.5998,0.4002,CV,23.9589,23.6507,-13.52884316433848,-13.4934935996727,5.07061,-1.56765,475.4368
885,61,0.5685,0.4315,CV,72.5107,72.231,-26.450799206203587,-26.279386749014577,8.82332,-1.46294,499.0944
886,61,0.5804,0.4196,CV,32.192,31.6971,-22.26452357877846,-22.187669274870547,8.52365,-1.23972,530.4524
887,61,0.5848,0.4152,CV,35.4041,34.945,-20.9306665275613,-20.85475122463758,8.62731,-0.84838,566.6582
888,61,0.5878,0.4122,CV,35.9015,35.443,-20.226707815416816,-20.156444353337367,8.65083,-0.33004,607.0157
889,61,0.5894,0.4106,CV,37.4039,36.94,-17.688273440564732,-17.620438629946747,8.67095,0.17788,651.4563
890,61,0.6024,0.3976,CV,18.3445,17.9475,-10.931441348281739,-10.915049877418209,6.66975,0.77011,691.678
891,61,0.6127,0.3873,CV,12.6919,12.6757,-12.747997660975198,-12.756068751656946,3.9946,1.30683,721.1468
892,61,0.6175,0.3825,CV,15.3741,15.482,-18.506278461951315,-18.519256303520148,1.7007,1.25984,732.8554
893,61,0.619,0.381,CV,23.1332,23.2439,-34.37783357327631,-34.38987341282856,-0.58159,0.03903,764.9513
894,61,0.613,0.387,CV,46.3051,46.3023,-32.54044234061317,-32.52489581076276,-1.84276,-0.11149,727.9812
895,61,0.5986,0.4014,CV,44.6323,44.4448,-37.64310880351056,-37.57622708452562,-2.44798,0.08239,682.6056
896,61,0.5744,0.4256,CV,43.6918,43.3857,-48.165153092626724,-48.019697301618905,-2.85036,-2.83839,639.9182
914,62,0.7,0.3,CV,43.1952,43.1952,-13.234673015094698,-13.234673015094698,0.0,0.0,1019.3748
915,62,0.6409,0.3591,CV,67.1481,67.1481,-16.26729774136238,-16.24927670919108,-11.12312,-9.10771,1442.1949
916,62,0.6028,0.3972,CV,59.3611,58.7124,-16.96786594952089,-16.876964295268646,-27.22383,-16.46624,2250.569
917,62,0.5595,0.4405,CV,68.2336,66.2917,-17.638162348965615,-17.425929177997745,-34.82917,-17.25221,3180.0457
918,62,0.5778,0.4222,CV,35.6383,32.3336,-16.83469264394055,-16.76018203482183,-34.10248,-18.37088,3918.196
919,62,0.5983,0.4017,CV,29.9469,27.7599,-15.20244325105566,-15.186038158863756,-24.6852,-10.10573,4412.2573
920,62,0.61,0.39,CV,43.0021,42.3775,-23.037148979034818,-23.03979339910764,-24.82339,-4.94046,4586.176
921,62,0.6189,0.3811,CV,25.5429,25.2693,-25.65601231410665,-25.678822650219082,-17.62069,-0.84179,4585.2409
922,62,0.6189,0.3811,CV,25.7114,25.1202,-26.13540452761273,-26.144963604590757,-13.2287,1.13507,4514.6939
923,62,0.6198,0.3802,CV,14.6035,14.1741,-26.0003716606924,-26.014110542314405,-8.69055,1.83382,4428.3858
924,62,0.6195,0.3805,CV,13.6503,13.31,-25.399585481901983,-25.410549695155623,-5.75558,2.00526,4350.8525
925,62,0.6189,0.3811,CV,16.3101,16.0819,-24.164658139247805,-24.17321556433862,-3.75057,1.97951,4317.2096
926,62,0.6188,0.3812,CV,8.1204,8.0086,-24.042641051170605,-24.051893034286486,-2.30371,1.6621,4276.0418
927,62,0.6186,0.3814,CV,5.1344,5.0273,-22.13402221357841,-22.14245611588389,-1.37549,1.27798,4266.0779
928,62,0.6185,0.3815,CV,9.4339,9.5076,-20.22796588316327,-20.23644857590225,-0.45625,0.40806,4294.6283
929,62,0.618,0.382,CV,30.6353,30.6314,-16.901669768867347,-16.907914733973218,0.42679,-0.76486,4406.315
930,62,0.6179,0.3821,CV,11.6252,11.5409,-15.804626743566057,-15.811336591761517,0.65981,-0.80776,4508.4435
931,62,0.6181,0.3819,CV,21.0955,21.1719,-15.047062955196559,-15.054816814573105,-0.04209,-0.53145,4536.9063
932,62,0.6177,0.3823,CV,37.8019,37.7926,-14.616584576081996,-14.622298731144975,-1.98389,-0.23983,4576.1474
933,62,0.6177,0.3823,CV,21.8861,21.7588,-13.554419611765736,-13.56061077924089,-2.26709,-0.1722,4649.0343
934,62,0.6177,0.3823,CV,23.6527,23.5203,-13.229372341050333,-13.235702203496786,-2.05862,0.09634,4700.3935
935,62,0.6178,0.3822,CV,21.6894,21.5394,-12.952237365572357,-12.958967680627474,-1.6164,0.27688,4742.7046
936,62,0.6177,0.3823,CV,26.2258,26.0666,-12.909997843047014,-12.916212810750233,-1.14949,0.44051,4759.9718
937,62,0.6176,0.3824,CV,26.9894,26.8008,-12.887528103424405,-12.893414183541475,-0.70853,0.66252,4759.2436
938,62,0.6174,0.3826,CV,29.7248,29.5181,-12.875836931061984,-12.881033232111534,-0.01744,0.88906,4734.6064
939,62,0.6169,0.3831,CV,33.9197,33.6788,-12.894586400148993,-12.898104804586614,0.5725,1.21095,4676.223
940,62,0.6149,0.3851,CV,51.1515,50.8676,-13.658152447060754,-13.653776528289605,1.26571,2.18144,4541.8977
941,62,0.6161,0.3839,CV,26.4093,26.0576,-12.817842811727537,-12.82142582270348,2.13948,1.75653,4456.9435
942,62,0.6179,0.3821,CV,20.5463,20.4636,-12.527687087020581,-12.537268637543898,2.99084,0.74434,4418.9789
943,62,0.6184,0.3816,CV,46.8322,46.9417,-13.318638855174422,-13.327548130477284,3.0546,-1.26969,4486.8772
944,62,0.6183,0.3817,CV,15.8635,15.7097,-12.871123605381099,-12.879012524828243,2.32318,-1.38367,4493.5808
945,62,0.6184,0.3816,CV,47.1538,47.2614,-13.16977702965893,-13.17808986508697,0.92436,0.45801,4317.8495
946,62,0.6185,0.3815,CV,21.5158,21.5121,-13.574632661583284,-13.583366670807976,-0.90669,0.24754,4245.9715
947,62,0.6189,0.3811,CV,11.2711,11.3584,-13.814526112747524,-13.824897111674114,-0.32238,-0.47736,4236.4301
948,62,0.6189,0.3811,CV,13.2378,13.2381,-13.512559198818025,-13.522080484418423,0.69292,-0.44538,4191.3651
949,62,0.6187,0.3813,CV,14.8549,14.8073,-12.91216887338926,-12.921019829083882,1.16342,-0.06598,4121.6961
950,62,0.6185,0.3815,CV,21.1999,21.1782,-12.484731214060597,-12.493022618308661,1.8743,-0.60012,4116.0591
951,62,0.6179,0.3821,CV,33.9619,33.9058,-13.97039017283365,-13.976252569695848,2.72757,0.39892,4017.8143
952,62,0.6185,0.3815,CV,10.3641,10.3551,-13.421520100221127,-13.431157172254158,1.26292,0.44983,3947.2565
953,62,0.6178,0.3822,CV,42.5467,42.5487,-13.391556085787442,-13.397096942723826,3.10744,-0.67759,3979.7733
954,62,0.6187,0.3813,CV,19.7391,19.8505,-12.435641887093244,-12.446133119795965,1.31543,0.07643,3901.8597
955,62,0.6185,0.3815,CV,15.5728,15.5117,-12.347558577354045,-12.355914588628497,1.86605,-0.09362,3865.958
956,62,0.6175,0.3825,CV,36.9179,36.8402,-13.827358039949653,-13.831669274278081,3.22506,-0.78607,3892.6714
957,62,0.6166,0.3834,CV,35.6081,35.426,-15.641194007191276,-15.643266235739302,4.28769,-0.73963,3883.8704
958,62,0.618,0.382,CV,1.2667,1.3311,-13.31615638440712,-13.32535984691434,2.51966,-0.5162,3869.0437
959,62,0.6185,0.3815,CV,12.1012,12.174,-12.689113699461258,-12.698499999085213,0.9143,-0.60881,3883.6628
960,62,0.6187,0.3813,CV,13.4651,13.5273,-12.404184632924082,-12.413604333154357,-0.17487,-0.39657,3858.6267
961,62,0.6185,0.3815,CV,21.9377,21.9388,-12.61394892085185,-12.622041303872237,0.79639,-0.86222,3899.6267
962,62,0.6184,0.3816,CV,11.4518,11.3801,-12.599469744408461,-12.607656302322264,0.79859,-0.66412,3945.0284
963,62,0.6175,0.3825,CV,37.4672,37.406,-14.403098688310553,-14.407802769674669,2.7811,-0.573,3991.7271
964,62,0.617,0.383,CV,35.3569,35.2222,-15.95016773989554,-15.953686358897322,3.90367,-0.18547,4000.0386
965,62,0.6179,0.3821,CV,8.8837,8.7964,-14.883057570369267,-14.891442436369765,2.63386,0.12127,4004.5058
966,62,0.6171,0.3829,CV,35.1461,35.004,-21.08395720527529,-21.08754257790264,3.97486,0.22104,4031.1372
967,62,0.6176,0.3824,CV,15.764,15.5519,-18.666859698655923,-18.673680480039675,3.43403,0.24718,4051.3439
968,62,0.6187,0.3813,CV,21.6247,21.775,-13.532523265663237,-13.543313290012826,0.70638,0.45684,4044.0387
969,62,0.6183,0.3817,CV,25.2507,25.194,-13.645815366691409,-13.653326977480328,2.0766,0.57609,4028.5648
970,62,0.6183,0.3817,CV,15.9547,15.8235,-14.617068749179895,-14.625158961984948,2.12463,0.49758,4005.3626
971,62,0.6187,0.3813,CV,31.982,32.0633,-12.682048870210608,-12.691698150871822,-1.00755,0.30396,3970.8022
972,62,0.6168,0.3832,CV,70.7381,70.8008,-16.576078364825012,-16.57736382389224,4.62918,0.04433,3978.3152
973,62,0.6185,0.3815,CV,8.9955,9.2025,-16.436952692884947,-16.448101624060836,2.25485,-0.30339,3980.523
974,62,0.6126,0.3874,CV,91.0296,90.9085,-16.090973119437535,-16.07459326286744,7.76919,-0.04108,3979.7776
975,62,0.6162,0.3838,CV,8.7969,8.4884,-12.541595712084812,-12.549247695093,5.10669,-0.23807,3990.1264
976,62,0.6188,0.3812,CV,29.4842,29.7448,-12.80948791254911,-12.822546001542127,1.12865,0.28848,3949.5366
977,62,0.6186,0.3814,CV,19.8935,19.8633,-12.44300397385187,-12.45164452987282,0.61225,0.86012,3880.6694
978,62,0.618,0.382,CV,43.5689,43.6015,-12.97084424858987,-12.977191039299125,2.89216,-0.46058,3927.3865
979,62,0.6181,0.3819,CV,26.0622,26.015,-13.320288221390083,-13.32784319337285,2.72741,0.734,3869.1216
980,62,0.6184,0.3816,CV,11.8831,11.7916,-13.209174909946201,-13.218058366285838,1.86499,0.72214,3806.0847
981,62,0.6186,0.3814,CV,31.4777,31.5489,-13.242618060205663,-13.25161239937272,1.23519,-0.39837,3866.2544
982,62,0.6186,0.3814,CV,8.6426,8.5547,-13.507130998941811,-13.515972764990467,1.27993,-0.37211,3865.808
983,62,0.6184,0.3816,CV,20.9251,20.9036,-14.333605733119239,-14.341439957290898,0.24516,-1.08122,3891.8023
984,62,0.6182,0.3818,CV,16.1984,16.1114,-14.130529385262191,-14.137927223872705,0.7896,-1.08703,3928.246
985,62,0.618,0.382,CV,18.1415,18.0452,-13.882643791246128,-13.889561552006484,1.37162,-0.92011,3971.5327
986,62,0.6175,0.3825,CV,27.7349,27.6128,-13.657674369471065,-13.66269621231496,1.9202,-0.93129,4059.3276
987,62,0.6179,0.3821,CV,13.2996,13.2198,-13.944284772681428,-13.951820552006726,1.95118,-0.50537,4093.5684
988,62,0.6182,0.3818,CV,20.2344,20.247,-13.856446414620665,-13.864650285366992,1.74179,-0.17585,4072.7706
989,62,0.6185,0.3815,CV,11.5708,11.5662,-13.608456204453674,-13.617412961399264,0.89689,0.15218,4074.1609
990,62,0.6187,0.3813,CV,13.7774,13.778,-13.555229546346014,-13.564548692700725,-0.19973,-0.05138,4079.8486
991,62,0.6187,0.3813,CV,14.6633,14.6463,-13.199765373744894,-13.209034377320798,-1.14373,-0.28602,4099.6307
992,62,0.6187,0.3813,CV,13.4475,13.375,-13.055195609170822,-13.064153483853444,-1.54971,-0.03578,4100.2904
993,62,0.6186,0.3814,CV,15.8336,15.7756,-12.907894231962212,-12.916654112323402,-1.713,-0.83048,4111.0394
994,62,0.6185,0.3815,CV,16.3391,16.2381,-12.81491131057528,-12.82313692093495,-1.80468,-1.29152,4105.1548
995,62,0.6184,0.3816,CV,17.6908,17.5934,-12.966952067754134,-12.975092040087597,-1.75021,-1.12898,4060.6254
996,62,0.6174,0.3826,CV,39.7721,39.6871,-14.13382783625171,-14.137903860259762,-1.4783,-0.57691,3925.0973
997,62,0.618,0.382,CV,21.5775,21.4757,-12.527599494284797,-12.535645565369673,0.00994,-1.46993,3847.1598
998,62,0.6156,0.3844,CV,48.7879,48.6278,-13.445244445845946,-13.44211981462374,1.16581,-0.25952,3655.3977
999,62,0.6145,0.3855,CV,34.9961,34.6766,-12.83033990165909,-12.826435840381837,1.97816,0.12268,3464.4332
1000,62,0.6155,0.3845,CV,22.6737,22.3016,-12.17628046949499,-12.17800164911299,1.88771,-0.18669,3272.7278
1001,62,0.6169,0.3831,CV,18.6985,18.4264,-11.652239448353123,-11.658375662880713,2.46033,-0.97125,3076.8484
1002,62,0.6178,0.3822,CV,19.4544,19.3043,-11.605038680728082,-11.613204954195092,0.86761,-2.14822,2862.1994
1003,62,0.6187,0.3813,CV,18.2455,18.192,-11.638004205230532,-11.6485297625235,-0.77383,-2.62044,2664.9962
1004,62,0.6188,0.3812,CV,16.9366,16.8692,-11.56328073111304,-11.572989468217491,-1.51189,-2.62603,2487.2746
1005,62,0.6182,0.3818,CV,24.3619,24.3283,-11.523138606236586,-11.530071237166739,-1.44434,-2.32489,2358.3867
1006,62,0.6188,0.3812,CV,13.5518,13.5526,-11.871698348150717,-11.881968390992824,-0.06745,-1.39479,2223.0857
1007,62,0.619,0.381,CV,16.617,16.6582,-13.154623369452029,-13.16493537795255,1.1398,-0.30731,2079.4479
1008,62,0.6185,0.3815,CV,15.3375,15.2857,-16.715983663610224,-16.723641500202277,1.79281,0.28851,1955.1623
1009,62,0.617,0.383,CV,28.2024,28.1477,-22.22356340588592,-22.22576244785499,1.69865,0.4177,1896.5924
1010,62,0.6154,0.3846,CV,31.4059,31.2897,-22.935263956446846,-22.93314838437658,0.84441,0.2676,1869.1948
1011,62,0.6172,0.3828,CV,5.3769,5.2207,-23.417774806877382,-23.425184756017742,0.75772,0.22508,1802.2549
1012,62,0.6169,0.3831,CV,20.1613,20.0773,-28.426935288554287,-28.43067976828616,1.43264,0.83557,1755.4783
1013,62,0.6138,0.3862,CV,44.9802,44.8626,-31.63533796708089,-31.62638161675946,1.42622,0.73954,1796.2293
1056,63,0.7,0.3,CV,28.8532,28.8532,-11.77048691580232,-11.77048691580232,0.0,0.0,394.853
1057,63,0.6431,0.3569,CV,33.8808,33.8808,-12.963077116964293,-12.954770346293408,-5.76739,-1.50653,553.0292
1058,63,0.61,0.39,CV,33.8825,33.5575,-13.597742919702355,-13.53378046972663,-13.66599,-0.17195,857.216
1059,63,0.5962,0.4038,CV,26.0697,24.9907,-13.768766386967894,-13.69653952813071,-16.78093,1.70851,1146.4681
1060,63,0.5988,0.4012,CV,21.315,20.006,-14.663236217724528,-14.622074934311406,-15.73342,5.42953,1362.2732
1061,63,0.6138,0.3862,CV,18.1241,17.6584,-17.29698297124116,-17.31457033103482,-13.29425,7.32285,1461.3881
1062,63,0.6167,0.3833,CV,14.989,14.3047,-19.89068159053208,-19.898430028639446,-10.97904,6.39143,1489.2395
1063,63,0.6187,0.3813,CV,11.5826,11.0246,-22.202183837197897,-22.21454574994118,-8.37525,4.80663,1474.4402
1064,63,0.621,0.379,CV,10.1293,9.9747,-26.516831993514206,-26.535505390299218,-5.75009,2.96375,1428.0383
1065,63,0.6204,0.3796,CV,11.4006,11.2576,-28.463883050796618,-28.476760186416897,-4.21589,1.56929,1370.4648
1066,63,0.6201,0.3799,CV,8.2077,8.1238,-27.938610912851892,-27.95133494348167,-2.91404,0.45347,1318.188
1067,63,0.6198,0.3802,CV,8.1983,8.1677,-28.7094749351755,-28.720939216342952,-1.84514,-0.30108,1269.2658
1068,63,0.6193,0.3807,CV,11.4349,11.4428,-25.7663294637023,-25.776284817007085,-1.0144,-0.86352,1241.8248
1069,63,0.6182,0.3818,CV,14.4287,14.381,-20.830671992896118,-20.836901699061762,-0.72239,-1.20531,1230.1023
1070,63,0.6179,0.3821,CV,9.7226,9.658,-18.64312091626088,-18.649715316178877,-0.75344,-1.18689,1208.3146
1071,63,0.618,0.382,CV,7.5988,7.5527,-16.15288972671467,-16.160090507213873,-0.64755,-0.98421,1187.3703
1072,63,0.618,0.382,CV,10.8764,10.8576,-14.749605243904366,-14.756929848096085,-0.44136,-0.68029,1162.723
1073,63,0.6183,0.3817,CV,5.5382,5.5049,-13.147974514416441,-13.156221466534015,-0.16373,-0.3985,1148.4101
1074,63,0.6185,0.3815,CV,3.1566,3.1141,-11.412701269451457,-11.421426044398089,-0.04854,-0.38562,1141.8045
1075,63,0.6186,0.3814,CV,5.0359,5.0551,-10.598355821591323,-10.607408657957011,0.00071,-0.39691,1147.2644
1076,63,0.6186,0.3814,CV,2.4664,2.4668,-10.588887101246774,-10.59766245932191,0.02168,-0.26789,1153.3209
1077,63,0.6184,0.3816,CV,7.5091,7.4981,-11.104297311436037,-11.112270263923492,0.24045,-0.36402,1167.3082
1078,63,0.6184,0.3816,CV,3.6398,3.6551,-11.941815984853472,-11.950283039371755,-0.07431,-0.24363,1175.3567
1079,63,0.6183,0.3817,CV,14.8845,14.8983,-13.141157202011007,-13.148894602670882,-0.31149,0.2964,1164.157
1080,63,0.6167,0.3833,CV,32.685,32.6752,-11.819568235843908,-11.820849618419777,-2.18623,0.65497,1187.7504
1081,63,0.6162,0.3838,CV,25.5693,25.5022,-11.491408826844184,-11.492911611425928,-1.9462,0.94017,1242.9998
1082,63,0.6151,0.3849,CV,31.7257,31.62,-12.488529217517042,-12.486251983456599,-1.45046,1.15099,1321.4247
1083,63,0.6144,0.3856,CV,33.3727,33.2325,-13.578863291177129,-13.575241809250961,-0.72202,1.61477,1410.2854
1084,63,0.6154,0.3846,CV,31.6416,31.5901,-12.388054879582814,-12.389586673253126,0.84674,1.7896,1471.9045
1085,63,0.6138,0.3862,CV,46.5549,46.4314,-12.952249372343022,-12.945691218904454,2.40895,1.85623,1569.7161
1086,63,0.6131,0.3869,CV,42.062,41.8527,-12.645806356185325,-12.63832997035219,2.95643,1.9097,1698.2931
1087,63,0.6134,0.3866,CV,36.5579,36.3149,-12.5724732522005,-12.56736118814962,2.96017,1.82868,1840.9134
1088,63,0.6143,0.3857,CV,29.8301,29.5924,-12.39148562214546,-12.389940152471382,2.97519,1.84952,1968.5954
1089,63,0.6149,0.3851,CV,29.3877,29.1584,-12.535199862781084,-12.534641073026572,2.98961,1.72461,2113.8625
1090,63,0.6155,0.3845,CV,27.9907,27.7964,-12.51236654324288,-12.513722710613427,3.15648,1.7503,2243.4075
1091,63,0.6156,0.3844,CV,31.2296,31.0215,-12.689958336998785,-12.690582953110647,3.39321,1.98184,2389.1229
1092,63,0.6157,0.3843,CV,29.9987,29.7737,-12.795311135734472,-12.796506220638141,3.57104,1.91274,2555.9714
1093,63,0.6161,0.3839,CV,25.9769,25.7492,-12.966095149307975,-12.9687818965437,3.29142,1.82961,2743.6011
1094,63,0.6162,0.3838,CV,30.8621,30.6503,-13.601479010544278,-13.603672977739476,3.71835,1.46793,2922.4841
1095,63,0.6158,0.3842,CV,38.4248,38.2087,-15.491736056477457,-15.492329452920371,4.29184,0.88906,3133.9086
1096,63,0.6166,0.3834,CV,21.9656,21.7308,-15.383837799882798,-15.388182472854421,3.5722,0.34227,3357.1079
1097,63,0.6173,0.3827,CV,11.9428,11.7284,-15.14714053176988,-15.153519431748494,2.67769,0.15681,3569.5879
1098,63,0.6179,0.3821,CV,14.5182,14.4946,-14.763838489729983,-14.771516900256984,2.10963,0.14641,3727.177
1099,63,0.6179,0.3821,CV,18.456,18.3772,-15.405411067785538,-15.4124919884461,2.04671,-0.64505,3938.9672
1100,63,0.618,0.382,CV,23.2343,23.1697,-15.456539341978226,-15.463717388208174,2.16784,-0.76832,4094.3678
1101,63,0.6177,0.3823,CV,32.7646,32.6696,-15.69432941573856,-15.70027672614807,2.3288,-0.54318,4188.6943
1102,63,0.6175,0.3825,CV,31.0542,30.8879,-15.477891393343263,-15.483342218495867,2.14522,-0.39504,4272.136
1103,63,0.6171,0.3829,CV,35.3662,35.1544,-15.132408213034358,-15.136443100690073,1.81387,-0.5883,4322.6125
1104,63,0.6143,0.3857,CV,62.4397,62.1809,-14.938658987271154,-14.931461081406804,1.42434,0.0664,4251.1464
1105,63,0.6113,0.3887,CV,58.9473,58.5131,-14.104107484313538,-14.088584331977852,1.69437,0.83439,4150.8803
1106,63,0.6148,0.3852,CV,21.8098,21.281,-12.930950471058607,-12.934523266262026,1.24455,-0.07633,4117.7136
1107,63,0.6147,0.3853,CV,43.5009,43.2338,-13.616638388664027,-13.614556041434145,2.26468,-3.39771,4036.0343
1108,63,0.6165,0.3835,CV,52.7517,52.7988,-16.020472431126795,-16.02601992362772,2.44589,-5.8106,4068.2098
1109,63,0.6166,0.3834,CV,35.274,35.0868,-15.613718468845061,-15.617297207055904,1.99242,-5.32903,4100.2931
1110,63,0.6047,0.3953,CV,121.7186,121.628,-18.633018295817287,-18.586454729128775,1.16724,-8.23694,3706.8116
1111,63,0.6185,0.3815,CV,41.4946,42.0647,-14.28317015482476,-14.312043573080487,0.80797,-3.31004,3690.5584
1112,63,0.6193,0.3807,CV,36.5498,36.7023,-14.866451505779686,-14.878531099799858,0.65244,-0.33567,3695.1201
1113,63,0.5991,0.4009,CV,145.7086,145.8008,-22.762476725924174,-22.68822131544686,0.29025,-5.61503,3185.2514
1114,63,0.6002,0.3998,CV,36.4759,35.8422,-12.141887086101779,-12.102242593661025,-0.24176,-5.03819,2904.0587
1114,64,0.7,0.3,CV,64.9866,64.9866,-14.028349806528876,-14.028349806528876,0.0,0.0,3123.1952
1115,64,0.647,0.353,CV,41.8689,41.8689,-13.113329824033356,-13.121929493465123,3.16918,-6.13323,4208.5284
1115,63,0.6054,0.3946,CV,24.2079,23.6023,-11.822993034570848,-11.803424913929137,-0.95478,-3.14771,2580.3742
1116,63,0.602,0.398,CV,35.3768,35.0022,-13.760778023953673,-13.7191539055464,-1.19107,1.75552,2194.9194
1116,64,0.6382,0.3618,CV,44.1086,44.4899,-12.729834061385196,-12.780554567061412,5.20857,52.33303,6075.538
1117,63,0.6119,0.3881,CV,18.8587,18.7067,-12.334189848711796,-12.339201153577122,-0.58613,4.74318,1845.5488
1117,64,0.6057,0.3943,CV,51.8962,49.7856,-13.10321021986334,-13.028703204148046,7.06337,87.04268,7306.1042
1118,63,0.6204,0.3796,CV,41.5191,41.9031,-13.142060988624987,-13.16859724627298,0.9752,2.32417,1611.9989
1119,63,0.607,0.393,CV,37.4879,37.2793,-12.772603410900428,-12.729909048797483,1.89713,2.12427,1430.2303
1120,63,0.5983,0.4017,CV,38.5727,38.1905,-15.105338486406128,-15.045924365925703,2.17046,1.32907,1321.5053
1121,63,0.538,0.462,CV,168.6459,168.2146,-44.369774619928975,-44.07729113216617,1.73809,4.3825,1454.2949
1122,63,0.5777,0.4223,CV,61.7629,61.3829,-17.34258312184077,-17.299091655218778,0.81203,5.86596,1434.5495
1172,66,0.7,0.3,CV,28.3547,28.3547,-11.714373315243968,-11.714373315243968,0.0,0.0,868.402
1173,66,0.6418,0.3582,CV,56.2563,56.2563,-14.027979703497131,-14.013871480384829,-5.15191,0.28668,1241.4751
1174,66,0.5768,0.4232,CV,87.0408,86.4639,-16.992593298550535,-16.79316105316598,-12.20133,-2.02925,2075.0422
1175,66,0.5397,0.4603,CV,70.9818,68.4632,-14.559242171790743,-14.305219212960708,-16.95727,2.19596,3061.6533
1176,66,0.5526,0.4474,CV,50.8767,47.406,-13.544459726662492,-13.396137623451127,-20.8008,7.32056,3949.7188
1177,66,0.5883,0.4117,CV,33.1041,30.8868,-13.657262204151424,-13.636240137220405,-20.69069,10.54656,4537.3419
1178,66,0.6099,0.3901,CV,24.3103,23.1766,-14.604235215545238,-14.620812214685127,-16.78413,9.92875,4827.3322
1179,66,0.6172,0.3828,CV,21.0648,20.1027,-15.491187769782115,-15.507108129666676,-12.83278,8.02684,4934.8099
1180,66,0.6215,0.3785,CV,17.8704,17.8334,-16.39706557392499,-16.420297544022596,-8.93028,5.36902,4912.3882
1181,66,0.6209,0.3791,CV,11.5581,11.058,-16.14511781689287,-16.159581382650032,-6.08077,2.86913,4905.0595
1182,66,0.6206,0.3794,CV,5.1574,5.0729,-15.910292225001509,-15.92436377861561,-3.79338,1.94672,4872.67
1183,66,0.6203,0.3797,CV,13.3452,13.609,-15.386680083699991,-15.399871152639848,-1.64323,1.2607,4818.8565
1184,66,0.6195,0.3805,CV,17.4871,17.555,-14.764532362611341,-14.774571520752904,-0.37901,1.10405,4771.3885
1185,66,0.6187,0.3813,CV,18.2752,18.2232,-16.38845804593713,-16.396407213867224,-1.12977,1.33616,4780.2854
1186,66,0.6185,0.3815,CV,7.7006,7.672,-16.03787522453277,-16.046092723195432,-1.08927,0.67421,4835.0007
1187,66,0.6183,0.3817,CV,13.8452,13.8528,-15.93960323707306,-15.94755351592365,-0.66073,0.20418,4857.119
1188,66,0.6182,0.3818,CV,24.4759,24.4809,-14.629359987682252,-14.636714285748873,0.68199,-0.45326,4885.2257
1189,66,0.6179,0.3821,CV,24.6104,24.5278,-14.094049029874828,-14.10050193320974,1.24292,-0.88259,4914.5163
1190,66,0.6176,0.3824,CV,30.8569,30.7527,-14.80673853741893,-14.812432664186538,0.88296,-0.41175,4902.4829
1191,66,0.6178,0.3822,CV,22.0788,21.9404,-15.144943817628983,-15.151693390791035,-0.02322,-0.56329,4919.4424
1192,66,0.6182,0.3818,CV,14.3676,14.2627,-15.617562517626858,-15.625753994031733,-0.30439,-1.16187,4983.4559
1193,66,0.6181,0.3819,CV,21.3035,21.1715,-15.56373092438254,-15.57100926260932,-0.86318,-1.05361,5006.3555
1194,66,0.6181,0.3819,CV,23.0391,22.9574,-14.19662902963654,-14.204136116473292,-1.80252,-1.51376,5073.4417
1195,66,0.6175,0.3825,CV,36.1009,35.9594,-13.621627531550613,-13.626410849483397,-3.04544,-1.13729,5080.0545
1196,66,0.6176,0.3824,CV,23.3699,23.1766,-13.842405800449313,-13.848742086948262,-2.52992,-0.7206,5071.0036
1197,66,0.6182,0.3818,CV,36.6652,36.7165,-16.89488535946795,-16.90336176857631,0.84729,-0.52675,5074.1682
1198,66,0.6171,0.3829,CV,46.3269,46.1986,-17.99099742696977,-17.994045375180395,3.16456,0.05194,5024.6302
1199,66,0.6165,0.3835,CV,37.8017,37.5519,-16.729965178125553,-16.73228418657232,4.33939,0.17338,4985.555
1200,66,0.6177,0.3823,CV,14.0855,13.8275,-15.894348330243826,-15.902345271045034,3.50482,-0.32219,4987.7089
1201,66,0.618,0.382,CV,17.4116,17.2268,-14.195422593371873,-14.20329984861822,3.25078,-0.71297,4995.6801
1202,66,0.6174,0.3826,CV,36.0634,35.9159,-14.574778705779913,-14.579527258581143,3.32617,0.3465,4897.4254
1203,66,0.6168,0.3832,CV,48.9575,48.8787,-13.32269966286738,-13.325838818413542,4.98859,-1.04139,4944.8111
1204,66,0.6163,0.3837,CV,36.3782,36.1,-13.087535859282644,-13.089444522636315,5.46907,-1.07636,4960.9299
1205,66,0.6183,0.3817,CV,14.6498,14.8938,-12.75367804196767,-12.764707744723092,2.3439,-1.03037,4950.0097
1206,66,0.6185,0.3815,CV,44.4626,44.5773,-13.220264531876994,-13.229113637580841,-1.45809,-0.29025,4893.4642
1207,66,0.6172,0.3828,CV,46.3804,46.276,-13.216209621494523,-13.219121422966358,-3.47468,0.30408,4789.1583
1208,66,0.6186,0.3814,CV,10.3755,10.5703,-12.588446133258554,-12.59953220530415,-1.56716,-0.32091,4785.1665
1209,66,0.6189,0.3811,CV,19.2873,19.3452,-12.849995285139618,-12.860076974934078,0.42512,-0.41005,4756.001
1210,66,0.6143,0.3857,CV,92.632,92.597,-17.151712129701437,-17.14206560978596,6.9829,-0.11672,4671.8045
1211,66,0.6156,0.3844,CV,26.9293,26.5645,-13.440938332689544,-13.44348967520159,6.18265,-0.24038,4647.2678
1212,66,0.6187,0.3813,CV,22.3917,22.7161,-12.710009273517269,-12.723653157751635,2.0203,-0.07641,4609.4308
1213,66,0.6189,0.3811,CV,10.9091,10.9423,-12.817251471417045,-12.827111135795501,1.22308,-0.40981,4604.6163
1214,66,0.6177,0.3823,CV,41.6935,41.6286,-13.961537494825723,-13.96616323971158,3.65586,-0.25412,4572.8273
1215,66,0.6173,0.3827,CV,39.7942,39.718,-13.22892215691435,-13.233616241691724,3.37502,0.86774,4430.4912
1216,66,0.6186,0.3814,CV,10.0274,10.1388,-12.831193087676933,-12.841769330821077,2.10185,0.13822,4409.4471
1217,66,0.6187,0.3813,CV,19.834,19.8638,-13.112650840837224,-13.122095818101311,1.38835,-0.59959,4432.9411
1218,66,0.6188,0.3812,CV,8.8931,8.8874,-12.897512731015988,-12.90688209814154,0.50854,-0.74546,4418.1574
1219,66,0.6186,0.3814,CV,34.3137,34.3691,-12.882594644179038,-12.891104953081348,0.03764,0.23477,4277.8823
1220,66,0.6186,0.3814,CV,33.572,33.6572,-13.309976549611292,-13.319011141618244,-0.2836,-1.28789,4314.515
1221,66,0.6184,0.3816,CV,19.5819,19.522,-13.627214537693444,-13.635117655249756,0.20764,-1.25665,4358.1379
1222,66,0.6184,0.3816,CV,10.5843,10.4889,-13.784308923358717,-13.792485562838769,0.49087,-0.93111,4369.0821
1223,66,0.6184,0.3816,CV,7.8001,7.7052,-13.893107890013136,-13.901359498522638,0.35105,-0.92243,4381.4455
1224,66,0.6185,0.3815,CV,30.7909,30.8706,-13.578406406685893,-13.587304373118773,0.35389,0.29156,4292.7196
1225,66,0.6187,0.3813,CV,8.0608,8.1054,-13.72001944665986,-13.729477913402249,0.4879,-0.06189,4302.9654
1226,66,0.6182,0.3818,CV,35.8475,35.8544,-14.955630092106603,-14.962595430684768,0.59253,-1.25015,4410.3809
1227,66,0.6186,0.3814,CV,9.8707,9.923,-14.554134114037268,-14.563402390180546,0.75133,-0.82789,4404.3785
1228,66,0.6181,0.3819,CV,43.2281,43.2661,-14.1953286384317,-14.202185216512985,0.88185,0.30484,4268.8138
1229,66,0.6188,0.3812,CV,10.1467,10.2801,-13.735158017804821,-13.745689399107677,0.28783,-0.16546,4283.1654
1230,66,0.619,0.381,CV,7.1091,7.116,-13.855705347780072,-13.865737533696096,-0.1745,-0.48599,4287.8785
1231,66,0.6175,0.3825,CV,48.4723,48.435,-13.941632421888578,-13.945322329121435,-0.2544,-2.68982,4151.8472
1232,66,0.6167,0.3833,CV,33.9372,33.7205,-13.311569397944638,-13.313842929508128,-0.34643,-3.2971,4024.6779
1233,66,0.6172,0.3828,CV,20.7677,20.4934,-12.84415208134779,-12.849925283993565,-0.28388,-3.28642,3922.4299
1234,66,0.6169,0.3831,CV,27.2939,27.0431,-12.540648524476026,-12.544347144750313,-0.8655,-3.28705,3776.5973
1235,66,0.6168,0.3832,CV,26.3555,26.1146,-12.202096640813417,-12.205931596720509,-1.94415,-2.73955,3611.5568
1236,66,0.6159,0.3841,CV,32.9912,32.7639,-12.544948667037067,-12.54508125153705,-1.813,-1.43676,3389.4459
1237,66,0.6182,0.3818,CV,7.2174,6.9309,-11.726430441027992,-11.73742940934213,-1.25408,-0.72573,3210.0981
1238,66,0.6196,0.3804,CV,16.8906,16.9759,-11.731787746262672,-11.745581316341381,0.69532,0.34604,3039.0462
1239,66,0.6173,0.3827,CV,33.031,32.9202,-12.065720699173301,-12.067389614199072,1.25602,2.11417,2794.4368
1240,66,0.6197,0.3803,CV,21.355,21.5202,-11.696685228366595,-11.711981724001042,0.87435,1.64821,2656.5654
1241,66,0.618,0.382,CV,36.8767,36.8866,-13.173065432385533,-13.177686742677025,0.93244,0.72123,2575.9872
1242,66,0.6187,0.3813,CV,5.7689,5.7252,-12.07269246786011,-12.082857527107965,0.56579,0.05592,2438.995
1243,66,0.6191,0.3809,CV,13.4307,13.4979,-11.575137904155948,-11.585850773818798,-0.12877,-0.69139,2294.0136
1244,66,0.6188,0.3812,CV,12.5645,12.5296,-11.296023574168247,-11.304818086029366,-0.68219,-1.16699,2180.1269
1245,66,0.618,0.382,CV,23.618,23.591,-11.56572559151243,-11.572007286692447,-1.42702,-1.4567,2031.1937
1246,66,0.6139,0.3861,CV,38.7324,38.6235,-14.141526759529741,-14.131371570377533,-2.19702,-2.27888,1845.2853
1247,66,0.6064,0.3936,CV,39.6193,39.3715,-20.371300287740326,-20.33582034102701,-3.23195,-3.22868,1647.3324
1248,66,0.6127,0.3873,CV,10.7147,10.3672,-20.803100163274024,-20.80493661244678,-3.01356,-2.38901,1474.4084
1249,66,0.6206,0.3794,CV,8.1764,8.4536,-17.9953592499088,-18.021301240118056,-1.40775,-1.18883,1315.0001
1250,66,0.6219,0.3781,CV,7.3351,7.445,-16.735831497350805,-16.755564768573933,-0.13147,-0.5022,1157.3381
1251,66,0.6191,0.3809,CV,20.3245,20.3408,-12.577072696279876,-12.583418499940604,1.62,0.25008,1031.2338
1252,66,0.6143,0.3857,CV,22.0156,21.9079,-10.834190909526875,-10.824006635061798,2.63988,1.15463,922.421
1253,66,0.6143,0.3857,CV,12.4576,12.2817,-9.63910596801606,-9.636328888569091,2.3211,1.37951,825.9367
1254,66,0.6079,0.3921,CV,26.4306,26.2685,-12.306421236000098,-12.276582083922353,2.61408,2.0817,761.5164
1255,66,0.5929,0.4071,CV,51.5263,51.3293,-22.520000889920787,-22.436984593090294,2.61543,2.13443,754.183
1284,68,0.7,0.3,CV,41.8411,41.8411,-13.208758876525607,-13.208758876525607,0.0,0.0,358.201
1285,68,0.6442,0.3558,CV,29.5458,29.5458,-12.670737816023887,-12.667299006704354,-5.38956,-0.68426,489.3252
1286,68,0.6115,0.3885,CV,34.1227,33.8798,-13.88827174386758,-13.828972691431204,-14.84017,-3.77935,745.9204
1287,68,0.604,0.396,CV,21.6657,20.7745,-15.939374433481927,-15.897485320078939,-18.58181,-2.56346,979.1252
1288,68,0.6017,0.3983,CV,19.6219,18.4399,-18.54182231671044,-18.500908420039487,-18.80792,-2.07929,1152.2043
1289,68,0.5095,0.4905,CV,86.5146,85.6197,-21.206018066914766,-20.79437181920168,-19.8143,-10.26743,1429.6776
1290,68,0.5218,0.4782,CV,51.1021,48.7709,-15.690952121454181,-15.462451369265196,-21.62487,-11.5153,1696.113
1291,68,0.5658,0.4342,CV,26.803,24.7497,-15.394453759302898,-15.325582104770003,-19.5012,-8.94088,1880.4184
1292,68,0.5974,0.4026,CV,17.3222,16.4237,-16.96633538132209,-16.963905904622102,-14.79941,-5.23191,2008.581
1293,68,0.6164,0.3836,CV,14.7742,15.4126,-18.712887260185447,-18.74357769987556,-8.55185,-1.82365,2074.5677
1294,68,0.6218,0.3782,CV,24.551,24.9863,-17.41012236023616,-17.435777546722733,-3.95357,0.58385,2082.9713
1295,68,0.6183,0.3817,CV,37.4261,37.3465,-27.608894000587323,-27.611743448795615,-4.18176,1.39328,2063.0718
1296,68,0.6168,0.3832,CV,29.7305,29.591,-33.905491544187115,-33.90696358974022,-2.92031,1.82539,2026.5311
1297,68,0.6155,0.3845,CV,27.1868,26.9615,-36.707201924601414,-36.705612448346194,-2.29855,1.96873,1984.4618
1298,68,0.6153,0.3847,CV,22.7493,22.4935,-40.843636500565786,-40.843084616994446,-1.82309,1.88847,1941.5302
1299,68,0.6158,0.3842,CV,18.4588,18.2055,-43.75328093926716,-43.755135084087016,-1.82264,1.69111,1904.2965
1300,68,0.6167,0.3833,CV,13.7108,13.479,-49.51809057575423,-49.52289584074295,-1.45191,1.43356,1868.9797
1301,68,0.6179,0.3821,CV,6.6074,6.4423,-46.72007616814089,-46.728627320090155,-1.24849,1.08184,1850.0137
1302,68,0.6182,0.3818,CV,8.5572,8.4496,-46.104455522078425,-46.112614011037536,-1.28471,0.87992,1836.2589
1303,68,0.6182,0.3818,CV,8.3915,8.2838,-48.60121329032097,-48.609025622286204,-1.01966,0.86259,1817.6512
1304,68,0.6179,0.3821,CV,15.2662,15.1938,-49.8132382030918,-49.81981358389811,-0.50495,1.04129,1785.9855
1305,68,0.6181,0.3819,CV,10.9426,10.882,-41.764924834323224,-41.77272022773537,0.16684,1.02669,1768.6078
1306,68,0.6176,0.3824,CV,24.8513,24.8246,-48.510733778685804,-48.51597348343606,-1.42584,1.38126,1760.1081
1307,68,0.6171,0.3829,CV,41.9267,41.9648,-27.761038013052058,-27.764837680338584,-1.78314,0.32453,1837.4128
1308,68,0.6156,0.3844,CV,34.1869,34.0499,-19.05325129293343,-19.051746927648075,-2.45501,0.13977,1913.179
1309,68,0.6153,0.3847,CV,34.5377,34.4271,-16.981704815449945,-16.98118610959397,-3.1827,0.83423,1931.6338
1310,68,0.6101,0.3899,CV,80.3414,80.277,-29.673518382313976,-29.651109143418537,-4.36057,3.28914,1838.5356
1311,68,0.609,0.391,CV,41.5587,41.2449,-19.742385147403255,-19.72346172794562,-5.17845,3.81687,1836.9337
1312,68,0.6075,0.3925,CV,42.5853,42.2153,-18.43732118889772,-18.413592182551046,-5.98796,4.22457,1837.8095
1313,68,0.6106,0.3894,CV,28.3462,27.9951,-13.979650519047619,-13.971067847040505,-5.89112,3.40538,1862.263
1314,68,0.6108,0.3892,CV,38.3687,38.0833,-12.309119324969455,-12.296788488981337,-6.2926,2.60161,1910.3696
1315,68,0.6138,0.3862,CV,24.4456,24.2185,-12.296906373056247,-12.29716943692465,-4.80939,1.77803,1971.1902
1316,68,0.6173,0.3827,CV,17.4526,17.5609,-12.827765232320658,-12.838005005265332,-2.13249,1.05663,2025.1483
1317,68,0.6171,0.3829,CV,19.4827,19.3578,-12.03359085107956,-12.038046082193103,-1.52031,0.86527,2097.7651
1318,68,0.6172,0.3828,CV,16.6057,16.4859,-11.973697746645891,-11.978749094243863,-0.88178,0.67999,2181.0136
1319,68,0.6176,0.3824,CV,8.0806,7.9629,-11.927337161734316,-11.933848277519434,-0.48619,0.45979,2255.571
1320,68,0.6179,0.3821,CV,1.5423,1.554,-11.914974767339425,-11.922613795912971,-0.27563,0.18904,2319.9245
1321,68,0.6182,0.3818,CV,11.1996,11.2403,-11.945663751915834,-11.953748472432899,-0.38623,0.36217,2365.9963
1322,68,0.6181,0.3819,CV,18.7083,18.6996,-12.088302598842736,-12.095740434504256,-0.52661,0.594,2394.4321
1323,68,0.6177,0.3823,CV,24.3087,24.2419,-12.363664498301738,-12.369534463424825,-0.56639,0.77717,2404.5594
1324,68,0.6178,0.3822,CV,16.3881,16.2572,-12.346529415971844,-12.353359287280679,-0.62445,0.80902,2426.3081
1325,68,0.618,0.382,CV,15.5789,15.4369,-12.356658900089924,-12.36391416824987,-0.5228,0.71238,2440.5781
1326,68,0.6186,0.3814,CV,6.9837,6.8927,-11.87815942270397,-11.887833044328595,-0.71474,0.71087,2472.8449
1327,68,0.6189,0.3811,CV,2.1036,2.067,-11.776777067128101,-11.787032384390743,-0.31223,0.42934,2502.6596
1328,68,0.6189,0.3811,CV,7.5111,7.4807,-11.763563811952315,-11.773213840546276,0.21831,0.42047,2517.9597
1329,68,0.6186,0.3814,CV,14.874,14.8284,-12.737214582771786,-12.745753086493144,-0.33308,0.37838,2505.9218
1330,68,0.6187,0.3813,CV,18.1092,18.1459,-12.003284654441563,-12.012544902949664,-1.18843,0.30172,2547.9481
1331,68,0.6187,0.3813,CV,8.2715,8.257,-11.839969085857447,-11.849196428545087,-0.67928,0.67982,2561.7636
1332,68,0.6182,0.3818,CV,22.5469,22.5062,-12.517413372449605,-12.524393536614731,-0.58377,1.34808,2530.5777
1333,68,0.6179,0.3821,CV,17.8364,17.7281,-12.580629070888536,-12.587303152587877,-0.46451,1.60771,2504.4396
1334,68,0.6181,0.3819,CV,13.0985,12.964,-12.482833235323511,-12.490481785996796,-0.54386,1.5703,2485.1244
1335,68,0.6186,0.3814,CV,7.1429,7.0521,-12.129377881126583,-12.138817257263874,-0.7769,1.17465,2477.0547
1336,68,0.6189,0.3811,CV,4.9192,4.9625,-11.936571511451266,-11.946899953135366,-0.69329,0.54018,2477.8224
1337,68,0.6189,0.3811,CV,9.5357,9.5389,-11.84057276843396,-11.850131654469747,-0.86439,-0.11808,2478.3118
1338,68,0.6187,0.3813,CV,9.7402,9.7212,-11.824316429918538,-11.833332689048735,-0.70492,-0.6939,2476.7878
1339,68,0.6185,0.3815,CV,14.2336,14.2003,-12.241322064324459,-12.24959859515503,-0.55127,-1.2211,2452.8537
1340,68,0.6182,0.3818,CV,17.6408,17.5854,-13.187614250073882,-13.19507490669289,-0.30108,-1.38639,2408.6558
1341,68,0.6179,0.3821,CV,17.9828,17.8808,-12.893495911569524,-12.900118860554164,-0.19839,-1.60904,2360.9488
1342,68,0.6179,0.3821,CV,17.5659,17.4729,-11.771577000921734,-11.77862634978164,0.25826,-2.24091,2335.801
1343,68,0.6172,0.3828,CV,30.4542,30.3834,-12.085948413982498,-12.089626041128652,2.10949,-2.54054,2318.2572
1344,68,0.6157,0.3843,CV,34.5304,34.3806,-12.458792191164092,-12.457375352793608,3.72,-2.18958,2282.5028
1345,68,0.615,0.385,CV,29.7706,29.5523,-12.137216252043071,-12.135071650522843,4.42098,-1.62357,2244.0262
1346,68,0.6154,0.3846,CV,22.4889,22.2363,-11.732237152971958,-11.732699640194546,4.25314,-1.37519,2200.1086
1347,68,0.6159,0.3841,CV,20.063,19.8308,-11.554767126781897,-11.5569217769538,3.81554,-1.35915,2144.7264
1348,68,0.6161,0.3839,CV,20.3311,20.1185,-11.497207617238464,-11.499532719287707,3.5129,-1.84682,2096.261
1349,68,0.6159,0.3841,CV,22.4549,22.2502,-11.548597475763506,-11.54980372124141,3.21274,-2.44742,2039.303
1350,68,0.6157,0.3843,CV,23.0198,22.8182,-11.745410462840601,-11.74602939502216,3.06801,-2.93878,1996.1833
1351,68,0.6155,0.3845,CV,21.9984,21.7725,-11.88390058944267,-11.884066128380832,3.124,-2.95958,1951.7662
1352,68,0.6153,0.3847,CV,23.7666,23.5591,-12.718525133375362,-12.717989913945546,3.30763,-2.75546,1922.396
1353,68,0.6158,0.3842,CV,20.0612,19.8684,-14.037041964110665,-14.039008368290421,2.98309,-2.26253,1907.8126
1354,68,0.6165,0.3835,CV,16.8826,16.7213,-16.453745444958592,-16.4578564479065,2.30606,-1.76566,1903.8882
1355,68,0.6174,0.3826,CV,7.753,7.577,-17.322262466856305,-17.32923527014838,1.76653,-1.35333,1883.8931
1356,68,0.6179,0.3821,CV,7.4274,7.3213,-19.893413764711354,-19.90104588710945,1.14724,-1.09423,1874.5068
1357,68,0.618,0.382,CV,10.9452,10.8825,-23.633432444366285,-23.64088262081399,0.50556,-1.17412,1875.2498
1358,68,0.6177,0.3823,CV,23.4091,23.3904,-32.76707140715293,-32.7730869108896,-0.93364,-1.6058,1868.5799
1359,68,0.6168,0.3832,CV,27.3496,27.2611,-37.732611423083256,-37.73497030269171,-0.74292,-2.02724,1907.6558
1360,68,0.6158,0.3842,CV,32.3873,32.2665,-37.372830148206994,-37.37243812741987,-0.36816,-3.21532,1924.1192
1361,68,0.6162,0.3838,CV,20.6605,20.5038,-38.78508023409255,-38.78788594133677,-0.35637,-3.21613,1920.6803
1362,68,0.6164,0.3836,CV,27.1044,27.0187,-31.520480182168267,-31.523413700044873,0.98872,-3.10487,1905.639
1363,68,0.6163,0.3837,CV,28.7914,28.704,-25.19927065180525,-25.20155118638931,2.08923,-2.30898,1869.8788
1364,68,0.6164,0.3836,CV,21.8995,21.7525,-28.270322264138365,-28.27328517293159,1.51455,-3.0717,1862.6435
1365,68,0.6155,0.3845,CV,33.694,33.5853,-38.12619282882295,-38.125053758999485,-0.35376,-4.15239,1854.6749
1366,68,0.614,0.386,CV,34.1672,33.9772,-45.49407763229151,-45.48805098261864,-1.87542,-4.50893,1828.0531
1367,68,0.6145,0.3855,CV,22.6035,22.3495,-46.59310096562486,-46.59155809258432,-1.81269,-4.11984,1786.5153
1376,69,0.7,0.3,CV,25.7313,25.7313,-11.599326034396178,-11.599326034396178,0.0,0.0,166.3333
1377,69,0.6401,0.3599,CV,30.8909,30.8909,-15.119978586186663,-15.09846460916041,5.79901,-3.19999,234.1696
1378,69,0.5966,0.4034,CV,27.7022,27.4404,-18.031926123118353,-17.916560584008813,14.66627,-6.57973,363.6472
1379,69,0.5596,0.4404,CV,25.8175,24.9877,-21.580233169103963,-21.377639023168662,20.60653,-5.95857,507.2608
1380,69,0.5689,0.4311,CV,17.49,16.3119,-26.166735986543475,-26.055671552214385,22.16067,-4.19285,622.1841
1381,69,0.584,0.416,CV,14.5745,13.5021,-34.06579195004975,-34.003172900128924,20.75421,-3.40667,689.1017
1382,69,0.5932,0.4068,CV,12.2008,11.0758,-40.09068687773122,-40.043913635752986,18.00746,-2.97862,721.9491
1383,69,0.5998,0.4002,CV,12.448,11.5898,-52.606568886577115,-52.57377168053699,15.12839,-2.60738,724.807
1384,69,0.6077,0.3923,CV,11.2018,10.6625,-66.04783829883006,-66.03845601637508,11.60073,-2.09574,706.5835
1385,69,0.6115,0.3885,CV,11.6303,11.2652,-79.33770696757844,-79.33252862401233,8.74181,-1.57104,676.3615
1386,69,0.6157,0.3843,CV,8.3291,8.095,-85.00832360275481,-85.01530512901243,6.01051,-1.08439,642.5065
1387,69,0.6197,0.3803,CV,2.2554,2.2839,-60.85891245726688,-60.87672931497165,3.48971,-0.75393,613.2845
1388,69,0.6079,0.3921,CV,25.6674,25.4942,-70.84197911203192,-70.80414114682642,5.28128,-0.72303,590.3866
1389,69,0.6014,0.3986,CV,25.0601,24.7798,-61.73313845257684,-61.68544216478368,5.81921,-0.43271,570.4465
1390,69,0.6041,0.3959,CV,16.9839,16.6726,-46.294520558375964,-46.26772643751118,5.19573,-0.24062,556.9098
1391,69,0.6059,0.3941,CV,17.9433,17.685,-37.90904879485358,-37.88583359303762,4.71144,0.09361,543.5702
1392,69,0.6076,0.3924,CV,16.8142,16.5805,-31.172691881666474,-31.15399041021702,4.25326,0.22133,530.39
1393,69,0.6069,0.3931,CV,21.3253,21.1377,-31.169152179795198,-31.14488561641599,4.07685,0.49919,510.7119
1394,69,0.6083,0.3917,CV,16.1926,15.9891,-27.068605162447938,-27.051325442137973,3.66108,0.82809,495.2996
1395,69,0.6103,0.3897,CV,13.5422,13.3493,-19.714358113283204,-19.70350864665695,3.30655,1.04437,486.7977
1396,69,0.6127,0.3873,CV,10.7628,10.5863,-15.387155767887666,-15.38313307879093,2.8139,1.04513,480.4357
1397,69,0.6147,0.3853,CV,9.0598,8.9237,-11.714740903236699,-11.715748238720899,2.3223,0.82492,477.6545
1398,69,0.6026,0.3974,CV,37.613,37.4831,-14.443525029622286,-14.390952632049142,4.18456,1.20539,466.9652
1399,69,0.6138,0.3862,CV,6.64,6.7142,-9.515087439833424,-9.527174160028611,2.33789,1.02726,467.4238
1400,69,0.6175,0.3825,CV,22.3672,22.456,-11.797489806204638,-11.808860946974976,0.29655,0.57912,482.8554
1401,69,0.6163,0.3837,CV,20.643,20.626,-11.563640372390697,-11.564174017348194,-0.92606,0.44353,496.3028
1402,69,0.6164,0.3836,CV,11.7865,11.7266,-11.58943143638949,-11.592231590815288,-1.13988,0.58653,501.2481
1403,69,0.6163,0.3837,CV,12.1097,12.0482,-14.968879010216261,-14.971436698112548,-1.272,0.72476,505.5894
1404,69,0.6162,0.3838,CV,13.4355,13.3773,-19.103377258882208,-19.10559685497472,-1.27473,0.96443,507.338
1405,69,0.6161,0.3839,CV,28.5558,28.5903,-12.7062667443818,-12.70800837063147,0.92243,1.41774,509.4612
1406,69,0.6141,0.3859,CV,20.7039,20.6188,-11.31869568264366,-11.312188054914383,1.53173,1.57732,504.518
1407,69,0.6155,0.3845,CV,9.2631,9.1364,-10.575477948325338,-10.577890568686607,1.49234,1.23686,506.1594
1408,69,0.6177,0.3823,CV,2.1071,2.0233,-10.463152462077524,-10.47268416941834,1.02133,0.71346,510.2367
1409,69,0.6187,0.3813,CV,3.2926,3.3053,-9.805981933060547,-9.816457678386428,0.5463,0.26125,511.2013
1410,69,0.619,0.381,CV,4.2686,4.2909,-9.428696830773934,-9.439069811993708,0.07752,-0.01906,512.0361
1411,69,0.6188,0.3812,CV,4.4741,4.4515,-9.32701108994082,-9.336214565965879,0.03299,0.0379,508.7825
1412,69,0.619,0.381,CV,2.737,2.7626,-9.288176378068902,-9.298217258205923,-0.10052,0.01027,511.6735
1413,69,0.6186,0.3814,CV,8.2855,8.2827,-9.626070998875743,-9.634353309405341,-0.6035,0.0513,515.7197
1414,69,0.6184,0.3816,CV,5.8053,5.7768,-9.49035598158931,-9.498220721278498,-0.66686,0.24316,518.9143
1415,69,0.6185,0.3815,CV,10.1856,10.2128,-10.347036733381803,-10.355986168129702,0.18636,0.43464,518.0256
1416,69,0.6184,0.3816,CV,9.7443,9.7525,-9.963860333519758,-9.97177214618505,-0.40221,0.35959,526.5941
1417,69,0.6183,0.3817,CV,7.3809,7.3663,-9.695805965672736,-9.703543379582388,-0.53707,0.47031,526.2863
1418,69,0.6182,0.3818,CV,5.7656,5.7434,-11.007186362200898,-11.01499421206764,-0.6139,0.33029,533.2928
1419,69,0.6181,0.3819,CV,6.7901,6.7581,-13.851393180503752,-13.858745620510224,-0.80131,0.22398,537.3102
1419,70,0.7,0.3,CV,29.3092,29.3092,-22.748507161975787,-22.748507161975787,0.0,0.0,127.2358
1420,69,0.6179,0.3821,CV,20.9154,20.9553,-11.228682177995628,-11.235413507348321,0.81283,0.269,548.9125
1420,70,0.6294,0.3706,CV,32.6211,32.6211,-46.71704983875967,-46.649588936466685,-13.20954,4.29282,177.688
1421,69,0.617,0.383,CV,14.4455,14.395,-11.540348306683246,-11.543243985883628,1.16718,0.39598,566.3906
1421,70,0.4394,0.5606,CA,45.9641,45.5802,-22.835522189874947,-22.10115033138301,-34.79322,10.57376,336.497
1422,69,0.6173,0.3827,CV,6.9768,6.9067,-11.10929270769807,-11.115067331279139,1.00012,0.15918,581.1894
1422,70,0.145,0.855,CA,56.0157,54.3742,-37.19837890429383,-35.207631182148596,-83.11762,20.84337,643.0175
1423,69,0.618,0.382,CV,6.8461,6.8718,-10.492557873181159,-10.500854900560824,0.25508,0.03925,596.0407
1423,70,0.457,0.543,CA,10.0551,9.9669,-12.730924458704713,-12.756294714750677,-73.75083,27.64424,808.4387
1424,69,0.6177,0.3823,CV,13.6803,13.6746,-10.52191681482721,-10.527779764781297,-0.54159,-0.02208,617.3382
1424,70,0.6478,0.3522,CV,28.5591,30.8451,-12.104143108536281,-12.472329943870308,-5.77192,14.10531,820.3845
1425,69,0.6173,0.3827,CV,11.7916,11.7482,-11.246044235853025,-11.25087041429526,-0.46322,0.29087,646.1367
1425,70,0.2783,0.7217,CA,69.0561,69.1766,-30.265423460431855,-28.794488469045284,63.82669,-1.75778,848.548
1426,69,0.6174,0.3826,CV,13.5772,13.5629,-11.523767176521943,-11.529386180409123,0.08813,0.83409,668.7523
1426,70,0.3896,0.6104,CA,20.5609,17.833,-16.473464505002504,-16.03475900160273,77.11732,-2.89727,869.7737
1427,69,0.6168,0.3832,CV,19.6761,19.6522,-12.089021738435633,-12.09223602180991,1.01173,1.13723,685.0067
1427,70,0.5827,0.4173,CV,11.2607,12.8688,-10.051912336615466,-10.2400521157631,48.25933,-0.59131,847.1298
1428,69,0.6123,0.3877,CV,42.0556,41.9884,-19.197728318930473,-19.182349115821637,3.09645,1.18628,712.1353
1428,70,0.5323,0.4677,CV,19.9699,18.2931,-15.678938955047904,-15.386224719817921,54.20417,-0.97014,789.1959
1429,69,0.6141,0.3859,CV,15.0758,14.9135,-13.210338254392218,-13.209737006013544,2.5449,1.04149,749.5437
1429,70,0.5026,0.4974,CV,22.7333,21.2385,-30.977860939271565,-30.639762188158397,57.61692,-2.32184,742.4755
1430,69,0.617,0.383,CV,12.657,12.7114,-11.902231118025474,-11.911048392953731,0.99692,0.79418,789.2712
1431,69,0.6175,0.3825,CV,24.1717,24.2128,-12.332329158204939,-12.338898831921645,-0.81122,0.55272,824.9299
1432,69,0.6174,0.3826,CV,19.1529,19.1466,-11.419907652933562,-11.425170921308347,0.32376,0.669,873.4041
1433,69,0.6172,0.3828,CV,13.4328,13.3613,-11.694693279114462,-11.699305902450945,0.64049,0.64494,925.4722
1434,69,0.6171,0.3829,CV,13.891,13.8185,-11.868042175590084,-11.87260653586127,1.03613,0.58821,974.9582
1435,69,0.617,0.383,CV,17.3808,17.322,-12.370100414349526,-12.37432222635585,1.41716,0.94535,1014.1173
1436,69,0.6168,0.3832,CV,16.6096,16.5148,-12.057337723424764,-12.060866553540182,1.72635,0.83721,1067.3165
1437,69,0.6165,0.3835,CV,19.1675,19.0631,-12.064799015144658,-12.067517790282473,2.16091,0.68114,1120.4
1438,69,0.6163,0.3837,CV,20.3106,20.1933,-11.820929124187288,-11.823065255702794,2.42762,0.29799,1183.0876
1439,69,0.6161,0.3839,CV,21.1112,20.9747,-12.05050470899466,-12.052068084458876,2.67887,0.00682,1246.1294
1440,69,0.6169,0.3831,CV,11.1733,11.0451,-11.419129165453331,-11.424696166531948,2.24498,-0.13493,1295.8946
1441,69,0.618,0.382,CV,9.25,9.293,-11.203461608451311,-11.212382755728736,1.18565,-0.20655,1333.8793
1442,69,0.6181,0.3819,CV,9.8789,9.8313,-13.959983031108104,-13.96774486537889,1.04119,-0.65947,1383.1449
1443,69,0.6182,0.3818,CV,25.1017,25.1404,-14.474478944378085,-14.482119790714444,-0.89236,-1.07681,1442.0665
1444,69,0.6167,0.3833,CV,31.7792,31.7128,-15.690624657676532,-15.692122308179073,-2.49498,-1.34535,1494.1095
1445,69,0.6141,0.3859,CV,41.3434,41.1951,-15.578519947891577,-15.570934152900517,-3.59493,-2.4006,1519.1745
1446,69,0.612,0.388,CV,39.2998,39.0576,-15.549691787379889,-15.537333883066951,-4.37725,-3.05882,1550.5374
1447,69,0.613,0.387,CV,27.0214,26.749,-15.971360374566299,-15.966504585034798,-4.53901,-2.19163,1584.1716
1448,69,0.6128,0.3872,CV,36.0806,35.8989,-16.33707344969334,-16.329733044729096,-3.73562,-2.19716,1560.9424
1449,69,0.6029,0.3971,CV,63.2989,63.0852,-17.395254181915345,-17.34645914316277,-2.67657,-3.18591,1468.5489
1450,69,0.6024,0.3976,CV,32.597,32.1608,-15.849319031383207,-15.813246931826317,-2.29249,-2.55685,1410.7554
1451,69,0.6162,0.3838,CV,14.191,14.4102,-21.330848965034253,-21.353568594019208,-2.49877,-0.50366,1394.2569
1452,69,0.6152,0.3848,CV,18.8767,18.6161,-21.956217899367253,-21.954003567472153,-2.9466,-0.3298,1325.8443
1453,69,0.6141,0.3859,CV,22.9811,22.8069,-21.55833404638907,-21.55316837825164,-3.2636,-2.12253,1254.6854
1454,69,0.5591,0.4409,CV,81.5528,81.3271,-24.1732951224591,-23.94261829621999,-7.76753,0.34366,1081.8376
1455,69,0.5166,0.4834,CV,51.918,51.5157,-20.667550070713972,-20.346373575155965,-8.48817,-8.3487,942.4348
1474,71,0.7,0.3,CV,21.5197,21.5197,-21.33332607043112,-21.33332607043112,0.0,0.0,189.0867
1475,71,0.6062,0.3938,CV,40.4638,40.4638,-52.19598845273551,-52.03016198268177,27.98058,2.54634,273.4491
1476,71,0.0195,0.9805,CA,74.1588,73.3643,-91.65530039999177,-87.27928935719048,128.38509,0.90493,699.2225
1477,71,0.0106,0.9894,CA,65.519,62.7073,-82.73074847567062,-78.56845570897076,276.50359,-3.81923,1011.2187
1478,71,0.2572,0.7428,CA,12.4071,6.8789,-10.59710489123048,-9.9267442426519,292.67986,-5.21263,969.8486
1479,71,0.0618,0.9382,CA,34.4632,26.4445,-48.966931200463684,-46.28654776494273,424.87916,-12.69977,1314.9884
1480,71,0.2901,0.7099,CA,15.9055,10.699,-14.5684425556728,-13.98947799261199,429.65243,-22.76322,1051.297
1481,71,0.7625,0.2375,CV,67.7416,79.0332,-48.015178001208724,-49.17566317418119,-471.53104,23.19824,878.2134
1482,71,0.7224,0.2776,CV,15.3071,14.8664,-25.968992907554377,-26.231061905349794,-164.74326,9.70687,936.9723
1483,71,0.7262,0.2738,CV,0.9105,4.2196,-18.525747505609587,-18.869480754242588,-48.41982,2.97826,702.1959
1484,71,0.6968,0.3032,CV,8.262,8.9325,-22.838149774270548,-23.032824474931342,-3.11146,0.27247,501.3414
1485,71,0.6125,0.3875,CV,13.0339,12.9894,-9.429845364922105,-9.295496476050017,-28.66502,1.79136,395.9423
1486,71,0.5753,0.4247,CV,25.9252,27.0968,-25.035265023139637,-24.872911474209417,25.41736,-1.36053,338.4244
1487,71,0.5933,0.4067,CV,5.6238,4.7889,-18.37327141390316,-18.33992764851226,20.54582,-1.20563,303.0537
1488,71,0.5753,0.4247,CV,10.8228,10.1627,-11.64421848565236,-11.510095309572055,20.69415,-1.30688,264.9224
1489,71,0.6326,0.3674,CV,10.1428,10.7287,-22.988049241317256,-23.120382160487903,5.61702,-0.20323,231.4766
1490,71,0.6327,0.3673,CV,5.604,5.7359,-13.630387090414326,-13.678538535728315,1.36416,0.08858,204.3179
1491,71,0.6243,0.3757,CV,8.48,8.4998,-14.640122389429685,-14.652373989045802,-1.62109,0.6043,177.2891
1492,71,0.5909,0.4091,CV,19.9245,19.8538,-15.113405297208947,-14.997664071034414,-5.30066,0.89545,167.6915
1493,71,0.6168,0.3832,CV,22.717,23.0138,-14.934140452288755,-14.976128197701893,1.6191,0.38412,154.3445
1494,71,0.6193,0.3807,CV,7.7184,7.7736,-13.83572499224157,-13.850124944905753,-0.03554,0.56701,145.4677
1495,71,0.6079,0.3921,CV,17.6132,17.6116,-12.749750769228925,-12.712459505376057,2.12423,0.57002,135.6615
1496,71,0.6152,0.3848,CV,6.5109,6.5306,-12.912978827729233,-12.923361880249574,1.01727,0.71675,130.7626
1497,71,0.6131,0.3869,CV,9.0643,9.0076,-10.170108320314709,-10.160864186691084,1.04397,0.79721,128.445
1498,71,0.617,0.383,CV,4.4671,4.4856,-7.581432862765558,-7.591440544304693,0.37863,0.66082,123.8662
1499,71,0.615,0.385,CV,9.8302,9.8033,-15.388441340564764,-15.384481602229261,0.54112,0.60149,124.9336
1500,71,0.6134,0.3866,CV,10.398,10.3548,-15.84102533768209,-15.833125085240232,0.92152,0.60784,124.4331
1501,71,0.6148,0.3852,CV,5.6525,5.6026,-21.60439375005299,-21.604699527438804,0.85746,0.52097,122.5118
1502,71,0.6113,0.3887,CV,14.3707,14.3264,-9.99990065375939,-9.983440110014097,1.24145,0.39087,126.5334
1503,71,0.6069,0.3931,CV,17.5651,17.5016,-14.434139295228192,-14.404483706792258,1.80296,0.414,126.1498
1504,71,0.6093,0.3907,CV,10.3086,10.2296,-15.826077801230788,-15.812852509136219,1.53316,0.61168,129.9663
1505,71,0.6137,0.3863,CV,6.7701,6.7352,-7.857376548126582,-7.859320201403485,0.95441,0.7963,132.0487
1506,71,0.6142,0.3858,CV,24.2887,24.3304,-31.378070231867028,-31.3756904955935,-0.88545,0.5562,137.9165
1512,72,0.7,0.3,CV,35.9504,35.9504,-26.039634112300106,-26.039634112300106,0.0,0.0,147.2804
1513,72,0.6303,0.3697,CV,37.6439,37.6439,-64.50167079042514,-64.43799970849899,-14.11162,-2.12229,201.6513
1514,72,0.4893,0.5107,CA,38.7979,38.3941,-108.08334064115604,-107.54834030271576,-36.6456,-3.19834,347.4696
1515,72,0.3769,0.6231,CA,30.8816,29.2751,-131.6853504398012,-130.89584150412568,-57.16148,-1.20908,576.4651
1516,72,0.2141,0.7859,CA,42.9274,40.287,-111.39785738892915,-109.96949171998833,-103.88098,0.00369,868.7526
1517,72,0.3309,0.6691,CA,24.5917,21.0977,-49.65978309415052,-49.05582519367444,-130.68809,3.56614,1050.3623
1518,72,0.45,0.55,CA,15.3121,11.783,-10.438313202007638,-10.17460089413511,-128.79782,5.80139,1186.8145
1519,72,0.6134,0.3866,CV,8.0665,10.991,-11.209850181591825,-11.440311856073155,-73.18191,6.40225,1202.3616
1520,72,0.6145,0.3855,CV,37.8641,40.3249,-13.11865165257812,-13.117763842942695,41.20865,0.60821,1101.1694
1521,72,0.298,0.702,CA,52.7777,51.0743,-21.224633817761884,-19.899337892618785,100.14827,-2.1078,1125.3073
1522,72,0.1584,0.8416,CA,60.3721,56.1648,-27.163446017406915,-25.475894778762985,185.3477,-3.95001,1290.6831
1523,72,0.3885,0.6115,CA,14.912,9.9972,-56.474665277963666,-56.199658349346215,191.98887,-4.6388,1322.1348
1524,72,0.5863,0.4137,CV,7.8732,10.9296,-67.4137889426975,-67.61837812316803,125.79269,-4.12479,1378.4249
1525,72,0.5967,0.4033,CV,10.3505,7.2599,-29.604859296603376,-29.56918447558506,94.09632,-2.01066,1281.3689
1526,72,0.6221,0.3779,CV,7.7079,6.3899,-11.191829230726743,-11.247817811807035,61.38975,-0.48069,1131.4776
1527,72,0.6533,0.3467,CV,25.6553,26.9109,-14.622213163132159,-14.775736634583476,6.17261,-0.04761,1014.4386
1528,72,0.6368,0.3632,CV,15.2317,15.2234,-30.08028555724305,-30.115189837495272,13.14211,0.625,837.3843
1541,73,0.7,0.3,CV,35.3138,35.3138,-12.63110640918909,-12.63110640918909,0.0,0.0,1486.818
1542,73,0.6425,0.3575,CV,66.8761,66.8761,-14.846920539076923,-14.836015669529793,-8.85059,-11.64854,2093.2808
1543,73,0.6118,0.3882,CV,57.8474,57.1463,-15.20669682794119,-15.151465482961367,-21.81151,-23.41382,3224.3307
1544,73,0.5785,0.4215,CV,65.4823,63.3719,-16.19298767857825,-16.044984519650807,-31.91003,-32.07657,4388.7139
1545,73,0.5848,0.4152,CV,43.3464,40.0465,-16.974761601341687,-16.901244127687878,-35.8034,-30.794,5275.4699
1546,73,0.6108,0.3892,CV,21.64,19.8001,-19.09191490541448,-19.117529225664697,-29.34761,-22.22322,5693.7292
1547,73,0.6206,0.3794,CV,22.7872,21.987,-21.067501210624727,-21.096395385012222,-22.7873,-11.50282,5787.8569
1548,73,0.62,0.38,CV,38.3532,37.8806,-28.937178835355596,-28.948945232223217,-19.1295,-6.126,5634.8602
1549,73,0.6213,0.3787,CV,24.8424,24.5786,-36.00680139878872,-36.025155179166546,-12.78111,-2.55764,5385.794
1550,73,0.6191,0.3809,CV,27.0479,26.5473,-39.09633739198458,-39.10346698138639,-9.99042,-0.89075,5112.2627
1551,73,0.6189,0.3811,CV,17.2513,16.7777,-40.44624541323603,-40.45543897222437,-7.44882,0.00538,4869.024
1552,73,0.619,0.381,CV,11.8269,11.5163,-40.498343120768375,-40.50863110020206,-5.32938,0.41292,4675.4912
1553,73,0.6188,0.3812,CV,16.5599,16.4428,-37.94630743984821,-37.955334521760854,-3.8196,0.54891,4551.3391
1554,73,0.6189,0.3811,CV,15.9232,15.9732,-33.34650254711648,-33.35614114077491,-1.75242,1.03965,4455.6643
1555,73,0.6178,0.3822,CV,25.9683,25.8484,-38.300123172465895,-38.305395811460926,-2.32773,1.4225,4396.4112
1556,73,0.6173,0.3827,CV,26.2963,26.1639,-34.45513913729573,-34.45976131684207,-2.14512,1.25174,4419.307
1557,73,0.6173,0.3827,CV,18.5101,18.3405,-33.1727648288669,-33.178014300022205,-1.89831,1.22498,4455.9214
1558,73,0.6174,0.3826,CV,17.1305,16.9754,-29.93657207711186,-29.942069545033284,-1.81632,1.00831,4515.7785
1559,73,0.6169,0.3831,CV,40.3725,40.2904,-26.282438350378282,-26.28598286785831,-3.31634,0.80388,4543.868
1560,73,0.6151,0.3849,CV,67.3832,67.2547,-26.9292553086797,-26.925688416991544,-5.25847,1.21239,4472.9339
1561,73,0.6128,0.3872,CV,68.9755,68.7361,-30.852032171605643,-30.841760307926485,-5.60724,1.2485,4332.184
1562,73,0.6143,0.3857,CV,41.1712,40.9128,-31.694226365966994,-31.693345553147246,-2.97409,1.0059,4235.1203
1563,73,0.6127,0.3873,CV,49.8138,49.4458,-42.52316288123978,-42.513451987818634,-4.72654,0.19293,4119.5689
1564,73,0.6098,0.3902,CV,53.8828,53.4151,-51.979919690510705,-51.960338578216614,-6.00191,1.00945,3949.4932
1565,73,0.6105,0.3895,CV,38.8177,38.2965,-59.633438756933785,-59.621231643640506,-5.27721,2.4949,3772.7632
1566,73,0.6116,0.3884,CV,41.2721,40.9246,-39.47301223905259,-39.46421297036353,-7.49045,1.95297,3633.6279
1567,73,0.6161,0.3839,CV,27.0994,27.0365,-28.62349466546795,-28.63217039882761,-6.21479,1.6028,3548.4626
1568,73,0.6169,0.3831,CV,21.3424,21.0948,-24.666438403874174,-24.671967590920808,-5.32413,0.72955,3441.5021
1569,73,0.617,0.383,CV,25.5714,25.3999,-21.443799626957237,-21.44842965602096,-4.59239,-0.88456,3331.2919
1570,73,0.618,0.382,CV,31.0898,31.1485,-16.334878610401116,-16.343686469840083,-1.7425,-2.34746,3261.2552
1571,73,0.6163,0.3837,CV,39.8907,39.7551,-14.919677225730744,-14.919637235269269,-1.5537,-2.86302,3264.8875
1572,73,0.6144,0.3856,CV,48.3792,48.1616,-13.080728181399472,-13.075359709449616,-1.55193,-2.92875,3331.2973
1573,73,0.6139,0.3861,CV,42.4032,42.1117,-13.345061352358636,-13.340393489731042,-1.43893,-3.1324,3408.2349
1574,73,0.6145,0.3855,CV,34.8267,34.5449,-13.985328414662813,-13.983890625745985,-1.1214,-3.40161,3476.0795
1575,73,0.6157,0.3843,CV,35.2814,35.1591,-13.116176423637787,-13.11864630944722,-0.07823,-3.88035,3494.1786
1576,73,0.6157,0.3843,CV,37.6973,37.5218,-13.167568289356357,-13.168421192677846,0.99034,-4.32489,3535.1045
1577,73,0.6157,0.3843,CV,37.6625,37.4693,-12.969243255172195,-12.970074899952897,1.84162,-4.51219,3562.1066
1578,73,0.6157,0.3843,CV,34.6114,34.3813,-12.824801883131984,-12.82584142599502,1.79034,-4.67347,3570.2363
1579,73,0.6162,0.3838,CV,26.6892,26.4241,-12.696485139741256,-12.699495420473307,1.6867,-4.38755,3583.5281
1580,73,0.6168,0.3832,CV,39.9022,39.8499,-13.20019724521874,-13.20485930712471,3.0372,-3.1938,3705.5181
1581,73,0.6162,0.3838,CV,36.5566,36.3322,-12.935182658657267,-12.936630113861021,4.0669,-2.95176,3764.6755
1582,73,0.6163,0.3837,CV,28.8305,28.557,-12.776826919053216,-12.779306792323776,4.0902,-2.78536,3809.6963
1583,73,0.617,0.383,CV,25.2837,25.1235,-12.662488373969124,-12.667967390563804,2.91019,-2.97072,3812.3855
1584,73,0.6174,0.3826,CV,22.0917,21.9119,-12.666296446293947,-12.672268714570809,2.06178,-2.95446,3809.1202
1585,73,0.6149,0.3851,CV,56.5535,56.3863,-13.431991049279425,-13.427220536571394,1.90337,-4.05367,3695.0005
1586,73,0.6158,0.3842,CV,25.6807,25.358,-12.768676488100063,-12.771241238731138,1.17512,-3.65316,3629.9657
1587,73,0.6168,0.3832,CV,37.1076,37.0464,-12.863672220110567,-12.869026206149034,3.86409,-2.46551,3619.4396
1588,73,0.6162,0.3838,CV,31.5836,31.3123,-12.718812420379212,-12.720087214191485,4.67419,-2.17602,3554.9994
1589,73,0.6161,0.3839,CV,27.6248,27.3378,-13.1988765147615,-13.200875319843952,4.72856,-2.47426,3496.1637
1590,73,0.6174,0.3826,CV,20.6286,20.5155,-15.814722909057314,-15.82227378593035,3.79229,-1.82271,3487.8785
1591,73,0.6179,0.3821,CV,23.9406,23.8884,-20.763510139427915,-20.77097402317292,2.56053,-1.15984,3510.6967
1592,73,0.6183,0.3817,CV,5.9921,5.8585,-21.37611248753508,-21.384887673088976,1.92109,-0.64815,3477.8769
1593,73,0.6186,0.3814,CV,15.1932,15.2128,-22.07445936898016,-22.083515015433917,1.49787,-0.35608,3403.7476
1594,73,0.6181,0.3819,CV,26.7374,26.6994,-21.484779473930445,-21.49171530190396,1.51088,0.25285,3302.1555
1595,73,0.6162,0.3838,CV,43.717,43.6091,-20.284918270365484,-20.284236606742198,1.02251,0.03118,3137.6573
1596,73,0.6154,0.3846,CV,34.6318,34.4358,-25.084119832451094,-25.08280564478701,-0.84197,0.45496,2985.0291
1597,73,0.6159,0.3841,CV,28.7544,28.5813,-20.66200668331554,-20.664223243201448,1.30528,1.54831,2838.7373
1597,74,0.7,0.3,CV,34.9707,34.9707,-34.78386392830531,-34.78386392830531,0.0,0.0,171.608
1598,73,0.6147,0.3853,CV,33.4361,33.2218,-19.840949022449756,-19.837313484102822,2.481,3.51185,2678.259
1598,74,0.5813,0.4187,CV,69.7748,69.7748,-76.075916770918,-75.80677508445034,30.87979,1.0194,250.2322
1599,73,0.6113,0.3887,CV,42.114,41.8662,-26.073019971458187,-26.056621910415814,0.4813,5.78268,2481.7194
1599,74,0.0515,0.9485,CA,85.7391,84.8331,-74.79841634217692,-71.46476273181558,109.65059,-1.36242,636.8784
1600,73,0.6117,0.3883,CV,26.3681,26.0002,-29.720253984119523,-29.710655871823334,-0.65739,5.81819,2288.1651
1600,74,0.0187,0.9813,CA,92.2328,89.4771,-78.64419032419714,-75.01403803998751,267.59625,-2.00998,1076.8678
1601,73,0.6199,0.3801,CV,19.7857,20.1137,-37.21706239924495,-37.241777079618934,-0.82325,1.3144,2122.6349
1601,74,0.0189,0.9811,CA,59.4533,53.9352,-52.35921579081632,-48.790232640581124,378.39461,-5.29602,1313.8596
1602,73,0.6197,0.3803,CV,21.9988,22.0435,-44.88233195586314,-44.89409941246104,-0.57125,-1.54297,1942.0433
1602,74,0.0267,0.9733,CA,46.8997,39.5485,-27.958087040292913,-24.73906971150437,469.15766,-16.63596,1341.2725
1603,74,0.9854,0.0146,CV,56.0598,65.5229,-33.259240723505265,-37.83918931416749,258.29127,-2.23463,1009.2421
1604,74,0.7256,0.2744,CV,26.6604,27.1628,-25.055136292573227,-24.956206627217366,-27.46461,0.23705,747.6046
1605,74,0.5265,0.4735,CV,28.6729,27.8205,-12.79636168937222,-12.26594211564373,-43.96849,0.39652,639.7585
1606,74,0.6192,0.3808,CV,5.986,7.6788,-16.58858556971887,-16.734165286791395,-20.86632,0.09244,579.716
1607,74,0.6283,0.3717,CV,4.3976,4.5057,-13.609718445273998,-13.658992555484154,-11.4438,0.10103,500.7358
1608,74,0.6233,0.3767,CV,23.8565,24.1327,-14.657159924908708,-14.671688671673905,4.99184,-0.37394,414.7497
1609,74,0.5774,0.4226,CV,28.3953,28.6552,-25.289400091759827,-25.11987919004273,-12.90538,0.17048,365.103
1610,74,0.5981,0.4019,CV,5.7957,5.3302,-19.64214673006205,-19.625495075874365,-9.87588,0.27791,326.5757
1611,74,0.5664,0.4336,CV,18.2231,17.7688,-10.858204723738016,-10.6808179007782,-12.32235,0.44111,297.401
1612,74,0.6078,0.3922,CV,6.7022,6.9333,-13.09822208879897,-13.13828508153382,-6.97505,0.60338,278.4875
1613,74,0.6146,0.3854,CV,2.4024,2.1171,-11.340058946336738,-11.347859559727596,-4.69345,0.43018,259.1448
1614,74,0.6092,0.3908,CV,29.843,30.0434,-15.260884684457658,-15.236079698462586,3.21402,0.21839,231.5364
1615,74,0.615,0.385,CV,24.5432,24.7188,-16.55986825035417,-16.56729567686271,-2.19258,0.53396,221.3426
1616,74,0.605,0.395,CV,15.327,15.2044,-13.254801554208846,-13.211744006563535,-3.21664,0.57495,211.8492
1617,74,0.6078,0.3922,CV,8.4663,8.3101,-11.160763008126555,-11.1442031856817,-2.8879,0.30387,199.3114
1618,74,0.6162,0.3838,CV,9.8868,9.9437,-14.935373258941306,-14.95003065013033,-1.2803,0.48375,194.9436
1619,74,0.6186,0.3814,CV,5.626,5.6723,-14.796891024226618,-14.809402282421551,-0.32657,0.43429,188.3664
1620,74,0.6179,0.3821,CV,6.9896,6.9808,-13.748036208999435,-13.753892210381808,0.18622,0.55928,183.2223
1621,74,0.6109,0.3891,CV,21.757,21.7448,-18.043018806099695,-18.020578789878954,1.70272,0.43147,177.6999
1622,74,0.6103,0.3897,CV,14.984,14.9286,-15.100448450108885,-15.085635937712127,1.49124,0.71777,181.1238
1623,74,0.6071,0.3929,CV,17.658,17.5627,-16.933822683338505,-16.906560692768135,1.61588,1.10116,185.0515
1624,74,0.6127,0.3873,CV,22.3804,22.4159,-12.98989398883732,-12.990821730608982,-0.13135,1.25225,188.2712
1625,74,0.607,0.393,CV,30.4288,30.409,-41.90829257372689,-41.876761870354215,-1.84596,1.13462,188.2986
1626,74,0.5924,0.4076,CV,33.9669,33.8578,-87.72591220434667,-87.6422737490804,-3.27972,1.21737,189.8036
1647,75,0.7,0.3,CV,37.1459,37.1459,-12.345003345776389,-12.345003345776389,0.0,0.0,937.7831
1648,75,0.6459,0.3541,CV,30.6943,30.6943,-11.898404180080917,-11.902150921008444,-6.50492,-6.56833,1273.968
1649,75,0.619,0.381,CV,41.5086,41.1942,-12.79431500783719,-12.764253052580976,-15.32268,-13.93979,1939.5812
1650,75,0.5696,0.4304,CV,62.8185,61.4655,-14.222468307266361,-14.027539699620013,-15.84991,-23.98264,2685.4571
1651,75,0.574,0.426,CV,39.499,36.6674,-12.814832316857082,-12.710328573388711,-11.79006,-23.34899,3310.516
1652,75,0.5986,0.4014,CV,21.2331,18.6007,-12.063560568236102,-12.053988859563987,-11.15197,-16.57852,3690.6115
1653,75,0.6195,0.3805,CV,8.1113,8.1306,-11.795569754365884,-11.837785171501451,-7.07976,-8.4514,3840.9613
1654,75,0.6281,0.3719,CV,15.3935,16.6373,-11.923006922161626,-11.97109975038965,-2.70798,-2.80403,3816.7478
1655,75,0.6269,0.3731,CV,18.8213,19.3355,-11.963066897260616,-11.993169694537455,-0.71048,-0.15982,3706.2948
1656,75,0.6209,0.3791,CV,43.7145,43.8018,-12.887376433618432,-12.893862764029889,0.79431,2.06265,3495.0626
1657,75,0.6191,0.3809,CV,17.835,17.5109,-11.84970141038304,-11.857129423697367,1.27163,2.00754,3333.1321
1658,75,0.6201,0.3799,CV,18.8374,18.9779,-11.904912617536892,-11.919515231699968,1.8805,0.80141,3244.9972
1659,75,0.6196,0.3804,CV,9.1148,9.0796,-11.901812942964197,-11.912485216890571,1.65934,0.23816,3155.7701
1660,75,0.6192,0.3808,CV,12.874,12.9595,-11.909892103793407,-11.920065474171992,0.48701,-0.21002,3100.5437
1661,75,0.6188,0.3812,CV,5.6677,5.6723,-11.96004641982591,-11.968834350044006,0.45756,0.06664,3037.7121
1662,75,0.6186,0.3814,CV,6.1887,6.1805,-11.880303815042472,-11.888636515917565,0.2798,0.20564,2985.7015
1663,75,0.6183,0.3817,CV,13.8971,13.8764,-11.950857281324653,-11.958602904997628,-0.07574,0.5131,2932.5542
1664,75,0.6182,0.3818,CV,13.4792,13.4244,-12.25382179899121,-12.261346796689025,-0.47727,0.66675,2889.7603
1665,75,0.6182,0.3818,CV,14.8534,14.8305,-12.300298479348099,-12.308205645313626,-1.26423,0.2834,2879.1827
1666,75,0.6178,0.3822,CV,21.6326,21.5653,-13.466518145737286,-13.472711187783164,-2.17462,0.14206,2878.4552
1667,75,0.6162,0.3838,CV,42.8381,42.7329,-16.841517503572568,-16.84124601907289,-3.92017,-0.23977,2912.0884
1668,75,0.6166,0.3834,CV,24.3307,24.1796,-15.33160549949417,-15.335445621991273,-3.25833,-0.63762,2978.6269
1669,75,0.6177,0.3823,CV,12.4241,12.4531,-14.220078288961673,-14.228089424971277,-1.55437,-0.63454,3039.9543
1670,75,0.6181,0.3819,CV,3.1009,3.1279,-13.644244769442363,-13.652247862178756,-0.77909,-0.46936,3087.2058
1671,75,0.6183,0.3817,CV,12.7359,12.7982,-13.715245071411289,-13.723701536961855,-0.18006,-0.114,3107.9008
1672,75,0.6184,0.3816,CV,8.0139,8.0109,-13.411377692859281,-13.419713333932632,0.00797,0.19665,3144.8947
1673,75,0.6184,0.3816,CV,13.1741,13.144,-14.047874203101113,-14.056084436152203,-0.1455,0.41666,3171.3771
1674,75,0.6175,0.3825,CV,39.6574,39.6327,-18.764977777359135,-18.7696313957956,-2.69474,0.65485,3201.1442
1675,75,0.6174,0.3826,CV,22.5597,22.3971,-19.248575194324822,-19.253913969745284,-3.09332,0.61707,3237.3866
1676,75,0.6176,0.3824,CV,16.556,16.3749,-20.00998182274332,-20.01657487535875,-2.84111,0.57234,3264.663
1677,75,0.6182,0.3818,CV,7.7523,7.6268,-19.60629146399471,-19.614956028536785,-2.1937,0.16167,3310.787
1678,75,0.6185,0.3815,CV,6.2442,6.1716,-20.458396664836844,-20.467426358977647,-1.58434,-0.2217,3355.0406
1679,75,0.6185,0.3815,CV,8.9056,8.8174,-21.26893055842715,-21.27748963802167,-1.5086,-0.30638,3393.2497
1680,75,0.6183,0.3817,CV,19.1148,19.048,-23.330030585448675,-23.33763605702955,-1.65832,-0.58283,3392.4912
1681,75,0.6183,0.3817,CV,11.3834,11.2694,-23.11966704594437,-23.127892042970554,-1.57905,-0.52922,3405.4119
1682,75,0.6184,0.3816,CV,12.3558,12.2502,-24.870246205003028,-24.878601603297646,-1.42948,-0.48045,3410.0687
1683,75,0.6185,0.3815,CV,11.7925,11.6918,-25.736047693234692,-25.744660076293403,-1.22877,-0.22262,3404.2984
1684,75,0.6186,0.3814,CV,14.6558,14.599,-25.905525338346855,-25.914386058187752,-0.39382,0.08145,3382.1713
1685,75,0.6188,0.3812,CV,6.6375,6.5522,-25.284760745871914,-25.29436368452632,-0.07072,0.22357,3372.7332
1686,75,0.6187,0.3813,CV,24.0874,24.1131,-27.68455900869163,-27.693463347575744,-1.61928,0.45796,3400.9782
1687,75,0.6183,0.3817,CV,17.7195,17.6306,-26.656876531948,-26.664558637518965,-2.17357,0.42148,3412.2429
1688,75,0.6183,0.3817,CV,16.5862,16.5355,-26.574538897566896,-26.582535690287457,-1.91031,-0.38689,3444.4878
1689,75,0.6171,0.3829,CV,36.7693,36.6616,-21.29759388141076,-21.300689837771316,-3.06531,-1.21048,3502.8318
1690,75,0.6164,0.3836,CV,37.2611,37.1087,-20.164219679568628,-20.166073428440292,-4.13384,-1.04633,3500.7643
1691,75,0.6148,0.3852,CV,67.267,67.2289,-36.25956639241806,-36.25548011265239,-3.95281,1.10349,3340.7278
1692,75,0.6155,0.3845,CV,35.2756,35.1086,-49.785704626758054,-49.78688924653834,-1.90242,2.58339,3257.043
1693,75,0.6177,0.3823,CV,14.0441,13.9378,-49.48472102596768,-49.49435333331516,-1.22708,2.7443,3239.6732
1694,75,0.6176,0.3824,CV,23.5768,23.4046,-39.41738466116541,-39.423278725494626,-2.21182,2.89729,3189.2327
1695,75,0.6126,0.3874,CV,75.6935,75.5987,-27.804851941022005,-27.78983053506561,-6.67979,2.65967,3214.1934
1696,75,0.6079,0.3921,CV,73.7771,73.419,-19.527664274683126,-19.50029857634879,-8.72825,1.54575,3270.4743
1697,75,0.6062,0.3938,CV,72.4736,72.0863,-19.745513020339096,-19.71779990361214,-9.91585,-0.72299,3218.2076
1698,75,0.6054,0.3946,CV,60.759,60.2447,-15.953216539170546,-15.924876348284927,-10.33328,-1.81823,3197.3063
1699,75,0.6093,0.3907,CV,37.3746,36.8632,-15.241043609259895,-15.23031944477808,-8.70847,-2.65192,3204.0995
1700,75,0.6117,0.3883,CV,34.1398,33.6774,-14.174333031387366,-14.167516134110896,-7.4945,-2.95086,3221.9827
1701,75,0.6125,0.3875,CV,36.1748,35.7525,-12.663288489372338,-12.656633120905353,-6.89016,-3.24425,3221.5724
1702,75,0.6107,0.3893,CV,51.3756,50.9761,-13.780368514234626,-13.764817538512133,-7.54633,-4.01836,3203.2854
1703,75,0.6068,0.3932,CV,64.3141,63.8636,-14.415413059400297,-14.386371421836557,-9.0334,-4.87506,3162.7252
1704,75,0.6082,0.3918,CV,43.7037,43.1757,-14.762553677566089,-14.745071414617222,-8.18665,-5.30908,3119.5947
1705,75,0.6108,0.3892,CV,33.4413,32.9476,-15.344900524913959,-15.336063523950422,-6.74192,-5.49239,3086.1147
1706,75,0.6137,0.3863,CV,23.4035,22.9837,-15.468978911794153,-15.468816453584465,-5.01015,-5.09507,3057.7881
1707,75,0.6168,0.3832,CV,23.1888,23.1524,-15.43387787190355,-15.44231994725397,-2.17162,-4.29317,3056.9424
1708,75,0.6177,0.3823,CV,20.0417,19.9554,-14.690553608051257,-14.69819807967091,-0.34987,-3.50412,3046.0716
1709,75,0.6175,0.3825,CV,27.205,27.1148,-12.273202373645061,-12.278569307023805,0.6691,-2.68483,3075.558
1710,75,0.6176,0.3824,CV,22.501,22.4157,-12.490293715501974,-12.496676085432815,1.14601,-2.74014,3034.8924
1711,75,0.6176,0.3824,CV,23.6015,23.5194,-14.311276750202179,-14.317352645257097,0.64994,-2.81779,2968.0694
1712,75,0.6157,0.3843,CV,53.9854,53.9369,-14.015791046227914,-14.01374669032754,4.30661,-2.00003,2943.6749
1713,75,0.6149,0.3851,CV,35.5469,35.3034,-14.486705836742031,-14.484233412061926,5.17053,-1.53256,2926.091
1714,75,0.6146,0.3854,CV,34.1031,33.8342,-16.73256383256727,-16.729986189842446,5.51791,-1.02029,2926.8082
1715,75,0.6166,0.3834,CV,15.2243,15.0237,-21.54782664599682,-21.554044924353953,4.1112,-0.06364,2928.2572
1716,75,0.6181,0.3819,CV,13.3832,13.4139,-24.75771288554035,-24.767422496707624,2.46463,0.1137,2877.6281
1717,75,0.6171,0.3829,CV,38.8773,38.841,-24.183847244416718,-24.187272986785977,1.60017,0.12058,2750.916
1718,75,0.6175,0.3825,CV,17.7601,17.5838,-28.232850745163503,-28.239104189023656,1.01224,0.34248,2664.0513
1719,75,0.619,0.381,CV,3.8447,3.9295,-38.513319191657,-38.52559772019326,0.46388,-0.08337,2611.507
1720,75,0.6188,0.3812,CV,24.1978,24.2018,-39.04227570785511,-39.05118987373311,2.15005,-0.52347,2563.6607
1721,75,0.6181,0.3819,CV,28.31,28.2798,-42.44119092191009,-42.44761363557816,2.00412,1.54271,2462.9284
1722,75,0.6175,0.3825,CV,31.0181,30.9829,-58.357816719791316,-58.36257526297859,0.83488,3.19468,2413.5561
1723,75,0.6159,0.3841,CV,33.6804,33.5422,-74.61346333174237,-74.61271490978307,-0.45446,4.18127,2368.1759
1735,76,0.7,0.3,CV,50.9769,50.9769,-13.655258064137678,-13.655258064137678,0.0,0.0,591.0866
1736,76,0.6411,0.3589,CV,59.2949,59.2949,-14.928953784800388,-14.911803381563521,-4.96945,1.00513,842.6729
1737,76,0.5635,0.4365,CV,105.8896,105.4355,-20.936826854737674,-20.683907878289112,-12.37766,-2.06402,1449.5779
1738,76,0.5103,0.4897,CV,92.2934,90.06,-16.657269836114263,-16.304504206392657,-17.2128,-1.04233,2266.0742
1739,76,0.5284,0.4716,CV,60.7228,57.3562,-13.71207284429239,-13.508809360716583,-21.06615,1.6525,3065.2821
1740,76,0.5826,0.4174,CV,34.8499,33.5811,-14.286368940234334,-14.276570052321883,-22.17857,2.74896,3612.2252
1741,76,0.6126,0.3874,CV,41.5713,42.0078,-18.69423218458717,-18.730690933604563,-18.97684,2.61767,3854.0702
1742,76,0.6201,0.3799,CV,39.8209,40.0375,-22.921215725706737,-22.945180448739237,-13.64305,1.63076,3879.1674
1743,76,0.6213,0.3787,CV,29.6489,29.6711,-23.138961553636108,-23.156919497523653,-7.51742,0.82634,3787.1649
1744,76,0.616,0.384,CV,38.8884,38.4211,-35.254811198408284,-35.24869401618815,-8.8796,0.80322,3677.618
1745,76,0.6152,0.3848,CV,27.9789,27.4413,-37.298734396888264,-37.29715174310697,-7.87723,0.5043,3545.8601
1746,76,0.6163,0.3837,CV,20.5169,20.1016,-40.40731027348939,-40.41146213232129,-5.84357,0.08423,3396.2664
1747,76,0.6177,0.3823,CV,11.2393,10.8985,-41.32840757125149,-41.33692696519613,-4.08707,-0.21236,3268.1327
1748,76,0.6186,0.3814,CV,10.2344,10.1102,-41.16987396505968,-41.17987267086674,-2.40236,-0.61615,3148.9161
1749,76,0.6189,0.3811,CV,11.895,11.894,-38.505940960614716,-38.51620355382196,-0.83594,-0.88978,3043.8301
1750,76,0.6189,0.3811,CV,12.3381,12.3551,-32.87994209431267,-32.889728485359775,0.3835,-0.69146,2959.8625
1751,76,0.6184,0.3816,CV,22.9771,22.9696,-24.846346036804203,-24.853827194705126,1.67071,-0.82366,2914.3652
1752,76,0.6185,0.3815,CV,4.4748,4.4375,-17.904510455204694,-17.91328961284676,1.03195,-0.70272,2873.9624
1753,76,0.6184,0.3816,CV,24.3339,24.3891,-14.67435223595459,-14.682604479993518,-0.86935,-0.29756,2855.4718
1754,76,0.6175,0.3825,CV,30.4482,30.3982,-12.674751094924686,-12.679204736109826,-2.2291,0.07055,2867.0668
1755,76,0.6167,0.3833,CV,31.7814,31.6623,-12.547319024310607,-12.5495962741848,-2.74375,0.7705,2911.0888
1756,76,0.6165,0.3835,CV,27.1602,27.009,-13.549574802946328,-13.552355923289415,-2.42682,1.4025,2975.0829
1757,76,0.6163,0.3837,CV,36.1293,36.0363,-14.765776472536503,-14.76819853147315,-1.02131,1.91344,3093.3671
1758,76,0.6155,0.3845,CV,50.9742,50.8576,-16.687775234543825,-16.686778455933023,0.84264,2.1234,3268.5497
1759,76,0.6147,0.3853,CV,55.4172,55.2389,-16.992778440468335,-16.98956097372009,2.61191,1.91813,3463.0928
1760,76,0.6142,0.3858,CV,59.7613,59.5786,-16.195073352239504,-16.191262221041313,4.32823,2.38919,3591.195
1761,76,0.6151,0.3849,CV,36.7549,36.5055,-14.493475795024281,-14.493850672945284,3.93709,1.35522,3808.0367
1762,76,0.6154,0.3846,CV,43.4566,43.2443,-14.656185738302684,-14.65670021033532,3.80946,-0.04307,4085.2129
1763,76,0.6161,0.3839,CV,32.582,32.3642,-13.923469342094345,-13.926373884360846,3.83528,-0.75556,4302.7584
1764,76,0.6165,0.3835,CV,38.2278,38.0886,-13.389890504212365,-13.39352921975033,4.25035,-0.69923,4447.2842
1765,76,0.6169,0.3831,CV,28.1346,27.9412,-13.178497568987456,-13.183308158192812,4.08591,-0.38896,4612.5301
1766,76,0.6164,0.3836,CV,47.1741,46.9935,-14.003060663510782,-14.005230440124645,4.79994,0.33649,4726.0149
1767,76,0.6169,0.3831,CV,27.9022,27.623,-13.427508860723854,-13.432327566525418,4.51395,-0.09301,4875.6229
1768,76,0.6178,0.3822,CV,18.702,18.538,-13.485262309733926,-13.493175561064882,3.32225,-1.13217,5051.8667
1769,76,0.6177,0.3823,CV,31.1384,30.9627,-13.52777922307691,-13.533948329236972,3.09003,-0.56741,5135.4282
1770,76,0.6172,0.3828,CV,35.9968,35.767,-13.461730209079253,-13.466090095451335,4.14871,-0.33477,5219.6474
1771,76,0.6142,0.3858,CV,71.2741,71.002,-14.16147200150699,-14.153913782673225,6.42373,1.10104,5184.8096
1772,76,0.6141,0.3859,CV,45.5622,45.1002,-13.315826025859721,-13.311956321489173,6.46351,1.34407,5162.5895
1773,76,0.6172,0.3828,CV,8.3933,8.0042,-12.729264977323142,-12.739053376374851,4.38994,0.49857,5212.4892
1774,76,0.619,0.381,CV,28.5468,28.7489,-13.016988012135409,-13.02941780787716,2.46606,-1.02055,5336.5279
1775,76,0.6189,0.3811,CV,14.6166,14.5535,-12.936774347350907,-12.946259328340295,1.69525,-1.46218,5405.2448
1776,76,0.6187,0.3813,CV,13.8327,13.749,-12.955865967556624,-12.964747321857223,1.45645,-1.4265,5402.2722
1777,76,0.6185,0.3815,CV,20.4417,20.3984,-13.347707669058018,-13.355907504746295,1.21495,-1.62886,5490.8612
1778,76,0.6184,0.3816,CV,15.3013,15.2115,-13.385541708439005,-13.393545623439962,0.66988,-1.68085,5586.5867
1779,76,0.6185,0.3815,CV,10.1672,10.2146,-13.193018304299908,-13.201937722352106,0.42028,-1.0845,5606.9619
1780,76,0.6186,0.3814,CV,13.0078,13.0233,-13.097331346699844,-13.106159452974703,0.09846,-0.48868,5615.6778
1781,76,0.6179,0.3821,CV,43.8659,43.8323,-13.35717997396526,-13.363150496011295,0.20868,0.70849,5516.6869
1782,76,0.6179,0.3821,CV,23.8411,23.6606,-12.932235724153694,-12.9392650342218,0.64997,0.88249,5463.1998
1783,76,0.6186,0.3814,CV,12.0083,11.8945,-12.798090493492925,-12.807745855265583,0.36038,-0.1005,5446.1806
1784,76,0.6188,0.3812,CV,10.3589,10.2269,-12.778318072121552,-12.78811960981727,0.28403,-0.51161,5410.8452
1785,76,0.6185,0.3815,CV,26.2169,26.1121,-12.892572402531886,-12.90050581647387,0.41305,-1.82766,5326.574
1786,76,0.6175,0.3825,CV,36.8725,36.7002,-13.028052203731622,-13.032534624770788,0.92806,-3.12237,5195.925
1787,76,0.6146,0.3854,CV,60.5217,60.2823,-14.029777142845667,-14.023479477705802,3.29412,-4.83636,5006.54
1788,76,0.6158,0.3842,CV,27.2197,26.8439,-12.860927010974883,-12.863959877976427,2.45342,-4.99822,4873.736
1789,76,0.6179,0.3821,CV,9.0618,8.7766,-12.510811753482619,-12.52080492900575,1.25529,-3.64524,4749.093
1790,76,0.6179,0.3821,CV,23.9524,23.7546,-12.476041832078526,-12.48297626414191,0.29617,-3.09623,4551.4281
1791,76,0.6129,0.3871,CV,63.3259,63.0986,-14.255180067379369,-14.241148279476539,-0.00196,-4.05438,4208.8882
1792,76,0.6116,0.3884,CV,41.8126,41.4108,-13.937706116995805,-13.925179780063154,0.18255,-2.75341,3883.1291
1793,76,0.6136,0.3864,CV,27.1994,26.8191,-13.881429310663634,-13.879487083212709,0.59767,-0.53342,3559.8979
1794,76,0.6178,0.3822,CV,11.6338,11.4513,-12.602801399185177,-12.615698079065648,1.26342,0.58407,3253.0664
1795,76,0.6193,0.3807,CV,9.4427,9.2269,-12.814353988731867,-12.827209858410525,1.14809,1.13776,2931.8188
1796,76,0.6192,0.3808,CV,12.3722,12.1744,-13.629258498390016,-13.639706011582044,0.88742,1.58296,2605.2955
1797,76,0.6191,0.3809,CV,11.9448,11.7599,-14.818812172272432,-14.828680250464966,0.48025,1.80114,2287.7941
1798,76,0.6209,0.3791,CV,14.6994,14.8301,-12.695242237066374,-12.713027570739344,0.4983,1.4435,2037.5637
1799,76,0.6157,0.3843,CV,42.478,42.4829,-12.667251519537867,-12.660541793342727,0.65728,0.80897,1880.1485
1800,76,0.6105,0.3895,CV,39.2024,38.9818,-12.860312197957487,-12.83917644120687,0.50258,0.41367,1765.757
1801,76,0.6147,0.3853,CV,11.2475,11.0555,-11.219851917746706,-11.224322913058039,0.54879,0.86232,1628.4363
1802,76,0.6178,0.3822,CV,21.8236,21.9138,-11.793708777229421,-11.804921052326213,1.18303,1.43482,1477.2435
1803,76,0.6169,0.3831,CV,16.7141,16.615,-14.347164901018306,-14.350054309109545,1.49098,1.33261,1387.0344
1804,76,0.6124,0.3876,CV,34.4595,34.3253,-22.542732027673743,-22.528065045542043,2.30543,2.53496,1322.4151
1805,76,0.61,0.39,CV,31.5764,31.3614,-26.816557252432737,-26.798033103115998,2.88279,3.23605,1255.2767
1832,77,0.7,0.3,CV,29.5848,29.5848,-11.862830077302103,-11.862830077302103,0.0,0.0,332.3018
1833,77,0.6375,0.3625,CV,54.728,54.728,-16.767052949503586,-16.7345956247487,-3.97309,-2.60101,487.1735
1834,77,0.59,0.41,CV,48.85,48.3995,-14.542752587605552,-14.40385684369327,-9.55327,-4.30115,791.9825
1835,77,0.5765,0.4235,CV,33.531,32.2579,-13.0550177864755,-12.930972931679818,-13.94828,-3.32238,1101.5085
1836,77,0.5714,0.4286,CV,32.4165,30.7335,-13.612172711881959,-13.486861934754359,-15.26985,-4.64752,1386.6394
1837,77,0.5869,0.4131,CV,22.3128,20.4923,-14.139475036731683,-14.08533201912652,-14.31334,-4.1123,1604.0229
1838,77,0.6036,0.3964,CV,14.8964,13.4634,-14.897912430925864,-14.890089022725304,-11.78314,-2.99747,1738.9504
1839,77,0.615,0.385,CV,10.4267,9.7986,-16.04889914437048,-16.06456619037501,-8.74328,-1.77374,1804.629
1840,77,0.6209,0.3791,CV,13.6506,13.7989,-17.172910407845723,-17.19669710993091,-5.93122,-0.3981,1814.8864
1841,77,0.6213,0.3787,CV,19.06,19.1373,-19.48491492830767,-19.50173442316101,-4.05104,0.58169,1790.7478
1842,77,0.6203,0.3797,CV,13.6614,13.6142,-20.638524239994968,-20.65054092548428,-2.62512,1.07734,1764.8052
1843,77,0.6187,0.3813,CV,19.9846,19.8949,-22.23940625713857,-22.245986799268856,-1.86292,1.64956,1726.5317
1844,77,0.6172,0.3828,CV,21.582,21.4399,-25.23883933521212,-25.24152770786263,-1.58233,1.83094,1678.8646
1845,77,0.6163,0.3837,CV,21.1996,21.0371,-29.687588320041172,-29.68883866331477,-1.13122,1.77434,1624.7512
1846,77,0.6174,0.3826,CV,8.9734,8.7939,-29.56963497908746,-29.576720286425815,-0.94622,1.19919,1588.7228
1847,77,0.6179,0.3821,CV,11.2723,11.1767,-29.59730675167325,-29.604942963644156,-0.31756,0.61076,1548.1175
1848,77,0.6176,0.3824,CV,16.8506,16.7615,-29.171024248713643,-29.17648526588051,0.41726,0.17557,1497.3789
1849,77,0.6176,0.3824,CV,18.2852,18.2373,-38.23096079598464,-38.23706230160896,-0.91872,-0.19072,1453.6178
1850,77,0.6172,0.3828,CV,16.6541,16.5461,-44.75903373876296,-44.763435777462334,-1.44894,-0.64153,1409.1546
1851,77,0.6173,0.3827,CV,12.6865,12.5475,-48.05517351350072,-48.06046990328162,-1.39474,-0.67155,1362.3024
1852,77,0.6181,0.3819,CV,6.3185,6.191,-46.72032432089087,-46.728843533401395,-0.96328,-0.53084,1321.3107
1853,77,0.6188,0.3812,CV,2.1498,2.1477,-45.5791710993757,-45.58976661469302,-0.4441,-0.3253,1288.3949
1854,77,0.6191,0.3809,CV,4.6432,4.7044,-39.43084540770886,-39.44156047348001,-0.19664,-0.13406,1266.3461
1855,77,0.619,0.381,CV,3.7802,3.7971,-37.843657804861635,-37.85345122778845,0.08093,-0.10884,1244.748
1856,77,0.6188,0.3812,CV,3.6511,3.6459,-35.306411569673884,-35.31562769302223,0.14832,-0.22306,1226.3425
1857,77,0.6186,0.3814,CV,6.8499,6.8338,-32.34382255563979,-32.35234136958536,0.35,-0.47581,1212.169
1858,77,0.6179,0.3821,CV,15.6805,15.6482,-23.329677550165364,-23.335646338450346,0.79846,-0.83343,1214.7298
1858,78,0.7,0.3,CV,8.8883,8.8883,-10.410875445615618,-10.410875445615618,0.0,0.0,108.5935
1859,77,0.617,0.383,CV,21.4641,21.4118,-19.668390799849593,-19.671620616610305,1.81672,-0.66954,1211.4427
1860,77,0.6172,0.3828,CV,13.9234,13.8515,-14.590435383443563,-14.595716950735913,1.71986,-0.86643,1194.6745
1861,77,0.6168,0.3832,CV,26.8432,26.8348,-13.24288986787579,-13.24629386901778,0.58108,-1.56845,1152.9746
1862,77,0.618,0.382,CV,14.5079,14.5225,-11.144496532854557,-11.153289397632362,-0.74186,-1.16803,1143.5225
1863,77,0.6173,0.3827,CV,18.1593,18.0863,-14.360247664317605,-14.364340395609952,-1.67212,-1.22575,1126.575
1864,77,0.6171,0.3829,CV,13.5562,13.437,-18.245119227786056,-18.24967189785101,-1.87478,-1.2461,1107.5674
1865,77,0.6173,0.3827,CV,11.767,11.6568,-24.496374600635797,-24.502074011313635,-1.82001,-1.27589,1096.3149
1866,77,0.6181,0.3819,CV,9.2888,9.2591,-16.50527548316881,-16.51388253981694,-1.12442,-1.14294,1094.4736
1867,77,0.6182,0.3818,CV,16.5533,16.5622,-11.966995373707775,-11.974706450292853,0.17342,-1.15951,1096.7092
1868,77,0.6172,0.3828,CV,18.3132,18.2481,-11.529698400049417,-11.533364884307073,0.72361,-1.2357,1109.8308
1869,77,0.6166,0.3834,CV,18.7002,18.6086,-11.754044255150092,-11.756402747782383,1.33782,-1.22962,1121.6652
1870,77,0.6159,0.3841,CV,22.1305,22.0282,-11.30727808175215,-11.30756504662244,2.04566,-1.19507,1130.4834
1871,77,0.6159,0.3841,CV,17.2874,17.1487,-11.141710957131085,-11.143027867162452,2.06615,-1.14097,1150.6435
1872,77,0.6109,0.3891,CV,51.5312,51.4303,-29.893611351754124,-29.873989673557773,4.28972,-1.61282,1135.4942
1873,77,0.6076,0.3924,CV,41.8473,41.61,-26.82125803133092,-26.794963424576657,5.55178,-1.38682,1143.8083
1874,77,0.6105,0.3895,CV,22.9986,22.7077,-30.378034321197468,-30.36899026675668,5.00275,-1.01236,1168.3149
1875,77,0.6128,0.3872,CV,20.0467,19.7997,-23.754472462570703,-23.750886870972543,4.32315,-0.57942,1197.3671
1876,77,0.6103,0.3897,CV,39.5431,39.3192,-17.24297642663647,-17.22529841804425,4.95126,-0.26829,1246.8
1877,77,0.6089,0.3911,CV,38.7474,38.4578,-13.153005177919235,-13.133282604874282,5.45458,-0.21976,1287.4122
1878,77,0.6102,0.3898,CV,30.0884,29.7873,-11.729008426505644,-11.716867926087426,5.28604,-0.34754,1313.3271
1879,77,0.6135,0.3865,CV,15.7078,15.4275,-11.248304371296019,-11.248147821341474,4.20144,-0.55304,1343.0687
1880,77,0.6167,0.3833,CV,9.1965,9.1593,-11.096676900539126,-11.104812181751102,2.60229,-0.86102,1365.2479
1881,77,0.618,0.382,CV,11.6801,11.7123,-11.121771823111235,-11.131098729285815,1.14595,-1.16917,1386.843
1882,77,0.6184,0.3816,CV,9.0148,9.0115,-11.083978540172279,-11.092976255813367,0.25336,-1.14308,1415.446
1883,77,0.6184,0.3816,CV,15.8558,15.8563,-11.288465205563952,-11.296504575964175,-0.85245,-0.88897,1451.5706
1884,77,0.6169,0.3831,CV,38.0881,38.0837,-13.348023156951768,-13.35019149110763,-0.41542,-0.00065,1549.7363
1884,79,0.7,0.3,CV,41.8685,41.8685,-24.497258781018132,-24.497258781018132,0.0,0.0,307.9467
1885,77,0.6157,0.3843,CV,34.8263,34.7176,-15.629736585650932,-15.628724655723834,0.66047,0.09478,1657.7053
1885,79,0.6358,0.3642,CV,42.5146,42.5146,-44.04013358153563,-44.00025917309104,-17.00798,-2.05403,425.3187
1886,77,0.6172,0.3828,CV,3.966,3.9712,-13.75666466445325,-13.76401733715878,0.50352,-0.12138,1703.5641
1886,79,0.5116,0.4884,CV,56.532,56.0487,-66.28754343824143,-65.83373066673428,-44.22868,-7.08822,737.7815
1887,77,0.618,0.382,CV,33.3278,33.4307,-12.346632308384446,-12.355166999493497,-0.43067,-0.19117,1682.4301
1887,79,0.273,0.727,CA,70.2314,68.0232,-61.87564814889743,-60.5769888451873,-91.14985,-12.85793,1317.908
1888,77,0.6167,0.3833,CV,36.9744,36.9467,-12.224873959010624,-12.226567016243147,-1.20576,1.58675,1676.861
1888,79,0.1215,0.8785,CA,91.3592,87.8662,-88.49497974202737,-86.53492277159937,-187.50869,-34.09596,1988.7472
1889,77,0.6156,0.3844,CV,30.0811,29.9335,-11.960142331163832,-11.958901243960298,-1.03302,2.0386,1667.3712
1889,79,0.2795,0.7205,CA,38.131,33.3191,-41.14020365472944,-40.423926853841316,-233.13277,-47.95501,2298.0826
1890,77,0.6107,0.3893,CV,48.6911,48.5225,-13.297960502784823,-13.278069888642472,0.4047,1.43032,1602.174
1890,79,0.4901,0.5099,CA,9.3965,4.5144,-10.137788073263573,-10.106925707650754,-204.33217,-40.31116,2475.4877
1891,77,0.6021,0.3979,CV,52.5781,52.3001,-13.723976768819274,-13.674930796070722,3.5748,0.21863,1526.5811
1891,79,0.6566,0.3434,CV,11.5354,18.0917,-13.210805946783514,-13.571051893545818,-86.321,-19.11348,2390.2865
1892,77,0.5998,0.4002,CV,40.7015,40.3545,-15.406755625138718,-15.361159072730239,6.29881,-1.99512,1472.9439
1892,79,0.6058,0.3942,CV,48.1533,50.894,-14.764031057729607,-14.66246301827826,66.44219,10.7755,2086.3107
1893,77,0.5981,0.4019,CV,37.1071,36.6895,-25.431588234942794,-25.382068889245787,8.41171,-2.71927,1417.7124
1894,77,0.595,0.405,CV,37.9825,37.5162,-35.855108036692975,-35.79506877191358,10.01051,-2.47095,1359.0061
1894,79,0.5,0.5,CA,60.6905,58.8297,-25.326664743861908,-24.955357146607007,71.83539,9.16322,1594.4967
1895,79,0.4334,0.5666,CA,36.9278,34.6099,-19.73125688308543,-19.160965586313182,89.99382,10.43889,1419.4918
1896,79,0.3465,0.6535,CA,30.4267,26.9955,-21.621981970225438,-20.780105407432078,124.53455,17.54628,1295.9987
1908,80,0.7,0.3,CV,43.9971,43.9971,-14.42462847809887,-14.42462847809887,0.0,0.0,295.7088
1909,80,0.6413,0.3587,CV,43.1496,43.1496,-14.366448522550964,-14.350468699686822,-2.62148,-0.23513,421.1047
1910,80,0.5722,0.4278,CV,72.8498,72.5438,-20.29775944799972,-20.07993966832304,-5.14987,-2.50814,714.2328
1911,80,0.4983,0.5017,CA,81.3998,79.9629,-20.05662017169631,-19.643081086281775,-7.09078,-6.28033,1141.9833
1912,80,0.5216,0.4784,CV,47.3472,44.8461,-13.754493616800936,-13.541151687989508,-9.72684,-6.37342,1569.7417
1913,80,0.5635,0.4365,CV,30.9945,28.8962,-11.952151586590528,-11.874375152923507,-11.1851,-3.73055,1918.4648
1914,80,0.5816,0.4184,CV,35.4777,33.7939,-12.241579950173968,-12.176889302147735,-12.05546,-1.56467,2209.9059
1915,80,0.603,0.397,CV,19.3379,18.1797,-11.81621169979875,-11.813957079470057,-9.22905,0.34868,2416.9695
1916,80,0.6123,0.3877,CV,23.2852,22.758,-11.93513288359758,-11.940462102357689,-5.57229,1.98805,2568.3088
1917,80,0.6156,0.3844,CV,24.1241,23.7345,-12.141807032802904,-12.147264046732289,-3.18157,2.79556,2689.3414
1918,80,0.6137,0.3863,CV,32.066,31.4765,-12.445788025269314,-12.438312508555875,-2.5767,2.89177,2841.7609
1919,80,0.6156,0.3844,CV,22.7125,22.3623,-12.675538300810198,-12.678831112560612,-1.05846,2.59744,2984.0946
1920,80,0.6174,0.3826,CV,18.546,18.5341,-12.41813229595994,-12.426307707113791,-0.94319,2.41446,3078.7205
1921,80,0.6179,0.3821,CV,15.8208,15.8201,-12.423864414058258,-12.43166390107517,-0.4891,2.15066,3174.6631
1922,80,0.6179,0.3821,CV,10.9544,10.8266,-12.529478137129022,-12.536235615534578,-0.12229,1.67006,3334.4388
1923,80,0.6172,0.3828,CV,35.514,35.4449,-13.177663880927613,-13.181761199743832,-0.19182,0.84505,3604.4563
1924,80,0.6171,0.3829,CV,22.7174,22.5565,-13.010524665899371,-13.015024926209014,-0.43951,0.83722,3875.4742
1925,80,0.6175,0.3825,CV,21.553,21.5475,-13.051106262367314,-13.057325922913375,-0.96613,1.25103,4069.6036
1926,80,0.6177,0.3823,CV,28.6411,28.6679,-13.150241831944527,-13.15678633056743,-0.42081,1.60561,4217.7252
1927,80,0.6169,0.3831,CV,53.0366,52.9831,-13.90707498648985,-13.910231198649358,-0.9083,1.93635,4288.1541
1928,80,0.6175,0.3825,CV,22.0123,21.874,-13.1957959217162,-13.20233995815026,-0.42005,0.83259,4447.9834
1929,80,0.618,0.382,CV,18.0781,17.9647,-13.095927049610701,-13.103707269263966,0.12408,-0.13021,4644.5381
1930,80,0.6182,0.3818,CV,15.947,15.84,-13.084882431068834,-13.093064517317048,0.2738,-0.89207,4842.9001
1931,80,0.6167,0.3833,CV,58.4766,58.352,-13.931329771495335,-13.93273863400665,0.57443,0.10169,4856.3905
1932,80,0.6171,0.3829,CV,25.7035,25.4172,-13.122511658014211,-13.127991617097496,0.97608,0.03661,4947.2853
1933,80,0.6176,0.3824,CV,21.2526,20.987,-13.113365596871377,-13.120344524298782,1.22666,-0.29195,5060.1422
1934,80,0.6176,0.3824,CV,27.5163,27.2738,-13.25349219580028,-13.259514343096837,1.74258,-0.41154,5127.4919
1935,80,0.6175,0.3825,CV,28.4895,28.2321,-13.183451336451263,-13.18900114186006,1.63626,-0.39032,5155.49
1936,80,0.618,0.382,CV,22.9123,22.775,-12.968169403602419,-12.976081955582686,2.41801,-1.05859,5241.446
1937,80,0.618,0.382,CV,21.4385,21.2372,-13.125190833818621,-13.132519122155085,2.66633,-1.32217,5310.3551
1938,80,0.6162,0.3838,CV,65.3219,65.2256,-14.128791608764299,-14.128477042123151,1.1403,0.5479,5160.4305
1939,80,0.6182,0.3818,CV,9.6481,9.7004,-12.932598361492133,-12.943290784806283,0.11728,-0.17716,5187.6021
1940,80,0.6187,0.3813,CV,9.651,9.5007,-12.9324202158316,-12.942170627962348,0.34781,-0.5426,5208.5533
1941,80,0.6185,0.3815,CV,19.5112,19.3921,-13.124027292732684,-13.132525404434658,0.03624,-1.37164,5178.2763
1942,80,0.6183,0.3817,CV,21.609,21.4499,-13.093916041527365,-13.10151428766738,0.09115,-1.53263,5115.5319
1942,81,0.7,0.3,CV,20.4595,20.4595,-14.886713918844325,-14.886713918844325,0.0,0.0,249.7832
1943,80,0.6167,0.3833,CV,47.959,47.8014,-14.069423375469844,-14.070889790627389,0.35876,-0.79149,4939.0148
1943,81,0.6466,0.3534,CV,12.3203,12.3203,-44.47840800384576,-44.485606004661385,-4.32882,-2.48218,328.4081
1944,80,0.6167,0.3833,CV,30.0212,29.7256,-13.632964017758887,-13.636333308596786,0.53749,-0.79769,4794.2737
1944,81,0.5244,0.4756,CV,46.2511,46.1383,-68.55199566302271,-68.13322376255147,-39.70203,-5.28999,542.5024
1945,80,0.6167,0.3833,CV,37.8372,37.67,-12.830140211869876,-12.833746011983513,3.00583,-1.75536,4675.0786
1945,81,0.2266,0.7734,CA,53.4027,51.6249,-80.15224144987904,-78.58751636594977,-87.36181,-9.95598,952.0142
1946,80,0.6163,0.3837,CV,34.9488,34.6811,-12.861008076022099,-12.862824706877472,4.12016,-2.58939,4542.5294
1946,81,0.1918,0.8082,CA,47.8336,44.3555,-76.77247276830222,-75.41664424523351,-155.62695,-13.40069,1316.8893
1947,80,0.6147,0.3853,CV,41.8971,41.5613,-13.355658637759353,-13.351601622294536,4.83847,-3.00844,4345.5391
1947,81,0.2788,0.7212,CA,29.1104,24.644,-56.095577636392456,-55.27671330046428,-198.22244,-12.14932,1496.2643
1948,80,0.617,0.383,CV,26.2826,26.1778,-12.385268044644732,-12.392955809281965,1.64967,-3.2515,4165.4675
1948,81,0.4673,0.5327,CA,13.2398,10.2681,-38.5436713363147,-38.422296980630165,-180.0483,-4.35034,1586.0017
1949,80,0.6179,0.3821,CV,27.5518,27.498,-12.963249567703107,-12.971531360230014,-0.95907,-3.34,4011.304
1949,81,0.3746,0.6254,CA,31.817,27.9098,-30.152718471060208,-29.384553040975305,-204.74884,-10.36647,1636.7858
1950,80,0.6181,0.3819,CV,22.5596,22.4458,-12.898287752789756,-12.90602387424079,-1.66553,-3.36627,3883.9583
1950,81,0.6997,0.3003,CV,39.2052,45.8646,-32.50158588417741,-33.22272126822175,59.26941,3.24659,1423.8605
1951,80,0.618,0.382,CV,18.5933,18.4003,-12.75797302635474,-12.764887035884902,-1.13519,-3.46193,3732.1043
1951,81,0.5929,0.4071,CV,20.2291,18.9601,-32.96650564717912,-32.74570913437221,76.10178,3.63807,1096.3498
1952,80,0.6176,0.3824,CV,35.1717,35.1379,-12.620438525969195,-12.626037031672855,1.75699,-3.20838,3565.2884
1952,81,0.5627,0.4373,CV,13.5405,10.9487,-26.255983545296942,-26.07126265341442,70.38858,2.90291,969.5557
1953,80,0.6175,0.3825,CV,23.3768,23.2368,-12.90226290954147,-12.907930836482471,2.74678,-2.57273,3437.4682
1953,81,0.5325,0.4675,CV,15.637,13.1641,-16.407791038411773,-16.145295569017176,71.37633,2.36911,892.6508
1954,80,0.6169,0.3831,CV,27.3544,27.1811,-14.439601397358503,-14.442889226182288,3.70825,-2.00671,3308.5769
1954,81,0.5464,0.4536,CV,12.24,9.8615,-9.393229713320919,-9.23020453903085,65.41353,1.50331,832.9369
1955,80,0.619,0.381,CV,16.6437,16.8244,-12.059587525013454,-12.072451828737,0.99568,-1.1042,3167.7513
1955,81,0.5592,0.4408,CV,10.8642,8.5952,-9.997431503769011,-9.866384083693388,58.27299,1.05051,774.5945
1956,80,0.6184,0.3816,CV,37.1154,37.1729,-12.637198850833988,-12.644843408953419,-1.60654,1.10899,3010.826
1956,81,0.5491,0.4509,CV,12.6198,10.3864,-11.298270780246233,-11.10781081629899,56.18596,1.02614,723.0403
1957,80,0.6185,0.3815,CV,18.7738,18.7424,-11.79063123401375,-11.799273730785039,-1.37477,1.87641,2912.4172
1957,81,0.5685,0.4315,CV,14.6296,13.4134,-18.736698528568823,-18.639549429664513,47.56917,1.24882,702.9033
1958,80,0.6184,0.3816,CV,13.4559,13.3422,-11.69041266187641,-11.69866108511985,-1.71306,1.65885,2793.1376
1958,81,0.5643,0.4357,CV,23.2042,22.2389,-24.025232366190608,-23.8824175970015,42.96763,1.37051,702.9057
1959,80,0.6116,0.3884,CV,71.1977,71.1681,-16.005562121283848,-15.98516184554971,-0.68321,2.79465,2500.1357
1959,81,0.6254,0.3746,CV,16.509,17.4566,-37.422531563488846,-37.54021588010419,17.56314,1.65266,675.9188
1960,80,0.5937,0.4063,CV,66.8616,66.5289,-18.966529112953154,-18.881310809798684,0.39826,5.78496,2212.4402
1960,81,0.6326,0.3674,CV,13.2621,13.8881,-9.37013760978201,-9.428425653574115,1.00085,1.00084,623.2315
1961,80,0.6131,0.3869,CV,26.5336,26.7441,-12.386389857450897,-12.40861220399038,0.37077,6.1133,2041.6303
1961,81,0.4888,0.5112,CA,60.9089,60.9182,-22.199201461675653,-21.65888171096966,28.94753,2.06983,585.1752
1962,80,0.5886,0.4114,CV,161.443,161.7154,-34.47456679633941,-34.36632963258187,-0.34732,-1.4993,2140.945
1962,81,0.2841,0.7159,CA,65.591,64.0526,-23.801080618856815,-22.59056280614866,53.85326,3.64884,629.7775
1963,80,0.5701,0.4299,CV,120.7725,120.0191,-20.317972856613206,-20.169446997421254,-1.07246,-2.75697,2311.7789
1963,81,0.3424,0.6576,CA,40.3336,38.0545,-20.598540896780143,-19.94798888569546,72.86292,5.65335,694.6287
1964,81,0.4079,0.5921,CA,26.5628,23.9352,-28.874418926928755,-28.422392391397207,84.01766,6.72738,784.6822
1964,80,0.5776,0.4224,CV,97.7322,96.8645,-16.897400913648035,-16.806882059832624,-1.66004,-1.4842,2484.0228
1965,80,0.5738,0.4262,CV,301.8551,302.6737,-188.0318318216433,-187.91482098601477,-2.13077,7.98487,1771.6958
1965,81,0.2912,0.7088,CA,46.4615,43.339,-27.652298602907244,-26.59132377023341,123.80338,9.75702,974.2054
1966,81,0.2921,0.7079,CA,39.631,35.2179,-19.58949322078569,-18.696694455620865,169.3756,14.49504,1246.1295
1967,81,0.5114,0.4886,CV,13.9472,13.8138,-11.91594539366417,-11.952403436606172,138.21404,14.13264,1402.8876
1967,80,0.5,0.5,CA,30.5346,30.8914,-122.3051336153544,-122.33468185836668,-3.67311,-7.56175,1257.0516
1968,81,0.0384,0.9616,CA,89.6641,85.1002,-41.89647603733691,-38.35766272760893,317.45938,33.10426,1899.5642
1969,81,0.7306,0.2694,CV,70.2534,77.4856,-20.95796959963088,-22.305259264250203,110.50248,16.13552,1650.2256
1970,81,0.6374,0.3626,CV,61.0237,63.599,-16.84912695439199,-16.769022166746744,-56.53508,-2.97035,1403.2045
1971,81,0.5564,0.4436,CV,45.3086,44.1687,-24.297852315811873,-24.021650367600476,-65.5496,-4.65614,1385.0472
1971,80,0.5,0.5,CA,237.076,237.211,-49.46290554322815,-48.807743539653664,2.86533,2.28445,1360.035
1972,80,0.5493,0.4507,CV,66.1323,65.1209,-19.313043378080152,-19.208786920152946,4.30381,3.43677,1223.2819
1973,80,0.5502,0.4498,CV,141.127,140.3102,-33.8917032569738,-33.71975063469237,3.83747,0.98239,1465.474
1974,80,0.5792,0.4208,CV,76.3913,75.5574,-21.704519379997887,-21.649298082693484,2.70902,-0.49284,1787.2204
1975,80,0.6047,0.3953,CV,32.3588,32.5403,-18.388281700724463,-18.39666179379244,1.28119,-1.32749,1931.213
1976,80,0.6149,0.3851,CV,37.1095,37.4736,-15.551914560698723,-15.565558477256863,-0.32008,-1.47001,2058.7821
1977,80,0.617,0.383,CV,41.3966,41.5202,-13.843875688561555,-13.851317106173891,-1.67136,-1.55503,2210.5185
1978,80,0.6159,0.3841,CV,56.9519,56.9332,-13.932540281873505,-13.932357376410344,-2.15587,-1.71648,2311.4559
1979,80,0.6138,0.3862,CV,52.8561,52.6309,-13.45476915188705,-13.447528711895892,-2.36974,-1.74779,2410.5823
1980,80,0.6128,0.3872,CV,51.4019,51.1287,-14.13043836643695,-14.122001927983659,-0.35124,-1.42072,2509.5811
1981,80,0.6111,0.3889,CV,59.9657,59.6765,-17.706444323286185,-17.69219567428939,2.97863,-1.25567,2606.3308
1982,80,0.6104,0.3896,CV,49.5493,49.1075,-19.86571502660438,-19.85090297707339,4.54691,-1.04394,2705.4588
1983,80,0.6135,0.3865,CV,24.3389,23.8337,-19.615507733425883,-19.615111567752678,3.97628,-0.84768,2829.9927
1984,80,0.6171,0.3829,CV,14.4832,14.4339,-16.627031544771583,-16.63693168642356,1.63633,-0.11544,2966.5211
1985,80,0.6181,0.3819,CV,23.3117,23.3075,-14.858830873567367,-14.867658534918462,-0.46285,0.43947,3094.2082
1986,80,0.6178,0.3822,CV,30.274,30.2133,-13.961628551322566,-13.967795213983841,-2.03516,1.1133,3226.1197
1987,80,0.6173,0.3827,CV,27.9551,27.7916,-12.942168283569963,-12.94654787382354,-2.43336,1.73326,3343.9849
1988,80,0.6164,0.3836,CV,37.6822,37.492,-12.90862160286161,-12.91007391337214,-3.46504,1.87408,3451.9988
1989,80,0.6165,0.3835,CV,26.6586,26.4148,-12.774960721672954,-12.778237024178715,-3.39013,1.85062,3570.1798
1990,80,0.6158,0.3842,CV,43.9726,43.7845,-13.63582503085706,-13.636012584927453,-3.38988,1.3711,3606.6209
1991,80,0.6163,0.3837,CV,39.6934,39.573,-13.008271461831598,-13.011354657008436,-1.0677,0.82246,3628.6117
1992,80,0.6148,0.3852,CV,48.1266,47.8726,-14.022790605160377,-14.019070827031694,-2.28999,0.34938,3625.2927
1993,80,0.6157,0.3843,CV,29.4282,29.1212,-13.13307718901276,-13.13516278166421,-1.10992,0.79244,3642.2711
1994,80,0.6164,0.3836,CV,26.9058,26.6327,-12.615548515734059,-12.619398355394674,0.03918,1.33139,3656.0179
1995,80,0.6166,0.3834,CV,28.6187,28.3719,-13.294169125235856,-13.297827973847014,-1.08837,1.96304,3653.8245
1996,80,0.6159,0.3841,CV,45.5323,45.3905,-13.417401252216195,-13.417593508212404,2.12529,2.03623,3611.2584
1997,80,0.6093,0.3907,CV,71.441,71.1233,-14.41195427984193,-14.38547214133468,2.45038,3.33825,3434.0355
1998,80,0.6103,0.3897,CV,43.0082,42.6167,-14.85617436497616,-14.843663339061138,4.89245,2.453,3337.7623
1999,80,0.6145,0.3855,CV,20.1985,19.8246,-12.50670605508266,-12.51051267920716,2.57633,1.91924,3234.0993
2000,80,0.6135,0.3865,CV,46.0614,45.8852,-13.472923613368376,-13.466091196563942,-1.43535,2.90781,3071.8926
2001,80,0.6187,0.3813,CV,20.6037,20.8242,-11.957003980859914,-11.973704829136107,-1.96492,0.29359,2984.3386
2002,80,0.6192,0.3808,CV,26.4396,26.5133,-12.129236851181648,-12.140378499827454,-1.99582,-1.43468,2920.103
2003,80,0.6174,0.3826,CV,48.4891,48.5174,-13.15273763767485,-13.155842070716275,-0.00011,-2.17599,2933.2917
2004,80,0.6147,0.3853,CV,47.8118,47.616,-13.319493660752036,-13.313545618004976,-0.22557,-2.77896,2985.2308
2005,80,0.6151,0.3849,CV,32.4497,32.2377,-12.507338420921085,-12.507060741175781,-1.3357,-2.34111,3015.3149
2006,80,0.6157,0.3843,CV,29.6424,29.474,-12.65591643440019,-12.657525038753578,-2.12995,-1.41515,3059.0277
2007,80,0.6168,0.3832,CV,18.4866,18.3913,-13.119814784608222,-13.125183540713952,-2.24181,-0.53693,3089.5017
2008,80,0.6169,0.3831,CV,23.8216,23.7108,-13.299136881879468,-13.30368018006484,-2.67053,0.04478,3131.3022
2009,80,0.6172,0.3828,CV,19.7326,19.6083,-13.965190529138892,-13.970635115289358,-2.7199,0.39237,3175.7798
2010,80,0.6178,0.3822,CV,9.9437,9.8245,-14.705976490746915,-14.713347092047279,-2.19032,0.20042,3221.7057
2011,80,0.6182,0.3818,CV,7.3841,7.3069,-14.134398506503334,-14.142644776760779,-1.64145,-0.06858,3269.3524
2012,80,0.6185,0.3815,CV,8.1939,8.2064,-13.909986607588566,-13.918979677161673,-0.81273,-0.23291,3308.0754
2013,80,0.6181,0.3819,CV,23.6195,23.5629,-15.616722848119567,-15.623797032088243,-1.66084,-0.75464,3324.3277
2014,80,0.6176,0.3824,CV,27.6837,27.5674,-18.170954480593217,-18.17627308517599,-2.75143,-0.75824,3339.428
2015,80,0.6173,0.3827,CV,25.1063,24.9307,-19.849117023680456,-19.85403518848058,-3.1952,-0.65328,3344.5484
2016,80,0.6174,0.3826,CV,21.1294,20.9347,-21.73605409521292,-21.741801482367713,-3.16343,-0.22302,3340.3631
2017,80,0.6179,0.3821,CV,13.8807,13.6842,-23.034597592240935,-23.042214921182502,-2.77905,0.07572,3342.8664
2018,80,0.6182,0.3818,CV,12.475,12.3064,-25.60030719685243,-25.608557747224996,-2.32461,-0.14663,3332.5785
2019,80,0.6183,0.3817,CV,14.4165,14.2678,-28.006662950053276,-28.014670304605698,-2.19323,-0.41131,3311.6099
2020,80,0.6184,0.3816,CV,13.9421,13.825,-27.113844279485804,-27.122172874061818,-2.19545,-0.76162,3305.7376
2021,80,0.6186,0.3814,CV,10.4121,10.3201,-27.99162068470686,-28.000662513447367,-1.52305,-1.10602,3287.6347
2022,80,0.6186,0.3814,CV,11.3137,11.2196,-27.028708965955822,-27.037406414875377,-1.33307,-1.34531,3275.8221
2023,80,0.6186,0.3814,CV,8.8564,8.7681,-26.690932657694916,-26.69988736665445,-0.89773,-1.39977,3259.5163
2024,80,0.6186,0.3814,CV,11.2905,11.2591,-23.569393110175405,-23.578359650651528,-0.23145,-1.46748,3261.2972
2025,80,0.6181,0.3819,CV,27.7893,27.7561,-26.30790143231785,-26.31476011510417,0.62263,-1.88845,3192.2215
2026,80,0.618,0.382,CV,18.6177,18.5099,-24.0998573612149,-24.107037338329732,1.28252,-1.57537,3134.9499
2027,80,0.6178,0.3822,CV,22.2758,22.1464,-23.758216537701756,-23.76434518304742,1.981,-1.23836,3068.5545
2028,80,0.6178,0.3822,CV,19.2054,19.0526,-21.871272354075778,-21.877855635099905,2.51171,-0.78807,3005.7703
2029,80,0.6179,0.3821,CV,17.1516,16.9901,-20.492502510628054,-20.499544906554448,2.74117,-0.30964,2941.4328
2030,80,0.6183,0.3817,CV,12.8025,12.6643,-18.606471091051862,-18.614903997856803,2.6113,0.05259,2887.3318
2031,80,0.6182,0.3818,CV,14.178,14.0278,-17.853141480331853,-17.86087709256414,2.59512,0.13395,2819.4746
2032,80,0.6183,0.3817,CV,11.4432,11.2995,-17.426298296664285,-17.43463511790422,2.33851,-0.08528,2747.2066
2033,80,0.6185,0.3815,CV,8.962,8.8364,-16.426425949438585,-16.435406391712128,2.02483,-0.2821,2680.9791
2034,80,0.6186,0.3814,CV,10.2437,10.1382,-15.947621431892049,-15.956403651120803,1.91642,-0.47883,2618.3283
2035,80,0.6187,0.3813,CV,7.6805,7.626,-15.067652084115394,-15.077161859225683,1.46165,-0.55845,2569.8188
2036,80,0.6188,0.3812,CV,6.944,6.8871,-15.734706920165735,-15.744204737596556,1.15721,-0.62163,2502.4458
2037,80,0.6189,0.3811,CV,6.1567,6.1841,-14.347226137689477,-14.357232050761327,0.61164,-0.30234,2459.1721
2038,80,0.6189,0.3811,CV,4.404,4.3756,-13.959839863134368,-13.969458684524701,0.60188,-0.07862,2414.5841
2039,80,0.6188,0.3812,CV,7.9005,7.8682,-13.195801300950157,-13.204918825312284,0.79461,0.17886,2374.8625
2040,80,0.6186,0.3814,CV,9.4296,9.3798,-12.661038124590423,-12.669677412020814,1.05869,0.27093,2340.0491
2041,80,0.6186,0.3814,CV,7.0715,7.0088,-12.17960725706583,-12.188341469926293,1.02714,0.16589,2310.6986
2042,80,0.6186,0.3814,CV,5.2514,5.2011,-12.075408256978049,-12.084423555482948,0.8974,-0.08227,2280.3803
2043,80,0.6187,0.3813,CV,5.597,5.5621,-12.257410070333457,-12.266551404102886,0.84676,-0.2623,2245.3896
2044,80,0.6187,0.3813,CV,6.0419,6.0118,-11.897485404332912,-11.906601860766598,0.65163,-0.31686,2227.0156
2045,80,0.6188,0.3812,CV,3.9746,3.9841,-11.892875477641018,-11.902429004667209,0.23562,-0.41649,2199.4709
2046,80,0.6188,0.3812,CV,5.9586,5.9493,-11.544681129417965,-11.553944049516256,0.09991,-0.21164,2186.5411
2047,80,0.6187,0.3813,CV,6.9323,6.9013,-11.4679859546473,-11.476895464273605,0.11034,-0.16823,2181.097
2048,80,0.6187,0.3813,CV,2.4163,2.3885,-11.471631389236865,-11.480837954242885,0.01863,-0.23131,2165.7471
2049,80,0.6186,0.3814,CV,5.9523,5.9215,-11.782003871693771,-11.790846500194728,0.03331,-0.16658,2162.7315
2050,80,0.6188,0.3812,CV,6.3646,6.3986,-11.444534660149227,-11.454021284290638,0.19437,-0.15504,2137.6625
2051,80,0.6188,0.3812,CV,3.8647,3.8605,-11.555502399238895,-11.564936784637563,0.07632,-0.31401,2117.9404
2052,80,0.6185,0.3815,CV,17.8314,17.8254,-12.194973620423724,-12.203055291622759,1.14195,-0.56108,2120.1675
2053,80,0.6175,0.3825,CV,26.2767,26.2108,-17.85632527184442,-17.860816555438742,2.48558,-0.52394,2114.1251
2054,80,0.6177,0.3823,CV,25.1708,25.1514,-20.138184692011663,-20.1446122268526,1.69099,-1.48686,2058.6734
2055,80,0.6168,0.3832,CV,25.1381,25.0096,-17.41038213339808,-17.4128243497734,2.59915,-1.87463,2025.9332
2056,80,0.6181,0.3819,CV,36.6257,36.7368,-20.978579987098925,-20.98805820867944,-0.71443,-1.96942,2043.1092
2057,80,0.614,0.386,CV,58.4296,58.3671,-21.986169645897036,-21.976301885535193,-4.33341,-1.79102,2059.5513
2058,80,0.6135,0.3865,CV,32.6769,32.4169,-17.491626199370106,-17.48559823335344,-4.70544,-1.81038,2050.7593
2059,80,0.6157,0.3843,CV,14.1825,13.9578,-15.50808916330643,-15.512407085054402,-3.3524,-1.68917,2059.3784
2060,80,0.6177,0.3823,CV,37.812,37.9282,-13.690404603242467,-13.699487425240887,0.07188,-1.07938,2104.9901
2061,80,0.614,0.386,CV,67.2438,67.2052,-15.148496123718068,-15.13918567490723,4.05461,-1.21931,2152.2762
2062,80,0.6145,0.3855,CV,30.7422,30.5412,-23.036582413754733,-23.035082174762973,4.22065,-1.34546,2151.988
2063,80,0.6133,0.3867,CV,39.0938,38.8531,-38.580189686262,-38.57285227759033,5.04643,-1.36879,2175.7327
2064,80,0.6148,0.3852,CV,22.7743,22.5172,-28.91116821275568,-28.911803878158764,4.35556,-1.57759,2189.7295
2065,80,0.6182,0.3818,CV,28.3736,28.5667,-14.999991736625496,-15.012886918558449,0.68836,-1.56858,2202.0886
2066,80,0.6184,0.3816,CV,15.4081,15.3958,-13.050165124781893,-13.058681586394936,-0.48848,-1.49872,2228.7023
2067,80,0.6182,0.3818,CV,20.8979,20.8815,-12.661827481731951,-12.669234681283601,0.03866,-1.17046,2294.7787
2068,80,0.6149,0.3851,CV,67.1838,67.1592,-20.36155142796578,-20.35515066267225,4.09836,-0.82544,2367.4851
2069,80,0.6139,0.3861,CV,39.9196,39.6675,-20.97422413846614,-20.96883574416841,4.53686,-0.52116,2451.8307
2070,80,0.6158,0.3842,CV,19.6486,19.4689,-19.749623364918744,-19.753713812304724,3.65223,-0.99501,2485.6473
2071,80,0.6172,0.3828,CV,22.508,22.5116,-19.553804800052205,-19.560780573780786,1.71941,-0.77427,2583.0207
2072,80,0.6173,0.3827,CV,26.6221,26.5722,-18.840371384115446,-18.845768455351642,0.25433,-0.68709,2710.5229
2073,80,0.6178,0.3822,CV,18.4431,18.4332,-17.88298698800029,-17.890179950993705,-0.32842,-1.364,2776.6098
2074,80,0.6177,0.3823,CV,18.0845,18.0109,-16.889001638048125,-16.895305258340965,-0.91416,-0.93271,2883.3892
2075,80,0.6176,0.3824,CV,21.8739,21.7972,-15.717649370260153,-15.723637475817233,-1.79953,-0.80439,2988.0735
2076,80,0.6178,0.3822,CV,13.8036,13.6918,-15.156130604538603,-15.162921660857142,-1.8771,-0.45723,3089.5897
2077,80,0.6182,0.3818,CV,14.1624,14.1907,-16.874928179384288,-16.883112806208043,-0.67052,0.15525,3215.5622
2078,80,0.6182,0.3818,CV,23.6483,23.6883,-19.765610521978733,-19.77363418795022,1.04629,0.29711,3316.2065
2079,80,0.6177,0.3823,CV,37.9192,37.8968,-21.745767464177867,-21.751211239729628,2.57162,-0.24426,3350.131
2080,80,0.6174,0.3826,CV,30.0265,29.9246,-21.490538823306068,-21.495876041311774,2.22496,-0.43664,3358.0376
2081,80,0.6174,0.3826,CV,31.7274,31.6352,-17.988892380299106,-17.994460202041765,0.58218,0.16385,3350.9782
2082,80,0.6166,0.3834,CV,37.7903,37.629,-14.991591537770002,-14.99356594971032,-1.2235,0.65382,3317.4367
2083,80,0.616,0.384,CV,34.7533,34.5269,-13.14407554751232,-13.144986762065404,-2.97369,0.9915,3284.9714
2084,80,0.6134,0.3866,CV,46.536,46.2329,-12.919675685349194,-12.910253092160957,-4.66862,0.57448,3195.102
2085,80,0.6136,0.3864,CV,31.2344,30.8263,-12.64830658973641,-12.64370325742835,-4.95355,0.64046,3106.0729
2086,80,0.6127,0.3873,CV,36.7023,36.3457,-13.349826385891111,-13.341189188279944,-3.80829,1.27937,2956.6299
2087,80,0.6079,0.3921,CV,54.5661,54.2911,-14.3028778982691,-14.275331130424059,-0.28651,3.1429,2742.2924
2088,80,0.6111,0.3889,CV,39.3292,39.1923,-12.450705341869797,-12.443773890339298,3.65443,-0.08763,2560.4792
2089,80,0.6031,0.3969,CV,47.341,46.9494,-14.628079734676065,-14.582749021372603,6.6931,-1.78486,2321.752
2090,80,0.6152,0.3848,CV,29.2566,29.4291,-15.737687780018401,-15.75500973272744,5.51162,-2.67681,2176.2974
2091,80,0.6181,0.3819,CV,33.4114,33.5364,-15.076763237963139,-15.088421229254951,2.33759,-2.42653,2059.2701
2092,80,0.6154,0.3846,CV,34.8128,34.7085,-14.416337860248358,-14.412254357427528,0.22568,-2.15353,1970.6945
2093,80,0.6148,0.3852,CV,22.886,22.645,-13.59408856032816,-13.59156491668086,-0.2348,-2.29198,1887.4373
2094,80,0.6146,0.3854,CV,23.0699,22.8554,-15.843717993204741,-15.841482304730695,0.15501,-2.5726,1823.1722
2146,83,0.7,0.3,CV,50.5559,50.5559,-13.335072763401321,-13.335072763401321,0.0,0.0,1027.6178
2147,83,0.6422,0.3578,CV,62.6478,62.6478,-15.226958392758167,-15.21477580555553,-7.31829,-3.5666,1452.1828
2148,83,0.6009,0.3991,CV,69.0886,68.5146,-15.559518815987897,-15.459089540130712,-17.94878,-9.98519,2298.528
2149,83,0.5802,0.4198,CV,55.1993,53.1985,-15.410795397665538,-15.285808550014853,-24.2499,-8.88949,3173.6235
2150,83,0.5815,0.4185,CV,45.0528,42.3524,-15.48656565308426,-15.397383188250878,-26.8352,-4.76781,3906.9627
2151,83,0.5953,0.4047,CV,33.7501,31.1916,-16.186979139470395,-16.152477305531068,-22.31594,-0.05156,4427.8937
2152,83,0.6118,0.3882,CV,17.2497,15.4734,-16.037941921676246,-16.05230740460307,-16.72753,1.46116,4695.5612
2153,83,0.6113,0.3887,CV,31.8402,30.3038,-15.165587868461568,-15.153896491657612,-12.53291,1.99841,4901.5096
2154,83,0.6134,0.3866,CV,30.9383,29.8815,-14.630124421351383,-14.62770108219927,-7.84448,2.24821,5073.997
2155,83,0.6147,0.3853,CV,27.7293,26.8417,-13.750576533117222,-13.7507513104883,-4.8344,1.71934,5232.8649
2156,83,0.618,0.382,CV,4.5544,4.6329,-13.676558752318952,-13.688532616490464,-2.59004,1.0702,5320.1817
2157,83,0.6185,0.3815,CV,14.4106,14.3565,-13.469094810629533,-13.47825080450068,-1.15001,-0.01463,5432.4609
2158,83,0.6179,0.3821,CV,35.87,35.7913,-15.033892915784897,-15.039825380602462,-2.6216,-0.75364,5573.4206
2159,83,0.6178,0.3822,CV,26.6192,26.5346,-15.665401329597891,-15.671851490868809,-2.92238,-0.82442,5699.6094
2160,83,0.6181,0.3819,CV,25.4506,25.5083,-16.2236200716396,-16.231500733939594,-1.99446,-0.47581,5777.3113
2161,83,0.618,0.382,CV,27.0171,26.9898,-16.275149776079747,-16.282261418063065,-1.10306,-0.42447,5853.3446
2162,83,0.6178,0.3822,CV,26.0163,25.8917,-16.82251204582426,-16.829014539846,-1.34114,-0.35938,5949.5158
2163,83,0.6179,0.3821,CV,23.8744,23.7493,-16.17908666433126,-16.186125420207198,-0.41468,-0.35462,6047.61
2164,83,0.6176,0.3824,CV,40.2471,40.1545,-15.012730366044117,-15.01848952853451,1.7967,-0.15985,6124.998
2165,83,0.6175,0.3825,CV,29.5249,29.309,-15.072295082764013,-15.07812299815802,1.74514,-0.02382,6183.5451
2166,83,0.6179,0.3821,CV,23.6248,23.4707,-15.548224086261756,-15.555676351381983,0.30663,0.16906,6253.8688
2167,83,0.6176,0.3824,CV,32.9035,32.7041,-15.653693908502396,-15.65948407402835,0.98451,0.64293,6277.2691
2168,83,0.6159,0.3841,CV,63.5756,63.368,-15.09434436787738,-15.093216276511663,3.91341,1.27911,6221.9758
2169,83,0.6114,0.3886,CV,87.2386,86.864,-15.923063626589986,-15.90550513074273,5.06308,3.07482,6010.2683
2170,83,0.6164,0.3836,CV,8.791,8.4967,-13.443446048518677,-13.453718547211976,3.67296,1.49908,6015.9914
2171,83,0.6184,0.3816,CV,13.5725,13.5362,-14.428503842877422,-14.43972290596433,1.41541,0.47391,5995.9444
2172,83,0.619,0.381,CV,18.8986,18.9053,-14.991500428586376,-15.002141760790371,-0.56591,0.05473,5947.0843
2173,83,0.6192,0.3808,CV,9.6827,9.7666,-13.951203577382408,-13.96199583087714,0.26436,-0.27862,5925.1942
2174,83,0.619,0.381,CV,6.4338,6.3661,-14.629852525278874,-14.63964248997014,-0.04853,-0.21795,5875.003
2175,83,0.6187,0.3813,CV,16.8841,16.8164,-14.06438729872249,-14.073213077567306,-0.23722,0.02946,5782.2718
2176,83,0.6182,0.3818,CV,31.1506,31.063,-13.11442610623735,-13.121378106679915,0.80053,0.4959,5644.6291
2177,83,0.6161,0.3839,CV,60.5786,60.4368,-15.732198606508323,-15.730850217729879,4.08879,1.0229,5458.4883
2178,83,0.612,0.388,CV,77.6392,77.3611,-14.86116183980511,-14.846062300116927,8.56663,1.42879,5318.7229
2179,83,0.6186,0.3814,CV,33.7003,34.1886,-13.642915204219074,-13.661529567096926,2.35181,0.68448,5246.4208
2180,83,0.6193,0.3807,CV,29.6032,29.7626,-14.270586022231951,-14.282314047549066,-0.72805,-0.21863,5184.2169
2181,83,0.6182,0.3818,CV,38.6935,38.6441,-16.065884781025478,-16.072145451089046,-2.7768,-1.63938,5053.7066
2182,83,0.6174,0.3826,CV,34.7733,34.6179,-17.773737180035905,-17.778182019004127,-2.62877,-2.91434,4888.5971
2183,83,0.6171,0.3829,CV,36.9506,36.8161,-16.778985587174972,-16.783129606724856,-0.6809,-3.4158,4690.2036
2184,83,0.6153,0.3847,CV,51.9569,51.7902,-18.10368586457688,-18.10098570387459,-4.12445,-3.79104,4509.7861
2185,83,0.6161,0.3839,CV,27.4724,27.1819,-12.698241326980739,-12.701457907473557,-2.6398,-3.92852,4310.5706
2186,83,0.6161,0.3839,CV,44.4699,44.3884,-13.030619806316858,-13.0327349010368,1.45636,-3.65271,4072.3883
2187,83,0.6103,0.3897,CV,80.2818,80.1651,-17.309985196000618,-17.287424574124408,8.25527,-3.18909,3882.9809
2188,83,0.6153,0.3847,CV,21.5765,21.4108,-12.918692065277893,-12.925823658247968,5.95826,-2.69709,3750.3434
2189,83,0.6182,0.3818,CV,29.0033,29.1326,-16.308443694136805,-16.320465565771944,2.2979,-2.43997,3644.7074
2190,83,0.6183,0.3817,CV,24.3218,24.3003,-17.621226140579306,-17.629510009365774,0.03677,-2.55619,3516.0099
2191,83,0.6177,0.3823,CV,23.5783,23.4543,-17.102013312610246,-17.107618455309133,-0.99924,-2.81779,3398.1158
2192,83,0.6176,0.3824,CV,19.584,19.4271,-18.233367433485526,-18.23911975879738,-1.27787,-2.91376,3281.2764
2193,83,0.6182,0.3818,CV,9.5213,9.4122,-17.584391101697605,-17.592952438830466,-0.44435,-2.30775,3182.7104
2194,83,0.6184,0.3816,CV,11.6418,11.5922,-13.609712779216935,-13.618496506279074,0.28844,-1.65642,3106.5577
2195,83,0.6185,0.3815,CV,19.202,19.1934,-11.923871637176072,-11.932358115311153,-1.0376,-1.56342,3003.9655
2196,83,0.6181,0.3819,CV,36.4933,36.5317,-13.916396560521516,-13.923157248292998,1.90625,-1.45186,2880.9899
2197,83,0.6152,0.3848,CV,47.4222,47.3144,-15.918439758697403,-15.913653170689631,4.8451,-1.14188,2786.3779
2198,83,0.6143,0.3857,CV,34.3316,34.0848,-14.355118584555294,-14.35062672012553,5.5954,-0.57046,2711.3213
2199,83,0.6167,0.3833,CV,15.7437,15.6136,-12.10736642465595,-12.114416759269385,3.91817,-0.14485,2661.0046
2200,83,0.6188,0.3812,CV,33.9641,34.1399,-12.875543529754406,-12.888042083744331,-0.03586,-0.2505,2613.3533
2201,83,0.618,0.382,CV,24.226,24.1783,-12.61820236586529,-12.62432944502431,-1.43593,-0.32013,2577.8131
2202,83,0.6183,0.3817,CV,24.9446,24.9905,-12.05054482955541,-12.05896661875376,0.76972,-0.44747,2538.2035
2203,83,0.6178,0.3822,CV,22.9709,22.9164,-12.535081671615693,-12.540998673653204,1.99975,-0.27199,2498.7049
2204,83,0.6181,0.3819,CV,13.2181,13.1679,-12.06083223015607,-12.068568528122444,1.14895,0.08391,2488.3482
2205,83,0.6183,0.3817,CV,8.7235,8.6944,-12.134577587271155,-12.143087971245068,0.35098,0.21103,2473.8871
2206,83,0.6178,0.3822,CV,22.4234,22.3661,-14.51913535425414,-14.524966449822234,1.34099,0.62442,2476.8648
2207,83,0.6176,0.3824,CV,16.997,16.8851,-15.100205230639936,-15.106028916939845,1.19798,0.8546,2495.2585
2208,83,0.6183,0.3817,CV,7.4617,7.5132,-13.926555462438852,-13.935557720649935,0.25694,0.65819,2486.4402
2209,83,0.6181,0.3819,CV,25.2012,25.2192,-12.3319117687594,-12.3393110896522,-1.51115,0.45754,2473.2013
2210,83,0.6175,0.3825,CV,26.6192,26.5483,-12.936784649544618,-12.941491202930502,-1.90118,0.58936,2522.7487
2211,83,0.6177,0.3823,CV,16.7697,16.6987,-14.295011473418759,-14.301752508055934,-0.92536,0.43548,2575.8045
2212,83,0.6185,0.3815,CV,23.2186,23.3233,-15.034865118947723,-15.044487184631501,0.5894,-0.31776,2557.0607
2213,83,0.6182,0.3818,CV,23.3939,23.3966,-13.885679992145889,-13.892851040580275,-0.46924,0.18846,2612.653
2214,83,0.6184,0.3816,CV,12.5802,12.583,-13.790128602273057,-13.798618241619774,-0.31363,0.91305,2635.2966
2215,83,0.618,0.382,CV,29.2784,29.274,-13.561642754277173,-13.56820920089236,-0.41543,1.85915,2595.7554
2216,83,0.6176,0.3824,CV,23.0215,22.9182,-14.172522443610887,-14.178074879394615,0.22306,2.49922,2577.2134
2217,83,0.6176,0.3824,CV,19.5103,19.3635,-14.236386329042181,-14.242311446722201,0.74245,2.65914,2561.5473
2218,83,0.618,0.382,CV,12.5008,12.3312,-14.11465265443102,-14.12245255887077,0.72436,2.32518,2539.6235
2219,83,0.6169,0.3831,CV,31.1079,30.9838,-15.257406943804462,-15.259752849211823,1.20681,2.18459,2455.8619
2220,83,0.6183,0.3817,CV,7.492,7.3782,-15.100282168650182,-15.1105945181696,0.99164,1.03368,2406.6767
2221,83,0.6192,0.3808,CV,12.721,12.7732,-15.950669523179059,-15.962426466482892,0.93077,-0.38865,2369.6884
2222,83,0.6191,0.3809,CV,21.684,21.7328,-17.3770456621852,-17.387083409975027,0.98697,-0.47071,2370.2092
2223,83,0.6191,0.3809,CV,2.118,2.12,-17.104218929270793,-17.11452261278974,0.48718,-0.38141,2331.3639
2224,83,0.6183,0.3817,CV,33.2768,33.3136,-15.185729525059307,-15.192621966992819,-0.2314,0.06791,2209.5402
2225,83,0.6142,0.3858,CV,45.7214,45.622,-13.470469039221808,-13.461099986616922,-1.65016,1.68095,2068.091
2226,83,0.6035,0.3965,CV,55.1949,54.9355,-13.92434701361917,-13.876301912694132,-1.79744,2.0802,1878.3074
2226,84,0.7,0.3,CV,24.9766,24.9766,-11.788725034671753,-11.788725034671753,0.0,0.0,248.5054
2227,83,0.6073,0.3927,CV,24.9512,24.6168,-11.88503958504873,-11.868464921401142,0.66984,1.77129,1719.1539
2227,84,0.6416,0.3584,CV,31.704,31.704,-12.76344354191464,-12.748713376646554,-1.00799,3.78472,353.8407
2228,83,0.6189,0.3811,CV,24.8088,25.0705,-15.3342685626654,-15.360894666131395,2.17481,2.28799,1606.1653
2228,84,0.6146,0.3854,CV,23.7783,23.5289,-10.894599403633036,-10.852185742868002,-7.13954,10.65957,538.3465
2229,83,0.5999,0.4001,CV,107.4167,107.5689,-29.805145697197972,-29.7350183647242,1.22693,-3.38935,1640.3101
2229,84,0.5877,0.4123,CV,26.9492,26.2822,-11.544560087722614,-11.430060308416913,-2.68658,17.2905,723.2025
2230,83,0.5917,0.4083,CV,71.7647,71.2932,-19.05553453208438,-18.9792904951299,-0.40915,-3.43103,1691.8383
2230,84,0.5856,0.4144,CV,19.6055,18.3497,-10.456700611498382,-10.37336403233229,-4.35636,17.69662,871.4851
2231,83,0.6037,0.3963,CV,35.1364,34.8135,-13.204568099131771,-13.190502380397472,-1.70924,-1.88934,1681.8137
2231,84,0.6169,0.3831,CV,32.7197,33.3273,-17.25474090629284,-17.30499818185228,-7.28832,10.37399,897.2455
2232,83,0.6133,0.3867,CV,35.3341,35.4292,-12.072695054883708,-12.080913076262958,-2.80989,-0.39102,1629.1419
2232,84,0.6238,0.3762,CV,19.4389,19.6651,-12.767436839526436,-12.800679190398977,-1.27331,2.54143,868.2976
2233,83,0.6151,0.3849,CV,43.2027,43.2518,-13.990767127209201,-13.992798094758445,-3.41193,1.11853,1554.8455
2233,84,0.5815,0.4185,CV,42.8758,42.82,-17.004698990461577,-16.851092504500706,9.41069,-2.54939,813.2982
2234,83,0.6088,0.3912,CV,53.6235,53.528,-19.828001469067424,-19.800747805675584,-3.95487,1.66209,1445.4106
2234,84,0.5874,0.4126,CV,26.6363,26.3615,-20.258178827672197,-20.191251748317192,10.65876,-0.65394,774.9761
2235,83,0.5957,0.4043,CV,50.0189,49.7294,-27.80528121674974,-27.73239827188101,-3.98461,1.44881,1320.9639
2236,83,0.6163,0.3837,CV,14.1067,14.4609,-14.681911673587363,-14.714697978165152,-1.77386,2.01258,1262.475
2237,83,0.6201,0.3799,CV,25.5214,25.6915,-11.817172031724674,-11.836030168223914,1.00292,1.97063,1206.0687
2238,83,0.6185,0.3815,CV,16.4592,16.381,-10.42382163731289,-10.429962344759653,2.12423,1.4988,1133.2611
2239,83,0.6179,0.3821,CV,11.2377,11.1076,-10.11836248583988,-10.124421785128797,2.02916,1.14712,1071.1872
2240,83,0.6178,0.3822,CV,14.6778,14.6395,-10.468307511807515,-10.474953616405994,1.3229,0.22699,1029.8472
2241,83,0.6165,0.3835,CV,16.9557,16.8492,-11.356225604303905,-11.357230302843051,1.03477,0.23524,1004.37
2242,83,0.6149,0.3851,CV,21.2047,21.072,-12.78487640485363,-12.781160332229167,1.06289,0.36411,995.466
2243,83,0.6154,0.3846,CV,14.1662,14.0184,-11.88168322767469,-11.882398553623023,0.74726,0.22238,990.195
2244,83,0.6164,0.3836,CV,13.7803,13.7198,-11.931479813229819,-11.93569214570398,0.34653,-0.49739,984.7673
2257,85,0.7,0.3,CV,39.0014,39.0014,-18.271644332260884,-18.271644332260884,0.0,0.0,353.4438
2258,85,0.6369,0.3631,CV,42.3574,42.3574,-42.415669664494075,-42.38037476115072,-17.74861,-3.7911,479.6609
2259,85,0.5268,0.4732,CV,48.5131,48.0085,-78.1073436996703,-77.7129369962922,-48.38057,-11.286,794.0865
2260,85,0.4487,0.5513,CA,39.623,37.6656,-64.94600728006436,-64.3992512341123,-67.92384,-9.0068,1235.8043
2261,85,0.1912,0.8088,CA,73.7183,70.2934,-87.07812324729673,-85.40669487228996,-137.73492,-14.97159,1889.7246
2262,85,0.1929,0.8071,CA,72.837,68.0703,-72.21096843369213,-70.91196530905724,-230.3767,-25.61483,2372.5058
2263,85,0.3138,0.6862,CA,41.8978,37.4501,-75.4590796669077,-74.80682119055953,-264.83721,-31.08887,2600.3671
2264,85,0.5537,0.4463,CV,18.1012,20.2566,-84.73557386687867,-84.91204388525107,-188.15732,-21.88104,2577.0575
2265,85,0.6524,0.3476,CV,15.764,18.6808,-87.24277943479368,-87.49265968320658,-77.1786,-9.56044,2174.5529
2266,85,0.6457,0.3543,CV,11.1394,10.3325,-38.64092280163388,-38.71600916563729,-47.71427,-3.61815,1689.7445
2266,86,0.7,0.3,CV,26.6747,26.6747,-11.237308021317265,-11.237308021317265,0.0,0.0,227.82
2267,85,0.6563,0.3437,CV,25.6282,26.6769,-34.14077081332589,-34.27239924511914,-1.15995,2.50842,1407.1242
2267,86,0.6379,0.3621,CV,46.438,46.438,-16.257655246288415,-16.22662297900188,-2.10133,-0.41828,334.7423
2268,85,0.6233,0.3767,CV,26.077,25.9307,-15.022414739405693,-14.995272237661903,14.37375,4.86473,1199.4101
2268,86,0.6045,0.3955,CV,31.8632,31.5325,-11.91000920320829,-11.830985357731214,-5.91002,4.16557,525.3098
2269,85,0.6053,0.3947,CV,22.2043,21.5919,-10.59559512710406,-10.541344383668331,16.55087,5.06527,1073.6536
2269,86,0.5887,0.4113,CV,26.6748,25.8824,-11.276200816134459,-11.180915558014753,-8.51438,8.62991,711.0967
2270,85,0.61,0.39,CV,8.9357,8.1261,-13.806519755875371,-13.798576031001218,13.10627,3.73635,982.794
2270,86,0.5697,0.4303,CV,31.2753,30.0909,-11.809980481946624,-11.660054647085156,-10.0483,8.6304,896.4306
2271,85,0.5875,0.4125,CV,31.9281,31.4184,-15.44278011269482,-15.33442059666599,16.80592,2.79203,903.4229
2271,86,0.575,0.425,CV,25.3189,23.8363,-11.878327972690101,-11.777694782034407,-9.939,8.59834,1053.2364
2272,85,0.5928,0.4072,CV,34.0047,33.7398,-23.398946429828392,-23.345412791092876,13.85825,0.76138,814.3681
2272,86,0.588,0.412,CV,20.5613,19.1673,-12.154739178950491,-12.099721436469551,-8.00681,7.57755,1174.9931
2273,85,0.5403,0.4597,CV,44.0741,43.4407,-32.35405972019031,-32.07886833235145,20.28356,1.36893,777.3947
2273,86,0.6017,0.3983,CV,15.3904,14.321,-12.236466734531698,-12.219486076577635,-6.50662,6.45025,1256.3687
2274,85,0.5445,0.4555,CV,27.8895,26.8476,-33.14664599544173,-32.964853907131996,21.06078,1.23962,749.3617
2274,86,0.6123,0.3877,CV,9.479,8.8677,-12.020669351008396,-12.027752930684255,-4.82546,4.71708,1304.5135
2275,85,0.4878,0.5122,CA,49.5144,48.5453,-39.66754350858683,-39.252259722237355,28.25841,1.23128,718.0473
2275,86,0.6154,0.3846,CV,10.6974,10.2201,-11.823478743012336,-11.828243595081558,-3.46058,3.72861,1342.7049
2276,85,0.4525,0.5475,CA,41.7352,40.4672,-34.367490146020245,-33.89222524711734,36.28289,0.92368,707.3713
2276,86,0.618,0.382,CV,12.302,12.2499,-12.149117052250212,-12.160314093447361,-2.09407,3.00552,1362.4394
2277,85,0.41,0.59,CA,38.1948,36.5916,-29.642639216076596,-29.04407689392532,48.8894,0.84551,718.712
2277,86,0.6185,0.3815,CV,12.4466,12.394,-12.16194363761117,-12.171229257580922,-1.35339,2.44337,1374.5961
2278,85,0.4008,0.5992,CA,30.3513,28.2747,-22.596203715115344,-22.01961317610134,62.98312,1.19742,756.0619
2278,86,0.6186,0.3814,CV,11.7152,11.6928,-12.395808421382133,-12.404791715177234,-0.82069,1.87343,1382.7511
2279,85,0.4407,0.5593,CA,20.776,18.2623,-18.134649347046256,-17.734678205078914,71.35625,1.8931,796.9078
2279,86,0.618,0.382,CV,15.7932,15.7323,-13.028495939667817,-13.03496022123978,-0.49265,1.76759,1386.3084
2280,85,0.5471,0.4529,CV,17.3604,16.8323,-13.69067978957403,-13.661780344012971,56.36855,3.21409,835.596
2280,86,0.6175,0.3825,CV,16.8915,16.8039,-13.705508394440104,-13.710554823307518,-0.39695,1.6682,1385.8138
2281,85,0.5777,0.4223,CV,20.8812,20.1966,-19.732503843231004,-19.6756608866079,43.11407,3.05276,846.0758
2281,86,0.6174,0.3826,CV,13.4401,13.3238,-13.923781100967702,-13.92920252415069,-0.48948,1.59123,1392.5561
2282,85,0.6082,0.3918,CV,8.3894,7.8688,-9.842456346263535,-9.867778250135046,28.49174,1.62155,819.4017
2282,86,0.6169,0.3831,CV,19.3664,19.255,-15.231963372411307,-15.235187872949881,-0.59145,1.53898,1385.7218
2283,85,0.6217,0.3783,CV,11.3628,11.2754,-14.467145758756882,-14.504398989955408,18.26317,0.25506,754.1216
2283,86,0.6158,0.3842,CV,24.1386,24.0057,-17.13474294480063,-17.134460994338646,-0.34855,1.64038,1364.4567
2284,85,0.6284,0.3716,CV,23.8381,24.0899,-35.82700671476154,-35.87305175298639,5.02689,-1.61624,667.1687
2284,86,0.6149,0.3851,CV,24.1882,24.014,-19.09725943035145,-19.094428865909318,-0.44384,1.73968,1338.1691
2285,85,0.5995,0.4005,CV,28.838,28.9982,-28.085758323381974,-27.999833830230394,-10.85951,-1.88159,599.7202
2285,86,0.6151,0.3849,CV,19.0315,18.8283,-20.52323924305613,-20.52261265845332,-0.3428,1.58317,1312.6766
2286,85,0.5244,0.4756,CV,35.8161,35.222,-30.90969310473534,-30.56085604330646,-19.80933,-2.30765,540.3311
2286,86,0.616,0.384,CV,14.4326,14.2328,-21.271072137938305,-21.27397951832463,-0.34945,1.16353,1286.3709
2287,85,0.5262,0.4738,CV,20.6399,19.6707,-39.78037515259372,-39.54795076065617,-21.4026,-2.54937,496.4294
2287,86,0.6165,0.3835,CV,13.698,13.5152,-23.276244329847202,-23.280083820897932,-0.24395,0.8526,1253.681
2288,85,0.5585,0.4415,CV,13.7991,13.0544,-14.537893222334034,-14.433000125482732,-19.44846,-1.1598,465.1743
2288,86,0.6183,0.3817,CV,3.6826,3.5939,-22.65812338136959,-22.66883413437757,-0.38324,0.42787,1233.8436
2289,85,0.3876,0.6124,CA,48.828,47.982,-43.10022906840441,-42.256091713837606,-34.219,-1.66389,458.9253
2289,86,0.6194,0.3806,CV,8.1079,8.2164,-21.081914874801157,-21.09439607789112,-0.18288,-0.04026,1228.6363
2290,85,0.2831,0.7169,CA,44.7091,43.1631,-44.4873851913621,-43.41542095068629,-55.36772,-1.63523,474.1577
2290,86,0.6191,0.3809,CV,4.8626,4.8733,-19.212909140890822,-19.22295245093543,-0.35645,-0.16324,1218.5287
2291,85,0.4138,0.5862,CA,24.2565,23.0985,-37.15284284472718,-36.80801517109362,-60.22978,0.209,518.6111
2291,86,0.6189,0.3811,CV,2.4916,2.4891,-18.94324415505858,-18.952726732430087,-0.15742,-0.09144,1201.7019
2292,85,0.2495,0.7505,CA,41.9939,39.8666,-29.867240351741007,-28.586283251101158,-96.34239,1.19641,596.873
2292,86,0.6181,0.3819,CV,19.643,19.6323,-23.825376134603918,-23.83145384279957,0.19697,0.28709,1159.1495
2293,85,0.4531,0.5469,CA,16.1365,15.0763,-30.31468411590936,-30.17729805427969,-90.66501,3.48813,679.4077
2293,86,0.6159,0.3841,CV,25.732,25.652,-28.213994220593758,-28.212109850306483,0.45037,0.69137,1103.8499
2294,85,0.5212,0.4788,CV,14.8044,13.2009,-11.076683541851809,-10.926272144102445,-79.32058,4.78866,724.8589
2294,86,0.6184,0.3816,CV,4.2213,4.3155,-19.391490381045262,-19.40355716578283,0.41662,0.15185,1085.8033
2295,85,0.3227,0.6773,CA,38.0557,35.5945,-35.50810981858808,-34.43370899203036,-118.43865,8.00881,851.9575
2295,86,0.6191,0.3809,CV,7.5612,7.6031,-16.022894493640585,-16.034239795564684,0.17723,-0.45571,1070.0649
2296,85,0.3272,0.6728,CA,30.3604,26.4171,-28.028518730626843,-27.256005034356065,-154.33742,11.48188,1020.5148
2296,86,0.6156,0.3844,CV,39.7204,39.7293,-24.912447225686392,-24.907889058042876,-2.87342,-0.40903,1049.6434
2297,85,0.1971,0.8029,CA,43.5051,38.6124,-24.446839121656286,-22.984382043217963,-236.32212,18.98867,1235.9041
2297,86,0.6141,0.3859,CV,23.3898,23.2393,-24.873800161525345,-24.867907401647727,-3.32382,-0.40852,1014.2445
2298,85,0.7166,0.2834,CV,44.0053,50.0875,-22.969443375449487,-24.02128966798135,-53.38433,8.62357,1220.3562
2298,86,0.6129,0.3871,CV,25.2381,25.1031,-31.27944043475066,-31.271034695353137,-3.1523,-0.02112,960.1485
2299,85,0.6163,0.3837,CV,49.1551,50.6333,-22.18369010477435,-22.03507952773903,52.43203,-0.65829,1046.2924
2299,86,0.6129,0.3871,CV,18.5884,18.3997,-34.57006663721159,-34.5630139093798,-2.87731,-0.1136,909.7889
2300,85,0.4187,0.5813,CA,46.9272,45.0231,-44.22273614367112,-43.423238144456,86.46074,-2.94733,1012.61
2300,86,0.6153,0.3847,CV,10.1128,9.9355,-33.24131610664318,-33.24489355215825,-2.19175,-0.53736,864.7397
2301,86,0.6178,0.3822,CV,11.5462,11.5371,-24.925269992765145,-24.93534275170401,-1.81618,-1.10291,833.3344
2302,86,0.6179,0.3821,CV,8.7852,8.6778,-24.03024645045733,-24.03719796991806,-1.63911,-1.19819,794.7327
2303,86,0.6177,0.3823,CV,8.8294,8.7274,-20.37375873135074,-20.38001738904822,-1.42359,-1.31234,756.0561
2304,86,0.6179,0.3821,CV,11.433,11.3977,-26.439185779636766,-26.446433861012814,-1.15161,-0.73934,705.141
2305,86,0.6187,0.3813,CV,3.2707,3.192,-21.658841321829176,-21.669163666325545,-0.9356,-0.56931,666.2565
2306,86,0.619,0.381,CV,4.0064,3.9634,-18.998803095871917,-19.009391892652403,-0.87235,-0.44734,630.4564
2307,86,0.6191,0.3809,CV,3.7783,3.7341,-19.76772311048944,-19.778211222490462,-0.70443,-0.32762,590.6453
2308,86,0.6193,0.3807,CV,4.1259,4.1286,-16.923695441291557,-16.934879634088652,-0.50848,-0.3591,559.3443
2309,86,0.6192,0.3808,CV,3.5887,3.5647,-15.57903631377923,-15.589409160073803,-0.3892,-0.45918,528.5709
2310,86,0.6184,0.3816,CV,9.2983,9.2789,-12.329856265238286,-12.337099655793052,-0.2189,-0.69045,506.5907
2311,86,0.6175,0.3825,CV,9.7095,9.6576,-10.585798319272348,-10.590246056330434,-0.20038,-0.89957,488.0029
2312,86,0.6168,0.3832,CV,9.9036,9.8356,-9.619283504937224,-9.622106934392196,-0.20855,-0.95049,473.844
2313,86,0.6182,0.3818,CV,5.4723,5.4906,-10.557420821074011,-10.567039518841952,-0.39986,-0.65337,451.1963
2314,86,0.6185,0.3815,CV,10.115,10.1354,-14.641758268026061,-14.650859065598409,-0.44009,-0.22727,423.2125
2315,86,0.619,0.381,CV,3.325,3.3258,-12.383901455421165,-12.39444388386413,-0.2441,-0.38857,405.6117
2316,86,0.6131,0.3869,CV,25.5142,25.4981,-11.761658176758825,-11.74686959784294,-2.24382,-0.58204,386.8635
2317,86,0.6164,0.3836,CV,6.5452,6.5099,-8.660623614801464,-8.668306025678804,-1.38022,-0.89216,369.2592
2318,86,0.6181,0.3819,CV,11.5487,11.5789,-10.528784791966388,-10.538648841306529,-0.03633,-1.09564,351.8536
2319,86,0.6167,0.3833,CV,13.2712,13.2514,-12.520221207664054,-12.521847575025156,0.95917,-1.02153,337.6083
2320,86,0.6152,0.3848,CV,11.9746,11.9079,-13.386257911155106,-13.383341229109336,1.41548,-0.86457,325.4486
2321,86,0.6146,0.3854,CV,10.2993,10.2095,-13.461781734096757,-13.458657642989735,1.52399,-0.74578,314.8256
2322,86,0.6149,0.3851,CV,8.4419,8.3458,-12.519443916296717,-12.518486711393045,1.43538,-0.70591,304.9648
2323,86,0.6154,0.3846,CV,7.548,7.4577,-10.443418347462854,-10.444060037745036,1.35467,-0.64971,295.3816
2324,86,0.6156,0.3844,CV,7.6953,7.6126,-9.024591792880516,-9.025400422198057,1.32193,-0.53729,287.6613
2325,86,0.6153,0.3847,CV,8.8613,8.7841,-8.764710917314279,-8.764235491567481,1.27356,-0.51361,283.0895
2326,86,0.616,0.384,CV,6.7853,6.7086,-8.874689194882501,-8.877161465859409,1.20948,-0.50343,276.0058
2327,86,0.6174,0.3826,CV,20.2632,20.3199,-13.685547938234116,-13.693141303895695,-0.7132,-0.38375,271.5423
2328,86,0.617,0.383,CV,7.4258,7.3797,-12.171645458518316,-12.1755604158146,-0.9298,-0.26429,267.1182
2329,86,0.6179,0.3821,CV,2.6705,2.6313,-13.094348442138802,-13.10267050846128,-0.70688,-0.25197,260.7525
2330,86,0.6186,0.3814,CV,2.5962,2.5997,-11.123917444608637,-11.13360835568583,-0.3279,-0.28808,256.1078
2331,86,0.6186,0.3814,CV,4.5667,4.5652,-11.70906969293613,-11.718110514048686,0.03267,-0.39921,251.8202
2332,86,0.6185,0.3815,CV,4.064,4.046,-10.441537979790954,-10.449901450630195,0.22536,-0.402,248.1388
2333,86,0.6185,0.3815,CV,3.2559,3.2309,-9.068719808392187,-9.077086914301145,0.2134,-0.34561,245.5008
2334,86,0.6186,0.3814,CV,2.049,2.0231,-8.790086357421304,-8.798976344830987,0.212,-0.31304,241.7391
2335,86,0.6187,0.3813,CV,1.8869,1.8695,-8.437842924287558,-8.44700709852463,0.15589,-0.31558,237.5106
2336,86,0.6185,0.3815,CV,3.8112,3.7924,-8.434166019204847,-8.44247707408252,0.26332,-0.40035,233.842
2337,86,0.6184,0.3816,CV,3.6694,3.6497,-8.134565393053839,-8.142888645129458,0.36682,-0.30709,231.5654
2338,86,0.6179,0.3821,CV,6.7133,6.6947,-8.731968375354432,-8.738234414402207,0.58386,-0.09416,231.1241
2339,86,0.618,0.382,CV,4.041,4.0058,-9.050959129215418,-9.05804314184383,0.59448,0.00524,229.4558
2340,86,0.6175,0.3825,CV,6.5969,6.5636,-8.860700067719353,-8.865721506961703,0.80306,0.00047,227.2666
2341,86,0.6173,0.3827,CV,5.8476,5.8045,-8.445044609169098,-8.45005064597972,0.88105,-0.05092,225.1949
2342,86,0.618,0.382,CV,3.2331,3.2131,-8.178280248446995,-8.186725953857774,0.63091,-0.20429,222.0456
2343,86,0.6184,0.3816,CV,3.4541,3.445,-8.437714686777563,-8.44660364007582,0.36765,-0.35848,220.5127
2344,86,0.6186,0.3814,CV,4.3895,4.3881,-9.422392225270354,-9.431333741341906,0.00955,-0.43381,219.2351
2345,86,0.6183,0.3817,CV,4.7092,4.6895,-9.475406805530051,-9.482972807408933,0.16288,-0.48522,218.9954
2346,86,0.618,0.382,CV,5.8173,5.7998,-10.266136577976049,-10.273013119253003,0.47308,-0.37778,218.3646
2347,86,0.6184,0.3816,CV,5.1899,5.1963,-14.537084063689694,-14.546024035023201,0.09614,-0.47024,214.7364
2348,86,0.6148,0.3852,CV,18.7151,18.7138,-35.1104721224446,-35.10336960446588,-1.15658,-0.53192,206.0205
2349,86,0.6178,0.3822,CV,4.7699,4.7859,-25.64671599432102,-25.65781903370252,-0.40723,-0.31887,200.472
2350,86,0.619,0.381,CV,8.5227,8.5588,-27.400099046138884,-27.412008411868932,0.4126,-0.06992,198.6622
2351,86,0.6187,0.3813,CV,5.5167,5.5114,-28.32762248312521,-28.336401832547107,0.4832,0.0152,197.6368
2352,86,0.6187,0.3813,CV,2.6828,2.6592,-24.92782762325379,-24.936848394817858,0.42769,-0.09542,194.3835
2353,86,0.6184,0.3816,CV,4.4104,4.3925,-24.844336075396452,-24.85212293594851,0.46113,-0.28965,190.3658
2354,86,0.6179,0.3821,CV,5.8119,5.7906,-20.570635410894205,-20.57693114946634,0.61045,-0.30768,184.8242
2355,86,0.6173,0.3827,CV,6.2166,6.1809,-19.0782574472368,-19.08259301590554,0.73931,-0.36583,179.076
2356,86,0.6142,0.3858,CV,12.2157,12.1761,-14.837731880947434,-14.830081421186883,1.40768,-0.26287,175.1841
2357,86,0.6124,0.3876,CV,10.4481,10.3726,-11.626231398332134,-11.615496253021494,1.67313,-0.21231,171.5488
2358,86,0.6134,0.3866,CV,7.242,7.1577,-14.221449660138232,-14.217557489538226,1.55339,-0.12297,168.8477
2359,86,0.6158,0.3842,CV,4.051,3.9837,-16.152211446405243,-16.156693585312873,1.17308,-0.04842,166.6966
2360,86,0.6181,0.3819,CV,2.73,2.7528,-17.45755424240904,-17.468570016420145,0.65068,0.1408,162.4298
2361,86,0.6188,0.3812,CV,4.1877,4.2036,-18.015471884725084,-18.025706787735743,0.18412,0.26382,160.0918
2362,86,0.6185,0.3815,CV,5.7109,5.7125,-26.849014768715918,-26.857368437354886,0.4298,0.08671,154.6728
2363,86,0.6175,0.3825,CV,6.4909,6.4669,-30.464052197286666,-30.46822629785689,0.75008,0.12274,150.4494
2364,86,0.6153,0.3847,CV,10.1178,10.0865,-27.151484871554345,-27.14801280362049,1.13112,0.04559,149.6515
2365,86,0.6097,0.3903,CV,16.388,16.3498,-18.08807758190667,-18.06407552887751,1.63205,0.4932,140.8838
2366,86,0.6101,0.3899,CV,8.5825,8.4985,-13.45699514716866,-13.44325765931245,1.72775,0.42768,137.1436
2367,86,0.6093,0.3907,CV,12.787,12.7353,-15.42678902117586,-15.408865011635555,1.77355,0.21932,138.5106
2368,86,0.6144,0.3856,CV,4.5402,4.4981,-15.214442435368655,-15.219404407162866,1.12064,0.09393,138.1074
2369,86,0.6162,0.3838,CV,3.4592,3.4007,-11.730123421927704,-11.734888751674834,0.91825,0.10322,135.2306
2370,86,0.6132,0.3868,CV,10.8686,10.8205,-15.189250330466075,-15.178856148923977,1.34889,0.0616,132.8379
2371,86,0.6125,0.3875,CV,8.7297,8.6629,-9.901846863334905,-9.892812930307858,1.45316,-0.06642,130.0266
2372,86,0.6114,0.3886,CV,9.0427,8.9689,-9.405855496202882,-9.393493701960669,1.56444,-0.18087,126.9072
2373,86,0.6094,0.3906,CV,10.1935,10.1142,-8.86150889680039,-8.842056172073942,1.7701,0.00903,123.2136
2374,86,0.6044,0.3956,CV,14.1683,14.088,-12.461304660994546,-12.424200302315615,2.18827,0.02478,123.6423
2375,86,0.5964,0.4036,CV,16.6231,16.5054,-12.680824927061092,-12.617372137897089,2.74481,0.14812,121.5458
2376,86,0.6019,0.3981,CV,8.8249,8.6837,-8.211023209005196,-8.18251667817728,2.47313,-0.06551,119.8788
2377,86,0.6026,0.3974,CV,10.3746,10.2462,-8.486112959761593,-8.452437113492945,2.44201,-0.08289,119.5712
2378,86,0.6084,0.3916,CV,5.6641,5.5337,-8.564772861724235,-8.554329693219664,2.01225,-0.05366,118.1022
2379,86,0.6136,0.3864,CV,2.968,2.8655,-11.265154795462749,-11.2678389092108,1.47976,0.00872,116.2703
2380,86,0.6145,0.3855,CV,4.8812,4.8058,-9.88952101490486,-9.888529504638674,1.31627,0.00106,113.9397
2381,86,0.6161,0.3839,CV,3.5257,3.4681,-13.39541751680023,-13.399916595294677,1.04313,0.04062,110.8666
2382,86,0.6147,0.3853,CV,7.2533,7.2077,-14.028599667739659,-14.024608876197764,1.17889,0.01739,110.1075
2383,86,0.6147,0.3853,CV,5.7448,5.6866,-11.462495105556995,-11.460669471657244,1.14341,0.13089,107.4639
2384,86,0.6093,0.3907,CV,11.5386,11.4794,-10.302393912030647,-10.277627184871147,1.61814,0.06629,103.8223
2385,86,0.6044,0.3956,CV,11.7465,11.6702,-9.807050339663174,-9.769884965421522,1.85125,0.33107,98.5363
2386,86,0.6102,0.3898,CV,8.2532,8.2253,-7.711583589665338,-7.706154617960402,1.5875,-0.0103,98.3781
2387,86,0.6129,0.3871,CV,8.445,8.4278,-7.94921882761403,-7.9463332776043085,1.18842,0.30451,92.2084
2388,86,0.6178,0.3822,CV,1.6387,1.6634,-6.480105933333927,-6.494152218935827,0.71696,0.0452,88.7179
2389,86,0.6174,0.3826,CV,9.7683,9.7875,-11.724199142986672,-11.729130850378121,0.29738,-0.27147,89.113
2390,86,0.6161,0.3839,CV,6.9556,6.9358,-10.54742978247274,-10.54757517813649,-0.12067,-0.33866,88.7053
2391,86,0.6175,0.3825,CV,4.3114,4.3148,-9.656149888820693,-9.664206268574832,-0.34539,-0.24878,85.6033
2419,90,0.7,0.3,CV,19.9844,19.9844,-11.577161905004413,-11.577161905004413,0.0,0.0,62.9259
2420,90,0.62,0.38,CV,23.5644,23.5644,-17.66856835394419,-17.561056599720953,12.43426,2.31249,86.7675
2421,90,0.298,0.702,CA,27.1459,26.7924,-22.64466593460056,-21.311089828491404,37.9462,10.22071,177.4702
2422,90,0.123,0.877,CA,23.2666,21.6606,-16.927571168042547,-14.94602596609663,78.51886,21.71014,311.3523
2423,90,0.2455,0.7545,CA,13.2592,11.007,-9.406883172227921,-8.512971639475573,103.99904,29.03263,349.709
2454,92,0.7,0.3,CV,66.8271,66.8271,-15.251304235464259,-15.251304235464259,0.0,0.0,749.0557
2455,92,0.642,0.358,CV,59.975,59.975,-15.518635312098688,-15.505437779373015,-9.14931,-1.8923,1046.7195
2456,92,0.6088,0.3912,CV,52.3421,51.9125,-18.05175578848166,-17.984669483446453,-24.90374,1.82517,1590.5596
2457,92,0.579,0.421,CV,51.9885,50.5838,-20.6269941820624,-20.485199084543247,-34.50276,6.80553,2165.2425
2458,92,0.571,0.429,CV,46.1767,44.0223,-18.88231811952481,-18.751758027756424,-32.65197,10.51813,2703.8831
2459,92,0.5697,0.4303,CV,49.7652,47.4386,-17.009261257626868,-16.885103659949753,-28.31885,12.08494,3175.1379
2460,92,0.5931,0.4069,CV,26.6509,24.4,-15.133745505299773,-15.107509976815395,-20.61928,10.57707,3489.8753
2461,92,0.5925,0.4075,CV,55.0719,53.5578,-14.019277398414037,-13.956303917034495,-15.65714,7.4767,3809.4297
2462,92,0.5898,0.4102,CV,66.4387,64.9212,-15.175622733386005,-15.102430971978045,-18.5716,6.93493,4074.2953
2463,92,0.5966,0.4034,CV,48.5697,46.9404,-13.812346493883956,-13.771524918486769,-16.67436,5.36303,4318.2794
2464,92,0.6075,0.3925,CV,35.7524,34.9401,-13.387554073400034,-13.382068008137402,-13.24883,3.39972,4482.4737
2465,92,0.6151,0.3849,CV,29.8903,29.8967,-13.759382335153814,-13.769653424590285,-9.21257,1.85138,4567.0155
2466,92,0.6182,0.3818,CV,28.7621,28.9651,-14.04987050924728,-14.062172220154922,-5.64198,0.49676,4619.9006
2467,92,0.6185,0.3815,CV,26.9917,27.0098,-14.054706312268808,-14.063878779581767,-3.49623,-0.41808,4671.0343
2468,92,0.6184,0.3816,CV,27.3482,27.323,-13.676175045165484,-13.684325537477958,-1.57674,-1.51982,4731.7793
2469,92,0.6176,0.3824,CV,40.6177,40.5323,-13.828582404451847,-13.833433157732365,0.59722,-2.16593,4749.7607
2470,92,0.6158,0.3842,CV,52.275,52.0585,-13.67461114272263,-13.673132993833699,1.9318,-2.30685,4698.1279
2471,92,0.6132,0.3868,CV,63.7891,63.4866,-14.392865554473904,-14.382926945180001,1.32175,-1.47594,4565.299
2472,92,0.6093,0.3907,CV,70.4154,70.0063,-14.831579109805434,-14.809084751985708,-0.25977,0.1016,4385.246
2473,92,0.6036,0.3964,CV,70.6618,70.0814,-14.700092079641117,-14.659529134529734,-1.74488,0.8722,4162.8299
2474,92,0.6079,0.3921,CV,35.2326,34.5469,-14.995477551784338,-14.981591545021178,-0.01466,0.70025,3984.1998
2475,92,0.6183,0.3817,CV,31.7614,32.1817,-17.667833201761507,-17.691080118047058,2.64644,-0.01623,3910.9094
2476,92,0.6172,0.3828,CV,37.5859,37.4456,-19.670022352106592,-19.673488970838427,4.42689,-1.97217,3767.7036
2477,92,0.6144,0.3856,CV,45.9086,45.6466,-21.149718083415163,-21.142877361696762,6.02545,-3.07064,3628.2953
2478,92,0.6108,0.3892,CV,52.575,52.1962,-22.57203276223103,-22.554107848808115,7.37969,-3.71097,3472.13
2479,92,0.6123,0.3877,CV,31.0483,30.6076,-17.25452615943285,-17.24830526550408,6.41789,-3.84783,3342.1473
2479,93,0.7,0.3,CV,24.7787,24.7787,-18.898951732392888,-18.898951732392888,0.0,0.0,175.9112
2480,92,0.6123,0.3877,CV,37.2342,36.8594,-15.779788377241218,-15.771177512039166,6.6707,-3.41336,3246.5877
2480,93,0.6411,0.3589,CV,23.8649,23.8649,-19.06040899352987,-19.04349379204382,-7.34474,3.66722,247.0788
2481,92,0.612,0.388,CV,37.7457,37.3601,-14.437360041997144,-14.427878258642657,6.87182,-2.92695,3159.0796
2481,93,0.6013,0.3987,CV,22.2058,21.9392,-13.005883766096723,-12.908423813416393,-10.89644,10.71161,387.4085
2482,92,0.6118,0.3882,CV,38.5878,38.2046,-16.397677833640003,-16.387587546485378,6.96193,-2.54833,3092.7643
2483,92,0.6148,0.3852,CV,16.4794,16.0887,-15.76751956519373,-15.770166694567205,5.32994,-1.96933,3029.0856
2484,92,0.6156,0.3844,CV,22.3002,22.0199,-15.560413196286648,-15.562237684142099,4.68755,-1.4077,2988.0897
2485,92,0.6159,0.3841,CV,24.9956,24.7722,-18.00347733877665,-18.00549501957668,4.2366,-1.86263,2918.1664
2485,93,0.5,0.5,CA,97.0111,96.8116,-25.3541633447499,-24.64110687939903,-6.4557,27.35087,605.4359
2486,92,0.6166,0.3834,CV,17.4189,17.1858,-17.722639995773562,-17.727159826647735,3.65262,-1.64238,2853.7094
2486,93,0.5492,0.4508,CV,32.1267,31.9347,-14.232664463724529,-14.12791710178399,-1.50372,21.88619,636.0142
2487,92,0.6163,0.3837,CV,24.6368,24.4255,-14.397309089699544,-14.399519121258063,3.88754,-1.6414,2795.1255
2487,93,0.5646,0.4354,CV,37.7113,37.3912,-13.435261752938136,-13.321855655250378,0.25045,14.95724,681.0842
2488,92,0.6171,0.3829,CV,23.4043,23.3223,-12.346334708394464,-12.35217207669126,3.1072,-1.21197,2801.4533
2488,93,0.58,0.42,CV,34.6007,34.2207,-16.41836385102554,-16.34582966223859,2.99276,9.74779,712.9033
2489,92,0.6173,0.3827,CV,22.0428,21.9355,-12.074100334495155,-12.07959137244941,2.12114,-1.17334,2824.3838
2489,93,0.5881,0.4119,CV,31.4341,30.9648,-22.41470871267954,-22.352925301180143,4.15807,7.65816,735.9512
2490,92,0.6172,0.3828,CV,27.9229,27.8489,-12.276794744739396,-12.28146859610937,0.61624,-1.38304,2864.9408
2490,93,0.6108,0.3892,CV,45.1728,45.4331,-23.936416582008675,-23.95727865917453,4.40423,2.14313,693.3765
2491,92,0.6164,0.3836,CV,37.397,37.2968,-12.633518111093828,-12.635216260395042,-1.061,-1.72043,2926.4607
2491,93,0.6151,0.3849,CV,25.5311,25.6383,-16.479701513519313,-16.485166900185824,1.98823,-1.63088,662.9474
2492,92,0.6158,0.3842,CV,34.4551,34.2631,-12.8463098228052,-12.846401843248191,-1.44229,-1.69953,3023.2784
2493,92,0.6145,0.3855,CV,54.5354,54.3559,-16.331676747407954,-16.3272151024257,-0.43418,-1.362,3216.1355
2494,92,0.6146,0.3854,CV,43.9826,43.7477,-19.2295711177643,-19.22748668435224,0.70149,-1.53054,3407.851
2495,92,0.6152,0.3848,CV,41.7087,41.5413,-23.03164524827436,-23.032208147668598,2.13345,-1.71254,3556.7244
2496,92,0.6161,0.3839,CV,22.2281,21.985,-22.579647592108707,-22.582948797329344,1.60861,-1.38317,3741.6145
2497,92,0.6171,0.3829,CV,13.6712,13.5877,-20.59014243434079,-20.596491265380116,0.6446,-1.44939,3908.3781
2498,92,0.6178,0.3822,CV,22.496,22.5542,-18.880679757714006,-18.888421454814114,-0.18107,-1.58185,4012.3542
2499,92,0.6181,0.3819,CV,16.2823,16.2526,-18.031049381601754,-18.03880033467762,-0.56686,-1.4341,4130.212
2500,92,0.6183,0.3817,CV,13.8402,13.7884,-19.390706961258402,-19.398971045646157,0.17205,-1.51235,4275.6252
2501,92,0.6184,0.3816,CV,12.3147,12.2283,-18.930234157858067,-18.938748914824668,0.26458,-1.48007,4407.4432
2502,92,0.618,0.382,CV,33.0128,32.935,-20.01438617424624,-20.021001031424465,0.60736,-1.56132,4448.0777
2503,92,0.6167,0.3833,CV,47.38,47.217,-21.129030877145865,-21.13084258527914,1.97061,-1.61546,4427.2918
2504,92,0.6171,0.3829,CV,27.2849,27.0115,-19.69825985930197,-19.703379717264106,1.384,-1.07357,4429.8425
2505,92,0.6176,0.3824,CV,29.477,29.3294,-16.8710490352457,-16.877980024039775,-0.88072,-1.40958,4431.8956
2506,92,0.6004,0.3996,CV,130.0809,129.8583,-18.806039999212352,-18.739835791528222,-2.7332,2.99249,4062.6044
2507,92,0.6039,0.3961,CV,41.6758,40.9328,-13.227069557188749,-13.20077793297571,-0.82489,2.61022,3871.9143
2508,92,0.6121,0.3879,CV,21.3833,20.8739,-13.25616947235664,-13.259327456870167,0.38889,0.10912,3680.132
2509,92,0.6153,0.3847,CV,28.1499,27.9088,-15.091379918424112,-15.095861316486651,1.81113,-2.86903,3440.029
2509,94,0.7,0.3,CV,47.7254,47.7254,-21.29495245952842,-21.29495245952842,0.0,0.0,394.6245
2510,92,0.6177,0.3823,CV,23.6094,23.4911,-11.905707147835143,-11.915600244184867,-1.38748,-2.82746,3178.9599
2510,94,0.6363,0.3637,CV,51.5139,51.5139,-39.39989206837392,-39.36206982857437,-17.36785,2.0317,549.2065
2511,92,0.6183,0.3817,CV,25.5891,25.5258,-11.664491420474826,-11.67355416156615,-3.51563,-2.51621,2943.0071
2511,94,0.5497,0.4503,CV,52.3966,51.9189,-79.2321181936752,-78.93050724448933,-46.31212,-0.8862,874.6459
2512,92,0.6192,0.3808,CV,13.9138,13.8387,-11.279901917710893,-11.291801068033308,-2.94662,-2.12169,2729.7599
2512,94,0.469,0.531,CA,40.336,38.33,-103.17849280801533,-102.68032105093744,-68.02495,-3.14645,1306.665
2513,92,0.6168,0.3832,CV,28.768,28.6252,-14.569527061671122,-14.569857573358362,-2.78934,-2.79227,2455.7637
2513,94,0.1365,0.8635,CA,90.246,86.9413,-144.1953382930763,-142.09262427518237,-150.51578,-4.25563,2084.3165
2514,94,0.1745,0.8255,CA,88.066,83.0811,-125.37388544925142,-124.0294271558287,-263.28767,-6.70623,2597.1953
2514,92,0.5965,0.4035,CV,69.1948,68.9753,-28.741177162781305,-28.65976807953586,-5.6444,-3.48358,2101.0969
2515,92,0.609,0.391,CV,27.1968,27.1701,-27.317304976044955,-27.318411985778692,-6.4853,0.27996,1853.9844
2515,94,0.2022,0.7978,CA,59.1817,52.3459,-96.97047548490535,-95.75368861077939,-349.2437,-7.43923,3067.9933
2516,92,0.622,0.378,CV,31.7422,32.1152,-18.837882287586933,-18.875325770914095,0.47842,0.9789,1612.8493
2516,94,0.462,0.538,CA,28.8879,28.3449,-94.66342168521768,-94.62828863018856,-304.6045,-5.63458,3241.4284
2517,94,0.702,0.298,CV,31.5896,40.4275,-34.92825801378264,-35.537079394825234,-31.3106,-0.45124,2880.4245
2517,92,0.6137,0.3863,CV,37.9827,37.9691,-23.37395629926168,-23.35697066828928,3.04815,2.27618,1436.4671
2518,94,0.6758,0.3242,CV,10.3212,11.2787,-34.62610754600592,-34.760545923108985,7.92918,1.18831,2173.9564
2518,92,0.608,0.392,CV,31.5021,31.2963,-16.536951310286486,-16.50823703508583,5.17016,1.67236,1263.332
2519,94,0.5751,0.4249,CV,41.6252,41.3925,-15.642742393567158,-15.38525381314573,57.225,0.7104,1809.2061
2519,92,0.5888,0.4112,CV,91.0181,91.0059,-25.51813388561272,-25.418188003735537,-0.45375,4.97589,1223.0565
2520,92,0.6042,0.3958,CV,67.3395,67.5386,-18.62546044271945,-18.617585085598655,1.55733,5.65859,1015.9171
2520,94,0.4775,0.5225,CA,41.015,38.5852,-12.984973595697063,-12.48382616926453,78.47431,-0.27162,1652.2885
2521,92,0.5929,0.4071,CV,33.565,33.3234,-15.0633000427618,-14.98591383988869,1.66121,7.62083,918.6208
2521,94,0.3893,0.6107,CA,44.9595,41.7322,-13.831299472720993,-13.110947352778538,107.97083,-1.5513,1641.5314
2522,94,0.2894,0.7106,CA,49.4431,45.2037,-15.354255232128464,-14.310775713950203,161.4733,-2.57696,1734.5582
2522,92,0.5579,0.4421,CV,68.1691,67.914,-22.604118474425448,-22.400016206146127,-0.91737,9.82917,888.0091
2523,94,0.2587,0.7413,CA,45.3405,40.0575,-13.672102206238538,-12.614387744777352,228.47324,-5.09453,1862.7428
2523,92,0.5168,0.4832,CV,167.8034,167.4584,-49.92287813378471,-49.60438223702202,-2.38431,7.08246,1029.7971
2524,94,0.5655,0.4345,CV,98.9096,100.7056,-35.287220359114855,-35.58834427996746,125.11022,-10.55166,2182.7385
2524,92,0.5761,0.4239,CV,50.6586,50.5102,-13.520091046614224,-13.500320482690597,-3.00196,2.88102,1051.3492
2525,92,0.59,0.41,CV,138.6605,139.1681,-95.25196464913958,-95.2037887268846,-2.53654,-4.61656,812.8503
2525,94,0.5857,0.4143,CV,48.8389,48.2908,-15.70174979427779,-15.651005495493308,78.54819,-9.85248,2181.9778
2526,94,0.6145,0.3855,CV,8.3217,6.838,-11.747944047585486,-11.78811667113472,53.36374,-6.77602,2053.1424
2526,92,0.5837,0.4163,CV,22.7478,22.5186,-33.95804208068879,-33.86331566829663,1.75007,-8.45779,738.3908
2527,94,0.3967,0.6033,CA,108.2019,107.2678,-34.1045040901062,-33.21668450144856,103.40235,-5.15092,1866.0044
2528,94,0.5485,0.4515,CV,12.0899,11.6961,-12.141162213908045,-12.179961260513178,78.23799,-1.6057,1764.6021
2529,94,0.6412,0.3588,CV,31.992,34.7899,-19.253916963728926,-19.462241153867794,-1.6124,3.16233,1499.3815
2529,92,0.5,0.5,CA,119.6948,119.885,-43.82219905929533,-43.36156477074805,2.27998,-3.86457,738.1849
2530,94,0.6241,0.3759,CV,18.238,18.0786,-17.255787588736638,-17.25439180714255,-15.93063,3.26835,1275.1664
2530,92,0.5601,0.4399,CV,56.8722,56.8085,-17.983479037694103,-17.922881686373913,5.89588,-4.90534,624.0542
2531,94,0.6244,0.3756,CV,11.1471,10.9487,-13.667034850059315,-13.692211672276658,-10.36045,2.57656,1139.8114
2531,92,0.6099,0.3901,CV,18.686,19.2104,-12.019406357470764,-12.077452475066504,2.36373,-2.4967,594.6155
2532,94,0.6253,0.3747,CV,19.5545,19.8426,-10.51124841663422,-10.539857528939113,-0.15712,2.08175,1039.433
2532,92,0.6,0.4,CV,69.982,70.0057,-22.656421409263537,-22.6000605126501,-1.68882,1.27533,635.1127
2533,94,0.6118,0.3882,CV,30.9015,30.8169,-14.295426989374846,-14.265692428978564,6.59445,1.89352,967.5803
2533,92,0.5856,0.4144,CV,71.5337,71.2652,-21.41189297218604,-21.31038839274126,-3.91696,2.81343,699.212
2534,94,0.6108,0.3892,CV,21.7129,21.4958,-31.63739641907179,-31.623503491896244,6.56095,1.39777,885.3201
2534,92,0.5871,0.4129,CV,72.474,72.3048,-22.01772268081489,-21.943333106348085,-6.29381,2.78825,701.1207
2535,94,0.6129,0.3871,CV,23.0575,22.9767,-45.919779230804636,-45.91586468919955,4.39459,1.13113,802.0818
2535,92,0.5816,0.4184,CV,99.8,99.9707,-159.88394138482275,-159.78477904500022,-3.16553,-0.83584,594.0876
2536,94,0.5715,0.4285,CV,59.1664,58.9582,-76.00894426852251,-75.8308440986937,11.11863,1.22519,764.0189
2536,92,0.5925,0.4075,CV,16.7091,16.3416,-114.45079161283347,-114.40465240771444,-2.47263,0.29915,579.231
2537,94,0.5247,0.4753,CV,63.776,63.1662,-65.37723009137886,-65.0706027307127,15.94765,1.92871,739.8108
2537,92,0.6005,0.3995,CV,14.8269,14.519,-93.50157925337516,-93.47301264408885,-0.98741,1.3332,555.782
2538,94,0.502,0.498,CV,59.3203,58.4926,-60.023910875382455,-59.69422425688743,19.95236,3.38502,736.5747
2538,92,0.5736,0.4264,CV,31.4273,31.1382,-105.40343655806726,-105.25188536269019,2.1367,0.6736,504.4092
2539,94,0.4941,0.5059,CA,54.6607,53.6601,-46.17143083852099,-45.84273714943737,24.05089,4.63883,755.7702
2539,92,0.5029,0.4971,CV,39.4352,39.0505,-97.26039105261727,-96.86329811403078,8.34896,0.40213,452.0563
2540,94,0.4774,0.5226,CA,55.5866,54.4476,-56.284250948959865,-55.899969210107706,29.67581,7.13855,774.5702
2540,92,0.5207,0.4793,CV,23.2234,22.8285,-32.23033600945786,-32.006827231860925,11.71196,2.30883,411.7773
2541,94,0.494,0.506,CA,38.3256,36.9743,-26.421396707459945,-26.127266319203294,32.83847,9.13909,809.4623
2541,92,0.6147,0.3853,CV,26.4365,27.0066,-44.69062206222522,-44.825747059532745,1.56692,3.96422,375.7431
2542,94,0.5778,0.4222,CV,19.9322,20.0094,-10.57977281517352,-10.599846294130986,21.86324,8.4553,850.9434
2542,92,0.5042,0.4958,CV,59.7332,59.7355,-32.34135265324893,-31.889129598505686,-9.74276,4.36734,361.8594
2543,94,0.6059,0.3941,CV,22.0112,22.038,-15.112469071569404,-15.127703278452838,12.02539,7.41645,842.6746
2543,92,0.4427,0.5573,CA,49.2404,48.5132,-20.84000805607997,-20.301526194702156,-13.83726,5.49694,378.0782
2544,94,0.6204,0.3796,CV,23.0924,23.4696,-25.295527082238166,-25.33085036697574,1.01158,4.13103,819.4035
2544,92,0.4919,0.5081,CA,30.8729,30.0809,-21.037486781173968,-20.784590001392885,-15.93282,5.49074,385.7244
2545,94,0.616,0.384,CV,21.2281,21.1571,-43.52304875056969,-43.51806288644177,-3.30691,2.46482,776.6886
2545,92,0.5461,0.4539,CV,14.7323,13.8642,-10.246496278301873,-10.140863296370156,-13.97926,5.04472,407.938
2546,92,0.6227,0.3773,CV,42.7256,43.5739,-36.28274023182557,-36.41495705999076,1.75952,-0.9513,395.2955
2547,92,0.5074,0.4926,CV,52.7894,52.6758,-25.018513053557214,-24.567343560228593,10.88187,-7.42647,368.7031
2548,92,0.4598,0.5402,CA,27.2064,26.4297,-24.735326553651873,-24.261308816988677,16.94695,-8.55853,362.1987
2556,96,0.7,0.3,CV,39.5533,39.5533,-20.335937934669985,-20.335937934669985,0.0,0.0,376.3285
2557,96,0.6372,0.3628,CV,45.1042,45.1042,-38.2821554563919,-38.24809512081162,-17.00307,-2.80607,522.5362
2558,96,0.5375,0.4625,CV,51.6716,51.1829,-75.92647944208603,-75.57445324356408,-47.26715,-11.32505,850.5087
2559,96,0.4763,0.5237,CA,36.8809,34.8236,-74.96935453361547,-74.5180717065775,-64.46838,-13.24621,1283.0154
2560,96,0.075,0.925,CA,100.4307,97.3267,-115.85695696102913,-113.07585781342823,-165.23355,-30.84541,2029.9584
2561,96,0.2097,0.7903,CA,63.6713,59.0832,-88.19231664400661,-87.1626295650557,-248.75463,-38.03514,2393.3746
2562,96,0.2452,0.7548,CA,48.5422,42.3203,-81.54404640357231,-80.52596604439499,-309.73147,-47.26591,2742.7683
2563,96,0.4417,0.5583,CA,28.4786,26.3545,-91.4990558781843,-91.321616075198,-279.76696,-41.24209,2892.5097
2564,96,0.6549,0.3451,CV,20.9493,26.6433,-51.46633045610198,-51.887531008255905,-107.18459,-10.99014,2486.433
2565,96,0.6796,0.3204,CV,18.9672,20.8947,-64.01846477071217,-64.24164812304974,-16.5442,3.59493,1904.5352
2566,96,0.6504,0.3496,CV,14.6361,14.878,-52.32650587070189,-52.380983794743706,14.1703,6.3385,1471.6576
2567,96,0.6229,0.3771,CV,14.4698,13.8169,-44.48136150281029,-44.46131834074626,20.97574,6.34638,1209.6392
2568,96,0.6113,0.3887,CV,11.9776,11.0902,-34.33781041899151,-34.3093148538558,19.83352,5.45874,1036.4958
2568,97,0.7,0.3,CV,15.0258,15.0258,-11.267660502474476,-11.267660502474476,0.0,0.0,687.8235
2569,96,0.6292,0.3708,CV,16.2589,16.7413,-23.755627987082097,-23.820575703762067,6.12287,2.42377,874.8505
2569,97,0.6476,0.3524,CV,13.823,13.823,-11.749072095086362,-11.760276598453752,-3.77935,5.00064,917.3147
2570,96,0.5668,0.4332,CV,41.2777,41.085,-22.489834386642535,-22.268275719058412,19.36462,4.06811,793.4605
2570,97,0.6415,0.3585,CV,8.0262,7.8905,-12.335625809794726,-12.399619454019888,-6.95455,7.28667,1325.8133
2571,96,0.5605,0.4395,CV,22.7145,21.7238,-20.976822561537524,-20.82131822863223,20.11632,3.70017,731.4394
2571,97,0.6416,0.3584,CV,12.9569,12.6762,-12.522411303344333,-12.596105085274477,-13.69011,4.03423,1593.97
2572,96,0.59,0.41,CV,13.2177,12.705,-12.18960186412746,-12.1639653961338,15.03993,2.83444,696.9897
2572,97,0.6471,0.3529,CV,7.8135,8.1975,-12.475795624277533,-12.57291452521196,-5.3412,-1.86623,1681.0247
2573,96,0.6039,0.3961,CV,15.4524,15.196,-20.277669440965905,-20.266805477806294,11.24938,1.45959,641.3474
2573,97,0.6412,0.3588,CV,12.3218,12.4548,-11.504385437006304,-11.567966669963512,0.68942,-4.59193,1645.4578
2574,96,0.6119,0.3881,CV,10.9458,10.7699,-23.459530775787236,-23.46161042354707,7.75985,0.56157,590.6975
2574,97,0.6315,0.3685,CV,18.3504,18.3397,-10.844877050660441,-10.874995048408012,1.98869,-1.43872,1598.9979
2575,96,0.6186,0.3814,CV,5.8386,5.8718,-18.574015183714867,-18.592864353543007,4.64138,0.75484,554.0855
2575,97,0.6227,0.3773,CV,21.6482,21.4641,-10.913351205821163,-10.920608579976804,3.5683,1.21311,1536.8085
2576,96,0.6215,0.3785,CV,19.9649,20.1528,-17.09365064568089,-17.11500429244574,-0.4208,0.31667,505.0437
2577,96,0.6204,0.3796,CV,12.3475,12.4,-14.579334533455,-14.591251829421275,1.248,0.5381,475.3223
2578,96,0.6178,0.3822,CV,19.2181,19.2251,-16.911735029384523,-16.914579958471357,0.05118,1.04801,460.0584
2579,96,0.6158,0.3842,CV,15.157,15.0991,-15.185304691758198,-15.18338775626886,-0.7907,1.1931,443.4418
2580,96,0.6157,0.3843,CV,10.0147,9.9297,-15.805853466423432,-15.806549617333367,-1.05117,0.9678,429.8202
2581,96,0.6154,0.3846,CV,11.262,11.1835,-15.193194117042934,-15.192845250310214,-1.31385,0.85764,418.7318
2582,96,0.6011,0.3989,CV,44.3141,44.241,-16.986097042360598,-16.92608716833222,-3.7197,1.20657,402.9317
2583,96,0.6151,0.3849,CV,16.0213,16.162,-11.77317712007352,-11.793092121588504,-1.39877,0.92118,404.4838
2584,96,0.6147,0.3853,CV,32.0109,32.0495,-18.33912137661021,-18.336484270846917,0.95258,0.96089,414.5466
2585,96,0.6115,0.3885,CV,27.5271,27.4625,-40.825335736180335,-40.80986387178921,2.20146,0.96701,413.5485
2586,96,0.61,0.39,CV,24.2946,24.2028,-77.52687938217579,-77.5098100012149,2.80212,0.58365,403.026
2603,98,0.7,0.3,CV,89.2501,89.2501,-16.731234442313653,-16.731234442313653,0.0,0.0,1240.6289
2604,98,0.6396,0.3604,CV,96.9517,96.9517,-18.936881481262297,-18.913451826814196,-13.8188,-5.20939,1764.9513
2605,98,0.6099,0.3901,CV,62.8046,62.1243,-18.79518598352456,-18.73594134389171,-29.34627,-13.55374,2667.0271
2606,98,0.5919,0.4081,CV,55.6861,54.0251,-24.204256678172147,-24.114351787926857,-41.90417,-11.25218,3540.3746
2607,98,0.5881,0.4119,CV,48.8614,46.6739,-32.86788542896277,-32.788466386933635,-47.25487,-9.47011,4202.4953
2608,98,0.5954,0.4046,CV,40.7878,38.807,-42.35697734372196,-42.31350574016188,-43.65733,-8.74929,4556.0161
2609,98,0.6023,0.3977,CV,33.9232,32.0999,-52.59971220744264,-52.57425098704282,-36.48707,-7.9734,4649.898
2610,98,0.6103,0.3897,CV,26.8834,25.6009,-61.927366145797116,-61.925419210548725,-27.02373,-7.19533,4547.5158
2611,98,0.617,0.383,CV,18.3805,17.617,-69.19063965143422,-69.20504428533056,-17.82053,-5.56404,4331.4993
2612,98,0.6226,0.3774,CV,13.0738,13.4343,-62.839555283029206,-62.867879377982774,-8.75391,-4.15167,4086.5995
2613,98,0.6191,0.3809,CV,22.3726,21.9387,-73.01030570111185,-73.01543205365729,-8.33706,-3.81956,3861.2869
2614,98,0.6196,0.3804,CV,11.8357,11.6218,-68.52308011874545,-68.53519322594903,-5.28016,-3.16803,3664.4926
2615,98,0.6191,0.3809,CV,11.8275,11.6402,-65.44695810826185,-65.45669112130541,-3.58099,-2.42534,3506.7815
2616,98,0.6188,0.3812,CV,8.5034,8.3177,-59.712618425310396,-59.72161290432268,-2.81597,-1.52785,3354.3376
2617,98,0.6182,0.3818,CV,17.7729,17.6618,-50.75618258231397,-50.762980882592586,-2.91841,-0.62268,3219.5083
2618,98,0.6179,0.3821,CV,16.5277,16.3959,-41.11704469789503,-41.12336270385065,-2.8321,-0.00248,3112.6851
2619,98,0.6176,0.3824,CV,17.0942,16.9568,-32.53424022968446,-32.54014509779586,-2.76765,0.43253,3021.7911
2620,98,0.6175,0.3825,CV,17.9079,17.7732,-28.242871562312647,-28.24854234980586,-2.65838,0.91492,2942.7865
2621,98,0.6179,0.3821,CV,10.7142,10.6006,-24.094904810135098,-24.102468521917615,-1.94423,1.16414,2877.5113
2622,98,0.6184,0.3816,CV,6.1435,6.1068,-20.096842008539312,-20.105676453986497,-1.06881,1.09811,2827.6177
2623,98,0.6185,0.3815,CV,5.0036,4.9441,-17.177286095692935,-17.18605929570569,-0.65199,0.98708,2786.5088
2624,98,0.6186,0.3814,CV,10.2858,10.2913,-14.774555453489164,-14.783394822455534,0.21539,0.91374,2753.6031
2625,98,0.6183,0.3817,CV,18.4696,18.443,-13.799900194532494,-13.807467088537111,1.27371,0.95354,2716.2921
2626,98,0.6179,0.3821,CV,20.2217,20.1551,-12.422118945082303,-12.428514463341301,1.99985,0.7809,2710.229
2627,98,0.6168,0.3832,CV,34.1676,34.0689,-12.385427107062881,-12.387557816923673,2.97398,0.45314,2747.7185
2628,98,0.6162,0.3838,CV,30.2329,30.0598,-12.31384585970644,-12.315141637376488,3.6217,0.50926,2759.9201
2629,98,0.6161,0.3839,CV,26.3055,26.1054,-12.690283445380997,-12.692108398169736,3.52986,0.79281,2796.3558
2630,98,0.6155,0.3845,CV,43.1012,42.971,-17.043990421410378,-17.043227613047424,2.75167,1.02728,2926.527
2631,98,0.6156,0.3844,CV,32.3772,32.1652,-20.238551271046518,-20.23915326310317,2.01608,1.31486,3059.6443
2632,98,0.6152,0.3848,CV,37.9097,37.6772,-23.346759259756773,-23.34570797517805,2.04122,1.54518,3212.2378
2633,98,0.6153,0.3847,CV,35.0709,34.8251,-26.578692501923605,-26.578644944056514,1.89228,1.81837,3387.1858
2634,98,0.6152,0.3848,CV,39.6651,39.421,-30.49283920430904,-30.492306323800378,1.64152,2.0118,3608.3218
2635,98,0.6154,0.3846,CV,37.5175,37.2594,-33.3634078698177,-33.36373897000112,1.41411,2.04152,3862.2843
2636,98,0.6163,0.3837,CV,24.7815,24.5568,-33.68822253059002,-33.69185707984349,1.3915,2.20949,4074.7711
2637,98,0.6163,0.3837,CV,34.3564,34.1457,-34.28260059506678,-34.285225428794,1.89435,2.31646,4334.3695
2638,98,0.6164,0.3836,CV,37.3422,37.1461,-32.80670421148503,-32.809606000813396,2.77172,2.46606,4596.0339
2639,98,0.6166,0.3834,CV,34.6794,34.4787,-31.58561125792105,-31.589278053653203,3.43805,2.32463,4836.1843
2640,98,0.6173,0.3827,CV,21.9081,21.766,-30.10368262273792,-30.11004636468391,2.86623,2.13173,5036.7774
2641,98,0.618,0.382,CV,25.613,25.634,-27.17638665365177,-27.184476519547815,0.95879,2.08815,5210.3278
2642,98,0.618,0.382,CV,30.9533,30.8959,-22.90707147074015,-22.91443678341642,-0.26823,1.71468,5345.2768
2643,98,0.6182,0.3818,CV,25.0097,24.905,-20.28830718275543,-20.296163560457344,1.075,1.39085,5501.6382
2644,98,0.6176,0.3824,CV,42.8019,42.6788,-17.12491239962828,-17.130355785849634,3.45649,1.10975,5642.3913
2645,98,0.6162,0.3838,CV,56.0627,55.8213,-14.852879363266089,-14.853151582302038,5.89761,1.08366,5746.5739
2646,98,0.616,0.384,CV,42.9902,42.6406,-14.276112966558097,-14.277614878633033,6.68036,0.59776,5877.5454
2647,98,0.6163,0.3837,CV,37.2656,36.8924,-13.965724452640119,-13.968417924721296,6.71507,0.10272,6013.6201
2648,98,0.6168,0.3832,CV,29.4932,29.1442,-14.016429451955556,-14.021300248736434,5.7165,-0.08133,6072.2957
2649,98,0.6155,0.3845,CV,54.5666,54.2289,-15.984850666476794,-15.98307049227469,7.16968,0.0089,6089.4342
2650,98,0.6169,0.3831,CV,22.9444,22.6107,-17.45817696170991,-17.464639364801695,5.15716,0.34301,6098.6337
2651,98,0.6161,0.3839,CV,48.6368,48.3508,-15.691743918398714,-15.692429593618375,4.93462,1.41698,6003.7122
2652,98,0.6157,0.3843,CV,41.3535,40.9733,-13.884264221054556,-13.884735783846578,4.6787,1.80528,5889.5905
2653,98,0.6166,0.3834,CV,27.3832,26.9656,-12.96046541488581,-12.964891443758,4.14309,1.65429,5788.108
2654,98,0.6166,0.3834,CV,37.5072,37.2383,-13.074575662490938,-13.078054923256662,5.65793,0.86801,5706.4463
2655,98,0.6174,0.3826,CV,24.3687,24.073,-12.853983601801607,-12.860499837588689,5.34361,0.08314,5625.09
2656,98,0.6175,0.3825,CV,25.8999,25.6321,-13.18999875508481,-13.196016369743635,5.19237,-0.27433,5545.1629
2657,98,0.6178,0.3822,CV,21.9973,21.7695,-13.787722244531256,-13.794661255188606,4.54866,-0.67974,5482.4537
2658,98,0.6178,0.3822,CV,21.2747,21.051,-14.66817401057342,-14.67488204163716,4.04675,-0.93301,5426.283
2659,98,0.6181,0.3819,CV,16.3061,16.1669,-15.380615314379133,-15.388573094697552,2.90369,-1.20534,5394.5748
2660,98,0.6181,0.3819,CV,17.0747,16.898,-15.75233104741491,-15.759609827563775,2.67897,-1.22236,5360.8824
2661,98,0.618,0.382,CV,20.3349,20.1837,-15.87927332987038,-15.886225738985383,2.88962,-1.16047,5308.6506
2662,98,0.6178,0.3822,CV,23.9842,23.8244,-15.356168947755666,-15.36238035850658,3.11381,-1.08779,5309.6924
2663,98,0.618,0.382,CV,15.4595,15.3022,-16.403321027174982,-16.410865806899057,2.88266,-0.57931,5284.889
2664,98,0.6179,0.3821,CV,27.3371,27.2532,-18.344502782962937,-18.3514735200651,3.04807,0.11815,5197.8749
2665,98,0.6179,0.3821,CV,22.0986,21.9298,-18.54394387670594,-18.550710554944043,3.37448,0.14118,5156.3341
2666,98,0.6179,0.3821,CV,24.641,24.5073,-17.79747203752194,-17.80434784210574,3.51429,-0.50459,5167.4749
2667,98,0.6173,0.3827,CV,36.485,36.3403,-16.60487026476014,-16.60939057934092,3.79135,-1.08919,5234.3496
2668,98,0.6182,0.3818,CV,8.1331,8.1165,-16.96556299436648,-16.97467542999554,2.42924,-0.91565,5206.0686
2669,98,0.6186,0.3814,CV,9.6548,9.7381,-16.716722405238354,-16.72628604501884,1.10858,-0.66685,5163.1389
2670,98,0.6188,0.3812,CV,6.6461,6.6622,-15.329548433333414,-15.339038884287351,0.489,-0.33248,5134.67
2671,98,0.6187,0.3813,CV,17.7693,17.7445,-13.256381912508065,-13.265239420641544,1.54378,-0.08337,5124.772
2672,98,0.6188,0.3812,CV,7.7159,7.791,-12.975277932799935,-12.985098039509142,0.49857,-0.13122,5131.7392
2673,98,0.6188,0.3812,CV,9.4615,9.4872,-12.87024270146884,-12.879776676805552,-0.24424,0.29489,5124.1353
2674,98,0.6188,0.3812,CV,12.6876,12.691,-12.80800734600112,-12.817156454593388,-0.43943,-0.44155,5141.61
2675,98,0.6188,0.3812,CV,7.028,7.0616,-12.908605060640095,-12.91806442947692,-0.35804,-0.07904,5116.7198
2676,98,0.6188,0.3812,CV,6.2544,6.2418,-13.203541416566829,-13.212812772873734,-0.46428,-0.35446,5116.7348
2677,98,0.6186,0.3814,CV,18.3254,18.3104,-14.338952745408506,-14.34752144861032,-0.18765,-0.97402,5167.9944
2678,98,0.6186,0.3814,CV,3.9801,3.9214,-14.49542036762881,-14.504430384112116,0.01615,-0.67167,5189.5177
2679,98,0.6187,0.3813,CV,3.2478,3.2776,-14.643587688203631,-14.652705792463982,-0.05323,-0.19409,5199.7276
2680,98,0.6187,0.3813,CV,8.3517,8.3795,-14.98633937036876,-14.995577463241741,0.09127,-0.11059,5185.0576
2681,98,0.6187,0.3813,CV,11.4825,11.4722,-15.417535585455537,-15.426735838692252,-0.20118,0.02074,5157.0348
2682,98,0.6187,0.3813,CV,13.3596,13.3103,-15.527005760622824,-15.536145110523776,-0.40191,0.01905,5116.4868
2683,98,0.6185,0.3815,CV,24.0688,23.9881,-15.116755890777503,-15.124829433925827,-0.66764,-0.06848,5026.9078
2684,98,0.618,0.382,CV,28.2148,28.0731,-14.774340987764164,-14.781043461413974,-1.28979,-0.27113,4908.3784
2685,98,0.6185,0.3815,CV,13.5095,13.35,-14.103144085248244,-14.112501567236926,-1.69442,-0.2526,4831.1535
2686,98,0.6185,0.3815,CV,17.9339,17.773,-13.462678574591171,-13.47135394165146,-2.14891,-0.12896,4726.6616
2687,98,0.6183,0.3817,CV,21.6478,21.474,-13.113169302410103,-13.120792477504173,-2.58461,0.08995,4590.5173
2688,98,0.6184,0.3816,CV,17.2291,17.0411,-12.796574346840556,-12.804940753753403,-2.15561,0.16989,4435.8599
2689,98,0.6189,0.3811,CV,18.5313,18.5051,-13.585879949301304,-13.596158198513082,-0.17058,0.17863,4273.8992
2690,98,0.6173,0.3827,CV,38.6504,38.5275,-12.916723957155098,-12.919704958622571,-0.86172,-1.53148,4034.8411
2691,98,0.6177,0.3823,CV,19.3246,19.1069,-12.27261803998754,-12.279728918259176,-1.06654,-2.21643,3835.125
2692,98,0.6183,0.3817,CV,14.9518,14.7394,-12.201629798229762,-12.210326543590288,-1.0222,-2.44471,3634.5944
2693,98,0.6186,0.3814,CV,14.3789,14.2244,-12.421254487067579,-12.430745003116543,-0.04431,-2.39712,3421.1285
2694,98,0.619,0.381,CV,8.4699,8.2932,-11.94977634246991,-11.960471592513596,-0.02609,-1.83941,3204.9209
2695,98,0.6191,0.3809,CV,11.7957,11.6714,-12.292406934744019,-12.302574290703989,0.49801,-1.51797,2981.1629
2696,98,0.6198,0.3802,CV,9.2533,9.3488,-12.829016890904319,-12.842275659913925,0.37712,-1.01747,2805.3529
2697,98,0.6198,0.3802,CV,7.8894,7.9224,-13.204519062347728,-13.216560547465724,0.17047,-0.46205,2637.3589
2698,98,0.6186,0.3814,CV,23.2747,23.2464,-15.36639922657098,-15.373581280345473,0.01536,-0.86303,2518.8022
2699,98,0.6183,0.3817,CV,17.3585,17.296,-13.16491525933951,-13.1723210065911,-0.98213,-1.21886,2386.0329
2700,98,0.6179,0.3821,CV,28.7154,28.7229,-12.144047296860712,-12.150332342325013,-1.74743,-1.7473,2202.094
2701,98,0.6082,0.3918,CV,65.7415,65.7006,-15.34613391462737,-15.312239820739435,-0.17873,-2.37744,1923.2159
2702,98,0.6196,0.3804,CV,42.5998,42.925,-17.641664669082076,-17.669980516719974,1.70383,0.10738,1823.2886
2704,98,0.5,0.5,CA,89.338,89.3415,-18.836262399558066,-18.768398950083977,0.29901,7.94378,1513.7455
2705,98,0.5567,0.4433,CV,38.1187,37.8451,-13.361122351814553,-13.286608127963552,-0.94189,8.28457,1266.9898
2706,98,0.5787,0.4213,CV,65.9978,66.239,-28.305094229774305,-28.23856272980914,1.10873,7.82991,1186.6256
2771,99,0.7,0.3,CV,98.8148,98.8148,-20.152606728086838,-20.152606728086838,0.0,0.0,903.9711
2772,99,0.6373,0.3627,CV,100.7124,100.7124,-26.75821739201817,-26.724795891282398,-18.16747,0.68543,1281.5621
2773,99,0.5617,0.4383,CV,108.0226,107.4242,-56.93795823733431,-56.68364238377131,-56.11781,7.29092,1999.2967
2774,99,0.4713,0.5287,CA,92.5913,90.0979,-90.76459025277765,-90.25848456602318,-90.15524,11.66756,2966.2517
2775,99,0.4681,0.5319,CA,60.035,55.46,-108.4109839560697,-108.02192728685199,-111.05757,14.27028,3998.3772
2776,99,0.433,0.567,CA,72.0697,66.7119,-137.20240909326125,-136.6761568367053,-144.74578,16.33259,4981.7926
2777,99,0.3938,0.6062,CA,81.7127,75.2414,-127.43260054527204,-126.79435256125878,-193.11758,16.90351,5893.1763
2778,99,0.3402,0.6598,CA,98.045,91.2071,-120.30686845919332,-119.49260261523902,-264.67496,14.67861,6750.1178
2779,99,0.3117,0.6883,CA,88.2006,79.2606,-71.09650708598573,-70.22819573260017,-357.87427,14.48083,7651.0989
2780,99,0.5796,0.4204,CV,23.4195,33.4807,-66.85594713889414,-67.1406494757791,-224.7918,2.81781,7732.3782
2781,99,0.6402,0.3598,CV,23.4746,27.5631,-57.61162325191952,-57.77053704473543,-102.53713,-3.69467,6893.9389
2782,99,0.6461,0.3539,CV,34.5485,35.982,-56.90919365227314,-57.00446143081676,-29.74276,-5.14337,5792.0581
2783,99,0.6346,0.3654,CV,31.7885,32.3076,-39.79268487904681,-39.82904192266077,10.76423,-4.22115,4860.7511
2784,99,0.6306,0.3694,CV,8.0868,7.5355,-45.87138853645449,-45.907686441740616,9.1912,-3.15244,4178.3253
2785,99,0.6247,0.3753,CV,18.1327,17.8157,-45.7108661118422,-45.72793961409062,11.36393,-2.45921,3685.9241
2786,99,0.6214,0.3786,CV,21.0587,20.8057,-38.117134571476804,-38.128764073283165,9.23049,-2.27178,3346.7112
2787,99,0.6163,0.3837,CV,33.0573,32.7264,-31.58589778225153,-31.5808868770289,9.39554,-2.04689,3130.5599
2788,99,0.6114,0.3886,CV,36.7725,36.2851,-17.440066751752187,-17.421932188806785,10.12955,-2.16958,2948.1102
2789,99,0.5956,0.4044,CV,79.3631,78.823,-16.939532848087484,-16.862537338570966,14.50527,-2.26375,2841.276
2790,99,0.5865,0.4135,CV,80.0786,79.2866,-15.159133490163153,-15.067937893363608,16.52126,-2.38785,2795.6058
2791,99,0.5871,0.4129,CV,67.5925,66.6985,-14.778456444277447,-14.702960455912761,16.67976,-2.70859,2750.0473
2792,99,0.5926,0.4074,CV,53.7486,52.8707,-16.542334728693366,-16.48880965695766,15.53772,-2.96287,2726.1735
2793,99,0.5953,0.4047,CV,54.514,53.7034,-19.061807987099378,-19.011251391411314,15.0753,-2.34285,2707.1352
2794,99,0.5958,0.4042,CV,58.7129,57.9995,-18.43943673000997,-18.38687888248782,14.89212,-1.9954,2642.2032
2795,99,0.592,0.408,CV,63.2904,62.5563,-17.82811840281054,-17.759155112397444,15.82537,-1.28184,2569.3704
2796,99,0.5945,0.4055,CV,47.1616,46.3444,-17.927324929742504,-17.8742543741626,15.36894,-0.37742,2517.3122
2797,99,0.6053,0.3947,CV,28.436,27.908,-25.094510513751644,-25.082987445770144,11.5986,1.63374,2455.1754
2798,99,0.6038,0.3962,CV,53.5045,53.1095,-30.48114261503172,-30.44732098735645,10.84152,4.69737,2429.4214
2799,99,0.6051,0.3949,CV,45.2323,44.8203,-35.49962743769726,-35.47343459739024,8.40044,6.01912,2317.2212
2800,99,0.6087,0.3913,CV,31.029,30.6447,-42.73826302182329,-42.72528930853204,5.74058,5.6612,2193.5449
2801,99,0.6163,0.3837,CV,8.5941,8.5867,-55.74882512814631,-55.7627112912379,3.99896,2.78555,2103.1343
2802,99,0.6073,0.3927,CV,111.0321,111.1368,-60.93588174768338,-60.9005738685857,5.52255,-2.19305,2200.7076
