frame,track_id,mu_CV,mu_CA,dominant,nu_CV_norm,nu_CA_norm,L_CV,L_CA,ax,ay,P_trace
8,61,0.7,0.3,CV,21.9362,21.9362,-14.716336320762265,-14.716336320762265,0.0,0.0,374.8146
9,61,0.6452,0.3548,CV,21.0196,21.0196,-11.13589043542508,-11.136869933083442,-1.93392,4.64346,528.6803
10,61,0.5003,0.4997,CV,79.5611,79.5037,-24.51379700693282,-24.000497434952727,22.60213,-32.12779,949.0794
11,61,0.427,0.573,CA,51.6811,49.1866,-15.856705880570864,-15.259860897027155,35.45437,-54.37763,1520.3534
12,61,0.0187,0.9813,CA,157.7085,157.0304,-70.65855481109378,-66.50211652071847,109.36468,-110.25567,2247.9799
13,61,0.4276,0.5724,CA,25.9306,26.6109,-13.558176320311949,-13.644909427181164,115.80228,-116.57541,2040.8239
14,61,0.6213,0.3787,CV,29.6033,31.7897,-12.932682836506704,-13.228245387928101,60.29384,-61.06912,1804.2426
15,61,0.6491,0.3509,CV,34.6408,36.9353,-13.734913800444088,-13.87128365784512,-10.70582,10.59753,1592.3086
16,61,0.6123,0.3877,CV,27.1098,26.9911,-14.61685291099181,-14.55378377830728,-23.83105,26.40906,1355.9917
17,61,0.6038,0.3962,CV,43.6338,43.8864,-21.65999353228387,-21.615988941766737,-8.70139,12.27372,1124.044
18,61,0.4621,0.5379,CA,46.6093,46.0463,-62.9893849249362,-62.384613670849575,-5.92874,8.96772,878.9295
19,61,0.416,0.584,CA,30.248,30.029,-20.3814965837533,-19.794048528781204,-29.58341,25.43633,671.7543
26,62,0.7,0.3,CV,4.8023,4.8023,-6.167387601146212,-6.167387601146212,0.0,0.0,20.253
27,62,0.642,0.358,CV,7.5381,7.5381,-7.818911837997296,-7.805715733218664,3.13787,0.15923,27.4496
28,62,0.6189,0.3811,CV,4.7712,4.69,-6.240314290834815,-6.215540781977301,4.85786,1.33085,41.2492
45,64,0.7,0.3,CV,28.7746,28.7746,-49.2814238834693,-49.2814238834693,0.0,0.0,47.5754
46,64,0.618,0.382,CV,49.6571,49.6571,-151.95210959921337,-151.83622625332376,7.12864,3.04625,72.999
47,64,0.4335,0.5665,CA,61.5748,61.2889,-225.35168429112332,-224.6100515457086,18.17959,6.63081,141.2019
48,64,0.3118,0.6882,CA,54.846,53.7434,-300.8966810739895,-299.8972529137461,30.13257,11.39449,262.4688
49,64,0.3092,0.6908,CA,53.7396,52.0234,-235.91106168347213,-235.07063753028365,43.09927,17.77939,438.9557
50,64,0.3615,0.6385,CA,43.464,41.0997,-234.76943281607913,-234.1675449966283,55.46288,23.25676,656.5769
51,64,0.3744,0.6256,CA,45.5383,42.5684,-279.4399484592865,-278.8203882038286,71.4318,28.9442,946.6086
52,64,0.4386,0.5614,CA,35.8035,32.6174,-286.4937261737957,-286.1225667731864,80.08936,30.56206,1287.8149
53,64,0.5376,0.4624,CV,29.1438,27.9856,-269.78744961646834,-269.7231731784526,68.08411,23.75206,1564.5984
54,64,0.6014,0.3986,CV,26.5719,26.8493,-252.34575255057928,-252.40075721385955,43.10901,12.72659,1674.6049
55,64,0.565,0.435,CV,35.7857,33.8849,-260.6976994436652,-260.5099337142908,47.9307,16.71263,1754.5681
56,64,0.6047,0.3953,CV,41.2332,41.3689,-204.21407501454053,-204.2431486531388,29.92498,11.30791,1748.9403
57,64,0.5824,0.4176,CV,96.0155,96.335,-104.77958289225272,-104.65795231060561,3.79053,3.91228,1548.3614
58,64,0.5818,0.4182,CV,38.888,38.383,-107.46380549937577,-107.37233376499931,8.1688,2.71096,1400.282
59,64,0.5777,0.4223,CV,34.5138,33.9987,-81.02926241845432,-80.9218452982695,1.21828,-0.48094,1236.1828
60,64,0.5705,0.4295,CV,29.8112,29.0858,-53.598682314073464,-53.468121296228475,-3.48374,-2.07874,1093.0737
61,64,0.6043,0.3957,CV,27.7074,27.9774,-39.25012730507869,-39.26956130791208,4.02748,-1.21958,1010.0348
62,64,0.6119,0.3881,CV,21.0059,20.9473,-41.99006967895413,-41.99150699862056,5.20944,-1.42327,947.6445
63,64,0.6106,0.3894,CV,16.634,16.2985,-31.08314636659334,-31.068326591982718,4.57401,-0.9993,876.0845
64,64,0.6114,0.3886,CV,14.2654,13.9746,-28.797664260103936,-28.787690095807967,3.78528,-0.41829,817.2357
65,64,0.6152,0.3848,CV,23.1909,23.2206,-47.80653249603721,-47.811841516476676,3.39621,-0.56982,805.2297
66,64,0.6119,0.3881,CV,32.3386,32.237,-63.505742832018456,-63.49139864803591,3.23996,-0.68129,819.8522
67,64,0.6143,0.3857,CV,11.9993,11.8275,-50.4271453225884,-50.42777887536688,2.51598,-0.17952,820.6469
68,64,0.6143,0.3857,CV,30.6678,30.6433,-51.596498635168416,-51.593683684180846,2.49614,0.77535,792.556
69,64,0.6169,0.3831,CV,18.3972,18.4429,-45.03152843794471,-45.0393705177147,0.75527,1.24029,786.7673
70,64,0.6174,0.3826,CV,8.7865,8.7443,-53.893800140960195,-53.90017817851116,0.37945,1.23844,800.9021
71,64,0.6177,0.3823,CV,9.1167,9.1011,-67.64341317892493,-67.65037448586654,0.20476,0.94893,826.3464
72,64,0.6147,0.3853,CV,39.6786,39.6711,-69.08592497614514,-69.0796148824005,-0.38819,1.85627,794.0395
73,64,0.6153,0.3847,CV,29.8251,29.8302,-77.76982706931989,-77.77056621760445,-2.01227,1.45561,818.3889
74,64,0.6134,0.3866,CV,27.43,27.3017,-82.44956212194626,-82.44115453190085,-2.68735,1.64425,823.2473
75,64,0.614,0.386,CV,19.1363,18.9943,-102.97744887696697,-102.97453747151846,-2.18974,1.66779,815.0564
76,64,0.5418,0.4582,CV,112.305,112.1491,-72.33093816527919,-72.03066891208647,-5.77688,6.18308,706.3824
77,64,0.5463,0.4537,CV,58.0495,57.9234,-40.75217795027329,-40.575645254617584,-12.74185,2.66763,712.5277
78,64,0.4713,0.5287,CA,68.6011,67.9433,-27.280369488394243,-26.796514554593067,-21.37113,0.97115,714.3045
79,64,0.4216,0.5784,CA,59.9304,58.8666,-20.61628655923667,-20.03879354529346,-30.76944,-0.86121,729.5977
80,64,0.3777,0.6223,CA,53.9709,52.5388,-25.03931331087194,-24.349047911453596,-44.28826,-2.83788,758.4439
81,64,0.3846,0.6154,CA,42.2383,40.5013,-28.931292255310524,-28.332360468898116,-58.16329,-4.98205,827.3417
82,64,0.3156,0.6844,CA,49.9284,47.6524,-35.02892172683979,-34.116009753278504,-85.56648,-8.83324,936.066
83,64,0.2689,0.7311,CA,47.6199,44.4914,-25.941040033802953,-24.898788672224093,-126.68905,-14.4905,1107.4022
84,64,0.2612,0.7388,CA,40.8055,36.6014,-22.51599083789837,-21.5001147792621,-177.35231,-21.33094,1317.5781
85,64,0.378,0.622,CA,21.5247,16.4438,-21.01963984851094,-20.555647208419305,-193.66236,-25.146,1490.5996
86,64,0.539,0.461,CV,10.574,9.3368,-19.74473234423432,-19.771780552194752,-150.16629,-21.97552,1543.9908
87,64,0.6425,0.3575,CV,6.1977,9.5269,-24.94526248980865,-25.172940099020767,-72.49436,-12.35932,1373.368
88,64,0.6598,0.3402,CV,13.8594,14.9369,-19.160899853006203,-19.313014140161442,-21.1205,-5.71199,1139.5756
89,64,0.6445,0.3555,CV,14.9437,15.1408,-19.437158546195743,-19.495905126343526,-0.52598,-2.76075,946.0941
90,64,0.6199,0.3801,CV,17.8991,17.8789,-12.352260654035511,-12.328192906203956,-14.98907,-4.29,805.6093
91,64,0.6231,0.3769,CV,14.6454,14.6435,-12.06058157132496,-12.086778070050094,-7.57495,-2.69595,726.4629
92,64,0.6229,0.3771,CV,13.1364,13.1798,-10.063356168586635,-10.08359155127934,-2.11212,-1.74057,661.7077
93,64,0.6184,0.3816,CV,13.676,13.5403,-13.38494407519876,-13.386491715833888,-2.51533,-1.52934,619.2537
94,64,0.6172,0.3828,CV,9.1357,8.9769,-14.166859253249267,-14.169954610673454,-2.48749,-1.44002,581.7503
95,64,0.6129,0.3871,CV,16.6632,16.509,-12.951295415317745,-12.93811934945342,-3.4282,-1.34344,557.294
96,64,0.6067,0.3933,CV,25.2538,25.0575,-11.74015720082239,-11.70742202118464,-4.15796,-1.38588,550.0299
97,64,0.6045,0.3955,CV,24.9978,24.7542,-11.816746828483007,-11.783600880864618,-4.20459,-1.49089,550.801
98,64,0.5973,0.4027,CV,37.7548,37.5208,-14.113380089604458,-14.053842771496665,-5.21439,-2.00466,540.6864
99,64,0.6107,0.3893,CV,22.6411,22.6878,-11.33427949185837,-11.341007091408658,-2.61673,-1.58276,559.1601
100,64,0.6066,0.3934,CV,32.8946,32.7127,-17.53538608684044,-17.505243398249444,-3.53632,-1.68078,577.3982
101,64,0.6111,0.3889,CV,18.387,18.2507,-10.511712875502734,-10.50655903994458,-2.27396,-1.59605,602.7988
102,64,0.6148,0.3852,CV,23.5105,23.5265,-19.925894284374174,-19.929910126219852,-0.34679,-1.45344,629.6783
103,64,0.6148,0.3852,CV,31.2643,31.253,-34.18597609793762,-34.1842558211204,1.46198,-1.34057,648.454
104,64,0.6115,0.3885,CV,46.6843,46.6784,-36.28912409009959,-36.27347828035637,3.02999,-0.43251,621.1939
105,64,0.5856,0.4144,CV,63.517,63.3726,-40.46145989836904,-40.34305643938944,4.62804,-0.81948,564.9459
116,68,0.7,0.3,CV,108.0274,108.0274,-51.137307738543015,-51.137307738543015,0.0,0.0,336.055
117,68,0.2809,0.7191,CA,86.5564,86.5564,-83.6921197503904,-82.15512294397668,111.57276,-20.14378,680.5934
118,68,0.4215,0.5785,CA,42.2512,44.5777,-21.973416291144574,-21.663304073934526,-12.62258,-72.50605,1163.5472
119,68,0.0,1.0,CA,104.5082,104.9979,-93.38147602760645,-75.08766917308384,394.20916,-71.54094,1655.4136
120,68,0.3551,0.6449,CA,10.9722,7.5929,-12.168335146217146,-11.976946141107668,393.39327,-69.94893,1268.8493
121,68,0.8672,0.1328,CV,32.7719,43.6596,-12.806379782527443,-14.58536162578056,-27.10333,-2.00583,1297.9407
122,68,0.6798,0.3202,CV,22.4461,22.5475,-10.57133788172319,-10.460179953650222,-51.44219,4.96113,937.3004
123,68,0.5012,0.4988,CV,28.4331,26.8897,-15.23545347730781,-14.673997778242772,-67.22881,6.99764,834.0052
124,68,0.6351,0.3649,CV,13.7244,15.999,-9.639741383544795,-9.88968796449393,-23.81891,0.62181,802.6213
125,68,0.6391,0.3609,CV,11.6289,12.0047,-10.40631158155628,-10.478697281130426,-6.68384,-1.39778,703.3515
126,68,0.6286,0.3714,CV,13.3679,13.2428,-10.537772651785648,-10.558649881164246,-4.77459,-1.62289,619.363
127,68,0.6209,0.3791,CV,11.3436,11.1492,-11.369017231441138,-11.373029451700436,-5.18889,-1.42576,559.2359
127,69,0.7,0.3,CV,20.9456,20.9456,-11.001377615001665,-11.001377615001665,0.0,0.0,325.1776
128,68,0.609,0.391,CV,32.9447,32.9292,-17.77307810781219,-17.73813501340716,0.33778,-2.454,485.3243
128,69,0.6282,0.3718,CV,45.0066,45.0066,-27.565083220663617,-27.492532393035482,22.4586,-10.05784,451.1233
129,68,0.6094,0.3906,CV,23.824,23.9134,-15.343850996331813,-15.328190013132287,-4.9767,-1.14048,456.3065
129,69,0.5389,0.4611,CV,32.7467,32.0934,-33.61366604634067,-33.2804891241333,40.14367,-28.79914,737.1567
130,68,0.5977,0.4023,CV,22.8006,22.5522,-13.708103508826067,-13.642946408034796,-6.55278,-0.68344,436.1967
130,69,0.4958,0.5042,CA,24.1961,22.2497,-34.932263377862,-34.55704788092402,49.65339,-39.67061,1057.7199
131,68,0.5992,0.4008,CV,15.5338,15.1814,-12.385226530129385,-12.343208596349065,-5.99441,-0.64689,417.9417
131,69,0.5117,0.4883,CV,18.9041,16.0524,-39.555127093957935,-39.3056264894656,52.73639,-43.32783,1268.1231
132,68,0.6037,0.3963,CV,12.9309,12.6331,-11.925796402594763,-11.900435619398358,-5.01395,-0.73219,404.4502
132,69,0.5538,0.4462,CV,14.2087,11.5393,-46.36419999090215,-46.261380072827606,45.38683,-42.12961,1328.0609
133,68,0.6059,0.3941,CV,13.6488,13.3956,-11.481548933717335,-11.45880276733389,-4.34282,-0.79615,395.1426
133,69,0.5836,0.4164,CV,24.4108,23.9887,-87.18721456068785,-87.14472474015291,31.32188,-34.59464,1234.5205
134,68,0.6095,0.3905,CV,11.026,10.8218,-10.893794512098863,-10.88301272717796,-3.47116,-0.86447,386.8297
134,69,0.6257,0.3743,CV,4.6293,4.945,-87.76907798387083,-87.85982265163148,16.61745,-20.46625,1101.6264
135,68,0.6108,0.3892,CV,11.7499,11.5686,-10.452498970325845,-10.441994475069029,-2.99851,-0.89857,380.867
135,69,0.6429,0.3571,CV,13.4051,14.1382,-73.96383681878547,-74.06650762144037,4.69433,-7.07021,972.1697
136,68,0.6101,0.3899,CV,18.5016,18.3957,-10.041083013526922,-10.02573911465964,-2.75724,-0.35845,365.0075
136,69,0.6349,0.3651,CV,9.786,9.9233,-64.99835647604976,-65.04065253441743,1.16969,-1.98849,861.6318
137,68,0.5937,0.4063,CV,34.3934,34.2624,-15.742250189623483,-15.659418099426201,-3.56831,0.49019,336.1798
137,69,0.6277,0.3723,CV,12.2202,12.2468,-65.24835789009501,-65.27188759395716,2.68133,-1.91481,760.994
138,68,0.6079,0.3921,CV,27.5494,27.6145,-16.315061655647774,-16.315579567443056,-3.36222,-0.75728,345.2532
138,69,0.6115,0.3885,CV,29.2712,29.2009,-94.47778634354219,-94.44322699810805,4.50636,-3.13484,655.7294
139,68,0.6147,0.3853,CV,14.4917,14.5191,-9.746059257384903,-9.754080464062108,-1.66803,-1.1723,351.6974
139,69,0.5466,0.4534,CV,47.6652,47.4061,-58.52241263701679,-58.24519843240772,10.34352,-5.07576,568.1661
140,68,0.6166,0.3834,CV,9.9579,9.9437,-10.902344360548783,-10.908577653055556,-0.59747,-1.19171,350.6773
140,69,0.5966,0.4034,CV,11.4875,11.5816,-58.73440998604578,-58.75609806501084,6.43165,-1.51482,497.8035
141,68,0.617,0.383,CV,9.6447,9.6214,-12.973725130114694,-12.978807167193809,-0.30744,-0.60131,358.2539
141,69,0.6189,0.3811,CV,20.096,20.3842,-65.57825434562923,-65.62078327892746,0.38735,1.94648,439.5476
142,68,0.607,0.393,CV,46.4343,46.4644,-25.322293069376208,-25.284420015983766,-1.02476,-1.77114,320.6764
142,69,0.6099,0.3901,CV,17.5202,17.4524,-100.07988897195003,-100.05173773617629,-2.08697,2.83049,377.6605
142,70,0.7,0.3,CV,8.5547,8.5547,-9.64277431075288,-9.64277431075288,0.0,0.0,205.2229
143,68,0.6155,0.3845,CV,14.63,14.6953,-10.178882280360028,-10.191881404659384,-1.47873,-0.76464,323.2993
143,69,0.6042,0.3958,CV,15.2044,15.0687,-76.02457070135301,-75.98559980559361,-2.8746,3.19325,338.1093
143,70,0.6395,0.3605,CV,29.8661,29.8661,-14.174885130048507,-14.15079218234171,3.21657,-4.95038,296.5201
144,68,0.616,0.384,CV,17.6938,17.7017,-9.910270091024348,-9.912554866827184,-1.36973,0.00865,336.068
144,69,0.6041,0.3959,CV,11.0988,10.8935,-53.22721891130593,-53.19643827269997,-2.47399,3.20575,300.18
144,70,0.6119,0.3881,CV,22.6517,22.5118,-12.071028231590962,-12.02039792442881,16.53547,-0.43521,450.4968
145,68,0.6163,0.3837,CV,9.0133,8.9434,-9.053992001858653,-9.05685635683722,-1.08257,0.32387,341.856
145,69,0.6118,0.3882,CV,13.0724,13.0824,-45.66688921240222,-45.668520909410276,-0.74248,2.34409,258.5647
145,70,0.4976,0.5024,CA,39.6044,38.8134,-15.086845527809402,-14.6125431833816,34.26371,3.4311,650.3642
146,68,0.617,0.383,CV,28.8999,28.9787,-12.11174641967485,-12.117463254870593,0.4309,-0.33064,319.8234
146,69,0.5998,0.4002,CV,51.7566,51.866,-32.052745836970495,-31.99247023707963,1.02607,-1.13986,259.5168
146,70,0.3155,0.6845,CA,81.3662,80.0526,-29.877648720309843,-28.80406431234571,41.24213,19.50306,1024.231
147,68,0.6183,0.3817,CV,18.5447,18.6058,-10.763203033631694,-10.772988591670437,-0.22884,0.50973,328.8069
147,69,0.4908,0.5092,CA,76.9119,76.9104,-69.29340181036076,-68.80946342328069,6.05675,-4.79456,209.6941
147,70,0.3729,0.6271,CA,55.1357,52.7071,-16.93690455889844,-16.375425449152583,64.93285,27.2649,1328.7932
148,68,0.6167,0.3833,CV,15.0805,15.0587,-10.071555597208784,-10.07287922476511,-1.05221,0.75657,331.2475
148,69,0.5853,0.4147,CV,6.2717,6.4352,-6.96832014798799,-7.023798425748999,4.36451,-2.35143,185.7867
148,70,0.3579,0.6421,CA,67.7122,65.8008,-24.95987919672386,-24.2530155606016,90.09003,33.33369,1589.4338
149,68,0.6119,0.3881,CV,25.5295,25.4983,-19.363999087566803,-19.347139786163172,-1.43447,1.12118,311.8633
149,69,0.5963,0.4037,CV,16.2978,16.3495,-25.758770154440015,-25.722945575473208,3.07809,1.70764,160.2693
149,70,0.4901,0.5099,CA,40.8009,40.3631,-13.734866955301658,-13.594043573318713,79.41885,20.67602,1729.3155
149,71,0.7,0.3,CV,29.2291,29.2291,-12.009773017717928,-12.009773017717928,0.0,0.0,221.6368
150,68,0.595,0.405,CV,31.0898,30.9736,-34.82271655946555,-34.74261791102772,-2.10563,1.77969,287.9221
150,69,0.5883,0.4117,CV,13.7809,13.7005,-38.287155960570736,-38.20211427153761,1.2413,3.08471,141.7338
150,71,0.6187,0.3813,CV,47.0969,47.0969,-32.63780198482924,-32.52477279874895,23.00208,2.01379,296.0904
151,68,0.5669,0.4331,CV,28.9225,28.7004,-33.13341810373096,-32.962567990986855,-3.52188,3.16385,267.4811
151,71,0.3007,0.6993,CA,48.2271,47.5659,-38.680947954837364,-37.36225077787462,71.17535,6.83139,601.8047
151,70,0.5,0.5,CA,275.2449,278.0439,-130.5402053821201,-124.96909554136464,-226.4882,-27.58412,1689.8526
152,68,0.4917,0.5083,CA,33.3844,33.0553,-23.99480833611067,-23.56288363085685,-7.29164,4.89733,245.6771
152,71,0.1391,0.8609,CA,40.2475,37.3438,-22.396694372978047,-20.552698854694974,144.09976,8.35291,1048.0507
152,70,0.6093,0.3907,CV,27.4733,29.1616,-27.531804485673902,-27.673734765707565,-131.4805,-9.84979,2366.0297
153,71,0.2818,0.7182,CA,21.853,17.7297,-11.784556702108187,-11.05499793139323,184.45212,9.72175,1189.0752
153,70,0.6566,0.3434,CV,44.2462,49.0461,-19.244837231766496,-19.432149131292384,46.57278,9.47015,2110.4892
154,71,0.6491,0.3509,CV,13.376,18.124,-11.810133677537607,-12.430850708133649,97.30285,3.77927,1104.4025
154,70,0.542,0.458,CV,40.2406,38.7359,-13.681268054011861,-13.318036301290718,82.24234,10.84163,1821.8623
155,71,0.5484,0.4516,CV,16.5559,13.9328,-11.195018937511962,-10.868957003524985,93.59211,0.63972,995.9133
155,70,0.506,0.494,CV,35.1165,32.4013,-12.289150023388176,-11.950331258241558,90.5502,9.19744,1769.5919
156,71,0.6531,0.3469,CV,9.7153,11.9046,-9.216700910378874,-9.477421169158195,35.39384,-2.8864,892.0635
156,70,0.5395,0.4605,CV,29.8397,27.8604,-12.01012933590643,-11.857664629203189,82.04686,6.11701,1721.5498
157,71,0.6524,0.3476,CV,13.509,14.4024,-9.405587702684326,-9.509059626285627,-3.00311,-3.43167,740.1088
157,70,0.5796,0.4204,CV,22.2045,21.0224,-15.21389834791196,-15.176085452167534,63.46501,3.42845,1626.9599
158,71,0.6398,0.3602,CV,9.276,9.389,-9.080754951979833,-9.130186716928112,6.18624,-2.56014,613.8635
158,70,0.5699,0.4301,CV,38.8844,37.9179,-27.028572219459257,-26.8924032730507,57.4181,2.42924,1463.2678
159,71,0.6316,0.3684,CV,8.1799,8.101,-8.919222288332655,-8.951849662022976,2.92193,-2.36576,522.5201
159,70,0.3626,0.6374,CA,64.4499,62.7008,-24.199593945951687,-23.232149073711106,96.86134,4.48446,1378.6331
159,74,0.7,0.3,CV,7.8893,7.8893,-9.910578958374504,-9.910578958374504,0.0,0.0,151.3626
160,71,0.6257,0.3743,CV,8.326,8.2969,-9.389653595831735,-9.409551813310149,-0.47801,-2.03443,455.667
160,70,0.5748,0.4252,CV,18.0338,20.0003,-18.056837781164432,-18.250661137982004,57.48605,-0.09526,1293.0896
160,74,0.6464,0.3536,CV,10.4406,10.4406,-9.652615503334069,-9.65874482315908,4.65905,-3.01153,204.3961
161,71,0.6075,0.3925,CV,19.3266,19.2437,-11.159524905046737,-11.110877615997671,-5.19021,-2.01867,399.6881
161,70,0.6362,0.3638,CV,24.4155,25.9209,-22.130146692058087,-22.278792004492008,8.14762,-3.90672,1115.1404
161,74,0.628,0.372,CV,10.0245,9.8747,-9.909792505916478,-9.917253496091133,9.26573,-8.95286,296.7308
162,71,0.6184,0.3816,CV,17.314,17.5278,-18.79556098128268,-18.820056835307508,0.67196,-1.72347,360.1002
162,70,0.6233,0.3767,CV,25.105,24.9742,-15.079611154330216,-15.082391197849994,2.80973,-5.08689,975.8889
162,74,0.62,0.38,CV,8.3197,7.784,-9.441838732151462,-9.442777177066823,10.03736,-12.12685,357.2845
163,71,0.6167,0.3833,CV,19.1184,19.1555,-22.03875156509423,-22.039976694828688,-1.46174,-1.0057,341.7465
163,70,0.611,0.389,CV,27.8399,27.5875,-11.442466768301353,-11.41210861212579,5.37026,-4.97576,896.2749
163,74,0.6179,0.3821,CV,6.9003,6.1468,-11.05909348422991,-11.062877894270862,9.09301,-11.44838,373.0278
164,71,0.6097,0.3903,CV,18.3011,18.1948,-16.361052165973906,-16.335160526807773,-2.5736,-0.98953,326.5688
164,70,0.6099,0.3901,CV,20.9306,20.6312,-10.53645912577812,-10.520046323563834,3.60657,-4.67721,831.2444
164,74,0.4005,0.5995,CA,34.1931,33.7321,-31.866432858620527,-30.98913157538312,26.98541,-11.26841,399.6975
165,71,0.6067,0.3933,CV,17.8501,17.7137,-12.93163230924161,-12.903639346969243,-2.82112,-1.26717,309.577
165,70,0.6082,0.3918,CV,33.1007,33.0059,-12.40765429775056,-12.385339812514939,0.87885,-4.71604,746.904
165,74,0.4512,0.5488,CA,15.2214,13.8013,-15.972988386938953,-15.61628070473997,31.33775,-12.31501,416.1907
166,71,0.6108,0.3892,CV,7.8352,7.6716,-14.263151265896468,-14.256476422575656,-2.31151,-0.92019,300.5476
166,70,0.5915,0.4085,CV,52.9069,52.7266,-20.711616929596367,-20.62260519226644,0.1089,-6.43991,738.3446
166,74,0.5379,0.4621,CV,6.4802,5.0772,-17.234983360130975,-17.15402061757232,27.7548,-11.3533,400.1032
167,71,0.6146,0.3854,CV,7.9202,7.8725,-12.011302361307042,-12.014609198863301,-1.80713,-0.29264,290.1703
167,70,0.5855,0.4145,CV,47.0684,46.7139,-27.667831611298634,-27.57836205147552,-0.26647,-6.98484,745.8368
167,74,0.6173,0.3827,CV,3.2672,4.2524,-18.433826479566424,-18.555217465379243,15.33511,-5.56641,368.0286
168,71,0.6096,0.3904,CV,21.4435,21.3854,-11.267621563860057,-11.244614449038318,-2.18789,-0.24499,269.8501
168,70,0.5895,0.4105,CV,39.0325,38.663,-25.199623833042708,-25.135405538900486,1.27719,-6.81803,749.1828
168,74,0.6412,0.3588,CV,7.5854,8.192,-24.369425828141505,-24.47705320873999,3.07701,-1.0126,323.1323
169,71,0.5769,0.4231,CV,36.6413,36.533,-22.619632335550914,-22.468126373269723,-3.35538,-0.97112,238.4738
169,70,0.5892,0.4108,CV,44.5468,44.2021,-27.387989344891388,-27.316698165347404,2.48818,-7.14177,742.4552
169,74,0.6321,0.3679,CV,7.4114,7.4944,-35.69765815353044,-35.730462972301545,-1.67363,0.18416,279.531
170,71,0.5268,0.4732,CV,26.4831,26.2302,-16.87094714576942,-16.56488059229524,-5.3413,-1.1675,211.7635
170,70,0.5912,0.4088,CV,44.0891,43.8152,-15.602191697203128,-15.539635412040775,0.58677,-7.6764,730.086
170,74,0.6226,0.3774,CV,9.4748,9.4216,-63.56771455500201,-63.57358268749531,-1.93658,-0.54866,238.8283
171,71,0.5585,0.4415,CV,12.6352,12.4558,-21.939172092939096,-21.833478112445032,-6.39526,0.36858,191.0855
171,70,0.5801,0.4199,CV,50.057,49.6785,-15.061263617763426,-14.950179333616717,0.62767,-9.39148,717.2813
171,74,0.6195,0.3805,CV,6.2621,6.1878,-73.42023480449936,-73.42707158266427,-1.26827,-0.97889,205.672
172,70,0.5951,0.4049,CV,21.0683,20.6753,-10.62325839381265,-10.590359594278185,-0.12335,-7.72592,709.5761
173,70,0.6033,0.3967,CV,21.3808,21.1372,-10.5849095370949,-10.564149059679377,-0.78823,-5.85861,689.4566
174,70,0.6018,0.3982,CV,30.1121,29.9411,-14.81436462856875,-14.77497925987174,-1.469,-3.85761,647.6233
175,70,0.584,0.416,CV,34.3837,34.0993,-26.409193157165227,-26.298563725195855,-2.30469,-3.13887,591.8682
176,70,0.5102,0.4898,CV,43.7613,43.3605,-67.55890045815165,-67.17594376071084,-0.97633,-4.64805,515.9338
177,70,0.492,0.508,CA,26.6087,26.2361,-31.457712066630354,-31.108590748780315,5.11171,-2.73945,438.0775
178,70,0.6091,0.3909,CV,21.2166,21.7457,-32.42557526781738,-32.57832656333541,-3.16354,2.70905,355.5866
179,70,0.5365,0.4635,CV,25.8892,25.7847,-46.79768842263549,-46.483031318559206,-8.8107,5.49164,283.8755
180,70,0.4517,0.5483,CA,22.7523,22.2583,-54.01794194098453,-53.469554273863125,-13.14223,7.20131,235.5683
181,70,0.4492,0.5508,CA,14.1454,13.4529,-68.01617869780225,-67.57878259148379,-16.1561,8.67739,202.7037
182,70,0.4676,0.5324,CA,9.784,9.0094,-71.5039846256042,-71.14449753127313,-18.37597,9.91194,177.5987
183,70,0.4665,0.5335,CA,8.4988,7.6585,-57.441820363298476,-57.05171025165622,-21.10285,11.03922,158.8708
184,70,0.4915,0.5085,CA,6.1647,5.257,-32.95204672231027,-32.663443741147674,-22.08267,11.12,143.6832
185,70,0.5648,0.4352,CV,2.8006,2.1285,-33.068322892716495,-33.03874412481639,-17.81843,8.49152,125.5998
186,70,0.6523,0.3477,CV,4.0359,4.7522,-77.86424986253726,-78.09767560751936,-3.90855,1.72568,101.1086
187,70,0.642,0.358,CV,3.7145,3.6939,-206.59430358646063,-206.65345837029437,-3.07339,0.85753,75.2581
188,70,0.5757,0.4243,CV,8.0808,8.0188,-148.51985212743176,-148.31550223341966,-6.12977,2.29472,60.6224
204,78,0.7,0.3,CV,97.5792,97.5792,-20.103782304207165,-20.103782304207165,0.0,0.0,1064.9132
205,78,0.6426,0.3574,CV,66.8927,66.8927,-14.606323889913984,-14.595735125404097,8.797,-14.24552,1416.1232
206,78,0.6096,0.3904,CV,55.4683,55.047,-14.331203120563583,-14.26647565976278,19.39999,-34.32568,2047.977
207,78,0.5878,0.4122,CV,42.4622,40.9508,-16.72954057788989,-16.62305600026761,27.8862,-41.07869,2644.8981
208,78,0.5849,0.4151,CV,32.9244,30.7532,-23.00971852849094,-22.92302277278369,33.27731,-36.73912,3038.5543
209,78,0.5479,0.4521,CV,49.9735,48.0382,-49.05642055802616,-48.82346904815273,35.89028,-36.22262,3138.9074
210,78,0.4325,0.5675,CA,67.3947,65.1,-129.5188339775932,-128.87596010226397,34.8352,-51.66329,3058.1824
211,78,0.5195,0.4805,CV,28.3038,26.988,-189.77850444452355,-189.65047685320633,19.98959,-37.13959,2671.6372
212,78,0.5886,0.4114,CV,19.5978,19.5822,-303.3519911862273,-303.3797913534572,2.23891,-16.38964,2018.6425
213,78,0.4787,0.5213,CA,45.4707,45.1516,-178.08531240460275,-177.56940903660546,33.1021,-22.72927,1408.3865
225,79,0.7,0.3,CV,12.9712,12.9712,-15.762132253256564,-15.762132253256564,0.0,0.0,15.7954
226,79,0.5996,0.4004,CV,18.7255,18.7255,-30.59286199648926,-30.399715521810467,-7.94075,0.07191,22.3755
251,80,0.7,0.3,CV,11.3971,11.3971,-9.437425655369779,-9.437425655369779,0.0,0.0,227.048
252,80,0.6489,0.3511,CV,3.3729,3.3729,-8.064912791749846,-8.082003597027436,-0.37599,-1.63347,312.564
253,80,0.6371,0.3629,CV,10.5995,10.5524,-8.763240918453603,-8.805998147182889,-5.21905,-5.54997,459.7037
254,80,0.6407,0.3593,CV,8.8868,8.8035,-8.870145595100503,-8.946187169414523,0.08679,0.64134,555.5734
255,80,0.6307,0.3693,CV,21.241,21.6465,-10.586655044194714,-10.61422462783312,0.43578,8.71977,565.9238
256,80,0.6282,0.3718,CV,6.4774,5.9192,-8.301456243600844,-8.333299994473558,-0.43138,7.84369,545.6622
257,80,0.6097,0.3903,CV,11.9847,11.4952,-8.918366557362503,-8.875512200541666,-1.39671,8.64512,498.9627
258,80,0.6178,0.3822,CV,4.3354,3.8618,-8.009050087380606,-8.027493190622575,-1.22326,6.41952,449.8662
259,80,0.6246,0.3754,CV,7.6899,7.7941,-8.287567332980862,-8.323173749380153,-0.37036,4.00351,409.1204
260,80,0.6092,0.3908,CV,17.2257,17.1242,-9.892062728847602,-9.852402537658385,-0.50388,4.06134,351.1292
261,80,0.622,0.378,CV,6.1785,6.3694,-7.819253547760574,-7.856436048782639,-0.36435,2.11669,317.2365
262,80,0.5835,0.4165,CV,26.453,26.3523,-17.79897011836336,-17.65634861279363,-1.46943,4.13267,265.1156
264,80,0.5,0.5,CA,94.3535,94.349,-61.190357174689076,-60.61958991096445,1.04264,7.45328,273.0638
265,80,0.5277,0.4723,CV,41.7801,41.3635,-16.42861611645946,-16.237060442588707,1.43382,6.43554,278.4551
266,80,0.583,0.417,CV,24.328,24.3173,-11.135408259936693,-11.128352919786046,1.16472,3.43808,288.3735
267,80,0.6068,0.3932,CV,26.95,27.045,-11.765987690079713,-11.777560123332224,0.73125,0.51345,299.3937
268,80,0.6019,0.3981,CV,39.6479,39.5037,-14.9031565703211,-14.859050815094822,0.52169,0.02695,342.4809
269,80,0.6109,0.3891,CV,41.8856,41.9711,-14.024151660003882,-14.024996158494499,0.25731,-2.06483,344.3868
270,80,0.6039,0.3961,CV,41.3256,41.2624,-14.530595229712178,-14.489218147048055,0.11647,-3.63148,334.8828
271,80,0.5989,0.4011,CV,44.1954,44.0974,-18.67806428039747,-18.62594632137509,2.22157,-4.04486,366.4078
272,80,0.598,0.402,CV,30.8032,30.5454,-14.967134476683086,-14.918582580621292,2.43915,-4.41034,395.4035
273,80,0.6017,0.3983,CV,23.8181,23.5643,-13.907921380849247,-13.876239500121981,1.98541,-4.38806,410.6785
274,80,0.6049,0.3951,CV,20.5634,20.3198,-13.546872527674342,-13.522987567942511,1.50186,-4.22851,426.2972
275,80,0.6035,0.3965,CV,26.6279,26.4072,-14.616336669217016,-14.581918545987836,0.99494,-4.60316,436.9371
276,80,0.6049,0.3951,CV,20.8334,20.5759,-13.839688281234903,-13.81315608223883,0.71289,-4.59253,453.6846
277,80,0.6025,0.3975,CV,26.6682,26.4256,-17.298344592498935,-17.259529210370246,0.53267,-4.86833,458.7585
278,80,0.6079,0.3921,CV,13.0015,12.7212,-14.539839473026579,-14.527509887882648,0.39784,-4.13155,469.5786
279,80,0.6098,0.3902,CV,15.1357,14.9048,-13.79821463728474,-13.785809255995325,0.07295,-3.81248,479.1266
280,80,0.6133,0.3867,CV,10.6853,10.5159,-11.585477636587509,-11.584988841449542,-0.25623,-3.1144,492.8258
281,80,0.6154,0.3846,CV,16.1709,16.1337,-10.363995476885433,-10.367253132779057,-0.58514,-2.26643,518.9539
282,80,0.6158,0.3842,CV,11.5836,11.4637,-10.163045160186165,-10.164548885782905,-0.78823,-1.97801,532.344
283,80,0.6162,0.3838,CV,11.7776,11.6965,-10.55175845708712,-10.554665972436306,-0.61561,-1.79328,535.2533
284,80,0.6165,0.3835,CV,9.6704,9.5699,-10.713700935309983,-10.717099482790537,-0.42682,-1.70321,544.3652
285,80,0.6173,0.3827,CV,6.81,6.7501,-9.98833333285284,-9.994933701870467,-0.433,-1.32072,563.0453
286,80,0.6171,0.3829,CV,11.2022,11.14,-10.05820395964176,-10.06278248439788,-0.47983,-1.36863,570.6524
287,80,0.6168,0.3832,CV,12.0298,11.9517,-9.958061720971516,-9.961368919984011,-0.54706,-1.47906,576.2032
288,80,0.6171,0.3829,CV,18.0212,18.0224,-10.40753451459925,-10.412612304581337,-0.77238,-1.12188,608.6345
289,80,0.6173,0.3827,CV,12.1823,12.1576,-10.458131010865607,-10.463925096032686,-0.24648,-0.69915,642.8752
290,80,0.6174,0.3826,CV,8.8386,8.7854,-10.327337466522671,-10.332898359817204,0.1016,-0.60016,670.8649
291,80,0.6176,0.3824,CV,11.2495,11.2368,-10.308171538680574,-10.314405217143177,0.22729,-0.93011,687.6884
292,80,0.6177,0.3823,CV,9.8054,9.7862,-10.22742675947879,-10.234057812047636,0.23427,-0.94012,700.7058
293,80,0.6179,0.3821,CV,7.0478,7.0135,-10.203427941313851,-10.210528911765094,0.17609,-0.90219,730.9992
294,80,0.618,0.382,CV,7.2189,7.1759,-10.261485846047636,-10.268715378860538,0.13261,-0.95292,755.1261
295,80,0.6177,0.3823,CV,13.0402,13.0029,-10.476308986803598,-10.482296646236534,0.22206,-1.10306,766.3054
296,80,0.6181,0.3819,CV,4.4078,4.337,-10.284418099408915,-10.29245807789308,0.22139,-0.89456,786.9034
297,80,0.6173,0.3827,CV,16.6302,16.5726,-10.89374057776308,-10.897879187722989,0.11014,-1.4982,798.756
298,80,0.615,0.385,CV,26.4693,26.3826,-12.602830635679117,-12.598235761008523,0.15331,-1.90886,786.5204
299,80,0.6157,0.3843,CV,13.418,13.2668,-12.087246595289658,-12.088983363053417,0.22317,-1.55476,783.5202
300,80,0.6161,0.3839,CV,12.9904,12.8448,-12.789196704692849,-12.791769090668373,0.27264,-1.21415,777.1004
301,80,0.6172,0.3828,CV,7.9821,7.836,-12.961002851087962,-12.967783787858016,0.3206,-0.89939,770.285
302,80,0.618,0.382,CV,6.7084,6.5863,-13.490430512826414,-13.498708927957432,0.22938,-0.61369,759.7739
303,80,0.6194,0.3806,CV,4.813,4.9029,-12.572921399321896,-12.585874881205152,0.2325,-0.10346,758.1625
304,80,0.6193,0.3807,CV,3.9574,3.9712,-12.54903585023834,-12.559929341280155,0.1641,-0.32738,754.1852
305,80,0.6192,0.3808,CV,2.2823,2.2925,-12.280278585927167,-12.290458062174388,0.17509,-0.20983,749.6749
306,80,0.619,0.381,CV,3.0478,3.053,-12.461590988861325,-12.471232613279426,0.20697,0.05806,743.9148
307,80,0.6186,0.3814,CV,8.1644,8.1616,-11.985223913604061,-11.993623841365148,0.18302,0.45953,745.8087
308,80,0.6182,0.3818,CV,8.7289,8.7001,-11.320709373919216,-11.327877027017145,0.11828,0.58874,753.6945
309,80,0.6176,0.3824,CV,11.6866,11.6388,-11.080590849684956,-11.08590137364531,0.07091,0.87811,765.4946
310,80,0.6172,0.3828,CV,12.4752,12.4119,-10.91479473899231,-10.91913971279259,0.02568,1.20135,777.1326
311,80,0.6169,0.3831,CV,12.8124,12.7353,-10.760443672655931,-10.764150490947722,-0.07095,1.4169,791.3187
312,80,0.6168,0.3832,CV,14.2588,14.1894,-11.156323490588594,-11.159914582842699,-0.02261,1.70695,798.765
313,80,0.6165,0.3835,CV,14.6802,14.5865,-10.823280046673414,-10.82577739832274,-0.00603,1.91236,815.1606
314,80,0.6162,0.3838,CV,16.3889,16.2906,-10.64842027889581,-10.650167187559184,-0.20588,1.98793,842.5252
315,80,0.6157,0.3843,CV,18.6616,18.5495,-10.799397927646512,-10.79965703243345,-0.39158,2.06023,876.6733
316,80,0.6157,0.3843,CV,17.464,17.3386,-10.84461909989436,-10.845299940230461,-0.16684,2.21443,906.2334
317,80,0.6131,0.3869,CV,41.6541,41.6026,-15.317425953773522,-15.307463031861573,-0.16072,3.31238,883.2868
318,80,0.6121,0.3879,CV,27.9667,27.8083,-14.549372292573869,-14.53872786170035,0.90459,3.75284,887.9968
319,80,0.6109,0.3891,CV,30.7269,30.5574,-17.587741046090162,-17.573944690554328,2.19511,3.95901,911.7381
320,80,0.6086,0.3914,CV,39.6256,39.4464,-18.12524392017277,-18.103337885093246,3.33969,3.86603,958.6823
321,80,0.6071,0.3929,CV,37.5936,37.3323,-27.499350612401116,-27.474608794879398,4.35105,3.43825,986.5586
322,80,0.6064,0.3936,CV,39.3975,39.1681,-52.44163858550778,-52.41590649927535,5.00482,2.97706,974.9483
323,80,0.5773,0.4227,CV,85.1422,84.8544,-47.842547570120615,-47.69761608368107,9.71658,3.53861,940.0899
324,80,0.5727,0.4273,CV,55.9935,55.4971,-42.34873724940047,-42.22762156348797,11.98557,3.37543,972.1944
325,80,0.5666,0.4334,CV,58.5741,57.9474,-33.560695895833575,-33.42145558197199,14.12464,2.57196,1015.8812
325,81,0.7,0.3,CV,14.6749,14.6749,-35.641298973771136,-35.641298973771136,0.0,0.0,22.3424
326,80,0.5591,0.4409,CV,62.4791,61.7566,-24.89047603199835,-24.729553177456182,16.33936,1.17301,1054.8281
326,81,0.6022,0.3978,CV,25.2697,25.2697,-37.09643171608147,-36.91400737963865,8.26842,1.79353,33.2296
326,82,0.7,0.3,CV,13.2034,13.2034,-12.0997247653843,-12.0997247653843,0.0,0.0,1021.7936
327,80,0.5637,0.4363,CV,53.6515,52.8752,-17.268357882724477,-17.136998480122223,16.88063,-0.72695,1097.7658
327,81,0.4664,0.5336,CA,19.738,19.4953,-32.69128223476143,-32.10627156787886,12.62878,5.12124,63.5441
327,82,0.6472,0.3528,CV,21.9582,21.9582,-15.280344533508138,-15.289817652265953,10.54705,3.02028,1372.9962
328,80,0.5721,0.4279,CV,46.729,45.9735,-13.958609518610471,-13.854907363418842,16.27825,-2.64651,1129.0778
328,81,0.1332,0.8668,CA,37.1421,36.3739,-46.84188689935789,-44.71489851757125,30.88874,11.15964,133.8818
328,82,0.6367,0.3633,CV,19.7055,19.5028,-15.835811849842813,-15.879481665430873,22.32917,0.49159,2007.751
329,80,0.5811,0.4189,CV,41.0711,40.3918,-12.585055507659382,-12.505950265297372,14.66415,-4.3965,1152.3058
329,81,0.2216,0.7784,CA,31.9208,30.5784,-116.89564403342345,-115.8532766822788,50.87726,18.07039,210.953
329,82,0.577,0.423,CV,51.9553,51.6757,-43.013229558378825,-42.82206882058615,39.89159,22.34937,2443.8779
330,80,0.5812,0.4188,CV,42.9127,42.228,-12.791696629694487,-12.699819749392685,14.24142,-5.53023,1153.2808
330,81,0.0906,0.9094,CA,53.9779,52.1763,-111.14187096342883,-108.92551543654382,92.75544,28.88703,333.8843
330,82,0.5514,0.4486,CV,36.6371,34.8453,-59.22593135365864,-59.018619390848514,59.28933,16.14743,2740.0227
331,80,0.5537,0.4463,CV,72.0999,71.583,-25.10673611867397,-24.90259652818719,14.91263,-9.12758,1091.7716
331,81,0.2582,0.7418,CA,28.8529,26.7572,-62.83539528634765,-62.05477044237223,114.86483,32.36119,452.8157
331,82,0.5387,0.4613,CV,34.5955,32.0012,-84.36251981433477,-84.14111392570065,66.54101,9.01159,2806.5277
332,80,0.5611,0.4389,CV,36.9516,36.1942,-12.79883430321534,-12.66492369310572,16.90639,-9.22438,1103.5175
332,81,0.6859,0.3141,CV,20.6868,24.6882,-13.189715218330964,-14.009481545997447,49.18294,12.67578,550.8177
332,82,0.5778,0.4222,CV,16.8485,13.9561,-117.60101815654332,-117.55706377932911,56.03783,6.11203,2683.8617
333,80,0.5942,0.4058,CV,19.675,19.3596,-10.743108600917871,-10.733925184527974,10.94839,-8.65918,1090.9612
333,81,0.6801,0.3199,CV,8.9947,10.6874,-10.419203992847697,-10.597735907930165,9.98125,1.76798,542.267
333,82,0.6015,0.3985,CV,19.8448,18.7729,-129.26348504273415,-129.26040584533274,41.10738,2.16082,2505.4176
334,80,0.6105,0.3895,CV,22.6562,22.6749,-11.012270901907359,-11.022741582694374,4.54198,-7.15909,1053.8584
334,81,0.6341,0.3659,CV,12.8288,12.4943,-17.960732312718214,-17.943667886373905,13.72598,2.79854,505.6022
334,82,0.6181,0.3819,CV,29.3168,29.5085,-87.56971253759716,-87.6018696539299,20.85741,-0.21843,2352.1723
335,80,0.6126,0.3874,CV,29.0608,29.0305,-11.388218729787566,-11.383825227269485,-0.62867,-5.59031,1004.1944
335,81,0.5922,0.4078,CV,18.8708,18.1978,-44.99863110865703,-44.874131192957975,17.26505,3.81323,500.2937
335,82,0.5181,0.4819,CV,82.169,81.3004,-92.22497746035165,-91.82333235020457,45.18973,1.97917,2181.1898
336,80,0.6121,0.3879,CV,20.6454,20.4789,-12.121061955086345,-12.111354489849491,1.91371,-5.37236,951.2473
336,81,0.5798,0.4202,CV,18.328,17.3846,-61.35880129745157,-61.244921450160845,16.98184,3.82523,511.489
336,82,0.5327,0.4673,CV,35.7149,33.4257,-70.25366598841286,-70.05655474086745,45.77227,1.63757,2119.1148
337,80,0.608,0.392,CV,23.0196,22.7471,-12.59851956292752,-12.572279450119801,3.32413,-5.23169,894.5881
337,81,0.5777,0.4223,CV,23.2593,22.5049,-67.89521506558782,-67.79103425723396,16.11148,3.40761,525.5935
337,82,0.5607,0.4393,CV,28.1346,26.2919,-53.76963304065825,-53.66429441193595,40.94404,0.08009,2069.0429
337,83,0.7,0.3,CV,16.8949,16.8949,-10.025794153048592,-10.025794153048592,0.0,0.0,241.4248
338,80,0.6106,0.3894,CV,12.8278,12.4952,-12.441072022694533,-12.432002270578836,2.77164,-4.48133,844.1739
338,81,0.5905,0.4095,CV,22.2307,21.7624,-69.27647949784213,-69.22767707089453,13.28578,2.42447,537.39
338,82,0.5781,0.4219,CV,24.8346,23.1994,-45.22540070940853,-45.15059306284136,35.2008,-0.97631,2003.4592
338,83,0.6289,0.3711,CV,54.3363,54.3363,-30.85958149900495,-30.789859574632462,16.8239,-2.90531,344.1804
339,80,0.6132,0.3868,CV,10.502,10.2357,-12.864129635094576,-12.861989868828948,2.19073,-3.72099,798.6906
339,81,0.5778,0.4222,CV,37.5747,37.0787,-99.42666394496806,-99.30725550703801,13.99837,1.9899,548.5472
339,82,0.5823,0.4177,CV,29.0775,27.7133,-36.95701388944137,-36.87395902954346,31.60987,-1.72391,1912.5433
339,83,0.546,0.454,CV,42.2529,41.7353,-44.48435568821073,-44.1787908021333,36.03918,-7.1849,560.0135
340,80,0.606,0.394,CV,28.5571,28.3686,-21.832672371792686,-21.796215156022704,3.23224,-3.96892,731.4779
340,81,0.597,0.403,CV,32.0584,31.8783,-136.30714219562248,-136.28521613923704,10.06388,2.13684,610.9175
340,82,0.6056,0.3944,CV,12.5479,12.005,-27.28775445246528,-27.295330424294797,21.17413,-2.20756,1834.2924
340,83,0.4706,0.5294,CA,35.3761,33.7451,-54.357197085359964,-53.87110142187136,50.79647,-13.05462,853.1934
341,80,0.6018,0.3982,CV,23.104,22.8362,-29.837585685363344,-29.79449320932681,3.97158,-3.8567,672.109
341,81,0.613,0.387,CV,28.1144,28.2596,-149.1497180996699,-149.16672173626532,4.78688,1.60574,682.0027
341,82,0.611,0.389,CV,21.3021,20.8798,-24.387776962030678,-24.38358835205722,15.04606,-2.83021,1715.3522
341,83,0.4673,0.5327,CA,29.5599,27.0635,-51.745476811852285,-51.35421487579451,59.56465,-14.43708,1158.0685
342,80,0.5749,0.4251,CV,45.2146,44.965,-21.015224207090625,-20.867266543521573,7.65978,-3.84951,617.9187
342,81,0.6175,0.3825,CV,18.4521,18.6001,-165.63904846615813,-165.6516261526815,1.61623,1.05723,731.9632
342,82,0.6084,0.3916,CV,49.2939,49.2213,-43.52617761799466,-43.50327904945888,7.88646,-4.92179,1540.3251
342,83,0.5103,0.4897,CV,20.8773,17.8166,-68.3971017241527,-68.18259095935213,61.9676,-15.41701,1360.4862
343,80,0.6026,0.3974,CV,5.5201,5.2993,-29.495538122050352,-29.501201436086596,5.37948,-2.52004,573.9895
343,81,0.6181,0.3819,CV,7.0859,7.1637,-184.71377034118086,-184.72195634066387,0.50462,0.59266,779.8967
343,82,0.6088,0.3912,CV,22.6799,22.3793,-18.30567392580791,-18.288235750749752,9.37099,-3.87304,1439.2613
343,83,0.5424,0.4576,CV,21.5747,19.3542,-93.93926382238052,-93.79242737493499,58.23214,-17.24734,1454.5377
344,80,0.6135,0.3865,CV,14.1354,14.161,-11.86685315641789,-11.877660687788314,3.02079,-2.25617,540.2641
344,81,0.6181,0.3819,CV,18.6043,18.667,-190.99508345308544,-191.00277174792913,-0.28825,0.32365,811.1182
344,82,0.616,0.384,CV,15.9771,15.9428,-18.012653168621963,-18.024877275864597,5.27317,-3.53641,1348.2771
344,83,0.5757,0.4243,CV,14.9617,12.8524,-87.20953574885878,-87.15131251860429,48.02506,-13.42909,1507.5562
345,80,0.603,0.397,CV,32.6772,32.5816,-37.10194383048189,-37.05260687589918,4.87663,-0.38816,504.4317
345,81,0.6156,0.3844,CV,37.6046,37.5864,-169.65840060880632,-169.65529716308157,-1.51093,0.02388,819.5645
345,82,0.6186,0.3814,CV,16.6248,16.6713,-17.028693061917338,-17.041408148259116,1.73982,-2.97241,1264.1335
345,83,0.6091,0.3909,CV,10.936,10.4155,-88.08384483869925,-88.11575906719271,31.33703,-7.86095,1504.5977
346,80,0.5981,0.4019,CV,26.043,25.8424,-40.61075598135588,-40.55650988683236,5.07618,0.98197,472.6821
346,81,0.6083,0.3917,CV,53.9223,53.8122,-171.46214079012915,-171.43196577868056,-1.41479,0.89238,797.924
346,82,0.6175,0.3825,CV,19.4141,19.3514,-19.907259882808287,-19.911479154607235,0.0209,-2.83737,1169.5947
346,83,0.6191,0.3809,CV,8.5499,7.9856,-87.1357058151433,-87.16077359362194,19.96615,-4.41272,1466.3024
347,80,0.5936,0.4064,CV,27.2695,27.037,-30.47703325515338,-30.411271436487745,5.02999,1.90058,454.6011
347,81,0.5565,0.4435,CV,95.6303,95.3703,-115.97702510696595,-115.74447767253926,-4.74156,0.42889,727.0349
347,82,0.615,0.385,CV,23.5334,23.4258,-25.78433723048029,-25.77949164658673,0.11866,-2.87392,1067.2032
347,83,0.6131,0.3869,CV,32.0651,31.782,-109.29305042475491,-109.27798304475168,17.19557,-4.33635,1367.9444
348,80,0.5866,0.4134,CV,33.128,32.8621,-21.967754065611324,-21.879658001639616,5.14382,2.65907,448.9987
348,81,0.5735,0.4265,CV,25.1392,24.5259,-128.25380802564277,-128.16633834024265,-4.50075,1.97356,735.8608
348,82,0.6147,0.3853,CV,15.3234,15.1572,-26.782553780697867,-26.78040963413831,-0.40425,-2.88551,986.4825
348,83,0.5931,0.4069,CV,32.5139,31.7563,-45.14212023566384,-45.052429220725244,19.1767,-4.19493,1311.2318
349,80,0.5845,0.4155,CV,31.7982,31.4963,-25.560401554662683,-25.473910459033753,5.14037,3.55539,438.3128
349,82,0.6169,0.3831,CV,8.1429,8.0256,-23.026008678572616,-23.03336886782725,-0.7685,-2.26782,919.3657
349,83,0.5715,0.4285,CV,42.7706,41.8541,-65.21280561639098,-65.06347658129785,21.66116,-4.45845,1268.3272
350,80,0.58,0.42,CV,32.6574,32.3155,-19.642257156970395,-19.540390927042388,5.7532,3.87677,434.4242
350,82,0.6172,0.3828,CV,13.1041,13.0461,-23.011528997401715,-23.0171610758171,-1.5241,-1.69383,861.1308
350,83,0.5884,0.4116,CV,21.515,20.5965,-62.640097263537136,-62.59180194323374,17.78697,-3.66377,1234.9863
351,80,0.6021,0.3979,CV,25.847,25.8511,-11.350319349636433,-11.346728099928654,2.45986,3.61757,439.5531
351,82,0.6161,0.3839,CV,19.462,19.421,-19.019891370704414,-19.02010790923999,-0.53137,-1.92465,780.7126
351,83,0.6006,0.3994,CV,18.231,17.5895,-59.23077994399631,-59.20849858393865,13.72644,-2.69863,1199.2763
352,80,0.6083,0.3917,CV,30.5303,30.5315,-14.95829730410048,-14.948135682416702,-0.55903,3.19856,435.8841
352,82,0.6171,0.3829,CV,17.4963,17.5057,-25.29296028030527,-25.29914098691033,-1.66002,-1.313,735.2217
352,83,0.5995,0.4005,CV,29.9255,29.4196,-52.722620300961324,-52.67785507644036,12.34107,-2.11492,1151.8021
353,80,0.6044,0.3956,CV,32.5048,32.4072,-30.356384058778303,-30.320715321048205,-2.7074,2.72279,431.2599
353,82,0.6171,0.3829,CV,12.1654,12.1086,-21.54823532966934,-21.55296552233325,-1.60132,-0.95406,697.4764
353,83,0.6003,0.3997,CV,26.3202,25.8048,-42.59907692852712,-42.55913595459443,10.96009,-1.47981,1110.7382
354,80,0.6004,0.3996,CV,29.5207,29.3346,-58.673002317559735,-58.62631725423877,-3.87475,2.22028,432.3903
354,82,0.6178,0.3822,CV,8.1504,8.1087,-17.415062241985517,-17.422620546462475,-1.26941,-0.25131,661.137
354,83,0.6041,0.3959,CV,21.9229,21.4748,-38.37098391133551,-38.345668442865474,9.02883,-1.24595,1069.2149
355,80,0.6023,0.3977,CV,24.3813,24.2101,-93.06859416815486,-93.03595340611164,-4.33346,0.93418,426.1205
355,82,0.6172,0.3828,CV,12.2776,12.2299,-14.903786589909938,-14.907842801535352,-1.24527,0.46892,631.3499
355,83,0.6079,0.3921,CV,22.0679,21.7867,-42.47540619138634,-42.46074726327583,6.74231,-1.14362,1017.8934
356,80,0.5351,0.4649,CV,75.7323,75.6482,-90.94798563391268,-90.63774264721229,-5.59493,2.72866,356.4346
356,82,0.6159,0.3841,CV,15.5005,15.4312,-13.245674788743859,-13.245158915371514,-1.30301,1.13956,607.001
356,83,0.6149,0.3851,CV,11.2385,11.1704,-37.30851524948355,-37.31760977876887,3.78144,-0.59571,976.0463
357,82,0.6134,0.3866,CV,20.8358,20.7337,-10.7489061555078,-10.739624655884755,-1.61588,1.4799,595.6505
357,83,0.617,0.383,CV,6.2376,6.0204,-31.51860766034533,-31.526231634532955,2.66442,-0.32032,942.1986
358,82,0.6119,0.3881,CV,20.6954,20.5592,-10.439923464302122,-10.42805604174395,-1.84673,1.73983,586.9549
358,83,0.6101,0.3899,CV,32.4079,32.2526,-21.479855506495138,-21.455013305574987,4.52922,0.30822,902.7772
359,82,0.61,0.39,CV,24.018,23.8643,-11.304130781990905,-11.286710399645894,-2.05894,2.00001,586.1117
359,83,0.6165,0.3835,CV,8.8678,8.9306,-18.792905710191665,-18.805308576337723,2.37542,0.78625,876.486
360,82,0.6123,0.3877,CV,21.1228,21.0411,-19.245231873649953,-19.23995565589811,-0.78084,2.2688,588.1222
360,83,0.6182,0.3818,CV,16.9375,16.9984,-12.024163463969774,-12.034613219163617,1.4665,0.61377,880.7976
361,82,0.6114,0.3886,CV,22.9782,22.8387,-18.199573361925655,-18.18757190691932,-1.26873,2.15092,600.1893
361,83,0.6172,0.3828,CV,15.1513,15.0783,-11.223362792904913,-11.226805542718983,1.38646,0.88701,885.2308
362,82,0.6103,0.3897,CV,26.1152,25.9566,-19.52788370789249,-19.512426942425833,-1.7142,2.09148,620.3936
362,83,0.6158,0.3842,CV,21.0536,20.9664,-10.904908386368799,-10.904029843628,1.54073,1.51047,884.9547
363,82,0.6096,0.3904,CV,27.6357,27.4595,-22.898348369218283,-22.881338191125913,-2.14769,2.18032,641.1902
363,83,0.615,0.385,CV,23.4839,23.3986,-11.232859260701368,-11.230519619447918,1.36601,2.116,874.2381
364,82,0.6067,0.3933,CV,38.5318,38.356,-29.820330534631545,-29.792498880639492,-3.22697,2.12854,666.8914
364,83,0.6146,0.3854,CV,19.5937,19.4624,-10.945641920455822,-10.943034016164804,1.55461,2.219,883.9438
365,82,0.6022,0.3978,CV,47.0759,46.8596,-33.32218504926839,-33.27964773199256,-4.54193,2.17478,693.6851
365,83,0.6151,0.3849,CV,17.7807,17.6629,-12.633409632108929,-12.633321304515611,0.93261,2.43472,893.0013
366,82,0.6014,0.3986,CV,39.928,39.6507,-38.34276715401046,-38.303611217827324,-5.13844,2.25231,717.4678
366,83,0.6113,0.3887,CV,42.3085,42.2049,-15.681841017476144,-15.664936247682485,2.801,2.71949,918.1633
367,82,0.6058,0.3942,CV,24.8567,24.5471,-54.452218337250216,-54.43245600388614,-4.70312,2.04261,746.3679
367,83,0.6125,0.3875,CV,24.2877,24.123,-11.922669551065326,-11.916496387991181,1.92172,3.13693,933.3119
368,82,0.6074,0.3926,CV,27.8712,27.6091,-61.95792902645313,-61.938399659842005,-4.72331,1.95455,765.3916
368,83,0.6112,0.3888,CV,31.978,31.811,-11.95964150584948,-11.94616822635033,1.75027,3.68934,927.9299
369,82,0.603,0.397,CV,43.2508,43.0397,-58.9047389211661,-58.86474631376775,-5.4505,2.44936,753.4437
369,83,0.6117,0.3883,CV,25.065,24.8696,-12.320891340058132,-12.311417448576748,2.49324,3.30369,941.2891
370,82,0.5788,0.4212,CV,63.1553,62.8611,-45.2907882634272,-45.15689083048014,-7.953,3.61218,717.4651
370,83,0.6084,0.3916,CV,36.1403,35.9307,-12.196838475983215,-12.173034772772672,3.06778,3.77292,931.297
371,82,0.5514,0.4486,CV,50.2371,49.7275,-36.644521878111966,-36.43446192962266,-10.89911,3.94856,691.9545
371,83,0.6098,0.3902,CV,24.2934,24.0549,-11.077221272078512,-11.063879593417262,2.08271,4.03301,924.8648
372,82,0.5585,0.4415,CV,27.3434,26.6589,-42.79718337700309,-42.65589532339496,-12.23422,4.9311,684.668
372,83,0.6093,0.3907,CV,27.401,27.1845,-13.754546308965589,-13.737271949744226,1.04124,4.09014,903.9137
373,83,0.6063,0.3937,CV,32.0696,31.8535,-11.969746265552821,-11.940496132194532,2.93578,3.8067,878.3097
374,83,0.6162,0.3838,CV,24.4378,24.5824,-13.525753953375952,-13.542631888911739,-0.40062,2.7833,877.4136
375,83,0.6132,0.3868,CV,28.8971,28.7964,-19.66860875766986,-19.658259013762326,-2.45953,2.73046,859.2026
376,83,0.6082,0.3918,CV,35.7079,35.5583,-30.186802173675204,-30.159882336692316,-4.45704,1.94783,844.1039
377,83,0.5978,0.4022,CV,45.1263,44.8709,-34.53822958244319,-34.475036067974784,-6.47451,1.53126,822.7959
378,83,0.5935,0.4065,CV,37.1676,36.8152,-38.6924204010857,-38.62673589758252,-7.30331,1.12196,794.6277
379,83,0.596,0.404,CV,29.2869,28.9317,-59.114286020286954,-59.06553564475548,-7.37589,0.09424,780.9917
380,83,0.6055,0.3945,CV,15.6363,15.3169,-80.18190912604044,-80.16882333696785,-5.8769,-0.66816,766.9322
383,84,0.7,0.3,CV,29.2575,29.2575,-11.842112539591806,-11.842112539591806,0.0,0.0,275.8012
384,84,0.6339,0.3661,CV,51.5442,51.5442,-25.80564832079216,-25.757488424012223,15.30844,-3.15683,384.4032
385,84,0.5636,0.4364,CV,46.4307,45.9659,-24.36379365437955,-24.12208928600003,27.81436,-6.73551,633.3859
386,84,0.5089,0.4911,CV,41.6431,40.1048,-24.693719300630278,-24.33534460167207,36.59922,-6.63947,954.6598
387,84,0.4998,0.5002,CA,36.2971,33.923,-24.610959889609262,-24.295179019906016,41.87531,-11.31458,1287.135
388,84,0.5848,0.4152,CV,33.2599,33.6801,-47.055552992395626,-47.09619520210679,31.93831,-12.53025,1431.4893
389,84,0.6118,0.3882,CV,9.0131,8.1459,-43.25941846632148,-43.289175474685216,23.17306,-6.78847,1467.5782
390,84,0.622,0.378,CV,7.7539,7.2254,-46.46253591037703,-46.49593478217666,15.52422,-3.40175,1426.4464
391,84,0.6249,0.3751,CV,2.7217,2.0974,-47.48604777956399,-47.51657389545498,9.70183,-2.08555,1359.6027
392,84,0.6247,0.3753,CV,3.8939,3.9306,-43.98374446333524,-44.009310635376174,5.54995,-1.57105,1293.9305
393,84,0.6228,0.3772,CV,21.5973,21.7111,-56.81679618599466,-56.83456337853188,2.05909,-1.32359,1197.105
394,84,0.6207,0.3793,CV,11.5079,11.4668,-57.06078047907383,-57.072172801700454,0.45934,-0.76924,1118.9923
395,84,0.6177,0.3823,CV,17.8877,17.7841,-83.75548126781248,-83.75747138858755,0.29827,-0.51889,1035.3444
396,84,0.6155,0.3845,CV,18.4874,18.3529,-110.43536231027933,-110.43222602758307,0.80818,-0.50114,954.5716
397,84,0.6117,0.3883,CV,70.204,70.3235,-38.44816210828611,-38.43235807945686,1.14257,-2.67399,984.5182
398,84,0.608,0.392,CV,40.9584,40.7466,-29.622090472452367,-29.596481087919106,0.96148,-2.76186,1020.5511
399,84,0.6098,0.3902,CV,28.0703,27.8313,-17.7720338251431,-17.759546112213407,0.89896,-2.14702,1049.7721
400,84,0.6122,0.3878,CV,29.7911,29.6692,-11.937911670070813,-11.93281873549126,1.82986,-1.6515,1074.0233
401,84,0.6156,0.3844,CV,40.5662,40.6419,-18.990479622271724,-18.996056368898564,-0.84466,-1.15962,1103.9699
402,84,0.6169,0.3831,CV,14.4398,14.4502,-15.509233041694664,-15.515403901763714,-1.17055,-0.60476,1126.4213
403,84,0.6178,0.3822,CV,18.535,18.597,-12.528400206679326,-12.536522755364496,-0.19441,-0.18509,1135.465
404,84,0.613,0.387,CV,59.3554,59.3512,-15.952123870330592,-15.938515799890277,3.27729,0.70405,1123.1741
405,84,0.6152,0.3848,CV,14.453,14.288,-11.729937702581124,-11.732826246448822,2.99681,0.59594,1157.5256
406,84,0.6169,0.3831,CV,8.9119,8.7598,-11.13182130856998,-11.138353832058197,2.34451,0.66148,1196.8522
407,84,0.6166,0.3834,CV,23.1556,23.0835,-12.33057500650868,-12.33348407213955,1.64161,1.47246,1198.7178
408,84,0.6146,0.3854,CV,29.7803,29.6472,-12.549662011100795,-12.544557201799476,1.34276,2.38984,1185.955
409,84,0.6141,0.3859,CV,24.4202,24.2411,-12.126915868632638,-12.122469980456827,0.54328,2.63125,1173.3717
410,84,0.6137,0.3863,CV,22.2203,22.0094,-11.638299082745306,-11.633264475610988,0.66461,2.28348,1151.7022
411,84,0.6154,0.3846,CV,15.5208,15.3463,-10.609960201496802,-10.612315553458112,1.39599,1.54216,1136.0513
412,84,0.6157,0.3843,CV,19.0223,18.8946,-11.209527552843893,-11.211102557571861,2.39357,1.37385,1124.6898
413,84,0.6144,0.3856,CV,21.1396,20.9466,-11.239243736736595,-11.23466605713295,2.73714,1.44026,1093.4619
414,84,0.6173,0.3827,CV,9.458,9.4085,-10.990124583205786,-10.999537632200806,1.40874,1.60813,1073.9786
415,84,0.6172,0.3828,CV,24.1702,24.1666,-11.175454691469579,-11.180137625893412,-0.8232,1.67999,1041.1369
416,84,0.6143,0.3857,CV,25.3428,25.2189,-11.381321821614977,-11.374320023310515,-1.70927,1.6469,988.2174
417,84,0.6176,0.3824,CV,6.3376,6.3084,-15.280383183616728,-15.291310814315676,-0.59446,1.02333,952.897
418,84,0.6176,0.3824,CV,18.4732,18.4593,-21.18413359017034,-21.19018642004184,1.06139,0.31279,908.6937
419,84,0.6147,0.3853,CV,22.2782,22.1732,-24.867600790208083,-24.861348706775892,2.1827,-0.18836,852.8503
420,84,0.6132,0.3868,CV,20.7052,20.5799,-42.92475623767421,-42.91673466777165,3.18818,0.3312,809.079
421,84,0.6158,0.3842,CV,54.2077,54.3978,-28.531877370266173,-28.53673830063961,-2.51313,-0.36599,793.6974
422,84,0.6135,0.3865,CV,20.7938,20.6485,-29.296186871938524,-29.287600308071713,-3.07046,-0.29215,767.6699
423,84,0.6153,0.3847,CV,9.1429,8.9809,-43.963492117120325,-43.966132586083816,-2.51588,-0.30444,736.7424
424,84,0.6119,0.3881,CV,25.5591,25.4409,-41.83985692625645,-41.82525243940222,-3.41518,-0.02346,701.2956
425,84,0.6098,0.3902,CV,22.0827,21.9043,-34.70027761567155,-34.681893559299965,-3.87837,0.06234,672.3341
426,84,0.5253,0.4747,CV,92.2847,92.1324,-47.70898632478563,-47.34834655190008,-9.36819,-1.88066,571.975
427,84,0.5166,0.4834,CV,33.6476,33.228,-34.75001384244745,-34.4780529333639,-13.803,-1.86227,534.8217
428,84,0.4982,0.5018,CA,29.8795,29.2474,-69.95243078561697,-69.61896282147248,-18.0791,-0.06649,486.7384
429,84,0.4887,0.5113,CA,31.3227,30.7251,-65.90118310465998,-65.55631511206074,-21.40422,0.23049,463.5568
430,84,0.4464,0.5536,CA,38.469,37.6455,-58.121562018728085,-57.6203576305778,-27.27635,-0.50736,463.6788
431,84,0.212,0.788,CA,65.8263,64.5587,-46.67772271780129,-45.1390895049632,-53.9572,-1.50777,494.5033
432,84,0.3927,0.6073,CA,19.4081,17.7034,-36.486912682655465,-36.15418027199121,-60.52416,-1.54389,541.6542
433,84,0.5344,0.4656,CV,16.9308,16.7655,-39.502240795205864,-39.490073219771105,-47.42003,-1.31236,589.0586
434,84,0.5882,0.4118,CV,5.749,4.7544,-52.45730895638315,-52.46193103863954,-33.94814,-0.86118,601.9999
435,84,0.5876,0.4124,CV,11.1954,10.0079,-44.586804155217635,-44.51099083187771,-29.35374,-0.81502,599.2437
436,84,0.597,0.403,CV,10.8682,10.0203,-29.108697818026645,-29.072676581848604,-23.06564,-0.65586,592.4715
437,84,0.6245,0.3755,CV,6.3808,7.1092,-13.6116207663257,-13.677510043004478,-10.82308,-0.5419,568.4273
438,84,0.6289,0.3711,CV,8.2761,8.6804,-8.976591605798594,-9.0203612965431,-2.94904,-0.27359,535.7596
439,84,0.5638,0.4362,CV,45.8954,45.7849,-29.132281286252233,-28.898964211308083,-14.70963,-0.45498,515.0869
440,84,0.5824,0.4176,CV,13.7683,13.0411,-19.617887487784536,-19.556290425676572,-12.61602,-0.22861,498.6813
441,84,0.616,0.384,CV,9.7663,10.3144,-9.980458407393161,-10.03170679003054,-5.85688,0.05167,477.2519
442,84,0.6226,0.3774,CV,17.5971,17.86,-10.207513289100849,-10.23710190249894,-0.09613,0.08988,452.7837
443,84,0.6161,0.3839,CV,19.0511,19.04,-18.970833861478326,-18.963158736746777,2.71555,-0.11467,436.0289
444,84,0.6068,0.3932,CV,22.7626,22.6226,-24.64404427432612,-24.60667954151303,4.05691,0.21119,407.6709
445,84,0.6157,0.3843,CV,22.2334,22.3461,-62.76613765868769,-62.78041861965868,0.47511,-0.01826,376.5237
446,84,0.6148,0.3852,CV,21.8394,21.868,-86.82310803355291,-86.81998507390207,2.3862,0.0357,366.5463
489,86,0.7,0.3,CV,54.3808,54.3808,-17.0479334290425,-17.0479334290425,0.0,0.0,671.1901
490,86,0.6406,0.3594,CV,53.2498,53.2498,-29.96739049704203,-29.948310005872532,-18.13991,-1.0186,914.3047
491,86,0.5662,0.4338,CV,70.3205,69.8065,-37.708292757256146,-37.467333187775665,-44.22065,-8.41235,1490.3747
492,86,0.529,0.471,CV,49.4617,47.2094,-51.94940340075301,-51.667459044478065,-61.29967,-10.52359,2133.6145
493,86,0.4995,0.5005,CA,58.6812,56.8093,-100.78131357718871,-100.43560186523216,-77.67121,-10.20663,2640.734
494,86,0.4299,0.5701,CA,61.5192,58.1107,-70.5596816893492,-69.97585798771348,-104.9101,-19.59291,3208.8773
495,86,0.4414,0.5586,CA,50.925,46.2634,-81.5462896217174,-81.1082338321358,-126.91879,-22.6397,3558.7225
496,86,0.431,0.569,CA,60.2176,56.5095,-93.8127604099758,-93.31606384825535,-148.8647,-20.65371,3715.5451
497,86,0.4482,0.5518,CA,37.8947,32.0943,-65.54672438134966,-65.1345842283008,-167.50627,-23.28016,3834.9634
498,86,0.4599,0.5401,CA,54.122,50.9364,-84.60389147131846,-84.21479036255958,-174.12011,-21.37038,3675.8714
499,86,0.598,0.402,CV,50.1186,51.3625,-19.284995878844562,-19.437099112123374,-103.24446,-14.48806,3624.1498
500,86,0.6241,0.3759,CV,6.6498,4.7452,-32.558495281003886,-32.62107610222975,-65.46024,-9.84169,3153.7382
501,86,0.6448,0.3552,CV,25.7547,27.1684,-45.79699792986658,-45.910424934987475,-19.97642,-2.35724,2693.1494
502,86,0.6308,0.3692,CV,30.5271,30.3864,-55.50319520278478,-55.52502999413603,-13.34998,-0.08817,2239.4709
503,86,0.6326,0.3674,CV,19.9124,20.2236,-30.29541196703739,-30.345987959654373,-5.89216,0.05925,1968.5725
504,86,0.6245,0.3755,CV,38.0444,38.0815,-18.110568721946517,-18.123667061643438,-2.39171,0.06931,1812.5763
505,86,0.6242,0.3758,CV,23.8888,24.0622,-14.637260867955598,-14.66127633135622,-0.23885,0.23787,1592.7439
506,86,0.6194,0.3806,CV,32.9063,32.9095,-14.454901723948101,-14.458829696406786,-1.82907,-0.08753,1523.1169
507,86,0.6194,0.3806,CV,35.5541,35.644,-30.45343215359568,-30.464503053103797,-1.68895,0.31162,1366.4914
508,86,0.6177,0.3823,CV,18.9623,18.8978,-37.42680896002104,-37.43083104335797,-1.20881,0.61178,1247.9724
509,86,0.6186,0.3814,CV,36.023,36.1296,-17.69549750956295,-17.70553893209545,-0.68419,-0.15692,1227.2368
510,86,0.616,0.384,CV,28.7525,28.7006,-13.968901386054112,-13.96664650144401,-2.54045,-0.12032,1184.7981
511,86,0.6176,0.3824,CV,18.1474,18.2015,-10.858122049239418,-10.86667621076175,-0.66543,-0.42179,1158.9435
512,86,0.617,0.383,CV,17.2106,17.1484,-15.608788229274477,-15.612153853803923,-1.3556,-0.23612,1145.0205
513,86,0.6179,0.3821,CV,33.1549,33.2468,-12.18050830010274,-12.1886862250215,1.10773,0.03767,1109.6092
514,86,0.6123,0.3877,CV,48.2877,48.2333,-14.456908827943625,-14.440128165852109,3.73876,-0.09583,1073.2632
515,86,0.6059,0.3941,CV,45.5097,45.3095,-22.90715334130074,-22.871750653145146,5.52955,-0.10122,1049.5079
516,86,0.5804,0.4196,CV,77.0278,76.82,-28.825327267554083,-28.69387833362773,7.30119,0.77984,938.7491
524,87,0.7,0.3,CV,21.4836,21.4836,-11.053641384769511,-11.053641384769511,0.0,0.0,209.0614
525,87,0.5459,0.4541,CV,74.7184,74.7184,-59.0879448737921,-58.674923783545495,43.1951,2.3593,305.9858
526,87,0.2785,0.7215,CA,36.5812,35.2994,-18.621645004281564,-17.301487199206775,87.1493,7.78514,667.1327
527,87,0.3496,0.6504,CA,19.4158,16.5621,-10.276298462445101,-9.665658223819614,114.23611,18.08258,1007.6083
528,87,0.45,0.55,CA,13.7381,10.199,-10.758783103549636,-10.46868629860306,121.56105,12.52659,1068.3978
529,87,0.5472,0.4528,CV,7.6826,3.9197,-9.181786749548127,-9.139899864976542,102.57785,8.8368,1004.6352
530,87,0.6415,0.3585,CV,3.7533,5.1003,-9.166928118800032,-9.37859973722508,56.59253,4.02974,866.2862
531,87,0.6349,0.3651,CV,6.2287,4.9697,-9.052141687381882,-9.09673236357017,39.28414,3.96801,719.3214
532,87,0.6441,0.3559,CV,3.4931,3.4859,-9.5397759330762,-9.63416769887907,21.84543,1.3573,601.0536
533,87,0.6432,0.3568,CV,3.1603,3.3512,-11.145238450327875,-11.22198800334374,11.15678,0.77463,500.0926
534,87,0.6363,0.3637,CV,4.2387,4.209,-11.676494915931134,-11.724358764953703,6.31338,0.35925,417.0257
535,87,0.6271,0.3729,CV,4.9334,4.7694,-8.701096120108314,-8.719966795833932,5.60796,0.5215,358.5805
536,87,0.622,0.378,CV,4.8895,4.7214,-9.928127060487625,-9.938912938330565,4.54482,0.12535,309.7745
537,87,0.624,0.376,CV,2.8547,2.9807,-8.146584420775016,-8.173285664343664,2.20371,0.15735,274.4358
538,87,0.6209,0.3791,CV,12.3489,12.4402,-9.290000483254321,-9.3007349367461,-1.15345,-0.1985,241.5066
539,87,0.6178,0.3822,CV,16.0171,16.085,-10.084189908455224,-10.085997325193594,1.50548,0.21709,222.6525
540,87,0.6124,0.3876,CV,11.512,11.4491,-9.18740338457542,-9.171396862150592,2.17207,-0.03833,200.3883
541,87,0.6191,0.3809,CV,5.1012,5.1952,-10.823423869026081,-10.843393896074133,0.78558,-0.15455,182.6392
542,87,0.5998,0.4002,CV,22.9914,22.9535,-19.46560227375018,-19.394723221556006,2.82541,-0.22016,168.9086
543,87,0.6156,0.3844,CV,13.2657,13.3579,-10.208820709819898,-10.232724636206937,1.00109,-0.16627,163.5868
544,87,0.619,0.381,CV,12.3098,12.3719,-12.683074479873218,-12.697871419758533,-0.30744,-0.18892,150.2902
545,87,0.6173,0.3827,CV,7.638,7.6264,-8.633463697449027,-8.636221876509019,-0.59801,-0.13015,144.6296
546,87,0.6187,0.3813,CV,3.8778,3.9011,-9.32174152951877,-9.33291060366144,-0.20583,-0.26539,136.5544
547,87,0.6183,0.3817,CV,4.987,4.9849,-7.353941433806577,-7.361250492863266,-0.10933,-0.11672,132.7344
547,88,0.7,0.3,CV,21.4899,21.4899,-18.82244700823372,-18.82244700823372,0.0,0.0,261.6212
548,87,0.6188,0.3812,CV,4.2058,4.2226,-9.05274875835471,-9.062960070925747,0.07152,-0.19669,125.7183
548,88,0.6382,0.3618,CV,27.7558,27.7558,-31.447268300453374,-31.41749140815948,15.91155,1.3278,356.8123
549,87,0.6182,0.3818,CV,5.277,5.277,-7.400410115523344,-7.407468461702487,0.08396,-0.10541,123.36
549,88,0.1456,0.8544,CA,80.6084,80.1812,-44.20379492537451,-41.93022195733597,97.40065,-4.69502,823.6651
550,87,0.6186,0.3814,CV,3.8031,3.8113,-8.210940205084158,-8.220238605857023,0.22114,-0.16611,118.1191
550,88,0.2228,0.7772,CA,38.3656,35.3007,-18.273629898806576,-17.220864395163858,157.97259,3.29314,1269.398
551,87,0.6187,0.3813,CV,3.3506,3.3589,-6.994476465615348,-7.003881518595929,-0.09444,-0.15583,114.4992
551,88,0.4005,0.5995,CA,14.4386,10.2218,-12.97310111781448,-12.657949595047757,167.25935,8.50466,1441.3347
552,87,0.6143,0.3857,CV,13.8555,13.8505,-15.859333312317002,-15.849734255818298,-1.05054,-0.07718,111.3742
552,88,0.5365,0.4635,CV,9.7663,6.9383,-13.931159374809354,-13.916310500458742,137.71455,1.37208,1403.8552
553,87,0.6172,0.3828,CV,15.8921,15.9454,-17.57868696571058,-17.58816373904664,0.52395,-0.03338,105.1543
553,88,0.6346,0.3654,CV,10.8676,11.7037,-9.705598501524886,-9.902728243414286,76.72706,-3.58551,1258.1031
554,87,0.6182,0.3818,CV,3.2651,3.2628,-10.185790155888686,-10.194970403637514,0.48595,0.02052,102.5835
554,88,0.6602,0.3398,CV,9.3957,9.9106,-11.521420337655144,-11.686991568478208,37.29147,-1.9609,993.9578
555,87,0.593,0.407,CV,27.7343,27.7091,-30.840043390423073,-30.74233113382511,2.41108,-0.08527,100.9987
555,88,0.6624,0.3376,CV,8.7672,9.6021,-9.190038355385898,-9.327488704313005,8.50374,-1.72339,810.9027
556,87,0.6136,0.3864,CV,7.3692,7.463,-7.908553226663069,-7.934109563622638,1.05371,0.00616,100.6658
556,88,0.6482,0.3518,CV,5.8382,5.9845,-10.207179492592681,-10.27812018631475,1.443,-0.98908,649.2927
557,87,0.6183,0.3817,CV,9.7357,9.7866,-9.424805237314715,-9.439696210272835,-0.0873,-0.02104,99.245
557,88,0.636,0.364,CV,7.5962,7.5577,-10.707909876700537,-10.747113708084722,0.31559,-0.85915,529.0922
558,87,0.6179,0.3821,CV,3.4963,3.4778,-7.280082958790983,-7.2864749313851656,0.00997,-0.03989,98.8853
558,88,0.6285,0.3715,CV,10.1677,10.2065,-8.60517684929309,-8.630543636187056,-2.33744,-0.80475,455.0126
559,87,0.6186,0.3814,CV,2.1994,2.2133,-8.092130474601195,-8.101938459480037,0.05563,-0.12607,96.8192
559,88,0.6159,0.3841,CV,13.5685,13.4838,-9.865029290149195,-9.84772425331062,-4.83881,-0.33549,382.2388
560,87,0.618,0.382,CV,4.0197,4.009,-7.486955772851353,-7.493326400243308,0.12677,-0.12168,97.1797
560,88,0.5929,0.4071,CV,17.761,17.5403,-13.0784415379368,-12.98375871695935,-7.19181,-0.47653,338.2938
561,87,0.6182,0.3818,CV,1.8021,1.7866,-8.004805776403359,-8.012799484301272,0.08041,-0.17306,96.9327
561,88,0.6234,0.3766,CV,19.0539,19.415,-15.355152491032326,-15.422240004934295,-0.14832,-0.2544,296.1123
562,87,0.6181,0.3819,CV,4.0958,4.0917,-7.71583556723906,-7.722960828647799,0.31951,-0.11985,96.0818
562,88,0.6215,0.3785,CV,3.1272,3.1067,-12.38132055298826,-12.395396177216377,0.236,-0.31977,261.2396
563,87,0.6179,0.3821,CV,3.3671,3.3505,-7.733657200215715,-7.740287924728256,0.39842,-0.15896,95.2347
563,88,0.621,0.379,CV,2.9448,2.9666,-11.707425096077221,-11.722336492302553,-0.14568,-0.21404,234.5401
564,87,0.6178,0.3822,CV,9.6439,9.6641,-9.98481187541898,-9.99134836402827,-0.43431,-0.17902,94.0236
564,88,0.6061,0.3939,CV,22.856,22.8616,-18.123621764837758,-18.076265385205748,2.63393,-0.33316,211.107
565,87,0.6157,0.3843,CV,15.2116,15.2348,-12.074696944221492,-12.072599331928199,0.82724,-0.13346,94.0634
565,88,0.6195,0.3805,CV,12.0637,12.195,-9.342432550023231,-9.373429904518435,0.36943,-0.22593,194.4087
566,87,0.6125,0.3875,CV,9.8855,9.8412,-12.299483114241086,-12.286704061527878,1.20287,-0.14019,92.9764
566,88,0.6104,0.3896,CV,22.2849,22.2932,-12.64620050224599,-12.61918145217492,-1.57624,-0.14695,184.3742
567,87,0.5801,0.4199,CV,29.7185,29.6536,-29.856291253669703,-29.713971226773033,2.96614,-0.299,92.7813
567,88,0.6044,0.3956,CV,16.8061,16.7277,-15.41205453100932,-15.373074800673756,-2.28162,0.08536,170.7825
568,87,0.6089,0.3911,CV,3.1605,3.3133,-7.035645843133834,-7.06031840188891,1.60793,-0.21485,93.3063
568,88,0.608,0.392,CV,7.6512,7.5374,-13.880003924783177,-13.86516813516512,-2.0311,0.0605,159.6562
569,87,0.6178,0.3822,CV,7.849,7.9181,-9.834099878255728,-9.853869169535864,0.42448,-0.14105,95.0767
569,88,0.6095,0.3905,CV,11.2665,11.211,-9.20122699257201,-9.187432780404333,-1.6882,-0.11805,156.4851
570,87,0.6176,0.3824,CV,4.8767,4.8628,-8.682738018222576,-8.688715305276524,0.18868,-0.04682,97.2962
570,88,0.6139,0.3861,CV,3.9146,3.8353,-9.801185984498316,-9.803512451650663,-1.31671,-0.07643,149.1715
571,87,0.6173,0.3827,CV,5.5334,5.5188,-9.651934528842293,-9.656560898664257,0.48529,-0.02612,97.9188
571,88,0.6123,0.3877,CV,11.1256,11.0765,-8.534326155694513,-8.523493118846385,-1.16258,-0.32836,148.0427
572,87,0.6158,0.3842,CV,7.1612,7.128,-9.001865934054418,-9.000827005951919,0.67738,-0.0012,100.152
572,88,0.6159,0.3841,CV,6.5234,6.5229,-9.199898458699279,-9.206640079791637,-0.99112,-0.05802,141.0078
573,87,0.6149,0.3851,CV,7.6183,7.5796,-9.896276892024371,-9.893778744793638,0.88663,0.04132,101.4244
573,88,0.6169,0.3831,CV,4.5454,4.5216,-9.6720574817999,-9.677825231199204,-0.81486,-0.01914,134.3384
574,87,0.6111,0.3889,CV,12.7224,12.6712,-10.85775212165317,-10.840373266433275,1.3013,0.05167,104.3511
574,88,0.6126,0.3874,CV,19.405,19.4067,-13.103741519283624,-13.089523781475611,-0.65531,-0.17437,140.2267
575,87,0.6122,0.3878,CV,10.5046,10.4622,-9.743395212440255,-9.736337125259427,0.97696,-0.05415,111.3774
575,88,0.6182,0.3818,CV,8.8681,8.9324,-9.653872519891141,-9.66985695807964,-0.43795,-0.08,132.855
576,87,0.618,0.382,CV,11.9722,12.0384,-19.7225698176802,-19.738323320588442,-0.06616,0.14063,111.7542
576,88,0.6143,0.3857,CV,13.2986,13.2791,-11.981321651700588,-11.97267922951196,-0.82899,-0.27924,134.4403
577,87,0.6068,0.3932,CV,25.9026,25.9101,-39.93728419202198,-39.89714290273313,-1.21787,0.22252,101.9326
577,88,0.6097,0.3903,CV,18.7209,18.7033,-14.027643260228796,-14.005416836900135,-1.65737,0.02431,128.2293
578,88,0.6166,0.3834,CV,20.8567,20.9295,-12.055352298321953,-12.06865495270955,0.17746,-0.03002,132.358
579,88,0.6168,0.3832,CV,7.819,7.8102,-8.341539417228741,-8.345817582672849,0.63589,-0.0855,132.0428
580,88,0.6178,0.3822,CV,3.0407,3.0329,-8.172188949029575,-8.180494186537489,0.5323,-0.07108,129.4024
581,88,0.6079,0.3921,CV,21.2987,21.27,-17.95535726871052,-17.920190967909342,1.83148,-0.07844,129.4819
582,88,0.6133,0.3867,CV,3.4135,3.3173,-7.964346814561498,-7.966447202184688,1.34463,-0.12174,129.5311
583,88,0.6121,0.3879,CV,22.6991,22.713,-14.571163887840182,-14.560497658063774,0.41214,-0.07595,140.8859
584,88,0.6153,0.3847,CV,6.6355,6.6192,-8.409171706407719,-8.413794203086653,0.00099,-0.26968,145.1854
585,88,0.6154,0.3846,CV,8.0122,7.9701,-8.230107768253959,-8.230060917421907,0.09388,-0.01745,150.7309
586,88,0.6176,0.3824,CV,12.6448,12.6859,-12.082920765651465,-12.092293697791735,0.45819,0.12093,147.5199
587,88,0.6169,0.3831,CV,7.6041,7.5811,-12.202619881207381,-12.205628459079795,0.7238,0.21095,147.8633
588,88,0.612,0.388,CV,27.3642,27.3699,-14.113668518416155,-14.097286527144231,0.72802,0.14669,166.5417
589,88,0.6143,0.3857,CV,6.6521,6.5655,-8.44561452955943,-8.44587990679785,0.70508,0.14526,177.0983
590,88,0.6175,0.3825,CV,8.9592,9.0129,-10.57876835518742,-10.589484861000647,-0.05956,0.04972,179.1651
591,88,0.614,0.386,CV,23.8369,23.8359,-11.741214617239995,-11.731998745307418,1.3146,0.41028,186.9456
592,88,0.6103,0.3897,CV,21.9766,21.9334,-15.99917007845118,-15.980018922784597,1.90114,0.58131,184.7821
593,88,0.6068,0.3932,CV,18.19,18.1018,-23.81018552286661,-23.7816663203941,1.95395,0.87931,180.7147
594,88,0.6098,0.3902,CV,32.4447,32.4936,-15.00111668767104,-14.990228160529986,1.77235,0.59361,203.8122
595,88,0.6117,0.3883,CV,12.6361,12.54,-10.367670877544407,-10.360493707727734,1.91451,0.41848,212.6685
596,88,0.6049,0.3951,CV,27.1911,27.0858,-14.575820921340828,-14.537347219725746,2.44256,0.36396,229.2925
597,88,0.6105,0.3895,CV,23.2538,23.2587,-16.880821256829655,-16.87555023267454,2.14903,0.67665,222.4652
598,88,0.6079,0.3921,CV,17.1683,17.055,-17.3942412196148,-17.370001860362283,2.58359,0.51612,222.2026
599,88,0.604,0.396,CV,35.2857,35.2567,-15.029850416290248,-14.993110352817702,2.80883,0.19494,250.3721
600,88,0.6053,0.3947,CV,22.2329,22.1093,-12.982309878503177,-12.956590068858759,3.13646,-0.21267,257.5695
601,88,0.6119,0.3881,CV,17.9395,17.9318,-15.190581513792655,-15.19085727974778,1.75671,-0.14199,277.2044
602,88,0.6184,0.3816,CV,20.1815,20.3014,-16.414452328494775,-16.4325063246432,0.33605,-0.15299,273.1664
603,88,0.6174,0.3826,CV,16.1374,16.1493,-36.222655822848964,-36.22657351055789,-0.74293,-0.74612,281.5608
604,88,0.5909,0.4091,CV,51.7459,51.7396,-32.55605879544992,-32.4509302291895,-2.09318,0.34991,249.5525
605,88,0.5917,0.4083,CV,15.0287,14.8069,-49.41532864586194,-49.35218300842946,-2.8761,-0.04581,242.6394
658,90,0.7,0.3,CV,29.8716,29.8716,-11.514606105862407,-11.514606105862407,0.0,0.0,586.5742
659,90,0.6449,0.3551,CV,31.0138,31.0138,-11.548861533966155,-11.548337212319787,1.19944,4.89257,811.7299
660,90,0.6209,0.3791,CV,30.6189,30.3059,-11.55710698002996,-11.536717819919767,1.85475,10.96468,1233.2842
661,90,0.6071,0.3929,CV,28.3916,27.3691,-11.537523408735227,-11.494588659411011,1.0164,15.83123,1616.7318
662,90,0.6002,0.3998,CV,27.1169,25.5973,-11.650385340560737,-11.598899957375686,0.13566,16.90497,1908.3868
663,90,0.607,0.393,CV,19.369,17.8283,-11.525155559033418,-11.512415473562225,-0.59835,15.53815,2080.4506
664,90,0.6186,0.3814,CV,20.3551,20.1824,-11.47147475810929,-11.497218379819751,-1.87447,12.87382,2117.032
665,90,0.6095,0.3905,CV,51.9601,51.8885,-13.833195261510474,-13.803805238050106,-1.62689,12.85488,2024.7173
666,90,0.6149,0.3851,CV,74.051,74.4583,-17.487179007213424,-17.493652473211313,-1.65513,4.99244,2103.7997
667,90,0.6167,0.3833,CV,30.2847,30.1908,-11.889855297328419,-11.896247185736696,-2.19217,0.84604,2111.6149
668,90,0.6003,0.3997,CV,124.2436,124.5542,-25.871869295055788,-25.806763568317137,-2.82047,3.00782,1801.5669
669,90,0.5152,0.4848,CV,92.1897,91.8029,-29.461170344330576,-29.07418071775873,3.04028,0.8803,1557.7231
670,90,0.5102,0.4898,CV,32.471,31.5052,-20.827832506729315,-20.544552512874574,8.01985,-1.42236,1311.3822
672,91,0.7,0.3,CV,35.456,35.456,-12.877093696303303,-12.877093696303303,0.0,0.0,1616.768
673,91,0.6462,0.3538,CV,35.6233,35.6233,-15.182921059986464,-15.188299307551057,15.31501,8.35961,2167.7298
674,91,0.6209,0.3791,CV,42.8821,42.4532,-18.275771770102036,-18.253090393558097,36.55043,31.47375,3222.1373
675,91,0.6061,0.3939,CV,35.1982,33.2302,-23.445073765211923,-23.398010546393962,48.01139,36.96626,4019.5466
676,91,0.6026,0.3974,CV,29.2487,26.45,-30.411492154964858,-30.37165670026804,48.58921,34.33063,4388.7349
677,91,0.6147,0.3853,CV,18.6372,16.095,-37.38053885427625,-37.396542891812246,40.39826,23.42757,4376.9156
678,91,0.6269,0.3731,CV,9.513,8.295,-43.64503757821237,-43.695001702863415,27.15634,12.89229,4120.0521
679,91,0.631,0.369,CV,10.2225,10.4879,-47.23427515011016,-47.28382393612789,15.69485,4.75453,3770.1625
680,91,0.6286,0.3714,CV,27.7748,28.0729,-35.793793608605796,-35.82689672673666,6.98905,1.3466,3510.724
681,91,0.6243,0.3757,CV,22.8804,22.95,-31.198156313145674,-31.21657419317911,1.59768,-1.04546,3275.368
681,92,0.7,0.3,CV,185.9574,185.9574,-38.520037406936886,-38.520037406936886,0.0,0.0,902.471
682,91,0.6219,0.3781,CV,28.1657,28.2751,-36.166654906486166,-36.181058033605225,-1.22203,-2.51743,3005.5459
682,92,0.6354,0.3646,CV,175.4583,175.4583,-36.360689907402445,-36.31882939177805,-14.34325,-2.74126,1378.3026
683,91,0.618,0.382,CV,32.0755,31.9553,-24.3165590515339,-24.31812556315716,-2.45376,-2.72013,2884.6337
683,92,0.5734,0.4266,CV,166.2889,165.6045,-38.50972590351684,-38.305830688403084,-31.98116,-4.43497,2204.092
684,91,0.6162,0.3838,CV,28.7496,28.5396,-19.19441304532385,-19.194086943532014,-3.07075,-2.0825,2804.8759
684,92,0.5123,0.4877,CV,171.909,169.715,-40.93654308958358,-40.57725401000438,-46.85683,-11.32929,3349.3158
685,91,0.6156,0.3844,CV,29.4004,29.2106,-14.72036191391085,-14.720182124294617,-3.20808,-0.94673,2759.3163
685,92,0.5295,0.4705,CV,113.0389,110.3177,-62.08782041124685,-61.88597325205557,-57.79252,-16.60545,4329.3056
686,91,0.6164,0.3836,CV,49.2791,49.3308,-14.33566602232478,-14.33944789382764,0.00345,0.57361,2782.3477
686,92,0.5619,0.4381,CV,70.671,68.1278,-65.4753414681234,-65.37956008328831,-56.6368,-13.49096,5116.2558
687,91,0.6147,0.3853,CV,61.6547,61.5991,-26.363551668518525,-26.359325808482257,3.065,0.5704,2818.4436
687,92,0.4737,0.5263,CA,191.7226,189.3041,-84.61636299139275,-84.11940977943796,-88.486,-17.40251,5840.3412
688,91,0.6133,0.3867,CV,78.5954,78.5832,-35.47235141317092,-35.4646314519038,4.94545,-1.31448,2697.4062
688,92,0.3971,0.6029,CA,169.277,164.9497,-75.07053428859575,-74.38845980777211,-129.77592,-24.49289,6792.0366
689,91,0.6127,0.3873,CV,53.294,53.1614,-32.86447426417698,-32.85612633252577,3.81102,-2.75787,2586.9984
689,92,0.3827,0.6173,CA,133.0148,127.1668,-63.297495929205624,-62.663263309395454,-177.42622,-34.03133,7828.28
690,91,0.6154,0.3846,CV,26.373,26.2657,-28.369388231663585,-28.373345318733143,1.27312,-2.98142,2546.6601
690,92,0.4364,0.5636,CA,84.8375,78.0579,-65.01239379245843,-64.62052670859538,-204.0005,-37.95478,8702.2444
691,91,0.6006,0.3994,CV,95.502,95.3684,-26.513882465832573,-26.451674354485256,-2.12962,-0.82798,2315.2611
691,92,0.4481,0.5519,CA,84.9561,77.8389,-64.90142947041119,-64.48136672307919,-233.49299,-40.12242,9407.3986
692,92,0.4964,0.5036,CA,76.3827,70.6731,-33.99259104748494,-33.7499155661458,-230.90115,-30.31927,10343.7698
692,91,0.5588,0.4412,CV,89.4618,88.9226,-22.91356474361063,-22.70171171306856,-4.59368,1.45061,2066.0652
693,92,0.57,0.43,CV,26.6515,20.3216,-29.62011897263519,-29.604793802764167,-177.6937,-21.27041,10714.2322
694,92,0.6172,0.3828,CV,38.9006,39.9876,-35.86412004601044,-35.93851118303685,-104.97651,-11.57776,10203.9454
695,92,0.6277,0.3723,CV,104.5543,107.7502,-38.08885539016853,-38.13865323186908,23.47983,4.78658,9075.9848
696,92,0.6026,0.3974,CV,68.7692,67.75,-15.75700075430089,-15.684830663373479,55.25866,6.54432,8284.1495
696,91,0.5,0.5,CA,156.7475,157.0241,-38.678974117959804,-38.548720732714166,0.98664,-10.87681,1712.1626
697,92,0.6057,0.3943,CV,30.2571,27.5245,-13.572000276290648,-13.550218791918818,46.51013,6.40575,7567.3779
697,91,0.5736,0.4264,CV,12.7693,12.1488,-27.345029664166113,-27.339134224625063,0.48714,-8.38959,1515.0363
698,92,0.5866,0.4134,CV,81.1521,79.2987,-17.867671541515257,-17.76174450986959,51.97427,6.56534,7191.575
698,91,0.6037,0.3963,CV,2.152,2.4006,-28.71180417834307,-28.724214253945814,0.38608,-5.3232,1438.8499
699,92,0.5252,0.4748,CV,220.7397,219.8781,-32.514405022288145,-32.18779662752866,58.37311,10.14978,5977.9017
699,91,0.6141,0.3859,CV,9.2354,9.2913,-34.499807267572635,-34.511758110025866,-0.4038,-3.29866,1384.9614
700,91,0.617,0.383,CV,20.3441,20.3609,-38.36792127423494,-38.376537303370974,0.21088,-2.50366,1311.549
700,92,0.5724,0.4276,CV,57.2707,56.9171,-18.074510435573487,-18.027598963615272,35.15839,1.7033,5121.5354
701,91,0.6184,0.3816,CV,10.5525,10.5422,-23.417558157503287,-23.427803808194717,0.96903,-1.55547,1269.9809
702,91,0.6185,0.3815,CV,18.8129,18.8372,-15.15462651005387,-15.16338440102163,1.01368,-0.40094,1257.2776
703,91,0.6173,0.3827,CV,19.907,19.8402,-12.236889607898274,-12.240473285022347,1.21246,0.29999,1251.7676
704,91,0.617,0.383,CV,13.9894,13.8775,-11.172205997258365,-11.176257227960694,1.35733,0.44294,1242.5298
705,91,0.6171,0.3829,CV,11.7016,11.5932,-10.786898394664098,-10.791622907941889,1.29643,0.16888,1241.3365
706,91,0.6179,0.3821,CV,12.464,12.4942,-10.790984269391448,-10.79924217424357,0.96128,-0.5363,1222.9621
707,91,0.618,0.382,CV,12.5087,12.5037,-11.003986926396829,-11.011367516977456,0.20771,-1.0265,1219.9477
708,91,0.6179,0.3821,CV,11.7953,11.7488,-11.637547666872265,-11.644205143003301,-0.214,-1.28948,1223.126
709,91,0.6171,0.3829,CV,20.7045,20.6468,-12.173512389710178,-12.177086304620978,-0.98949,-1.81487,1220.1494
710,91,0.6148,0.3852,CV,32.6265,32.5338,-12.653849194372574,-12.649043549034397,-2.41608,-2.24462,1206.7973
711,91,0.616,0.384,CV,15.0461,14.9115,-13.450624475454028,-13.453941720090468,-2.46409,-1.51347,1213.8047
712,91,0.6183,0.3817,CV,18.3428,18.4531,-16.929097521476585,-16.94062824277849,-1.13421,0.26149,1227.7686
713,91,0.6182,0.3818,CV,21.0229,21.0448,-19.901833741785126,-19.90940138404458,-0.17467,1.18365,1207.3867
714,91,0.6151,0.3849,CV,58.9266,58.9926,-26.289876537213942,-26.28443635587072,-1.48313,-2.77097,1241.7367
715,91,0.6056,0.3944,CV,81.0761,80.9633,-34.19794930274678,-34.15716570402448,-5.02103,-2.13866,1326.5225
716,91,0.6018,0.3982,CV,67.4705,67.1469,-27.87608717814803,-27.833708031942408,-6.0717,-1.13713,1423.7777
717,91,0.604,0.396,CV,49.4825,49.0798,-20.73855838073988,-20.710815195423734,-6.10699,-0.89574,1503.0766
718,91,0.5976,0.4024,CV,93.0203,92.7502,-22.082898787866085,-22.025206625438994,-8.81941,-1.85203,1496.5154
719,91,0.5948,0.4052,CV,68.5601,68.1264,-14.902754180177794,-14.842892073628072,-10.12979,-2.29312,1501.174
720,91,0.5986,0.4014,CV,47.3098,46.7988,-13.024310679696196,-12.984049991272357,-10.28785,-1.34812,1576.8679
721,91,0.5963,0.4037,CV,61.3942,60.9642,-21.167899590117223,-21.112665210330693,-10.80714,-1.89492,1562.3403
722,91,0.5906,0.4094,CV,79.2016,79.0573,-73.2602451349087,-73.18474329541324,-6.06847,-2.71164,1447.8299
723,91,0.5904,0.4096,CV,36.6764,36.1433,-50.059350906984285,-49.99150911609962,-7.41069,-0.06552,1398.0825
724,91,0.6044,0.3956,CV,21.3402,21.0341,-42.147626438493646,-42.13804571570573,-5.52606,2.95451,1345.2273
725,91,0.5995,0.4005,CV,30.9593,30.539,-26.349439649756473,-26.299030298597916,-7.55707,4.41507,1263.9112
726,91,0.5766,0.4234,CV,44.7809,44.2575,-22.994549006692075,-22.856972239206932,-11.54911,5.08302,1167.2511
727,91,0.5926,0.4074,CV,23.4715,23.1188,-18.71514105167305,-18.67678833208023,-7.54426,4.49814,1042.5321
728,91,0.5705,0.4295,CV,33.5511,33.1159,-30.42289304983978,-30.27053196305652,-6.79547,2.92656,884.2356
729,91,0.5775,0.4225,CV,29.3829,29.3323,-15.032432336079017,-14.940978868171815,1.87577,-0.23876,717.446
739,93,0.7,0.3,CV,48.5024,48.5024,-13.365344539666829,-13.365344539666829,0.0,0.0,1008.801
740,93,0.6444,0.3556,CV,42.4884,42.4884,-15.262990327050101,-15.260302792948735,12.83744,-8.98427,1363.2921
741,93,0.5922,0.4078,CV,68.6251,68.2204,-17.742758590717102,-17.602657561036647,29.25646,-24.85096,2166.2634
742,93,0.5092,0.4908,CV,84.183,81.8946,-18.326753064099705,-17.9275961119847,41.75457,-39.66371,3225.4993
743,93,0.4852,0.5148,CA,73.302,68.8341,-17.166542322452923,-16.79183421142394,51.12407,-49.52797,4371.9824
744,93,0.5395,0.4605,CV,38.8752,33.6879,-16.88891240338774,-16.76629993652516,50.79233,-45.79273,5242.7701
745,93,0.6055,0.3945,CV,21.4996,22.7618,-19.65072736025012,-19.71995666245008,35.66802,-27.30698,5591.4907
746,93,0.6293,0.3707,CV,41.5448,43.1468,-25.185344133524197,-25.259028134103215,18.03085,-8.13855,5475.3784
747,93,0.6293,0.3707,CV,20.935,21.4506,-23.77375421770263,-23.812536696096107,7.41332,-2.3644,5208.7484
748,93,0.6242,0.3758,CV,23.6945,23.3608,-30.562600484262276,-30.57949105257079,6.14678,-1.18715,4905.2536
749,93,0.6209,0.3791,CV,26.4447,26.1748,-35.365028522666066,-35.37526137802962,3.89816,-0.0486,4577.3933
750,93,0.6205,0.3795,CV,9.2391,8.9694,-33.71316244312082,-33.72654015821318,2.59299,-0.44951,4325.6863
751,93,0.6198,0.3802,CV,10.2269,10.0413,-36.35836384993715,-36.36941457641847,1.49502,-0.47074,4101.5119
752,93,0.6194,0.3806,CV,5.6502,5.5803,-35.619039056737876,-35.62974214698419,0.61565,-0.38766,3925.066
752,94,0.7,0.3,CV,4.2433,4.2433,-9.01196540402691,-9.01196540402691,0.0,0.0,184.0917
753,93,0.6191,0.3809,CV,1.0028,1.0105,-35.23957392665686,-35.249478018895815,0.31675,-0.22484,3794.648
753,94,0.6271,0.3729,CV,41.1705,41.1705,-33.60954357354602,-33.532259544059585,16.92636,2.81681,262.8097
754,93,0.6188,0.3812,CV,7.3469,7.2856,-33.72756636353509,-33.73625151820963,0.12424,-0.27321,3675.1951
754,94,0.4064,0.5936,CA,93.3819,93.0963,-37.52986046030955,-36.663457176560065,24.63958,-13.06264,553.3088
755,93,0.6186,0.3814,CV,6.8771,6.8564,-31.72598338341848,-31.73454741971265,0.22189,0.18956,3588.2839
755,94,0.2929,0.7071,CA,78.675,76.141,-21.78347775777359,-20.73284240807549,38.98341,-25.45488,1074.869
756,93,0.6152,0.3848,CV,67.275,67.2361,-26.392418423960933,-26.3869042311062,3.81519,0.87802,3420.4258
756,94,0.4047,0.5953,CA,39.0342,35.2918,-13.138833339010528,-12.742779473667909,48.02835,-31.08248,1587.4026
757,93,0.6168,0.3832,CV,14.4096,14.2232,-21.545917047402234,-21.552121374848547,3.11495,1.12444,3357.5884
757,94,0.5327,0.4673,CV,12.8227,9.5985,-12.00077126844909,-11.964737195327478,42.89887,-25.92234,1988.8285
758,93,0.6174,0.3826,CV,19.0681,18.9302,-22.82062297391,-22.826862211665585,2.0699,1.42584,3270.1521
758,94,0.6287,0.3713,CV,24.451,27.2248,-15.725629038545744,-15.902991919866146,21.48622,-9.66977,2131.5949
759,93,0.6171,0.3829,CV,22.2692,22.0922,-20.021851421397642,-20.02635821295074,2.34326,1.55007,3180.052
759,94,0.6362,0.3638,CV,28.0806,29.1292,-19.067481735137715,-19.136848334496342,5.36943,1.26723,2044.8769
760,93,0.6169,0.3831,CV,22.8148,22.6223,-18.813015009686254,-18.817020940333975,2.38656,1.79148,3089.16
760,94,0.6273,0.3727,CV,16.5986,16.3353,-19.409044396848792,-19.42870399948069,1.05848,3.17721,1911.0957
761,93,0.6174,0.3826,CV,18.4646,18.3228,-15.552173998601921,-15.55852289937436,2.81035,1.14546,3031.7398
761,94,0.5989,0.4011,CV,41.9792,41.5154,-33.42958720721295,-33.342685865538115,-3.02737,6.44339,1726.5772
762,93,0.6184,0.3816,CV,2.6587,2.5569,-15.348373584471428,-15.358207586082958,1.68084,0.83888,2979.1076
762,94,0.606,0.394,CV,17.2227,16.5332,-29.63996897191419,-29.62494248012132,-1.37866,4.95254,1589.5709
763,93,0.6182,0.3818,CV,14.5879,14.4789,-15.529935810452002,-15.53751344750114,1.99009,0.76331,2922.4119
763,94,0.5897,0.4103,CV,68.6651,68.563,-18.75670052916046,-18.66318755572173,7.28281,2.67195,1453.5868
764,93,0.6166,0.3834,CV,35.1344,35.0124,-16.81890968047965,-16.819936653468808,3.27049,1.10947,2827.8929
764,94,0.601,0.399,CV,19.2998,18.7637,-12.10299212255316,-12.080297802566768,6.57046,1.67134,1341.8724
765,93,0.6163,0.3837,CV,24.6944,24.4876,-16.854790625624783,-16.85692106213577,3.29722,1.29127,2738.0451
765,94,0.6146,0.3854,CV,2.777,2.8661,-12.83942534425885,-12.857194360165838,3.83271,0.88654,1249.8489
766,93,0.6168,0.3832,CV,18.1732,17.9541,-16.123060397365414,-16.1276559720622,3.14158,0.86373,2657.7355
766,94,0.6152,0.3848,CV,68.4535,68.6954,-38.14713153809362,-38.147763337101054,-3.77161,-0.3414,1200.8289
766,95,0.7,0.3,CV,68.0355,68.0355,-20.257787656344398,-20.257787656344398,0.0,0.0,794.2597
767,93,0.6176,0.3824,CV,13.8582,13.7043,-14.296327113172296,-14.303709229839981,2.96915,0.50431,2601.7948
767,95,0.6365,0.3635,CV,55.6057,55.6057,-15.923799134896903,-15.8870234788751,-26.99398,-5.3101,1127.3941
767,94,0.6166,0.3834,CV,44.2741,44.426,-19.973554701560428,-19.979061256058593,0.61621,0.59036,1092.2844
768,93,0.6179,0.3821,CV,21.5149,21.4675,-12.664765755348329,-12.672023964324993,2.80316,-0.02041,2583.0053
768,95,0.6272,0.3728,CV,18.2957,17.6153,-11.424747213958955,-11.443434512637737,-23.51335,-8.71475,1698.6076
769,93,0.6181,0.3819,CV,10.1114,9.9771,-13.276667020530642,-13.284604076080685,2.25255,-0.27024,2545.9149
769,95,0.6427,0.3573,CV,14.029,14.3421,-11.183149937195997,-11.282944350411004,-3.31389,-9.14165,2067.178
769,96,0.7,0.3,CV,81.4945,81.4945,-15.617472540287217,-15.617472540287217,0.0,0.0,1294.832
770,93,0.6165,0.3835,CV,38.9132,38.8499,-15.747558349725228,-15.748319980042893,3.35431,0.10596,2432.4015
770,95,0.6366,0.3634,CV,27.9625,28.2126,-11.833236687234042,-11.883191936182868,16.16168,-4.27596,2183.9592
770,96,0.6431,0.3569,CV,64.4438,64.4438,-17.621881709445077,-17.613564319759305,16.45052,-2.01565,1760.7201
771,93,0.6175,0.3825,CV,10.1715,9.9746,-14.046240732426725,-14.053403699984887,2.71084,0.1327,2369.4772
771,96,0.6052,0.3948,CV,68.3721,67.825,-21.106188287414923,-21.022159383312513,39.06681,3.48247,2697.6707
771,94,0.5,0.5,CA,30.6383,30.5775,-22.319844762382004,-22.32508055231485,1.02835,0.70367,911.1483
772,93,0.6181,0.3819,CV,9.8136,9.6627,-13.831853003963758,-13.840080078318548,2.20924,0.34518,2308.4624
772,96,0.5848,0.4152,CV,54.6963,52.8819,-29.80884841035839,-29.696274760038428,54.69431,3.00389,3578.6435
772,94,0.5773,0.4227,CV,2.2857,2.2203,-19.274074971905762,-19.283328075370218,0.7566,0.41152,823.8875
773,93,0.618,0.382,CV,13.8613,13.7281,-14.832722142115053,-14.83998055660464,2.22119,0.27492,2235.025
773,96,0.6013,0.3987,CV,35.8921,34.4454,-40.35784388498159,-40.34376937591146,48.84415,0.94551,4107.5223
773,95,0.5,0.5,CA,98.8195,98.5381,-21.68437420396861,-21.478584034815082,21.52607,4.45005,1916.6321
774,93,0.6184,0.3816,CV,22.3811,22.4136,-12.152326767775046,-12.161304512457098,1.80218,-0.65194,2218.6037
774,96,0.5805,0.4195,CV,48.5558,46.2143,-63.13737291332871,-63.01281342428244,54.04579,0.8628,4367.3942
774,94,0.5,0.5,CA,58.9357,58.9903,-43.46284949472506,-43.42810329826389,-4.55146,-0.91652,824.163
775,93,0.6174,0.3826,CV,23.9075,23.8033,-15.043855409061884,-15.047937286840373,2.75931,-0.58445,2180.2704
775,96,0.584,0.416,CV,35.221,32.4882,-79.98204812127567,-79.90278637185507,49.95836,1.71106,4411.7023
775,94,0.5704,0.4296,CV,21.947,21.6819,-32.63018228967258,-32.61120719589625,-4.81419,-1.33026,786.8077
776,93,0.6161,0.3839,CV,29.7655,29.6335,-15.477712001327554,-15.477937167857252,3.71168,-0.12284,2117.7973
776,96,0.596,0.404,CV,25.1389,22.6802,-97.04366624957437,-97.00871668742899,41.32122,1.22797,4280.4173
776,94,0.5989,0.4011,CV,11.7783,11.5127,-26.873934004895723,-26.870830240344024,-3.96308,-1.35202,771.6087
777,93,0.616,0.384,CV,21.3943,21.1983,-14.756497858353155,-14.758067388691044,3.78377,0.08828,2072.8307
777,96,0.6085,0.3915,CV,16.5533,14.7449,-104.04650556478012,-104.0460871864604,30.6377,1.80459,4078.4761
777,94,0.6104,0.3896,CV,8.3547,8.1438,-19.88564298230657,-19.889053515785484,-2.96388,-1.27577,761.1562
778,93,0.6167,0.3833,CV,14.6096,14.4086,-15.056880812454981,-15.061548690275005,3.34288,0.12517,2030.2033
778,96,0.6163,0.3837,CV,19.8411,19.347,-107.94685107163438,-107.96099573758488,20.30043,2.2783,3881.3013
778,94,0.6153,0.3847,CV,6.9177,6.7919,-17.073113606114745,-17.08022858822947,-2.13657,-1.19085,747.1865
778,97,0.7,0.3,CV,4.6727,4.6727,-6.864071614028575,-6.864071614028575,0.0,0.0,40.6314
779,93,0.6161,0.3839,CV,23.3793,23.2068,-16.677189393800415,-16.678377287120714,3.68808,0.40707,1977.7923
779,96,0.6146,0.3854,CV,21.2096,20.2489,-117.20513924656571,-117.20035613985779,16.36722,2.17402,3646.2884
779,94,0.618,0.382,CV,4.719,4.7336,-14.132856046597517,-14.143913698908412,-1.1661,-0.93132,730.8398
779,97,0.6452,0.3548,CV,7.162,7.162,-7.239528638792866,-7.2405642580955165,-2.83341,-0.65506,55.1071
780,93,0.6128,0.3872,CV,50.0156,49.8831,-13.181987605659813,-13.169817804434773,5.06212,-0.36803,2000.8236
780,96,0.5977,0.4023,CV,67.7406,66.9882,-68.80849661239223,-68.73571094010856,19.4896,2.38636,3543.1842
780,94,0.6188,0.3812,CV,5.5862,5.5984,-11.983740276206712,-11.994454581591436,-0.4267,-0.76888,714.2226
780,97,0.6192,0.3808,CV,7.6149,7.5533,-7.606823323002487,-7.578604584897016,-7.37548,1.18297,80.7492
781,93,0.6114,0.3886,CV,45.2178,44.9801,-12.859222398262393,-12.846444298386567,4.71673,-0.90957,2059.2123
781,96,0.5776,0.4224,CV,92.2044,91.294,-83.15840855514176,-83.02718954605182,24.22079,0.62636,3337.147
781,94,0.6189,0.3811,CV,5.3795,5.3684,-10.195436929192859,-10.205292892544113,0.00795,-0.74124,703.8159
781,97,0.6052,0.3948,CV,6.0722,5.818,-6.806767333730368,-6.758290435746544,-8.9451,-1.1769,100.7234
782,93,0.6142,0.3858,CV,28.903,28.7713,-12.994652945535918,-12.995550524534904,4.44215,-0.30724,2016.8351
782,96,0.5679,0.4321,CV,77.0498,75.8052,-60.55271625001387,-60.411411498693695,26.57969,-0.40199,3212.802
782,94,0.6172,0.3828,CV,21.4689,21.4599,-15.980835236678711,-15.983295886431108,1.55186,-0.73198,686.2953
782,97,0.5791,0.4209,CV,6.9094,6.4951,-7.057794210211487,-6.921775576518256,-10.68696,-1.9214,113.1488
783,93,0.6177,0.3823,CV,28.5867,28.7307,-12.94859211618131,-12.960178661231815,1.85784,0.55884,1946.4374
783,96,0.5882,0.4118,CV,39.2414,38.1322,-51.510450142746,-51.46691015408653,21.88169,-1.02152,3190.0454
783,94,0.6081,0.3919,CV,40.7861,40.7296,-50.56924375412831,-50.53571650058916,1.87967,-1.85337,627.7017
783,97,0.5665,0.4335,CV,10.3167,10.0886,-8.529556959182663,-8.380426912734809,-9.50423,-2.59949,122.9638
784,93,0.6186,0.3814,CV,13.8545,13.8949,-11.290291541200718,-11.3003679245081,0.2643,0.2518,1911.4423
784,96,0.596,0.404,CV,40.5914,39.5609,-58.094654891301325,-58.053565603148094,19.13615,0.34857,3106.5057
784,94,0.6135,0.3865,CV,7.0598,6.8665,-35.531299473822436,-35.53419043973919,1.68359,-1.4209,601.2045
784,97,0.5934,0.4066,CV,4.6614,4.2948,-7.076585517104995,-7.056348380137797,-7.3155,-3.03581,122.6049
785,93,0.6185,0.3815,CV,29.621,29.6821,-17.907818274766562,-17.916302771140277,-0.87247,-1.15726,1934.552
785,96,0.578,0.422,CV,85.3398,84.4118,-48.87747129019168,-48.750642122941166,23.31089,1.7889,3005.3792
785,94,0.6183,0.3817,CV,7.8869,7.9513,-25.133286070221914,-25.14833483706311,1.41477,-0.71868,583.7926
785,97,0.609,0.391,CV,2.8445,2.5163,-6.363734429354734,-6.369045504326948,-5.16531,-2.46204,118.9293
786,93,0.6187,0.3813,CV,12.0116,12.0009,-21.571813458668764,-21.58127389394573,-0.62008,-1.19569,1899.2506
786,96,0.5832,0.4168,CV,54.1584,52.982,-40.73239179662327,-40.65342021507633,22.29001,1.90101,2992.1273
786,94,0.6193,0.3807,CV,9.4822,9.5186,-19.236173293466706,-19.24843606612621,0.93087,-0.19522,568.4307
786,97,0.6156,0.3844,CV,4.267,4.1628,-7.037430563029136,-7.0476506048713174,-3.98078,-1.48521,111.7173
787,93,0.6185,0.3815,CV,11.6821,11.6142,-31.191005732719372,-31.199266855652855,-0.979,-1.24019,1864.5463
787,96,0.5879,0.4121,CV,50.8327,49.6692,-38.30729773852515,-38.23981578116017,20.99151,2.15575,2971.4989
787,94,0.6183,0.3817,CV,12.8528,12.8402,-14.087026237468073,-14.093483139739412,0.38923,-0.0693,560.0975
787,97,0.6181,0.3819,CV,4.536,4.4814,-7.923580624339904,-7.934647672794713,-2.71618,-0.93427,103.0359
788,93,0.6138,0.3862,CV,55.4874,55.4714,-28.506550463844352,-28.49519452267426,-1.34544,0.51295,1727.5348
788,96,0.5988,0.4012,CV,41.2161,40.4105,-24.62540016981591,-24.596221869604413,16.96678,1.46455,3015.2125
788,94,0.6178,0.3822,CV,8.7827,8.7359,-12.763068368369138,-12.76913717530324,-0.04245,0.07403,551.2855
788,97,0.6194,0.3806,CV,5.8017,5.8026,-6.872466207652865,-6.885718001993823,-1.87423,-0.48178,98.9204
789,93,0.6158,0.3842,CV,12.7373,12.485,-40.53204433743189,-40.536287278864144,-1.24034,0.42689,1653.3816
789,96,0.6091,0.3909,CV,24.507,23.9844,-18.885084183970065,-18.883074680076383,11.66126,1.61419,3054.2855
789,94,0.6177,0.3823,CV,7.9952,7.9529,-11.922628039981824,-11.928713355763211,-0.43174,0.09177,543.1272
789,97,0.6205,0.3795,CV,2.2204,2.2134,-6.717001207789667,-6.7326800072487405,-1.19874,-0.23378,92.4175
790,93,0.6127,0.3873,CV,88.6733,88.8658,-91.01794263412738,-91.00591857302946,-0.51408,-3.44538,1732.8167
790,96,0.6135,0.3865,CV,34.5456,34.3486,-12.474079769750197,-12.475332976269323,8.14332,3.05389,3005.7545
790,94,0.6171,0.3829,CV,11.0169,10.9643,-11.168230057508412,-11.171928380230247,-0.78193,-0.0161,541.3781
790,97,0.6146,0.3854,CV,9.0331,9.0095,-8.006590832424305,-7.995904745702543,-1.08315,-0.8642,86.9562
791,93,0.6051,0.3949,CV,66.9866,66.6873,-104.51046866506843,-104.47115294753772,0.05651,-4.6305,1819.7543
791,96,0.6182,0.3818,CV,51.9765,52.2668,-16.099000507706293,-16.11352611977022,1.01567,2.71801,3051.5919
791,94,0.6171,0.3829,CV,8.0498,7.9831,-10.038005870728446,-10.042715994282345,-0.72856,-0.17286,542.8227
791,97,0.6159,0.3841,CV,3.0128,2.9598,-6.351640927537034,-6.355005322210253,-0.82572,-0.64641,83.9421
792,96,0.6174,0.3826,CV,42.2969,42.3065,-20.31415230896871,-20.318653055574174,-2.40405,2.54328,3032.2767
792,94,0.6175,0.3825,CV,7.536,7.502,-10.488475390715621,-10.494769617355612,-0.8927,-0.04937,539.181
792,97,0.6142,0.3858,CV,7.8379,7.8094,-7.504809996325992,-7.499036587652117,-0.7336,-0.47775,84.1884
793,96,0.6157,0.3843,CV,44.542,44.4151,-26.00147534992678,-25.99966435154495,-4.33132,1.98803,2966.9388
793,94,0.6182,0.3818,CV,8.0497,8.0779,-11.312495487969024,-11.321462412966003,-0.55398,-0.01868,527.7261
793,97,0.6169,0.3831,CV,6.392,6.4047,-7.681940388604003,-7.6899072962284265,-0.53014,-0.39525,79.7365
794,96,0.6126,0.3874,CV,52.479,52.2421,-29.917866220128232,-29.905770964254053,-5.45381,2.34081,2868.5585
794,94,0.6185,0.3815,CV,2.8126,2.8073,-9.690192447556147,-9.699162090411303,-0.38369,-0.18472,526.366
794,97,0.6158,0.3842,CV,5.7289,5.7046,-6.939942930819551,-6.93938665916539,-0.55838,-0.40792,79.524
795,96,0.6153,0.3847,CV,18.1484,17.8451,-51.97166357182272,-51.97542024329029,-4.59195,2.11872,2853.0967
795,94,0.6182,0.3818,CV,8.966,8.9489,-9.649564598449198,-9.656807084744559,-0.67633,-0.32993,531.3825
795,97,0.6149,0.3851,CV,5.8739,5.8365,-7.085725832729159,-7.083061837071499,-0.56937,-0.52961,79.5417
796,96,0.6164,0.3836,CV,27.0244,26.897,-78.4310564358396,-78.43564964315543,-3.36848,3.07045,2865.9289
796,94,0.6173,0.3827,CV,12.4299,12.3862,-10.008049288637443,-10.01221441597927,-1.11573,-0.37131,537.5177
796,97,0.6159,0.3841,CV,4.0382,4.0102,-6.778932067741579,-6.781856467724822,-0.53895,-0.41044,78.294
797,96,0.6177,0.3823,CV,10.5761,10.4192,-98.57529711209031,-98.5835267357824,-2.67446,1.88915,2862.655
797,94,0.6173,0.3827,CV,8.2892,8.2192,-9.882793638692656,-9.887985577016972,-1.16091,-0.31563,541.5428
797,97,0.6145,0.3855,CV,11.5423,11.537,-9.335426894555322,-9.33084002469591,-0.57243,-0.10365,82.6175
798,94,0.6178,0.3822,CV,5.7584,5.7211,-10.146753436952107,-10.154224484773536,-1.01464,-0.13032,539.9159
798,97,0.6168,0.3832,CV,6.1365,6.1497,-7.334657994993363,-7.342131201810013,-0.50468,0.05625,81.7083
799,94,0.6183,0.3817,CV,5.7311,5.7233,-10.42104095908792,-10.429572408726948,-0.72481,0.15649,536.6128
799,97,0.6164,0.3836,CV,8.7652,8.7688,-7.965749915542224,-7.968074461304075,-0.3139,-0.21156,78.5071
800,94,0.6181,0.3819,CV,9.3362,9.3139,-11.83443084249377,-11.841715025477011,-0.58289,0.35627,528.2959
800,97,0.6165,0.3835,CV,6.0414,6.0313,-7.272318827372579,-7.275552377307759,-0.56746,-0.2868,79.9357
801,94,0.6183,0.3817,CV,6.3432,6.3158,-10.534061888782775,-10.542564061947141,-0.39778,0.68027,526.5226
801,97,0.6175,0.3825,CV,2.3524,2.3291,-6.7434946139858285,-6.750784838945761,-0.49292,-0.13955,81.4296
802,94,0.6186,0.3814,CV,7.9375,7.9419,-9.522506330509687,-9.531702353302238,0.12306,0.7591,530.0547
802,97,0.6172,0.3828,CV,5.4333,5.4209,-7.580177886720196,-7.5846310696988235,-0.40335,-0.23289,80.0677
803,94,0.6186,0.3814,CV,4.9867,4.9507,-9.891745330170787,-9.900412531588694,0.27735,0.72764,527.3448
803,97,0.6172,0.3828,CV,4.1932,4.1725,-8.072601412744273,-8.07762207013898,-0.34273,-0.04435,78.8046
804,94,0.6185,0.3815,CV,7.4814,7.4686,-9.42494288681947,-9.433414134825071,-0.2105,0.71818,520.7365
804,97,0.6179,0.3821,CV,3.1036,3.0904,-8.788091470346448,-8.795964038048133,-0.19844,0.1693,78.2953
805,94,0.6186,0.3814,CV,4.1792,4.145,-9.283885757454474,-9.29289314201351,-0.14366,0.57335,513.6568
805,97,0.6184,0.3816,CV,3.6817,3.6817,-10.04116481000517,-10.050129657929695,0.14241,0.1184,77.7186
806,94,0.6184,0.3816,CV,8.5589,8.5388,-9.744275948588086,-9.752206035341382,0.39381,0.61654,504.9119
806,97,0.6176,0.3824,CV,4.5726,4.5553,-10.228412411531524,-10.233375725198417,-0.03078,0.14205,75.6491
807,94,0.6178,0.3822,CV,10.561,10.5253,-9.618511145476855,-9.62446679746894,0.98306,0.63895,497.9545
807,97,0.6186,0.3814,CV,4.7858,4.8011,-7.3585720149500515,-7.368719788686959,-0.07699,0.33671,76.3471
808,94,0.6175,0.3825,CV,9.3665,9.3066,-9.40753487308036,-9.412832956285891,1.24297,0.63973,492.8568
808,97,0.6182,0.3818,CV,4.7866,4.7858,-9.400612147981668,-9.407980751603034,0.16072,0.20276,74.3748
809,94,0.6175,0.3825,CV,8.4498,8.3954,-9.350030962533891,-9.356049982129376,1.15274,0.68504,491.9352
809,97,0.6149,0.3851,CV,8.1478,8.1297,-17.407693667325923,-17.401412678642316,0.36304,0.03508,70.3364
810,94,0.6179,0.3821,CV,5.0953,5.0389,-9.248789177956754,-9.256430372836942,0.83409,0.6358,490.4353
810,97,0.6136,0.3864,CV,5.5108,5.4663,-33.41142357481932,-33.40453028196741,0.32606,0.07207,66.8183
811,94,0.618,0.382,CV,5.5322,5.4826,-9.598210021833491,-9.605490293666788,0.67032,0.53141,490.6918
811,97,0.6156,0.3844,CV,3.4718,3.4366,-43.03881128966384,-43.04234989895454,0.03495,0.06827,63.6705
812,94,0.6182,0.3818,CV,3.9667,3.9214,-9.520741099268742,-9.528605101822412,0.44901,0.51915,490.4022
812,97,0.6137,0.3863,CV,5.1378,5.0971,-43.73464066209867,-43.727310287156165,-0.18826,0.03694,59.3049
813,94,0.6182,0.3818,CV,4.304,4.2669,-9.710848212107827,-9.71858720753473,0.34365,0.39174,492.7925
813,97,0.6171,0.3829,CV,7.7348,7.7622,-38.39899579931584,-38.408579788322484,-0.59889,0.31899,57.8711
814,94,0.6183,0.3817,CV,6.2226,6.219,-9.3917914969819,-9.400084601809775,0.28906,0.55423,488.2777
814,97,0.6156,0.3844,CV,6.5976,6.5893,-22.39934027456673,-22.397700915428366,-0.32131,0.5975,56.657
815,94,0.6183,0.3817,CV,6.2491,6.2266,-9.39899297193324,-9.40685507042391,0.28312,0.63622,482.6466
815,97,0.6164,0.3836,CV,6.1508,6.154,-13.727800197552245,-13.731872004274752,0.23229,0.5233,54.3073
816,94,0.6165,0.3835,CV,19.606,19.5875,-11.453865815573154,-11.45426700936799,1.56776,0.47253,479.4962
816,97,0.576,0.424,CV,84.4234,84.4235,-109.37974295209388,-109.2144831516057,0.41079,-0.54063,69.2607
817,94,0.6142,0.3858,CV,19.3902,19.31,-11.801217589679844,-11.794595673573788,2.3266,0.05362,473.9352
818,94,0.6167,0.3833,CV,5.8479,5.7798,-9.200795901520156,-9.208140748297717,1.56368,-0.07371,465.6779
818,97,0.5,0.5,CA,64.6688,64.5662,-45.43926941104949,-45.34299346871107,0.44875,-1.12074,124.4327
819,94,0.6188,0.3812,CV,4.7084,4.7918,-9.077338995468955,-9.089965747398496,0.62999,0.11317,463.3052
819,97,0.5662,0.4338,CV,28.8652,28.7675,-28.81520570868296,-28.779480162787497,-0.16575,-1.24038,131.7799
820,94,0.6192,0.3808,CV,6.6441,6.6799,-9.178683574232654,-9.189682045157243,-0.1211,0.03359,460.2879
820,97,0.5866,0.4134,CV,36.5032,36.3842,-27.671974226125876,-27.623818547142463,-0.58802,-1.0794,165.0109
821,94,0.6188,0.3812,CV,7.9212,7.9147,-9.761555720505873,-9.770256657508048,-0.53627,-0.14594,450.3658
821,97,0.5955,0.4045,CV,33.2802,33.1163,-22.275119888633647,-22.23411768570068,-1.01248,-0.98354,207.0359
822,94,0.6181,0.3819,CV,9.3169,9.2829,-9.81180472668309,-9.818136523127839,-0.78502,-0.4157,438.1141
822,97,0.5993,0.4007,CV,72.3767,72.4747,-27.81344552057631,-27.775436491321383,-1.24363,-3.01566,167.2802
823,94,0.6176,0.3824,CV,9.1032,9.0509,-9.934487453552517,-9.93981381780743,-0.77562,-0.39514,422.4676
823,97,0.6047,0.3953,CV,14.8351,14.7102,-10.322932328768653,-10.30179436173427,-0.53774,-3.39183,180.5081
824,94,0.6179,0.3821,CV,5.6915,5.6245,-8.965173721110263,-8.972658922527907,-0.85654,-0.33713,409.8761
824,97,0.5704,0.4296,CV,56.8,56.7401,-29.05527871250224,-28.884382219846998,-5.83929,-3.56326,212.1098
825,94,0.6164,0.3836,CV,23.5738,23.6107,-19.647811147230335,-19.648495940059284,1.48181,-0.15109,395.0215
825,97,0.5343,0.4657,CV,57.2089,56.8485,-25.43498346528047,-25.16832010504958,-8.82238,-3.41767,255.0962
826,94,0.6161,0.3839,CV,9.5156,9.4297,-17.55775030971345,-17.55922786347347,1.69119,-0.07098,381.0311
826,97,0.5688,0.4312,CV,20.0491,19.5012,-12.590560542414762,-12.515771889569228,-8.02718,-2.60493,287.0163
827,94,0.6171,0.3829,CV,5.4417,5.3482,-17.492047046822954,-17.498165838692955,1.44123,-0.1591,366.5212
827,97,0.605,0.395,CV,7.5368,7.7841,-11.908203834421716,-11.932935502927286,-4.88714,-1.2417,304.0071
828,94,0.6179,0.3821,CV,5.1497,5.098,-21.87716256524319,-21.885476970357622,1.00979,-0.26531,348.6317
828,97,0.6188,0.3812,CV,16.7457,16.9595,-15.157266579932628,-15.186946148427456,-1.43652,-0.51523,311.8994
829,94,0.6185,0.3815,CV,4.8799,4.8438,-26.121252121379474,-26.130515648887922,0.59514,-0.21641,329.4561
829,97,0.6145,0.3855,CV,21.6463,21.6163,-15.410424060072906,-15.401682770902937,-0.38213,-0.60825,307.4915
830,94,0.6191,0.3809,CV,4.1395,4.1252,-31.832812149414533,-31.84377480740694,0.12141,-0.12404,310.7754
830,97,0.6052,0.3948,CV,30.7421,30.7145,-20.148063028823834,-20.10667808949679,-3.74694,-0.20076,314.2202
831,94,0.6194,0.3806,CV,2.8336,2.8118,-33.25351223576826,-33.2649313348601,-0.11523,-0.11469,292.5627
831,97,0.5957,0.4043,CV,70.5432,70.5853,-42.808534516056355,-42.74101955595008,-3.40822,-1.25348,373.6149
832,94,0.6194,0.3806,CV,3.1401,3.1165,-40.90975920387494,-40.92081471322383,-0.27866,-0.15704,274.0575
833,94,0.6195,0.3805,CV,2.0217,1.9941,-50.054108260993786,-50.06564981054273,-0.24722,-0.14518,255.7186
834,94,0.6193,0.3807,CV,3.3012,3.2781,-58.69451937533842,-58.70516964171093,-0.33616,-0.2338,237.3674
835,94,0.6197,0.3803,CV,1.4235,1.4129,-70.75485478222487,-70.76709226244743,-0.27045,-0.13459,220.4511
836,94,0.6192,0.3808,CV,4.4172,4.4006,-75.54446331095394,-75.55408264391592,-0.53298,-0.10682,203.3241
837,94,0.6194,0.3806,CV,6.2747,6.2938,-56.38956552793663,-56.400866394518744,-0.20486,0.19447,191.2371
838,94,0.6181,0.3819,CV,6.1616,6.1396,-49.14979465035889,-49.15535747090131,-0.31633,0.30027,180.6595
839,94,0.6186,0.3814,CV,1.7193,1.6906,-63.67310866343807,-63.68272390045185,-0.22533,0.19607,169.156
840,94,0.619,0.381,CV,4.6444,4.6561,-106.48220734826589,-106.49278662754288,-0.35775,0.00671,156.1323
841,94,0.6175,0.3825,CV,7.2246,7.2109,-167.730014221177,-167.73362115782245,-0.70134,-0.1235,143.0575
842,94,0.6167,0.3833,CV,5.5462,5.5109,-168.21551348916884,-168.21812703684256,-0.90979,-0.14002,131.9353
843,94,0.6141,0.3859,CV,7.4656,7.4194,-224.8847793407137,-224.87752462979464,-1.23883,-0.16351,120.3655
844,94,0.5546,0.4454,CV,30.2325,30.1689,-140.13434094051456,-139.88542600397494,-3.96153,-0.29058,109.5245
845,94,0.5145,0.4855,CV,20.1946,19.996,-250.03311836814953,-249.71023230039364,-5.44987,-0.7102,97.0608
846,94,0.2426,0.7574,CA,59.8363,60.0889,-149.9000231792159,-148.43848703980657,12.42604,-0.41445,87.7893
847,94,0.4664,0.5336,CA,2.931,2.6234,-7.137010929564802,-7.062953148673017,12.03236,-0.01351,78.1766
850,100,0.7,0.3,CV,59.2687,59.2687,-14.560118551814172,-14.560118551814172,0.0,0.0,2017.844
851,100,0.6397,0.3603,CV,102.3678,102.3678,-17.282468068778805,-17.259398079723805,15.06374,-9.47572,2897.3917
852,100,0.6122,0.3878,CV,65.5654,64.6229,-16.576911431011556,-16.52731893863666,33.5442,-21.6897,4436.7077
853,100,0.5969,0.4031,CV,57.6527,55.2864,-15.501095620005547,-15.42853696215938,37.04402,-31.11531,5881.1675
854,100,0.6118,0.3882,CV,28.2724,25.3587,-14.19107928818421,-14.203039303664449,25.12685,-23.32423,6886.2679
855,100,0.5848,0.4152,CV,86.7311,84.313,-14.73415203856383,-14.612063479473045,18.34937,-30.88206,7741.2163
856,100,0.6076,0.3924,CV,31.2305,29.5262,-13.202946919230765,-13.215252693743818,7.58651,-21.90034,8181.9325
857,100,0.6195,0.3805,CV,12.8495,12.8657,-13.281415737619563,-13.310459824454538,6.41694,-13.57143,8265.8252
858,100,0.6251,0.3749,CV,39.0177,40.0776,-14.934049290349304,-14.969091119305743,4.76346,-5.51347,8087.2703
859,100,0.6206,0.3794,CV,83.4375,83.8058,-14.56485610449075,-14.572618331166593,1.99365,1.60312,7624.4673
860,100,0.6218,0.3782,CV,39.9392,40.391,-15.408093395354115,-15.42757515711998,0.55858,-1.47813,7538.7072
861,100,0.6202,0.3798,CV,36.8141,36.8455,-16.157194407586264,-16.16806987024346,-1.97841,-1.16957,7461.7733
862,100,0.6177,0.3823,CV,63.3601,63.2834,-14.042681799198817,-14.045376893567445,-5.31737,0.44872,7262.4762
863,100,0.6172,0.3828,CV,46.7921,46.6684,-14.193259353635742,-14.1973205731667,-4.64436,0.06335,7321.584
864,100,0.6174,0.3826,CV,25.2166,25.0494,-14.061179236302111,-14.067281693620783,-3.32416,1.11571,7376.7211
865,100,0.6177,0.3823,CV,31.876,31.8642,-14.434597673628378,-14.44146736914903,-3.06537,0.6534,7286.3941
866,100,0.617,0.383,CV,60.9979,60.953,-14.392053723224743,-14.395518378126281,-2.43677,0.95798,7070.642
867,100,0.6172,0.3828,CV,31.777,31.5676,-13.645329945060295,-13.65062518092702,-1.50971,0.46841,6967.0492
868,100,0.6184,0.3816,CV,11.2467,11.4137,-13.716904013591137,-13.727081895836962,-1.23165,-0.12633,7029.363
869,100,0.613,0.387,CV,113.6694,113.5562,-16.098880198446157,-16.08443394220578,-1.97903,3.01823,6618.4821
870,100,0.6179,0.3821,CV,45.4572,45.7601,-13.35246042882253,-13.366544712070054,1.02678,-1.17626,6582.3422
871,100,0.6137,0.3863,CV,83.8142,83.6107,-15.128255243420414,-15.117288890289137,2.1274,2.43481,6242.5429
872,100,0.5785,0.4215,CV,174.5413,174.1225,-30.245123906800423,-30.094251591816427,1.45103,-4.95627,5488.0717
873,100,0.6019,0.3981,CV,37.4309,37.1236,-15.181726461535341,-15.179513448404602,-3.3181,-7.33198,5132.1343
874,100,0.6177,0.3823,CV,88.4107,89.1443,-16.236085615090303,-16.265551447275268,-6.55423,-3.10929,4977.3712
878,100,0.5,0.5,CA,80.3481,80.4433,-14.989359424638614,-14.997418587418744,-0.36293,1.92801,3896.7194
879,100,0.5728,0.4272,CV,75.5256,75.6362,-18.409031850608024,-18.40007352956979,6.29486,2.60879,3643.6328
880,100,0.5866,0.4134,CV,81.4013,81.0394,-19.52356257871982,-19.466112200290695,9.84736,3.04561,3564.2331
881,100,0.5933,0.4067,CV,80.8425,80.3762,-15.029303012254458,-14.9793050136044,5.4966,5.15488,3583.2635
882,100,0.613,0.387,CV,39.3773,39.8249,-12.702265137841476,-12.72473326031678,0.32842,3.86296,3414.0021
883,100,0.5115,0.4885,CV,257.4036,257.5932,-85.10755656864096,-84.68704814653606,-4.52445,15.39822,2722.6265
884,100,0.5493,0.4507,CV,320.0138,321.3223,-94.30021636991765,-94.17923766190997,7.52596,-9.20875,2949.2294
885,100,0.4542,0.5458,CA,206.3559,204.7105,-31.940889605059517,-31.384086259080817,11.38129,-19.56156,3331.9225
886,100,0.5534,0.4466,CV,52.0463,51.524,-14.242832224762664,-14.220373030067067,4.58551,-18.00677,3301.2272
890,102,0.7,0.3,CV,18.806,18.806,-11.481358907808712,-11.481358907808712,0.0,0.0,155.4798
891,102,0.6382,0.3618,CV,30.3086,30.3086,-16.46826008149745,-16.438705766429266,-6.32255,-2.6196,223.4432
892,102,0.5669,0.4331,CV,36.2976,35.9856,-18.86706171735984,-18.63255931533221,-15.87396,-4.96158,372.1992
893,102,0.4068,0.5932,CA,64.6703,63.6844,-24.972030907231606,-24.19609076367889,-25.17476,5.02633,634.3261
894,102,0.407,0.593,CA,48.6475,46.4076,-21.411343792245237,-20.8648314018551,-34.74364,13.67647,944.0392
894,100,0.5,0.5,CA,396.3333,396.4039,-29.32138242479033,-29.25906027045501,-3.12056,-5.02044,2384.1625
895,102,0.5062,0.4938,CV,26.5206,24.8407,-24.41618041349878,-24.270995714870743,-35.36133,17.31324,1175.5565
895,100,0.5691,0.4309,CV,53.995,54.3141,-18.842039152691967,-18.817869702848714,11.24348,-3.4594,2107.2391
896,102,0.5467,0.4533,CV,22.2634,20.1327,-20.7152254231114,-20.591423500522332,-32.25635,12.94645,1376.3968
896,100,0.5573,0.4427,CV,59.7526,59.4578,-18.41304124288302,-18.24129768195968,15.38211,2.58805,1887.8443
897,102,0.5735,0.4265,CV,20.9145,18.9295,-19.564246123376968,-19.490704269080194,-27.18253,8.91422,1540.4412
897,100,0.5598,0.4402,CV,42.7532,41.7637,-16.328299373895796,-16.18387625678594,15.71214,4.74389,1736.2982
898,102,0.6067,0.3933,CV,12.1868,11.8049,-20.428883726407804,-20.453964240048165,-18.89211,5.39933,1617.3865
898,100,0.5861,0.4139,CV,19.7507,18.6957,-16.563533313111872,-16.522992173221805,13.30212,3.30269,1631.5805
899,102,0.6212,0.3788,CV,27.8782,28.1813,-21.473064092642808,-21.510395621308597,-11.49586,2.92581,1603.1392
899,100,0.6073,0.3927,CV,13.1635,12.9506,-19.827035736330792,-19.836079872914972,9.51733,1.12081,1546.1257
900,102,0.6174,0.3826,CV,33.9607,33.8155,-18.999503181065833,-18.99964152732455,-8.72791,1.92475,1555.0633
900,100,0.6172,0.3828,CV,36.425,36.6442,-36.255266907940396,-36.27503469586493,5.65985,1.63781,1419.3082
901,102,0.614,0.386,CV,38.9558,38.8874,-17.292952583281057,-17.28420507417826,-4.82881,1.31318,1470.7247
901,100,0.615,0.385,CV,27.7056,27.6108,-45.5672334717137,-45.56297545425659,3.49975,2.44833,1312.8803
902,102,0.6023,0.3977,CV,48.5208,48.2072,-20.66066145696233,-20.60756891260425,-6.59709,1.8613,1387.9154
902,100,0.6161,0.3839,CV,56.5549,56.7244,-22.96098162553693,-22.964364074787227,2.77686,-0.1991,1330.5999
903,102,0.5985,0.4015,CV,38.0531,37.6311,-19.470189137276414,-19.418939813635824,-6.748,2.15191,1310.9215
903,100,0.6144,0.3856,CV,25.865,25.6699,-19.797051139015387,-19.791743346908962,2.02341,-0.5674,1345.3848
904,102,0.6004,0.3996,CV,28.8517,28.3968,-17.310529773781454,-17.272301631425783,-6.39716,2.19353,1243.7344
904,100,0.6169,0.3831,CV,6.6467,6.6461,-22.393462470368586,-22.401575093336433,1.28907,0.00939,1326.8455
905,102,0.6019,0.3981,CV,26.6485,26.2142,-16.02431782312634,-15.989713487502252,-5.91455,2.10233,1176.8848
905,100,0.6168,0.3832,CV,12.2057,12.0853,-19.258158593567977,-19.26194003811741,0.87789,0.13261,1347.1477
906,102,0.6044,0.3956,CV,22.5936,22.1874,-15.055642933042988,-15.029264691879867,-5.08917,1.95609,1111.2419
906,100,0.6179,0.3821,CV,12.2752,12.3551,-20.832684806789537,-20.841005111878257,0.26293,0.50815,1353.0501
907,102,0.6106,0.3894,CV,13.1803,12.8632,-12.29745441946154,-12.293413506233994,-4.41325,1.12801,1066.9203
907,100,0.6136,0.3864,CV,62.5475,62.5387,-14.458868135902652,-14.447624701403885,3.60998,0.75795,1352.5686
908,102,0.6147,0.3853,CV,15.2008,15.1024,-11.157564536661976,-11.16193274251495,-3.74053,0.18166,1041.6675
908,100,0.6169,0.3831,CV,56.1598,56.3248,-29.309084506936443,-29.3183553743505,-1.10793,1.2508,1353.1745
909,102,0.6152,0.3848,CV,13.0179,12.809,-11.051830960084896,-11.052199634206245,-3.22926,-0.09343,1008.8869
909,100,0.6153,0.3847,CV,32.0762,31.9843,-26.720680525878223,-26.71821020438935,-2.51966,1.25384,1359.3504
910,102,0.5132,0.4868,CV,128.5913,128.4794,-93.02183069167614,-92.60490405204968,-6.66839,4.87526,819.9604
910,100,0.6138,0.3862,CV,31.3624,31.1954,-31.115816431594126,-31.109219244189376,-3.06653,1.29727,1351.8431
911,102,0.6106,0.3894,CV,80.3127,81.0137,-33.979920896865835,-34.1084321547213,-0.34365,-2.83608,829.0786
911,100,0.6133,0.3867,CV,28.1194,27.924,-30.923421037117194,-30.91696313947933,-2.67168,1.97434,1339.4955
912,102,0.5867,0.4133,CV,49.0895,48.8521,-19.012939991300318,-18.900299610409647,2.80583,-4.27618,825.1728
912,100,0.6153,0.3847,CV,34.4143,34.425,-32.57089022646515,-32.573498392069574,0.56775,2.51973,1339.2989
913,102,0.6061,0.3939,CV,6.5774,6.1873,-14.309347954691734,-14.312330208279871,2.28155,-3.06529,784.5304
913,100,0.6028,0.3972,CV,70.6775,70.5377,-24.253528567016588,-24.200837619509507,5.08056,3.7893,1302.2069
914,102,0.6214,0.3786,CV,31.5824,31.919,-23.978706621625978,-24.01812982060661,0.72566,-0.39566,715.5122
914,100,0.6089,0.3911,CV,18.582,18.1948,-17.40611139040345,-17.39757394965759,4.07757,3.49991,1294.207
915,102,0.615,0.385,CV,24.831,24.8251,-23.895379592077397,-23.88484656738077,-0.33776,0.91221,655.3151
915,100,0.6122,0.3878,CV,18.0736,17.7692,-14.66862938448822,-14.664718560383033,3.54015,3.27458,1292.6555
916,102,0.6134,0.3866,CV,51.7143,51.8757,-16.9025879352538,-16.894652382715602,-1.11665,-1.50565,670.5359
916,100,0.6113,0.3887,CV,28.1586,27.8979,-13.606890296136795,-13.594460861966052,4.01411,3.3953,1288.7289
917,102,0.6149,0.3851,CV,37.4998,37.6173,-23.270699802637736,-23.271559912930343,-2.36499,0.25079,611.8598
917,100,0.61,0.39,CV,30.2595,29.9886,-15.16856817404928,-15.152048066186053,4.29136,3.05122,1254.4653
918,102,0.6156,0.3844,CV,8.6938,8.5579,-17.671133906856753,-17.672967769582883,-2.03879,0.2618,577.3806
918,100,0.6089,0.3911,CV,33.7959,33.5887,-21.809213332045466,-21.789774589358675,3.72193,2.17612,1189.5312
919,102,0.6175,0.3825,CV,7.9809,7.9545,-13.781602161119283,-13.790239921498635,-1.66787,0.01983,561.0994
919,100,0.6127,0.3873,CV,48.8798,48.9562,-13.511535799949174,-13.50976733008238,2.55334,3.93127,1224.5428
920,102,0.6175,0.3825,CV,7.7857,7.71,-12.567323662506832,-12.573187402541226,-1.52441,-0.14817,545.2358
920,100,0.6116,0.3884,CV,32.4281,32.2197,-11.787062180145615,-11.774964454783923,1.87164,4.18333,1253.8354
921,102,0.6178,0.3822,CV,5.3069,5.2301,-11.716330398718135,-11.723195092206005,-1.24501,-0.23897,530.4386
921,100,0.6125,0.3875,CV,22.3539,22.0876,-11.514607322647938,-11.508237670962393,1.73301,3.84041,1256.3564
922,102,0.6175,0.3825,CV,7.2513,7.1906,-10.407945486672194,-10.413566107593386,-1.13473,-0.3158,522.5308
922,100,0.6136,0.3864,CV,19.9708,19.7387,-12.014466211974229,-12.011329958805103,1.83013,3.30905,1266.1975
923,102,0.6104,0.3896,CV,36.2967,36.2626,-13.783199095964154,-13.759131438809895,-2.62346,0.39175,490.1694
923,100,0.6148,0.3852,CV,16.8406,16.6385,-11.731770573493451,-11.73198916194875,1.82093,2.81888,1276.5621
924,102,0.6164,0.3836,CV,8.5141,8.5766,-9.766324352812745,-9.777957036102872,-1.58557,-0.21937,485.4556
924,100,0.6148,0.3852,CV,26.1696,26.0465,-11.655568027270192,-11.65377544112172,1.94637,2.8432,1260.6975
925,102,0.618,0.382,CV,3.2772,3.2704,-12.231616009825117,-12.241235307441018,-0.90438,-0.30765,477.1321
925,100,0.6136,0.3864,CV,29.6818,29.5294,-11.586930558701003,-11.580248227281464,1.89293,3.1285,1233.1211
926,102,0.6179,0.3821,CV,6.7139,6.6655,-12.749923362247827,-12.756746875890292,-0.868,-0.24206,464.1659
926,100,0.6135,0.3865,CV,23.131,22.9239,-11.115726766805777,-11.110318225632156,1.55031,3.32148,1213.3565
927,102,0.6181,0.3819,CV,5.2815,5.2364,-10.923578062805618,-10.931252007504733,-0.73129,-0.4369,455.3168
927,100,0.6127,0.3873,CV,24.6302,24.4079,-11.164546060435171,-11.156148185256834,1.23851,3.75241,1189.2337
928,102,0.6184,0.3816,CV,12.2767,12.3046,-9.504447710995466,-9.513175038422913,0.37059,-0.6039,450.0543
928,100,0.6145,0.3855,CV,15.3829,15.1607,-14.438846875248135,-14.439233106301941,1.42268,3.41679,1176.5251
929,102,0.6175,0.3825,CV,18.9312,18.9502,-12.143362450131608,-12.147794481269852,-1.07259,-0.45649,447.0889
929,100,0.6169,0.3831,CV,33.8689,33.9485,-15.984230645475835,-15.991687019622104,1.15828,2.05023,1219.0602
930,102,0.6155,0.3845,CV,16.5302,16.4682,-12.12260077442132,-12.119929648597378,-1.71944,-0.54609,441.6077
930,100,0.6168,0.3832,CV,18.5111,18.4238,-13.604197846790022,-13.608195984548797,0.36412,1.48944,1249.0002
931,102,0.6131,0.3869,CV,20.7284,20.6583,-17.750019106897994,-17.740159594019328,-1.9718,-0.75104,422.5142
931,100,0.6173,0.3827,CV,14.1799,14.1279,-13.012104313375596,-13.018144192232835,0.31752,1.73789,1241.4462
932,102,0.6142,0.3858,CV,12.132,12.0407,-12.806755396967123,-12.805067654859439,-2.03633,-0.78349,419.9838
932,100,0.6165,0.3835,CV,27.886,27.8509,-12.917194418083628,-12.918960621899185,0.34045,2.39767,1210.8055
933,102,0.6138,0.3862,CV,15.4342,15.3429,-11.242982646487263,-11.237950445079356,-2.09014,-1.01548,423.6077
933,100,0.6148,0.3852,CV,29.2184,29.1126,-12.078818006870703,-12.07465257494818,-0.67137,3.03165,1186.614
934,102,0.6142,0.3858,CV,11.8482,11.7259,-10.51235259439682,-10.509697751992837,-1.96325,-0.9429,424.9939
934,100,0.6164,0.3836,CV,12.5326,12.4044,-12.74884849935397,-12.75390445233626,-0.666,2.6852,1193.5607
935,102,0.6122,0.3878,CV,18.7771,18.6581,-10.666038756101482,-10.654405181474724,-2.3167,-1.02517,428.3525
935,100,0.6175,0.3825,CV,21.3358,21.3577,-16.450694269558525,-16.458221896299477,0.0218,1.80962,1229.1688
936,102,0.6157,0.3843,CV,14.6219,14.6304,-9.757292784524342,-9.76314526734589,-0.92919,-1.35068,433.9925
936,100,0.6171,0.3829,CV,20.0258,19.9663,-17.98163997186222,-17.98595995636721,1.06667,1.47999,1251.8515
937,102,0.6156,0.3844,CV,11.587,11.5006,-9.640388082376438,-9.641078703298877,-0.66143,-1.41937,442.4434
937,100,0.6173,0.3827,CV,16.5009,16.4498,-14.700649656186751,-14.706224405494453,1.00633,1.72488,1243.0546
938,102,0.6152,0.3848,CV,13.9722,13.8886,-9.793412686924874,-9.792436670167357,-1.05343,-1.393,449.8911
938,100,0.617,0.383,CV,21.8449,21.7968,-12.765695007627773,-12.769510325224582,0.24321,2.13302,1224.7413
939,102,0.6144,0.3856,CV,16.6631,16.5725,-10.019025644451627,-10.015144635106083,-1.381,-1.57219,454.0366
939,100,0.6155,0.3845,CV,27.3766,27.2774,-11.851200668255164,-11.849172507318592,-0.731,2.72081,1203.6538
940,102,0.616,0.384,CV,10.2665,10.2111,-12.573527441031256,-12.57751713332513,-0.61127,-1.55181,462.1255
940,100,0.6138,0.3862,CV,26.7494,26.5798,-11.46037708032039,-11.45345838642092,-1.0441,3.18988,1175.3842
941,102,0.6079,0.3921,CV,44.3855,44.3322,-16.224459323479806,-16.192085587780774,-3.11094,-1.6313,475.9945
941,100,0.6014,0.3986,CV,54.6718,54.4847,-15.125988261287318,-15.069852620740498,0.24223,4.89474,1095.1822
941,104,0.7,0.3,CV,96.8612,96.8612,-25.739670439690933,-25.739670439690933,0.0,0.0,446.6799
942,102,0.6135,0.3865,CV,11.1376,11.0666,-9.755629561807908,-9.758792781206632,-1.8123,-1.62968,491.2754
942,100,0.6129,0.3871,CV,33.9029,34.0263,-14.726243235153758,-14.736499477142152,3.18209,3.04219,1093.1576
942,104,0.6353,0.3647,CV,94.3791,94.3791,-28.76801580390194,-28.72609059332163,-13.19199,-2.03497,643.9479
943,102,0.6168,0.3832,CV,25.6854,25.7606,-11.024779488634927,-11.033520790046364,0.44143,-1.40671,490.4166
943,100,0.6144,0.3856,CV,16.0955,15.8763,-10.848264777516276,-10.847567607463587,3.28731,2.49415,1069.7217
943,104,0.5678,0.4322,CV,88.174,87.6695,-35.17252891240688,-34.94561533846877,-30.79028,-7.62735,1018.313
944,102,0.6131,0.3869,CV,32.3119,32.2747,-15.305331903665518,-15.29338781075508,2.29303,-1.3748,507.6461
944,100,0.6189,0.3811,CV,12.655,12.8007,-10.540539098479933,-10.55674338752165,1.18057,1.56247,1049.9038
944,104,0.5145,0.4855,CV,72.5598,70.9987,-53.530514698851476,-53.18835227866348,-47.33321,-10.95412,1461.553
945,102,0.6081,0.3919,CV,32.857,32.729,-16.811366781835005,-16.78433381380432,3.34847,-1.66959,506.2966
945,100,0.6164,0.3836,CV,40.0579,40.1122,-14.359321474501737,-14.358399774539244,-2.52119,1.17588,1016.4099
945,104,0.4771,0.5229,CA,66.5256,64.1703,-89.17065264528603,-88.755811540664,-63.72602,-15.47921,1942.725
946,102,0.6093,0.3907,CV,19.7499,19.5668,-25.6322886813833,-25.617389747738628,3.52699,-1.06317,513.3667
946,100,0.5986,0.4014,CV,63.7129,63.6131,-22.004469256096034,-21.932540983850316,-6.00304,-0.46746,931.4258
946,104,0.4487,0.5513,CA,61.7906,58.573,-111.21959949850032,-110.74434278421904,-82.43728,-21.25971,2438.9146
947,104,0.3199,0.6801,CA,93.4571,89.5666,-100.82863921854192,-99.84495022518314,-132.95622,-28.8372,3026.8879
947,100,0.6116,0.3884,CV,92.5986,92.9474,-31.554665953711098,-31.563564536490038,3.38912,1.71893,952.7253
948,100,0.4791,0.5209,CA,154.3193,154.2215,-129.74917125606356,-129.20095296985284,13.56602,6.18091,794.7104
948,104,0.3151,0.6849,CA,75.3614,69.8881,-83.90672636850182,-83.0826001928335,-188.81331,-38.37775,3628.5159
949,100,0.5897,0.4103,CV,26.79,27.255,-55.860510235197495,-55.95092090134879,9.05412,-0.7594,745.5467
949,104,0.3375,0.6625,CA,64.744,58.6509,-87.45114687856537,-86.73557026905287,-241.7058,-48.90802,4133.4497
950,100,0.5921,0.4079,CV,53.8532,54.1801,-78.90369412742578,-78.84412373517434,-3.60794,-6.305,700.4388
950,104,0.434,0.566,CA,41.241,35.7263,-76.5117426579452,-76.1737832329901,-249.04571,-47.40983,4473.783
951,100,0.5683,0.4317,CV,38.1047,37.6459,-48.80986128134964,-48.64888006693254,-4.44323,-7.69169,673.5764
951,104,0.5746,0.4254,CV,24.8065,25.4658,-73.58761569054163,-73.68001833335703,-171.31503,-28.50482,4355.1056
952,100,0.5779,0.4221,CV,25.3016,24.7305,-38.64179201751616,-38.55521664197404,-3.20598,-7.51872,655.1673
952,104,0.628,0.372,CV,15.7068,16.3947,-67.73422764163321,-67.84768553497042,-96.30049,-14.08723,3798.4279
953,100,0.5961,0.4039,CV,18.0196,17.6857,-35.87834597037238,-35.852539574193955,-1.16515,-6.11733,640.1876
953,104,0.6427,0.3573,CV,16.2281,16.6106,-35.15452494294897,-35.2530443831527,-51.72261,-9.14103,3282.8002
954,100,0.6048,0.3952,CV,16.4952,16.2204,-32.64968784510297,-32.63347512594614,0.07315,-4.91231,629.499
954,104,0.6379,0.3621,CV,8.5008,8.0718,-35.99805263383861,-36.05370357897408,-30.27521,-5.90273,2846.2448
954,105,0.7,0.3,CV,97.8609,97.8609,-18.514592121009834,-18.514592121009834,0.0,0.0,1550.3371
955,100,0.6071,0.3929,CV,32.0804,32.0128,-22.080624844916066,-22.06145105520577,2.5357,-3.49829,616.3182
955,104,0.6262,0.3738,CV,15.7363,14.9268,-29.345485030278926,-29.358061951525414,-25.38727,-4.10669,2489.4882
955,105,0.6411,0.3589,CV,86.1634,86.1634,-21.87870826755717,-21.861885044756526,-20.36211,-6.97581,2140.9316
956,100,0.6126,0.3874,CV,17.8022,17.7551,-14.397216175521715,-14.397706387870768,0.54763,-3.28902,608.8692
956,104,0.6325,0.3675,CV,22.5032,23.5871,-35.5476462731753,-35.604450858163275,-2.68932,-0.50259,2238.1476
956,105,0.5832,0.4168,CV,99.6045,98.8848,-37.09767013293433,-36.92521958114148,-61.06424,-14.42427,3340.0712
957,100,0.6114,0.3886,CV,29.6461,29.5904,-11.932828845840358,-11.920342895343977,-1.5935,-2.88506,609.6204
957,104,0.6267,0.3733,CV,8.7525,8.7992,-34.99763394829722,-35.02017338729456,1.33864,0.33908,2026.0392
957,105,0.5277,0.4723,CV,87.0826,84.111,-48.187514839253915,-47.87596041315392,-88.916,-16.11672,4774.31
958,100,0.6093,0.3907,CV,27.9632,27.8238,-11.523896826315527,-11.504237777219988,-2.70494,-2.50683,606.7425
958,104,0.6235,0.3765,CV,5.225,5.2066,-29.354898872022023,-29.372530877179074,1.01728,0.2832,1873.9554
958,105,0.5013,0.4987,CV,78.2777,73.3649,-61.2027977954,-60.86578134915881,-110.89056,-16.59691,6212.4411
959,100,0.6092,0.3908,CV,22.0925,21.8948,-16.098520692590117,-16.081390875473982,-2.95505,-2.19019,610.1761
959,104,0.6208,0.3792,CV,18.594,18.6216,-27.53354556126876,-27.5446287384932,-1.28001,0.08247,1780.5041
959,105,0.5472,0.4528,CV,40.8885,34.9364,-63.85800624864262,-63.74340680405603,-104.34889,-16.67489,7204.4801
960,100,0.6107,0.3893,CV,18.2452,18.0506,-22.002767925592096,-21.99214228535015,-2.87165,-1.91215,612.5977
960,104,0.6198,0.3802,CV,9.9188,9.9609,-12.491738090219505,-12.502530337087123,0.21981,0.36709,1699.9519
960,105,0.5519,0.4481,CV,55.3924,50.2825,-80.93042096168014,-80.76854463089481,-104.93625,-15.85121,7740.5933
961,100,0.6122,0.3878,CV,16.6869,16.5179,-29.42184458479661,-29.415275150492096,-2.82603,-1.41562,615.518
961,104,0.6101,0.3899,CV,65.7206,65.711,-14.928638634679665,-14.899731165264093,6.03949,0.41986,1624.7128
961,105,0.5906,0.4094,CV,21.8994,16.9251,-95.33961357252534,-95.32891522999397,-79.41629,-13.02428,7960.1541
962,100,0.6137,0.3863,CV,15.635,15.5065,-37.051259768125405,-37.04869533167202,-2.64859,-0.92178,612.3402
962,104,0.5994,0.4006,CV,61.5988,61.263,-18.440440593974564,-18.381192817349433,8.67752,1.0128,1581.874
962,105,0.5847,0.4153,CV,51.7715,48.0807,-84.04851539857681,-83.95704717792253,-74.58984,-11.87992,7907.6756
963,100,0.613,0.387,CV,20.6499,20.5329,-42.096741524192225,-42.08915398818226,-2.60863,-0.99366,599.6141
963,104,0.5941,0.4059,CV,58.2973,57.8634,-24.449455521264937,-24.38404141094049,9.90658,0.24174,1519.0204
963,105,0.5789,0.4211,CV,78.0007,75.6859,-88.52718768089049,-88.42057646533884,-69.84829,-12.91882,7624.1645
964,100,0.6147,0.3853,CV,18.6201,18.5735,-65.44887261470342,-65.4496457789311,-2.28201,-1.22497,618.0288
964,104,0.5924,0.4076,CV,49.6929,49.1801,-39.36188315671123,-39.2972087383657,10.57202,1.03988,1481.8476
964,105,0.5643,0.4357,CV,86.8945,84.4028,-96.93692984155908,-96.77916110721395,-70.52114,-13.69305,7283.5628
965,100,0.6141,0.3859,CV,20.7743,20.6686,-77.75959240209755,-77.75512269794582,-1.94846,-1.68696,641.934
965,104,0.5891,0.4109,CV,52.3932,51.8937,-51.24998481299288,-51.17417659323328,11.06981,1.51132,1412.1505
965,105,0.5488,0.4512,CV,83.8578,80.8913,-89.16264788423354,-88.96335415668095,-75.39857,-13.95285,6977.2861
966,100,0.6158,0.3842,CV,9.5231,9.4051,-90.99220151985429,-90.99581690082522,-1.2673,-1.43355,658.6417
966,104,0.606,0.394,CV,30.2887,30.2234,-104.54143297070927,-104.54068085732168,8.1827,-0.49174,1422.549
966,105,0.5563,0.4437,CV,61.0063,57.6376,-75.4893575998026,-75.34286716370606,-73.69296,-11.92003,6742.4408
967,105,0.5707,0.4293,CV,51.3077,48.325,-69.73488739406925,-69.6360152540671,-66.37808,-10.1441,6458.0247
968,105,0.58,0.42,CV,49.1682,46.6527,-66.68588018984009,-66.60426173502977,-58.60424,-8.23007,6134.6318
969,105,0.6049,0.3951,CV,28.396,27.6389,-34.62327151205214,-34.63114860429297,-40.13517,-3.50571,5936.4418
970,105,0.6234,0.3766,CV,78.8154,80.0139,-15.975801659324642,-16.025217776617172,-9.89684,1.01888,5876.0088
971,105,0.6186,0.3814,CV,69.7019,69.8798,-14.312903643377979,-14.31470117461228,4.58104,3.98562,5744.6203
972,105,0.6141,0.3859,CV,57.6239,57.1743,-21.533602406831946,-21.52345159044198,8.28451,4.06468,5707.0621
973,105,0.6164,0.3836,CV,75.3929,75.4864,-26.783587554423235,-26.789596263743576,7.28273,2.22626,5354.394
974,105,0.6067,0.3933,CV,106.3388,106.0618,-25.72175869451577,-25.683638321094637,10.05133,1.78678,4924.7794
975,105,0.579,0.421,CV,131.1223,130.5547,-25.062884071888103,-24.924564812420336,12.64275,-0.33415,4396.1405
976,105,0.6072,0.3928,CV,9.6777,9.7153,-42.2151711521189,-42.23401934158133,9.09763,0.38773,4148.5597
992,106,0.7,0.3,CV,8.666,8.666,-8.118010293646096,-8.118010293646096,0.0,0.0,51.2797
993,106,0.6468,0.3532,CV,5.4635,5.4635,-6.655973061970382,-6.663997196530723,-1.31458,-2.15316,68.4929
994,106,0.6351,0.3649,CV,4.5387,4.4684,-6.671019879537265,-6.708292864109743,-2.31089,-3.2704,97.7176
996,106,0.5,0.5,CA,79.6138,79.5105,-116.15955011964273,-104.88330286170047,-60.53467,-19.49378,138.5304
997,106,0.1423,0.8577,CA,21.4891,18.2941,-18.604526439418038,-16.50589578327919,-90.36111,-30.65227,301.9119
998,106,0.342,0.658,CA,9.6986,7.0744,-20.512903391622633,-20.06012679623462,-101.68398,-34.89744,314.8633
999,106,0.6692,0.3308,CV,13.9501,16.5493,-31.953517026602004,-32.579151135394696,-36.48399,-13.98452,325.5071
1000,106,0.4811,0.5189,CA,17.1739,16.0144,-24.76865094102568,-24.142573884721763,-53.3681,-18.67249,318.5441
1001,106,0.5218,0.4782,CV,7.876,5.913,-34.34663081502344,-34.15858817669365,-49.51015,-16.91616,335.435
1002,106,0.5506,0.4494,CV,17.5622,16.9887,-27.517992339892807,-27.387438067060273,-42.19963,-13.59177,359.5779
1003,106,0.4766,0.5234,CA,27.5168,26.4226,-25.672134671446614,-25.20349225203026,-50.47866,-14.93868,392.1593
1004,106,0.5117,0.4883,CV,24.4045,23.487,-38.20765600150804,-37.985735372801784,-48.14214,-12.92026,443.2761
1005,106,0.5768,0.4232,CV,22.0698,21.8796,-36.19979772071535,-36.19038154049127,-34.29139,-7.67934,475.9242
1005,108,0.7,0.3,CV,54.3154,54.3154,-17.17992501933316,-17.17992501933316,0.0,0.0,1871.491
1006,106,0.549,0.451,CV,31.6797,30.9916,-13.651487692132191,-13.434878242306095,-35.82369,-6.92022,479.6333
1006,108,0.6379,0.3621,CV,98.3931,98.3931,-23.433867619197514,-23.403114283447742,27.03003,-6.90886,2685.1395
1007,106,0.319,0.681,CA,55.1651,53.8619,-62.061923055457655,-60.93079729560131,-64.57744,-12.46788,537.2982
1007,108,0.5435,0.4565,CV,129.0265,128.0402,-25.14390985188474,-24.814754338632554,95.98095,-2.78681,4450.4218
1007,109,0.7,0.3,CV,12.1227,12.1227,-9.160382969265523,-9.160382969265523,0.0,0.0,101.544
1008,108,0.444,0.556,CA,111.8705,107.438,-29.631306341112957,-29.041702598102297,154.41026,10.52309,6840.867
1008,106,0.3196,0.6804,CA,53.0924,51.2749,-29.529734808240953,-28.72734218475788,-90.03774,-14.79563,675.3206
1009,108,0.429,0.571,CA,86.4372,78.7654,-31.82158171523207,-31.313238728431955,201.47518,20.89072,9254.0969
1009,106,0.6405,0.3595,CV,55.0859,57.876,-27.090230379600904,-27.620439304515596,-3.78907,4.17544,678.6732
1010,108,0.4937,0.5063,CA,55.9757,47.9463,-35.53933332952899,-35.31262534115608,209.76803,19.92791,10637.0231
1011,108,0.5683,0.4317,CV,29.2213,23.2313,-34.57515980833132,-34.55684933506225,168.86981,15.83759,10857.6758
1012,108,0.603,0.397,CV,27.5456,24.0471,-33.239807493458734,-33.25691709626457,121.3852,12.24861,10250.9026
1013,108,0.6208,0.3792,CV,24.1359,22.7537,-33.511490940004414,-33.55264444023538,77.50039,8.37142,9279.9846
1014,108,0.6306,0.3694,CV,21.5503,22.1789,-32.01668922036161,-32.0733035958931,39.73696,4.93832,8218.3155
1015,108,0.6297,0.3703,CV,17.2259,17.3418,-28.029210712511862,-28.06772385172323,20.25706,2.28799,7234.6463
1016,108,0.6239,0.3761,CV,17.9552,17.1723,-18.028080930805324,-18.043166431685282,17.83465,1.33603,6463.4456
1017,108,0.6229,0.3771,CV,19.1225,19.0285,-17.712132865460482,-17.731440343564213,10.21854,-0.09476,5775.6674
1018,108,0.6225,0.3775,CV,43.5074,43.9595,-21.494925227151867,-21.514089321307882,-1.77492,-1.61476,5293.8315
1019,108,0.6196,0.3804,CV,26.9775,26.816,-18.38412062597323,-18.3914753139667,-3.71115,-1.48464,4814.6623
1020,108,0.6195,0.3805,CV,52.6013,52.7815,-15.58518559622973,-15.596446646611561,-0.06902,-1.06708,4632.4738
1021,108,0.6191,0.3809,CV,30.1715,30.249,-20.02123295117289,-20.03103669743318,1.41804,-0.86625,4307.6532
1022,108,0.6159,0.3841,CV,82.021,82.0342,-15.014479304945416,-15.010972615174042,1.39776,-0.49161,4343.0835
1022,110,0.7,0.3,CV,42.4388,42.4388,-39.20646899299564,-39.20646899299564,0.0,0.0,49.1527
1023,108,0.6176,0.3824,CV,14.5601,14.6807,-15.62990395326532,-15.638744172851263,1.19309,-0.75482,4213.3772
1023,110,0.6294,0.3706,CV,53.2954,53.2954,-109.00532160840874,-108.93799927283015,3.27466,2.91647,78.8051
1024,108,0.6167,0.3833,CV,37.008,36.886,-13.144682981458354,-13.146747627946464,1.84288,-0.29259,4214.5505
1024,110,0.5441,0.4559,CV,56.0671,55.8599,-113.88731560662981,-113.57340200540322,6.39784,6.147,138.7604
1025,108,0.6181,0.3819,CV,50.6543,50.8394,-17.64560640556286,-17.655285422017585,-0.05883,0.10481,4038.8416
1025,110,0.4811,0.5189,CA,52.9653,52.2902,-113.20677470542756,-112.76526394563754,8.58493,8.83224,224.4117
1026,108,0.6163,0.3837,CV,77.7107,77.7527,-14.717643582307849,-14.717333360011917,-2.63892,-0.57869,4183.8831
1026,110,0.4644,0.5356,CA,49.3971,48.3113,-142.27766532808636,-141.85962920538077,11.75817,10.85725,333.3197
1027,108,0.6179,0.3821,CV,24.9366,25.0721,-16.06843045966643,-16.077640094522906,-1.678,-0.9298,4151.3151
1027,110,0.4955,0.5045,CA,36.6407,35.2623,-150.34494180663657,-150.07542978872524,13.04523,11.93377,454.2413
1028,108,0.6182,0.3818,CV,20.499,20.5746,-26.618366783148502,-26.62679929024199,-0.53674,0.63819,4154.8107
1028,110,0.566,0.434,CV,13.9129,13.0615,-124.66197111978734,-124.63168026490013,9.20429,9.5577,557.9425
1029,108,0.6127,0.3873,CV,106.9247,106.9193,-18.76479196865014,-18.749431126018717,-5.60059,0.39279,3943.2715
1029,110,0.6015,0.3985,CV,2.8383,1.9708,-68.47633132357467,-68.4906531420723,6.0652,6.30288,631.6547
1030,108,0.6146,0.3854,CV,44.054,43.9099,-23.96831865099967,-23.96880105167306,-6.45331,-0.10902,3984.969
1030,110,0.5564,0.4436,CV,59.3362,58.5874,-120.11179695778583,-119.88861127225128,9.29442,8.96977,754.3959
1031,108,0.6131,0.3869,CV,58.2372,57.9949,-25.57517929035065,-25.566709143139693,-6.5213,2.76398,3904.196
1031,110,0.5549,0.4451,CV,53.4945,52.4214,-129.67201565098537,-129.508989345587,11.20155,8.96944,888.3054
1032,108,0.6048,0.3952,CV,93.3405,93.0975,-27.282796096492227,-27.241641644808844,-6.35223,-0.10486,3607.3913
1032,110,0.5723,0.4277,CV,45.9248,45.0522,-122.40810509636323,-122.3180467602483,11.43258,7.79713,992.7352
1033,108,0.6089,0.3911,CV,32.0335,31.4637,-33.67361034926004,-33.66175875737226,-5.45493,-1.55475,3448.1525
1033,110,0.5975,0.4025,CV,33.1965,32.9249,-95.10762758838607,-95.09588117999402,9.21224,5.97883,1056.2622
1034,110,0.6116,0.3884,CV,29.2936,29.3492,-68.83421839231319,-68.84449025398416,5.98602,4.41604,1090.9657
1035,110,0.6131,0.3869,CV,37.9218,37.8722,-55.30685551907079,-55.3029595421774,4.00879,3.58392,1097.6701
1036,110,0.607,0.393,CV,43.6999,43.468,-49.89019205056202,-49.85828842542369,3.87253,3.70025,1087.4962
1037,110,0.6059,0.3941,CV,30.7095,30.3485,-44.65693415917141,-44.629611227787294,4.44906,3.5161,1091.4401
1038,110,0.4314,0.5686,CA,150.3346,149.9582,-56.95018712170452,-56.21795115638289,11.59048,10.82206,954.5798
1039,110,0.6065,0.3935,CV,77.0818,78.1481,-55.34466004821314,-55.572580627954466,7.10395,-0.17507,1018.4969
1040,110,0.6125,0.3875,CV,22.5171,22.4223,-23.128183620262718,-23.128954248857205,4.14314,-2.30531,1016.3451
1041,110,0.6156,0.3844,CV,41.2972,41.5408,-13.243305864746313,-13.248671534404632,3.59129,1.32121,917.3398
1042,110,0.6167,0.3833,CV,9.4424,9.2074,-9.727858869919467,-9.733122357318713,2.85088,0.80826,862.4819
1043,110,0.617,0.383,CV,11.441,11.2873,-9.761700376294769,-9.766695800304976,2.96162,-0.04311,814.657
1044,110,0.6158,0.3842,CV,13.468,13.3043,-9.805538329093414,-9.804858528842663,2.99793,-0.62849,768.6217
1045,110,0.6166,0.3834,CV,8.802,8.6422,-9.68123227474328,-9.685623883108477,2.21322,-0.67477,722.633
1046,110,0.6131,0.3869,CV,22.2699,22.1614,-10.614583774456475,-10.603289807699774,3.13607,-0.72113,694.0462
1047,110,0.6124,0.3876,CV,17.0057,16.8332,-10.1332888260314,-10.123873010508392,3.16912,-0.63683,669.9675
1048,110,0.6126,0.3874,CV,15.6749,15.5145,-10.059352239237555,-10.052130038555383,2.89344,-0.59403,639.4457
1049,110,0.6109,0.3891,CV,22.5723,22.4551,-13.009717025896983,-12.99474413243879,2.58931,-0.78885,597.6583
1050,110,0.6132,0.3868,CV,10.1368,9.9611,-11.22597431070503,-11.223254358144267,2.21641,-0.68524,569.8692
1051,110,0.6156,0.3844,CV,6.7656,6.626,-10.853110805914241,-10.857388362415175,1.81566,-0.71455,547.4736
1052,110,0.6164,0.3836,CV,8.0886,7.9837,-10.82265961832481,-10.826811295217356,1.539,-0.91149,525.0872
1053,110,0.617,0.383,CV,7.7602,7.6752,-10.699189970872972,-10.704276890752102,1.25281,-1.06999,505.4274
1054,110,0.6174,0.3826,CV,9.0677,9.0276,-9.920917286388136,-9.92698786174334,0.94299,-1.12535,494.1616
1055,110,0.6181,0.3819,CV,2.4486,2.3817,-10.524823934915236,-10.533545207461843,0.60159,-0.83301,479.3894
1056,110,0.6155,0.3845,CV,19.1491,19.1075,-10.313381387071656,-10.309879345577686,1.64853,-0.84785,468.1964
1057,110,0.6156,0.3844,CV,16.5894,16.5603,-10.346781903822256,-10.347667321147995,0.97521,-1.15216,472.2282
1058,110,0.6148,0.3852,CV,19.625,19.5729,-11.082529012272232,-11.079581373023474,0.28116,-1.1077,486.2385
1059,110,0.6155,0.3845,CV,10.1496,10.0542,-10.458092399875738,-10.459607718821447,0.07263,-0.84579,496.5728
1060,110,0.6166,0.3834,CV,6.0294,5.9618,-10.66645714893382,-10.67133187068141,-0.0945,-0.50627,505.6106
1060,112,0.7,0.3,CV,92.4822,92.4822,-31.358843220769813,-31.358843220769813,0.0,0.0,318.5316
1061,110,0.6163,0.3837,CV,16.4474,16.4141,-12.84054537579393,-12.842462318083285,-0.85571,-0.53198,519.2697
1061,112,0.6316,0.3684,CV,98.5695,98.5695,-39.44696610639109,-39.388818644841535,-12.86739,-2.06445,471.88
1062,110,0.6146,0.3854,CV,29.4566,29.4215,-12.983451423278678,-12.978748169957019,0.05156,-0.47462,561.4738
1062,112,0.5575,0.4425,CV,82.7914,82.3205,-54.400399166886636,-54.13729914338009,-30.84071,-0.64036,740.6565
1063,110,0.6155,0.3845,CV,12.9799,12.8925,-11.134849159043295,-11.136533705133195,0.40151,-0.22849,594.8735
1063,112,0.5096,0.4904,CV,59.6046,58.1093,-67.61415759732692,-67.26726201452843,-43.51285,0.66237,1072.9788
1064,110,0.6167,0.3833,CV,15.4764,15.4829,-10.717580089719398,-10.722955181973159,0.94794,0.18185,608.6665
1064,112,0.3847,0.6153,CA,84.7556,82.5728,-145.25976353615795,-144.4740567033612,-72.79711,3.35744,1525.2883
1065,110,0.6029,0.3971,CV,76.1226,76.1504,-44.05747046899733,-44.00321639989632,1.3705,2.5658,539.2341
1065,112,0.2973,0.7027,CA,84.6069,81.0184,-174.94175586821447,-173.94300277623296,-117.96042,6.09998,2114.0684
1066,110,0.609,0.391,CV,16.4017,16.255,-20.103030623151597,-20.094598150468517,2.44324,1.75847,541.6825
1066,112,0.1391,0.8609,CA,124.4079,119.8897,-145.29141267419274,-143.45269864913854,-227.17108,11.78517,2817.8124
1067,110,0.6169,0.3831,CV,23.698,23.8239,-12.184906403933361,-12.20056009120394,2.31395,0.34759,573.925
1067,112,0.1283,0.8717,CA,109.1177,103.264,-100.25352509296808,-98.54321430369077,-368.69198,20.49639,3379.3088
1068,110,0.6152,0.3848,CV,27.7327,27.7171,-11.261689047613412,-11.258767814325404,1.51001,-0.68712,612.6382
1068,112,0.2662,0.7338,CA,46.8273,39.0896,-90.28498148852765,-89.49208599743989,-427.36919,25.20579,3787.0528
1069,110,0.6146,0.3854,CV,17.5304,17.3886,-10.419723233949718,-10.416811570119302,1.66893,-1.06577,632.678
1069,112,0.5901,0.4099,CV,20.9621,28.5926,-67.74659926710065,-68.13827563266449,-280.54788,19.48549,3916.7218
1070,110,0.6152,0.3848,CV,21.9786,21.9379,-12.131276100641415,-12.131567486648695,2.1703,-1.06206,627.5415
1070,112,0.6678,0.3322,CV,26.1421,29.6481,-46.72873638355527,-46.99436440849463,-104.13358,4.05698,3382.8617
1071,110,0.6044,0.3956,CV,49.6332,49.5297,-16.34488302214197,-16.298870756060875,4.67329,-0.73881,615.2244
1071,112,0.6381,0.3619,CV,29.2016,28.5679,-25.906647166847414,-25.92551817554282,-60.86205,1.34905,2567.7429
1072,110,0.6072,0.3928,CV,21.247,21.0109,-12.28055757457162,-12.262228958212178,4.40407,-1.09128,628.5678
1072,112,0.4984,0.5016,CA,59.4881,61.4613,-32.05970510473969,-31.54964933974745,95.87583,-6.89446,2162.3372
1072,114,0.7,0.3,CV,42.6754,42.6754,-12.680937498392097,-12.680937498392097,0.0,0.0,726.6181
1073,110,0.6167,0.3833,CV,16.9093,17.0738,-10.701597299759738,-10.719403323107247,1.57715,-1.35951,643.4261
1073,112,0.2637,0.7363,CA,55.7506,51.5215,-20.561121565759542,-19.234324133150142,172.96036,-10.9816,2107.94
1073,114,0.6432,0.3568,CV,47.5276,47.5276,-13.23661755690548,-13.228667549098773,5.67255,-3.51917,1015.88
1074,110,0.6169,0.3831,CV,28.0363,28.0805,-11.579935335669376,-11.58444083894064,-0.83869,-1.55856,661.9202
1074,112,0.5571,0.4429,CV,9.4198,14.9563,-22.75462499210859,-23.014633523264976,114.92006,-8.37906,1964.9454
1074,114,0.6229,0.3771,CV,30.4124,30.0112,-11.673525340684705,-11.664152585764668,14.31767,-5.00227,1519.9692
1075,110,0.613,0.387,CV,32.3103,32.226,-13.328118271092668,-13.315912273547685,-2.42498,-1.77475,680.403
1075,112,0.6235,0.3765,CV,6.7895,8.2915,-18.58536894184387,-18.70510903901114,64.55254,-4.73937,1701.0158
1075,114,0.6221,0.3779,CV,20.0972,19.2441,-11.894257134371369,-11.91169108224639,18.50343,-4.48067,1927.2524
1076,110,0.609,0.391,CV,35.1696,35.0012,-16.52019898864622,-16.496844490895644,-3.44789,-1.88108,704.7261
1076,112,0.6183,0.3817,CV,15.5647,14.5659,-17.154065166750566,-17.15437245252982,47.44653,-4.19242,1482.6955
1076,114,0.6255,0.3745,CV,24.8294,24.627,-15.662459544992094,-15.695359816057312,19.31758,-1.55314,2129.3699
1077,110,0.6096,0.3904,CV,26.0384,25.8314,-18.922108651650873,-18.90695630535263,-3.38782,-2.15285,717.1111
1077,112,0.5986,0.4014,CV,16.8912,15.3473,-19.912770003822384,-19.83804271947553,43.46708,-4.34823,1318.3396
1077,114,0.6199,0.3801,CV,22.67,21.9127,-20.822337678317886,-20.826597567026674,17.94058,1.48018,2186.9561
1078,110,0.6137,0.3863,CV,10.972,10.7956,-28.650867740653602,-28.652244558502847,-2.48007,-1.7971,726.5035
1078,112,0.6269,0.3731,CV,12.0336,12.6377,-15.924888504959972,-15.99868591785572,21.46265,-3.31581,1183.1547
1078,114,0.6135,0.3865,CV,23.2821,22.3914,-27.12511624402846,-27.110532533833332,16.21566,3.5379,2147.3359
1079,110,0.6157,0.3843,CV,15.1372,15.0715,-35.193963336520284,-35.197700371649425,-1.76238,-1.41264,724.1626
1079,112,0.6316,0.3684,CV,14.7531,15.1561,-22.801093326740833,-22.852984303086785,6.58101,-2.34732,1058.7809
1079,114,0.6157,0.3843,CV,21.363,20.9307,-26.599847252097298,-26.603779644850725,13.37683,1.38805,2098.2562
1080,110,0.617,0.383,CV,6.9726,6.8556,-49.30213216662204,-49.30869386418072,-1.26075,-1.28951,734.1513
1080,112,0.6229,0.3771,CV,15.1852,15.0049,-16.550978700607136,-16.55872155527392,7.16124,-2.60264,936.794
1080,114,0.6169,0.3831,CV,14.27,13.6912,-37.478106304885905,-37.48419843803635,10.07173,1.35162,1983.314
1081,110,0.6163,0.3837,CV,26.2571,26.244,-69.60311135667355,-69.6046160313289,-1.02123,-1.72549,776.889
1081,112,0.62,0.38,CV,27.9318,28.1479,-32.45732925673107,-32.46559930108744,-2.79891,-1.6306,866.133
1081,114,0.6181,0.3819,CV,29.5892,29.5993,-28.981882799279937,-28.991033099019543,6.47627,-0.69795,1933.9693
1082,110,0.6143,0.3857,CV,28.5894,28.4845,-82.54517675430795,-82.53920711218966,-0.4254,-2.46151,819.1211
1082,112,0.6142,0.3858,CV,32.1055,32.1849,-27.23860270715162,-27.2268931908314,3.6702,-2.86229,783.0361
1082,114,0.6121,0.3879,CV,46.8446,46.6396,-24.08414824532789,-24.066134343247683,4.70923,-1.98195,1942.9493
1083,114,0.6121,0.3879,CV,28.8436,28.4759,-23.48528662864993,-23.476204899853567,3.66566,-2.01947,1946.5071
1083,112,0.6005,0.3995,CV,30.9934,30.7568,-11.923730748592465,-11.862924347608073,6.15501,-3.65836,717.8676
1084,112,0.5942,0.4058,CV,50.5144,50.3866,-40.82430685244937,-40.75776484668191,7.30818,-1.77407,720.987
1084,114,0.6147,0.3853,CV,13.4367,13.1111,-24.43069314699718,-24.43252889230996,2.80691,-1.51235,1939.9291
1085,114,0.6173,0.3827,CV,7.0476,7.173,-25.479629910968548,-25.4886716413153,1.76742,-0.90143,1920.5315
1086,114,0.6137,0.3863,CV,65.8656,65.8694,-33.87680671116051,-33.86711087014636,3.96731,0.77742,1826.6133
1087,114,0.6109,0.3891,CV,41.8691,41.6362,-28.5494736938397,-28.53281901917587,5.39261,0.92932,1792.5173
1088,114,0.6139,0.3861,CV,22.9416,22.7607,-22.300823856270704,-22.301306897135554,4.7917,-0.08038,1809.4443
1089,114,0.6162,0.3838,CV,25.6268,25.5956,-19.242029457833468,-19.247449067516076,3.29222,-1.07853,1853.1869
1090,114,0.6171,0.3829,CV,14.3934,14.2898,-18.728719342719344,-18.734874058799242,2.10391,-1.20961,1886.1067
1091,114,0.618,0.382,CV,6.2567,6.2698,-20.675623493873594,-20.684194287368605,1.30559,-0.90508,1888.1464
1092,114,0.618,0.382,CV,18.3858,18.3744,-21.644035711468177,-21.651145313750725,1.35648,-0.4694,1870.2303
1093,114,0.6172,0.3828,CV,24.9551,24.8766,-21.126661095727975,-21.13033834388621,1.88055,-0.3476,1845.558
1094,114,0.6172,0.3828,CV,17.7623,17.6413,-18.42437586782754,-18.42942376892878,2.24685,0.16502,1844.1294
1095,114,0.6167,0.3833,CV,22.2537,22.11,-18.55990904860043,-18.56276056967129,2.46888,0.53671,1824.0037
1096,114,0.617,0.383,CV,16.7028,16.5436,-20.52010030716062,-20.52492723065599,2.00144,0.4506,1794.5804
1097,114,0.6169,0.3831,CV,17.7945,17.627,-19.940054390642036,-19.944128324802556,1.97941,0.24525,1759.2061
1098,114,0.6163,0.3837,CV,21.5522,21.3797,-17.97712651345599,-17.978753841411578,2.55568,0.33115,1718.4551
1099,114,0.6171,0.3829,CV,12.8334,12.6366,-16.14459240946976,-16.150284139047752,2.32946,0.44413,1681.2202
1100,114,0.6183,0.3817,CV,7.8543,7.7802,-13.343141394140119,-13.353099575649203,1.19661,0.57714,1641.244
1101,114,0.6164,0.3836,CV,57.0969,57.1802,-13.77176530419273,-13.771568223239607,1.81937,-0.97416,1707.1122
1102,114,0.6151,0.3849,CV,30.7839,30.6075,-11.976998050677562,-11.9741492740417,1.60473,-1.26312,1760.0707
1103,114,0.6173,0.3827,CV,28.2564,28.3443,-12.974883625032332,-12.983555107531254,2.00985,-0.09597,1713.2069
1104,114,0.6111,0.3889,CV,69.5044,69.4745,-19.294220304126505,-19.273481639879563,3.98458,1.76591,1602.5287
1105,114,0.6134,0.3866,CV,18.9121,18.6494,-16.244275881196643,-16.242264811285658,3.18026,1.62513,1560.1858
1106,114,0.6166,0.3834,CV,9.3109,9.1209,-19.171273226855885,-19.17930208304248,1.91799,1.16196,1523.8634
1107,114,0.618,0.382,CV,46.3267,46.4832,-13.269875134803176,-13.279296359380453,1.28324,-1.10552,1565.6319
1108,114,0.6143,0.3857,CV,42.7224,42.602,-12.570524857164335,-12.562210179073393,0.98185,-1.79098,1626.7935
1109,114,0.614,0.386,CV,28.2618,28.028,-11.895548053648977,-11.891090545187499,0.77957,-1.73697,1672.2857
1110,114,0.6158,0.3842,CV,11.0746,10.8675,-11.426902629629046,-11.4309542969015,0.80436,-1.33254,1695.6927
1111,114,0.6178,0.3822,CV,13.3695,13.4911,-11.402957536652593,-11.412355342907409,0.82148,-0.57917,1689.5613
1112,114,0.6182,0.3818,CV,23.5475,23.6169,-11.59241885425393,-11.600986426705571,-0.20525,0.18,1670.43
1113,114,0.6175,0.3825,CV,26.6486,26.6182,-12.80170152102464,-12.80630407590921,0.83736,0.58546,1645.1093
1114,114,0.6177,0.3823,CV,13.4176,13.3063,-12.037333713604852,-12.044183828375456,1.23507,0.44383,1638.7056
1115,114,0.6185,0.3815,CV,20.3989,20.4508,-11.376763814758565,-11.386495358429285,1.55337,-0.43736,1674.5232
1116,114,0.6183,0.3817,CV,12.5534,12.4791,-11.253583812423607,-11.261365902679396,1.55747,-0.78259,1693.7528
1117,114,0.6169,0.3831,CV,33.9056,33.8712,-12.06138721070834,-12.063307332255054,2.50981,0.03077,1645.9851
1118,114,0.6179,0.3821,CV,19.3992,19.4035,-12.323117584393547,-12.331443621907484,0.63586,0.2245,1609.3938
1119,114,0.6181,0.3819,CV,13.4508,13.3728,-13.18819709558495,-13.196112292095673,-0.24956,0.20415,1579.3619
1120,114,0.6188,0.3812,CV,26.613,26.7,-11.507894901712945,-11.518241800640386,1.30267,-0.62016,1594.0374
1121,114,0.6167,0.3833,CV,31.7824,31.713,-11.956706110941479,-11.957211884144213,2.59615,-1.07204,1613.5549
1122,114,0.6158,0.3842,CV,25.9855,25.8418,-11.637700354384794,-11.637390580097922,3.25992,-0.96181,1598.0955
1123,114,0.6169,0.3831,CV,20.7872,20.7526,-13.790432890648969,-13.796347028406315,2.53028,-0.16096,1552.529
1123,115,0.7,0.3,CV,34.9028,34.9028,-14.262272175841137,-14.262272175841137,0.0,0.0,1126.8577
1124,114,0.6186,0.3814,CV,15.733,15.8209,-13.003771080393207,-13.014971261489114,0.46658,-0.10441,1524.5765
1124,115,0.6419,0.3581,CV,58.0691,58.0691,-16.735140036978226,-16.721440386961937,14.88993,3.09327,1596.8995
1125,114,0.6183,0.3817,CV,20.5122,20.5128,-11.419580641550414,-11.427232231799575,-1.10836,-0.72209,1499.7125
1125,115,0.6136,0.3864,CV,54.3945,54.4359,-35.55708542342738,-35.51015317854629,40.17115,-8.63662,2310.9727
1126,114,0.6183,0.3817,CV,16.6312,16.6223,-13.803403326478882,-13.811575787203903,-1.18371,-1.21916,1501.5008
1126,115,0.5935,0.4065,CV,40.1815,39.0472,-35.60434833255129,-35.51563292249643,53.13701,-14.23101,2991.7059
1127,114,0.6183,0.3817,CV,14.0631,14.0298,-23.917981540702716,-23.92578015768028,-0.4197,-1.43465,1504.0136
1127,115,0.5583,0.4417,CV,51.2935,49.1343,-34.523990229274396,-34.32023316491513,57.53936,-18.90121,3549.6697
1128,114,0.6177,0.3823,CV,17.9083,17.8428,-25.142831109032706,-25.1482800606773,-1.26381,-1.48143,1496.7193
1128,115,0.5794,0.4206,CV,28.1051,24.8566,-42.883058822280546,-42.81689969294675,53.51792,-12.90194,3803.8005
1129,114,0.616,0.384,CV,32.3582,32.2945,-24.308394890703134,-24.307690683988696,-2.66839,-1.47053,1457.748
1129,115,0.5343,0.4657,CV,77.1293,75.6985,-40.886791540106934,-40.60704962912408,65.44184,-10.35521,3761.5136
1130,114,0.6149,0.3851,CV,25.9149,25.7549,-27.590913626883587,-27.587964795038037,-3.40046,-1.46886,1443.406
1130,115,0.5466,0.4534,CV,43.5915,41.1652,-29.88841183466893,-29.7239198852968,65.02608,-8.32133,3823.5503
1131,114,0.6128,0.3872,CV,42.407,42.336,-25.004711736127348,-24.994456299795182,-3.23198,-0.27783,1358.7167
1131,115,0.5606,0.4394,CV,44.4908,42.4013,-34.75574424195506,-34.62993668248086,60.48525,-4.64377,3646.2087
1132,114,0.6157,0.3843,CV,40.3678,40.4551,-51.82681831697489,-51.83198388017737,-2.19536,-2.80882,1371.3162
1132,115,0.5849,0.4151,CV,37.8274,36.8032,-44.338654471820604,-44.291809268761,46.2619,-3.00774,3359.5687
1133,114,0.6144,0.3856,CV,30.5127,30.3871,-63.5596741555151,-63.55484070833967,-0.85293,-4.04663,1346.2671
1133,115,0.5987,0.4013,CV,24.4083,23.2254,-24.945573599119804,-24.920514045266106,37.99993,-3.72082,3150.289
1134,114,0.618,0.382,CV,12.8605,12.962,-78.08381682575173,-78.0963315888432,0.43286,-2.14443,1322.7246
1134,115,0.6241,0.3759,CV,16.6834,17.943,-28.998655601156216,-29.06018616871674,17.75844,-0.65073,2912.3016
1135,114,0.6191,0.3809,CV,24.519,24.6311,-75.3985293518501,-75.41053988697217,-0.40444,0.43355,1305.3523
1135,115,0.6117,0.3883,CV,41.7182,41.3203,-28.35280511142205,-28.32423201518632,18.0375,-0.27591,2579.312
1136,115,0.6204,0.3796,CV,18.3229,18.5438,-33.9441442342052,-33.970887358523456,8.50665,-0.06498,2311.6226
1137,115,0.6207,0.3793,CV,6.5431,6.2253,-27.512967817233374,-27.528189334054783,5.6315,0.07356,2077.9982
1138,115,0.6102,0.3898,CV,50.1685,50.061,-13.40934976963302,-13.37952475777615,9.25921,-0.19535,1957.962
1139,115,0.6179,0.3821,CV,32.6348,32.8741,-11.89025955032994,-11.908568669498136,3.2662,0.3687,1870.7847
1140,115,0.6197,0.3803,CV,22.175,22.3261,-15.591199460529696,-15.605874304002803,1.4877,0.74725,1718.7332
1141,115,0.6193,0.3807,CV,5.5381,5.5515,-14.177622474262956,-14.187936258439716,0.77503,0.52469,1615.8425
1142,115,0.6143,0.3857,CV,62.8536,62.8815,-15.237115466780729,-15.22680184118827,-1.7151,0.70509,1642.5729
1143,115,0.6181,0.3819,CV,17.717,17.896,-13.74002932949961,-13.752959215952721,-0.85129,0.63639,1565.01
1144,115,0.616,0.384,CV,33.2339,33.1718,-12.421240220931251,-12.419806585505658,-1.26529,0.60526,1575.1391
1145,115,0.6155,0.3845,CV,63.6433,63.7624,-31.263255744360897,-31.26302852199243,-0.31196,1.48864,1434.2802
1146,115,0.6162,0.3838,CV,65.0124,65.1578,-15.134449371429891,-15.137584426150813,0.41812,0.23364,1495.8758
1147,115,0.6183,0.3817,CV,16.7086,16.8174,-16.224855538979433,-16.23606364151414,0.8118,0.47165,1467.1076
1148,115,0.6118,0.3882,CV,72.511,72.4713,-15.484935450001984,-15.465392428230253,0.57958,0.53494,1568.4235
1149,115,0.6133,0.3867,CV,90.2555,90.4424,-31.706097017801937,-31.702429406018872,3.58467,1.25612,1431.5939
1150,115,0.6116,0.3884,CV,72.7682,72.8167,-15.82654168861788,-15.813937124729158,3.3707,0.40493,1523.5649
1151,115,0.6128,0.3872,CV,29.2827,29.047,-15.20819407442462,-15.202965491182866,3.83876,0.45321,1573.6588
1152,115,0.6107,0.3893,CV,44.0943,43.8446,-13.983062860040564,-13.967246088265451,4.39527,0.30474,1638.0711
1153,115,0.611,0.389,CV,39.8688,39.6033,-13.152130109043847,-13.140427998322622,4.79801,1.07589,1697.6805
1154,115,0.6081,0.3919,CV,77.809,77.7556,-16.028817167614356,-16.004809689921718,5.93758,1.80324,1604.7327
1155,115,0.6158,0.3842,CV,79.3812,79.6408,-27.48151582216746,-27.49404048715374,1.30796,0.25104,1750.3293
1156,115,0.6182,0.3818,CV,45.0724,45.2465,-21.53279149858415,-21.54391917235848,-1.63638,-0.19138,1757.3066
1157,115,0.6144,0.3856,CV,57.7519,57.7197,-31.38925186321262,-31.380787325608274,-2.95137,3.38731,1752.3713
1158,115,0.5879,0.4121,CV,123.9954,123.979,-33.898309278867366,-33.78512815138867,-3.73286,-1.16715,1540.5276
1168,118,0.7,0.3,CV,7.286,7.286,-9.865929727858475,-9.865929727858475,0.0,0.0,320.0985
1169,118,0.6475,0.3525,CV,9.9187,9.9187,-10.309427853048213,-10.320471466688144,4.51286,0.47868,434.5409
1170,118,0.6388,0.3612,CV,8.7012,8.5838,-12.31438607387792,-12.366703199826542,10.07212,1.34778,627.356
1171,118,0.639,0.361,CV,8.4501,8.0699,-14.184148607121859,-14.250406489455258,12.29148,0.79115,756.012
1172,118,0.6334,0.3666,CV,9.5892,9.0148,-17.94915444802921,-17.99111259413325,13.00673,0.7967,801.2458
1173,118,0.6275,0.3725,CV,11.5435,11.1705,-29.20177945329248,-29.226292775358434,10.81779,1.14086,779.8142
1174,118,0.6259,0.3741,CV,6.4424,5.9364,-29.74917410394339,-29.776101986969543,8.53966,0.52787,738.5478
1175,118,0.6236,0.3764,CV,8.0881,7.8475,-28.214755452575613,-28.233941569767595,6.41546,0.50244,692.2187
1176,118,0.6229,0.3771,CV,5.63,5.4875,-30.504720216134068,-30.52431074410389,4.15603,0.22883,647.1146
1177,118,0.6175,0.3825,CV,11.2662,11.0664,-34.36409281828599,-34.3620324698486,4.01917,0.23616,600.5205
1178,118,0.6123,0.3877,CV,15.01,14.7991,-26.581978945465806,-26.56586593086981,4.12181,0.30251,563.6297
1179,118,0.6077,0.3923,CV,19.0655,18.849,-17.63376624690837,-17.606030593540048,4.31233,0.2147,538.0047
1180,118,0.573,0.427,CV,53.2786,53.0721,-19.311931679672504,-19.147168925928565,7.39382,1.12126,494.6606
1180,119,0.7,0.3,CV,66.9612,66.9612,-16.623528463740637,-16.623528463740637,0.0,0.0,502.5744
1181,118,0.5953,0.4047,CV,11.442,11.1449,-10.328110313734022,-10.306160826151261,5.56548,1.05403,463.0357
1181,119,0.6387,0.3613,CV,68.4076,68.4076,-17.726772808742638,-17.699518414556533,10.77231,1.62916,714.9395
1182,118,0.6151,0.3849,CV,6.0452,6.3315,-10.977331550239997,-11.005829842659317,2.7097,0.38407,439.5053
1182,119,0.5923,0.4077,CV,59.3764,58.941,-22.462927211837282,-22.331814856053,28.66186,-1.4869,1100.2767
1183,118,0.6201,0.3799,CV,10.6285,10.7533,-12.263843913859336,-12.284261696864881,0.69377,-0.34882,418.6161
1183,119,0.5388,0.4612,CV,59.1128,57.6705,-29.260848296946413,-28.9803608212282,44.3974,-3.24461,1551.6183
1184,118,0.6197,0.3803,CV,6.6464,6.6585,-12.037893097618499,-12.049089641978648,-0.05551,-0.56004,398.4264
1184,119,0.4945,0.5055,CA,61.3296,58.8973,-38.21374728378413,-37.83365750976934,57.32718,-11.14218,2061.4475
1185,118,0.6193,0.3807,CV,3.7701,3.7525,-12.541828997682977,-12.55210765631372,0.03804,-0.54455,376.6605
1185,119,0.5345,0.4655,CV,34.937,31.9957,-49.362512264841925,-49.206151663470365,56.82206,-14.29,2455.2432
1186,118,0.619,0.381,CV,3.2543,3.2272,-11.09293724309667,-11.102445803628976,-0.0095,-0.56453,359.458
1186,119,0.3766,0.6234,CA,106.07,103.3182,-50.34265845324054,-49.48673449278671,96.65635,-20.69255,2887.5456
1187,118,0.6187,0.3813,CV,3.9609,3.9379,-10.226733763925267,-10.235550373981086,-0.04892,-0.57236,346.0715
1187,119,0.4378,0.5622,CA,52.4719,48.1788,-54.216583818181334,-53.839206246539106,111.36592,-24.15927,3300.2432
1188,118,0.6181,0.3819,CV,6.9041,6.8785,-9.453047222773883,-9.459515618993253,-0.1782,-0.65403,337.0443
1188,119,0.4504,0.5496,CA,56.7324,52.5782,-47.98099342018698,-47.56830992785164,129.03401,-27.27188,3580.6328
1189,118,0.618,0.382,CV,4.5926,4.5537,-8.910897618112127,-8.917791333679128,-0.1974,-0.54965,329.4743
1189,119,0.4809,0.5191,CA,45.9615,41.692,-41.04232972477239,-40.73421854446344,136.08531,-27.2577,3793.009
1190,118,0.6177,0.3823,CV,5.4959,5.4598,-8.67253429598197,-8.678657211091828,-0.27341,-0.4445,324.7887
1190,119,0.5295,0.4705,CV,33.969,30.3075,-35.83052687536135,-35.67382395547939,124.39113,-26.53953,3855.5641
1191,118,0.6173,0.3827,CV,7.4824,7.4442,-8.785553244638994,-8.790055451349982,-0.31655,-0.35241,324.5482
1191,119,0.5999,0.4001,CV,14.368,14.3056,-28.074860783536508,-28.1353977687788,81.18612,-16.85648,3703.752
1192,118,0.6174,0.3826,CV,4.9558,4.9136,-8.837972276513831,-8.843793989231203,-0.23818,-0.18733,325.0483
1192,119,0.6248,0.3752,CV,16.1025,16.3551,-30.903217557351887,-30.96598104643673,46.25794,-8.68904,3353.6509
1193,118,0.6174,0.3826,CV,5.2985,5.2582,-9.025985878894037,-9.031612231017398,-0.21763,-0.06471,327.5317
1193,119,0.6137,0.3863,CV,26.5951,25.4354,-20.289411581511843,-20.26814022524183,39.6769,-5.78797,2990.804
1194,118,0.6176,0.3824,CV,4.6542,4.6204,-9.117749189950128,-9.123985092879966,-0.18988,0.10378,331.0356
1194,119,0.6336,0.3664,CV,24.3604,26.0171,-21.282871545909874,-21.36329837683199,8.03455,0.02549,2706.2436
1195,118,0.6172,0.3828,CV,7.8905,7.8541,-9.612377109112867,-9.616896873772768,-0.25141,0.24634,338.8702
1195,119,0.6273,0.3727,CV,18.721,18.8764,-19.90254538969138,-19.92613029782062,-1.71925,2.00439,2437.8055
1196,118,0.6165,0.3835,CV,11.2846,11.2408,-10.267188129985371,-10.2693537035775,-0.51301,0.17934,351.4154
1196,119,0.6226,0.3774,CV,14.0912,13.8977,-17.410675750476234,-17.423527482794995,-3.76599,2.36319,2228.4197
1197,118,0.6169,0.3831,CV,6.0052,5.9486,-9.947813651779871,-9.952692656245324,-0.56472,0.13282,361.1159
1197,119,0.6205,0.3795,CV,9.6952,9.4463,-16.20745796313166,-16.21835295120342,-3.65999,1.90096,2057.8873
1198,118,0.617,0.383,CV,7.6561,7.6072,-9.903218403790284,-9.907659695097957,-0.71064,0.12016,371.81
1198,119,0.6185,0.3815,CV,15.0956,14.9092,-12.655141917889521,-12.660942204860394,-3.68911,2.00344,1938.1362
1199,118,0.6173,0.3827,CV,5.8314,5.7843,-10.049093072009729,-10.054785508040146,-0.75165,0.07836,382.3271
1199,119,0.6183,0.3817,CV,14.2766,14.1864,-13.403071637913177,-13.410868089473912,-2.19118,2.10681,1840.4119
1200,118,0.6177,0.3823,CV,5.7185,5.7016,-9.910058761786228,-9.91718084125854,-0.70989,0.17552,388.9085
1200,119,0.6179,0.3821,CV,24.4285,24.4253,-11.981999237665349,-11.98808834361153,0.09987,2.28454,1763.1604
1201,118,0.6179,0.3821,CV,8.7204,8.7124,-10.704870457184358,-10.711946824837458,-0.55365,0.37546,390.9561
1201,119,0.6173,0.3827,CV,18.5881,18.5146,-12.783721129318362,-12.788374609793234,-0.79559,2.21474,1720.9149
1202,118,0.6169,0.3831,CV,14.4514,14.4205,-11.556766039214022,-11.559321173623495,-0.36736,0.77386,387.2055
1202,119,0.6172,0.3828,CV,14.2751,14.1558,-13.428822965720753,-13.433526899400093,-0.61279,2.19123,1677.8861
1203,118,0.6152,0.3848,CV,15.045,14.9691,-11.149459210181636,-11.146405358018718,-0.51951,1.00725,380.8368
1203,119,0.6171,0.3829,CV,14.0398,13.9241,-13.392122057956382,-13.396804351860606,-0.5302,2.15173,1641.2912
1204,118,0.616,0.384,CV,22.4415,22.4739,-10.692370897190946,-10.695231386618095,1.38804,1.17737,389.6013
1204,119,0.6176,0.3824,CV,17.1412,17.1407,-11.714547610742304,-11.721397499488202,0.14445,1.48159,1651.5904
1205,118,0.6179,0.3821,CV,8.6263,8.6372,-9.207918961798766,-9.217542803125248,1.02933,0.64712,401.5163
1205,119,0.6177,0.3823,CV,8.2148,8.1247,-11.141870395666844,-11.148543130138274,0.13276,1.35136,1652.7767
1206,118,0.6187,0.3813,CV,8.6844,8.719,-9.302291713759498,-9.312440098691392,0.26335,0.1659,410.7147
1206,119,0.6175,0.3825,CV,21.6152,21.5966,-14.575812620897503,-14.5812867216927,-1.12788,1.19744,1657.3235
1207,118,0.6189,0.3811,CV,4.9568,4.9871,-9.40163142650726,-9.411515460040775,0.09811,0.21386,409.166
1207,119,0.6169,0.3831,CV,25.0143,24.9496,-23.226957815249463,-23.23010644508917,-2.15755,0.82973,1667.4126
1208,118,0.6182,0.3818,CV,10.9255,10.9217,-9.763048517820955,-9.769898006409651,0.3556,0.404,402.0418
1208,119,0.614,0.386,CV,46.2605,46.1532,-27.656825334517507,-27.648762344305023,-4.08562,0.49906,1660.328
1209,118,0.6161,0.3839,CV,16.2692,16.2267,-10.502232867023631,-10.501126271636945,1.03126,0.7455,393.316
1209,119,0.6064,0.3936,CV,72.1481,72.0341,-30.84541007792694,-30.809529653041537,-4.56362,1.62438,1542.5965
1210,118,0.6151,0.3849,CV,12.5044,12.4128,-11.03142218869539,-11.029247979890048,1.17306,0.97875,384.7996
1210,119,0.6021,0.3979,CV,45.0262,44.7138,-40.794334811793185,-40.75207414306026,-4.92997,-0.08557,1463.9658
1211,118,0.617,0.383,CV,4.5396,4.437,-10.515096202372737,-10.5224302327197,0.90527,0.87217,380.1109
1211,119,0.6061,0.3939,CV,26.4123,26.059,-59.37483279304499,-59.355337658833115,-5.65304,1.08565,1420.2308
1212,118,0.6192,0.3808,CV,7.336,7.406,-9.877575243818873,-9.891241620574036,0.41886,0.40447,382.3362
1213,118,0.6179,0.3821,CV,16.6827,16.6978,-9.981284043337846,-9.986452152427985,-0.13001,-0.15078,392.6798
1214,118,0.6168,0.3832,CV,12.0426,11.9902,-9.788797703697702,-9.79096858081317,-0.4874,-0.27098,401.0414
1215,118,0.6172,0.3828,CV,5.5404,5.483,-9.265114397651985,-9.270808100644667,-0.2179,-0.14985,406.8907
1216,118,0.6181,0.3819,CV,11.1474,11.1844,-9.66162876254229,-9.670189507140382,0.39205,0.21894,404.7622
1217,118,0.6177,0.3823,CV,12.5216,12.5211,-10.894072627958318,-10.899808307589087,0.67068,0.38203,397.5855
1218,118,0.6178,0.3822,CV,6.4887,6.4457,-10.805113071175983,-10.811838591435857,0.678,0.28803,394.9576
1219,118,0.6186,0.3814,CV,4.4242,4.4358,-11.775844847885065,-11.78592364157244,0.14653,0.0823,394.3434
1220,118,0.6151,0.3849,CV,20.9349,20.9056,-26.13493664190409,-26.128825657613202,0.00102,0.84349,376.3258
1221,118,0.6122,0.3878,CV,23.5344,23.5101,-12.695902098218843,-12.682926778548424,2.08075,0.61794,367.1443
1222,118,0.6168,0.3832,CV,7.7294,7.7373,-9.912680408955628,-9.92338931876314,1.62752,-0.03983,365.6232
1223,118,0.6181,0.3819,CV,14.2638,14.3017,-9.74471350909739,-9.754062458427569,0.7812,-0.56362,370.5262
1224,118,0.6179,0.3821,CV,10.697,10.6908,-9.620316070310963,-9.627006167713942,-0.05073,-0.67869,371.3151
1225,118,0.6186,0.3814,CV,8.89,8.9221,-11.17172848407553,-11.18161311507686,-0.45029,-0.35467,360.7805
1226,118,0.6128,0.3872,CV,38.4185,38.4318,-14.896781309380762,-14.881294755303568,0.05273,1.17327,383.1969
1227,118,0.6117,0.3883,CV,20.3593,20.2396,-13.101269439327002,-13.089694786554947,0.30221,1.18401,406.1591
1228,118,0.6179,0.3821,CV,31.2087,31.3363,-11.9905700519285,-12.006614271808743,0.05455,-0.53541,384.3869
1228,120,0.7,0.3,CV,40.968,40.968,-18.05418193156584,-18.05418193156584,0.0,0.0,370.1632
1229,118,0.615,0.385,CV,22.2932,22.2782,-11.382458161487463,-11.37722867584859,0.12494,-0.9564,365.3006
1229,120,0.6426,0.3574,CV,30.0732,30.0732,-30.03532062674266,-30.024683425394876,10.16679,7.28846,484.9041
1230,118,0.6121,0.3879,CV,18.327,18.2525,-11.374494141703348,-11.361316371530878,0.12446,-0.29571,349.5267
1230,120,0.613,0.387,CV,23.6875,23.4156,-32.60540615252123,-32.55489684319545,22.86189,10.32461,732.4891
1231,118,0.6055,0.3945,CV,51.463,51.5509,-19.813386495093457,-19.776581650986437,2.66793,2.32146,371.0154
1231,120,0.5716,0.4284,CV,29.195,28.285,-34.130480771158716,-33.95251394443278,29.79636,11.27878,987.7488
1232,118,0.6025,0.3975,CV,23.9806,23.7722,-12.98186085932716,-12.94250872272719,2.99765,2.7182,375.3579
1232,120,0.54,0.46,CV,31.2605,29.5416,-30.646910425798296,-30.40154900582654,33.06501,9.83867,1220.5578
1233,118,0.6096,0.3904,CV,10.1216,9.9433,-11.748466133639177,-11.74293292256111,2.54714,1.93833,369.3788
1233,120,0.5564,0.4436,CV,22.0641,19.803,-29.848928354531147,-29.71555147371957,31.82078,8.62138,1382.9837
1234,118,0.6136,0.3864,CV,10.6096,10.5307,-10.485511382978157,-10.486760112789037,2.29828,0.85133,367.6774
1234,120,0.5847,0.4153,CV,14.3491,12.3093,-32.22771771742738,-32.186289345560056,26.8588,6.76902,1463.3781
1235,118,0.6141,0.3859,CV,17.0584,17.0134,-9.890990512829738,-9.888276578701117,2.13863,-0.34939,373.2234
1235,120,0.6087,0.3913,CV,6.5699,5.1113,-32.77614958568513,-32.79301427194842,18.28179,4.45665,1487.9433
1236,118,0.6152,0.3848,CV,10.1952,10.1016,-9.29456151257906,-9.295433471823968,1.74117,-0.74592,374.9964
1236,120,0.6232,0.3768,CV,16.0989,16.4488,-41.50129720871238,-41.544472340222875,10.81583,2.6861,1437.6145
1236,122,0.7,0.3,CV,111.7367,111.7367,-17.577483112199594,-17.577483112199594,0.0,0.0,1783.1536
1237,118,0.6166,0.3834,CV,10.6781,10.6542,-10.927224182196355,-10.932676125005223,1.31701,-0.67114,365.4305
1237,120,0.5594,0.4406,CV,83.3642,83.0294,-31.954666751345215,-31.711725044394626,19.90523,4.85967,1335.4308
1237,122,0.6432,0.3568,CV,84.183,84.183,-15.362364656720725,-15.354460048537968,4.63548,5.80771,2478.2762
1238,118,0.588,0.412,CV,51.5822,51.5556,-86.27769684770612,-86.16167746755272,0.33795,-1.97629,317.85
1238,120,0.5786,0.4214,CV,23.0766,22.1202,-25.01074851783619,-24.939943000278248,17.33259,4.39061,1279.4066
1238,122,0.609,0.391,CV,89.5901,89.0105,-15.390647820840545,-15.32262234002626,10.71022,23.77722,3802.7681
1239,118,0.5947,0.4053,CV,11.5041,11.2537,-83.28902603362583,-83.24288738065567,0.70365,-1.75905,296.7538
1239,120,0.6049,0.3951,CV,10.7098,10.4414,-31.712158419610674,-31.72195103296112,11.27547,2.97262,1208.5101
1239,122,0.5888,0.4112,CV,77.9246,76.0435,-14.464997929625419,-14.363473102329019,13.61278,41.63946,5111.5121
1240,118,0.6084,0.3916,CV,6.5223,6.3914,-79.81645314108253,-79.81735293644279,1.35143,-1.65872,274.1746
1240,120,0.6178,0.3822,CV,9.9576,10.1923,-41.583218418928126,-41.60893148471306,5.64247,1.49501,1131.1787
1240,122,0.5782,0.4218,CV,74.0104,71.2346,-14.214785220725886,-14.099126750135092,13.89843,52.20091,6207.1296
1241,118,0.6124,0.3876,CV,16.2327,16.2695,-46.57116695405709,-46.56906534820862,2.02266,-2.10034,258.0878
1241,120,0.6214,0.3786,CV,19.1044,19.2678,-34.73002052688716,-34.75179590042414,2.78125,-0.22767,1092.9883
1241,122,0.5815,0.4185,CV,59.0936,55.6135,-13.662240785239016,-13.575918985560438,12.761,51.37023,7051.415
1242,118,0.5676,0.4324,CV,33.3534,33.2557,-95.04343435342238,-94.84984794021253,5.48817,-1.28085,228.1954
1242,120,0.6202,0.3798,CV,17.4279,17.4753,-30.385354166201328,-30.396762064248424,0.65006,-1.00253,1063.8645
1242,122,0.5944,0.4056,CV,45.902,42.8912,-13.497806535224065,-13.459672036795148,14.69075,41.85882,7607.6649
1243,118,0.6006,0.3994,CV,10.3211,10.3413,-69.26475349131498,-69.27301899232683,3.69526,-1.25995,213.9927
1243,120,0.6188,0.3812,CV,22.2835,22.3102,-34.945665578517456,-34.95285930587826,1.62651,-0.31471,1003.4984
1243,122,0.6077,0.3923,CV,50.9983,50.0184,-15.662492445473292,-15.661194467573637,16.6575,29.09913,7790.7934
1244,118,0.6102,0.3898,CV,12.8037,12.8112,-56.278199630271466,-56.278235009700765,1.85976,-1.14986,203.3894
1244,120,0.6103,0.3897,CV,41.8386,41.7536,-42.54540591892308,-42.51905470986566,4.09389,0.49527,946.7437
1244,122,0.6129,0.3871,CV,45.9724,45.1106,-18.240407892314693,-18.241135806373226,15.75422,18.75144,7801.6157
1245,118,0.6093,0.3907,CV,12.3433,12.2603,-35.43895294989922,-35.421039069844426,1.00027,-0.89857,196.5
1245,120,0.608,0.392,CV,27.1113,26.8798,-33.5089900436178,-33.485179495461395,4.71669,0.26132,912.0269
1245,122,0.6179,0.3821,CV,38.6154,38.5034,-20.371322866072877,-20.38579534814293,11.19274,11.13724,7602.7872
1246,118,0.6107,0.3893,CV,11.5596,11.4916,-17.19013082135942,-17.179484877951694,0.10044,-0.83463,191.2997
1246,120,0.6109,0.3891,CV,20.0344,19.8548,-24.288558961840792,-24.280802771328105,4.21227,-0.45817,900.0654
1246,122,0.6087,0.3913,CV,104.0293,103.6303,-41.694548113905334,-41.66269304208573,12.39197,8.84479,7117.6678
1247,118,0.607,0.393,CV,18.353,18.2844,-17.31649272700467,-17.288040397365123,1.03727,-1.07113,189.7278
1247,120,0.6129,0.3871,CV,16.2003,15.9998,-21.890086743360527,-21.886007385120173,3.58331,-0.75988,890.2688
1247,122,0.6089,0.3911,CV,55.2848,54.5312,-50.02279226103165,-50.0052806884369,11.16652,5.49295,6719.0248
1247,123,0.7,0.3,CV,20.5939,20.5939,-11.415600135366653,-11.415600135366653,0.0,0.0,544.0463
1248,118,0.6024,0.3976,CV,20.8132,20.6925,-10.930920644536759,-10.888732060693002,1.19678,-1.0646,197.0558
1248,120,0.611,0.389,CV,28.0342,27.8738,-23.996904979959737,-23.981939353125384,3.98093,-0.1848,859.4947
1248,122,0.6105,0.3895,CV,43.5993,42.8546,-64.51546508140068,-64.50455889810098,9.93541,3.07995,6312.4773
1248,123,0.641,0.359,CV,46.1487,46.1487,-13.726836155016397,-13.70928298685567,6.92742,2.08649,779.7009
1249,118,0.6001,0.3999,CV,23.6836,23.5391,-14.986390539673373,-14.941474022894884,1.25609,-1.1018,210.9464
1249,120,0.6098,0.3902,CV,26.1964,26.0113,-24.466606079998698,-24.449524712019784,4.02285,0.55928,828.9295
1249,122,0.6136,0.3864,CV,29.4406,28.7907,-76.5996651241919,-76.59910992838749,8.31602,1.18978,5921.4961
1249,123,0.5963,0.4037,CV,49.2942,48.8203,-13.738205855256766,-13.620206365689366,10.51147,-2.41026,1254.9534
1250,118,0.6008,0.3992,CV,24.6158,24.4615,-21.744810947375456,-21.706194592802575,1.08059,-1.18423,230.2848
1250,120,0.6107,0.3893,CV,20.026,19.8143,-17.455248690136806,-17.443861473602105,4.05381,0.47011,818.7591
1250,122,0.6166,0.3834,CV,24.1523,23.8906,-80.91350684335005,-80.92146395691367,6.6398,-0.86005,5596.0679
1250,123,0.5547,0.4453,CV,52.7208,51.1982,-14.742748747079961,-14.520703068987626,9.31715,-11.93222,1796.4118
1251,118,0.6035,0.3965,CV,22.4557,22.2957,-27.603491693132753,-27.575227453450513,1.0901,-1.22589,251.5117
1251,120,0.6141,0.3859,CV,21.0602,21.0111,-12.030014921046345,-12.03136783486311,3.13939,0.09152,836.1258
1251,122,0.6174,0.3826,CV,38.0699,38.0041,-57.70923149776887,-57.71604786217229,5.30107,-2.85225,5365.7533
1251,123,0.603,0.397,CV,28.5274,28.5487,-11.5821035225702,-11.618750241318216,10.2211,-18.16944,2127.2038
1252,118,0.606,0.394,CV,22.2116,22.0593,-31.497575329007347,-31.475517074934388,1.0097,-1.3065,276.6247
1252,120,0.6147,0.3853,CV,18.2689,18.1489,-12.257023368190746,-12.255920451116785,2.84635,0.76185,826.7378
1252,122,0.6139,0.3861,CV,62.9015,62.6396,-55.05766156845331,-55.04854108857967,7.41735,-2.57013,5206.1327
1252,123,0.6174,0.3826,CV,25.367,25.1494,-12.127281337716502,-12.154146431026225,14.08106,-8.90129,2279.9623
1253,118,0.609,0.391,CV,19.023,18.8841,-29.67403794500018,-29.660839020294954,0.95031,-1.4391,301.165
1253,120,0.6136,0.3864,CV,29.1662,29.0823,-14.251622786349085,-14.245349957683565,2.74924,0.32748,856.0977
1253,122,0.6119,0.3881,CV,58.0978,57.6906,-59.93498543417148,-59.92257328480967,8.60709,-1.60876,5023.7491
1253,123,0.6067,0.3933,CV,59.7352,59.9342,-26.808076929084365,-26.768374189751583,16.49216,4.51094,2253.3068
1254,118,0.6115,0.3885,CV,22.6427,22.5829,-18.864486789705253,-18.857603027947164,0.98861,-1.85909,311.8882
1254,120,0.6171,0.3829,CV,17.0426,17.131,-14.260212873175071,-14.270175323520316,0.80215,0.55469,877.3061
1254,122,0.6052,0.3948,CV,93.7641,93.302,-58.28532425645979,-58.24754790647829,11.91237,-1.5226,4850.0967
1254,123,0.5912,0.4088,CV,56.8733,56.4474,-20.330558398480484,-20.24234056148977,17.69197,1.6487,2323.4546
1255,118,0.6099,0.3901,CV,31.1913,31.1392,-12.557846076294407,-12.540505886319163,1.32719,-2.33004,308.633
1255,120,0.6178,0.3822,CV,19.8202,19.8653,-17.75306820879329,-17.760546926622116,-0.51753,0.81578,877.1104
1255,122,0.599,0.401,CV,96.1931,95.5627,-51.38392179924926,-51.33026075740093,14.57909,-1.86172,4674.36
1255,123,0.5928,0.4072,CV,36.4697,35.241,-24.697436021795355,-24.63863108200231,16.29879,0.82171,2345.1787
1256,118,0.6073,0.3927,CV,24.5333,24.4091,-11.711942146281245,-11.685879651922944,1.71068,-2.44436,309.8762
1256,120,0.6163,0.3837,CV,33.3574,33.3578,-18.63093068216355,-18.631299591642474,1.15526,0.83707,920.4862
1256,122,0.5877,0.4123,CV,114.5742,113.7996,-48.36879291790213,-48.27750385139655,18.89768,-1.72102,4513.181
1256,123,0.6026,0.3974,CV,30.6835,29.987,-33.728957735429134,-33.70857766859086,13.50293,1.75018,2303.4104
1257,118,0.5865,0.4135,CV,40.7732,40.6115,-22.85848970158795,-22.75017989656348,3.65192,-2.6732,300.6088
1257,120,0.6158,0.3842,CV,21.4784,21.3896,-19.460070879941256,-19.46059571455642,1.81857,0.70078,956.5176
1257,122,0.5842,0.4158,CV,101.1654,100.2249,-35.79463981153415,-35.70525212978772,21.3047,-0.83057,4496.9395
1257,123,0.6131,0.3869,CV,9.4433,9.0344,-31.490983279088233,-31.500360570414937,8.92719,1.44537,2267.1338
1258,118,0.6084,0.3916,CV,6.264,6.2529,-10.699078808384435,-10.712282307224964,2.73009,-1.08558,311.2014
1258,120,0.6162,0.3838,CV,27.4512,27.4447,-15.569044073093952,-15.571870750967381,1.81667,1.02365,943.6504
1258,122,0.5877,0.4123,CV,83.8565,82.7878,-32.183810877209744,-32.11419832988968,21.11833,-1.8083,4532.7175
1258,123,0.6091,0.3909,CV,40.5637,40.1092,-37.3257306908242,-37.30267260102696,8.80587,0.32252,2299.0236
1259,118,0.6152,0.3848,CV,13.009,13.0184,-18.988937625423844,-18.99823536592205,0.59765,-0.43659,310.9625
1259,120,0.6152,0.3848,CV,29.3003,29.2508,-12.029050500104702,-12.027169466147889,0.97561,1.57686,923.8762
1259,122,0.5952,0.4048,CV,65.8057,64.7642,-25.632275390599283,-25.588533305148914,18.78502,-2.86229,4582.9464
1259,123,0.5962,0.4038,CV,90.6362,90.2921,-39.48291455584669,-39.411799956418676,12.14879,1.62405,2220.0518
1260,118,0.6015,0.3985,CV,26.3004,26.2064,-23.885018390366824,-23.82704841083509,-1.56518,-0.54586,294.4028
1260,120,0.615,0.385,CV,21.6124,21.5056,-10.835249237529052,-10.834013513875728,-0.14196,1.71918,916.5002
1260,122,0.604,0.396,CV,41.383,40.3969,-17.770273294160155,-17.752173126715736,15.29374,-1.75799,4614.9294
1260,123,0.602,0.398,CV,37.2743,36.6827,-36.928400087006054,-36.90040521017258,10.61842,1.00762,2183.3634
1261,118,0.5112,0.4888,CV,44.409,44.1826,-57.43157642292653,-57.02670696297317,-4.77447,-2.47032,265.5785
1261,120,0.6136,0.3864,CV,23.8297,23.6803,-11.974990469308672,-11.968053278259196,-0.87275,1.39506,897.1537
1261,122,0.6145,0.3855,CV,11.903,12.2411,-12.7049529576663,-12.717866830766644,8.96171,-0.25192,4601.2664
1261,123,0.6061,0.3939,CV,32.8704,32.3405,-35.6551994582706,-35.63580441207382,9.34598,0.21937,2166.8162
1262,118,0.3949,0.6051,CA,29.3771,28.8811,-48.636330263072495,-47.89122572954612,-9.85391,-3.9047,243.116
1262,120,0.6154,0.3846,CV,12.5495,12.3704,-11.894224846549529,-11.896844661017745,-1.22539,0.84616,884.4759
1262,122,0.6169,0.3831,CV,47.0957,47.1561,-17.357708596902796,-17.36529540673743,4.28413,0.25102,4737.734
1262,123,0.6091,0.3909,CV,29.9694,29.5124,-32.68762455505878,-32.675051503942555,8.17439,-0.63242,2172.2913
1262,124,0.7,0.3,CV,33.24,33.24,-15.28638321536664,-15.28638321536664,0.0,0.0,667.6143
1263,118,0.5592,0.4408,CV,9.7051,9.9578,-10.741431133231686,-10.826268150313487,-8.96711,-0.38659,216.3011
1263,120,0.6164,0.3836,CV,12.4636,12.3173,-13.357721869446205,-13.361808919083956,-0.95245,0.0868,863.1811
1263,122,0.6187,0.3813,CV,21.3618,21.6475,-21.228551081136697,-21.24054041620567,1.0401,0.21565,4739.2134
1263,123,0.609,0.391,CV,38.1305,37.726,-33.043254223181634,-33.02574155121161,7.8794,-0.46467,2141.8793
1263,124,0.6433,0.3567,CV,35.0145,35.0145,-27.211069537183615,-27.203518721844652,15.99532,6.97186,900.626
1264,120,0.6141,0.3859,CV,20.9946,20.8545,-16.32697110954218,-16.320237091456814,-0.10798,0.03207,820.8016
1264,122,0.6174,0.3826,CV,71.5109,71.5905,-24.386449086184584,-24.390120550779372,-1.71592,-3.44229,4618.5456
1264,123,0.6038,0.3962,CV,57.1236,56.7437,-33.92843756420108,-33.889309653569974,8.89008,0.18586,2069.0332
1264,124,0.5794,0.4206,CV,44.3613,43.8892,-45.28998595201886,-45.09893406273527,44.85985,26.30145,1394.1809
1265,120,0.6161,0.3839,CV,13.4957,13.4108,-12.407067054115533,-12.411946614752328,0.76743,-0.84312,789.5301
1265,122,0.6161,0.3839,CV,44.8401,44.6327,-29.776294221401823,-29.776354675684686,-3.39314,-4.17387,4568.8262
1265,123,0.6022,0.3978,CV,45.4956,44.9987,-24.837996415881257,-24.799703273865568,9.32094,0.79196,2019.9763
1265,124,0.5305,0.4695,CV,35.2587,33.1395,-49.837783555434626,-49.54269744486356,60.4915,34.54903,1920.2239
1266,120,0.6174,0.3826,CV,16.7481,16.7461,-14.701978886136565,-14.709555084038586,-0.51754,-1.74961,763.3353
1266,122,0.6162,0.3838,CV,33.331,33.0691,-39.26741928974632,-39.269974518422245,-2.89775,-3.93161,4484.1763
1266,123,0.5957,0.4043,CV,56.5107,55.9728,-29.809302405165056,-29.746354986997183,11.20921,0.73082,1972.5535
1266,124,0.1756,0.8244,CA,96.6262,93.4393,-33.74898161121133,-31.856674835866425,143.11376,52.19876,2849.4
1267,120,0.6123,0.3877,CV,29.5892,29.5306,-11.585039554940476,-11.569161637645035,1.65676,-1.66583,706.8331
1267,122,0.616,0.384,CV,35.3449,35.0725,-50.67891387716698,-50.68028723945614,-2.06797,-4.06375,4363.3796
1267,123,0.6022,0.3978,CV,45.2054,44.8471,-18.253822535542533,-18.227282615102034,10.42545,0.09628,2008.8979
1267,124,0.3126,0.6874,CA,55.6104,50.0871,-30.165341813504522,-29.53159380340093,193.06143,67.19432,3440.2306
1268,120,0.6143,0.3857,CV,12.4164,12.2862,-9.727413062520677,-9.72733273677428,1.76476,-1.96593,669.9079
1268,122,0.6181,0.3819,CV,10.6052,10.4942,-68.69989445665662,-68.71036154582004,-1.11438,-2.10406,4278.2016
1268,123,0.594,0.406,CV,64.5443,63.9941,-21.404191678526082,-21.334121556835385,12.29488,0.40006,1963.5417
1268,124,0.4386,0.5614,CA,31.0306,25.2099,-53.82985685570627,-53.5455299307971,197.66669,74.28936,3719.1273
1269,120,0.6137,0.3863,CV,13.8268,13.6685,-13.708871692437356,-13.703269451406957,1.91469,-1.60734,620.802
1269,123,0.5963,0.4037,CV,43.7198,43.0862,-26.845195697090368,-26.796929510114282,11.75696,-0.45718,1915.8155
1269,124,0.3499,0.6501,CA,57.7882,50.784,-31.748659424907032,-30.914400865270593,254.09268,88.70984,4420.4331
1270,120,0.616,0.384,CV,14.8489,14.8343,-24.622899304382088,-24.627984589917695,-0.00363,-1.3326,569.4175
1270,123,0.5971,0.4029,CV,41.8419,41.2031,-23.736709308592634,-23.68811295701342,11.67042,-0.59865,1878.6536
1270,124,0.3928,0.6072,CA,58.6854,53.1693,-52.61270822206943,-52.08714074977191,282.77703,100.79354,4809.8157
1271,120,0.6093,0.3907,CV,26.1986,26.1471,-60.18048579979285,-60.154082471777905,-2.66228,-1.36796,517.4928
1271,123,0.6025,0.3975,CV,31.3188,30.7376,-18.109598874717705,-18.082603132303923,10.41814,-1.2755,1863.6027
1271,124,0.3862,0.6138,CA,61.8908,56.9411,-71.83329246637318,-71.21997411630088,309.07811,102.6424,4793.852
1272,120,0.5828,0.4172,CV,34.6116,34.4239,-191.9646504285549,-191.8376815626552,-5.23305,-1.9125,455.376
1272,123,0.5994,0.4006,CV,45.1058,44.5504,-23.448323524974818,-23.400352015303376,10.95559,-1.96703,1832.3662
1272,124,0.5031,0.4969,CV,44.6847,43.2312,-61.93800474372142,-61.809295194163475,251.06279,67.88957,4255.0987
1273,120,0.6148,0.3852,CV,17.0301,17.2561,-77.74537579333494,-77.79076493361376,-2.02706,-2.00056,419.6168
1273,123,0.5866,0.4134,CV,64.2857,63.69,-28.81867784272346,-28.722315529413187,13.45359,-2.50038,1774.5246
1273,124,0.6346,0.3654,CV,38.6591,42.3613,-57.69854311267021,-57.94381077967198,83.24843,6.18488,3479.3611
1274,120,0.593,0.407,CV,39.3551,39.2784,-57.64920620980671,-57.556592464180056,-3.28463,-2.56925,405.6381
1274,123,0.5841,0.4159,CV,51.0436,50.3041,-30.114010317916637,-30.026101282004774,14.36005,-2.90276,1741.3623
1274,124,0.5944,0.4056,CV,51.725,51.6486,-64.5782965107194,-64.46210483332369,15.78604,-19.15929,2709.468
1275,120,0.5793,0.4207,CV,38.5053,38.2478,-34.46440065018069,-34.34722702955391,-3.13791,-3.36365,402.9242
1275,123,0.5928,0.4072,CV,33.4875,32.724,-29.4569277871258,-29.408581173651704,12.96992,-3.10235,1718.7035
1275,124,0.5948,0.4052,CV,28.9413,28.1069,-41.86428026084249,-41.80905346039599,-4.99602,-22.06142,2230.1036
1276,120,0.5886,0.4114,CV,26.365,26.0886,-22.691622835318114,-22.632965276859924,-2.04935,-3.21673,404.6131
1276,123,0.6141,0.3859,CV,21.8194,22.2607,-17.575183848175172,-17.603129989055585,6.11629,-2.89588,1704.6698
1276,124,0.6045,0.3955,CV,26.2975,25.7136,-23.252117006197146,-23.23678702862351,2.28178,-16.39644,1921.1301
1277,120,0.6015,0.3985,CV,16.8428,16.6455,-20.506200616188323,-20.487200365635655,-0.94456,-2.77808,403.5272
1277,123,0.6189,0.3811,CV,30.1856,30.404,-11.751211652801995,-11.768052497621138,0.89232,-2.51644,1685.481
1277,124,0.6059,0.3941,CV,28.4041,28.038,-21.64854809707739,-21.624508204676857,-8.81829,-14.44647,1723.5168
1278,120,0.6038,0.3962,CV,21.9008,21.6945,-11.268154714241216,-11.23990735193303,-0.57596,-2.4071,417.6556
1278,123,0.6125,0.3875,CV,54.5039,54.3979,-18.372571667061642,-18.354977508902994,-1.52514,-4.7024,1684.1239
1278,124,0.6219,0.3781,CV,14.8874,15.269,-17.91691835470641,-17.9586782901563,-2.46872,-7.12619,1577.6504
1279,120,0.6028,0.3972,CV,29.6516,29.4454,-12.716652090867978,-12.680947903500483,-0.71244,-2.16288,448.6637
1279,123,0.6107,0.3893,CV,37.4118,37.1299,-35.466254121584065,-35.45087904742233,-1.64626,-5.25505,1672.0386
1279,124,0.6187,0.3813,CV,38.2323,38.2964,-13.136598071597563,-13.140746436748005,3.0908,-1.80217,1514.2653
1280,120,0.6086,0.3914,CV,20.8809,20.7455,-15.895549987780779,-15.88544065271552,0.16976,-2.02714,467.5776
1280,123,0.6101,0.3899,CV,53.2628,53.1802,-32.85172236505113,-32.83618981002012,-4.31618,-3.73046,1594.4519
1280,124,0.6214,0.3786,CV,51.9484,52.1957,-14.491635945302631,-14.512185806349308,-1.42802,1.78052,1367.2591
1281,120,0.6082,0.3918,CV,28.3342,28.1645,-24.656826788847777,-24.636586568265606,-0.017,-1.77173,507.6198
1281,123,0.6005,0.3995,CV,62.2429,62.0245,-36.49271149780255,-36.43816610511571,-4.93639,-4.22992,1468.7968
1281,124,0.5986,0.4014,CV,60.9774,60.9293,-22.742963430354273,-22.663547056890113,-9.41469,-1.36743,1264.5446
1282,120,0.6103,0.3897,CV,24.6835,24.5367,-26.11276694598644,-26.101991852537058,-0.76161,-1.75118,546.2731
1282,123,0.606,0.394,CV,29.0991,28.849,-52.8492156821429,-52.831596469563706,-6.24286,-2.34893,1420.2033
1282,124,0.5732,0.4268,CV,58.7622,58.2815,-52.585475457262106,-52.435068307960016,-13.25781,-0.06609,1185.3766
1283,120,0.611,0.389,CV,27.7422,27.6071,-31.83637778203026,-31.825320940397496,-1.36765,-2.03293,578.7456
1284,120,0.6112,0.3888,CV,27.7629,27.6147,-38.19619779058657,-38.185072726758634,-1.84119,-2.26817,613.0752
1285,120,0.6096,0.3904,CV,35.8216,35.6519,-48.812763147350545,-48.79457115662207,-2.49234,-2.20229,672.4989
1286,120,0.6097,0.3903,CV,32.8428,32.6434,-46.6437710073432,-46.62842010466233,-3.06493,-2.06384,726.6742
1287,120,0.6106,0.3894,CV,32.2797,32.1121,-44.58429517135644,-44.57231594111644,-3.3681,-2.22554,753.8637
1288,120,0.6101,0.3899,CV,41.1012,41.0062,-39.76845671925338,-39.753270407824274,-3.24853,-2.34461,743.2298
1288,126,0.7,0.3,CV,48.9625,48.9625,-22.159378912771487,-22.159378912771487,0.0,0.0,341.0321
1289,120,0.6015,0.3985,CV,49.1544,48.9758,-34.93700195613293,-34.88650890501019,-3.21457,-2.80327,716.4424
1289,126,0.6413,0.3587,CV,36.862,36.862,-30.9296914056055,-30.913764900444008,11.97074,-1.56035,461.5672
1290,120,0.5892,0.4108,CV,41.8875,41.5583,-29.56944929967517,-29.480591019343805,-3.83391,-2.48722,695.3546
1290,126,0.5961,0.4039,CV,34.5196,34.1648,-44.03078930970973,-43.911295648207926,27.49166,-4.50632,707.1643
1291,120,0.5829,0.4171,CV,30.4254,29.9623,-25.41267979696779,-25.316110533515896,-5.40322,-1.99224,681.424
1291,126,0.5548,0.4452,CV,31.3427,30.2682,-70.5359185035806,-70.31445997087195,38.79169,-7.89319,950.1028
1292,120,0.5724,0.4276,CV,30.9583,30.5151,-45.87338802540093,-45.74285620854491,-3.15236,-2.24098,643.0362
1292,126,0.5461,0.4539,CV,23.7732,21.9517,-79.72506821674446,-79.5286793270664,43.13,-5.24743,1157.6659
1293,120,0.5819,0.4181,CV,61.5078,61.7233,-55.96661837446587,-55.89030374745893,-5.94398,-7.77493,660.2209
1293,126,0.5451,0.4549,CV,23.2043,21.0948,-87.77719292424574,-87.58957318726415,44.52139,-7.71076,1289.0495
1294,120,0.5483,0.4517,CV,58.27,57.8272,-62.41964919107844,-62.19285406475696,-5.86844,-10.91211,679.6036
1294,126,0.5598,0.4402,CV,23.2815,21.7163,-122.78051667730644,-122.65370089843108,40.9494,-11.41829,1322.3131
1295,126,0.5833,0.4167,CV,22.483,21.5994,-101.8214134404912,-101.76924631473302,32.81197,-8.84811,1348.1759
1296,126,0.599,0.401,CV,13.0871,11.75,-106.23152832403575,-106.20988444724713,25.01759,-6.69303,1326.6206
1297,126,0.6021,0.3979,CV,16.8745,15.9136,-117.55578219292676,-117.52429742615845,20.98211,-5.67865,1268.5475
1298,126,0.6143,0.3857,CV,10.5618,10.2724,-128.88651337382416,-128.9016340333319,13.66577,-4.24982,1204.5415
1299,126,0.5772,0.4228,CV,44.7016,44.0993,-61.11456284585082,-60.95730064000015,19.2793,-4.72185,1134.6628
1300,126,0.582,0.418,CV,23.9435,22.9781,-69.30172574923054,-69.2186795261743,17.78126,-4.17638,1110.9006
1301,126,0.5936,0.4064,CV,17.4961,16.5971,-62.437591223139954,-62.39547260329979,14.7679,-3.12909,1080.2461
1302,126,0.6015,0.3985,CV,15.6106,14.8886,-46.57857033542001,-46.552231487369184,11.89341,-2.22068,1054.4442
1303,126,0.6103,0.3897,CV,8.2116,7.6652,-39.747949460806836,-39.74726624456737,8.4191,-1.54764,1027.5197
1304,126,0.6155,0.3845,CV,6.9475,6.7396,-39.216840775564584,-39.22497096146474,5.51635,-1.11985,997.7136
1305,126,0.6168,0.3832,CV,22.4119,22.3996,-51.92834989740467,-51.934078345380975,3.28795,-0.67523,942.9306
1306,126,0.6155,0.3845,CV,23.5641,23.5028,-73.21108668487054,-73.2093309058394,1.42598,-0.63463,884.018
1307,126,0.6147,0.3853,CV,16.3195,16.1685,-77.15058501372319,-77.14762814289797,0.75551,-0.74953,831.4861
1308,126,0.6179,0.3821,CV,26.8077,26.9048,-27.34152322450208,-27.353028917826446,0.65652,-1.94098,823.6686
1309,126,0.6168,0.3832,CV,15.5788,15.4874,-19.626089788628995,-19.628227040997942,0.74802,-2.06711,809.9533
1310,126,0.6171,0.3829,CV,10.8051,10.7305,-13.68039100340972,-13.685541199319257,0.04654,-1.80759,791.7046
1311,126,0.6164,0.3836,CV,21.7484,21.7234,-13.22320506502382,-13.224816275053339,-1.32155,-1.49474,773.8779
1311,127,0.7,0.3,CV,70.0095,70.0095,-16.846071444242753,-16.846071444242753,0.0,0.0,636.9122
1312,126,0.6148,0.3852,CV,22.5716,22.487,-11.627833397965242,-11.62375318978577,-2.21994,-1.21847,758.2855
1312,127,0.6457,0.3543,CV,26.5366,26.5366,-11.520774210332249,-11.523995855600386,7.40454,0.93549,828.8907
1313,126,0.6178,0.3822,CV,13.5934,13.6724,-16.188667888635194,-16.199812843546194,-0.5019,-1.06571,745.697
1313,127,0.6226,0.3774,CV,31.7151,31.5548,-16.892945920402745,-16.87849834758285,21.8873,-3.81206,1181.9309
1314,126,0.6175,0.3825,CV,19.2889,19.2938,-13.214401553608278,-13.219616242614308,0.90703,-0.89351,728.6496
1314,127,0.4019,0.5981,CA,82.7159,82.266,-100.41442291361827,-99.53633407975936,29.83324,-31.95339,1636.1635
1315,126,0.6179,0.3821,CV,8.7451,8.7148,-14.316850687235195,-14.32453438132909,0.26004,-0.79157,712.0182
1315,127,0.4957,0.5043,CA,22.4389,20.6061,-92.56408020464653,-92.38394581023584,48.46183,-30.48074,1950.677
1316,126,0.6146,0.3854,CV,27.0387,26.9921,-31.68680760241052,-31.679623962369114,-0.93589,-1.08037,675.0415
1316,127,0.5833,0.4167,CV,33.0736,34.0072,-80.5028285197105,-80.54298214324153,42.88383,-8.11865,1916.8093
1317,126,0.613,0.387,CV,18.1036,17.9646,-36.61524424423567,-36.60657349750472,-1.44207,-1.24849,643.8865
1317,127,0.5927,0.4073,CV,18.0587,16.5948,-108.33755470241906,-108.28986541931079,36.14709,-1.37631,1707.3289
1318,126,0.6181,0.3819,CV,12.1379,12.2305,-16.69308404030779,-16.70799792281082,-1.37464,-0.58771,638.0122
1318,127,0.6071,0.3929,CV,11.1141,9.7592,-130.21777930223323,-130.2162818528764,27.20026,0.47529,1512.8929
1319,126,0.6182,0.3818,CV,15.5144,15.5289,-11.301896862628217,-11.309687030713329,-1.21846,0.07996,638.1399
1319,127,0.6159,0.3841,CV,8.0406,7.0204,-151.29681096908067,-151.3113164710614,19.2544,0.82172,1340.2003
1320,126,0.6164,0.3836,CV,17.5594,17.4953,-10.227487916925172,-10.227725850307339,-1.34218,0.6234,639.4226
1320,127,0.6228,0.3772,CV,4.4213,3.9111,-187.97870308087016,-188.0093864904356,12.58768,0.42974,1179.5516
1321,126,0.6146,0.3854,CV,20.1855,20.0797,-11.714603931146048,-11.709602882961864,-1.65063,0.79331,646.6884
1321,127,0.6256,0.3744,CV,2.1394,2.212,-199.14524695696738,-199.17765950334552,7.25263,0.35611,1045.2745
1322,126,0.6154,0.3846,CV,11.9499,11.8368,-12.066354428053657,-12.067674959098218,-1.57936,0.83342,646.6692
1322,127,0.6272,0.3728,CV,14.6107,14.9284,-190.24297477573876,-190.2780304777787,0.67664,0.52955,932.3869
1323,126,0.6176,0.3824,CV,12.1835,12.238,-10.231381031292283,-10.2408589616708,-1.00368,0.37753,630.5184
1323,127,0.6226,0.3774,CV,10.7136,10.7106,-272.1645843565137,-272.1777187294956,2.26886,0.22855,835.715
1324,126,0.6161,0.3839,CV,28.4201,28.4415,-11.811244913809848,-11.811122406542216,0.42645,-0.10218,598.3206
1324,127,0.6148,0.3852,CV,19.6533,19.5429,-266.0657139513931,-266.05248054357605,4.07334,0.01985,755.9407
1325,126,0.6158,0.3842,CV,13.5864,13.4993,-10.032206236910417,-10.032976881119925,0.91008,0.32153,580.1243
1325,127,0.5486,0.4514,CV,68.2284,68.0257,-280.94684890707117,-280.6728394367589,10.82009,-0.85474,666.0523
1326,126,0.6158,0.3842,CV,16.2189,16.1672,-14.289062812055441,-14.290019999793472,-0.20348,1.15234,559.8789
1326,127,0.5813,0.4187,CV,12.1532,11.6302,-346.45419258715384,-346.4098050908122,8.80775,-0.99266,601.906
1327,126,0.611,0.389,CV,23.692,23.5962,-27.849166149839228,-27.830320574058806,-1.81649,1.5205,529.4584
1327,127,0.6041,0.3959,CV,4.8153,4.4897,-387.6508916098242,-387.65356805778515,6.11165,-0.77684,541.1581
1328,126,0.6109,0.3891,CV,16.3457,16.2039,-15.98435158640552,-15.971694604674504,-2.24666,2.12535,506.9607
1328,127,0.5961,0.4039,CV,20.7832,20.5328,-261.03723513586846,-260.9733597935279,6.99217,-0.13202,491.1343
1329,126,0.6104,0.3896,CV,15.9675,15.8287,-12.730135706113169,-12.715986405573176,-1.4545,1.97766,468.588
1329,127,0.5868,0.4132,CV,21.2891,20.9504,-238.83307276328273,-238.74228858398288,7.67972,-0.11097,446.0692
1330,126,0.5939,0.4061,CV,29.5952,29.4721,-28.21856258107075,-28.13603991225705,-1.24025,0.53607,410.9072
1330,127,0.5958,0.4042,CV,13.2738,12.9908,-317.1305680700246,-317.0904644809606,6.4941,-0.53194,396.5515
1331,126,0.566,0.434,CV,42.7659,42.7487,-27.30180479063842,-27.128840984547548,-6.91904,2.14486,380.8419
1331,127,0.6151,0.3849,CV,30.8564,31.1144,-246.98422425670392,-247.01188533201312,-1.48258,-1.0052,345.1287
1332,126,0.5392,0.4608,CV,27.368,26.973,-16.709156231649548,-16.46880349541847,-9.2611,1.95842,338.1574
1332,127,0.1788,0.8212,CA,102.7096,102.7767,-121.37087057318404,-119.37661732181155,20.83433,-1.69135,306.6507
1333,127,0.3821,0.6179,CA,15.1307,14.3663,-14.036468466917173,-13.705691587600208,25.19759,-1.38977,274.8267
1334,127,0.0004,0.9996,CA,177.1791,178.0532,-461.8325036932926,-453.9181070094558,-95.62292,5.48345,281.2518
1340,128,0.7,0.3,CV,121.2223,121.2223,-16.75552501309451,-16.75552501309451,0.0,0.0,2601.517
1341,128,0.6441,0.3559,CV,82.1503,82.1503,-14.909460393418778,-14.90563607121032,10.01887,-8.96835,3559.8463
1342,128,0.6172,0.3828,CV,78.2671,77.629,-15.985839340286201,-15.950975129162485,29.55907,-23.08036,5340.1144
1343,128,0.6062,0.3938,CV,71.1751,69.9238,-20.82732209558992,-20.78587850607915,45.71898,-37.01018,6805.2017
1344,128,0.5967,0.4033,CV,73.6428,72.2052,-31.021719116573394,-30.957103916628775,48.47564,-35.88755,7637.8409
1345,128,0.6048,0.3952,CV,38.3553,35.6665,-32.74799748169244,-32.73100709441731,36.67853,-33.28258,7946.5157
1346,128,0.5948,0.4052,CV,55.729,53.4607,-55.970382280614004,-55.89992336518528,39.57168,-24.70675,7713.2389
1347,128,0.5963,0.4037,CV,42.7428,40.4508,-79.16296452393972,-79.11353244913606,35.02874,-17.12694,7173.2545
1348,128,0.611,0.389,CV,17.39,15.4154,-92.34967249387554,-92.35923817542509,26.20345,-11.04102,6529.6309
1349,128,0.6207,0.3793,CV,6.9175,6.2228,-107.16112978810284,-107.18993815492139,16.7734,-6.11027,5842.8068
1350,128,0.623,0.377,CV,30.2582,30.4457,-105.80244093012668,-105.826898218931,10.98452,-1.87397,5291.2396
1351,128,0.6175,0.3825,CV,62.4794,62.4512,-86.81266663582814,-86.81028345148617,6.93899,1.36244,4956.7953
1352,128,0.6043,0.3957,CV,98.3541,97.8962,-57.329572867131084,-57.27974385591925,10.05074,2.4187,4771.3348
1353,128,0.6012,0.3988,CV,83.3019,82.7599,-54.85779174368454,-54.81452965347149,12.8939,0.41518,4509.9608
1354,128,0.5949,0.4051,CV,99.115,98.6072,-61.847730255421,-61.78296363377282,15.48244,-2.32515,4175.7719
1355,128,0.5925,0.4075,CV,73.8131,73.0785,-63.25170154675756,-63.18618654488639,16.01245,-3.97271,3897.7577
1356,128,0.5935,0.4065,CV,56.6481,55.7859,-58.72314346234958,-58.66525333129789,16.50923,-3.60959,3684.9933
1357,128,0.5955,0.4045,CV,52.1956,51.3691,-40.11867616608494,-40.067640652850244,16.60942,-2.85543,3514.7349
1358,128,0.5912,0.4088,CV,61.7789,60.9229,-48.45845690094243,-48.38654143194104,17.98689,-2.14108,3327.8005
1359,128,0.5923,0.4077,CV,59.3262,58.5537,-34.09427368540464,-34.03346308885658,17.58341,-0.95407,3232.4293
1360,128,0.591,0.409,CV,62.4551,61.5902,-31.6341396368854,-31.566080506381553,17.57279,0.05303,3156.0537
1361,128,0.5919,0.4081,CV,57.8136,56.9084,-25.455896454589677,-25.39383938959029,17.1046,0.92255,3080.1319
1362,128,0.614,0.386,CV,27.3231,28.0027,-16.084112060277562,-16.112890495540228,8.0121,1.54009,3007.5946
1363,128,0.6188,0.3812,CV,32.2866,32.5696,-12.354478683603645,-12.370963832101461,1.96329,1.69929,2945.8637
1364,128,0.6171,0.3829,CV,43.2543,43.2248,-19.852705272782742,-19.854762232496128,-1.57612,2.12477,2927.0047
1365,128,0.6184,0.3816,CV,37.5471,37.6719,-26.25489197510051,-26.265173716883083,-2.43433,-0.01821,2787.2753
1366,128,0.6177,0.3823,CV,25.3176,25.2441,-49.092014871183295,-49.097476310874114,-2.7208,0.20758,2759.1726
1367,128,0.6173,0.3827,CV,22.5188,22.3732,-69.7391100644125,-69.74365346386755,-2.8512,0.87304,2734.5521
1368,128,0.6175,0.3825,CV,35.6314,35.6569,-93.83939320887502,-93.84574390370551,-2.12391,1.54186,2598.2089
1374,128,0.5,0.5,CA,525.3512,525.3331,-72.76665015248646,-72.52608555133116,-17.10381,4.42732,2797.7998
1375,128,0.5433,0.4567,CV,134.3416,133.4391,-28.87836525006568,-28.749814325639598,-19.12345,4.8919,2679.3333
1376,128,0.5467,0.4533,CV,157.4013,156.3704,-22.939545745487187,-22.762418950001972,-23.33122,6.18476,2844.145
1377,128,0.5509,0.4491,CV,132.823,131.5551,-20.218268388374206,-20.05285783385626,-27.08679,6.0176,2980.714
1378,128,0.553,0.447,CV,117.2988,115.917,-27.40303237899955,-27.240071464965094,-30.70746,5.5346,3096.3981
1379,128,0.5497,0.4503,CV,108.603,107.0529,-42.23190586651004,-42.05263546922316,-35.06257,5.97365,3226.2161
1380,128,0.5462,0.4538,CV,96.5668,94.7346,-56.37574394470494,-56.18706812163205,-39.68094,6.53518,3416.1504
1381,128,0.5287,0.4713,CV,108.8045,106.7271,-59.992790701348206,-59.739044473455394,-48.16517,6.93588,3625.8358
1382,128,0.492,0.508,CA,126.8446,124.3346,-50.76637291831703,-50.390996650807374,-63.24726,7.58236,3898.9075
1382,131,0.7,0.3,CV,51.8929,51.8929,-13.577181440792899,-13.577181440792899,0.0,0.0,2430.8726
1383,128,0.4546,0.5454,CA,126.995,123.7416,-37.44940221177267,-36.97655271596432,-84.34201,9.54018,4248.6179
1383,131,0.6415,0.3585,CV,95.3534,95.3534,-15.82106960103943,-15.805636469259694,14.42109,1.32469,3469.823
1384,128,0.3883,0.6117,CA,146.1952,142.0729,-38.40611592463151,-37.713941537811486,-122.96066,14.48726,4847.3848
1384,131,0.6143,0.3857,CV,73.0921,72.3867,-17.76825316794304,-17.72477017797081,46.2312,-14.3217,5259.5719
1385,128,0.4129,0.5871,CA,104.0833,98.5526,-28.17613984290317,-27.680270168201773,-153.76717,18.34984,5660.6206
1385,131,0.5852,0.4148,CV,82.1059,80.4678,-29.48767017416147,-29.363666708447685,72.53732,-36.0046,6798.9575
1386,128,0.4694,0.5306,CA,74.0738,68.0737,-19.65294275592529,-19.35187648081332,-164.99033,19.76974,6564.413
1386,131,0.5618,0.4382,CV,69.1273,65.3051,-39.73868627750955,-39.56153712460476,84.65724,-43.93801,7965.1087
1387,128,0.5025,0.4975,CV,78.1218,72.6225,-14.88099261473608,-14.63234891356353,-167.06938,18.94697,7567.2175
1387,131,0.5567,0.4433,CV,64.5613,60.5963,-60.8348447647236,-60.67116594377319,83.61974,-48.75662,8472.8025
1388,128,0.534,0.466,CV,78.347,73.5412,-14.458641096379411,-14.288979998242356,-155.44916,17.25361,8600.7941
1388,131,0.5921,0.4079,CV,30.3388,26.9905,-63.10089960890963,-63.08972127628225,68.72218,-36.8296,8540.9183
1389,128,0.6234,0.3766,CV,45.7862,52.7113,-14.723217415699445,-14.875914678205037,-61.15891,6.39077,8895.9469
1389,131,0.5077,0.4923,CV,119.1574,116.4463,-116.33020900471777,-115.92525911601356,88.66303,-51.41113,7955.0771
1390,128,0.6322,0.3678,CV,63.2505,65.5973,-17.30145184029012,-17.36109596601851,1.11937,-1.56034,8474.0566
1390,131,0.5242,0.4758,CV,51.6832,46.9959,-107.86652837051795,-107.649879430148,93.41747,-48.3126,7493.8153
1391,128,0.6242,0.3758,CV,36.5786,36.3074,-24.940543220517355,-24.95295146484595,15.35367,-3.08617,8022.8369
1391,131,0.5189,0.4811,CV,68.1386,64.5744,-86.72330905249765,-86.4620374538398,104.07948,-45.33904,7015.3023
1391,132,0.7,0.3,CV,37.3553,37.3553,-13.310178825687004,-13.310178825687004,0.0,0.0,535.4613
1392,128,0.6152,0.3848,CV,63.5585,62.9297,-28.373912309180337,-28.360126484264484,20.96204,-5.25412,7436.2275
1392,131,0.5095,0.4905,CV,77.7543,74.2277,-58.000394039250466,-57.70907437103591,112.86673,-41.11037,6663.5221
1392,132,0.6403,0.3597,CV,50.3031,50.3031,-17.178206366648993,-17.15786329635381,12.52002,-0.78315,754.1537
1393,128,0.6137,0.3863,CV,46.8592,46.0974,-39.74121361980007,-39.73455842575517,17.23319,-6.64828,6977.8183
1393,131,0.5049,0.4951,CV,59.8514,54.9537,-56.967991572000734,-56.671728773837735,123.01607,-43.45989,6287.9832
1393,132,0.5989,0.4011,CV,44.5367,44.1,-22.807081489205146,-22.700885309883944,29.93377,-9.96014,1161.4164
1394,128,0.6033,0.3967,CV,79.5004,78.5791,-37.80958738792041,-37.761339169183785,20.54769,-8.98168,6545.6552
1394,131,0.6056,0.3944,CV,21.6991,25.2044,-52.2848930020841,-52.40440018401382,69.10034,-20.76282,5905.5195
1394,132,0.548,0.452,CV,50.1427,48.7666,-22.249706145723017,-21.996467168968152,39.65212,-6.00835,1647.9883
1395,128,0.6036,0.3964,CV,62.1658,61.2394,-44.18069177397507,-44.148888975927264,17.03876,-9.27969,6091.9261
1395,131,0.6271,0.3729,CV,30.9798,31.9669,-70.40342473225836,-70.46755395189639,32.06034,-6.53276,5350.964
1395,132,0.5768,0.4232,CV,32.9428,31.8511,-36.472870849095,-36.411141615674595,41.78469,-0.21776,1969.165
1396,128,0.6082,0.3918,CV,81.9851,81.9027,-53.545928512003606,-53.532953806241835,8.24223,-3.92332,5502.1433
1396,131,0.6092,0.3908,CV,65.1995,64.4775,-42.35587328662284,-42.31268775814618,31.19651,-4.4431,4948.7855
1396,132,0.5841,0.4159,CV,23.715,21.5906,-37.62390310867785,-37.55042647036764,38.67914,-2.99231,2161.6428
1397,131,0.5956,0.4044,CV,49.982,48.5242,-45.69270723513997,-45.61902510965204,35.00908,-6.33913,4546.0378
1397,132,0.5971,0.4029,CV,18.8408,16.9289,-46.21983937990929,-46.18926534247582,32.48667,-3.04591,2220.7799
1398,131,0.6078,0.3922,CV,17.7175,16.3809,-23.914647962534126,-23.91199034361755,25.01858,-4.0193,4241.3186
1398,132,0.6025,0.3975,CV,20.4574,19.021,-47.95328845011945,-47.926214342627276,25.85085,-3.90275,2230.58
1399,131,0.6193,0.3807,CV,90.1531,91.1309,-16.99944258057667,-17.02733249261763,-1.97846,2.41828,4106.7165
1399,132,0.6011,0.3989,CV,24.8839,23.5425,-34.12618845379829,-34.08513137815848,21.86211,-3.09762,2227.2497
1400,131,0.6066,0.3934,CV,78.6053,78.3052,-14.953487285456067,-14.91056962923174,-12.11005,3.75112,3985.2791
1400,132,0.5584,0.4416,CV,82.8251,81.9452,-36.13614563535164,-35.922075501882176,30.06317,-1.03175,2158.4389
1401,131,0.6085,0.3915,CV,59.014,58.7145,-15.997651582627299,-15.981593744226146,-12.48121,2.81318,3696.7483
1401,132,0.5882,0.4118,CV,17.9175,16.4242,-33.15607980274845,-33.126213612575484,23.25889,-0.39995,2140.5276
1402,131,0.6083,0.3917,CV,68.8641,68.694,-23.134794471305906,-23.115113222296223,-9.77971,3.24582,3356.4497
1402,132,0.6067,0.3933,CV,12.2111,11.524,-30.56555647806038,-30.56914345739378,15.77327,-0.50137,2138.1761
1403,131,0.6031,0.3969,CV,48.0438,47.4785,-32.597008325892745,-32.55593300342431,-11.97522,3.9084,3140.561
1403,132,0.6141,0.3859,CV,12.5155,12.1392,-28.838729974217102,-28.84614956162078,10.20609,-0.24611,2138.751
1404,131,0.6098,0.3902,CV,49.4713,49.3813,-64.23998404713956,-64.23466648283478,-10.33383,0.90161,3058.2937
1404,132,0.6151,0.3849,CV,24.8839,24.629,-30.85552992462537,-30.856084399249244,8.05653,0.46484,2089.0244
1405,132,0.6119,0.3881,CV,46.1073,45.8995,-33.964674355448,-33.95031081398498,7.5354,1.4751,2002.015
1406,132,0.6087,0.3913,CV,44.8551,44.5697,-36.68929026762275,-36.66637217465157,6.97362,2.03224,1910.197
1407,132,0.6075,0.3925,CV,36.3317,35.9634,-37.17073132417464,-37.14727638281321,6.58991,1.82593,1825.9072
1408,132,0.6131,0.3869,CV,12.1456,11.7483,-26.295932301982205,-26.29804038485237,4.86726,1.15013,1770.6465
1409,132,0.6149,0.3851,CV,17.2757,17.0219,-26.731865349719364,-26.733203129670287,4.44885,0.28208,1723.2407
1410,132,0.6159,0.3841,CV,14.5265,14.2796,-26.108930386786263,-26.11198692270578,3.72893,-0.16703,1671.1829
1411,132,0.6156,0.3844,CV,20.74,20.5542,-26.21936490844695,-26.219445329169563,3.15625,-0.6117,1601.786
1412,132,0.6099,0.3901,CV,40.9052,40.6926,-21.01603211977953,-20.992666321203664,4.52255,-0.70512,1510.4891
1413,132,0.6175,0.3825,CV,13.0984,13.3186,-16.232287920264355,-16.24912888366905,1.80439,-1.0454,1471.8957
1414,132,0.6188,0.3812,CV,17.4379,17.5201,-13.296472238881694,-13.308066538223978,0.21681,-1.40053,1449.6813
1415,132,0.6178,0.3822,CV,20.1418,20.0945,-11.992393183414986,-11.99743089015302,-0.42876,-1.94417,1432.3834
1416,132,0.6169,0.3831,CV,22.6306,22.566,-12.072007252935995,-12.074995679268344,-0.71109,-2.23387,1378.2662
1417,132,0.6169,0.3831,CV,16.9138,16.8255,-10.857888265927459,-10.861992565439603,-1.44564,-1.7519,1340.0426
1418,132,0.6159,0.3841,CV,24.9809,24.9009,-11.232534089667507,-11.232620737937479,-0.58884,-2.11545,1281.4149
1419,132,0.6079,0.3921,CV,52.8877,52.8039,-14.347584835322909,-14.315071878655402,2.91591,-2.88233,1197.4141
1420,132,0.6014,0.3986,CV,38.9399,38.6657,-13.082305753748466,-13.034719421382182,4.95429,-2.86085,1124.1544
1421,132,0.6129,0.3871,CV,68.6256,68.889,-32.61872221342489,-32.62878010100641,0.43314,-3.53056,1161.3799
1422,132,0.6036,0.3964,CV,67.9324,67.7971,-34.477657871509976,-34.43174633514173,-2.8153,-3.1838,1215.8541
1423,132,0.6064,0.3936,CV,34.0655,33.7325,-17.920868215144125,-17.900401462002954,-1.90998,-3.2375,1242.5581
1424,132,0.6114,0.3886,CV,29.1681,29.0421,-16.09792716644931,-16.094244743291917,-0.87794,-3.57731,1234.8876
1425,132,0.6124,0.3876,CV,33.9198,33.8005,-14.612170736930702,-14.605541065987849,-0.14925,-4.09453,1220.7336
1426,132,0.6117,0.3883,CV,34.8223,34.6641,-13.56787334489968,-13.556644338940876,0.2458,-4.53254,1200.9319
1427,132,0.613,0.387,CV,22.5083,22.3053,-12.699908805735362,-12.695519131772144,-0.63142,-4.28528,1211.9894
1428,132,0.612,0.388,CV,32.5261,32.3596,-11.743798109705754,-11.732898835234039,-1.25198,-4.19928,1182.1911
1429,132,0.6093,0.3907,CV,37.3122,37.1543,-13.32424634998339,-13.303772615900911,-1.11105,-3.24297,1118.3457
1430,132,0.5466,0.4534,CV,87.7852,87.5048,-95.85838705398878,-95.58412425290877,-1.89584,-5.40248,976.5769
1431,132,0.6106,0.3894,CV,27.5266,28.0636,-15.570475313821447,-15.651133756055533,-3.14037,1.00209,930.4579
1432,132,0.6025,0.3975,CV,21.7689,21.4573,-18.132190325632763,-18.08491821059073,-3.81653,2.06675,812.9086
1433,132,0.5347,0.4653,CV,50.6598,50.4013,-20.552857167551934,-20.241109405125073,-12.36309,3.33647,707.8793
1443,133,0.7,0.3,CV,3.1908,3.1908,-11.863466972811242,-11.863466972811242,0.0,0.0,55.2753
1444,133,0.6431,0.3569,CV,9.9046,9.9046,-31.284290138316386,-31.27584998236366,-5.12978,-0.56254,74.4056
1445,133,0.5297,0.4703,CV,16.4362,16.2966,-59.20925991552194,-58.81700111212166,-19.82814,-0.16204,121.398
1446,133,0.3766,0.6234,CA,14.9297,14.0694,-85.23782660281262,-84.38894472518601,-33.53011,0.46957,189.4009
1447,133,0.4669,0.5331,CA,7.0695,5.6301,-91.24013642114257,-90.97995142732462,-36.38846,1.15024,232.3551
1448,133,0.5672,0.4328,CV,6.0231,5.6777,-94.25608593667793,-94.27151762974901,-27.47862,3.13913,239.3218
1449,133,0.6045,0.3955,CV,3.306,2.4574,-118.20625440154156,-118.23131987060484,-20.21419,2.09633,225.6397
1450,133,0.474,0.526,CA,21.6619,21.0603,-46.91586319818119,-46.35759852005601,-26.51818,3.81585,236.9936
1451,133,0.5378,0.4622,CV,14.3369,13.9657,-164.92350107238065,-164.81004622051987,-24.917,1.98281,232.3689
1452,133,0.5455,0.4545,CV,10.471,9.7983,-169.8543793611587,-169.68013548672707,-23.47686,1.35173,226.2716
1453,133,0.4895,0.5105,CA,14.2938,13.4507,-202.0821806911205,-201.672387339184,-28.15551,1.28952,220.0895
1454,133,0.5947,0.4053,CV,11.894,12.1338,-109.03327406410753,-109.12942021936958,-17.24761,1.41433,223.9441
1455,133,0.5025,0.4975,CV,39.3622,38.9793,-21.295736329659462,-20.86606179006792,-21.86675,2.95363,247.2822
1456,133,0.5304,0.4696,CV,14.3866,13.304,-9.337519073190746,-9.153321532651933,-21.70999,2.87307,267.7043
1457,133,0.3315,0.6685,CA,62.502,61.9772,-993.1838469415903,-992.1365936959942,-38.03167,2.28836,269.2076
1459,133,0.5,0.5,CA,103.9732,102.2385,-456.8018334381164,-450.31323491578297,-136.3475,8.26469,289.8776
1460,133,0.0862,0.9138,CA,35.9204,31.625,-300.1181136305973,-297.45444236192554,-209.18414,11.40954,636.0969
1461,133,0.0002,0.9998,CA,99.6744,95.2155,-180.42490859655152,-171.97831652641176,-599.46165,28.3864,578.5572
1462,133,0.9895,0.0105,CV,121.2618,133.1555,-237.5606329112643,-242.51409198438424,-66.16145,0.64883,335.9994
1463,133,0.7325,0.2675,CV,41.4358,41.4107,-35.910857205104854,-35.83913180346322,-1.01085,0.02227,255.4104
1464,133,0.6561,0.3439,CV,26.9364,26.9595,-178.0343881382954,-178.03320146460013,-1.52728,0.107,228.5044
1465,133,0.6303,0.3697,CV,19.3065,19.3196,-183.62931737096358,-183.63201444854832,-0.41463,0.13666,224.716
1466,133,0.6181,0.3819,CV,34.9278,34.9342,-148.28124855279566,-148.27066523418648,1.00484,0.16845,235.3766
1467,133,0.6056,0.3944,CV,48.3186,48.262,-118.90710923404984,-118.86211931908066,2.37983,0.20192,249.8914
1468,133,0.5988,0.4012,CV,46.7798,46.6523,-43.22220128563165,-43.16721516992031,3.12994,0.26371,273.5323
1469,133,0.6018,0.3982,CV,34.8573,34.7017,-36.821292438322516,-36.788701146522826,3.01728,0.34341,312.2336
1470,133,0.6081,0.3919,CV,17.2976,17.1269,-22.23421227619072,-22.223542294209885,2.53742,0.21001,343.9188
1471,133,0.6133,0.3867,CV,20.7388,20.7387,-11.608368090922763,-11.610543401734157,1.78093,-0.25801,353.158
1472,133,0.6154,0.3846,CV,10.7411,10.6961,-11.355201905066952,-11.358449330889464,1.22523,-0.35773,373.3191
1473,133,0.6085,0.3915,CV,41.7111,41.6443,-13.678310064002716,-13.649250173874123,1.94811,-1.23338,371.5816
1474,133,0.582,0.418,CV,60.0247,59.9086,-50.297765741983426,-50.16887718090763,-0.52297,-3.08515,350.2229
1475,133,0.614,0.386,CV,19.3395,19.6383,-11.324136799427892,-11.367292310259145,1.06348,-1.28004,384.5224
1476,133,0.5981,0.4019,CV,36.721,36.564,-13.592497470086936,-13.521962024606422,3.14264,-2.27585,389.0537
1477,133,0.5731,0.4269,CV,40.3646,40.072,-20.91000239923501,-20.75991595683626,5.80435,-2.75726,386.9292
1478,133,0.5464,0.4536,CV,37.0728,36.6139,-40.17071034432348,-39.94917697580284,7.92337,-3.36625,384.5275
1489,134,0.7,0.3,CV,24.1636,24.1636,-155.40662029023548,-155.40662029023548,0.0,0.0,25.7267
1490,134,0.6234,0.3766,CV,38.7045,38.7045,-113.03595166507559,-112.94287171543479,2.73268,2.4982,41.4348
1491,134,0.4225,0.5775,CA,62.877,62.7111,-280.2526962358991,-279.4584540601952,12.60691,5.00428,82.9329
1492,134,0.1778,0.8222,CA,77.0221,76.234,-413.47006722580494,-411.74628502109084,29.23193,9.75597,163.9853
1493,134,0.1772,0.8228,CA,79.6182,78.3086,-489.4871348571757,-488.10338658359086,55.50928,16.4682,276.7013
1494,134,0.212,0.788,CA,63.1885,61.2105,-515.985647843047,-514.8246289277641,80.45626,24.31207,440.5954
1495,134,0.3894,0.6106,CA,21.491,18.6152,-370.22676485867606,-369.88014771861515,86.60983,25.23018,649.5047
1496,134,0.3868,0.6132,CA,32.5952,28.9633,-440.7020488118009,-440.0958421537705,101.55535,29.667,981.9444
1497,134,0.4285,0.5715,CA,37.3533,34.3606,-418.8210366836747,-418.39145190444674,113.79999,31.0089,1345.6806
1498,134,0.4525,0.5475,CA,28.0761,23.2039,-509.14286828951265,-508.7515038280819,123.4106,33.49356,1730.6109
1499,134,0.5587,0.4413,CV,41.2704,41.0156,-383.1795079344622,-383.18105800172526,92.81332,22.5399,1909.7525
1500,134,0.6208,0.3792,CV,17.7722,18.935,-358.44065276715384,-358.5464722829854,49.35589,11.0232,1893.0021
1501,134,0.6314,0.3686,CV,34.1676,34.6983,-300.7843996392923,-300.8446049840659,17.61608,2.42071,1718.9978
1502,134,0.6017,0.3983,CV,62.814,62.6556,-213.16715160640524,-213.08614268978152,4.91053,0.01081,1477.3349
1503,134,0.5759,0.4241,CV,49.8255,49.3219,-151.50891426669594,-151.36502749710775,3.58268,-0.51537,1279.3022
1504,134,0.5734,0.4266,CV,32.8216,32.1775,-111.66197267235023,-111.5458036791162,2.73775,-1.53875,1123.4994
1505,134,0.5912,0.4088,CV,32.685,32.664,-177.85830027095028,-177.8187717535359,10.73661,-0.82266,1049.4113
1506,134,0.5844,0.4156,CV,39.3726,39.0837,-84.01723829235532,-83.92372271846727,5.70039,-2.5851,934.5575
1507,134,0.6233,0.3767,CV,49.8269,50.3916,-173.34667032493738,-173.42600450117573,1.27933,0.6992,938.1766
1508,134,0.6133,0.3867,CV,37.0047,36.9549,-70.57360965378048,-70.55307965858799,3.4326,1.02295,868.1583
1509,134,0.6067,0.3933,CV,28.064,27.8508,-55.4925616048513,-55.45912779510361,3.73284,-0.02159,807.7558
1510,134,0.6127,0.3873,CV,18.9621,18.9095,-75.00859103210976,-75.01018615478665,3.64116,-0.64602,796.2813
1511,134,0.612,0.388,CV,28.6226,28.5312,-67.8128424688353,-67.80250348706404,2.94147,-2.23839,788.4968
1512,134,0.6153,0.3847,CV,21.1322,21.1375,-69.3805510842741,-69.38523689735972,1.70663,-1.78816,808.4819
1513,134,0.6051,0.3949,CV,61.7109,61.6873,-32.526697797801276,-32.48363152214918,3.10724,-1.67732,734.6704
1514,134,0.6143,0.3857,CV,44.6823,44.8212,-52.32726557495935,-52.337946005676464,1.53433,-2.08963,773.6649
1515,134,0.6131,0.3869,CV,30.9125,30.8352,-47.620704988305704,-47.61271517997919,0.58375,-3.05223,777.7026
1516,134,0.6154,0.3846,CV,25.1304,25.1423,-81.55314796524007,-81.55660847182627,-0.85583,-1.9839,802.4669
1517,134,0.6106,0.3894,CV,59.2908,59.3236,-71.66549630501619,-71.64527954977163,-2.22763,-0.71044,743.5526
1518,134,0.6057,0.3943,CV,34.2183,34.0443,-82.41000167144239,-82.37629127406736,-3.89228,-1.04691,726.675
1519,134,0.5125,0.4875,CV,94.9967,94.7569,-67.93388235324457,-67.52834120301013,-7.14739,-2.77622,630.0547
1528,135,0.7,0.3,CV,9.6668,9.6668,-9.953451032173922,-9.953451032173922,0.0,0.0,67.2521
1529,135,0.6419,0.3581,CV,12.0057,12.0057,-15.058194479959464,-15.044560807527944,5.85,-2.48012,93.3077
1530,135,0.6235,0.3765,CV,7.4686,7.3516,-16.19311215362101,-16.188022842949586,5.78641,-8.21827,138.0487
1531,135,0.5925,0.4075,CV,11.6941,11.6782,-13.23239812187831,-13.124840576800647,-0.79895,-8.78208,166.3696
1532,135,0.6292,0.3708,CV,11.4038,11.8043,-30.33917082079885,-30.431839830346668,0.47314,-6.70943,182.4317
1533,135,0.5809,0.4191,CV,11.6579,11.3668,-22.840924869307482,-22.676922076914153,-0.4549,-10.83928,176.9721
1534,135,0.5845,0.4155,CV,7.8595,7.4933,-23.658491208626423,-23.58058914398521,-2.35249,-9.19392,171.0183
1535,135,0.5061,0.4939,CV,17.5872,17.1708,-21.361754856051753,-20.961665563648808,-4.91304,-11.85324,163.21
1536,135,0.5197,0.4803,CV,12.4063,11.9924,-16.97985884506825,-16.747544061013237,-6.2305,-11.05813,153.3532
1537,135,0.5608,0.4392,CV,7.7036,7.3857,-14.555104369831767,-14.468869188255695,-5.96759,-9.21682,147.157
1538,135,0.5792,0.4208,CV,7.2909,6.965,-15.664162221579744,-15.593859211149493,-5.39266,-7.41107,139.8243
1539,135,0.5985,0.4015,CV,5.3799,5.1698,-11.762799949278751,-11.745244587875938,-4.36954,-5.28968,129.2937
1540,135,0.6151,0.3849,CV,5.6497,5.6708,-8.87499707407966,-8.89862485424548,-2.90193,-2.59025,122.0501
1541,135,0.6162,0.3838,CV,9.3041,9.2981,-9.86010739350607,-9.863823565494304,-2.08984,-1.17636,108.94
1542,135,0.6093,0.3907,CV,9.9133,9.8753,-8.648816024029234,-8.621930685924173,-1.391,-0.33373,94.9686
1543,135,0.6112,0.3888,CV,4.6677,4.603,-6.804883226970222,-6.796277727709727,-0.88801,0.30136,82.9528
1544,135,0.5941,0.4059,CV,8.8527,8.7814,-18.72372124425363,-18.641030932405183,-0.58804,0.7822,68.6094
1545,135,0.602,0.398,CV,4.8919,4.8512,-26.397751804393756,-26.37265043884272,-0.27358,1.47158,57.4962
1551,135,0.5,0.5,CA,106.8889,106.9047,-94.46561053032703,-94.02628514052334,-0.23295,-1.81582,74.7134
1552,135,0.5459,0.4541,CV,37.8871,37.7193,-23.763308579648147,-23.644960528887758,-0.14055,-1.61806,77.1014
1553,135,0.5822,0.4178,CV,20.2201,20.0943,-20.229671861741235,-20.193223800869614,-0.06556,-1.233,87.5952
1554,135,0.6054,0.3946,CV,11.2457,11.2825,-15.834314872346978,-15.84116460273519,0.00447,-0.90939,86.7668
1555,135,0.6108,0.3892,CV,19.9472,19.9466,-18.626620567441176,-18.62181796245691,-0.16309,-1.12799,85.2168
1567,137,0.7,0.3,CV,7.291,7.291,-7.77170448499764,-7.77170448499764,0.0,0.0,60.4276
1568,137,0.6463,0.3537,CV,6.782,6.782,-7.122670117517702,-7.12834863947531,2.72666,-2.15125,81.6616
1569,137,0.6177,0.3823,CV,8.6064,8.5248,-8.385378515015024,-8.349067959078749,5.45095,-7.76669,119.1676
1570,137,0.619,0.381,CV,4.5656,4.159,-9.244784174745565,-9.25691876056847,4.91045,-8.75277,144.9526
1571,137,0.6307,0.3693,CV,5.3616,5.2994,-8.263199796823463,-8.322919277182374,1.28632,-7.6972,154.2496
1572,137,0.6239,0.3761,CV,4.3292,3.9912,-7.786121973742067,-7.799386218029918,1.99897,-6.4974,150.4653
1573,137,0.6155,0.3845,CV,6.3726,6.191,-7.3191057104691675,-7.30694966253859,3.19531,-4.68684,142.7432
1574,137,0.5955,0.4045,CV,9.4581,9.2485,-8.491568195350844,-8.408364553397064,4.08932,-4.12797,131.7174
1575,137,0.6115,0.3885,CV,2.5663,2.3956,-7.400969523338421,-7.413724064901623,2.84627,-2.76092,123.2421
1576,137,0.62,0.38,CV,3.623,3.6414,-15.685418715970624,-15.710746196764694,1.62181,-1.70097,111.9246
1577,137,0.6236,0.3764,CV,2.7546,2.8337,-15.660390583340277,-15.688561607020455,0.57287,-0.89042,102.8842
1578,137,0.6226,0.3774,CV,4.0671,4.1013,-11.692926574732446,-11.711312777248578,0.08017,-0.33387,96.5369
1579,137,0.621,0.379,CV,1.5821,1.5899,-9.969030789439838,-9.982249128247634,0.10471,-0.09237,90.3107
1580,137,0.6189,0.3811,CV,4.6589,4.6528,-8.336618792882952,-8.343030052645364,0.39749,-0.06343,85.6554
1581,137,0.6178,0.3822,CV,3.9375,3.9218,-8.192612431817388,-8.197845366175223,0.48179,0.03487,81.0673
1582,137,0.6158,0.3842,CV,6.1908,6.1696,-8.695707328167948,-8.693991985323782,0.65752,0.10987,76.3003
1583,137,0.6175,0.3825,CV,2.4542,2.4499,-6.548939329875122,-6.557038457601553,0.4527,0.113,74.092
1584,137,0.6184,0.3816,CV,3.1078,3.1182,-7.811017344043783,-7.820668186030094,0.14779,0.20376,70.8856
1585,137,0.6176,0.3824,CV,6.3209,6.3257,-7.001201051588689,-7.00614034253897,-0.17961,0.26641,70.2886
1586,137,0.6171,0.3829,CV,3.5679,3.5472,-6.452675592708939,-6.456789374099179,-0.23907,0.32323,69.3184
1587,137,0.6172,0.3828,CV,3.361,3.3469,-6.616703456625357,-6.621911490862204,-0.12177,0.40087,67.8498
1588,137,0.6173,0.3827,CV,3.361,3.3478,-7.679753874086673,-7.6851757626222,0.00426,0.42317,66.3432
1589,137,0.6176,0.3824,CV,2.0617,2.0409,-10.178464406430045,-10.18504731720042,0.04638,0.38243,65.6455
1590,137,0.6179,0.3821,CV,3.0467,3.0411,-12.394952182120408,-12.402117005035004,-0.14381,0.30637,65.5236
1591,137,0.6171,0.3829,CV,4.8748,4.8624,-11.570248114850425,-11.573764541930851,-0.3416,0.26135,66.1437
1592,137,0.6165,0.3835,CV,4.4873,4.463,-10.02686495451435,-10.028997721139632,-0.4538,0.27858,66.3549
1593,137,0.617,0.383,CV,3.1196,3.0995,-11.016403657837675,-11.021557106853585,-0.36669,0.32545,65.9152
1594,137,0.6172,0.3828,CV,4.0533,4.0449,-18.19189328061504,-18.197343291520014,-0.20414,0.31924,67.4369
1595,137,0.6176,0.3824,CV,5.8605,5.868,-22.290949839762746,-22.29773031955858,0.15357,0.35305,66.7111
1596,137,0.5968,0.4032,CV,26.2201,26.2098,-21.520865161344407,-21.439550051044797,1.83087,0.42551,67.6525
1597,137,0.5982,0.4018,CV,10.4804,10.3804,-12.23391929470346,-12.189345721382784,1.88131,0.4144,67.7246
1598,137,0.6097,0.3903,CV,3.3748,3.3184,-12.978250101479011,-12.979505191268789,1.27215,0.3932,67.3443
1599,137,0.6179,0.3821,CV,3.5671,3.6339,-12.118896783667699,-12.137883430820118,0.45376,0.23632,67.7675
1600,137,0.6188,0.3812,CV,6.6644,6.6889,-11.279030299971787,-11.2896375275098,-0.24066,0.14931,68.8665
1601,137,0.6182,0.3818,CV,3.2826,3.2663,-8.557410132676212,-8.564162825040313,-0.35933,0.16051,69.4771
1602,137,0.6185,0.3815,CV,3.3148,3.3189,-8.008560177340401,-8.01769804188027,-0.15628,0.24053,68.5392
1603,137,0.6182,0.3818,CV,3.7921,3.7872,-7.559623331692479,-7.567018088492549,0.03363,0.22886,67.1304
1604,137,0.6187,0.3813,CV,1.7509,1.7482,-6.457605513540082,-6.467224988319649,0.07716,0.23735,67.203
1605,137,0.6185,0.3815,CV,4.2796,4.2863,-6.618204505206035,-6.6267488739264975,-0.1091,0.15889,68.5209
1606,137,0.6177,0.3823,CV,5.5164,5.5124,-7.101293970436953,-7.106248415906977,-0.43155,0.05973,68.2626
1607,137,0.6132,0.3868,CV,10.6503,10.6276,-8.48560736752644,-8.473094138418748,-0.87271,0.01032,70.0041
1608,137,0.6137,0.3863,CV,5.513,5.4636,-7.025404032781227,-7.021577977305525,-0.87027,-0.00415,70.7747
1609,137,0.617,0.383,CV,2.2848,2.2948,-7.385057583919569,-7.394169556552535,-0.5243,0.05394,70.3278
1610,137,0.618,0.382,CV,4.6359,4.6471,-7.63986360719786,-7.6485700991220416,-0.15397,0.29424,70.2445
1611,137,0.6177,0.3823,CV,4.4939,4.4873,-7.984109190052808,-7.990230547403488,0.12528,0.37827,69.9947
1612,137,0.6184,0.3816,CV,1.5421,1.5404,-7.1655684297448135,-7.175025542454899,-0.00152,0.28637,70.5999
1613,137,0.6183,0.3817,CV,3.3782,3.3737,-7.212176702115218,-7.220009167138302,-0.22486,0.24583,71.1552
1614,137,0.6178,0.3822,CV,4.1037,4.0924,-7.266760915448785,-7.2725761546293635,-0.36439,0.16982,72.3665
1615,137,0.6166,0.3834,CV,6.0031,5.9837,-7.769625441829765,-7.771045599112521,-0.47816,0.08278,74.7292
1616,137,0.6155,0.3845,CV,6.2916,6.2593,-7.414243893940042,-7.412944831272979,-0.63348,0.07426,76.6884
1617,137,0.616,0.384,CV,4.3041,4.2712,-7.22674099561425,-7.229164534776335,-0.6371,0.06169,77.5736
1618,137,0.6157,0.3843,CV,5.4122,5.3791,-7.135214118406379,-7.135680872201783,-0.7199,0.06294,78.5025
1619,137,0.6154,0.3846,CV,5.647,5.6093,-7.200964312145152,-7.200502675627229,-0.76821,0.16258,80.4536
1620,137,0.6173,0.3827,CV,1.6439,1.631,-7.809803276259766,-7.817789687216603,-0.46606,0.19398,82.3822
1621,137,0.6177,0.3823,CV,4.927,4.926,-8.046973943631082,-8.053819278191703,-0.20723,0.39851,82.9284
1622,137,0.6178,0.3822,CV,3.333,3.3184,-8.600003368965368,-8.606783477443845,-0.05341,0.43884,84.7542
1623,137,0.618,0.382,CV,2.1933,2.1714,-9.071515867391668,-9.078964296442969,-0.039,0.39047,86.8544
1624,137,0.618,0.382,CV,2.6891,2.6724,-8.735360179433975,-8.742544531678398,-0.10609,0.33983,89.2148
1625,137,0.6171,0.3829,CV,6.5989,6.5852,-10.804420824765595,-10.807610891668233,-0.25544,0.28217,93.6681
1626,137,0.6156,0.3844,CV,8.7962,8.7693,-13.040450839662526,-13.03876533953975,-0.47045,0.15047,99.4492
1627,137,0.6138,0.3862,CV,10.8199,10.7787,-12.484821388886374,-12.477952984940215,-0.76285,0.09902,105.4682
1628,137,0.6143,0.3857,CV,7.2754,7.2228,-11.153120881744993,-11.151061134689778,-0.79771,0.17516,110.4897
1629,137,0.6141,0.3859,CV,8.6864,8.6333,-11.808308556818268,-11.804579524765273,-0.81248,0.25936,117.6149
1630,137,0.6164,0.3836,CV,5.2058,5.2069,-15.912266809184388,-15.918578789005569,-0.33005,0.35368,124.1918
1631,137,0.6165,0.3835,CV,5.8149,5.7802,-17.083918147127328,-17.087026638916782,-0.23943,0.40071,132.4143
1632,137,0.6165,0.3835,CV,5.8641,5.8261,-16.326541199431972,-16.32975152043272,-0.32017,0.42308,141.2202
1633,137,0.6156,0.3844,CV,10.5098,10.4723,-17.11366695112533,-17.112832463822347,-0.40905,0.3741,154.325
1634,137,0.6152,0.3848,CV,9.9348,9.8804,-16.26370847815712,-16.2625203489322,-0.48868,0.35667,168.8908
1635,137,0.6154,0.3846,CV,8.4513,8.3908,-14.516829849925596,-14.517167158693486,-0.50155,0.39258,183.0478
1636,137,0.6152,0.3848,CV,10.4278,10.3681,-13.108844369697415,-13.108033151014027,-0.52705,0.39064,200.5016
1637,137,0.6161,0.3839,CV,6.124,6.0619,-11.70242057271547,-11.705527559307352,-0.45532,0.41729,216.5789
1638,137,0.6166,0.3834,CV,5.8666,5.8173,-10.495732638256293,-10.499946163010714,-0.41306,0.48293,232.2065
1639,137,0.617,0.383,CV,5.2767,5.2316,-9.567236279211231,-9.572361332269207,-0.36773,0.52322,248.9355
1640,137,0.6174,0.3826,CV,6.5664,6.5524,-9.807811008374827,-9.814097511744542,-0.01065,0.62154,265.2572
1641,137,0.6176,0.3824,CV,4.6792,4.6457,-9.4294111753375,-9.435913729331437,0.11366,0.56814,284.0776
1642,137,0.6176,0.3824,CV,6.7548,6.7303,-9.266576626855326,-9.272787111726283,-0.08978,0.48155,307.1567
1642,138,0.7,0.3,CV,91.5401,91.5401,-32.747855136457126,-32.747855136457126,0.0,0.0,270.3199
1643,137,0.6176,0.3824,CV,6.741,6.7117,-9.351118754139435,-9.357240513967765,0.16056,0.43617,331.0002
1643,138,0.6276,0.3724,CV,105.8164,105.8164,-36.480380430841095,-36.405096532114214,-7.86006,-10.88894,411.2642
1644,137,0.6176,0.3824,CV,8.2544,8.2337,-9.534678460727788,-9.540760226558282,0.49505,0.51717,350.6194
1644,138,0.5247,0.4753,CV,109.6135,109.0815,-33.52727690717837,-33.13789560170288,-18.16811,-23.42519,714.7071
1645,137,0.6173,0.3827,CV,9.659,9.6199,-9.970077509234523,-9.974926556008674,0.7848,0.5997,370.9982
1645,138,0.4177,0.5823,CA,145.7337,144.1691,-31.193137099794484,-30.52322041576664,-25.4229,-25.84458,1282.0181
1646,137,0.6177,0.3823,CV,4.2522,4.1967,-10.571781373811518,-10.578628386885429,0.67165,0.5121,392.5467
1646,138,0.4156,0.5844,CA,114.0622,110.7594,-22.32953394086458,-21.80338261305284,-34.73441,-34.47774,2028.1108
1647,137,0.6179,0.3821,CV,4.0343,3.9904,-11.065669261709001,-11.073049214428426,0.62613,0.4029,413.6403
1647,138,0.478,0.522,CA,72.6316,68.988,-20.382451214127805,-20.112084823652033,-39.84831,-40.56227,2720.1046
1648,137,0.6179,0.3821,CV,6.2113,6.1716,-11.302646007240797,-11.309534037472472,0.71704,0.37124,437.456
1648,138,0.5601,0.4399,CV,47.7072,46.6911,-22.698798761359342,-22.669623031084114,-33.07918,-36.3739,3245.3756
1649,137,0.618,0.382,CV,4.8,4.7546,-11.813233302972112,-11.82054943597403,0.69031,0.33783,461.433
1649,138,0.59,0.41,CV,47.0068,46.014,-23.355756293033586,-23.330880295343583,-24.53121,-31.07935,3597.8153
1650,137,0.6178,0.3822,CV,7.7401,7.6966,-11.847082339317215,-11.85350414236935,0.84412,0.39002,485.5844
1650,138,0.5758,0.4242,CV,59.7485,57.4577,-27.189091310408244,-27.061890733776877,-27.02407,-31.63265,3946.4509
1651,137,0.6177,0.3823,CV,7.9246,7.8745,-11.585258372363917,-11.591520287714804,0.97863,0.35674,508.3214
1651,138,0.594,0.406,CV,38.0109,36.1973,-29.407199106394078,-29.37580498000921,-22.17053,-25.35078,4176.2284
1652,137,0.6177,0.3823,CV,7.3624,7.305,-11.412214400949393,-11.418556912990763,1.01328,0.34925,533.3019
1652,138,0.6122,0.3878,CV,43.0112,43.1052,-35.89683848518426,-35.91475115455651,-14.66852,-16.02556,4200.7122
1653,137,0.6177,0.3823,CV,7.5062,7.447,-11.34547441997432,-11.351841802157148,1.03031,0.40468,557.7557
1653,138,0.6141,0.3859,CV,48.4614,48.144,-42.254716518614536,-42.25392553344688,-10.38345,-11.71251,4137.0967
1654,137,0.6177,0.3823,CV,7.8331,7.7724,-11.040059473413882,-11.046366735350766,1.0857,0.3842,581.5513
1654,138,0.6161,0.3839,CV,38.1203,37.8991,-48.03900684238799,-48.04401261790311,-7.5761,-6.69818,4051.0463
1655,137,0.6176,0.3824,CV,9.2484,9.1852,-10.8119109396957,-10.817687565078655,1.20385,0.38877,607.6246
1655,138,0.6192,0.3808,CV,46.922,47.1118,-40.589751484034636,-40.60479338245718,-5.60214,-1.00592,4102.7131
1656,137,0.6178,0.3822,CV,6.4676,6.4094,-10.663902012138507,-10.670849305046591,0.99064,0.42569,637.6139
1656,138,0.6164,0.3836,CV,52.1437,51.9543,-53.2419919133088,-53.24060334697408,-5.75075,1.30185,4043.9636
1657,137,0.6177,0.3823,CV,9.0526,9.0092,-10.539610937043708,-10.546041381273842,0.8602,0.32557,674.4073
1657,138,0.6087,0.3913,CV,92.1348,91.8907,-83.60455976093131,-83.5748525499397,-7.14212,0.6561,3805.119
1658,137,0.6179,0.3821,CV,7.1806,7.138,-10.55701451207765,-10.564010976997164,0.84389,0.46137,701.3127
1658,138,0.5772,0.4228,CV,140.5736,140.1129,-181.99828360137383,-181.8493836479632,-9.93107,-2.39593,3419.5507
1659,137,0.6178,0.3822,CV,7.2074,7.1526,-10.40914555577983,-10.415855137790187,0.82197,0.53962,731.773
1659,138,0.5418,0.4582,CV,96.8967,95.895,-276.631930022427,-276.38553828851013,-15.24518,-3.89308,3127.3286
1660,137,0.618,0.382,CV,5.1555,5.1002,-10.495103703707494,-10.502425786046706,0.68361,0.52306,765.523
1660,138,0.3909,0.6091,CA,117.9046,116.457,-782.1663581202373,-781.3605903616716,-28.12986,-10.54484,2763.6772
1661,137,0.618,0.382,CV,6.9402,6.8926,-10.48642512163491,-10.493568675854561,0.78903,0.49538,797.3592
1661,138,0.1503,0.8497,CA,122.4999,120.9475,-460.36422635450015,-458.4841390494064,-85.72018,-7.45673,2540.9644
1662,137,0.6181,0.3819,CV,4.7002,4.6477,-10.490524661015378,-10.498151412125322,0.69205,0.46613,830.8595
1662,138,0.1706,0.8294,CA,91.1344,88.8772,-349.14024179779955,-347.7491739364534,-149.74037,3.92257,2246.777
1663,137,0.6181,0.3819,CV,7.9631,7.9269,-10.685234017682257,-10.692634540722027,0.67554,0.66404,859.7656
1663,138,0.4658,0.5342,CA,24.0416,24.5219,-380.33703891361665,-380.36140236145485,-132.95636,15.33018,1870.7928
1664,137,0.6178,0.3822,CV,13.1133,13.073,-11.008876296288536,-11.015172001087707,0.74102,0.95587,879.1472
1664,138,0.1156,0.8844,CA,121.6149,125.7913,-78.9051303843018,-76.61723243523485,222.49795,5.00926,1937.2131
1665,137,0.6157,0.3843,CV,28.8034,28.7406,-13.333743000009646,-13.331525832657192,1.01296,1.60011,873.0006
1665,138,0.7828,0.2172,CV,89.6047,95.3068,-349.9358775602752,-351.45716947932675,-96.45459,21.7259,1493.5924
1666,137,0.6142,0.3858,CV,23.7429,23.5973,-14.31447036022906,-14.30900873579418,1.11121,1.85551,867.1656
1666,138,0.6253,0.3747,CV,38.485,39.4172,-164.5524355226696,-164.33821232342666,29.70313,6.28492,1121.9508
1667,137,0.6148,0.3852,CV,16.6735,16.5038,-12.574537501280318,-12.573979931465463,1.68569,1.72977,872.5153
1667,138,0.3368,0.6632,CA,68.5815,69.3175,-135.59401766440476,-134.4318804193998,-76.2445,17.19223,1070.3545
1668,137,0.6144,0.3856,CV,24.6503,24.5514,-11.033227432154412,-11.029966602183753,3.09617,1.05388,884.0319
1668,138,0.4687,0.5313,CA,81.9001,84.8952,-60.52610395706451,-60.32912266365872,80.33493,-1.45727,1051.1465
1669,137,0.6176,0.3824,CV,2.2187,2.1032,-10.764399904888519,-10.77516570630272,1.99657,0.53329,892.369
1669,138,0.05,0.95,CA,124.5796,127.3437,-133.4816875424922,-130.27929036545387,-175.8582,24.12465,1197.5976
1670,137,0.6178,0.3822,CV,8.6104,8.4885,-10.67101745824805,-10.67810744910392,1.76543,0.35263,890.4385
1670,138,0.2115,0.7885,CA,46.6071,43.3302,-50.35083221110192,-49.36813003482756,-235.51199,31.49241,1254.2586
1671,137,0.6187,0.3813,CV,2.9657,2.9373,-10.503300014916928,-10.51350706676623,1.19307,0.26129,895.0964
1671,138,0.7928,0.2072,CV,58.0716,64.6506,-89.53376587194782,-90.9797542978173,-16.11701,5.04644,1156.2674
1672,137,0.6189,0.3811,CV,1.8456,1.8586,-10.535317134545997,-10.545450634961162,0.73233,0.05827,899.0921
1673,137,0.6189,0.3811,CV,3.1187,3.1237,-11.179069940814504,-11.188804506230262,0.36595,0.02314,896.1291
1674,137,0.6185,0.3815,CV,12.1678,12.1602,-12.378004363215059,-12.386100721914548,-0.0987,-0.09369,879.9581
1675,137,0.6186,0.3814,CV,8.0334,8.0253,-11.335675172781091,-11.344699369329195,-0.54901,-0.37903,877.6242
1676,137,0.6185,0.3815,CV,8.0258,7.9859,-11.34645748725479,-11.354751805103012,-0.86945,-0.39965,874.66
1677,137,0.6183,0.3817,CV,8.9395,8.8993,-10.80844300933199,-10.816242038316481,-0.99898,-0.59132,876.118
1678,137,0.6185,0.3815,CV,18.3672,18.4181,-13.865894173504651,-13.874865467551999,0.52125,-0.33277,886.5483
1679,137,0.6183,0.3817,CV,7.8966,7.8604,-14.09267901418267,-14.100358628932245,0.80487,-0.3012,889.8606
1680,137,0.6181,0.3819,CV,8.7539,8.7102,-14.417794861110833,-14.424929067833292,1.04503,-0.22388,890.8178
1681,137,0.6183,0.3817,CV,9.1375,9.1281,-15.26354809816781,-15.271717812571616,0.83006,-0.15587,881.2185
1682,137,0.6183,0.3817,CV,6.542,6.506,-14.038328933723601,-14.04658548845726,0.77951,-0.44596,882.061
1683,137,0.6181,0.3819,CV,10.0786,10.0337,-13.269270547252468,-13.276447029374403,1.02668,-0.66936,887.4292
1684,137,0.6181,0.3819,CV,7.5862,7.5206,-13.613346185494752,-13.620803745854273,1.03564,-0.69592,891.0941
1685,137,0.6179,0.3821,CV,10.2446,10.187,-15.059963414285809,-15.06674620415978,1.04251,-0.87172,886.2311
1686,137,0.6177,0.3823,CV,11.296,11.2211,-13.897440829123411,-13.90324992171092,1.16369,-1.07128,883.1179
1687,137,0.6177,0.3823,CV,10.2668,10.1866,-13.559367224046513,-13.56561954532424,1.29123,-0.88608,876.7225
1688,137,0.617,0.383,CV,18.3065,18.2561,-16.207866389335972,-16.21138471011131,1.30218,-0.37106,850.6517
1689,137,0.6185,0.3815,CV,4.3069,4.3201,-13.291995591235526,-13.302683469240835,0.84326,-0.51117,846.4125
1690,137,0.6188,0.3812,CV,5.0456,5.0158,-13.574443293846326,-13.584354603328302,0.6618,-0.6387,842.2484
1691,137,0.6186,0.3814,CV,6.758,6.7056,-15.169852163100684,-15.178584660375705,0.65975,-0.76289,829.5586
1692,137,0.6184,0.3816,CV,9.0058,8.9619,-13.001579362059983,-13.009393453099117,0.85174,-0.87956,823.5433
1693,137,0.6181,0.3819,CV,9.0413,8.9783,-12.85437516589116,-12.861419515359312,0.79359,-1.10389,815.2801
1694,137,0.6182,0.3818,CV,6.0588,5.9899,-11.80240294604984,-11.810275691828492,0.62732,-1.04254,808.5266
1695,137,0.6182,0.3818,CV,6.666,6.6119,-11.290844693515822,-11.29876474595611,0.37115,-1.08057,799.2645
1696,137,0.6181,0.3819,CV,8.2465,8.1904,-10.45142740766174,-10.458610794947385,0.21571,-1.2091,794.0484
1697,137,0.6177,0.3823,CV,10.8053,10.744,-10.163629352277765,-10.169472976769757,0.27663,-1.36694,794.71
1698,137,0.6175,0.3825,CV,10.427,10.3537,-10.145830263045983,-10.151320796515874,0.45575,-1.35047,797.4681
1699,137,0.6173,0.3827,CV,10.7416,10.6637,-10.266849906124172,-10.271940470756439,0.69393,-1.29788,800.7705
1700,137,0.6176,0.3824,CV,10.2,10.1499,-10.148315695484168,-10.154682030780533,0.6762,-1.29,792.3407
1701,137,0.6181,0.3819,CV,7.9024,7.8764,-10.163841084918166,-10.171921356568854,0.33331,-1.01757,780.7543
1702,137,0.6183,0.3817,CV,10.4909,10.4858,-10.175827670232524,-10.184109618051746,-0.4791,-0.93551,779.7584
1703,137,0.6179,0.3821,CV,11.2068,11.1544,-10.11064204704459,-10.116965512285558,-0.82122,-1.14332,779.9602
1704,137,0.6181,0.3819,CV,6.5132,6.4375,-10.089097731255702,-10.09667257581005,-0.78717,-1.03162,777.3397
1705,137,0.6183,0.3817,CV,5.3494,5.2864,-10.248916224180238,-10.257150710131526,-0.56262,-0.97129,772.6632
1706,137,0.6181,0.3819,CV,12.0943,12.0759,-12.587834135400168,-12.594861322746048,-0.24894,-0.98398,783.8172
1707,137,0.6181,0.3819,CV,6.1934,6.1375,-12.9801307519757,-12.98777606322048,-0.00699,-0.89794,788.9739
1708,137,0.6183,0.3817,CV,5.0079,4.9851,-13.89793264934816,-13.906239516253297,-0.28849,-0.587,792.1436
1709,137,0.6178,0.3822,CV,14.336,14.3168,-16.256357508548817,-16.262370628237743,-1.08168,-0.31448,798.2832
1710,137,0.6168,0.3832,CV,17.3572,17.2937,-19.968551789825682,-19.971120358390685,-1.74594,-0.31694,806.399
1711,137,0.6185,0.3815,CV,16.6148,16.7013,-28.412898646300516,-28.424057558489487,-0.22718,-0.09644,794.7211
1712,137,0.6187,0.3813,CV,3.9538,3.9733,-29.33664007878356,-29.346220532058396,0.06203,0.12104,797.8104
1713,137,0.6183,0.3817,CV,14.3197,14.3169,-32.950843594585365,-32.958247591488856,1.0326,-0.13514,800.2102
1714,137,0.6176,0.3824,CV,15.6275,15.5885,-30.69576973724119,-30.70095195974916,1.2319,-0.06399,782.7093
1715,137,0.6184,0.3816,CV,13.4347,13.4541,-23.495377982162537,-23.504606564397427,-0.12184,0.102,768.7418
1716,137,0.6168,0.3832,CV,25.8236,25.8227,-20.078746156766634,-20.080186950766393,-2.10818,0.04451,766.6005
1717,137,0.6138,0.3862,CV,25.8897,25.7808,-20.510059994285026,-20.50122777031676,-3.206,0.05276,766.4507
1718,137,0.6152,0.3848,CV,11.3943,11.2277,-20.729641272111664,-20.73131657145247,-2.73424,0.21661,756.7317
1719,137,0.618,0.382,CV,4.0934,4.1544,-26.40193114244343,-26.413086380580218,-1.47322,0.26295,744.9657
1720,137,0.6187,0.3813,CV,15.6611,15.7085,-33.15162662905839,-33.16175186615011,0.10234,0.50522,725.2336
1721,137,0.6173,0.3827,CV,16.164,16.116,-33.31014659101119,-33.313551267932,0.76222,0.7274,697.0775
1722,137,0.618,0.382,CV,9.5876,9.5455,-26.985134722223535,-26.993186400361125,-0.08841,0.73732,673.3944
1723,137,0.6176,0.3824,CV,12.8164,12.7683,-21.95203748844247,-21.957539596951413,-0.99202,0.93278,649.3396
1724,137,0.6165,0.3835,CV,16.6651,16.6123,-18.37966228295219,-18.38095521998281,-1.96151,0.9062,631.1573
1725,137,0.6121,0.3879,CV,25.5016,25.3986,-14.828355511982712,-14.812785933285788,-3.15794,0.8742,617.4377
1726,137,0.6107,0.3893,CV,20.2476,20.0772,-12.245676756482395,-12.230971362735676,-3.34633,0.85452,606.6659
1727,137,0.6143,0.3857,CV,9.8522,9.7293,-11.51814999978149,-11.520532648305345,-2.41655,1.11822,587.4299
1728,137,0.6173,0.3827,CV,12.3604,12.3943,-13.434529258856347,-13.444381330834622,-0.84859,1.38768,569.9073
1729,137,0.617,0.383,CV,15.3418,15.3203,-12.580349896568856,-12.58429656937922,0.13036,1.55209,543.4644
1730,137,0.6189,0.3811,CV,5.8085,5.8637,-10.575991213552829,-10.58834134455697,-0.31694,0.73335,528.2873
1731,137,0.6171,0.3829,CV,19.0976,19.0914,-10.202415185556259,-10.20438274922758,-1.43829,0.40052,522.8933
1732,137,0.6154,0.3846,CV,16.9238,16.8518,-10.079665876511614,-10.077304983176958,-1.58908,0.05501,523.0621
1733,137,0.6181,0.3819,CV,21.213,21.2971,-10.522119140580147,-10.533511895178004,0.42616,0.37146,511.7496
1734,137,0.6175,0.3825,CV,10.8413,10.8067,-11.574001010109379,-11.57887548258922,0.93365,0.1996,505.566
1735,137,0.6181,0.3819,CV,6.8919,6.893,-16.936956700647112,-16.945133336002762,0.33451,-0.06532,504.5488
1736,137,0.6184,0.3816,CV,4.4425,4.446,-23.703937607869065,-23.712648900754623,-0.03575,-0.19519,500.4375
1737,137,0.6185,0.3815,CV,3.7265,3.7276,-31.198389376360836,-31.207273415481485,-0.20237,-0.26291,494.4475
1738,137,0.6186,0.3814,CV,5.2851,5.288,-30.847866708407388,-30.856902265795668,-0.01521,-0.38885,486.1492
1739,137,0.6187,0.3813,CV,4.2742,4.2643,-24.305260591015475,-24.314431794735462,0.25405,-0.3585,480.1258
1740,137,0.6183,0.3817,CV,8.5697,8.5499,-16.724264170712885,-16.731755072066775,0.73455,-0.44171,475.1756
1741,137,0.6074,0.3926,CV,44.3922,44.3533,-31.173187776996812,-31.135205157810802,3.51944,-0.43561,479.3081
1742,137,0.6034,0.3966,CV,29.0667,28.8766,-30.242188555801043,-30.203799718586122,4.24128,-0.30959,474.2814
1743,137,0.6075,0.3925,CV,15.398,15.178,-32.570938213311734,-32.55547927962007,3.77709,-0.1918,467.5575
1744,137,0.6104,0.3896,CV,13.6151,13.4348,-40.068474664202974,-40.059156985971015,3.30697,-0.32646,457.9399
1745,137,0.6114,0.3886,CV,14.5479,14.3952,-48.39864286561311,-48.388982219931805,2.99556,-0.69319,444.5988
1746,137,0.613,0.387,CV,11.8876,11.751,-37.88060571528922,-37.87657286853578,2.81112,-0.73086,440.2875
1747,137,0.6127,0.3873,CV,14.7818,14.6506,-30.939926373084017,-30.931961799595793,2.83448,-0.61294,438.9281
1748,137,0.6116,0.3884,CV,16.7504,16.6061,-23.092976450554815,-23.080880745064892,2.82764,-0.66119,439.7837
1749,137,0.6117,0.3883,CV,16.6087,16.4701,-17.04931419661071,-17.039347332668225,2.48349,-0.66237,446.5497
1750,137,0.6133,0.3867,CV,13.1922,13.0748,-21.23045905677695,-21.227158168388534,2.37568,-0.57685,439.9494
1751,137,0.6148,0.3852,CV,9.9076,9.7983,-23.863822138966416,-23.86437462580583,2.08586,-0.47942,432.4458
1752,137,0.6151,0.3849,CV,10.7415,10.6319,-24.393083957593817,-24.39260958006595,2.0504,-0.37761,427.5753
1753,137,0.6158,0.3842,CV,8.8976,8.7917,-21.512014069597974,-21.514049305537963,1.88932,-0.29336,426.7815
1754,137,0.6159,0.3841,CV,9.9531,9.8551,-18.649239357807538,-18.65070802344713,1.81169,-0.33132,427.4687
1755,137,0.6159,0.3841,CV,9.7873,9.6896,-18.52115492993997,-18.5228028959343,1.72019,-0.30101,428.94
1756,137,0.6152,0.3848,CV,15.9988,15.9344,-12.652428530708256,-12.650803335117443,1.53393,-0.09887,441.6882
1757,137,0.6103,0.3897,CV,30.4373,30.3495,-12.153179312687172,-12.131948949918518,2.83329,0.07323,445.8562
1758,137,0.6136,0.3864,CV,8.7141,8.5645,-10.303315350643643,-10.303492590814171,2.16841,-0.06678,452.7959
1759,137,0.6176,0.3824,CV,8.5196,8.617,-10.653603986702564,-10.665475016373998,0.7783,-0.12105,460.3471
1760,137,0.6184,0.3816,CV,13.4357,13.4872,-10.980456517255059,-10.990100579072156,-0.37949,-0.09879,460.1095
1761,137,0.617,0.383,CV,18.0413,18.0255,-11.158363256223794,-11.160695989059528,-1.04344,0.01347,478.1374
1762,137,0.6162,0.3838,CV,14.3202,14.2474,-13.967315617587555,-13.968259319270636,-1.19969,0.00267,499.2661
1763,137,0.6162,0.3838,CV,12.5237,12.4499,-15.172659701435418,-15.174864158994133,-1.44738,-0.07599,510.5438
1764,137,0.6162,0.3838,CV,11.3659,11.2808,-17.87637180265729,-17.878782872586463,-1.54192,-0.03664,522.8956
1765,137,0.6165,0.3835,CV,9.8037,9.7144,-21.483341741856606,-21.486813861058756,-1.47238,0.03061,539.9732
1766,137,0.6169,0.3831,CV,8.0741,7.9876,-23.759547656467653,-23.764369512518734,-1.34284,0.03999,557.5979
1767,137,0.6172,0.3828,CV,9.384,9.3262,-25.1347496178089,-25.14019008762439,-1.34048,-0.16111,569.1025
1768,137,0.6171,0.3829,CV,12.6304,12.5819,-34.86267113464112,-34.86707114262147,-1.26421,-0.00881,595.7506
1769,137,0.6165,0.3835,CV,28.0688,28.0913,-27.9438128566278,-27.946129593955717,-0.98362,1.17101,585.4471
1770,137,0.615,0.385,CV,19.6009,19.5161,-29.725146715107904,-29.722017215632835,-0.71283,1.73005,578.2659
1771,137,0.6181,0.3819,CV,6.3437,6.4089,-37.79377707777752,-37.80564734653884,-0.50556,1.11627,595.1057
1772,137,0.6186,0.3814,CV,7.7376,7.7335,-39.22057622857136,-39.23013302850402,-0.80704,0.59474,609.4092
1772,139,0.7,0.3,CV,20.8937,20.8937,-11.193382026621654,-11.193382026621654,0.0,0.0,752.9087
1773,137,0.6189,0.3811,CV,3.9574,3.9832,-45.39722184634822,-45.407415708367196,-0.45167,0.18304,619.8838
1773,139,0.6464,0.3536,CV,23.5642,23.5642,-11.128610708652158,-11.134611491732581,5.0999,-7.13591,1022.9145
1774,137,0.6181,0.3819,CV,14.9721,14.9692,-60.405903098396394,-60.41236098760381,0.12539,0.82104,637.4201
1774,139,0.6284,0.3716,CV,25.4662,25.2444,-12.640177575610956,-12.64925635649399,14.45383,-20.26775,1490.5849
1775,137,0.616,0.384,CV,30.3651,30.3615,-82.66091469690421,-82.65962986823007,1.76576,-0.08646,658.9927
1775,139,0.604,0.396,CV,29.9167,28.9136,-16.304537766382936,-16.237604744626697,24.98348,-29.37679,1867.3879
1776,139,0.5854,0.4146,CV,28.6669,26.8568,-19.552782990783374,-19.444612243690877,29.80532,-31.39263,2114.4202
1777,139,0.5928,0.4072,CV,19.7227,17.4865,-23.844441712935556,-23.79392945519338,27.11925,-28.14179,2191.8168
1778,139,0.6162,0.3838,CV,7.9022,6.5696,-27.307809942758205,-27.3444481635931,18.60908,-19.16936,2124.6078
1779,139,0.627,0.373,CV,11.1972,11.3338,-33.620142306080325,-33.66849806197891,10.77254,-10.3557,1964.0563
1780,139,0.6234,0.3766,CV,20.0246,19.8832,-48.94918209492704,-48.96598344106719,6.92352,-4.99611,1756.5691
1781,139,0.6222,0.3778,CV,11.9103,11.7028,-63.248958118967096,-63.26616135744587,4.85531,-1.82123,1567.2914
1782,139,0.622,0.378,CV,13.0411,13.0226,-69.56911685344127,-69.58694665776014,3.12474,0.70495,1402.9445
1783,139,0.6201,0.3799,CV,34.2496,34.3586,-43.76768561693005,-43.7780484378344,2.26141,-0.02615,1323.2641
1784,139,0.613,0.387,CV,42.3251,42.2298,-32.26233754919407,-32.24524503866576,1.68209,-1.64385,1286.7387
1785,139,0.6161,0.3839,CV,19.2062,19.2105,-42.454564746716336,-42.46123034401387,1.57702,-2.02495,1199.6348
1786,139,0.5998,0.4002,CV,73.9753,73.9193,-32.97381411747598,-32.907469700809166,5.64814,-2.93577,1082.8042
1787,139,0.6089,0.3911,CV,20.1219,19.991,-16.95472911092348,-16.95034541765861,4.71026,-1.72881,1051.1496
1788,139,0.6132,0.3868,CV,10.8651,10.6163,-25.40232708138211,-25.402717827457536,3.72959,-1.19309,1013.0951
1789,139,0.6171,0.3829,CV,10.5291,10.5499,-26.294084096595533,-26.304499681964963,2.25659,-0.48554,955.8654
1790,139,0.6161,0.3839,CV,16.6779,16.5781,-28.769510117279083,-28.770079230264333,2.6023,0.21183,911.5712
1791,139,0.6167,0.3833,CV,14.3244,14.2593,-21.49926219213458,-21.503553789788768,2.29019,0.39718,890.407
1792,139,0.6172,0.3828,CV,9.5877,9.4981,-14.747361440417027,-14.753190167283211,1.87878,-0.05291,868.3008
1792,140,0.7,0.3,CV,24.1364,24.1364,-10.840673384410522,-10.840673384410522,0.0,0.0,317.4607
1793,139,0.6164,0.3836,CV,17.7351,17.6671,-10.858854464882679,-10.86041692882687,1.85466,-0.95844,848.6465
1793,140,0.6312,0.3688,CV,57.6544,57.6544,-33.50189156585435,-33.442192708780105,19.3799,-1.76773,439.3503
1794,139,0.6161,0.3839,CV,18.18,18.1156,-10.517037734949403,-10.518400188116761,1.46665,-1.70109,820.7057
1794,140,0.5648,0.4352,CV,40.537,39.9757,-41.58191501705827,-41.348955348395585,37.50028,1.09334,700.0273
1795,139,0.6163,0.3837,CV,13.4217,13.3376,-10.181956915032348,-10.18494743231963,1.76347,-1.17309,794.7825
1795,140,0.5038,0.4962,CV,34.7458,33.1994,-66.68689697584648,-66.30619060524735,53.25657,-2.53562,1005.6811
1796,139,0.6178,0.3822,CV,9.4532,9.4558,-9.89164991784917,-9.900636219722022,1.25217,-0.2181,768.3965
1796,140,0.4451,0.5549,CA,37.061,34.638,-80.59535062078338,-80.06712249172412,70.43675,-5.78638,1348.6072
1797,139,0.6156,0.3844,CV,28.0499,28.0479,-12.822564430131186,-12.81976970582761,-0.33259,0.08337,715.6019
1797,140,0.4621,0.5379,CA,28.7751,25.3548,-115.28874479412913,-114.91283108082514,82.88921,-6.20164,1592.0079
1798,139,0.6005,0.3995,CV,43.4425,43.3495,-24.515182278018624,-24.452579452976373,-3.72564,0.148,655.7293
1798,140,0.5358,0.4642,CV,14.7772,11.3281,-118.86113297577306,-118.75644837011505,74.5078,-6.24516,1712.7149
1799,139,0.5786,0.4214,CV,37.6456,37.3685,-23.9317399624232,-23.800753255664493,-6.54089,0.30641,597.473
1799,140,0.5776,0.4224,CV,20.3591,18.9789,-104.82741022731739,-104.78649709703586,57.4166,-6.00616,1761.7251
1800,139,0.5781,0.4219,CV,22.3605,21.9708,-10.987868041438617,-10.88703518908093,-7.43376,1.43374,542.5494
1800,140,0.3302,0.6698,CA,80.7123,78.3647,-71.73199066343382,-70.6102656670109,108.48813,-11.95988,1886.5718
1801,139,0.4981,0.5019,CA,47.6629,47.266,-44.514130181491474,-44.091334376130796,-14.03749,2.20269,490.3814
1801,140,0.4219,0.5781,CA,32.2525,27.6794,-76.9878806426238,-76.61045932617216,122.07851,-14.57681,2108.6946
1802,140,0.56,0.44,CV,43.709,44.197,-162.4948216605971,-162.54476069546058,82.67387,-12.85164,2061.4653
1803,140,0.6055,0.3945,CV,23.7149,23.729,-191.18277612671244,-191.2222584603827,48.02946,-9.91471,1871.6478
1804,140,0.6089,0.3911,CV,12.9879,11.569,-155.984461808808,-155.9716687017799,38.37715,-7.64589,1643.1803
1805,140,0.597,0.403,CV,17.6563,16.2284,-96.38797340252206,-96.3204102180149,36.44818,-7.26727,1482.699
1805,141,0.7,0.3,CV,27.9027,27.9027,-14.2821134829844,-14.2821134829844,0.0,0.0,474.5457
1806,140,0.6062,0.3938,CV,11.7896,10.6194,-61.22634961634162,-61.21505043853308,27.54078,-5.15934,1375.7021
1806,141,0.6405,0.3595,CV,39.068,39.068,-26.904634825424047,-26.88484700157369,15.90333,-7.42195,647.7971
1807,140,0.625,0.375,CV,22.9329,23.4604,-23.94218267194092,-23.996523526453828,11.4513,-2.46595,1315.6215
1807,141,0.5597,0.4403,CV,47.1992,46.717,-47.25082600075106,-46.9836740394412,46.73918,-13.81485,1036.0862
1807,142,0.7,0.3,CV,38.0466,38.0466,-12.399054426297045,-12.399054426297045,0.0,0.0,1319.7526
1808,140,0.6145,0.3855,CV,28.5183,28.2514,-32.31312272524158,-32.295130091142106,12.44067,-1.0427,1226.0155
1808,141,0.45,0.55,CA,45.7486,43.6942,-77.16307096509112,-76.57388366798693,76.62425,-11.61092,1550.0064
1808,142,0.6456,0.3544,CV,38.6952,38.6952,-12.238776115470541,-12.241270175834291,0.90286,15.13149,1764.5017
1809,140,0.6146,0.3854,CV,27.6606,27.53,-34.57319674218124,-34.57135796570834,8.94721,0.41681,1134.8114
1809,141,0.3805,0.6195,CA,44.4429,40.6857,-96.5129024930732,-95.79462149550722,110.53276,-12.33573,2097.3996
1809,142,0.6318,0.3682,CV,36.7651,36.9341,-12.295697364364896,-12.320764024868618,-4.65473,2.534,2485.2957
1810,140,0.6174,0.3826,CV,27.873,27.9332,-45.77388636695592,-45.783362578774174,3.46837,1.74525,1046.0302
1810,141,0.4138,0.5862,CA,34.8241,30.299,-122.7703650452418,-122.28919505671797,134.35925,-16.2468,2420.6554
1810,142,0.6287,0.3713,CV,50.7974,51.7187,-13.768067837622832,-13.800185657649504,-8.03947,-21.49938,3130.6514
1811,140,0.6169,0.3831,CV,17.2388,17.1572,-43.05698775640587,-43.060656156722786,0.92153,1.97427,970.9111
1811,141,0.262,0.738,CA,59.6045,54.4794,-89.29403322972854,-88.07846408445465,208.22208,-20.84161,2793.9615
1811,142,0.6317,0.3683,CV,15.7038,14.2611,-11.547108710279794,-11.596843218770529,-4.79026,-17.1023,3415.1394
1812,140,0.6163,0.3837,CV,14.9457,14.8199,-45.288865023125034,-45.290538707716195,-0.29751,1.72472,898.985
1812,141,0.4437,0.5563,CA,17.3656,10.4094,-72.23590002535967,-72.04291876638351,205.41649,-19.22182,2952.5793
1812,142,0.6383,0.3617,CV,5.3277,6.2114,-11.317849464174468,-11.391517384325226,-3.31219,-9.57547,3403.6724
1812,143,0.7,0.3,CV,28.2429,28.2429,-16.355970892371126,-16.355970892371126,0.0,0.0,106.887
1813,140,0.6178,0.3822,CV,10.4871,10.4436,-31.096185242701196,-31.104871412858405,-1.11005,1.59305,852.2007
1813,141,0.5633,0.4367,CV,11.6683,9.2941,-62.419212894684094,-62.45188259011179,155.08802,-13.70829,2865.2986
1813,142,0.6327,0.3673,CV,34.3287,34.7268,-12.026738761371513,-12.066750834532659,-3.85607,-3.59866,3178.1401
1813,143,0.6347,0.3653,CV,35.6581,35.6581,-24.84969702423855,-24.804853405453184,-7.10384,-0.65809,154.3074
1814,140,0.6155,0.3845,CV,20.5817,20.506,-19.23004000626679,-19.226813668494252,-2.56598,1.3173,811.5686
1814,141,0.637,0.363,CV,11.3257,13.5283,-58.86562445723969,-59.0342984622412,79.04115,-6.32019,2559.9593
1814,143,0.5511,0.4489,CV,38.2778,37.9964,-32.04209461287802,-31.74868545118861,-18.57062,-1.93585,256.1513
1814,142,0.6194,0.3806,CV,32.7737,32.4007,-12.11572032268238,-12.106773069157425,-3.67779,-0.96298,2883.0962
1815,140,0.6184,0.3816,CV,9.7352,9.8172,-28.040091649596626,-28.052767822016193,-0.84113,0.99209,770.8914
1815,141,0.6516,0.3484,CV,18.7893,19.8714,-66.83474240810516,-66.9588138383076,25.12244,-1.70632,2102.4677
1815,142,0.621,0.379,CV,33.1722,33.3236,-16.814448796864056,-16.83218343440276,-6.77829,-2.39971,2678.0296
1815,143,0.4899,0.5101,CA,30.832,29.8242,-41.448368838502375,-41.03192055235409,-27.02244,-4.56925,387.9181
1816,140,0.6182,0.3818,CV,13.0651,13.0658,-25.584254657545436,-25.5918314708428,0.31399,0.7989,731.1881
1816,141,0.642,0.358,CV,16.0378,16.3963,-71.87151306331032,-71.93145957219612,-0.90458,0.13142,1702.3375
1816,143,0.4912,0.5088,CA,23.8927,22.5012,-62.299813237274115,-61.97687980592604,-33.60153,-5.08504,516.5376
1816,142,0.6153,0.3847,CV,50.747,50.7598,-16.515836133966296,-16.507294065615945,-5.14819,-4.00146,2566.7694
1817,140,0.6187,0.3813,CV,11.2244,11.2577,-23.542893420419794,-23.552569282092286,-0.54586,0.58384,711.1273
1817,141,0.6306,0.3694,CV,11.7884,11.5615,-72.00331881129321,-72.0284179073081,-8.1491,0.23477,1400.0426
1817,142,0.6155,0.3845,CV,61.7991,61.9959,-16.695775064073153,-16.696254150965764,-2.59041,-3.94172,2240.5465
1817,143,0.4997,0.5003,CA,21.6719,20.1173,-83.34340841343271,-83.05231314407196,-38.25444,-4.98988,620.2263
1818,140,0.6184,0.3816,CV,7.4469,7.4158,-22.55250303327813,-22.560194627178006,-0.8194,0.43486,692.232
1818,141,0.6167,0.3833,CV,32.3111,32.2405,-25.492615135565394,-25.475894006841628,-13.10025,-0.50003,1237.8585
1818,142,0.6148,0.3852,CV,20.4997,20.2429,-12.04086864610467,-12.038330981656248,-1.4235,-3.16005,2018.4989
1818,143,0.5241,0.4759,CV,16.3011,14.4069,-94.09059935192717,-93.88532774863359,-38.77745,-4.80943,699.0968
1819,140,0.6181,0.3819,CV,6.7549,6.7071,-21.84425584669466,-21.85133669505357,-0.91161,0.39452,674.9498
1819,141,0.623,0.377,CV,31.885,32.3333,-24.830514365203584,-24.860792131065367,1.12163,-2.49487,1083.0975
1819,142,0.6066,0.3934,CV,45.3224,45.1858,-13.547092518142945,-13.511169414528258,0.87336,-0.1046,1749.7296
1819,143,0.5083,0.4917,CV,22.9368,21.0531,-87.03260964340318,-86.728771916452,-43.19863,-5.70724,761.7502
1820,140,0.6183,0.3817,CV,5.8462,5.847,-19.43565213218301,-19.444003459598278,-0.6223,0.04862,667.5528
1820,141,0.6175,0.3825,CV,24.704,24.7744,-27.150888622056424,-27.148760460601096,-4.85872,-1.31288,986.9887
1820,143,0.4905,0.5095,CA,31.5434,30.0416,-91.73623332631819,-91.38392357191432,-49.16437,-5.36097,803.4008
1820,142,0.6181,0.3819,CV,69.3653,69.7502,-21.663250110955644,-21.68762642929562,0.18197,-0.50307,1687.9348
1821,140,0.6181,0.3819,CV,6.1133,6.0774,-16.459656101305388,-16.466826983761557,-0.6595,0.01605,663.4595
1821,141,0.6112,0.3888,CV,23.8911,23.6812,-19.354841071752464,-19.3341985977598,-5.98091,-0.58503,929.2597
1821,143,0.5228,0.4772,CV,23.1954,21.8622,-72.28747270058614,-72.09023757637513,-47.25787,-3.88734,828.7279
1822,140,0.6152,0.3848,CV,28.6894,28.657,-12.775437680729748,-12.77048448945921,-2.16957,-0.0807,654.0285
1822,141,0.6122,0.3878,CV,13.3475,13.0469,-16.645069478353367,-16.637622547605886,-5.09554,-0.13809,879.7138
1822,143,0.5235,0.4765,CV,24.1937,22.7647,-77.62509627591079,-77.38417523977468,-48.09233,-2.93838,829.1419
1823,140,0.6098,0.3902,CV,35.5111,35.3964,-14.647280416621783,-14.624149355693074,-3.54312,-0.16382,655.3343
1823,141,0.6132,0.3868,CV,12.0304,11.7694,-18.522088893122895,-18.51747043288656,-4.30251,-0.13488,836.4128
1823,143,0.5264,0.4736,CV,23.2586,21.8542,-76.43546215987726,-76.20503249433506,-48.29437,-2.89908,813.8543
1824,140,0.6069,0.3931,CV,31.9896,31.799,-26.598606909629982,-26.571060209763118,-4.2166,-0.27632,660.2366
1824,141,0.6147,0.3853,CV,9.4271,9.2188,-18.851585859387615,-18.85217353295846,-3.36972,-0.29642,804.8637
1824,143,0.5234,0.4766,CV,20.0499,18.3245,-52.851157362326475,-52.604565525540195,-49.90093,-3.89606,802.0956
1825,140,0.5991,0.4009,CV,46.2815,46.0548,-40.134289826094076,-40.078596000743126,-5.61035,-0.30113,673.5397
1825,141,0.6168,0.3832,CV,3.624,3.4673,-16.09134147672563,-16.098387774808018,-2.28012,-0.10964,781.7504
1825,143,0.5711,0.4289,CV,9.0954,7.449,-35.37443414116112,-35.32480939040757,-40.30821,-2.86232,784.5069
1826,140,0.5968,0.4032,CV,40.4497,40.143,-57.266633069175164,-57.212625899664104,-6.21377,-0.3682,691.2421
1826,141,0.6171,0.3829,CV,12.5521,12.5054,-17.364354460496596,-17.369499480443938,-1.85133,0.45044,752.0226
1826,143,0.6086,0.3914,CV,12.6834,12.6338,-39.530726695169626,-39.56711006867772,-25.5311,-1.52714,729.2668
1827,140,0.5938,0.4062,CV,48.7141,48.4929,-50.87677658812156,-50.81393740898577,-6.79571,0.67276,663.8987
1827,141,0.6138,0.3862,CV,24.3566,24.2575,-12.541323107589426,-12.53198081125627,-2.84571,0.78402,727.8276
1827,143,0.6267,0.3733,CV,9.3133,9.6303,-37.718822017233144,-37.77691946903779,-12.30469,-0.43652,661.3457
1828,140,0.5897,0.4103,CV,36.6203,36.2698,-64.56791230063513,-64.49230866415277,-7.63674,0.45825,650.6545
1828,141,0.6182,0.3818,CV,20.825,20.9434,-24.805757957101488,-24.819920234555898,-0.20757,0.80842,703.262
1828,143,0.6284,0.3716,CV,8.6762,8.8131,-36.32522455945022,-36.36373909304989,-4.91612,-0.0807,591.076
1829,140,0.5929,0.4071,CV,27.8073,27.4322,-90.93889718532753,-90.88266440372516,-7.87578,-0.42336,656.1201
1829,141,0.6181,0.3819,CV,10.0838,10.0604,-17.955194871603368,-17.962685372929627,0.54099,0.7995,683.373
1829,143,0.6015,0.3985,CV,24.1315,23.9388,-24.943280301081877,-24.865821902074103,-10.02333,-0.75756,520.4168
1830,140,0.6001,0.3999,CV,24.7389,24.4519,-124.64417255536658,-124.61302083908286,-7.00804,-0.76907,675.3202
1830,141,0.6187,0.3813,CV,13.3858,13.4364,-14.769252955467564,-14.779405520701982,-0.09994,0.39842,683.4788
1830,143,0.6255,0.3745,CV,16.5421,17.0191,-21.65298072816399,-21.71645595420791,-1.03652,-0.42689,480.5021
1831,141,0.6176,0.3824,CV,15.6751,15.6494,-11.338159675007542,-11.342515302542154,-0.23736,0.32171,693.4608
1831,143,0.6196,0.3804,CV,14.4826,14.5089,-20.1104829833537,-20.113427382236182,2.36303,-0.34878,444.3266
1832,141,0.6169,0.3831,CV,13.1995,13.1295,-10.51721108235775,-10.52020283402179,-0.22803,0.24182,705.7401
1832,143,0.6174,0.3826,CV,7.5098,7.374,-14.846777844724969,-14.848962629061862,2.46191,-0.34246,414.6741
1833,141,0.618,0.382,CV,5.8317,5.8883,-12.99732172545014,-13.006009355080197,0.1083,-0.00396,701.8254
1833,143,0.6122,0.3878,CV,14.9003,14.7686,-9.93175350116294,-9.915403975670923,3.17018,-0.3403,393.5119
1834,141,0.6178,0.3822,CV,8.2885,8.264,-13.171867289888663,-13.178296310411007,0.3804,-0.26026,709.6555
1834,143,0.6182,0.3818,CV,9.359,9.475,-10.598804394769335,-10.615445766382875,1.25588,-0.48744,381.5084
1835,141,0.6179,0.3821,CV,9.8188,9.8206,-10.325313388288823,-10.332529144050769,-0.21495,-0.53843,719.0662
1835,143,0.6182,0.3818,CV,4.6843,4.6534,-9.591997034382754,-9.599635159722984,0.7552,-0.55451,371.0952
1836,141,0.6163,0.3837,CV,26.2692,26.2478,-13.33940252943362,-13.339594621367514,-1.64881,-0.635,734.5875
1836,143,0.6177,0.3823,CV,7.053,7.0163,-9.30060385433951,-9.306055410171975,0.52122,-0.73802,363.6689
1837,141,0.6131,0.3869,CV,32.784,32.6856,-21.61699370997698,-21.60596135583865,-2.85818,-0.95824,753.62
1837,143,0.6176,0.3824,CV,6.8189,6.7918,-9.833665847934029,-9.839675028867713,0.49648,-0.69148,353.9036
1838,141,0.6116,0.3884,CV,32.8751,32.7702,-26.457091502802704,-26.444345819976157,-3.18654,-1.47569,739.4474
1838,143,0.6165,0.3835,CV,12.4163,12.3816,-12.957390066765003,-12.958670612095787,0.82591,-0.70333,341.5991
1839,141,0.6069,0.3931,CV,36.2235,36.0486,-25.938351001639404,-25.908131282556983,-4.3044,-1.19527,723.2007
1839,143,0.6163,0.3837,CV,9.9515,9.9035,-14.880657538573892,-14.882924416807583,0.64129,-0.52237,328.856
1840,141,0.6084,0.3916,CV,29.1548,29.0119,-47.66239816000766,-47.64564690914737,-4.72203,0.26285,740.4522
1840,143,0.6154,0.3846,CV,11.4669,11.4058,-19.29665251754887,-19.29522849087691,0.36988,-0.46205,314.0355
1841,141,0.606,0.394,CV,32.6376,32.4502,-49.930414438889855,-49.90116470340301,-4.74355,-0.07367,715.0515
1841,143,0.6035,0.3965,CV,29.679,29.6332,-25.076771153805794,-25.026759105635655,-1.78407,-0.7712,290.5788
1842,141,0.6021,0.3979,CV,28.9047,28.6441,-63.17793924779991,-63.13599610509767,-4.8884,0.36004,684.0183
1842,143,0.6143,0.3857,CV,8.9143,8.9456,-32.572134827666346,-32.5850526159841,-0.24042,-0.28013,276.6237
1843,141,0.6091,0.3909,CV,12.561,12.3049,-96.87226133420944,-96.86542110838572,-3.41009,0.49611,659.044
1843,143,0.6182,0.3818,CV,3.4241,3.4175,-32.71126814461748,-32.724752989112226,0.06146,-0.44804,263.5236
1844,143,0.6092,0.3908,CV,38.4375,38.4884,-17.463956619436985,-17.43385004360037,0.55992,-1.26481,275.9688
1845,143,0.6056,0.3944,CV,26.1264,26.0375,-12.521912008073706,-12.490051128493164,1.75031,-1.05258,278.6705
1846,143,0.6086,0.3914,CV,22.2104,22.1534,-10.874812806274523,-10.860508720315881,0.54606,-1.06274,287.9162
1847,143,0.6129,0.3871,CV,11.108,11.0483,-9.370850481527905,-9.37059692309293,-0.07742,-0.70133,296.2312
1848,143,0.6161,0.3839,CV,7.6321,7.6457,-9.448813677186838,-9.455630682732952,-0.40404,-0.23428,299.6564
1849,143,0.6167,0.3833,CV,12.3925,12.3898,-9.771381825198013,-9.775701244611842,-0.70328,0.39216,304.8675
1850,143,0.6159,0.3841,CV,14.8024,14.7743,-11.041782151431004,-11.042206136044031,-1.07505,0.77781,307.2786
1851,143,0.6151,0.3849,CV,14.13,14.0682,-9.570234267558387,-9.568058619614169,-1.19423,1.04492,319.8199
1852,143,0.6137,0.3863,CV,17.0714,16.9876,-10.173986080468975,-10.167519233027072,-1.3203,1.25159,338.0497
1853,143,0.6007,0.3993,CV,47.3165,47.2571,-18.798557494459114,-18.739552310100855,-2.61649,2.67684,322.5424
1854,143,0.6127,0.3873,CV,18.3521,18.4152,-10.114109177838868,-10.124290541607127,-1.42045,1.82943,342.9721
1855,143,0.6138,0.3862,CV,12.6505,12.5373,-10.074063404076643,-10.071462350051588,-1.28112,1.5768,364.379
1856,143,0.6139,0.3861,CV,19.8695,19.8222,-11.779181108596923,-11.775151120353671,-0.44785,2.16223,367.8777
1857,143,0.61,0.39,CV,28.9663,28.8805,-13.192860299934468,-13.172310603451173,-1.50775,2.37802,390.7
1858,143,0.6071,0.3929,CV,28.3031,28.1394,-19.46051680828102,-19.43374267727561,-2.03279,2.54315,418.3659
1859,143,0.606,0.394,CV,30.5022,30.3193,-34.498849119500065,-34.47147049212109,-2.05103,2.50284,456.9234
1860,143,0.6108,0.3892,CV,15.2175,15.0373,-56.45809135686688,-56.45259329322822,-1.29692,2.09623,491.3352
1861,143,0.6116,0.3884,CV,35.3774,35.3463,-70.96976365868903,-70.96054474665706,-0.69587,2.8818,486.7131
1862,143,0.6068,0.3932,CV,35.3295,35.1858,-105.8697202476714,-105.83927885558182,-1.76292,3.73102,496.0502
1863,143,0.6012,0.3988,CV,46.2465,46.1218,-27.33610364694308,-27.289284349531005,-4.47444,2.87072,517.6436
1871,144,0.7,0.3,CV,6.7407,6.7407,-9.625034949642966,-9.625034949642966,0.0,0.0,263.9783
1872,144,0.6465,0.3535,CV,13.3788,13.3788,-12.239456107653492,-12.24618028852894,6.50032,-0.68986,356.6078
1873,144,0.6334,0.3666,CV,11.0049,10.8339,-17.845865270015544,-17.876200478192693,13.47354,0.23094,517.2488
1874,144,0.6288,0.3712,CV,10.631,10.1525,-22.768988370207147,-22.799319996960467,15.84665,-3.71603,622.5853
1875,144,0.6293,0.3707,CV,8.6785,8.0776,-27.4232828450338,-27.46270817432501,12.49728,-6.56366,654.4549
1876,144,0.6237,0.3763,CV,12.386,12.1028,-19.23590368883376,-19.250678633508024,12.15347,-3.70575,650.4407
1877,144,0.5734,0.4266,CV,25.0769,24.4957,-20.343991797874544,-20.157349765930864,17.07315,-2.98765,613.8216
1877,145,0.7,0.3,CV,32.1741,32.1741,-15.138845475621432,-15.138845475621432,0.0,0.0,140.9579
1878,144,0.3774,0.6226,CA,51.1979,50.2901,-21.828360058097623,-20.91955815531218,31.67359,-3.32474,601.9768
1878,145,0.6376,0.3624,CV,32.8461,32.8461,-25.090703173613846,-25.05868166918691,-8.52926,-2.43955,195.5457
1879,144,0.5269,0.4731,CV,4.1883,2.5897,-8.346036260012566,-8.325057127882433,26.81194,-2.71617,584.6964
1879,145,0.5371,0.4629,CV,46.7796,46.4986,-30.923209931631888,-30.56871288406163,-20.93055,-6.41885,334.6541
1880,144,0.6243,0.3757,CV,12.5684,13.7387,-9.263012961735203,-9.42979747627638,9.40312,-0.7852,537.4147
1880,145,0.4452,0.5548,CA,42.1402,40.8556,-36.688955861697266,-36.113393033503606,-33.67432,-7.98106,537.4878
1881,144,0.6297,0.3703,CV,15.6002,15.9579,-9.473030816099687,-9.520846122360014,-1.04823,-0.12644,487.835
1881,145,0.4562,0.5438,CA,30.2375,28.257,-52.853244503767996,-52.45324596895628,-43.5165,-7.55974,748.763
1882,144,0.6191,0.3809,CV,12.7597,12.6865,-9.275236141444886,-9.269737275561472,-4.23209,-0.28945,436.473
1882,145,0.4884,0.5116,CA,27.8113,26.0669,-73.57311767226535,-73.28687775381334,-49.51898,-6.39274,914.3922
1883,144,0.6228,0.3772,CV,3.8698,3.989,-8.140436551155002,-8.166305355551184,-1.91232,-0.43773,396.7653
1883,145,0.5448,0.4552,CV,17.7324,16.2189,-101.0787314065323,-100.9728867750887,-44.814,-5.28589,1007.0538
1884,144,0.6217,0.3783,CV,3.3625,3.3455,-8.623757280060746,-8.63970527828544,-1.05732,-0.32184,364.9862
1884,145,0.5858,0.4142,CV,11.3276,10.0534,-96.65065336288487,-96.6303357164777,-34.93197,-4.04572,1024.5926
1885,144,0.6203,0.3797,CV,11.2219,11.243,-8.769970715937076,-8.781537412390893,-0.98031,0.16857,326.6422
1885,145,0.5261,0.4739,CV,33.7677,32.3696,-95.51578529734752,-95.19381942825417,-43.24077,-4.24325,1019.6907
1886,144,0.6118,0.3882,CV,18.4327,18.3957,-10.407796459978748,-10.385496400036134,-2.56922,0.13527,306.0956
1886,145,0.4756,0.5244,CA,37.5269,35.7159,-80.17786649340309,-79.74046423230392,-53.14285,-4.79254,1038.7251
1887,144,0.6091,0.3909,CV,14.5314,14.4135,-11.256389477607584,-11.23508402213659,-2.59101,-0.00483,293.3768
1887,145,0.4566,0.5434,CA,37.5122,35.6055,-73.1865483183891,-72.74490161120087,-63.15062,-5.20068,1065.3899
1888,144,0.6184,0.3816,CV,10.1998,10.3331,-15.254112819185536,-15.276120943870174,-0.77759,0.24387,276.4243
1888,145,0.4716,0.5284,CA,30.3861,28.3832,-67.4244315828807,-67.07038520207414,-69.47525,-5.50953,1089.5888
1889,144,0.6188,0.3812,CV,10.4154,10.4551,-15.065673735978699,-15.075654121865632,0.33549,0.24692,261.054
1889,145,0.5316,0.4684,CV,20.5286,19.0841,-66.86359966062543,-66.72835196069519,-62.11332,-5.02414,1080.9136
1890,144,0.6166,0.3834,CV,14.8371,14.8405,-10.811897138680369,-10.8119845785668,-0.13466,0.74108,240.0057
1890,145,0.5861,0.4139,CV,20.9247,20.6852,-83.94040786135147,-83.94072810696152,-42.87861,-3.76054,1004.9067
1891,144,0.6128,0.3872,CV,18.9999,18.9963,-10.632577924811326,-10.619753991965194,-1.68963,0.56969,229.5663
1891,145,0.6157,0.3843,CV,9.3768,9.248,-79.84107692081508,-79.88562433515978,-25.99397,-2.07241,900.2814
1892,144,0.6125,0.3875,CV,10.4675,10.3894,-9.7106619376133,-9.702269355527712,-1.8038,0.37203,221.7315
1892,145,0.6218,0.3782,CV,13.739,13.6309,-101.47432001900329,-101.50116826934084,-14.96349,-0.96507,778.0824
1893,144,0.6176,0.3824,CV,3.5925,3.6571,-12.823990813369136,-12.83748828720684,-0.85438,0.36804,212.567
1893,145,0.6215,0.3785,CV,8.1262,7.8126,-55.66548148021363,-55.68193168925665,-10.28166,-0.40759,675.1769
1894,144,0.6185,0.3815,CV,6.1344,6.1539,-18.842205161011556,-18.851987730148686,-0.26216,0.16456,207.4434
1894,145,0.607,0.393,CV,13.4366,13.008,-71.47999265697639,-71.43541704488489,-11.88849,-0.30435,593.4205
1895,145,0.6105,0.3895,CV,8.4748,8.0889,-69.57506280368167,-69.56683079907565,-9.08337,0.19652,527.8608
1895,144,0.6131,0.3869,CV,22.2383,22.256,-13.822890903842357,-13.808893976928456,0.02026,0.99692,186.6913
1896,144,0.6156,0.3844,CV,8.9174,8.9147,-8.818569472658417,-8.822700092857083,-0.83179,0.68097,177.1898
1896,145,0.6139,0.3861,CV,9.4568,9.2733,-47.72199743890642,-47.72304408389503,-6.65999,0.61977,483.1508
1897,144,0.6125,0.3875,CV,14.1968,14.1762,-10.561791599635185,-10.549317222614132,-1.70124,0.12668,170.7911
1897,145,0.6124,0.3876,CV,12.95,12.7717,-26.549388391318736,-26.538818615006733,-5.3172,0.83682,452.8483
1898,144,0.6119,0.3881,CV,9.2354,9.1589,-9.222666118579042,-9.212362868129146,-1.69607,-0.01161,164.9486
1898,145,0.6121,0.3879,CV,14.9677,14.8317,-14.83027300713886,-14.820749394535305,-3.94027,0.93109,436.4121
1899,144,0.6161,0.3839,CV,3.6607,3.6338,-11.610333320404436,-11.618548281816476,-1.16954,0.05701,155.3136
1899,145,0.613,0.387,CV,14.7986,14.694,-10.955428110769247,-10.950327865776387,-2.60163,1.0086,429.3314
1900,145,0.6089,0.3911,CV,21.4935,21.3344,-11.570600020921766,-11.546759762397686,-2.90989,1.10786,428.674
1900,144,0.6187,0.3813,CV,6.2296,6.2613,-9.331096229142144,-9.343975007820625,-0.38052,0.2116,144.9461
1901,145,0.6154,0.3846,CV,26.8678,26.9665,-16.134934843751438,-16.144758622689977,-0.08983,0.98718,433.6759
1902,145,0.6153,0.3847,CV,15.3847,15.3392,-10.015470372145664,-10.015156799735383,-0.86422,0.93249,439.1591
1903,145,0.616,0.384,CV,8.6275,8.5528,-9.739778754863693,-9.742494493850414,-0.96957,0.71821,445.8516
1904,145,0.617,0.383,CV,6.4085,6.3768,-9.403920627745832,-9.409779203593358,-0.78735,0.65687,449.4751
1904,144,0.5,0.5,CA,29.4847,29.4808,-13.101711372591243,-13.076396586224114,-1.49711,-0.34888,133.5928
1905,145,0.6173,0.3827,CV,7.9713,7.9359,-9.64108730280424,-9.646618945340428,-0.70758,0.70806,453.2073
1905,144,0.5788,0.4212,CV,5.7255,5.7912,-7.434338502452598,-7.449974607412856,-0.65875,-0.27452,122.0298
1906,145,0.6175,0.3825,CV,6.4543,6.4035,-9.72305263628543,-9.729083268281311,-0.71281,0.65743,460.2306
1906,144,0.6049,0.3951,CV,3.4125,3.415,-7.181143495435071,-7.19082113460737,-0.24729,-0.37594,118.0954
1907,145,0.6176,0.3824,CV,7.4613,7.4239,-9.76588074340719,-9.77224858628812,-0.89373,0.41546,472.0717
1907,144,0.6144,0.3856,CV,4.3874,4.4006,-7.860173139952241,-7.871604372372657,-0.15981,-0.29487,112.1737
1908,145,0.6145,0.3855,CV,25.8242,25.7778,-11.075873510746922,-11.069027064011616,-2.14305,0.19037,475.9976
1908,144,0.6125,0.3875,CV,14.4287,14.4293,-10.345922033195247,-10.334976023932555,-0.84405,-0.32769,113.6473
1909,145,0.6184,0.3816,CV,24.2275,24.3396,-11.17447847003572,-11.18837743392176,0.33822,-0.10005,483.4221
1909,144,0.614,0.386,CV,6.486,6.4362,-9.54238870304366,-9.540792580625608,-0.92211,-0.45555,111.1645
1910,145,0.6161,0.3839,CV,28.5599,28.5739,-18.559988474840026,-18.55876314836413,-1.71503,-0.29409,490.6359
1910,144,0.6167,0.3833,CV,2.7042,2.68,-7.4329940227754,-7.440601626387644,-0.51439,-0.39323,109.197
1911,145,0.6181,0.3819,CV,7.9801,8.0285,-10.459233604382982,-10.469602556916481,-0.62279,-0.50076,497.4211
1911,144,0.6181,0.3819,CV,9.0097,9.0373,-7.911519787608357,-7.920917257823165,0.22679,-0.43871,104.3407
1912,145,0.6159,0.3841,CV,28.8078,28.8238,-11.681660573366532,-11.679972788330973,1.49266,-0.56151,493.6631
1913,145,0.6097,0.3903,CV,31.9159,31.8224,-18.824305003217148,-18.79964555408995,3.22995,-0.63608,493.8499
1914,145,0.6022,0.3978,CV,34.08,33.8946,-32.1355476695987,-32.088504347472785,4.58424,-0.86414,495.7229
1915,145,0.5981,0.4019,CV,29.9358,29.6785,-50.6028943501871,-50.55004357515236,5.24656,-0.78684,491.2318
1919,146,0.7,0.3,CV,49.4466,49.4466,-15.965667145654129,-15.965667145654129,0.0,0.0,622.0947
1920,146,0.6425,0.3575,CV,41.7766,41.7766,-28.68213907560029,-28.67134861560801,-16.03834,-0.82732,832.1068
1921,146,0.576,0.424,CV,51.8762,51.4465,-63.02061806366493,-62.81649048195881,-48.25188,-3.68309,1276.398
1922,146,0.4402,0.5598,CA,55.1755,53.1123,-106.84900913975403,-106.19654828555488,-84.5431,-7.95921,1892.2014
1923,146,0.2712,0.7288,CA,67.1155,63.059,-98.65000500244469,-97.44441424868779,-147.51285,-6.88347,2711.2936
1924,146,0.2996,0.7004,CA,54.0904,48.2066,-91.31700061239111,-90.4881204585454,-210.12962,-6.71457,3263.3766
1925,146,0.4266,0.5734,CA,27.0267,20.4562,-84.99022856505498,-84.67492760328655,-219.96344,-1.99205,3483.9332
1926,146,0.4577,0.5423,CA,28.8184,21.6202,-58.33653521059118,-57.968958146055954,-225.93864,0.54727,3651.722
1927,146,0.4981,0.5019,CA,23.4344,15.6544,-35.936878318833436,-35.6874157275351,-216.1964,0.95899,3705.8702
1928,146,0.6498,0.3502,CV,14.0924,21.5804,-18.229790913895577,-18.548338439215534,-83.55299,1.01745,3374.3755
1929,146,0.6539,0.3461,CV,23.732,24.4665,-38.64563460691507,-38.760631126975845,-30.66216,3.257,2688.2759
1930,146,0.639,0.361,CV,24.8205,25.4972,-41.777742265895405,-41.821599579448815,11.63197,2.83413,2164.2913
1931,146,0.6084,0.3916,CV,24.0174,23.4091,-36.28080101780104,-36.21634550567359,27.07352,1.56203,1783.7492
1932,146,0.5914,0.4086,CV,21.7162,20.5879,-34.77601842260751,-34.68625049008526,28.77984,1.13168,1497.1637
1933,146,0.6154,0.3846,CV,43.9133,44.1444,-14.755272451945554,-14.79068071685635,15.03126,1.99544,1382.0872
1934,146,0.6185,0.3815,CV,42.1871,42.4524,-15.89112516357955,-15.904314801624555,1.15242,1.35812,1297.122
1935,146,0.6166,0.3834,CV,19.4595,19.2515,-13.11684686114327,-13.117457484021026,1.3899,0.93196,1228.3392
1936,146,0.6142,0.3858,CV,33.6266,33.6408,-14.619898287050166,-14.613014229413574,5.25981,1.19874,1134.9649
1937,146,0.6148,0.3852,CV,25.7611,25.695,-11.897209886591114,-11.89648597139782,4.16719,1.62643,1047.908
1938,146,0.6175,0.3825,CV,6.5489,6.4589,-10.717579354509091,-10.72718691299563,2.7527,0.89017,988.284
1939,146,0.6194,0.3806,CV,6.3658,6.4736,-10.466726226441132,-10.480577943535929,1.03993,0.74215,942.357
1940,146,0.6151,0.3849,CV,29.0905,29.047,-24.46801538130042,-24.460909846141227,1.28364,1.00645,857.6413
1941,146,0.6149,0.3851,CV,14.8282,14.7083,-33.15914737326538,-33.15772826019396,2.10649,0.67489,799.7231
1942,146,0.6196,0.3804,CV,16.705,16.8472,-20.94578077679197,-20.964375968632936,0.08071,-0.47281,761.2936
1943,146,0.6185,0.3815,CV,16.3953,16.3999,-23.504476964103446,-23.51122992081285,0.31538,-1.22355,733.0905
1944,146,0.6167,0.3833,CV,20.2907,20.2659,-20.8623331323446,-20.86339847742018,1.53039,-1.20118,687.4178
1945,146,0.6141,0.3859,CV,39.741,39.7818,-23.945176327941375,-23.937791676903537,-1.15313,-1.92105,680.3399
1946,146,0.613,0.387,CV,20.4958,20.3662,-13.119293155871253,-13.111116215269437,-0.775,-2.13416,677.0619
1947,146,0.6148,0.3852,CV,42.6387,42.736,-21.36181394425293,-21.362805777609378,0.98748,-1.24265,610.0238
1948,146,0.6029,0.3971,CV,58.4829,58.4701,-26.552449127711583,-26.50108612069231,2.9748,-3.22161,625.0838
1949,146,0.5954,0.4046,CV,44.9319,44.7141,-26.164596143279027,-26.099150970078593,4.83059,-3.09756,620.616
1956,148,0.7,0.3,CV,105.1613,105.1613,-26.36425040836212,-26.36425040836212,0.0,0.0,502.0396
1957,148,0.6311,0.3689,CV,132.4597,132.4597,-31.849732038702072,-31.789392414434957,-11.02727,-8.43974,769.1752
1958,148,0.5464,0.4536,CV,147.43,146.7897,-29.26394194158592,-28.957006619248304,-23.56451,-11.3468,1355.0792
1959,148,0.5017,0.4983,CV,117.424,115.2154,-21.480086231833273,-21.117798171233833,-30.97119,-14.79765,2126.6489
1960,148,0.5156,0.4844,CV,94.0175,91.6498,-30.73818943637619,-30.49576510689605,-42.54562,-20.35226,2826.1922
1961,148,0.5484,0.4516,CV,68.7762,66.7279,-42.23291839346504,-42.10240211083788,-45.14666,-21.01406,3404.1406
1962,148,0.56,0.44,CV,63.8241,61.5071,-53.73056181824013,-53.59970106086797,-45.81087,-21.08854,3881.5268
1963,148,0.5757,0.4243,CV,64.8731,63.3797,-76.75617329555777,-76.67269519928911,-41.3852,-19.75245,4141.9209
1964,148,0.5916,0.4084,CV,36.1642,34.1764,-77.7116202527533,-77.67033060971474,-35.52281,-13.92855,4334.0631
1965,148,0.5868,0.4132,CV,63.1073,61.5382,-89.8672574385824,-89.78315293962095,-34.91482,-12.58493,4367.3047
1966,148,0.5613,0.4387,CV,89.6313,87.7758,-69.83215355376197,-69.65061671504158,-41.12633,-14.74866,4408.5843
1967,148,0.5466,0.4534,CV,92.4651,90.3069,-58.413685671654,-58.21001262708334,-45.99098,-16.31477,4447.2039
1968,148,0.5524,0.4476,CV,76.5386,74.3374,-52.70148014869991,-52.54244081912847,-46.578,-16.39601,4462.1904
1969,148,0.5396,0.4604,CV,92.2666,90.1004,-47.67194012932188,-47.45304833981267,-52.03478,-17.52843,4449.5014
1970,148,0.5567,0.4433,CV,67.5624,65.6549,-60.63892186460643,-60.507447411600566,-48.65685,-16.44148,4381.6785
1971,148,0.5679,0.4321,CV,51.2235,49.0962,-58.00628276510318,-57.89556660533468,-45.43339,-15.27057,4297.8285
1972,148,0.5775,0.4225,CV,41.3803,39.136,-49.22352434724483,-49.13566642989882,-42.0687,-13.15459,4219.9464
1973,148,0.5893,0.4107,CV,38.891,37.1625,-34.996718381334745,-34.94363458363211,-36.28405,-9.58459,4178.119
1974,148,0.5964,0.4036,CV,42.0184,40.6869,-32.0714467883935,-32.03013068934418,-30.53218,-5.51046,4072.5485
1975,148,0.6159,0.3841,CV,31.5085,32.0889,-24.11058410600034,-24.140617051310592,-15.99881,-0.19418,3939.4011
1976,148,0.6186,0.3814,CV,65.8333,66.1243,-36.50936645473263,-36.52237336522832,-3.62996,1.64547,3638.8382
1977,148,0.6101,0.3899,CV,65.6272,65.5334,-30.736433754445187,-30.70953159172624,6.51242,3.17415,3363.0046
1978,148,0.6048,0.3952,CV,50.1594,49.7073,-15.943843175778687,-15.907152748614052,10.61496,4.94081,3167.4246
1979,148,0.6102,0.3898,CV,26.2918,25.8049,-13.217065587733774,-13.210982730740481,7.86881,5.42254,2983.0314
1980,148,0.6065,0.3935,CV,51.7203,51.322,-20.086832607465094,-20.05709165787315,8.79247,6.25134,2871.6604
1981,148,0.6065,0.3935,CV,39.2593,38.6949,-24.59412290226608,-24.569668049253664,8.57795,5.64601,2724.4251
1982,148,0.6074,0.3926,CV,42.2554,41.8857,-28.33319590585056,-28.31276660782749,7.96899,4.10765,2531.7434
1983,148,0.6059,0.3941,CV,45.6302,45.3054,-32.914187876204586,-32.88621168948849,7.17789,2.43828,2318.98
1984,148,0.5528,0.4472,CV,110.8067,110.5224,-33.8898696190669,-33.64595201946587,6.89353,-3.49316,1959.3863
2015,152,0.7,0.3,CV,37.8082,37.8082,-23.796411273417878,-23.796411273417878,0.0,0.0,296.7519
2016,152,0.6345,0.3655,CV,41.8006,41.8006,-47.321482958546596,-47.27601490113331,18.08924,1.35309,411.7081
2017,152,0.5162,0.4838,CV,46.8781,46.3586,-75.29844075027155,-74.86476171929061,47.83399,1.11866,695.1228
2017,154,0.7,0.3,CV,12.9785,12.9785,-12.593938154977128,-12.593938154977128,0.0,0.0,464.2653
2018,152,0.368,0.632,CA,44.0998,41.9442,-101.45132178888689,-100.585194300061,80.35525,4.57459,1136.9258
2018,154,0.6476,0.3524,CV,12.3182,12.3182,-14.731009104664725,-14.742502769846677,6.25389,1.7024,629.7908
2019,152,0.381,0.619,CA,31.6813,27.9549,-139.69725097188322,-139.0966794683357,107.56763,5.32357,1539.0388
2019,154,0.6363,0.3637,CV,14.1109,13.9793,-22.239802022416235,-22.281082094249783,15.22418,-2.51079,904.3636
2020,152,0.4797,0.5203,CA,18.3407,14.6019,-187.79465186061918,-187.5796324931418,109.06413,3.31048,1712.2554
2020,154,0.6108,0.3892,CV,20.358,19.702,-30.20836061593016,-30.158175245717455,24.70586,-5.61203,1082.5049
2021,152,0.636,0.364,CV,18.5697,21.6054,-240.11663740387067,-240.4012661060794,43.43701,-1.62093,1609.2106
2021,154,0.5151,0.4849,CV,30.5657,29.1501,-33.260384881043024,-32.85736808747065,40.07093,-5.20857,1188.5559
2022,152,0.5931,0.4069,CV,20.1148,18.7268,-371.125331828667,-371.0014892414074,47.72919,-1.73382,1389.8385
2022,154,0.3081,0.6919,CA,45.0862,42.9006,-16.34700326220127,-15.214072602698765,74.81363,-5.9816,1322.0314
2023,152,0.5651,0.4349,CV,23.1293,21.8009,-513.4029374314508,-513.2277533314782,45.45011,-3.0444,1196.3619
2023,154,0.5428,0.4572,CV,1.6831,4.4527,-9.895806322343047,-10.036088106141335,56.57253,-4.32305,1242.1651
2024,152,0.3346,0.6654,CA,44.8519,42.9663,-335.17163756870946,-334.08785981880595,82.20633,-3.93988,1109.4929
2024,154,0.6519,0.3481,CV,22.0546,24.1632,-10.67085770985172,-10.934401161802771,8.31967,0.53104,1071.9586
2025,152,0.6314,0.3686,CV,22.6398,25.8898,-312.35057828358373,-312.8204863557617,24.40328,-2.55409,987.5125
2025,154,0.6385,0.3615,CV,8.2123,7.9645,-10.020019150840199,-10.06470631558522,6.17877,0.69325,888.4172
2026,152,0.6109,0.3891,CV,30.087,30.927,-247.5700309953937,-247.52741339830487,-21.37866,-0.85673,788.4925
2026,154,0.6352,0.3648,CV,8.0466,8.1618,-10.77787078369188,-10.828284029201914,5.16396,0.21427,730.6619
2027,152,0.4767,0.5233,CA,30.1702,29.3163,-176.96487688647176,-176.40810470274715,-39.90011,-0.32707,651.0183
2027,154,0.6324,0.3676,CV,8.3613,8.5486,-12.36842863395474,-12.41165157025457,0.29534,-0.33597,612.3853
2028,152,0.5334,0.4666,CV,15.9433,15.2945,-241.32878772022005,-241.19377135245134,-33.97661,-2.1772,538.1992
2028,154,0.6164,0.3836,CV,17.8141,17.8068,-11.050551510529703,-11.029408044785995,-4.73904,-0.31933,515.0808
2029,154,0.5973,0.4027,CV,17.6495,17.4035,-10.009147580475796,-9.93210460743675,-6.84342,-0.01664,440.0862
2029,152,0.0041,0.9959,CA,68.3988,67.1122,-59.29238145193777,-53.437871758216474,-124.12427,-3.03374,500.5196
2030,154,0.5953,0.4047,CV,12.135,11.7891,-8.889829557743646,-8.832176437591487,-6.60397,-0.07155,383.7791
2030,152,0.0138,0.9862,CA,44.758,42.2387,-131.64746971595875,-127.77462388851595,-202.53815,-4.24602,406.2549
2031,154,0.6,0.4,CV,8.8472,8.5169,-8.363171816026215,-8.328434708559179,-5.66853,-0.07643,337.8424
2032,154,0.6078,0.3922,CV,5.3607,5.0935,-7.811870842639411,-7.802458746558419,-4.28719,-0.03509,301.4237
2033,154,0.6136,0.3864,CV,6.3508,6.2707,-7.919884793701957,-7.923410556749186,-2.80442,-0.03101,274.8377
2034,154,0.6161,0.3839,CV,3.9545,3.8536,-7.65434075598191,-7.6600426957928915,-1.93039,0.17709,250.8831
2035,154,0.6195,0.3805,CV,2.2186,2.3214,-7.4601832066725615,-7.4764812751971546,-0.91482,0.05637,228.663
2036,154,0.6153,0.3847,CV,9.9489,9.9018,-9.938528876811054,-9.932234494205392,-1.51122,0.17309,211.6391
2037,154,0.6054,0.3946,CV,27.3335,27.2979,-13.70984672936272,-13.66793146779089,-1.20638,0.13374,214.3834
2038,154,0.6101,0.3899,CV,20.6715,20.6721,-10.735208324776227,-10.727545881121781,0.32516,0.26957,212.4796
2039,154,0.6165,0.3835,CV,8.659,8.7208,-17.367487714652576,-17.380157953421058,0.53483,0.19274,199.6139
2039,155,0.7,0.3,CV,20.527,20.527,-11.80956733782994,-11.80956733782994,0.0,0.0,64.7621
2040,154,0.6181,0.3819,CV,8.0024,8.0334,-44.43961534243512,-44.449575153749464,0.06859,0.39728,189.8271
2040,155,0.6309,0.3691,CV,20.9153,20.9153,-14.30278774925284,-14.241868624705623,9.76203,1.3959,89.0864
2041,154,0.6181,0.3819,CV,5.4069,5.4005,-47.033726733286194,-47.041169233679014,0.35994,0.31129,186.6706
2041,155,0.4236,0.5764,CA,25.8959,25.6228,-18.856660749141184,-18.055393331672605,30.01498,3.81654,161.9914
2042,154,0.6099,0.3901,CV,23.4868,23.4665,-32.37879456271444,-32.35145535457745,1.87162,0.13221,185.3952
2042,155,0.1218,0.8782,CA,28.1876,26.8622,-21.05976774312378,-18.89085879302199,67.04555,7.91405,305.35
2043,154,0.5937,0.4063,CV,28.755,28.6609,-38.33299802517803,-38.250404836507826,3.22686,0.38782,178.3444
2043,155,0.3263,0.6737,CA,10.9923,8.9414,-12.114404235402812,-11.619923315169363,82.64957,10.40954,365.7381
2044,154,0.5823,0.4177,CV,24.3284,24.1572,-37.48494460313883,-37.37919625498295,4.07872,0.63435,175.2053
2044,155,0.5853,0.4147,CV,5.0669,6.5745,-7.841135235740623,-8.128942596877955,55.57074,6.74297,367.9883
2045,154,0.5521,0.4479,CV,32.7857,32.568,-44.522842946968225,-44.310457589203985,5.90922,0.67385,171.9596
2045,155,0.0087,0.9913,CA,45.271,43.5002,-45.54286133678015,-40.38584155592684,152.92498,16.00057,450.0557
2046,154,0.5251,0.4749,CV,31.4061,31.0958,-34.544222411828635,-34.26744078565718,7.87183,0.67745,173.6895
2046,155,0.3389,0.6611,CA,14.7222,13.8789,-13.781918343791787,-13.50665171388479,158.70175,8.32637,400.7843
2047,154,0.5228,0.4772,CV,23.7117,23.2983,-15.898766822859727,-15.651682175765366,9.24736,0.97537,175.0741
2047,155,0.215,0.785,CA,19.5062,15.8555,-13.145103327343211,-11.775600397849114,191.41391,5.60293,533.7059
2048,154,0.4082,0.5918,CA,43.7435,43.2789,-44.56481844183739,-43.858342556132655,15.5604,1.14914,183.4011
2048,155,0.7726,0.2274,CV,25.1569,30.2922,-15.024867236948303,-16.347099286338228,-4.89872,-7.01774,454.3598
2049,154,0.4159,0.5841,CA,26.0216,25.2487,-24.836906193746458,-24.32540522763697,20.48451,1.3491,197.3634
2049,155,0.6823,0.3177,CV,7.3287,7.2257,-10.104474899825709,-10.158964927044293,-6.0446,-4.03999,330.9695
2050,154,0.4468,0.5532,CA,18.0689,17.16,-17.829948703773717,-17.433662326401766,24.38464,1.6267,213.4215
2050,155,0.6258,0.3742,CV,14.1936,14.2122,-16.432843193092687,-16.376924187560437,8.78973,-2.87403,258.8896
2051,154,0.1391,0.8609,CA,45.7857,44.8142,-32.954717410882644,-30.905223660248172,51.33217,3.98768,241.2438
2051,155,0.6034,0.3966,CV,9.839,9.5426,-26.34126780004828,-26.27526282690926,9.27392,-2.52797,216.4572
2052,154,0.535,0.465,CV,13.1779,14.1555,-9.89891514583811,-10.245002932081974,37.07565,2.13591,259.7299
2052,155,0.5813,0.4187,CV,10.4796,10.1178,-12.815680315677074,-12.69137711324186,10.90865,-2.22736,192.8801
2053,154,0.6416,0.3584,CV,13.9454,14.8738,-11.500772072232294,-11.730542759356364,10.76254,0.66708,254.0831
2053,155,0.6033,0.3967,CV,6.0839,5.9288,-7.929136618052059,-7.928553007573081,7.19357,-2.01741,175.2301
2054,154,0.6228,0.3772,CV,8.2567,8.0341,-11.817414048150102,-11.810015996248708,9.16122,-0.50515,231.7827
2054,155,0.5804,0.4196,CV,11.6559,11.3483,-17.17056237389072,-17.042639357610174,8.49351,-2.02337,158.9097
2055,154,0.5786,0.4214,CV,15.7008,15.3526,-10.138832994780685,-9.974735742332774,12.04663,-0.8889,220.424
2055,155,0.5997,0.4003,CV,7.2427,7.1085,-12.928024312722531,-12.913702418984373,5.82636,-1.98693,147.4245
2056,154,0.5161,0.4839,CV,21.8105,21.3021,-12.416029034440118,-12.064570327083635,16.35934,-1.60789,211.0396
2056,155,0.5303,0.4697,CV,20.0405,19.7589,-18.959288583601165,-18.633671114432104,9.57262,-2.58117,138.0145
2057,154,0.4705,0.5295,CA,22.8297,22.1424,-13.089112102514331,-12.645493611327296,20.44144,-2.63394,216.3643
2057,155,0.494,0.506,CA,18.8348,18.3691,-22.606166007884745,-22.236502558289903,11.88365,-3.3785,137.8604
2058,154,0.2074,0.7926,CA,49.5423,48.5999,-31.143191961603925,-29.5423138301993,40.89214,-5.62836,243.856
2058,155,0.143,0.857,CA,60.5939,59.983,-59.52908679796912,-57.444800207656634,28.43668,-7.24144,156.2739
2059,154,0.0145,0.9855,CA,101.1551,99.6391,-101.61820806244829,-97.50767243295292,120.51103,-16.55452,291.4102
2059,155,0.0719,0.9281,CA,85.8486,84.8164,-116.57910842747273,-114.22122047111411,68.93917,-16.78008,180.3243
2060,154,0.0134,0.9866,CA,65.0992,62.6258,-60.77020040597267,-56.857021357161386,183.35519,-26.72027,335.2298
2060,155,0.0001,0.9999,CA,149.2402,147.5961,-277.4581963481742,-268.8650484518295,171.89902,-39.45464,231.0994
2061,154,0.0038,0.9962,CA,71.1894,67.4321,-74.20064322580784,-69.00580527954604,262.79627,-40.46167,389.2681
2061,155,0.0,1.0,CA,137.9476,134.4275,-182.5781168794122,-168.6843594626174,280.17044,-63.75261,278.9405
2062,154,0.0093,0.9907,CA,47.8164,42.4931,-48.88721541110795,-44.62288276988634,317.28612,-48.71404,442.2515
2063,154,0.0518,0.9482,CA,31.2868,24.7801,-31.806570576260892,-29.290575693395102,352.47547,-51.96273,524.3417
2064,154,0.9065,0.0935,CV,27.2397,35.2245,-16.847428068783344,-19.449011194683095,244.02428,-35.19831,596.9595
2074,156,0.7,0.3,CV,87.8919,87.8919,-17.41307308650078,-17.41307308650078,0.0,0.0,1217.684
2075,156,0.6401,0.3599,CV,87.635,87.635,-20.79882881112316,-20.77749475721587,-16.55776,-6.0757,1708.2549
2076,156,0.5832,0.4168,CV,106.9591,106.3049,-19.088866928697424,-18.917926704307177,-27.1087,-3.71333,2801.1614
2077,156,0.5484,0.4516,CV,92.3029,90.1649,-25.921131899030243,-25.69286152508496,-52.64162,-9.70632,3983.3508
2078,156,0.561,0.439,CV,66.6293,64.2537,-36.66663317188226,-36.539778607936704,-60.97357,-15.62795,4907.4987
2079,156,0.5737,0.4263,CV,50.5357,47.5565,-46.06727685803229,-45.973998173090045,-59.15609,-16.83761,5532.8649
2080,156,0.589,0.411,CV,42.877,40.4466,-59.86944163349681,-59.82063790052101,-51.44997,-14.64932,5798.4688
2081,156,0.6059,0.3941,CV,38.4579,37.4638,-76.78475288780415,-76.78370772761008,-36.77217,-11.89018,5720.3186
2082,156,0.6026,0.3974,CV,41.0437,39.3205,-97.83863373699275,-97.79898272783258,-33.53691,-9.02969,5520.9805
2083,156,0.609,0.391,CV,26.1968,24.7236,-109.56042493529269,-109.55245130844878,-26.26573,-5.26331,5296.8461
2084,156,0.5948,0.4052,CV,65.5177,64.2675,-111.41587715752317,-111.33929606717771,-28.38326,-5.18157,4994.9615
2085,156,0.5758,0.4242,CV,84.2953,82.9288,-106.14119432601731,-106.00687470174009,-32.19826,-5.41641,4679.6602
2086,156,0.5701,0.4299,CV,69.754,68.0819,-73.62093168674161,-73.49128640835673,-33.97072,-4.93709,4482.9976
2087,156,0.5736,0.4264,CV,63.867,62.2078,-52.80643251722448,-52.69937129440572,-33.44088,-3.20601,4353.0052
2088,156,0.5836,0.4164,CV,56.1329,54.6598,-35.60192733313768,-35.53073395086541,-29.94353,-1.63083,4299.6082
2089,156,0.5952,0.4048,CV,48.6178,47.461,-25.79880934276991,-25.761276597337794,-24.17297,-0.77494,4313.0661
2090,156,0.6019,0.3981,CV,43.8149,42.7127,-20.30956323395997,-20.28251712617179,-19.54142,0.0128,4335.7157
2091,156,0.6074,0.3926,CV,34.03,33.053,-17.44459730664058,-17.431096489313504,-15.26353,0.38417,4360.322
2092,156,0.612,0.388,CV,44.9546,44.6424,-19.45060185440104,-19.447926418518314,-11.55628,1.70581,4261.9365
2093,156,0.614,0.386,CV,29.118,28.6523,-17.473072671714945,-17.472339087814426,-8.90209,1.70029,4307.8218
2094,156,0.6185,0.3815,CV,35.9764,36.3594,-14.483931201750652,-14.499300075761271,-2.6841,2.11445,4316.056
2095,156,0.6181,0.3819,CV,53.3446,53.4652,-13.417938980914439,-13.42496482779968,2.42102,1.67261,4300.0694
2096,156,0.6167,0.3833,CV,44.2519,44.1208,-14.08248217392689,-14.084156520323162,4.59626,0.76403,4331.8292
2097,156,0.6147,0.3853,CV,57.29,57.0674,-15.8099006125545,-15.804942017583592,6.23666,0.35389,4275.2065
2098,156,0.6132,0.3868,CV,53.6177,53.2808,-17.677758357432346,-17.66941294575858,7.00087,0.1095,4199.5449
2099,156,0.6145,0.3855,CV,34.9404,34.6009,-23.74061036646502,-23.740063416289587,6.81021,-0.13,4235.1091
2100,156,0.609,0.391,CV,90.8394,90.6073,-21.957430144639766,-21.931975115332136,7.25852,-3.44015,4031.8227
2101,156,0.6095,0.3905,CV,45.9689,45.4377,-23.549749203954164,-23.53438775800565,7.9312,-3.35064,3936.2707
2102,156,0.6129,0.3871,CV,40.9422,40.6885,-33.29992064269074,-33.29829042109543,7.41954,-3.9388,3953.3031
2103,156,0.6125,0.3875,CV,42.5622,42.1084,-37.11984072216141,-37.111335487812134,7.47477,-4.29005,3913.2495
2104,156,0.6167,0.3833,CV,52.2845,52.4393,-45.7975281674161,-45.80725774954067,4.7382,1.26569,3799.5701
2139,158,0.7,0.3,CV,7.5923,7.5923,-8.310005474574922,-8.310005474574922,0.0,0.0,96.3835
2140,158,0.6464,0.3536,CV,8.3616,8.3616,-7.962549012850334,-7.968721652440248,3.85238,1.36646,130.4969
2141,158,0.636,0.364,CV,5.6266,5.5266,-7.279697475596846,-7.321390850722874,6.82276,1.93771,188.3139
2142,158,0.6481,0.3519,CV,2.5186,2.5863,-7.544630601151062,-7.6549409614540185,2.68286,3.05321,223.6239
2143,158,0.6499,0.3501,CV,2.8592,2.9481,-7.894115104056625,-7.993887496760868,-0.27915,2.05565,232.5798
2144,158,0.6409,0.3591,CV,4.9311,4.9309,-7.417274170219553,-7.475311528105122,1.37266,1.35463,228.326
2145,158,0.6256,0.3744,CV,8.8797,8.8056,-8.402388144852926,-8.407839322610197,3.14723,1.45597,215.2745
2146,158,0.608,0.392,CV,11.149,10.9625,-9.917462245298966,-9.871265178575237,4.08072,1.20304,202.5614
2147,158,0.6087,0.3913,CV,6.4964,6.2689,-8.556103183024508,-8.538954062399004,3.45641,1.03638,189.0957
2148,158,0.6196,0.3804,CV,5.5877,5.6905,-7.751264570864649,-7.778743272327844,1.72046,0.48683,180.4124
2149,158,0.6211,0.3789,CV,11.1601,11.2339,-8.511910226077973,-8.529822107056798,-0.02043,0.00722,173.355
2150,158,0.6202,0.3798,CV,1.8883,1.8999,-7.776939115229416,-7.788776979970642,-0.06721,0.12035,165.1342
2151,158,0.6179,0.3821,CV,9.3018,9.3032,-11.039238373843943,-11.042992878616026,0.63319,0.21796,159.7471
2152,158,0.6154,0.3846,CV,9.5616,9.5264,-12.65328322294511,-12.649742403637982,1.03089,0.21423,155.1315
2153,158,0.6183,0.3817,CV,3.7385,3.7933,-8.241629708733345,-8.25375934160362,0.37029,0.14557,151.1055
2154,158,0.617,0.383,CV,14.0475,14.0668,-9.608569773305677,-9.611201200894827,-0.61804,-0.10307,150.9668
2155,158,0.6178,0.3822,CV,2.8971,2.8928,-9.064946829252785,-9.07255694432117,-0.39999,0.10388,150.1426
2156,158,0.6182,0.3818,CV,0.8068,0.8264,-12.77321822052604,-12.781642742264388,-0.20715,0.06944,148.9896
2157,158,0.6179,0.3821,CV,7.4337,7.4395,-17.671673605729403,-17.678193336480916,-0.06029,0.09758,144.3152
2157,159,0.7,0.3,CV,109.1398,109.1398,-19.19441516156278,-19.19441516156278,0.0,0.0,1149.2006
2158,158,0.6156,0.3844,CV,10.9171,10.8989,-15.186961877185242,-15.184273415987498,-0.54967,0.41265,139.598
2158,159,0.638,0.362,CV,117.7187,117.7187,-21.287632056546602,-21.257049964895877,-13.58926,-3.36805,1664.1777
2159,158,0.6118,0.3882,CV,13.1218,13.08,-12.279316091002745,-12.263715354533925,-1.31204,0.52402,136.9121
2159,159,0.597,0.403,CV,90.3227,89.586,-20.336394351942616,-20.225641226512224,-31.19133,-6.06433,2583.7894
2160,158,0.6002,0.3998,CV,19.6942,19.6166,-12.687238241377482,-12.629001849436783,-2.39715,0.60497,134.4245
2160,159,0.573,0.427,CV,77.1238,75.3717,-28.004005267453024,-27.85543206270806,-48.51899,-4.77338,3499.8496
2161,158,0.5986,0.4014,CV,26.5999,26.5723,-15.884749706613466,-15.836865439111618,-2.4352,-0.33644,143.907
2161,159,0.5704,0.4296,CV,65.0519,62.9204,-41.46963842181762,-41.34530969246363,-56.18805,-4.48,4236.5663
2162,158,0.5917,0.4083,CV,24.8459,24.6995,-12.549156252861144,-12.474678600146472,-2.75859,-0.74657,153.1536
2162,159,0.577,0.423,CV,50.1408,47.5541,-55.13695352017313,-55.043285242025455,-54.81516,-5.13076,4737.9714
2163,158,0.5915,0.4085,CV,22.6556,22.5069,-12.843632083547716,-12.778825648801776,-3.17414,-0.63846,153.3912
2163,159,0.5856,0.4144,CV,39.1445,36.2551,-64.28906258662923,-64.2215332102036,-49.83091,-4.09926,5031.1242
2164,158,0.5908,0.4092,CV,20.4945,20.3195,-13.44048430526528,-13.37300299363453,-3.47905,-0.63792,157.1767
2164,159,0.5976,0.4024,CV,33.1712,30.9705,-77.48894073587623,-77.4580490791561,-40.9319,-4.29172,5077.4585
2165,158,0.5882,0.4118,CV,21.7748,21.587,-15.574286134563067,-15.4968736219408,-3.95329,-0.5274,161.9443
2165,159,0.603,0.397,CV,31.8957,30.054,-94.12425594456425,-94.09868942411266,-33.44683,-3.81697,4977.6355
2166,158,0.5815,0.4185,CV,25.7875,25.5771,-15.425736910930675,-15.324639411091985,-4.5828,-0.62694,172.6345
2166,159,0.6095,0.3905,CV,23.5959,22.12,-114.18194551866321,-114.17533120118324,-25.28624,-3.37444,4803.584
2167,158,0.5743,0.4257,CV,28.4201,28.164,-15.298243258796479,-15.17765127364387,-5.35729,-0.43139,184.0046
2167,159,0.6105,0.3895,CV,28.4122,27.2482,-106.08735620778343,-106.07552009702562,-20.52579,-2.97382,4662.3208
2168,158,0.5735,0.4265,CV,27.0104,26.7139,-13.343647188802034,-13.230101898058694,-5.76451,-0.41955,198.9368
2168,159,0.6047,0.3953,CV,52.4933,51.5112,-85.89356785873414,-85.85574489855165,-19.63927,-3.11745,4585.6022
2169,158,0.5816,0.4184,CV,25.2776,24.9969,-11.489171054486324,-11.410043014894276,-5.37306,-0.3542,222.7021
2169,159,0.6027,0.3973,CV,51.4422,50.3678,-74.59623991049001,-74.55892090416039,-18.28379,-3.29786,4492.3608
2170,158,0.5934,0.4066,CV,18.5924,18.3055,-10.218412219638433,-10.176128221347389,-4.51245,-0.25685,247.2547
2170,159,0.6004,0.3996,CV,67.224,66.4017,-75.40571732006333,-75.36170442471808,-18.14125,-1.39518,4345.3305
2171,158,0.5967,0.4033,CV,22.5463,22.275,-14.461637075669382,-14.415680925785477,-4.28225,-0.18835,271.8662
2171,159,0.5902,0.4098,CV,91.7134,90.7862,-61.58369909313345,-61.500711524483485,-20.89157,-0.19197,4265.1375
2172,158,0.5963,0.4037,CV,35.3564,35.2191,-22.225643000575708,-22.173193016418487,-4.82408,0.38023,271.9727
2172,159,0.5853,0.4147,CV,88.0527,86.9304,-47.145049400577854,-47.056474044716985,-22.54967,-0.39322,4242.5387
2173,159,0.588,0.412,CV,76.2624,75.0777,-38.35397499083086,-38.283902684106536,-22.09486,0.01292,4290.2598
2174,159,0.5964,0.4036,CV,56.3037,55.1594,-31.651131730607034,-31.612012608709442,-19.25192,-0.33435,4372.4918
2174,158,0.5,0.5,CA,42.9149,42.8897,-28.011113566654195,-27.962231695402494,-2.25802,1.55552,278.6522
2175,159,0.6017,0.3983,CV,53.277,52.2494,-25.470609553671473,-25.441043851734186,-16.86464,-0.44359,4449.4959
2175,158,0.5678,0.4322,CV,17.3774,17.2649,-20.128098888567344,-20.09889647056908,-0.38346,2.21823,271.3416
2176,159,0.6062,0.3938,CV,46.493,45.624,-19.068677201403858,-19.050310626597224,-14.46761,0.09586,4489.2407
2176,158,0.5937,0.4063,CV,42.0814,42.2413,-18.970226510313648,-18.949460795262958,-3.9882,0.24126,297.5434
2177,159,0.6162,0.3838,CV,17.0036,17.7676,-12.774381939383039,-12.791442857754426,-7.26573,0.21335,4539.9536
2177,158,0.5969,0.4031,CV,26.9913,26.8374,-15.037474262860712,-14.991943048312683,-3.41674,-0.42061,327.9531
2178,159,0.6188,0.3812,CV,37.9692,38.2785,-14.92219063183115,-14.935418260333739,-1.8026,0.37284,4664.4859
2178,158,0.6072,0.3928,CV,19.0453,18.9718,-13.817418754560483,-13.81041981808189,-1.45252,-0.63364,349.721
2179,159,0.6168,0.3832,CV,88.6776,88.7912,-15.609623116352088,-15.610648248507133,1.57379,-1.54673,4460.6638
2179,158,0.6083,0.3917,CV,28.3153,28.2296,-14.611001524629135,-14.59299316810688,0.2174,-0.56112,379.6857
2180,159,0.6148,0.3852,CV,50.0844,49.8226,-17.28547784940895,-17.28108108731064,2.79254,-2.27931,4336.1814
2180,158,0.6093,0.3907,CV,30.7837,30.7111,-14.731399102047714,-14.716284437442905,1.69589,-0.48685,405.0875
2181,159,0.6154,0.3846,CV,33.6256,33.3049,-27.355216753390152,-27.35603159400642,2.42229,-3.59168,4280.0885
2181,158,0.6099,0.3901,CV,30.296,30.2235,-17.30551140820358,-17.291563543059983,2.66223,-0.18317,416.8682
2182,159,0.6161,0.3839,CV,57.8963,57.905,-37.69121716036883,-37.69429936830497,4.3304,-4.34138,4374.4541
2182,158,0.6081,0.3919,CV,29.086,28.9378,-18.128981961628213,-18.106276719817636,3.3178,-0.10396,437.0381
2183,159,0.6142,0.3858,CV,57.8257,57.5988,-37.81643351686545,-37.810549809710345,5.29136,-3.98211,4230.0486
2183,158,0.6074,0.3926,CV,27.6827,27.4983,-16.50176243975809,-16.478982932169536,3.58623,-0.34986,469.9636
2184,159,0.6126,0.3874,CV,54.2641,53.9701,-47.632564790301835,-47.6224746694458,4.17859,-3.65883,4020.3616
2184,158,0.6081,0.3919,CV,26.2269,26.0447,-18.01921831154713,-18.000352216369826,3.78092,-0.12239,490.8844
2185,159,0.6136,0.3864,CV,45.822,45.6279,-59.78153195709453,-59.77806603456818,2.49823,0.02827,3833.3284
2185,158,0.6087,0.3913,CV,24.0586,23.8552,-16.465818934088304,-16.44855146912244,3.80531,-0.11857,523.0052
2186,158,0.6096,0.3904,CV,22.7136,22.5028,-16.96104543805339,-16.9467067578082,3.78874,-0.16325,553.828
2187,158,0.6098,0.3902,CV,24.2476,24.0387,-16.80050622569376,-16.785596737217645,3.86494,-0.06281,588.2135
2188,158,0.6099,0.3901,CV,25.1775,24.9666,-20.66585189955451,-20.65102569966492,3.98024,0.19096,620.3769
2189,158,0.6072,0.3928,CV,34.6674,34.4473,-19.014011396918235,-18.98753934227416,4.71668,0.0607,656.208
2190,158,0.609,0.391,CV,24.0179,23.7617,-21.860276214933073,-21.84544730945098,4.49054,-0.07896,687.6693
2191,158,0.6113,0.3887,CV,19.9417,19.711,-21.14840038559705,-21.140621599979216,3.9994,-0.44628,728.1663
2192,158,0.6123,0.3877,CV,20.5839,20.3615,-21.8429458172049,-21.836064513036995,3.77565,-0.50375,770.2472
2193,158,0.6131,0.3869,CV,21.889,21.709,-26.064436025425245,-26.05921854051838,3.61809,-0.40139,793.4198
2194,158,0.6134,0.3866,CV,20.5992,20.4028,-24.534099713970733,-24.52897378650381,3.55677,-0.53455,819.6754
2195,158,0.6122,0.3878,CV,26.3792,26.1827,-24.86119005409327,-24.85082515762548,3.94133,-0.55635,841.4842
2196,158,0.6108,0.3892,CV,28.3567,28.1351,-20.098238803531153,-20.08347270077131,4.37056,-0.47666,856.9541
2197,158,0.6053,0.3947,CV,42.2323,41.9937,-13.214794368640966,-13.179203247225448,5.93001,0.26778,879.406
2198,158,0.6107,0.3893,CV,15.3414,15.0252,-11.479312595705009,-11.47446973909734,4.68539,0.39879,897.29
2199,158,0.609,0.391,CV,29.6539,29.391,-17.580205437165933,-17.56014429154046,5.27048,0.23366,915.3389
2200,158,0.6128,0.3872,CV,17.9959,17.8029,-14.710475406013096,-14.708832872553739,4.30591,-0.44117,948.776
2201,158,0.6137,0.3863,CV,19.7728,19.5796,-17.349093544901535,-17.346065419221205,3.76553,-0.71777,953.4549
2202,158,0.6132,0.3868,CV,22.0688,21.8563,-15.049585172726342,-15.042631454481914,3.95436,-0.65166,963.9351
2203,158,0.6134,0.3866,CV,19.9568,19.7377,-12.952763014925742,-12.947832336440023,3.84299,-0.82476,979.5132
2204,158,0.6144,0.3856,CV,16.6061,16.3932,-11.798733043149262,-11.79729584737141,3.50171,-0.82629,996.1057
2205,158,0.6162,0.3838,CV,9.3804,9.2062,-11.31891583510305,-11.323894941769481,2.68732,-0.68938,1016.575
2206,158,0.6169,0.3831,CV,11.6386,11.5253,-11.875347920543922,-11.880667492756631,2.12265,-0.896,1022.8439
2207,158,0.6178,0.3822,CV,7.4619,7.4065,-11.155518505482577,-11.16337415906592,1.52395,-0.68006,1045.4373
2208,158,0.618,0.382,CV,7.0626,7.0001,-10.948265738828857,-10.955922094975893,1.14468,-0.55217,1072.1731
2209,158,0.618,0.382,CV,7.9777,7.9126,-10.764540864345028,-10.771780787563003,1.17592,-0.44743,1088.8166
2210,158,0.6179,0.3821,CV,14.0578,14.0318,-10.860682995592033,-10.867468501166401,1.32603,0.1156,1092.8304
2211,158,0.6175,0.3825,CV,17.8775,17.8287,-10.980744021847139,-10.985770412127156,1.27414,0.4979,1084.4374
2212,158,0.6176,0.3824,CV,11.0464,10.9477,-10.655096632892485,-10.661380941393208,1.24195,0.38473,1083.6113
2213,158,0.6182,0.3818,CV,6.3868,6.3074,-10.472649555503896,-10.481299754235097,1.15121,0.06942,1091.0897
2214,158,0.6186,0.3814,CV,9.541,9.5415,-10.804988985893104,-10.814253814796178,1.13074,-0.11729,1111.2001
2215,158,0.6185,0.3815,CV,6.9946,6.9361,-10.904158800526867,-10.912509571447828,1.13665,-0.05784,1123.6024
2216,158,0.6183,0.3817,CV,9.7859,9.7433,-11.089477944821542,-11.09730152840413,1.15873,0.13329,1121.1265
2217,158,0.618,0.382,CV,14.8952,14.8587,-11.064388903997097,-11.071062452299248,0.93941,0.63512,1107.5921
2218,158,0.6178,0.3822,CV,14.5472,14.49,-10.79703440073077,-10.803278993764845,0.34979,0.87454,1090.7573
2219,158,0.6176,0.3824,CV,13.4511,13.3596,-10.836579395293153,-10.842287149150678,0.63064,0.66096,1070.7957
2220,158,0.6179,0.3821,CV,15.8085,15.7871,-12.388698434779112,-12.396139618448194,1.61514,0.45367,1068.3917
2221,158,0.6094,0.3906,CV,48.3699,48.266,-16.79902878092443,-16.770248396468055,4.50673,0.76995,1030.2992
2222,158,0.6158,0.3842,CV,4.1082,4.0503,-13.009578864814038,-13.020043080456336,2.93719,0.44819,1019.6429
2223,158,0.6189,0.3811,CV,13.0522,13.1655,-11.74304920556306,-11.757211101026334,0.77464,0.29567,996.0751
2224,158,0.6188,0.3812,CV,7.5137,7.4465,-10.516004014458808,-10.525155195147367,0.70373,0.08729,965.0775
2225,158,0.6193,0.3807,CV,5.5777,5.6114,-10.805384125572415,-10.816824070380163,0.40084,-0.35109,946.1041
2226,158,0.6191,0.3809,CV,4.9068,4.878,-11.117268039380118,-11.127421954136052,0.29346,-0.56877,922.2598
2227,158,0.6188,0.3812,CV,10.0327,10.0288,-10.27905629666533,-10.288051824979565,0.61889,-0.59316,910.1294
2228,158,0.6178,0.3822,CV,15.618,15.5747,-10.493477057910997,-10.498507990088546,1.33487,-0.90458,888.9539
2229,158,0.6171,0.3829,CV,13.9216,13.8417,-10.337300177588526,-10.341078373261848,1.75455,-0.74519,872.7645
2230,158,0.6175,0.3825,CV,11.2203,11.1749,-10.198231886842626,-10.204774863806321,1.64234,0.07125,858.3613
2231,158,0.6178,0.3822,CV,17.1742,17.1791,-13.292143507446816,-13.298992130149312,1.01843,0.30524,818.7143
2232,158,0.6182,0.3818,CV,8.7611,8.7275,-14.53090983147219,-14.539420461992428,0.29676,0.295,788.086
2233,158,0.6187,0.3813,CV,5.8349,5.7942,-15.791147660790772,-15.80106274183301,0.02415,-0.09384,760.4505
2234,158,0.6189,0.3811,CV,13.6813,13.7147,-11.64206419850795,-11.652218341332599,0.77362,-0.54752,746.6156
2235,158,0.6171,0.3829,CV,19.5255,19.4908,-10.559116674138238,-10.561230290579683,1.28441,-0.87316,743.1226
2236,158,0.6164,0.3836,CV,14.4715,14.378,-10.510711361721384,-10.51235094375448,1.6559,-0.91834,728.9055
2237,158,0.617,0.383,CV,7.8366,7.7401,-10.56056696496596,-10.566115762010412,1.48909,-0.74143,711.6073
2238,158,0.6183,0.3817,CV,0.8319,0.9048,-10.842876381298408,-10.85264323495344,0.86308,-0.39672,697.1896
2239,158,0.6187,0.3813,CV,3.4456,3.4606,-10.718133243907532,-10.727872005711635,0.35683,-0.42158,683.8838
2240,158,0.6162,0.3838,CV,24.7034,24.6858,-10.933333962891698,-10.93194457136569,1.82281,-0.58429,656.3959
2241,158,0.6186,0.3814,CV,13.3587,13.4403,-10.686995788770664,-10.699479428587747,0.50632,-0.57427,654.0049
2242,158,0.6161,0.3839,CV,22.861,22.8209,-11.133619909624056,-11.131774808366684,1.72643,-0.88524,653.2255
2243,158,0.616,0.384,CV,12.3919,12.2828,-10.621964098539403,-10.623491384411045,1.84356,-0.73115,645.6461
2244,158,0.6158,0.3842,CV,19.6562,19.6138,-10.559123608463608,-10.559827905669763,1.19122,-0.49793,661.0035
2245,158,0.6157,0.3843,CV,16.7195,16.6434,-10.74140154351262,-10.742182511210965,0.49385,-0.58429,679.7056
2246,158,0.6167,0.3833,CV,11.528,11.4845,-10.31962642268367,-10.324570717480514,0.75178,-0.83884,680.8959
2247,158,0.6153,0.3847,CV,25.2887,25.2446,-11.01315152613868,-11.010825914298437,1.69081,-1.39939,676.1329
2248,158,0.6135,0.3865,CV,24.4591,24.3548,-11.64794730709736,-11.640116298386117,2.20422,-1.8869,670.5815
2249,158,0.6142,0.3858,CV,14.941,14.7868,-11.103424869398957,-11.10101570009846,2.17885,-1.80695,671.2346
2250,158,0.6161,0.3839,CV,7.971,7.8265,-12.150701122785174,-12.155396958004332,1.77069,-1.45091,676.543
2251,158,0.6092,0.3908,CV,52.0595,52.0053,-16.36893275632223,-16.3418104046969,1.71574,-2.63423,732.8617
2252,158,0.6075,0.3925,CV,35.6708,35.452,-13.3404120296274,-13.316434534563118,2.21607,-3.17213,765.4116
2253,158,0.6096,0.3904,CV,34.4719,34.3643,-11.95084281093721,-11.938165190806796,1.46917,-3.79922,752.773
2254,158,0.612,0.388,CV,17.4897,17.2777,-14.972427219649472,-14.966484294507914,1.06419,-3.49067,767.9367
2255,158,0.6133,0.3867,CV,26.5542,26.4752,-16.757066363896804,-16.753430308872503,-0.71697,-3.27036,792.4466
2256,158,0.6125,0.3875,CV,30.6132,30.4917,-23.798748353178034,-23.789424564480058,-1.93145,-2.87698,831.3231
2257,158,0.6124,0.3876,CV,26.479,26.3026,-28.572754210803424,-28.564362646568714,-2.45076,-2.3396,872.9319
2258,158,0.6134,0.3866,CV,25.5965,25.4715,-27.43227308726624,-27.428184327817146,-2.87207,-1.92513,880.8151
2259,158,0.6003,0.3997,CV,73.0113,72.9644,-21.811906635855976,-21.751547211360826,-2.84204,-3.12004,795.6456
2260,158,0.6059,0.3941,CV,20.8482,20.6193,-22.565577860495406,-22.547896965057223,-1.47449,-1.7518,771.6657
2261,158,0.6109,0.3891,CV,14.9166,14.7051,-30.715931759579256,-30.710846655753915,-0.72101,-0.21532,747.1448
2262,158,0.6124,0.3876,CV,14.7482,14.5418,-43.167237308072224,-43.161234995968385,-0.514,1.06641,708.6569
2263,158,0.6142,0.3858,CV,14.3277,14.1995,-51.40610891816101,-51.40561339382704,-1.01759,2.24454,668.5362
