frame,track_id,mu_CV,mu_CA,dominant,nu_CV_norm,nu_CA_norm,L_CV,L_CA,ax,ay,P_trace
171,360,0.7,0.3,CV,17.8165,17.8165,-17.818898941998633,-17.818898941998633,0.0,0.0,25.9237
172,360,0.441,0.559,CA,35.9706,35.9706,-113.30115841727114,-112.4671047882162,20.52017,-0.61914,39.0251
173,360,0.0,1.0,CA,40.0522,39.4288,-123.69519815001449,-109.68047174339233,106.27984,-6.69116,108.8152
175,360,0.5,0.5,CA,42.185,38.4892,-45.023605092477275,-36.07461880432325,287.85088,-35.84234,164.5198
176,360,0.7653,0.2347,CV,15.3393,22.8733,-11.060096595689556,-11.939576856820093,-111.79369,6.93497,206.2666
177,360,0.1814,0.8186,CA,19.4876,21.129,-18.61860487392247,-16.41351768858038,110.41469,-14.7416,208.4396
193,361,0.7,0.3,CV,3.0322,3.0322,-7.385361751266636,-7.385361751266636,0.0,0.0,7.5593
194,361,0.6475,0.3525,CV,1.333,1.333,-3.7850702542741423,-3.796083426711381,0.57066,-0.0,10.1456
195,361,0.6368,0.3632,CV,2.008,2.0133,-4.416097901869905,-4.45975112272226,-0.26768,-1.54406,14.7027
196,361,0.6387,0.3613,CV,1.4985,1.4693,-5.782291207677765,-5.850188618653703,0.56189,-1.62468,17.613
197,361,0.6139,0.3861,CV,3.7166,3.7195,-9.686583726138032,-9.64583464207735,-1.55308,-0.97212,18.4054
198,361,0.6392,0.3608,CV,0.4328,0.5674,-3.2985280994316515,-3.4027744215894593,-0.78333,-0.45214,18.0304
199,361,0.6406,0.3594,CV,1.335,1.3953,-3.568834414452442,-3.641381247081694,-0.18413,-0.13564,16.8876
200,361,0.6323,0.3677,CV,1.2345,1.241,-3.3718654991631203,-3.406511804909364,0.14814,-0.08877,15.521
201,361,0.6263,0.3737,CV,0.9643,0.9571,-3.5954171014387457,-3.616552591852546,0.20598,0.03209,14.2672
202,361,0.6231,0.3769,CV,0.8369,0.8334,-3.18143383774278,-3.198207783874347,0.18408,0.00937,13.0437
203,361,0.6216,0.3784,CV,0.8844,0.8871,-3.441676606749534,-3.4564177585729023,0.07601,0.01437,11.9239
204,361,0.6201,0.3799,CV,0.806,0.8022,-3.06862993421434,-3.0794448609277087,0.09792,0.05714,11.0407
205,361,0.6193,0.3807,CV,1.3944,1.3956,-7.187916899303773,-7.19752722285546,-0.03001,0.08547,10.187
206,361,0.6192,0.3808,CV,0.934,0.9359,-4.31654618015838,-4.326686012474113,-0.04591,0.06957,9.6308
207,361,0.6182,0.3818,CV,1.8298,1.8309,-4.715927425338457,-4.722238932276398,0.06731,0.04904,9.261
208,361,0.6186,0.3814,CV,0.3955,0.4002,-3.122285254219951,-3.131930767605504,0.04068,0.00753,8.794
209,361,0.6185,0.3815,CV,1.094,1.0958,-3.054101112160114,-3.0625606692230667,0.0172,-0.05206,8.3206
210,361,0.6186,0.3814,CV,0.7134,0.7155,-3.036547249125551,-3.0456155054933673,0.00134,-0.01806,8.0876
212,361,0.5,0.5,CA,2.7493,2.748,-7.245393877630937,-7.248736131372185,0.00929,0.00601,8.592
213,361,0.5749,0.4251,CV,2.2024,2.1961,-6.171782725341973,-6.171577144516691,-0.08961,0.03439,8.3982
214,361,0.6024,0.3976,CV,1.4764,1.473,-3.725760644211567,-3.7308139498054635,-0.09542,-0.06206,8.4198
215,361,0.6088,0.3912,CV,4.9865,4.9889,-20.968219936003795,-20.95951740375488,0.25044,-0.13681,8.5812
216,361,0.6134,0.3866,CV,3.4624,3.4651,-8.320656297527801,-8.322185365216345,0.00445,-0.25915,8.7101
217,361,0.6136,0.3864,CV,3.1788,3.1736,-4.7774479113151305,-4.772616355551038,-0.14074,-0.28436,8.5773
218,361,0.6114,0.3886,CV,3.5693,3.5588,-5.156658158118718,-5.142539064755221,-0.32503,-0.24589,8.7797
219,361,0.6121,0.3879,CV,3.296,3.2892,-12.015244445590916,-12.007439085505286,-0.37035,-0.06364,8.6024
220,361,0.6178,0.3822,CV,4.1149,4.1332,-6.386637047639827,-6.401771465688179,0.11417,0.02258,8.5175
221,361,0.5786,0.4214,CV,9.8488,9.8414,-20.98542967050516,-20.828690657468712,0.92226,0.00387,8.3283
222,361,0.5089,0.4911,CV,10.3562,10.3062,-27.662869403048898,-27.282502349194647,1.66195,-0.18094,8.4001
223,361,0.4755,0.5245,CA,7.6013,7.509,-14.859374855474723,-14.446377184135638,2.30676,-0.26363,8.4802
224,361,0.5357,0.4643,CV,4.0218,3.9555,-9.65615180885036,-9.53191318644016,2.16703,-0.36864,9.0976
225,361,0.5803,0.4197,CV,1.2779,1.1762,-5.677410312999445,-5.647663669771813,1.72297,-0.26255,9.2537
226,361,0.5788,0.4212,CV,2.9233,2.8444,-4.489210579656934,-4.38882887549277,1.7278,-0.31733,9.1877
227,361,0.6147,0.3853,CV,2.4558,2.5054,-4.047314256335485,-4.097990509385215,0.79044,-0.17933,9.4208
232,361,0.5,0.5,CA,5.3412,5.3414,-45.588866355117375,-45.591775168153994,0.05054,0.13236,10.68
233,361,0.5775,0.4225,CV,2.8068,2.8172,-24.653749574516898,-24.664066968132495,-0.0721,0.03729,9.3969
234,361,0.5964,0.4036,CV,4.9069,4.9037,-10.829555338911831,-10.805777481220822,-0.39033,0.07432,8.8563
713,365,0.7,0.3,CV,75.7406,75.7406,-234.53312607877538,-234.53312607877538,0.0,0.0,63.0259
714,365,0.6004,0.3996,CV,72.1537,72.1537,-205.48883909700712,-205.2987766247533,-12.24885,2.97722,97.1488
715,365,0.2849,0.7151,CA,85.897,85.4784,-205.55658041445542,-204.18840866753985,-34.77218,6.62167,203.9498
716,365,0.0843,0.9157,CA,94.5257,92.944,-219.52404052714212,-217.14027406069633,-83.32846,13.68976,416.2028
717,365,0.2996,0.7004,CA,34.3705,32.2892,-94.76054962364493,-94.19522658667385,-99.61425,18.74683,626.1991
718,365,0.1826,0.8174,CA,61.8925,58.4356,-136.89518433679976,-135.37718268902017,-152.89062,27.0715,1003.882
719,365,0.1868,0.8132,CA,59.3124,54.671,-149.6294298905306,-148.3030271023104,-228.33486,37.46442,1481.551
720,365,0.2501,0.7499,CA,48.3915,43.0967,-169.13312167727952,-168.1737268811486,-288.30107,43.48364,1996.0263
721,365,0.4259,0.5741,CA,26.0731,22.0695,-192.6612134857195,-192.41264026394677,-276.02998,38.16357,2479.2227
722,365,0.6225,0.3775,CV,23.4472,27.9205,-187.10635901368596,-187.40962094946022,-144.36445,16.60065,2606.5643
723,365,0.6619,0.3381,CV,12.5288,15.8352,-196.25641641913015,-196.44747965862268,-49.50733,3.99826,2330.002
724,365,0.6528,0.3472,CV,16.6125,17.8192,-182.3779178493901,-182.47002728428657,-3.65911,-1.29436,2010.4294
725,365,0.6334,0.3666,CV,23.1079,22.9423,-157.09017671514113,-157.11111161786397,8.28649,-2.20245,1753.4873
726,365,0.6094,0.3906,CV,53.5517,53.2912,-147.46681168470707,-147.41474796254562,8.46839,-1.59726,1496.6196
727,365,0.6061,0.3939,CV,21.3925,20.8383,-81.1755066924532,-81.14521321233657,10.35002,-1.89228,1334.0965
728,365,0.6234,0.3766,CV,31.4975,31.889,-120.72387827442465,-120.77184598414097,3.82147,0.71468,1273.3865
729,365,0.6205,0.3795,CV,11.8843,11.7194,-98.87927030330569,-98.8888708802338,3.27495,0.86809,1198.2714
730,365,0.6184,0.3816,CV,13.3019,13.1533,-87.0774635799313,-87.0826863388215,2.88438,1.03616,1150.288
731,365,0.6181,0.3819,CV,9.9165,9.8184,-81.28192817345065,-81.28905251073155,1.79488,1.00469,1118.0745
732,365,0.6176,0.3824,CV,13.0654,12.9812,-67.6936323125336,-67.6988229530859,1.20023,0.80164,1088.5755
733,365,0.6173,0.3827,CV,16.544,16.5039,-64.99412918730648,-64.99918978635014,0.08971,0.73268,1066.0603
734,365,0.6152,0.3848,CV,34.6589,34.6326,-74.52782882413035,-74.5240769747542,2.39461,0.49783,1056.8548
735,365,0.6177,0.3823,CV,25.4601,25.5613,-34.4937582369676,-34.50399096277683,-0.18628,0.35776,1056.0636
736,365,0.6168,0.3832,CV,28.0483,28.0403,-44.409713565025314,-44.41215544319181,1.61416,0.14986,1057.5349
737,365,0.6103,0.3897,CV,51.4324,51.3291,-49.17709318535457,-49.15351031663256,4.03565,-0.39318,1043.4654
738,365,0.6037,0.3963,CV,49.6876,49.45,-58.120821141491355,-58.079284752182396,5.74209,-0.36131,1032.6347
739,365,0.5997,0.4003,CV,45.5396,45.2434,-70.6553717302317,-70.6069880555778,6.08361,-1.57006,1004.8557
740,365,0.6016,0.3984,CV,34.0182,33.7331,-86.028258307444,-85.9932937332271,5.28737,-0.07776,969.7085
741,365,0.5877,0.4123,CV,79.6254,79.6854,-43.61302358565307,-43.517825317062425,-4.04475,-0.96487,899.5682
807,367,0.7,0.3,CV,15.6015,15.6015,-14.478997382525828,-14.478997382525828,0.0,0.0,20.2621
887,371,0.7,0.3,CV,13.4901,13.4901,-9.358879482572467,-9.358879482572467,0.0,0.0,74.5015
888,371,0.6203,0.3797,CV,23.7148,23.7148,-26.826855228417962,-26.720668427834582,12.18644,3.16176,99.2318
889,371,0.6397,0.3603,CV,2.2888,2.2748,-9.186075635448594,-9.282978497524862,5.77921,3.50028,144.8089
890,371,0.469,0.531,CA,16.0627,15.8564,-29.19558550481896,-28.565195955601013,20.38661,-6.00202,188.5584
891,371,0.5535,0.4465,CV,6.7777,6.4398,-25.256009739514226,-25.21289814309609,20.81463,-3.63784,208.472
892,371,0.6027,0.3973,CV,6.3628,6.2383,-19.235712358026746,-19.272846877733762,13.35283,-6.42399,186.6164
893,371,0.6573,0.3427,CV,4.3853,4.9963,-18.026561661437796,-18.226697347615875,2.68627,-1.75765,157.0677
894,371,0.6188,0.3812,CV,10.8266,10.9673,-19.933139443302057,-19.885301290488364,-4.92173,0.94835,134.5839
895,371,0.5842,0.4158,CV,8.4023,8.1158,-17.450718937862323,-17.315831146307506,-6.16697,1.24055,119.1562
896,371,0.5821,0.4179,CV,7.2927,7.0059,-19.174718206821836,-19.08189031953108,-5.89461,0.63971,108.4232
897,371,0.5855,0.4145,CV,6.0339,5.7378,-13.276879329570697,-13.201190190441027,-5.35813,0.9193,100.8885
898,371,0.5956,0.4044,CV,4.9681,4.7379,-12.512913422138254,-12.474103380556489,-4.43234,0.56629,94.6078
899,371,0.5819,0.4181,CV,9.4403,9.2272,-11.576388132209729,-11.466222812124391,-4.71647,0.47948,90.0143
900,371,0.5723,0.4277,CV,11.0441,10.811,-12.115244716052601,-11.985571594643693,-4.77086,0.54528,90.3488
901,371,0.5988,0.4012,CV,2.5972,2.3743,-8.779104102480936,-8.772777318406785,-3.33543,0.33196,89.9119
902,371,0.5943,0.4057,CV,9.4214,9.2359,-10.48195873229158,-10.41840054001691,-3.23525,0.37344,91.3713
903,371,0.5872,0.4128,CV,13.4892,13.3113,-11.772475827263861,-11.685981290442804,-3.47001,0.15492,93.6777
904,371,0.5849,0.4151,CV,14.528,14.3556,-9.759772695989177,-9.674161876255589,-3.63184,0.29705,94.5201
905,371,0.5943,0.4057,CV,8.5828,8.3924,-8.592900690141029,-8.549704090430541,-3.16589,0.32691,96.6634
906,371,0.608,0.392,CV,4.9964,4.9291,-9.983830363454315,-9.98371242377709,-2.21747,0.21562,97.4415
907,371,0.6048,0.3952,CV,10.9671,10.8644,-10.049375395364466,-10.015863625183332,-2.31675,0.37427,97.9965
908,371,0.5905,0.4095,CV,20.7994,20.6902,-12.28864288497058,-12.200313847676798,-3.08605,0.16094,104.9067
909,371,0.5795,0.4205,CV,22.1182,21.9415,-12.416935402478746,-12.304217046988619,-3.73625,0.30671,109.7064
910,371,0.5919,0.4081,CV,11.5317,11.3469,-10.839575906734467,-10.794028554578347,-3.30185,0.33817,112.0143
911,371,0.6026,0.3974,CV,6.9938,6.8203,-10.958940385942327,-10.93987524492001,-2.6852,0.21328,116.1599
912,371,0.6109,0.3891,CV,4.4379,4.3341,-11.012058113620178,-11.012040224345675,-1.91019,0.2385,122.5527
913,371,0.6092,0.3908,CV,12.3179,12.2222,-9.625097871069677,-9.605681967937427,-1.96654,0.12958,131.214
914,371,0.6068,0.3932,CV,14.7805,14.6737,-9.359170668078175,-9.332290340971827,-2.20992,0.03987,136.621
915,371,0.6087,0.3913,CV,10.5248,10.4048,-11.665902837568186,-11.650415344624705,-2.03404,-0.0951,143.2715
916,371,0.6136,0.3864,CV,8.5177,8.4891,-16.43747758224636,-16.439666550114673,-1.41923,-0.31083,145.8354
917,371,0.5982,0.4018,CV,31.911,31.8369,-16.645517061439193,-16.57613500918962,-2.98457,-0.40136,155.6653
918,371,0.5986,0.4014,CV,19.8524,19.69,-12.049240939620624,-12.004224503869075,-3.03904,-0.51102,169.4309
919,371,0.6065,0.3935,CV,13.4883,13.3774,-10.71777968917649,-10.705230964237295,-2.27569,-0.42257,187.1259
1503,375,0.7,0.3,CV,0.75,0.75,-2.4160742026044084,-2.4160742026044084,0.0,0.0,2.5516
1504,375,0.6481,0.3519,CV,0.6,0.6,-1.6027604881535278,-1.6162230476312103,0.30299,0.0,3.4467
1505,375,0.644,0.356,CV,0.1933,0.1851,-1.4135887607782023,-1.4878369539314462,0.34421,0.0,4.9524
1506,375,0.6507,0.3493,CV,0.0392,0.0255,-1.450261843204578,-1.559609301105393,0.21863,0.0,5.8353
1507,375,0.6413,0.3587,CV,1.2751,1.2825,-2.2825545771782565,-2.3412590975594103,-0.52032,0.24747,5.9823
1508,375,0.6446,0.3554,CV,1.1152,1.1553,-2.092765476369883,-2.179451894996365,0.1274,-0.00349,5.8515
1509,375,0.6367,0.3633,CV,0.3591,0.3566,-1.595824117820461,-1.6436651422113402,0.09849,0.07221,5.4987
1510,375,0.6302,0.3698,CV,0.8283,0.8347,-1.8546700962977507,-1.8860466812395988,-0.09121,-0.01983,5.1055
1511,375,0.6256,0.3744,CV,0.2469,0.2412,-1.5591204431075683,-1.5807227866486355,-0.08304,-0.02653,4.738
1512,375,0.6231,0.3769,CV,0.8035,0.8085,-1.8195121273704653,-1.8369140393631358,0.02923,0.02031,4.4143
1513,375,0.6211,0.3789,CV,0.2534,0.2513,-1.5377211235777628,-1.5504552282927873,0.03792,0.01993,4.1377
1514,375,0.62,0.38,CV,0.0567,0.0548,-1.4986491693226096,-1.5098817491439653,0.02653,0.01189,3.9052
1515,375,0.6194,0.3806,CV,0.0361,0.0372,-1.4885651699983788,-1.498714444004033,0.01484,0.00494,3.7113
1516,375,0.6189,0.3811,CV,0.4423,0.4422,-1.6177172661269208,-1.6265637507051414,0.01938,-0.02537,3.5502
1517,375,0.6187,0.3813,CV,0.3999,0.4004,-1.9245544976147502,-1.9333824935992667,-0.0128,-0.02479,3.4165
1518,375,0.6183,0.3817,CV,0.8707,0.8713,-2.338029817541545,-2.345579691859301,0.00851,0.00831,3.2364
1522,375,0.5,0.5,CA,0.7012,0.7023,-2.954412019733465,-2.965991143191913,-0.01046,0.00361,3.2497
1523,375,0.5769,0.4231,CV,0.1657,0.1655,-1.639528224765731,-1.6471140858017679,0.0016,0.00192,2.9977
1524,375,0.6039,0.3961,CV,0.8602,0.8612,-2.6174084897926533,-2.625798220028762,-0.01188,-0.02969,2.8861
1525,375,0.6139,0.3861,CV,0.5581,0.5599,-1.5232790921243564,-1.5338108285028462,-0.01266,-0.02803,2.8953
1526,375,0.6173,0.3827,CV,0.3966,0.3973,-1.5214451783345808,-1.531927115504498,-0.01033,0.00934,2.8941
1527,375,0.618,0.382,CV,0.9143,0.9149,-2.1845516188861565,-2.1928810197218658,-0.05086,0.01431,2.8096
1528,375,0.6188,0.3812,CV,0.5743,0.5759,-2.0519502134838947,-2.0624600183095976,0.00056,-0.01889,2.7565
1529,375,0.6188,0.3812,CV,0.7949,0.7965,-1.834242723069973,-1.843585694705218,0.0244,-0.01979,2.7792
1530,375,0.6187,0.3813,CV,0.2859,0.2846,-1.496497247785602,-1.5055747671336246,0.00913,-0.01401,2.7786
1531,375,0.6187,0.3813,CV,0.0952,0.0936,-1.4656380678274552,-1.474691699049774,0.0028,-0.00823,2.7618
1532,375,0.6182,0.3818,CV,0.8663,0.8666,-1.8278701652017204,-1.8349520334126082,-0.04941,0.02078,2.7481
1533,375,0.6167,0.3833,CV,1.3388,1.3369,-2.3353241992929488,-2.336618831099343,-0.1085,-0.02858,2.739
1534,375,0.6186,0.3814,CV,1.2845,1.2904,-2.81833968602945,-2.8300594522795124,0.01375,0.0204,2.7328
1535,375,0.6179,0.3821,CV,0.9696,0.969,-2.23905007559658,-2.245099621076621,0.01279,0.0527,2.665
1536,375,0.6182,0.3818,CV,0.9726,0.9741,-1.9403097026703564,-1.9483199090607854,0.06488,0.01583,2.6897
1537,375,0.6182,0.3818,CV,0.6441,0.6429,-1.9213735109805055,-1.9292231031745102,0.0597,0.00222,2.6421
1538,375,0.6187,0.3813,CV,0.6003,0.6029,-1.5454978820296152,-1.5555509096942735,0.02708,-0.00204,2.6667
1539,375,0.6183,0.3817,CV,0.8124,0.8121,-1.769394278629516,-1.7765842422675044,0.01157,-0.0541,2.6817
1540,375,0.6183,0.3817,CV,0.7516,0.7518,-1.9716653908459736,-1.9795915568073679,0.01705,-0.04998,2.6168
1541,375,0.6181,0.3819,CV,1.0638,1.0654,-1.9623874054754302,-1.9697471745002284,-0.05388,-0.03312,2.6432
1542,375,0.6187,0.3813,CV,0.7496,0.7526,-1.8321198756511061,-1.8420419049974064,0.00894,0.00701,2.6616
1543,375,0.6184,0.3816,CV,0.5765,0.5761,-2.1490488234131093,-2.1570619556557857,-0.00586,0.03994,2.6625
1544,375,0.6187,0.3813,CV,0.2231,0.2251,-1.460695268956659,-1.4701138412799157,0.00483,0.01134,2.6636
1545,375,0.6187,0.3813,CV,0.0735,0.0741,-1.4380763582671288,-1.4472766375779547,0.00529,0.00262,2.666
1546,375,0.6187,0.3813,CV,0.0295,0.0298,-1.4354442849811382,-1.444702267555599,0.00334,0.0006,2.6693
1547,375,0.6184,0.3816,CV,0.7595,0.7597,-1.7212149324972308,-1.7289014158011262,-0.04985,0.00057,2.6733
1548,375,0.6187,0.3813,CV,0.6896,0.6923,-1.7269346293744907,-1.7366827226841521,0.01772,0.00098,2.6772
1549,375,0.6187,0.3813,CV,0.2429,0.242,-1.5099500872812754,-1.5189699893903454,0.027,0.00134,2.681
1550,375,0.6182,0.3818,CV,0.8727,0.8724,-2.2286549911341926,-2.235718307204001,0.02095,0.02863,2.6219
1551,375,0.6188,0.3812,CV,0.561,0.5639,-1.5039735570538744,-1.5143599273605517,-0.00104,0.02543,2.6527
1552,375,0.6189,0.3811,CV,0.4057,0.4068,-1.507200327024002,-1.5168280702204713,-0.00642,-0.009,2.6732
1553,375,0.6188,0.3812,CV,0.2599,0.2602,-1.468999109619385,-1.4782773903683617,-0.00643,0.01163,2.6747
1554,375,0.6184,0.3816,CV,0.7334,0.7337,-1.7027849360958691,-1.7106348012068973,0.04546,0.01218,2.6756
1555,375,0.6185,0.3815,CV,0.2233,0.2208,-1.4601694087330361,-1.4687671855632047,0.04208,0.00813,2.6775
1556,375,0.6187,0.3813,CV,0.7186,0.7209,-1.6914695469066052,-1.7008312431453938,-0.02411,0.00408,2.6801
1557,375,0.6183,0.3817,CV,0.5843,0.5832,-1.6363932399931815,-1.6440439811264864,-0.04598,0.02682,2.683
1558,375,0.6186,0.3814,CV,0.6877,0.6898,-1.733739901107394,-1.7431509089668742,-0.01265,-0.02901,2.6861
1559,375,0.6186,0.3814,CV,0.6472,0.6482,-1.6427365208010802,-1.6515194199027168,0.03612,-0.00761,2.6889
1560,375,0.6188,0.3812,CV,0.5593,0.5613,-1.5901743954029601,-1.5997601671967796,-0.01714,-0.00164,2.6915
1561,375,0.6186,0.3814,CV,0.4339,0.4335,-1.5283832667376278,-1.537116031173465,-0.02463,0.02528,2.6938
1562,375,0.618,0.382,CV,0.8672,0.8663,-1.808110225945668,-1.8145192826521728,-0.07171,-0.00334,2.6962
1563,375,0.6183,0.3817,CV,0.2826,0.2789,-1.474737633021206,-1.4829801122654325,-0.06062,-0.00959,2.6985
1564,375,0.6186,0.3814,CV,0.0689,0.0664,-1.437548364776228,-1.4468758316764319,-0.03918,-0.00912,2.7004
1565,375,0.6188,0.3812,CV,0.0433,0.0446,-1.4361840607709122,-1.445750190388667,-0.02096,-0.0072,2.7019
1566,375,0.6188,0.3812,CV,0.0629,0.0639,-1.4372732036705764,-1.4468313607850445,-0.00827,-0.00538,2.703
1567,375,0.6184,0.3816,CV,0.8174,0.8178,-1.7666819604802146,-1.7744409547199673,0.05173,-0.004,2.7041
1568,375,0.6187,0.3813,CV,0.5902,0.5922,-1.6081614017581602,-1.6177280924347883,-0.00035,-0.02899,2.7049
1569,375,0.6187,0.3813,CV,0.4996,0.5004,-1.5996545178846842,-1.60876661210967,0.02974,1e-05,2.7056
1570,375,0.6188,0.3812,CV,0.2308,0.2323,-1.517501709975408,-1.527164788213966,0.00311,0.00618,2.7061
1571,375,0.6186,0.3814,CV,0.6143,0.6143,-1.6225778943514393,-1.630916765804026,0.03694,-0.02028,2.7066
1572,375,0.6186,0.3814,CV,0.2113,0.209,-1.4575976070811985,-1.4664732035771022,0.03429,-0.01978,2.707
1573,375,0.6187,0.3813,CV,0.0589,0.0567,-1.437204701250355,-1.4465604344184406,0.02405,-0.01335,2.7074
1574,375,0.6187,0.3813,CV,0.3845,0.3852,-1.5088232405526492,-1.5181128759223637,0.01467,0.01866,2.7076
1578,375,0.5,0.5,CA,0.1516,0.1513,-2.8917256731514733,-2.9039370227396986,-0.00072,0.00938,3.0222
1579,375,0.5768,0.4232,CV,0.7665,0.7664,-2.564467664030629,-2.571644133473074,-0.00185,0.00753,2.7662
1580,375,0.6045,0.3955,CV,0.6728,0.6753,-1.6088156658146626,-1.6199255872060707,-0.00253,-0.02851,2.7982
1586,375,0.5,0.5,CA,1.6695,1.6695,-4.520147930563107,-4.528298635711391,-0.05872,0.00973,3.0583
1587,375,0.5773,0.4227,CV,0.7174,0.7203,-2.1346177175959724,-2.143909890065399,0.01321,0.00809,2.8327
1588,375,0.6031,0.3969,CV,1.2124,1.2117,-2.2350251127179392,-2.2395818115524087,0.1212,0.00493,2.8066
1589,375,0.6126,0.3874,CV,0.8983,0.8956,-2.0774254037244604,-2.0837068499810663,0.11008,0.0023,2.8498
1590,375,0.6165,0.3835,CV,0.507,0.5035,-1.8055374871410594,-1.814504939965153,0.07557,-0.02955,2.8599
1591,375,0.6184,0.3816,CV,0.7694,0.7727,-1.928579483934166,-1.9397616964401414,-0.01174,-0.02696,2.8463
1592,375,0.6187,0.3813,CV,0.4783,0.4789,-1.7092870118736463,-1.7190033939527394,0.02732,-0.01795,2.8303
1593,375,0.6189,0.3811,CV,0.0594,0.0614,-1.4673611732254594,-1.4772947779438594,0.01266,-0.00996,2.815
1594,375,0.6184,0.3816,CV,0.9955,0.9965,-2.1892069446290763,-2.1969114723507097,-0.03695,-0.00421,2.7372
1595,375,0.6181,0.3819,CV,0.6242,0.6214,-1.4912530754852449,-1.498117593614225,-0.06565,-0.00055,2.6928
1596,375,0.6189,0.3811,CV,0.2245,0.2271,-1.5247080971804599,-1.5356194192899484,-0.02352,0.00162,2.6634
1597,375,0.6189,0.3811,CV,0.4149,0.4151,-1.545945033220975,-1.5557466761515335,-0.00719,0.03077,2.6339
1598,375,0.6183,0.3817,CV,1.0002,1.001,-1.937417445146473,-1.9444728437152243,0.0382,0.02773,2.6648
1599,375,0.6184,0.3816,CV,0.6914,0.6928,-1.7260264893351014,-1.7346834272679246,-0.0118,-0.00521,2.6735
1600,375,0.6184,0.3816,CV,0.2331,0.2316,-1.5129523056806455,-1.5212528615631509,-0.01855,-0.01049,2.6665
1601,375,0.6183,0.3817,CV,0.7823,0.7835,-1.7799687457618247,-1.7878465297033688,0.03429,0.01584,2.6628
1602,375,0.6185,0.3815,CV,0.5256,0.5273,-1.6050444724657917,-1.6139708448066281,-0.01321,0.01704,2.6625
1603,375,0.6183,0.3817,CV,0.8754,0.8761,-1.769138203079679,-1.7767624682603027,0.01928,0.01227,2.6019
1604,375,0.6186,0.3814,CV,0.6076,0.6092,-2.5402440914347615,-2.5495878661903806,0.03323,0.00714,2.6328
1605,375,0.6187,0.3813,CV,0.578,0.5787,-1.5526447552458935,-1.5618350016003553,0.01313,0.0033,2.5921
1606,375,0.6188,0.3812,CV,0.2547,0.2529,-1.9440135651804495,-1.953383804565193,0.01811,0.00077,2.5631
1607,375,0.6189,0.3811,CV,0.2294,0.2282,-1.5351281217702524,-1.5448395887209936,0.02652,-0.00078,2.5481
1608,375,0.6177,0.3823,CV,1.1663,1.1662,-2.2277147942448687,-2.2325318349127983,0.07096,-0.02779,2.5921
1609,375,0.6185,0.3815,CV,0.6345,0.6373,-1.767756205031029,-1.7775542749418234,0.00822,-0.00128,2.6123
1610,375,0.6184,0.3816,CV,0.5208,0.5207,-1.5851184817289954,-1.5932155571708235,-0.02231,-0.01966,2.6146
1611,375,0.6184,0.3816,CV,0.2062,0.2047,-1.4683843398457168,-1.4768008392544107,-0.02506,-0.01786,2.6184
1612,375,0.6185,0.3815,CV,0.0953,0.0941,-1.4486875202967995,-1.4575127173361517,-0.0207,-0.01194,2.6245
1613,375,0.6186,0.3814,CV,0.4104,0.4114,-1.6114320340194268,-1.6204483649980015,-0.0031,0.01858,2.6319
1614,375,0.6183,0.3817,CV,0.8031,0.8031,-2.0576665972015142,-2.0651921647115214,-0.00011,0.02069,2.5774
1615,375,0.6184,0.3816,CV,0.4664,0.4648,-1.391222787553926,-1.3996720546760373,-0.02963,0.01513,2.5539
1616,375,0.6183,0.3817,CV,0.6478,0.6467,-1.7681889862955122,-1.7762151557970913,-0.05724,-0.0192,2.5442
1617,375,0.6188,0.3812,CV,0.8861,0.8894,-1.7769447712956135,-1.7871602623325271,-0.00568,0.00658,2.5913
1618,375,0.6189,0.3811,CV,0.6465,0.6481,-1.8208909046267074,-1.8304736616261936,0.02023,-0.01567,2.5506
1619,375,0.6186,0.3814,CV,0.6842,0.6851,-1.7621819051328758,-1.7705622128890641,0.01863,0.01058,2.5808
1620,375,0.6187,0.3813,CV,0.6491,0.6511,-1.5759114752901469,-1.5854257395580238,-0.01357,0.01373,2.5406
1621,375,0.6188,0.3812,CV,0.3117,0.3117,-1.5512703901021099,-1.560610332157499,0.00995,0.01017,2.514
1622,375,0.6184,0.3816,CV,0.8707,0.8712,-2.115377308422186,-2.122955652507138,-0.0567,0.0061,2.5029
1628,375,0.5,0.5,CA,1.0433,1.0437,-3.6341201831098093,-3.642768568826309,0.01807,-0.00166,2.8902
1629,375,0.5766,0.4234,CV,0.8314,0.8324,-2.028505107643189,-2.0349398786334905,0.02771,-0.02561,2.5934
1630,375,0.6041,0.3959,CV,0.2796,0.2789,-1.669806766060962,-1.679560328360605,0.00643,-0.02481,2.5673
1631,375,0.6141,0.3859,CV,0.3837,0.3846,-1.4300233898569157,-1.4413965648031848,0.01497,0.01563,2.5721
1632,375,0.6173,0.3827,CV,0.774,0.7753,-1.8153384704034934,-1.8252392313343728,-0.00399,0.0194,2.6298
1633,375,0.618,0.382,CV,0.6967,0.6954,-1.9942310574343614,-2.0022646001211055,-0.04891,0.0146,2.6571
1634,375,0.6187,0.3813,CV,0.3588,0.361,-1.5927701729547992,-1.6030168552356052,-0.00469,0.00913,2.6618
1635,375,0.6188,0.3812,CV,0.7758,0.7776,-2.067877923945309,-2.0772220050320076,0.00634,0.00491,2.6019
1636,375,0.6189,0.3811,CV,0.5044,0.5063,-1.5832126005109712,-1.593029896791144,0.00644,0.00217,2.6326
1637,375,0.6188,0.3812,CV,0.176,0.1752,-1.5298802585895432,-1.539251555490902,0.00443,0.00045,2.654
1638,375,0.6188,0.3812,CV,0.0529,0.0523,-1.5091246210527947,-1.5184075329446929,0.00245,-0.00054,2.6568
1639,375,0.6184,0.3816,CV,0.758,0.7581,-1.7796505590672809,-1.7872409338480861,-0.04934,-0.00109,2.6593
1640,375,0.6181,0.3819,CV,0.8302,0.8298,-2.17765320645875,-2.1846902780210318,-0.04653,-0.00141,2.6003
1641,375,0.6184,0.3816,CV,0.2732,0.2703,-1.672144133456375,-1.681068441847472,-0.03085,-0.00156,2.5731
1642,375,0.6187,0.3813,CV,0.4002,0.3997,-1.641276382258603,-1.6508390130142008,-0.01644,-0.03,2.56
1643,375,0.6187,0.3813,CV,0.7588,0.7605,-1.7887847389513327,-1.79793727436531,-0.00628,-0.02658,2.6044
1644,375,0.6189,0.3811,CV,0.4863,0.4881,-1.7618885467485197,-1.7718106392242263,8e-05,-0.01782,2.5615
1645,375,0.6176,0.3824,CV,1.3885,1.3893,-2.739851497899024,-2.744064321626856,0.06742,0.04112,2.5904
1646,375,0.6183,0.3817,CV,0.6684,0.6701,-1.7677478548997918,-1.7766420668836125,0.00277,0.04261,2.6116
1647,375,0.6186,0.3814,CV,0.3145,0.3164,-1.7573134654130733,-1.7665869198624689,0.00147,0.00574,2.6161
1648,375,0.6184,0.3816,CV,0.5905,0.5906,-1.6765128796822073,-1.6844420918802951,0.03875,-0.0045,2.6213
1649,375,0.6186,0.3814,CV,0.5572,0.5592,-1.6443643059227084,-1.6536475593412623,-0.01387,-0.00613,2.6281
1650,375,0.6181,0.3819,CV,1.0549,1.0554,-2.3973999501413985,-2.4038838948758317,0.03166,-0.03183,2.5735
1651,375,0.6185,0.3815,CV,0.6838,0.6849,-1.8923880825686081,-1.9014980992905328,-0.02436,0.00023,2.5501
1652,375,0.6187,0.3813,CV,0.6396,0.6404,-1.7832499486682956,-1.7926861871646502,0.02826,-0.02152,2.5405
1653,375,0.6189,0.3811,CV,0.3515,0.3516,-1.567439932659112,-1.5773875219203277,0.03085,0.00869,2.5289
1654,375,0.6186,0.3814,CV,0.7827,0.7837,-1.843326323434486,-1.851713603615087,0.02153,0.01229,2.5742
1655,375,0.6184,0.3816,CV,0.4894,0.4881,-1.9089793373639377,-1.9168733205170527,0.02475,-0.01491,2.5957
1656,375,0.6187,0.3813,CV,0.7599,0.7625,-1.6785294837860036,-1.6879752119916738,-0.00806,-0.01641,2.537
1657,375,0.6186,0.3814,CV,0.6683,0.6696,-2.4832232144350788,-2.4917922504539476,-0.01341,0.01421,2.5694
1658,375,0.6186,0.3814,CV,0.582,0.5831,-1.5298587704038018,-1.5389329597120074,-0.01206,0.01776,2.5328
1659,375,0.6186,0.3814,CV,0.6722,0.6735,-1.7693199019240997,-1.7781088143602506,0.0168,0.0132,2.5677
1660,375,0.6187,0.3813,CV,0.6093,0.6109,-1.5474288433652645,-1.5568715090163305,-0.00844,0.00831,2.5314
1661,375,0.6188,0.3812,CV,0.335,0.3348,-1.5436714760029395,-1.5529510415858596,0.01496,0.00449,2.5075
1662,375,0.6189,0.3811,CV,0.3046,0.3052,-1.301075359673067,-1.3109136509624006,-0.01311,0.00192,2.4981
1663,375,0.619,0.381,CV,0.121,0.1214,-1.6799361256058778,-1.689964436844233,-0.00263,0.00032,2.4885
1664,375,0.6184,0.3816,CV,0.8602,0.8608,-1.8072136439959083,-1.8146685043736148,-0.00071,-0.02614,2.5365
1665,375,0.6183,0.3817,CV,0.3156,0.3127,-1.542454876679491,-1.5503132985409234,-0.00097,-0.0245,2.5615
1666,375,0.6184,0.3816,CV,0.8934,0.8952,-1.95550983577115,-1.9637945887649817,-0.03896,-0.0168,2.5066
1667,375,0.6185,0.3815,CV,0.7564,0.7586,-1.7167483997610549,-1.7256978873988458,0.00283,0.01576,2.5424
1668,375,0.6185,0.3815,CV,0.2374,0.2359,-1.448532953145528,-1.4571157601150841,-0.00126,0.01909,2.5712
1669,375,0.6186,0.3814,CV,0.1836,0.1832,-1.5108183468604883,-1.5196387017837647,0.01036,0.01451,2.5822
1670,375,0.6186,0.3814,CV,0.0655,0.0652,-1.4854150181014023,-1.4944211726512353,0.00956,0.00931,2.5926
1671,375,0.6178,0.3822,CV,1.276,1.2768,-2.210803840778272,-2.216089951137424,-0.05956,-0.02106,2.5419
1672,375,0.618,0.382,CV,0.3954,0.3911,-1.3465703711251564,-1.354141697001003,-0.0562,-0.0212,2.5224
1673,375,0.6187,0.3813,CV,1.1631,1.1672,-2.0894317004176655,-2.0996559357073616,0.03062,0.0127,2.575
1674,375,0.6185,0.3815,CV,0.4874,0.4859,-1.5744023611236226,-1.5825647081806793,0.04156,-0.00888,2.6025
1675,375,0.6184,0.3816,CV,0.4308,0.4293,-1.6690815230186646,-1.677129286476486,0.04462,0.01442,2.6098
1676,375,0.6185,0.3815,CV,0.2889,0.289,-1.592613232546347,-1.6015147672184928,0.03201,-0.00947,2.6167
1677,375,0.6179,0.3821,CV,0.7591,0.7573,-1.8159172526155571,-1.8220244903236809,0.06948,-0.01159,2.6249
1684,375,0.5,0.5,CA,1.9577,1.958,-4.539861004358627,-4.546178671553775,-0.04899,0.0128,2.9485
1685,375,0.5768,0.4232,CV,0.7179,0.7191,-1.8699767355867338,-1.8773254328419764,-0.04032,0.01026,2.7974
1686,375,0.6042,0.3958,CV,0.7902,0.7916,-1.8652373590749214,-1.8749969174104277,0.0377,0.00605,2.8175
1687,375,0.6141,0.3859,CV,0.9672,0.9701,-2.526990470536719,-2.5381889038094387,-0.0365,0.00253,2.767
1688,375,0.6174,0.3826,CV,0.4715,0.4697,-1.9161765570926392,-1.9266634085692012,-0.03886,0.03354,2.7382
1689,375,0.6188,0.3812,CV,0.7545,0.7571,-1.703128890895216,-1.7145002907115654,-0.02531,-0.00279,2.776
1690,375,0.6192,0.3808,CV,0.5546,0.5568,-1.7254525326790509,-1.7367683634512168,0.00173,-0.01102,2.7203
1691,375,0.6192,0.3808,CV,0.1953,0.1943,-1.4524525511700317,-1.4628039713623957,0.00878,-0.01032,2.6752
1692,375,0.6192,0.3808,CV,0.1586,0.1587,-1.6089744787834208,-1.6194092642501716,-0.00436,-0.00794,2.6445
1693,375,0.6187,0.3813,CV,0.7648,0.7657,-1.7799675893363545,-1.7883631363423746,-0.00354,-0.00571,2.6749
1694,375,0.6185,0.3815,CV,0.3242,0.3219,-1.4958116960338599,-1.5040167680680407,-0.01262,-0.00407,2.6827
1695,375,0.6185,0.3815,CV,0.1912,0.1909,-1.558768770302652,-1.5674450517986689,0.00329,-0.00294,2.6749
1696,375,0.6185,0.3815,CV,0.1019,0.1018,-1.5257473060452338,-1.5344890855586921,0.00789,-0.0022,2.6701
1697,375,0.6185,0.3815,CV,0.3891,0.389,-1.5790098120543912,-1.5874115993408957,0.00866,-0.02632,2.6689
1698,375,0.6177,0.3823,CV,1.132,1.1319,-2.463380539907094,-2.4685123149784953,0.06069,-0.02424,2.6077
1699,375,0.6183,0.3817,CV,0.5603,0.5611,-1.5908847420372223,-1.5998143980315307,0.05388,-0.01599,2.6382
1700,375,0.6187,0.3813,CV,0.4589,0.4602,-2.3323552063467883,-2.341885240550386,0.02414,0.01703,2.6596
1701,375,0.6186,0.3814,CV,0.3999,0.3993,-1.6671434042142579,-1.6757542340537395,0.03573,-0.00563,2.6624
1702,375,0.6185,0.3815,CV,0.908,0.91,-1.8649542987518468,-1.873412786773566,-0.03653,0.01718,2.6646
1703,375,0.6186,0.3814,CV,0.6483,0.6502,-1.758882862488294,-1.7680269599403515,0.02153,0.01752,2.6677
1704,375,0.6185,0.3815,CV,0.8081,0.8095,-1.7680770648837687,-1.7765489077465286,-0.03717,-0.01285,2.6715
1709,375,0.5,0.5,CA,0.8755,0.8755,-3.6543560842464697,-3.664556909167196,-0.00394,-0.00413,2.9222
1710,375,0.5769,0.4231,CV,0.8101,0.8118,-1.8181902212649401,-1.8261233912917392,-0.01595,0.02525,2.79
1711,375,0.604,0.396,CV,0.5799,0.5785,-1.7406759802615328,-1.749520516173016,0.00202,0.05857,2.8097
1712,375,0.6143,0.3857,CV,0.7237,0.7265,-1.9680968307777058,-1.9800536875939492,0.00686,0.01604,2.7585
1716,375,0.5,0.5,CA,0.797,0.7978,-2.950454215577254,-2.9639210393243784,-0.00614,-0.02642,3.0496
1717,375,0.577,0.423,CV,0.0937,0.0917,-1.6042596769784931,-1.6126500482318962,-0.00438,-0.02279,2.8445
1718,375,0.604,0.396,CV,0.7676,0.7678,-1.7735845882074623,-1.7819780445432944,0.05748,-0.01462,2.8279
1719,375,0.6137,0.3863,CV,0.2552,0.2523,-1.4973703235279197,-1.5072820492595462,0.05515,-0.00752,2.8299
1720,375,0.6171,0.3829,CV,0.9318,0.9337,-2.151192516665235,-2.1610515607578455,-0.00817,-0.00255,2.7652
1721,375,0.6183,0.3817,CV,0.5012,0.4996,-1.6698053263206054,-1.6793887274290524,-0.01903,0.03171,2.7276
1722,375,0.6189,0.3811,CV,0.8695,0.8722,-1.784123995957899,-1.7945972500121739,0.02808,0.02932,2.7608
1723,375,0.6188,0.3812,CV,0.3163,0.3142,-1.5193956433434421,-1.5286510673000087,0.02893,0.02036,2.7673
1724,375,0.6188,0.3812,CV,0.8607,0.8631,-2.0032581893195864,-2.012796249892127,-0.02061,0.01224,2.6912
1725,375,0.6186,0.3814,CV,0.8706,0.8721,-1.9285276529024662,-1.9368924751499021,0.0281,0.03283,2.7079
1726,375,0.6187,0.3813,CV,0.3318,0.3326,-1.5157514897874904,-1.5251022276851907,0.01662,0.00146,2.7172
1727,375,0.6185,0.3815,CV,0.5505,0.5508,-2.2091507001449395,-2.217599437661878,-0.00469,-0.03156,2.7102
1728,375,0.6187,0.3813,CV,0.2509,0.2522,-1.9738992516344593,-1.9831581006402192,-0.00941,-0.00515,2.7046
1729,375,0.6187,0.3813,CV,0.131,0.131,-1.8565154379938118,-1.8656238430525427,-0.00913,0.00149,2.7012
1730,375,0.6179,0.3821,CV,1.1492,1.1497,-2.11737237189545,-2.1231375654015565,0.06835,-0.02336,2.7
1731,375,0.6184,0.3816,CV,0.9296,0.9316,-2.352997598461025,-2.3618353396435263,0.01041,0.00428,2.637
1732,375,0.6185,0.3815,CV,0.4338,0.4326,-1.8060319289395266,-1.8148920872294707,-0.00755,-0.01972,2.6056
1733,375,0.6188,0.3812,CV,0.7581,0.7606,-2.118698337152609,-2.128645896091174,0.01556,-0.01849,2.6477
1734,375,0.6186,0.3814,CV,0.8472,0.8485,-1.7793986381510374,-1.788097720794816,-0.04001,-0.01249,2.6025
1735,375,0.6187,0.3813,CV,0.6215,0.6231,-1.593995427041514,-1.603269939092721,-0.01466,-0.00682,2.6284
1736,375,0.6186,0.3814,CV,0.4544,0.454,-1.5707579060362622,-1.579238451451147,-0.0068,0.02213,2.6457
1737,375,0.6186,0.3814,CV,0.2449,0.2456,-1.499477425447353,-1.5085096309843329,-0.00484,-0.00225,2.6464
1738,375,0.618,0.382,CV,1.0866,1.0872,-2.476426145891356,-2.482775530300532,-0.05633,-0.00658,2.5855
1739,375,0.6187,0.3813,CV,0.724,0.7275,-1.669215739923281,-1.6795412614974174,0.00219,-0.00483,2.6166
1740,375,0.6187,0.3813,CV,0.5959,0.5966,-1.5861678837345543,-1.5952530693122022,-0.01227,-0.00237,2.5768
1741,375,0.618,0.382,CV,0.9189,0.918,-1.7691145056418334,-1.7750974238320134,-0.06711,0.02717,2.5494
1742,375,0.6187,0.3813,CV,0.2071,0.208,-1.6606257587753908,-1.6708672357981085,-0.03057,0.02584,2.5362
1743,375,0.6187,0.3813,CV,0.302,0.3002,-1.3146327220078577,-1.323818713215299,-0.04007,0.01785,2.5225
1744,375,0.619,0.381,CV,0.174,0.1757,-1.8650465376841505,-1.8752853369843496,-0.0146,0.01044,2.508
1745,375,0.6171,0.3829,CV,1.6534,1.6544,-3.4536129463562375,-3.455512522516368,0.08605,-0.02028,2.5529
1746,375,0.6182,0.3818,CV,0.6909,0.6937,-1.7620848679646843,-1.7715944544945175,0.01219,-0.02145,2.5754
1747,375,0.6184,0.3816,CV,0.5279,0.5287,-1.5754757692782237,-1.583822680433674,-0.01836,0.00823,2.5806
1748,375,0.6184,0.3816,CV,0.7769,0.7784,-2.344889826084114,-2.353388797600058,-0.01933,0.01261,2.5253
1749,375,0.6182,0.3818,CV,1.0546,1.0563,-2.05247870580087,-2.05987577297018,0.05219,0.00937,2.562
1750,375,0.6182,0.3818,CV,0.3868,0.3838,-1.600469871867453,-1.6081772145611442,0.05393,0.00558,2.591
1751,375,0.6186,0.3814,CV,0.1017,0.104,-1.4423860672333646,-1.451742628338302,0.02585,0.00262,2.6013
1792,377,0.7,0.3,CV,0.865,0.865,-2.9282665718803824,-2.9282665718803824,0.0,0.0,2.4658
1793,377,0.6482,0.3518,CV,0.6204,0.6204,-1.5703546254381806,-1.584548946922503,0.01833,0.03666,3.4106
1794,377,0.6435,0.3565,CV,0.4471,0.4438,-1.483137522560128,-1.554823038777948,-0.15603,-0.31206,4.9298
1870,380,0.7,0.3,CV,0.7795,0.7795,-2.888234546259886,-2.888234546259886,0.0,0.0,2.4658
1871,380,0.6482,0.3518,CV,0.6338,0.6338,-1.5287986339432103,-1.542891453120277,-0.08341,0.0,3.4107
1872,380,0.6402,0.3598,CV,0.9101,0.9102,-1.8482572038958809,-1.9054790796238739,0.78967,0.0,4.9487
1873,380,0.6506,0.3494,CV,0.6676,0.6992,-1.6642057828153627,-1.7789202277848113,-0.1683,0.0,5.8473
1874,380,0.6484,0.3516,CV,0.7118,0.7218,-1.7863239923926586,-1.876010953055905,0.37009,0.0,6.0668
1875,380,0.6431,0.3569,CV,0.3784,0.3804,-1.6004807404481214,-1.6702200956177704,0.19366,0.15914,5.8901
1876,380,0.6354,0.3646,CV,1.0561,1.0681,-2.4500031194278415,-2.494054836882772,-0.18237,0.00604,5.542
1877,380,0.63,0.37,CV,0.9582,0.968,-1.988466812242312,-2.0210899975558902,0.05865,-0.08815,5.1512
1878,380,0.6259,0.3741,CV,0.3422,0.3437,-1.6100882534119614,-1.6331962324790368,0.06598,-0.01612,4.7786
1879,380,0.6228,0.3772,CV,0.9323,0.9361,-1.9286565165022314,-1.9445433865478223,-0.06193,0.00076,4.4484
1880,380,0.6207,0.3793,CV,1.0153,1.0172,-2.4946106914025714,-2.505999598677319,0.02287,0.00389,4.0866
1881,380,0.6199,0.3801,CV,0.2431,0.2398,-2.1795154052076904,-2.1907598626309808,0.01095,0.00349,3.8091
1882,380,0.6195,0.3805,CV,0.1672,0.1666,-1.6940701600447217,-1.7050245646951652,0.01764,0.00254,3.5819
1883,380,0.6193,0.3807,CV,0.3793,0.3805,-1.3912360479987014,-1.4015020608707323,-0.01746,0.00172,3.3897
1884,380,0.6182,0.3818,CV,0.9032,0.9023,-1.7464285882225852,-1.7524406193161173,-0.07419,0.00114,3.229
1885,380,0.6187,0.3813,CV,0.1507,0.1535,-1.5869602311574031,-1.5967207407704922,-0.03698,0.00076,3.095
1886,380,0.6187,0.3813,CV,0.1225,0.1234,-1.5273617720628472,-1.5366005945285548,-0.01744,0.00051,2.9831
1887,380,0.6178,0.3822,CV,1.0884,1.0887,-2.018141142449104,-2.023505514802843,0.029,-0.02368,2.9531
1888,380,0.6178,0.3822,CV,0.402,0.3984,-1.560293835809631,-1.566802799094029,0.03111,-0.0215,2.9127
1889,380,0.6183,0.3817,CV,0.9572,0.9602,-2.3516338780978203,-2.3605637027910227,-0.02532,-0.01374,2.8027
1890,380,0.6183,0.3817,CV,0.7609,0.762,-1.7682952887569559,-1.7763158147921339,0.03512,-0.00663,2.7356
1891,380,0.6181,0.3819,CV,1.2065,1.2086,-2.110888186861998,-2.1179274763431573,-0.03918,0.02369,2.7518
1892,380,0.6182,0.3818,CV,0.6937,0.6946,-1.7468966155551546,-1.7549783660717426,0.01683,0.02462,2.7494
1893,380,0.6183,0.3817,CV,0.2391,0.2373,-1.5314642399000025,-1.5395963431244577,0.02385,0.01834,2.7332
1894,380,0.6183,0.3817,CV,0.7761,0.7777,-1.7892128051068747,-1.79743575197713,-0.03033,-0.01223,2.7212
1895,380,0.6184,0.3816,CV,0.3495,0.349,-1.540956665142379,-1.5492962484129718,-0.03317,0.00982,2.7138
1896,380,0.6182,0.3818,CV,0.8406,0.841,-2.2284288874482914,-2.235998753542318,-0.02367,-0.01384,2.6464
1897,380,0.6183,0.3817,CV,1.0777,1.08,-2.1673821016889483,-2.1755684579422154,0.05318,-0.01376,2.6718
1898,380,0.6185,0.3815,CV,0.6746,0.6754,-1.5946693477866916,-1.6036078239897464,0.0295,0.0178,2.6256
1899,380,0.6187,0.3813,CV,0.212,0.2101,-1.2884983994547565,-1.297898777510324,0.01582,0.01947,2.5922
1900,380,0.6189,0.3811,CV,0.3403,0.3412,-1.317848434426696,-1.3279300319022043,0.00784,-0.01353,2.573
1901,380,0.6185,0.3815,CV,0.8507,0.8516,-1.8897762006499612,-1.8977295837115409,0.02948,-0.01563,2.6133
1902,380,0.6185,0.3815,CV,0.5366,0.5368,-2.2086849027915734,-2.217197445256081,5e-05,0.01357,2.6301
1903,380,0.6184,0.3816,CV,0.306,0.3051,-1.5737121088492754,-1.582049360962415,0.01689,0.01618,2.6298
1904,380,0.6185,0.3815,CV,0.1284,0.129,-1.4456823013158855,-1.4545350862653734,0.00216,0.01223,2.6313
1905,380,0.6181,0.3819,CV,1.0664,1.0674,-2.3236594590170623,-2.330466212396106,-0.04204,-0.01804,2.5731
1906,380,0.6183,0.3817,CV,0.3474,0.3442,-1.6286840664393316,-1.6368631014590331,-0.03988,-0.01892,2.5477
1907,380,0.6188,0.3812,CV,0.7629,0.7658,-2.2721597457156717,-2.2823003957244214,-0.00082,-0.01293,2.5958
1908,380,0.6185,0.3815,CV,0.5603,0.5598,-1.6704864099098593,-1.67868809939123,0.03316,-0.00721,2.6196
1909,380,0.6185,0.3815,CV,0.1794,0.1771,-1.5240045269270848,-1.5326661372387096,0.03015,-0.00309,2.6239
1910,380,0.6186,0.3814,CV,0.4269,0.4277,-1.5244559979731094,-1.5332919635191256,0.00741,0.02435,2.6284
1911,380,0.6186,0.3814,CV,0.1626,0.1618,-1.4465449230615992,-1.455440780773963,-0.00083,0.02382,2.6345
1912,380,0.6187,0.3813,CV,0.1553,0.1551,-1.5030158522065362,-1.512113776631123,0.00905,0.01701,2.6414
1913,380,0.6185,0.3815,CV,0.4148,0.4142,-1.5179205147422608,-1.5264247418508856,-0.00561,0.03604,2.6486
1914,380,0.6188,0.3812,CV,0.2768,0.2786,-1.4707402340470803,-1.4803616983153391,-0.00849,0.00323,2.6555
1915,380,0.6188,0.3812,CV,0.1211,0.1211,-1.4402429569633395,-1.4496192434921733,-0.00787,-0.00562,2.662
1916,380,0.6181,0.3819,CV,0.9137,0.9133,-1.846438045681508,-1.8530808775027334,-0.02016,-0.03395,2.6054
1917,380,0.6188,0.3812,CV,0.5388,0.5415,-1.4883772551491508,-1.498714575848516,-0.00367,-0.02962,2.6384
1918,380,0.6188,0.3812,CV,0.6691,0.67,-2.339174643777957,-2.348483570847146,0.00042,0.00715,2.5983
1919,380,0.6188,0.3812,CV,0.626,0.6279,-1.6416803042920187,-1.6513141432817717,0.0138,0.01223,2.6287
1920,380,0.6187,0.3813,CV,0.2314,0.2302,-1.5311411795139513,-1.5402332153288998,0.01192,0.00979,2.6487
1921,380,0.6187,0.3813,CV,0.0744,0.0731,-1.5029295364968471,-1.5120595391763236,0.00704,0.00622,2.6509
1922,380,0.6187,0.3813,CV,0.2081,0.2085,-1.455558263702147,-1.4646424559374713,-0.00968,0.00333,2.653
1923,380,0.6187,0.3813,CV,0.109,0.1096,-1.4931407198263058,-1.502341545601412,0.00108,0.00135,2.6565
1924,380,0.6187,0.3813,CV,0.169,0.1692,-1.4473534938081163,-1.456523785878328,-0.01068,9e-05,2.6609
1925,380,0.6184,0.3816,CV,0.79,0.79,-2.483769814646922,-2.491506683508384,-0.01122,-0.00069,2.6031
1926,380,0.6185,0.3815,CV,0.3217,0.3192,-1.3387248340451319,-1.3475771915386918,-0.02293,-0.00113,2.5763
1927,380,0.6189,0.3811,CV,0.7047,0.7075,-1.598348493156839,-1.6086648425244703,-0.00514,-0.00133,2.6222
1928,380,0.6188,0.3812,CV,0.2695,0.2684,-1.465524265626566,-1.474615783506836,-4e-05,-0.00139,2.6432
1929,380,0.6187,0.3813,CV,0.1936,0.1929,-1.4677431857518914,-1.476713055901609,-0.01156,-0.00136,2.6448
1930,380,0.6183,0.3817,CV,0.6202,0.6196,-1.6329802030761207,-1.6405188783913223,-0.04789,-0.0013,2.6469
1931,380,0.6187,0.3813,CV,0.5597,0.5623,-1.5957043181824333,-1.6053299555351512,0.00902,-0.00123,2.6507
1932,380,0.6184,0.3816,CV,0.8094,0.8097,-2.3715136549469595,-2.3792389360397816,0.02006,-0.00118,2.593
1933,380,0.6184,0.3816,CV,1.0099,1.0121,-1.8775579196319412,-1.8860966046501164,-0.05038,-0.00111,2.6259
1934,380,0.6188,0.3812,CV,0.6694,0.6719,-1.6710008213171585,-1.6808540984106928,0.01443,-0.00104,2.6492
1935,380,0.6187,0.3813,CV,0.5128,0.5134,-1.5838569240198588,-1.592753287717617,-0.0259,-0.00097,2.6534
1936,380,0.6182,0.3818,CV,1.1518,1.1532,-2.3454944382732186,-2.352470496629529,0.04012,-0.02732,2.5942
1937,380,0.6187,0.3813,CV,0.5886,0.5911,-1.5501255162663887,-1.5600804468102005,0.02855,0.00259,2.626
1938,380,0.6186,0.3814,CV,0.9311,0.9327,-2.337441960154417,-2.3459732011198042,-0.03556,0.00896,2.586
1939,380,0.6188,0.3812,CV,0.5682,0.5694,-1.8742015712224243,-1.8838719668139352,0.01844,0.00767,2.5578
1940,380,0.6189,0.3811,CV,0.212,0.2108,-1.6308398292092898,-1.6406252169233644,0.02502,0.00512,2.5434
1941,380,0.6185,0.3815,CV,0.8107,0.8114,-1.9888888122566255,-1.9968984455733259,0.0321,0.00293,2.5876
1942,380,0.6185,0.3815,CV,0.4388,0.4385,-2.3748350096365676,-2.3834282483465232,-0.00053,0.00144,2.608
1943,380,0.6187,0.3813,CV,0.7161,0.7183,-1.8408424483255341,-1.8501428509792794,0.01723,0.00048,2.548
1944,380,0.6183,0.3817,CV,0.8987,0.8993,-2.115966947006023,-2.1233420035418304,-0.05179,-0.00011,2.5207
1945,380,0.6182,0.3818,CV,0.7544,0.7546,-1.7248764138269952,-1.732604595051138,-0.05055,-0.00044,2.5688
1946,380,0.6183,0.3817,CV,0.4594,0.458,-1.6059210258660734,-1.6138636465307548,-0.03503,0.02418,2.594
1947,380,0.6184,0.3816,CV,0.808,0.81,-1.8218713686844952,-1.8305446926000322,0.02878,-0.00259,2.6003
1948,380,0.6184,0.3816,CV,0.2991,0.2976,-1.5301478954877417,-1.5383923583687609,0.03542,-0.0082,2.6071
1949,380,0.6183,0.3817,CV,1.0202,1.0221,-2.3684765975151105,-2.3765269264064335,-0.02461,-0.00766,2.5532
1950,380,0.6185,0.3815,CV,0.3266,0.3241,-1.6980138932403221,-1.706641982390699,-0.02893,-0.0057,2.531
1951,380,0.6187,0.3813,CV,0.9889,0.9917,-1.9563058376408322,-1.96560839746301,0.03422,-0.00387,2.5818
1952,380,0.6186,0.3814,CV,0.5748,0.575,-1.8719078380798866,-1.8808681446323021,0.03979,-0.00257,2.5454
1953,380,0.6186,0.3814,CV,0.6051,0.606,-1.6544064632868736,-1.663204339202945,0.02915,-0.00167,2.5785
1954,380,0.6186,0.3814,CV,0.6865,0.6873,-1.7180882484295805,-1.7267303422620728,0.03136,-0.02718,2.5403
1955,380,0.6184,0.3816,CV,0.9207,0.9219,-2.0172928991433055,-2.0253028554219905,-0.04604,-0.02396,2.5151
1956,380,0.6186,0.3814,CV,0.8414,0.8438,-1.866340691165939,-1.8756139817990463,0.00405,-0.0154,2.5632
1957,380,0.6184,0.3816,CV,0.5956,0.5951,-1.9310583361987002,-1.9389906181238796,0.02597,0.01661,2.5883
1958,380,0.6185,0.3815,CV,0.186,0.1851,-1.5462424186371344,-1.5549412228547954,0.01038,0.01935,2.5947
1959,380,0.6186,0.3814,CV,0.0803,0.08,-1.5149879716096482,-1.5238718252018189,0.00329,0.01488,2.6017
1960,380,0.6186,0.3814,CV,0.0587,0.059,-1.4987471876355956,-1.5077768447696065,-4e-05,0.00987,2.6103
1961,380,0.6187,0.3813,CV,0.1803,0.1804,-1.642449563441415,-1.6515269871454354,0.01098,0.00599,2.6198
1962,380,0.6185,0.3815,CV,0.7148,0.7154,-1.8452976196189808,-1.8534325064273247,-0.04185,0.00333,2.6295
1963,380,0.6188,0.3812,CV,0.3203,0.3225,-1.5060066430062373,-1.5157625626843416,-0.00307,0.00165,2.6389
1964,380,0.6187,0.3813,CV,0.3043,0.3045,-1.5987638940783855,-1.6079527733314767,0.01869,0.00061,2.6475
1965,380,0.6188,0.3812,CV,0.1076,0.1067,-1.5370252957577761,-1.5463655492740307,0.01736,-0.0,2.6553
1966,380,0.6183,0.3817,CV,0.8612,0.8613,-1.7732684549415527,-1.7807880406775838,-0.01589,-0.00037,2.5998
1967,380,0.618,0.382,CV,0.7366,0.7348,-2.2072045426692584,-2.213988264133955,-0.06164,-0.00057,2.5747
1968,380,0.6186,0.3814,CV,0.3919,0.3913,-1.5903783338291118,-1.600043146837974,-0.0386,-0.02941,2.563
1969,380,0.6188,0.3812,CV,0.9912,0.9943,-1.893401152306271,-1.9031721270535877,0.01911,0.00094,2.608
1970,380,0.6187,0.3813,CV,0.6331,0.6337,-1.789894061644147,-1.79887631008038,0.04033,0.00769,2.5652
1971,380,0.6186,0.3814,CV,0.6195,0.6204,-1.5930711585919983,-1.6017132215185423,0.01952,0.00683,2.5937
1972,380,0.6185,0.3815,CV,0.2308,0.2291,-1.4940089265246277,-1.5026305062603698,0.00912,0.00474,2.6142
1973,380,0.6186,0.3814,CV,0.0726,0.0712,-1.4720608917322704,-1.4808892108904703,0.00379,0.00287,2.6181
2185,383,0.7,0.3,CV,0.4296,0.4296,-2.7437544315648044,-2.7437544315648044,0.0,0.0,2.5516
2186,383,0.6484,0.3516,CV,0.3354,0.3354,-1.4827153907306987,-1.4973908076741507,-0.07575,0.1515,3.4459
2187,383,0.642,0.358,CV,0.7549,0.7583,-1.67852626414034,-1.7434695304111174,0.61286,-0.17766,4.9614
2188,383,0.6505,0.3495,CV,0.5432,0.5668,-1.5918996729433832,-1.703656355765345,-0.14373,-0.17502,5.8546
2189,383,0.6466,0.3534,CV,0.7829,0.7809,-2.5687442994890404,-2.6507003403800837,-0.19605,-0.10353,5.98
2190,383,0.6405,0.3595,CV,0.9243,0.9306,-2.2130736422182355,-2.27406588749594,0.31549,-0.04999,5.7462
2191,383,0.6372,0.3628,CV,0.6463,0.6616,-1.9491471725839689,-2.005318969342171,0.00822,-0.13624,5.3369
2192,383,0.6316,0.3684,CV,0.5199,0.5263,-2.1343774076788673,-2.1708481464779776,-0.07527,-0.0106,4.8928
2193,383,0.6258,0.3742,CV,1.0929,1.0983,-2.041204181597629,-2.0615676971992163,0.04849,0.01294,4.5703
2194,383,0.6232,0.3768,CV,0.8633,0.8685,-1.8142555340968831,-1.8321184762204934,-0.05214,0.0136,4.1834
2195,383,0.621,0.379,CV,0.9892,0.9922,-2.1184451182362536,-2.1307601141417782,0.05329,-0.02355,3.8802
2196,383,0.6199,0.3801,CV,0.3988,0.3979,-1.6272526071317235,-1.638041215158988,0.05232,0.00987,3.6351
2197,383,0.6195,0.3805,CV,0.7442,0.7469,-1.794311868237091,-1.8049177724706453,-0.02358,0.01436,3.4305
2198,383,0.619,0.381,CV,0.5918,0.5933,-1.6461956707095442,-1.6556596229500342,0.02022,-0.01468,3.2602
2199,383,0.6185,0.3815,CV,0.8732,0.8745,-1.7962745036594123,-1.8041778659451775,-0.0441,0.01108,3.1191
2200,383,0.618,0.382,CV,1.0493,1.0504,-2.1650724752108754,-2.1716073578648514,0.01598,0.01364,3.0667
2201,383,0.618,0.382,CV,0.3019,0.2987,-1.543859632038109,-1.551011821630038,0.01103,0.01086,3.0076
2202,383,0.6184,0.3816,CV,0.693,0.6955,-1.8389389077070635,-1.847821861795172,0.01669,0.00751,2.8818
2203,383,0.6185,0.3815,CV,0.2912,0.2913,-1.73091457501186,-1.7395748107389566,-0.00237,0.00485,2.8021
2204,383,0.6178,0.3822,CV,1.099,1.0997,-2.07249025486774,-2.0783177716494947,-0.05827,0.00301,2.8082
2205,383,0.6179,0.3821,CV,0.4071,0.4035,-1.593609301146518,-1.6005138462361306,-0.05502,0.00182,2.7972
2206,383,0.6181,0.3819,CV,0.3933,0.3924,-1.5830597113771578,-1.5909263981767678,-0.03852,-0.02278,2.7742
2207,383,0.6184,0.3816,CV,0.2607,0.2619,-1.5275792378290498,-1.5363909220243572,-0.02324,0.00311,2.7565
2208,383,0.6183,0.3817,CV,0.8594,0.8605,-1.962673999570216,-1.9705344735494084,0.0009,-0.01717,2.6806
2209,383,0.6184,0.3816,CV,0.4085,0.4069,-2.098571302679543,-2.107050184790138,-0.02057,-0.01553,2.64
2210,383,0.6188,0.3812,CV,0.1599,0.1597,-1.578542143740703,-1.588532852327525,-0.0034,-0.00949,2.6158
2211,383,0.6184,0.3816,CV,0.8213,0.8215,-1.885014012938302,-1.8927959879143608,0.05826,-0.00408,2.5921
2212,383,0.6182,0.3818,CV,0.4664,0.4633,-1.4292659863234531,-1.4368781562171369,0.06816,-0.00036,2.5689
2213,383,0.6186,0.3814,CV,0.1387,0.1354,-1.3075414968669845,-1.3168182037855798,0.0496,0.00192,2.5467
2214,383,0.6182,0.3818,CV,0.9199,0.9206,-3.5002308924424006,-3.5074648518392353,0.01695,0.02823,2.5852
2215,383,0.6187,0.3813,CV,0.5032,0.5055,-1.6106109327590241,-1.6202952779039186,0.00301,0.02707,2.5397
2216,383,0.6187,0.3813,CV,0.1743,0.1739,-1.3791065876204853,-1.3882441427255878,-0.00275,0.01914,2.5086
2217,383,0.6187,0.3813,CV,0.2416,0.2413,-1.2862436246784341,-1.2955159445691424,-0.01843,0.01182,2.4949
2218,383,0.6188,0.3812,CV,0.1019,0.1009,-1.257250673905899,-1.2667555664427883,-0.01808,0.0065,2.483
2219,383,0.6185,0.3815,CV,0.5606,0.5597,-1.5771930991899072,-1.5851194935836619,-0.04045,0.02938,2.4716
2220,383,0.6181,0.3819,CV,0.5286,0.5262,-1.4124573305379606,-1.4196157679962287,-0.06023,0.02468,2.4611
2221,383,0.6188,0.3812,CV,0.4345,0.4373,-1.4842822887338687,-1.49453799563827,-0.02022,-0.01108,2.4513
2222,383,0.6188,0.3812,CV,0.185,0.1851,-1.3730117395978432,-1.3824400483308545,-0.00497,-0.01669,2.4423
2223,383,0.6188,0.3812,CV,0.1671,0.1666,-1.5315416299957734,-1.5408480939170108,-0.01223,-0.01402,2.4342
2224,383,0.6184,0.3816,CV,0.5887,0.588,-1.5015051069607253,-1.5092878050631318,-0.04778,-0.01012,2.4272
2225,383,0.6185,0.3815,CV,0.1642,0.1616,-1.3100511937930814,-1.3189460793615442,-0.03935,-0.00691,2.421
2226,383,0.6187,0.3813,CV,0.6752,0.6772,-1.6822832854945409,-1.6916227971338387,0.01557,0.02124,2.4157
2227,383,0.6187,0.3813,CV,0.3567,0.357,-1.4640396202224077,-1.4731668158361462,0.02534,-0.00555,2.4109
2228,383,0.6174,0.3826,CV,1.0785,1.0773,-1.9149995066885794,-1.9188208992970912,0.08705,0.01557,2.4073
2229,383,0.6184,0.3816,CV,0.3027,0.304,-1.4052613797302442,-1.4148472333494362,0.04985,-0.01129,2.4044
2230,383,0.6183,0.3817,CV,0.3613,0.3585,-1.3379922708736707,-1.3459081401764517,0.05336,-0.0145,2.4017
2231,383,0.6188,0.3812,CV,0.6682,0.671,-1.5121466479815937,-1.5221600549072356,-0.01468,-0.01151,2.3993
2232,383,0.6187,0.3813,CV,0.5028,0.5036,-1.3996756094906262,-1.408704880435613,0.02614,-0.00786,2.397
2233,383,0.6185,0.3815,CV,0.4075,0.4066,-1.3480919900755717,-1.3565744509439766,0.02571,-0.03088,2.3951
2234,383,0.6187,0.3813,CV,0.12,0.1182,-1.2603812083328936,-1.2695714831123825,0.01623,-0.02647,2.3933
2235,383,0.6182,0.3818,CV,0.7942,0.7943,-1.99058582059795,-1.9977240822563513,-0.005,-0.01696,2.4496
2236,383,0.618,0.382,CV,0.4682,0.4658,-1.7995355802332818,-1.8065927225765632,-0.01027,-0.03265,2.4834
2237,383,0.6186,0.3814,CV,0.7528,0.7558,-1.8275580164120073,-1.8371114654289955,-0.01052,-0.00075,2.4375
2238,383,0.6184,0.3816,CV,0.5686,0.5684,-1.4591679462559068,-1.4672757162973868,0.00378,0.03447,2.423
2239,383,0.6184,0.3816,CV,0.7142,0.7152,-1.8700513686433955,-1.8784316695846228,-0.00922,0.03295,2.4825
2240,383,0.6186,0.3814,CV,0.41,0.4105,-1.9723354348821496,-1.9812987542900242,0.00123,-0.00072,2.5184
2241,383,0.618,0.382,CV,0.9353,0.9353,-2.0340791748144182,-2.0404471282927443,-0.05951,-0.00698,2.5343
2242,383,0.6186,0.3814,CV,0.6226,0.6259,-1.96137680383293,-1.971225274169684,0.00517,-0.00558,2.5495
2243,383,0.6183,0.3817,CV,0.8262,0.8266,-1.869923246565344,-1.877305298511014,-0.04562,0.02219,2.5654
2244,383,0.6183,0.3817,CV,0.9624,0.9637,-2.2080600613741392,-2.2159373997983174,0.00868,0.02285,2.5193
2245,383,0.6188,0.3812,CV,0.5132,0.5156,-1.5890022853861685,-1.5990905248982066,0.01674,0.01634,2.5616
2246,383,0.6186,0.3814,CV,0.6361,0.6359,-1.6896681644759237,-1.698198496412052,0.02718,0.01022,2.5317
2247,383,0.6186,0.3814,CV,0.7206,0.7215,-1.651740584970042,-1.660611284900422,-0.03558,0.00562,2.5118
2248,383,0.6188,0.3812,CV,0.8604,0.863,-1.8591470956869447,-1.8687292590091404,0.00223,-0.02418,2.5631
2249,383,0.6186,0.3814,CV,0.3152,0.3134,-1.5848296728244209,-1.5934380587025374,0.00944,-0.02374,2.5899
2250,383,0.6187,0.3813,CV,0.6954,0.697,-1.9545331695581587,-1.9636946177173975,0.00788,-0.0165,2.5348
2251,383,0.6187,0.3813,CV,0.239,0.2376,-1.5691565232016638,-1.5783447365474808,0.00462,-0.00945,2.5107
2252,383,0.6187,0.3813,CV,0.6848,0.6866,-1.7432561129984772,-1.752530215649465,0.0019,-0.00435,2.5608
2253,383,0.6187,0.3813,CV,0.6667,0.668,-1.670421942295505,-1.6795775126566919,0.01305,0.02506,2.5251
2254,383,0.6188,0.3812,CV,0.4482,0.4491,-1.403339888566709,-1.412803467289414,-0.0164,-0.00269,2.5005
2255,383,0.6186,0.3814,CV,0.7133,0.7146,-1.741537592186772,-1.750245698811634,-0.00525,-0.00696,2.5493
2259,383,0.5,0.5,CA,0.6865,0.6872,-3.2197827680663216,-3.2310658357227746,-0.0007,0.01815,2.8024
2260,383,0.5769,0.4231,CV,0.77,0.7715,-1.9125939848639488,-1.9205536072081244,-0.00097,-0.01189,2.6965
2261,383,0.604,0.396,CV,0.9617,0.9628,-2.1289421123469534,-2.1377024188281712,-0.06623,0.01517,2.6626
2262,383,0.614,0.386,CV,0.297,0.2935,-1.535963547463166,-1.5467045379215525,-0.06026,0.01651,2.6521
2263,383,0.6178,0.3822,CV,0.7165,0.7196,-1.719281629841016,-1.7317936132980456,0.02725,0.01144,2.6463
2264,383,0.6185,0.3815,CV,0.7942,0.7948,-1.9337126428431304,-1.9430995320764552,0.0368,0.00642,2.692
2265,383,0.6187,0.3813,CV,0.7134,0.7143,-1.8975403030118765,-1.9069540797574984,-0.02568,0.00293,2.7081
2266,383,0.6188,0.3812,CV,0.5433,0.5444,-1.7589556638149477,-1.7683590979721844,0.02148,0.00073,2.7039
2267,383,0.6187,0.3813,CV,0.9498,0.952,-2.1046165067979707,-2.113448219001776,-0.02673,-0.0006,2.6365
2268,383,0.6186,0.3814,CV,0.3065,0.3042,-1.5335653418871475,-1.542470043093907,-0.02766,-0.00137,2.6023
2269,383,0.6188,0.3812,CV,0.4293,0.4295,-1.3963150121888073,-1.4059127011823624,-0.00416,-0.02985,2.5835
2270,383,0.619,0.381,CV,0.2759,0.2771,-1.4552791286338995,-1.4655989212683038,-0.01023,0.00058,2.5643
2271,383,0.6182,0.3818,CV,1.104,1.105,-2.257129792357455,-2.2638087492581382,0.0452,-0.01954,2.6039
2272,383,0.6182,0.3818,CV,0.6765,0.6762,-1.6304362358181095,-1.6382963637037464,0.05861,-0.01834,2.5582
2273,383,0.6188,0.3812,CV,0.6397,0.6426,-1.5189305388141396,-1.5290578406608961,-0.00875,-0.01201,2.5263
2274,383,0.6186,0.3814,CV,0.5634,0.5634,-1.5708594075702564,-1.579432406093827,-0.03398,0.02039,2.5112
2275,383,0.6186,0.3814,CV,0.6274,0.6281,-1.586427695110352,-1.5952455724062673,-0.02883,-0.03149,2.4978
2276,383,0.6187,0.3813,CV,0.2866,0.2866,-1.5765374184249574,-1.5859667917206914,-0.03152,-0.00564,2.4847
2277,383,0.6186,0.3814,CV,0.8516,0.8532,-1.8246660032982067,-1.8332115852085238,0.03138,0.02888,2.4723
2278,383,0.6183,0.3817,CV,0.4767,0.4746,-1.4631133701973853,-1.4707455427601912,0.04968,0.02844,2.4611
2279,383,0.6178,0.3822,CV,0.8448,0.8436,-2.393377089405314,-2.399157189946729,0.05137,0.02013,2.5095
2280,383,0.6186,0.3814,CV,0.968,0.9718,-1.9625365785120648,-1.9726141461842086,-0.02512,0.01234,2.4741
2281,383,0.6183,0.3817,CV,0.8948,0.8958,-2.3720444379771095,-2.3794220621368405,0.0288,0.00676,2.5101
2282,383,0.6183,0.3817,CV,0.2177,0.2155,-1.6925088957365455,-1.7007736829916307,0.01998,0.00305,2.5391
2283,383,0.6185,0.3815,CV,0.0793,0.0786,-1.6370468822360646,-1.6457575900549994,0.01132,0.00075,2.5514
2284,383,0.6186,0.3814,CV,0.0733,0.074,-1.6001236502980398,-1.6090195064184116,0.00494,-0.00062,2.5639
2285,383,0.618,0.382,CV,1.0685,1.0691,-2.0449339296777262,-2.0513267042906045,-0.03848,-0.0275,2.5157
2286,383,0.6181,0.3819,CV,0.5345,0.5325,-1.6588996900215731,-1.6665878973937762,-0.05124,0.00243,2.4988
2287,383,0.6187,0.3813,CV,0.8309,0.8333,-1.684710508998965,-1.69462549413364,0.03174,0.0079,2.4956
2288,383,0.6187,0.3813,CV,0.8211,0.8228,-1.8992735543756383,-1.90823507640853,0.02507,-0.02038,2.5486
2289,383,0.6185,0.3815,CV,0.3014,0.2993,-1.6427129441310968,-1.651254580797842,0.01568,-0.02068,2.5759
2290,383,0.6186,0.3814,CV,0.0955,0.0939,-1.5809672588967902,-1.5898465461608526,0.00812,-0.01447,2.584
2291,383,0.6186,0.3814,CV,0.1798,0.1795,-1.755267857105808,-1.764101593015464,0.01524,-0.00844,2.5922
2292,383,0.618,0.382,CV,1.2049,1.206,-2.476370092796,-2.4825272246570664,-0.05405,-0.00391,2.5401
2293,383,0.618,0.382,CV,0.5582,0.5557,-1.7254511010544733,-1.7327202259825965,-0.05355,0.02686,2.5198
2294,383,0.6186,0.3814,CV,0.7201,0.7226,-1.7596565479152255,-1.7695677080714827,-0.03729,-0.00131,2.5721
2295,383,0.6186,0.3814,CV,0.7924,0.794,-1.8659198340259828,-1.8747082126713241,0.02868,-0.00664,2.5994
2296,383,0.6187,0.3813,CV,0.8306,0.8327,-1.8380478994892457,-1.847118226760128,-0.00359,0.02056,2.5443
2297,383,0.6185,0.3815,CV,0.527,0.5259,-1.4340565782175307,-1.4422299716714897,-0.03595,0.02032,2.5198
2298,383,0.6189,0.3811,CV,0.2561,0.2573,-1.3883394682123915,-1.3985539506819165,-0.00346,0.01418,2.5108
2299,383,0.619,0.381,CV,0.1136,0.1137,-1.3395026075871654,-1.3495852116018963,0.00563,0.00829,2.5008
2300,383,0.6189,0.3811,CV,0.3409,0.3412,-1.8145206501072355,-1.824247197633532,-0.01999,0.00402,2.4895
2301,383,0.6184,0.3816,CV,0.652,0.651,-1.6612505633207824,-1.6687646983239113,-0.05791,0.00126,2.478
2302,383,0.6189,0.3811,CV,0.5816,0.5847,-1.5803476259695595,-1.5908734813809124,0.00635,-0.00041,2.4667
2303,383,0.6188,0.3812,CV,0.2458,0.2454,-1.3977455361448674,-1.4070430845280917,0.02042,-0.00135,2.456
2304,383,0.6176,0.3824,CV,1.0452,1.0441,-1.8683247800824128,-1.872661333880146,0.0846,-0.00184,2.4467
2305,383,0.6178,0.3822,CV,0.522,0.5188,-1.405220120606854,-1.4119390627954225,0.07441,-0.02802,2.4388
2306,383,0.6188,0.3812,CV,0.8905,0.8948,-1.7780102991444175,-1.788942121815994,-0.01537,0.00041,2.4317
2307,383,0.6181,0.3819,CV,0.837,0.8365,-2.084207791340294,-2.0906080346745473,-0.02951,0.00589,2.4833
2308,383,0.6181,0.3819,CV,0.4644,0.4626,-1.844182974892071,-1.8515079837046924,-0.02444,-0.01835,2.5129
2309,383,0.6182,0.3818,CV,0.7756,0.777,-1.989413340080667,-1.997346510420094,0.03097,0.00523,2.5251
2310,383,0.6184,0.3816,CV,0.9208,0.9231,-1.985933195927196,-1.9945996019732108,-0.01537,0.0092,2.4766
2311,383,0.6184,0.3816,CV,0.4663,0.4655,-1.5276588806855202,-1.5360424428306705,-0.02067,-0.01978,2.4608
2312,383,0.6183,0.3817,CV,0.9055,0.9063,-1.7232368946532004,-1.7309691225598844,0.05389,-0.02016,2.4603
2313,383,0.6189,0.3811,CV,0.7357,0.7387,-1.664349569691201,-1.674928764128118,-0.01561,0.01376,2.4581
2314,383,0.6189,0.3811,CV,0.342,0.342,-1.4051733067742065,-1.4147883549468925,-0.02577,-0.01004,2.4533
2315,383,0.6184,0.3816,CV,0.8267,0.8273,-2.061893425429777,-2.069589385757424,-0.01995,0.01423,2.5055
2316,383,0.6184,0.3816,CV,0.3886,0.3873,-1.8013044741190163,-1.809434229235642,-0.01254,-0.00842,2.5342
2317,383,0.618,0.382,CV,1.0007,1.0014,-2.434430425260305,-2.440931633487674,0.05284,0.01331,2.5449
2318,383,0.6184,0.3816,CV,0.1967,0.1972,-2.5770892982248066,-2.585929342481513,0.02777,0.0144,2.5567
2319,383,0.6185,0.3815,CV,0.3812,0.3814,-1.6128280611800139,-1.6214094898338922,0.02618,-0.0142,2.5701
2320,383,0.6183,0.3817,CV,0.9969,0.9982,-2.0137961258691917,-2.0213787476918554,-0.02208,0.00961,2.5224
2321,383,0.6183,0.3817,CV,0.4672,0.4646,-1.6868531398718885,-1.6947535236694318,-0.04064,0.01176,2.5053
2322,383,0.6187,0.3813,CV,0.1627,0.1597,-1.5138320731728345,-1.5235773092160259,-0.03303,0.00857,2.5017
2323,383,0.6188,0.3812,CV,0.7298,0.7315,-1.7525802356327076,-1.7623161015799047,0.03482,0.00497,2.4956
2324,383,0.6181,0.3819,CV,1.315,1.3169,-2.3880956867927408,-2.3945264056367304,-0.07146,-0.02515,2.4871
2325,383,0.619,0.381,CV,0.429,0.433,-1.4889939603987532,-1.500228448921742,-0.01744,0.00286,2.4772
2326,383,0.619,0.381,CV,0.1816,0.1823,-1.3787255886476293,-1.3885860489239847,0.00034,0.00777,2.4667
2327,383,0.6189,0.3811,CV,0.0932,0.0931,-1.3441244311838676,-1.3537684814076374,0.00541,0.00631,2.4565
2328,383,0.618,0.382,CV,0.9815,0.9812,-1.7909827663271891,-1.79678088891772,0.07149,0.00386,2.4473
2329,383,0.618,0.382,CV,0.5005,0.4982,-1.3889812274822362,-1.396309418313097,0.06487,-0.02416,2.4392
2330,383,0.6185,0.3815,CV,0.2599,0.2601,-1.285169286578319,-1.29451036982024,0.04359,0.00285,2.4319
2331,383,0.6187,0.3813,CV,0.0913,0.0917,-1.2511073099153378,-1.2605968990929213,0.0245,0.00773,2.4254
2332,383,0.6185,0.3815,CV,0.8027,0.804,-1.6086008500273312,-1.6169478132701638,-0.04104,0.00639,2.4196
2333,383,0.6179,0.3821,CV,0.6738,0.6716,-1.6712785368796994,-1.6774721674424897,-0.07078,0.004,2.4148
2334,383,0.6182,0.3818,CV,0.4429,0.4412,-1.4947117986952099,-1.5026574872571925,-0.05722,-0.0239,2.4108
2335,383,0.6187,0.3813,CV,0.351,0.3534,-1.324487398133044,-1.3344820491726348,-0.01124,-0.02285,2.4071
2336,383,0.6187,0.3813,CV,0.2495,0.2488,-1.4003718455070528,-1.4094371681243836,-0.02344,-0.01556,2.4038
2337,383,0.6182,0.3818,CV,1.0661,1.0674,-1.9007542763602565,-1.907702811543366,0.05992,-0.0087,2.401
2338,383,0.6188,0.3812,CV,0.5792,0.5824,-1.5479765484078294,-1.5583837829451646,-0.00443,-0.00382,2.3986
2339,383,0.6183,0.3817,CV,0.8381,0.8384,-1.6462511099313062,-1.6535228985676014,0.04843,0.02526,2.3964
2340,383,0.6188,0.3812,CV,0.7405,0.7434,-1.6418886991982278,-1.6518450669925737,-0.01987,-0.00121,2.3946
2341,383,0.6187,0.3813,CV,0.2611,0.26,-1.3547629863822988,-1.3637012208313584,-0.02887,-0.00587,2.3928
2342,383,0.6181,0.3819,CV,0.8478,0.8478,-2.1183009895235103,-2.124979547787995,-0.02198,0.02027,2.4492
2343,383,0.6178,0.3822,CV,0.981,0.9812,-2.527590700503069,-2.53381720167285,0.04532,0.02067,2.4832
2344,383,0.6182,0.3818,CV,0.7617,0.7629,-1.6867155105779197,-1.6948771268248555,0.04767,0.01496,2.4376
2345,383,0.6183,0.3817,CV,0.6458,0.6467,-2.0861502276050548,-2.094439391523687,0.03313,-0.01606,2.4813
2346,383,0.6185,0.3815,CV,0.3061,0.3061,-1.9019734036662281,-1.910819650788942,0.01911,0.00612,2.5178
2347,383,0.618,0.382,CV,1.2226,1.2242,-2.3893042469943095,-2.3959122745298918,-0.05584,0.00918,2.474
2348,383,0.6181,0.3819,CV,0.4091,0.4056,-1.55429556018781,-1.5619334069297661,-0.05645,0.00683,2.4598
2349,383,0.6187,0.3813,CV,0.8483,0.8511,-1.6853509358411796,-1.6954451754104238,0.02952,0.00386,2.4599
2350,383,0.6188,0.3812,CV,0.6064,0.6078,-1.480833971112567,-1.490527018203524,-0.01711,-0.02609,2.4578
2351,383,0.6186,0.3814,CV,0.5942,0.594,-1.5301711540224716,-1.5387619503939345,-0.04934,0.00241,2.4534
2352,383,0.6187,0.3813,CV,0.964,0.9667,-1.8013148796701195,-1.8106663187156382,0.03952,0.00752,2.4474
2353,383,0.6188,0.3812,CV,0.3571,0.3578,-1.396969114636948,-1.4065761672848036,0.01996,-0.02032,2.4408
2354,383,0.6188,0.3812,CV,0.2045,0.203,-1.4394740512382505,-1.4486714615538812,0.02279,-0.02015,2.4341
2355,383,0.6188,0.3812,CV,0.0721,0.0711,-1.3876150232772382,-1.3971089758871416,0.01592,-0.0138,2.4276
2356,383,0.6187,0.3813,CV,0.421,0.4213,-1.357792099749524,-1.366832200538038,0.02171,0.01824,2.4217
2357,383,0.6181,0.3819,CV,1.1021,1.1032,-2.044950056970872,-2.0514138237978488,-0.0627,0.02016,2.4166
2358,383,0.6181,0.3819,CV,0.3775,0.3741,-1.4196384868961223,-1.4271574519870454,-0.063,0.01484,2.4123
2359,383,0.6185,0.3815,CV,0.1077,0.1045,-1.3283461896437414,-1.337416326398722,-0.04424,0.00922,2.4085
2360,383,0.618,0.382,CV,1.27,1.2719,-2.408300937528897,-2.4146765238042773,0.03605,-0.01978,2.4632
2361,383,0.6187,0.3813,CV,0.7857,0.7892,-1.7145006639198708,-1.7245998409131476,-0.01651,0.0037,2.4338
2362,383,0.6185,0.3815,CV,0.6775,0.6783,-1.5464398606715628,-1.5547569604717415,0.03048,-0.01851,2.4166
2363,383,0.6186,0.3814,CV,0.236,0.234,-1.3042223757041296,-1.313074875775194,0.03263,-0.01781,2.4155
2364,383,0.6187,0.3813,CV,0.3614,0.362,-1.3406088678656696,-1.3500855654961033,0.02382,0.01458,2.4147
2365,383,0.6186,0.3814,CV,0.7514,0.7525,-1.5810606032967447,-1.5896695924086786,-0.03825,0.01752,2.413
2366,383,0.6186,0.3814,CV,0.2487,0.2465,-1.2942948756259112,-1.3031370026807552,-0.03991,0.01305,2.4106
2367,383,0.6188,0.3812,CV,0.6931,0.6952,-1.5272237357929739,-1.5367875030320806,0.02482,0.00804,2.4079
2368,383,0.6189,0.3811,CV,0.3191,0.3204,-1.4070256522685793,-1.4167225390291094,-0.00725,0.00427,2.405
2369,383,0.6187,0.3813,CV,0.4642,0.4646,-1.3699514497694503,-1.3789208839617078,0.0279,0.00173,2.4021
2370,383,0.6182,0.3818,CV,0.7844,0.7841,-2.482905549617076,-2.489770272013497,0.02705,0.00021,2.4574
2371,383,0.6179,0.3821,CV,0.5031,0.5004,-1.7091609556324627,-1.7158731194443375,0.04275,-0.00067,2.4904
2372,383,0.6185,0.3815,CV,1.0752,1.0786,-2.4943526329498877,-2.503563155032931,-0.02816,-0.00117,2.4436
2373,383,0.6183,0.3817,CV,0.5205,0.5193,-1.8419370327948035,-1.8497264262968889,-0.03551,0.02494,2.4285
2374,383,0.6187,0.3813,CV,0.1825,0.1822,-1.402912338611655,-1.4125395961143599,-0.01327,0.02252,2.4295
2375,383,0.6187,0.3813,CV,0.3284,0.3276,-1.3159909265836436,-1.325226281282442,-0.03158,0.01414,2.4296
2376,383,0.619,0.381,CV,0.2887,0.2904,-1.4128224060362067,-1.4229962720607978,0.00161,0.00665,2.4276
2377,383,0.6181,0.3819,CV,1.0924,1.093,-2.081560507321173,-2.0876542099392723,-0.00402,-0.04923,2.4825
2378,383,0.6171,0.3829,CV,1.0332,1.031,-2.053563073640702,-2.057033956069147,0.04484,-0.07242,2.5145
2379,383,0.618,0.382,CV,0.3101,0.3098,-1.558151974048163,-1.5665430511711458,0.04267,-0.03258,2.5281
2380,383,0.6185,0.3815,CV,0.6914,0.694,-1.7342912097421697,-1.743452336407627,-0.01892,-0.0136,2.5421
2381,383,0.6183,0.3817,CV,0.8408,0.8414,-2.1585910582115493,-2.1662010701645036,-0.0281,-0.00407,2.4958
2382,383,0.6171,0.3829,CV,1.1729,1.1715,-2.3764031191323474,-2.3793738856464817,-0.07724,0.05615,2.4812
2383,383,0.6187,0.3813,CV,0.7117,0.7159,-1.6295324726854354,-1.641216997394641,0.00678,0.02513,2.4806
2384,383,0.6189,0.3811,CV,0.2737,0.2734,-1.3688229310095017,-1.3787772186957377,0.02386,0.01143,2.477
2385,383,0.619,0.381,CV,0.1152,0.1163,-1.483908096547111,-1.4942049467636975,0.00774,0.00516,2.4706
2386,383,0.619,0.381,CV,0.1697,0.1694,-1.3073567254850231,-1.3171750155875426,0.0165,0.00212,2.4625
2387,383,0.618,0.382,CV,0.9896,0.9893,-2.0715975654395598,-2.0773987053796734,0.05186,0.0006,2.5125
2388,383,0.618,0.382,CV,0.3543,0.3505,-1.666520641063247,-1.673806768347752,0.0446,-0.00013,2.5398
2389,383,0.6183,0.3817,CV,0.8017,0.8037,-1.9014656374132248,-1.909874189584366,-0.01823,0.0232,2.5493
2390,383,0.6183,0.3817,CV,0.2888,0.2875,-1.5956360145887065,-1.6037564594766214,-0.02753,0.02108,2.5601
2391,383,0.6185,0.3815,CV,0.1341,0.1353,-1.7179875561564515,-1.7270063265864184,-0.00986,0.01365,2.5729
2392,383,0.6182,0.3818,CV,0.9086,0.9092,-2.178776842838747,-2.1861426537376056,-0.01646,-0.0194,2.5246
2393,383,0.6185,0.3815,CV,0.8913,0.8938,-1.860621574866182,-1.8697800853646265,0.04063,0.00543,2.5655
2394,383,0.6188,0.3812,CV,0.5349,0.5369,-1.6504713105868165,-1.660198248175828,-0.01051,0.00829,2.5965
2395,383,0.6185,0.3815,CV,0.8336,0.8343,-2.1119020727948183,-2.1199916465016777,-0.0192,-0.0212,2.5454
2396,383,0.6186,0.3814,CV,0.2841,0.2815,-1.621472420187689,-1.630428977382826,-0.01543,-0.02198,2.5234
2397,383,0.6188,0.3812,CV,0.685,0.6872,-1.7179360865713869,-1.72772246078061,-0.00987,-0.01611,2.5742
2398,383,0.6183,0.3817,CV,0.9026,0.9029,-2.0767620694912345,-2.084160876118006,-0.05839,-0.01056,2.5384
2399,383,0.6189,0.3811,CV,0.5729,0.5756,-1.6862367947868486,-1.6966252112291276,0.00487,-0.0063,2.5131
2400,383,0.6189,0.3811,CV,0.2251,0.2246,-1.4770211338561992,-1.4867290912045588,0.01825,-0.00346,2.5024
2401,383,0.6184,0.3816,CV,1.0067,1.0081,-2.100083966596384,-2.107637609892965,-0.03513,-0.00169,2.5504
2402,383,0.6184,0.3816,CV,0.6003,0.6009,-1.7934174238444438,-1.801891574131474,0.01365,-0.00062,2.5748
2403,383,0.6177,0.3823,CV,0.9615,0.9606,-2.0491996327417223,-2.054468337801081,0.06934,-1e-05,2.5815
2404,383,0.6176,0.3824,CV,0.9115,0.9108,-1.890667297791664,-1.896536515466734,0.07554,0.00035,2.5275
2405,383,0.6183,0.3817,CV,0.6296,0.6314,-1.6933003853138162,-1.7025030129046956,0.0402,-0.02546,2.5649
2406,383,0.6186,0.3814,CV,0.2286,0.2279,-1.569427303760869,-1.5784737378563578,0.01912,-0.02344,2.594
2407,383,0.6184,0.3816,CV,1.0182,1.0201,-2.024616051992093,-2.032750281890564,-0.0327,0.01088,2.5418
2408,383,0.6169,0.3831,CV,1.1918,1.1897,-2.341804359360287,-2.34367683460517,-0.10504,0.01577,2.5202
2409,383,0.6187,0.3813,CV,0.5104,0.5148,-1.632665251575335,-1.6444810289366352,-0.03387,-0.01518,2.5133
2410,383,0.619,0.381,CV,0.3587,0.3602,-1.3682025321925604,-1.3785555584278228,0.0055,-0.0163,2.5044
2411,383,0.619,0.381,CV,0.0888,0.0891,-1.4293871450129287,-1.4394981249342922,-0.00109,-0.01055,2.4935
2412,383,0.6189,0.3811,CV,0.4323,0.4328,-1.3778455937373526,-1.3873444262356496,0.01186,0.02187,2.4818
2413,383,0.6184,0.3816,CV,0.8174,0.8179,-2.21768837784416,-2.225230700071453,0.0113,-0.00244,2.5288
2414,383,0.6183,0.3817,CV,0.4251,0.4233,-1.950818097646251,-1.958502595726738,0.00811,0.01774,2.5533
2415,383,0.6181,0.3819,CV,0.5855,0.5846,-1.7540310128640402,-1.76117994604986,0.04054,0.01757,2.5608
2416,383,0.6183,0.3817,CV,0.9154,0.9176,-1.973128132286205,-1.9813524575619845,-0.0127,-0.0352,2.57
2417,383,0.6183,0.3817,CV,0.8999,0.9016,-2.114349899802405,-2.1223597114830683,0.04025,0.01333,2.5815
2418,383,0.618,0.382,CV,1.2134,1.2152,-2.131482486447625,-2.1383945726223024,-0.03887,0.02133,2.5322
2419,383,0.6184,0.3816,CV,0.286,0.2839,-1.4658502507031912,-1.4748920002397112,-0.01679,0.01722,2.5137
2420,383,0.6188,0.3812,CV,0.101,0.0991,-1.3861565412062142,-1.3962643126711891,-0.0076,0.01144,2.5088
2421,383,0.6189,0.3811,CV,0.3644,0.3639,-1.3361114934172902,-1.3457648359337464,-0.0317,0.00675,2.5015
2422,383,0.6186,0.3814,CV,0.86,0.8613,-1.8237971043641963,-1.832177771350458,-0.01349,-0.02265,2.5504
2423,383,0.6184,0.3816,CV,0.3185,0.3161,-1.557467366599414,-1.565645364495014,-0.0052,-0.0224,2.5751
2424,383,0.6187,0.3813,CV,0.7888,0.7914,-1.8468545277635258,-1.8562807890834656,0.01132,0.00967,2.5193
2425,383,0.6186,0.3814,CV,0.3904,0.3901,-1.3510668528820666,-1.3599469248881966,-0.01473,0.01388,2.4954
2426,383,0.6182,0.3818,CV,1.0907,1.0922,-2.0462338583593245,-2.0534348550572017,0.05012,0.01075,2.5465
2427,383,0.6188,0.3812,CV,0.5676,0.5704,-1.6780115670122027,-1.6882370229841972,0.01201,0.00702,2.5123
2428,383,0.6183,0.3817,CV,0.6777,0.6769,-1.6442549815366576,-1.6516838983857154,0.05399,0.00399,2.4892
2429,383,0.6185,0.3815,CV,0.4327,0.4315,-1.4592380125628448,-1.4678584754160875,0.04601,-0.02525,2.4813
2430,383,0.6183,0.3817,CV,0.7635,0.7641,-1.9706110204398437,-1.9785799716057997,0.0287,-0.0235,2.5319
2431,383,0.6184,0.3816,CV,0.2867,0.2846,-1.7365424128417195,-1.7448465028090752,0.01436,-0.01595,2.5588
2432,383,0.6184,0.3816,CV,1.0535,1.0558,-2.3289438205047395,-2.3371762941630427,-0.00828,0.04122,2.5052
2433,383,0.6179,0.3821,CV,0.758,0.7566,-1.695295962438488,-1.701620516240729,-0.05355,0.04133,2.4836
2434,383,0.6183,0.3817,CV,0.2686,0.2651,-1.3829654707058774,-1.3915590964911835,-0.04994,0.02889,2.4784
2435,383,0.6183,0.3817,CV,0.4597,0.457,-1.3930378899863423,-1.4008791088141013,-0.06309,0.01675,2.4727
2436,383,0.6189,0.3811,CV,0.2433,0.2468,-1.3670552132063492,-1.3777362933140402,-0.02028,0.00778,2.4653
2437,383,0.6183,0.3817,CV,0.8339,0.8339,-1.6695159757783475,-1.6768394319340032,-0.03152,-0.05126,2.4573
2438,383,0.6188,0.3812,CV,0.3257,0.3282,-1.386566380416822,-1.396822105142607,0.00282,-0.02308,2.4491
2439,383,0.6189,0.3811,CV,0.1371,0.1373,-1.322433793034937,-1.3320351300902233,0.01029,-0.01074,2.441
2440,383,0.6187,0.3813,CV,0.3876,0.3873,-1.5373445650611046,-1.5462312920440406,-0.00324,-0.03115,2.4335
2441,383,0.6183,0.3817,CV,0.8296,0.83,-1.8023273665294062,-1.8097470138908882,-0.05612,3e-05,2.4269
2442,383,0.6186,0.3814,CV,0.1143,0.1132,-1.2744937597571842,-1.2837926824759611,-0.03618,0.00714,2.421
2443,383,0.6186,0.3814,CV,0.7886,0.7905,-1.6130535466942606,-1.6220184383736644,0.03301,0.00698,2.4157
2444,383,0.6187,0.3813,CV,0.1241,0.1224,-1.3721463282921786,-1.3813346625774328,0.02725,0.00522,2.4111
2445,383,0.6188,0.3812,CV,0.0714,0.0703,-1.3444243915155027,-1.353783687297875,0.01976,0.00352,2.407
2446,383,0.6181,0.3819,CV,0.8528,0.8527,-2.0762906361551425,-2.082938980973611,0.01361,-0.0224,2.4614
2447,383,0.6182,0.3818,CV,0.3751,0.3739,-1.787923229353364,-1.795835539509142,0.00933,0.00219,2.4936
2448,383,0.6185,0.3815,CV,0.7244,0.7267,-1.6618424544629973,-1.6709084429363474,0.01876,0.00756,2.4462
2449,383,0.6185,0.3815,CV,0.4206,0.4203,-1.3778729444806121,-1.386455223863407,0.01578,-0.0195,2.4304
2450,383,0.618,0.382,CV,0.7813,0.7802,-1.607559067517662,-1.614133896286671,0.06509,-0.01911,2.4313
2451,383,0.6188,0.3812,CV,0.9593,0.9629,-1.864441757748329,-1.8748318381227276,-0.0259,0.01474,2.4313
2452,383,0.6186,0.3814,CV,0.845,0.8465,-1.6709848747363827,-1.679746272949998,0.04289,-0.00862,2.4292
2453,383,0.6183,0.3817,CV,0.767,0.7672,-1.9097083366212806,-1.9173107073245386,0.02993,-0.00983,2.484
2454,383,0.6187,0.3813,CV,0.5139,0.5157,-1.5232936965988815,-1.5328458322276222,0.02954,-0.00636,2.4536
2455,383,0.6187,0.3813,CV,0.1683,0.1679,-1.3013443122723651,-1.3106115117086816,0.01842,-0.00258,2.4348
2456,383,0.6187,0.3813,CV,0.5818,0.5826,-1.5188220841094027,-1.5277475523632866,-0.01873,0.0269,2.4318
2457,383,0.6183,0.3817,CV,0.771,0.7712,-1.7110590694267351,-1.718508177339283,-0.02309,0.02572,2.4872
2458,383,0.6183,0.3817,CV,0.2808,0.278,-1.516471417142621,-1.524483724273742,-0.01944,0.01855,2.519
2459,383,0.6185,0.3815,CV,0.1639,0.1639,-1.6288602070191966,-1.6375793935301695,-0.0027,0.01172,2.532
2460,383,0.6185,0.3815,CV,0.0677,0.0682,-1.584494811439183,-1.5933231482786836,0.00019,0.00671,2.5455
2461,383,0.6182,0.3818,CV,0.7664,0.7665,-1.8471690203690017,-1.8544292584028992,-0.0502,0.0034,2.5606
2462,383,0.6184,0.3816,CV,0.3793,0.3786,-1.5932632814417167,-1.60169597717709,-0.03511,0.02647,2.5762
2463,383,0.618,0.382,CV,0.8407,0.8401,-2.0229579061080774,-2.0297511049140664,-0.0354,0.02342,2.5297
2464,383,0.6184,0.3816,CV,0.28,0.2767,-1.541490381738112,-1.5503648392969183,-0.02461,0.01457,2.5129
2465,383,0.6188,0.3812,CV,0.7997,0.8022,-1.719813189125175,-1.7296640859051071,-0.02776,-0.02048,2.5675
2466,383,0.6184,0.3816,CV,0.9462,0.9472,-2.0487892086244845,-2.0565454842917585,0.04504,-0.02343,2.5965
2467,383,0.6187,0.3813,CV,0.6268,0.629,-1.656906867854273,-1.666350415730283,-0.01461,-0.01805,2.6048
2468,383,0.6187,0.3813,CV,0.3568,0.3578,-1.630449639073804,-1.639567003291509,-0.00977,0.01271,2.6124
2469,383,0.6187,0.3813,CV,0.2708,0.2715,-1.5789733855441965,-1.588139614164632,-0.00491,-0.01015,2.6208
2470,383,0.6183,0.3817,CV,0.7819,0.7821,-1.8265321102341778,-1.8340757800804557,0.04948,-0.0127,2.6298
2471,383,0.6183,0.3817,CV,0.9935,0.995,-2.260724762115718,-2.2687636418239014,-0.00544,0.01675,2.5764
2472,383,0.6184,0.3816,CV,0.507,0.5058,-1.4160259184223452,-1.424548483885038,-0.02895,-0.01104,2.5535
2473,383,0.6189,0.3811,CV,0.3078,0.3084,-1.4238817328420263,-1.4341796200816819,0.00404,-0.01418,2.5439
2474,383,0.619,0.381,CV,0.123,0.1226,-1.35694749887225,-1.3672438952375923,0.01055,-0.01087,2.532
2475,383,0.6191,0.3809,CV,0.1567,0.1574,-1.4113189941402977,-1.4215541308742174,-0.00427,-0.00698,2.5179
2476,383,0.619,0.381,CV,0.0722,0.0724,-1.3732817401260355,-1.383253023170887,-0.00536,-0.00398,2.5032
2477,383,0.6178,0.3822,CV,1.2232,1.2236,-2.3958607567977452,-2.40072394816508,0.05989,-0.00198,2.5477
2478,383,0.6181,0.3819,CV,0.6808,0.681,-1.7574644530277392,-1.7654724309383196,0.05778,-0.02571,2.5081
2479,383,0.6187,0.3813,CV,0.3548,0.3571,-1.3351846036159307,-1.3449978914815606,0.01297,-0.02228,2.4818
2480,383,0.6183,0.3817,CV,0.7543,0.7546,-1.8789051812828905,-1.8864744050019677,0.02377,-0.01393,2.5306
2481,383,0.6187,0.3813,CV,0.5893,0.592,-1.5327943183890917,-1.5426906182051956,-0.00778,-0.00675,2.4956
2482,383,0.6186,0.3814,CV,0.5039,0.5043,-1.5783672069190569,-1.5871552020092452,0.01235,0.02461,2.4727
2483,383,0.6182,0.3818,CV,0.9071,0.9075,-2.0765957366809205,-2.083750305357868,-0.0563,0.02543,2.4657
2484,383,0.6189,0.3811,CV,0.4478,0.4506,-1.6593569217630808,-1.6698556174253538,-0.0021,0.01894,2.4592
2485,383,0.6181,0.3819,CV,0.9788,0.9791,-1.9881267571667667,-1.994529154575509,-0.04257,0.01239,2.5103
2486,383,0.618,0.382,CV,0.5176,0.5157,-1.6789331108707084,-1.6861527610962246,-0.03976,-0.01646,2.5385
2487,383,0.6173,0.3827,CV,1.241,1.2408,-2.789075453612491,-2.79313454686004,-0.08988,0.00699,2.4871
2488,383,0.6186,0.3814,CV,0.7164,0.7206,-1.7864307344134245,-1.797414278254736,-0.00559,0.01015,2.4675
2489,383,0.6187,0.3813,CV,0.4513,0.4517,-1.5593292642062266,-1.5686546900010288,0.01649,-0.01927,2.4639
2490,383,0.6187,0.3813,CV,0.6532,0.654,-1.6483820508163065,-1.657392123315037,0.01837,0.03501,2.4596
2491,383,0.6178,0.3822,CV,1.1222,1.1223,-2.270541056671176,-2.2758454991863415,0.06636,0.0096,2.5123
2492,383,0.6184,0.3816,CV,0.5405,0.5425,-1.790213514648716,-1.7995147304915133,0.00983,0.00106,2.5412
2493,383,0.6182,0.3818,CV,0.5932,0.5924,-1.789421455004448,-1.79676249037436,0.04324,-0.00138,2.5517
2494,383,0.6185,0.3815,CV,0.8501,0.8526,-1.8160753203647024,-1.8251890171519887,9e-05,-0.00191,2.5009
2495,383,0.6185,0.3815,CV,0.3526,0.3513,-1.364419804054883,-1.3731392598188923,0.01765,-0.0018,2.4825
2496,383,0.6187,0.3813,CV,0.3969,0.3963,-1.3660451992674763,-1.3752321244205252,0.01541,-0.02937,2.4793
2497,383,0.6186,0.3814,CV,0.8003,0.802,-1.8071925382002592,-1.8161364176542443,0.02242,0.00035,2.5328
2498,383,0.6187,0.3813,CV,0.6056,0.6067,-1.6470417607613725,-1.6562316640009531,0.02917,-0.01875,2.4993
2499,383,0.6186,0.3814,CV,0.6811,0.6825,-1.717289035035915,-1.7260298045547073,0.007,0.00916,2.5354
2500,383,0.6185,0.3815,CV,0.8627,0.864,-1.848978289368783,-1.8572636764741666,-0.04077,0.01344,2.5014
2501,383,0.6183,0.3817,CV,0.5683,0.5668,-1.7080522574544954,-1.7156460080933047,-0.05358,-0.01621,2.4803
2502,383,0.6185,0.3815,CV,0.6482,0.6492,-1.5447166623173263,-1.5537954026492455,-0.02783,0.03702,2.4741
2503,383,0.6187,0.3813,CV,0.3833,0.3828,-1.3782046180042646,-1.3873870877568673,-0.04149,0.01019,2.4676
2504,383,0.619,0.381,CV,0.2887,0.291,-1.3534352536354477,-1.363749793227467,-0.00467,0.00121,2.46
2505,383,0.618,0.382,CV,1.0999,1.1003,-2.1664696549306752,-2.1722414378690758,0.04284,-0.02663,2.5103
2506,383,0.618,0.382,CV,0.4006,0.3968,-1.6604945039612764,-1.6674769657153627,0.0412,-0.02515,2.538
2507,383,0.6185,0.3815,CV,0.77,0.7727,-1.9467089353791462,-1.956074884123961,0.02855,0.00754,2.4858
2508,383,0.6186,0.3814,CV,0.3545,0.3542,-1.55362292752804,-1.5625161280835373,0.0164,-0.0139,2.4656
2509,383,0.6188,0.3812,CV,0.1299,0.1288,-1.4408019671883059,-1.4504268041030481,0.00747,-0.01387,2.4617
2510,383,0.6186,0.3814,CV,0.755,0.756,-2.128757077036023,-2.137172072635518,0.01476,-0.00892,2.5156
2511,383,0.6187,0.3813,CV,0.6265,0.6284,-1.6101172346514265,-1.6196531808885377,0.01037,0.02131,2.4833
2512,383,0.6183,0.3817,CV,0.8052,0.8054,-1.6638838608426978,-1.67136308933703,-0.04869,0.0219,2.4624
2513,383,0.6185,0.3815,CV,0.4335,0.4329,-1.4165913826808332,-1.4253886631996435,-0.02175,0.04292,2.4569
2514,383,0.6181,0.3819,CV,0.9476,0.9481,-2.0041074838329256,-2.01107163598438,-0.0492,0.00841,2.51
2515,383,0.6184,0.3816,CV,0.5896,0.5905,-1.7638046900981794,-1.7727011615798864,-0.04189,0.023,2.4776
2516,383,0.6182,0.3818,CV,0.9056,0.9067,-1.9722931306912925,-1.9798268473155178,-0.02721,-0.03231,2.5153
2517,383,0.6181,0.3819,CV,0.8338,0.8342,-1.9357328237805165,-1.9429834637290941,0.0337,-0.03608,2.5452
2518,383,0.6177,0.3823,CV,1.4449,1.447,-2.495271853126143,-2.501097468473139,-0.07168,-0.00214,2.558
2519,383,0.6186,0.3814,CV,0.5001,0.5039,-1.681129196572477,-1.6912521501143123,-0.01066,0.00592,2.5707
2520,383,0.6183,0.3817,CV,0.8632,0.8639,-1.7605001545918568,-1.7681853182461817,-0.00476,-0.01995,2.5221
2521,383,0.618,0.382,CV,0.8795,0.8793,-1.6982044041724789,-1.7051040711406105,0.0562,0.00879,2.5046
2522,383,0.6177,0.3823,CV,0.7171,0.7143,-1.6687890111898092,-1.6748590097858396,0.08295,-0.01565,2.5013
2523,383,0.619,0.381,CV,0.5567,0.5609,-1.5298226060434612,-1.5416205117730648,0.00809,-0.0156,2.4954
2524,383,0.6188,0.3812,CV,0.681,0.6818,-1.530293626183112,-1.5393429688287723,-0.03755,0.0173,2.4867
2525,383,0.6184,0.3816,CV,1.0843,1.0861,-2.0767545017405813,-2.0843638656845007,0.02937,0.01913,2.5353
2526,383,0.6182,0.3818,CV,0.3986,0.3956,-1.6016891437762588,-1.6091317008547041,0.0354,0.01429,2.5606
2527,383,0.6183,0.3817,CV,0.3822,0.3821,-1.5872700426823085,-1.5956064205486251,0.02587,-0.01472,2.5681
2528,383,0.6185,0.3815,CV,0.2612,0.2619,-2.2586311789560396,-2.2674386170827745,0.00323,-0.01666,2.5769
2529,383,0.6186,0.3814,CV,0.3611,0.362,-1.526790252785836,-1.5356427391232768,0.00849,0.01273,2.5877
2530,383,0.6185,0.3815,CV,0.5691,0.5694,-1.729113727152115,-1.7374150094200969,-0.03186,0.01576,2.5995
2531,383,0.6175,0.3825,CV,1.5279,1.5294,-2.87130576042515,-2.8755478730773074,0.07332,0.01203,2.5497
2532,383,0.6184,0.3816,CV,1.4056,1.4102,-2.4132239687458314,-2.423074974452817,-0.0515,0.00748,2.589
2533,383,0.6186,0.3814,CV,0.7428,0.744,-2.1743034614197496,-2.1834881970796984,-0.01271,-0.0232,2.5558
2534,383,0.6189,0.3811,CV,0.627,0.6296,-1.5934040606161366,-1.603459244141609,-0.00266,0.0046,2.5917
2535,383,0.6188,0.3812,CV,0.2258,0.2249,-1.489351718510468,-1.498545015914526,-0.00081,0.0093,2.6168
2536,383,0.6187,0.3813,CV,0.7274,0.7286,-1.8695910554020096,-1.8784351556573198,0.01182,0.00749,2.5607
2537,383,0.6186,0.3814,CV,0.4417,0.441,-1.5575463355406922,-1.5664222279452074,0.00957,-0.02294,2.5352
2538,383,0.6188,0.3812,CV,0.2596,0.2589,-1.6660583002687421,-1.675809996010107,-0.00921,-0.0227,2.5247
2539,383,0.618,0.382,CV,1.1755,1.1765,-2.1724705832061852,-2.178551636749754,-0.06415,0.01089,2.5723
2540,383,0.618,0.382,CV,0.432,0.428,-1.6044874967285987,-1.6115250834505968,-0.05801,0.01529,2.5958
2541,383,0.618,0.382,CV,0.8454,0.8458,-2.442364674511536,-2.449784273789174,-0.05209,0.03725,2.5386
2542,383,0.6186,0.3814,CV,0.6131,0.6156,-1.6562990851827495,-1.6659152558635233,-0.02079,0.00421,2.572
2543,383,0.6186,0.3814,CV,0.7577,0.7589,-1.9794391410323207,-1.9881610458757013,-0.00547,-0.03153,2.5358
2544,383,0.6186,0.3814,CV,0.5959,0.5968,-1.6594982026118141,-1.6682444826446206,0.00151,-0.02933,2.5708
2545,383,0.6186,0.3814,CV,0.3947,0.3954,-1.6122555452463736,-1.6213317809195935,0.00489,0.00472,2.5966
2546,383,0.6186,0.3814,CV,0.147,0.1462,-1.5350870646438848,-1.5439986647317538,0.00638,0.01077,2.6044
2547,383,0.6185,0.3815,CV,0.7703,0.7713,-2.0501489905583874,-2.058492232582117,0.00709,0.00913,2.5496
2548,383,0.6186,0.3814,CV,0.264,0.2619,-1.6072573467000864,-1.616277917582521,0.00734,0.00598,2.5268
2549,383,0.6188,0.3812,CV,0.682,0.6842,-1.7208996620939294,-1.7306713825433506,0.00719,0.00331,2.5772
2549,384,0.7,0.3,CV,19.18,19.18,-20.089403699219407,-20.089403699219407,0.0,0.0,28.5712
2550,384,0.6017,0.3983,CV,24.3338,24.3338,-55.763974616959544,-55.57958570516702,8.70982,5.71552,41.2154
2550,383,0.6187,0.3813,CV,0.2562,0.2549,-1.5756261598166559,-1.5845804921509672,0.00684,0.00149,2.6031
2551,383,0.6181,0.3819,CV,0.8773,0.8769,-1.9150460070330295,-1.921501787711576,0.05573,-0.02432,2.6095
2552,384,0.5,0.5,CA,35.552,35.2458,-47.35400539531388,-44.07586755538973,31.97796,19.62806,87.7473
2552,383,0.6183,0.3817,CV,0.3692,0.3679,-1.5822888789339253,-1.5904719333669934,0.05093,0.00195,2.6161
2553,383,0.6186,0.3814,CV,0.1478,0.15,-1.4449417569825194,-1.454320073010667,0.02258,0.00713,2.6239
2553,384,0.0182,0.9818,CA,21.0998,19.4697,-25.575417650936373,-21.28768510650949,70.01906,38.40979,165.7191
2554,383,0.6186,0.3814,CV,0.1414,0.1403,-1.506931477980882,-1.5159402017842916,0.02205,0.00616,2.6323
2555,383,0.6184,0.3816,CV,0.9169,0.9181,-1.8502413823765846,-1.858043117262357,-0.0495,0.00405,2.6409
2556,384,0.5,0.5,CA,23.1587,25.4447,-18.757773664313365,-18.828379186295447,-6.2183,-5.76576,157.9346
2556,383,0.6187,0.3813,CV,0.7305,0.7329,-1.750002174805389,-1.759469114754404,0.01351,-0.02354,2.6491
2557,384,0.5599,0.4401,CV,8.4259,8.4517,-7.69551484956766,-7.633922551786548,-20.8552,-13.37444,133.0061
2557,383,0.6187,0.3813,CV,0.3309,0.3314,-1.5300491437095327,-1.5393124005104413,0.02257,0.00332,2.6566
2558,384,0.5773,0.4227,CV,16.535,16.8485,-72.90254415766495,-72.82545831567879,-0.48264,-3.13195,104.3794
2558,383,0.6188,0.3812,CV,0.1139,0.1131,-1.4746293825496244,-1.4839803278112678,0.01715,0.0082,2.6633
2559,384,0.5238,0.4762,CV,9.7297,9.6302,-66.3023434393406,-65.98351353122995,2.01449,-4.79946,77.5051
2559,383,0.6185,0.3815,CV,0.7556,0.7565,-1.745668245657272,-1.7540446889891415,-0.04203,0.00687,2.6694
2560,384,0.3482,0.6518,CA,12.6146,12.3592,-58.41997490177153,-57.45660782852214,0.46167,-9.9925,62.4232
2560,383,0.6182,0.3818,CV,0.7858,0.7853,-1.9529152177533493,-1.9603630959612544,-0.03028,0.0045,2.6122
2561,384,0.4092,0.5908,CA,6.9135,6.5536,-35.20080603831775,-34.74586443274778,-0.16866,-12.48567,54.809
2561,383,0.6187,0.3813,CV,0.8995,0.9026,-1.9326265932711524,-1.9426040531537814,0.03575,0.00244,2.6445
2562,383,0.6185,0.3815,CV,0.6223,0.6216,-1.8131925621701106,-1.8215756077611276,0.04024,0.00102,2.6039
2563,383,0.6187,0.3813,CV,0.7184,0.72,-1.7584315945123874,-1.7679737837497893,-0.02824,0.00012,2.5745
2564,383,0.6189,0.3811,CV,0.404,0.4043,-1.3445601402286553,-1.354398921226447,-0.00705,-0.02845,2.5585
2565,383,0.6185,0.3815,CV,0.7546,0.7548,-1.571229755578544,-1.5794265715961522,-0.05647,0.00177,2.5422
2566,383,0.619,0.381,CV,0.1901,0.1926,-1.4467211917026552,-1.4571477777689443,-0.02264,0.00768,2.5252
2567,383,0.6189,0.3811,CV,0.3593,0.36,-1.4663566044675234,-1.4759969240888167,-0.00818,-0.0199,2.5084
2568,383,0.6189,0.3811,CV,0.2775,0.2786,-1.410270305590144,-1.420020260950679,-0.00179,0.00686,2.4925
2569,383,0.6182,0.3818,CV,0.8412,0.8412,-2.0203618969381028,-2.0271908911341585,0.001,-0.01441,2.5367
2570,383,0.6182,0.3818,CV,0.4399,0.4385,-1.6074803577749381,-1.6150933095070585,-0.00959,0.00915,2.5594
2571,383,0.6179,0.3821,CV,0.9112,0.9114,-1.9665227953335143,-1.9729424961753175,0.05063,0.01191,2.5656
2572,383,0.6183,0.3817,CV,0.8861,0.8889,-1.8304456695107274,-1.8392769747320858,-0.02223,-0.01466,2.5739
2573,383,0.6184,0.3816,CV,0.3837,0.3834,-1.5108808239361884,-1.51919281231028,-0.03129,0.00859,2.5847
2574,383,0.6186,0.3814,CV,0.308,0.3091,-1.56132481906184,-1.570425099743873,-0.01077,-0.01355,2.5966
2575,383,0.6187,0.3813,CV,0.2993,0.3002,-1.5438105304835243,-1.5530005119732315,-0.00194,0.01139,2.6088
2575,385,0.7,0.3,CV,19.3964,19.3964,-38.849641169181965,-38.849641169181965,0.0,0.0,21.8623
2576,383,0.6187,0.3813,CV,0.1237,0.1233,-1.494811149637413,-1.504039046559959,0.00191,0.01382,2.6205
2576,385,0.516,0.484,CV,22.7429,22.7429,-81.29715556309274,-80.76419104344086,16.31707,0.59381,33.5026
2577,385,0.0024,0.9976,CA,26.4547,25.9659,-147.48875151039522,-141.1155146482917,63.01086,4.07222,92.668
2577,383,0.6188,0.3812,CV,0.0681,0.0676,-1.479769989408025,-1.4891393141896796,0.00357,0.01047,2.6313
2578,385,0.0076,0.9924,CA,20.7986,19.5296,-101.41473680669989,-96.94218852883786,110.57788,10.91787,133.1186
2578,383,0.6188,0.3812,CV,0.0541,0.0538,-1.4710366781568152,-1.4804789234993232,0.00423,0.00666,2.6411
2579,383,0.6178,0.3822,CV,1.1701,1.1699,-2.5888949537808097,-2.5939205827576086,0.05871,-0.0234,2.5878
2579,385,0.1855,0.8145,CA,9.8997,8.6576,-41.25889304455454,-40.1740027001191,118.21011,13.39734,147.3462
2580,383,0.6178,0.3822,CV,0.5067,0.5023,-1.5844610029179913,-1.5913242053289336,0.0674,-0.0226,2.5647
2580,385,0.6911,0.3089,CV,6.7612,9.0353,-83.50129749702312,-84.44702597653524,74.24075,4.11201,156.4618
2581,383,0.6188,0.3812,CV,0.9028,0.9064,-2.0761217583178784,-2.087121781788052,-0.02357,0.01363,2.5546
2581,385,0.712,0.288,CV,9.0458,10.8135,-70.30964120447157,-70.6310238443127,-23.08861,-3.84199,138.2173
2582,383,0.6187,0.3813,CV,0.5535,0.5527,-2.0179998985226764,-2.026871602948466,-0.05016,-0.01074,2.5419
2582,385,0.225,0.775,CA,12.9903,12.3519,-63.2119035237894,-61.35991088768582,-54.07905,-6.37764,127.8394
2583,383,0.619,0.381,CV,0.1172,0.1181,-1.484247125586662,-1.4945844779098887,-0.02676,-0.01205,2.5271
2583,385,0.3579,0.6421,CA,5.7502,4.1418,-54.18969525180224,-53.69020304222181,-61.75521,-7.0542,121.2941
2584,385,0.7007,0.2993,CV,10.2103,12.0178,-76.31493795206926,-77.064392768492,2.9637,-0.32993,98.1165
2584,383,0.619,0.381,CV,0.4291,0.4304,-1.3962928640848198,-1.406267917099465,0.00024,0.01893,2.5114
2585,385,0.6345,0.3655,CV,4.4362,4.3997,-62.136393573746915,-62.0895982850998,11.72227,0.85053,72.3596
2586,385,0.6224,0.3776,CV,3.4119,3.2516,-14.17138290118024,-14.172752662310943,8.55381,0.24249,57.0116
2587,385,0.5141,0.4859,CV,9.1766,8.9912,-45.92305831107188,-45.49908075015033,11.84692,-0.32486,47.7688
2588,385,0.003,0.997,CA,29.9741,29.5229,-112.0637094203955,-105.93073946259142,43.12233,0.05349,53.6893
2589,385,0.0007,0.9993,CA,35.3683,34.579,-93.52317759417815,-86.72459890015145,88.65275,-0.28783,47.828
2589,383,0.5,0.5,CA,0.3263,0.3265,-3.124048695204756,-3.134823652149528,0.0057,-0.00913,2.7549
2590,385,0.9804,0.0196,CV,19.8487,21.512,-51.66580632081849,-55.982332057292425,54.62358,-2.99543,36.0306
2590,383,0.5765,0.4235,CV,0.7697,0.7694,-1.7302594526148471,-1.7363507299495529,0.05701,-0.00742,2.5564
2591,385,0.1509,0.8491,CA,24.0497,24.1612,-146.7302161624917,-143.94028876961784,-27.56671,1.33452,36.2139
2591,383,0.6044,0.3956,CV,0.1661,0.1688,-1.3804647642875025,-1.3913816854474186,0.02307,-0.00399,2.5462
2592,385,0.0211,0.9789,CA,20.6778,19.8848,-74.6510735064114,-71.00129097047426,-69.6892,3.59492,46.8513
2592,383,0.6139,0.3861,CV,0.4912,0.4907,-1.426767876082309,-1.436947455514913,0.03903,0.03073,2.5494
2593,385,0.346,0.654,CA,10.2459,10.0205,-13.346692233564116,-13.084828971729902,-71.30195,4.04902,48.7868
2593,383,0.6175,0.3825,CV,0.1528,0.1504,-1.2953659609707666,-1.3063783757614804,0.02873,0.02933,2.5466
2594,385,0.7598,0.2402,CV,16.9908,18.0288,-58.5133218430899,-59.58026948744853,-13.44041,1.72033,66.9811
2594,383,0.618,0.382,CV,0.8836,0.884,-3.0605533578154724,-3.068675690212136,-0.01244,0.02009,2.5971
2595,385,0.6018,0.3982,CV,13.8919,13.7423,-35.91070374633391,-35.6337683074408,-15.53517,2.03943,55.6692
2595,383,0.619,0.381,CV,0.6375,0.6409,-1.6400240060412203,-1.6511960106659755,0.00689,-0.01504,2.558
2596,383,0.619,0.381,CV,0.344,0.3448,-1.5398185085016656,-1.5497544899428002,-0.00722,0.00956,2.5296
2597,383,0.6183,0.3817,CV,0.8392,0.8387,-1.81730367218075,-1.8242905390930801,-0.06489,0.01158,2.5165
2598,383,0.6182,0.3818,CV,0.487,0.4844,-1.5214317474200192,-1.5291530737862347,-0.05902,0.03515,2.504
2599,383,0.618,0.382,CV,0.8453,0.8452,-1.8261266362074697,-1.8330776614935573,-0.05292,0.0028,2.5501
2600,383,0.6187,0.3813,CV,0.5152,0.5184,-1.627479982346768,-1.6377908535813834,-0.02305,-0.00651,2.511
2601,383,0.6185,0.3815,CV,0.6,0.6003,-1.8347438100962212,-1.8428316137964467,-0.00881,-0.00745,2.5434
2602,383,0.6183,0.3817,CV,0.9809,0.9824,-2.0063078059420434,-2.014074081653031,0.04946,-0.0066,2.5069
2603,383,0.6183,0.3817,CV,0.3277,0.325,-1.44032598040195,-1.448525219838794,0.04799,-0.00537,2.4842
2604,383,0.6185,0.3815,CV,0.2708,0.268,-1.297942765805177,-1.3066420922017001,0.04748,-0.00435,2.4769
2605,383,0.6186,0.3814,CV,0.3944,0.3938,-1.3417548121920682,-1.3507690623410495,0.03276,-0.03055,2.4697
2606,383,0.6189,0.3811,CV,0.2466,0.2483,-1.2869963029985059,-1.2970866625671453,0.01866,-0.00057,2.4615
2606,386,0.7,0.3,CV,4.8328,4.8328,-13.77543178044689,-13.77543178044689,0.0,0.0,6.5011
2607,383,0.6189,0.3811,CV,0.4245,0.4255,-1.490439281278895,-1.4999987716466354,-0.01804,0.00577,2.453
2607,386,0.6013,0.3987,CV,12.7196,12.7196,-28.412926259425326,-28.226773642015168,4.60147,-1.51865,9.4529
2608,383,0.6183,0.3817,CV,0.9643,0.9653,-1.7804126084456846,-1.7877556491102955,0.05681,0.00517,2.4448
2609,383,0.6182,0.3818,CV,1.0726,1.0746,-2.264434802621352,-2.272152279212107,-0.00967,-0.02161,2.4954
2610,383,0.6174,0.3826,CV,1.0963,1.0954,-2.2894957021793427,-2.293796136144723,-0.07105,0.00235,2.5241
2610,386,0.5,0.5,CA,36.3707,36.2482,-87.9853329423352,-80.19858972373646,23.20869,-7.00657,23.2188
2611,383,0.6179,0.3821,CV,0.3569,0.3547,-1.9516620873787058,-1.9591753940443866,-0.05322,-0.01671,2.5354
2611,386,0.0241,0.9759,CA,12.5201,11.3374,-41.676899864601054,-37.67469605407798,47.93787,-13.29139,50.9386
2612,383,0.6185,0.3815,CV,0.4375,0.4403,-1.5619421452720705,-1.5713231981055231,-0.01023,0.00821,2.5478
2612,386,0.055,0.945,CA,11.2155,10.211,-20.684412329422358,-18.21084761033199,73.28339,-18.12081,49.8392
2613,383,0.6184,0.3816,CV,0.5203,0.5201,-1.7123294625008119,-1.7203387521493045,-0.03479,-0.01307,2.5621
2614,383,0.6183,0.3817,CV,0.8567,0.8574,-1.8461958976001394,-1.853936478645311,-0.01668,0.0124,2.5154
2614,386,0.5,0.5,CA,9.0471,10.3974,-15.748585849575306,-16.091993291328226,27.72964,-2.10799,63.0378
2615,383,0.6183,0.3817,CV,0.4397,0.4372,-1.3903853413834852,-1.3984521673946215,-0.0349,0.01437,2.4992
2615,386,0.3887,0.6113,CA,9.2931,10.0646,-14.71938010600155,-13.96419330969546,-31.49544,10.27136,59.7465
2616,386,0.4058,0.5942,CA,4.027,2.9923,-12.79193142351859,-12.266002374423232,-36.26644,11.46734,51.9766
2616,383,0.6187,0.3813,CV,0.3672,0.3669,-1.3433755585043046,-1.3530919451489665,-0.02684,-0.01778,2.4964
2617,383,0.619,0.381,CV,0.2442,0.2448,-1.5723958964445597,-1.582722890543158,-0.00094,-0.019,2.491
2617,386,0.1944,0.8056,CA,6.8521,5.7404,-14.295567481690819,-12.705678149433128,-53.8858,15.12797,53.7986
2618,383,0.619,0.381,CV,0.4572,0.458,-1.4356676772004322,-1.4455030031258198,0.02076,0.01439,2.4827
2618,386,0.6932,0.3068,CV,5.2498,6.6145,-6.451704266562217,-7.39467559126486,-18.87654,4.25222,45.9008
2619,383,0.6182,0.3818,CV,0.9283,0.9283,-2.1867237023282757,-2.1933575636104052,0.02074,0.04273,2.5317
2619,386,0.5755,0.4245,CV,8.6316,8.5273,-24.254847280557524,-23.972549925077807,-12.77268,0.98108,38.755
2620,383,0.6184,0.3816,CV,0.3707,0.3705,-1.6214804832572725,-1.6301245543085068,0.00416,0.0122,2.5574
2621,383,0.6185,0.3815,CV,0.1251,0.1243,-1.5473157619989628,-1.5559546383928098,0.00075,0.00168,2.5651
2622,383,0.6185,0.3815,CV,0.0629,0.0632,-1.5220287910987136,-1.5308086710169402,0.0011,-0.00169,2.5741
2623,383,0.6184,0.3816,CV,0.7935,0.7945,-2.0743450136247326,-2.082423568770901,0.00221,-0.00266,2.5231
2624,383,0.6181,0.3819,CV,0.9984,0.9994,-1.9697599699273056,-1.97686740710606,0.05577,-0.02896,2.5626
2625,383,0.6186,0.3814,CV,0.7656,0.7676,-2.009059051531115,-2.018487675646689,-0.00029,-0.02722,2.5311
2626,383,0.6187,0.3813,CV,0.2563,0.2547,-1.581856800266703,-1.591196482982919,-0.01123,-0.01847,2.5103
2627,383,0.6184,0.3816,CV,0.8994,0.8999,-1.7713582870898512,-1.7789946035518613,0.06007,-0.01054,2.5028
2628,383,0.6187,0.3813,CV,0.1252,0.1226,-1.4679461621802918,-1.4777169002254738,0.04319,-0.00487,2.4942
2629,383,0.6187,0.3813,CV,0.9358,0.9381,-1.8038054365367788,-1.8130073462122702,-0.04205,-0.00121,2.4841
2630,383,0.619,0.381,CV,0.4286,0.4309,-1.4030453342629845,-1.4133407149900046,0.00545,0.00092,2.4733
2631,383,0.6188,0.3812,CV,0.4629,0.4631,-1.4246464952416287,-1.4336473061816215,-0.01324,0.02845,2.4626
2632,383,0.6187,0.3813,CV,0.5034,0.5036,-1.5817407281574216,-1.5906014092449452,0.02559,0.02643,2.4525
2632,387,0.7,0.3,CV,29.9351,29.9351,-58.455375734114455,-58.455375734114455,0.0,0.0,11.8339
2633,383,0.6187,0.3813,CV,0.1665,0.1649,-1.4193760492621978,-1.428530914860311,0.02553,0.01835,2.4434
2634,387,0.5,0.5,CA,59.2796,59.2796,-362.74869711020204,-345.7623477667576,-54.50443,1.76229,26.478
2634,383,0.6187,0.3813,CV,0.2142,0.2128,-1.2900343230773066,-1.299031019242318,0.02983,0.01099,2.4351
2635,387,0.0,1.0,CA,38.05,35.8288,-195.4925073874946,-165.3342658967944,-275.91704,3.47385,95.581
2635,383,0.6188,0.3812,CV,0.1719,0.1734,-1.5586535091054687,-1.5683105709710625,0.00733,0.00568,2.4278
2636,387,0.992,0.008,CV,8.4081,13.4045,-26.54852797179537,-31.77172021935212,-227.32907,-0.74683,52.5881
2636,383,0.6188,0.3812,CV,0.2765,0.2769,-1.3607681679345773,-1.3700717336722446,-0.01445,0.00223,2.4213
2637,387,0.0147,0.9853,CA,16.3336,16.5308,-38.11788211000749,-32.82737503457268,90.9255,0.23674,87.7201
2637,383,0.6183,0.3817,CV,0.6826,0.6818,-1.686505191200179,-1.6937145416725414,-0.05539,0.00012,2.4159
2638,387,0.0,1.0,CA,58.3694,60.2422,-220.59827642249442,-202.90696294989618,-258.52174,-0.31599,82.8169
2639,387,0.9997,0.0003,CV,31.054,36.104,-68.18930101285521,-76.74774864574854,-116.83754,0.48581,46.6982
2640,387,0.7286,0.2714,CV,30.3218,30.3249,-86.8189972265449,-86.70842646782116,1.49765,-0.00542,34.1906
2641,387,0.6353,0.3647,CV,10.356,10.3134,-61.4985027427182,-61.412602876131615,1.34202,-0.00063,27.4581
2642,387,0.6126,0.3874,CV,4.652,4.6024,-42.997149496184235,-42.95594885440909,1.10585,0.01733,23.9903
2643,387,0.5995,0.4005,CV,6.4031,6.3558,-13.125476912501508,-13.06308604625784,1.15446,0.04459,21.9339
2644,387,0.5863,0.4137,CV,9.4475,9.3978,-11.047306786481197,-10.949261367626235,1.34793,0.08507,21.3898
2645,387,0.6167,0.3833,CV,7.6945,7.754,-67.75481401539608,-67.80327530712032,0.30987,0.09462,19.6207
2646,387,0.6021,0.3979,CV,11.9586,11.9721,-68.14506767942719,-68.08742748747399,-0.85364,-0.13142,18.421
2647,387,0.5777,0.4223,CV,11.2333,11.1971,-105.71859867972255,-105.5815795449526,-1.34498,-0.46087,18.5346
2667,388,0.7,0.3,CV,0.375,0.375,-2.2988867026044084,-2.2988867026044084,0.0,0.0,2.5516
2668,388,0.6477,0.3523,CV,0.8078,0.8078,-1.7446818855333477,-1.756711068006052,-0.37874,0.1515,3.4477
2669,388,0.644,0.356,CV,0.5174,0.5268,-1.5282428090113347,-1.6029419617334386,0.27025,0.17168,4.9553
2670,388,0.6415,0.3585,CV,0.9915,0.9833,-1.9226032217008533,-1.9917967175939033,0.95488,-0.21823,5.8887
2671,388,0.645,0.355,CV,0.2563,0.2097,-1.5362234594944733,-1.6245514522142637,0.67188,-0.1892,6.1534
2672,388,0.6432,0.3568,CV,0.0427,0.075,-1.5386237963896063,-1.6140602792743113,0.3479,-0.10715,5.9815
2673,388,0.637,0.363,CV,0.9698,0.9874,-1.9736476132192782,-2.0246406229678016,-0.07839,0.05979,5.6202
2674,388,0.6302,0.3698,CV,0.3404,0.3334,-1.596900065199533,-1.6278421720244531,-0.1102,0.05818,5.2147
2675,388,0.626,0.374,CV,0.1048,0.0977,-1.5395499004947257,-1.5627767368217615,-0.07875,0.03607,4.8301
2676,388,0.6232,0.3768,CV,0.0304,0.0286,-1.5231186085333388,-1.5406617280965555,-0.04847,0.01898,4.4898
2677,388,0.621,0.379,CV,0.9443,0.9469,-1.9724176228097183,-1.9845457441538836,0.0579,0.00751,4.1993
2678,388,0.6196,0.3804,CV,0.7661,0.7659,-2.564823438920395,-2.5743996867108363,0.04008,0.00187,3.8788
2679,388,0.6195,0.3805,CV,0.5732,0.5766,-1.5607003209821328,-1.5720129146537627,0.02043,-0.00103,3.7085
2680,388,0.6187,0.3813,CV,0.9879,0.9891,-2.6120947359605404,-2.6200711544700095,-0.04812,-0.0024,3.4815
2681,388,0.6186,0.3814,CV,0.3164,0.3136,-1.9555918287068188,-1.9640777350491785,-0.04817,-0.00315,3.305
2682,388,0.6187,0.3813,CV,0.1356,0.1343,-1.7958873850473467,-1.8053357721717231,-0.03437,-0.00345,3.1658
2683,388,0.6188,0.3812,CV,0.5558,0.5576,-1.4524051473454875,-1.4619787752060192,0.01857,-0.00347,3.0475
2684,388,0.6182,0.3818,CV,0.9139,0.9146,-1.848079419695837,-1.8550089672539092,-0.01457,-0.00325,3.0106
2685,388,0.618,0.382,CV,0.4602,0.4577,-1.5461217408313408,-1.5529668959859502,-0.02914,-0.003,2.9632
2686,388,0.6182,0.3818,CV,0.1432,0.1401,-1.4589063661323667,-1.4667565438248173,-0.02314,-0.00273,2.9119
2687,388,0.6182,0.3818,CV,0.4311,0.4314,-1.587530946414444,-1.5955257251779014,-0.00237,-0.02603,2.8718
2688,388,0.618,0.382,CV,0.8693,0.8698,-1.8571520369352836,-1.864051437580318,0.05212,0.00045,2.8414
2689,388,0.6183,0.3817,CV,0.9123,0.9143,-2.3072753007715665,-2.3157786035398864,-0.00162,0.0062,2.7539
2690,388,0.6183,0.3817,CV,0.8879,0.8891,-1.8193600572724968,-1.8272508395257572,0.04089,0.03152,2.7637
2691,388,0.6185,0.3815,CV,0.3761,0.3758,-1.549955168624607,-1.5587359922566657,0.03793,0.00189,2.7666
2692,388,0.6185,0.3815,CV,0.2834,0.2829,-1.5200591878131828,-1.5288220330584683,0.02498,0.01935,2.754
2693,388,0.6187,0.3813,CV,0.3052,0.3064,-1.5188415412127423,-1.5280166956838857,0.01319,-0.00876,2.7431
2694,388,0.6184,0.3816,CV,0.7882,0.7885,-1.943315547189939,-1.951094716358753,0.01779,-0.01363,2.6718
2695,388,0.618,0.382,CV,0.9682,0.9685,-2.2432816847099004,-2.2501282730475327,-0.05906,-0.01152,2.6344
2696,388,0.618,0.382,CV,0.5175,0.5141,-1.4076851340211622,-1.4149960546988902,-0.07391,-0.00839,2.6126
2697,388,0.6184,0.3816,CV,0.4161,0.4143,-1.3532169187201617,-1.3619826813989517,-0.05551,-0.03363,2.5906
2698,388,0.6187,0.3813,CV,1.1353,1.1386,-2.1341749372931895,-2.1436454753837855,0.04787,-0.00133,2.5682
2699,388,0.6181,0.3819,CV,0.8658,0.8655,-1.8185483366330344,-1.8252711574287799,0.04116,-0.01992,2.6057
2700,388,0.6187,0.3813,CV,0.8452,0.8484,-2.1048722156662123,-2.114854278995178,-0.02313,-0.01801,2.5585
2701,388,0.6183,0.3817,CV,0.6607,0.6603,-1.6772128821439887,-1.6845184768913886,-0.02886,-0.01134,2.5848
2702,388,0.6186,0.3814,CV,0.5371,0.5391,-1.8494639721132766,-1.8589865970736021,-0.02203,-0.00554,2.5422
2703,388,0.6185,0.3815,CV,0.4743,0.4739,-1.4039873075628897,-1.4124493993743263,-0.0267,0.02503,2.5144
2704,388,0.6179,0.3821,CV,1.3079,1.3095,-2.5456027973634874,-2.55144473020524,0.05864,0.02471,2.5614
2705,388,0.6178,0.3822,CV,0.5815,0.5791,-1.8413845448546151,-1.8481199743285452,0.06095,-0.00646,2.5863
2706,388,0.6186,0.3814,CV,0.7765,0.7797,-1.6777633563183056,-1.687662990267302,0.01795,0.01421,2.5304
2707,388,0.6186,0.3814,CV,0.5668,0.568,-2.260245196353768,-2.269130609594073,0.00288,0.01431,2.5648
2708,388,0.6186,0.3814,CV,0.6473,0.6483,-1.8287811485027636,-1.8377069068200373,0.02331,0.01038,2.5297
2709,388,0.6188,0.3812,CV,0.3551,0.3555,-1.3291546602751325,-1.3386464019587139,-0.00846,0.00628,2.5068
2710,388,0.6189,0.3811,CV,0.138,0.1371,-1.2592827377534743,-1.269096887670555,-0.01453,0.00323,2.498
2711,388,0.619,0.381,CV,0.3212,0.322,-1.5141128704749576,-1.524051519287651,0.01421,0.00123,2.4888
2712,388,0.619,0.381,CV,0.1051,0.1046,-1.4244649102945932,-1.434298515015782,0.01431,1e-05,2.4784
2713,388,0.6189,0.3811,CV,0.3993,0.4,-2.008389864459912,-2.017978420948806,-0.01834,-0.00069,2.4677
2714,388,0.6188,0.3812,CV,0.1894,0.1886,-1.8168197165617743,-1.8262281629580044,-0.02145,-0.00106,2.4574
2715,388,0.618,0.382,CV,0.8197,0.8185,-2.0744497724171644,-2.080595455900715,-0.06927,-0.00123,2.448
2716,388,0.6187,0.3813,CV,0.1954,0.1975,-2.375627119392195,-2.3855775729337583,-0.03327,-0.00129,2.4396
2717,388,0.6182,0.3818,CV,0.7745,0.7745,-1.6394363015197606,-1.6465387625009553,-0.01556,-0.00126,2.4902
2718,388,0.6178,0.3822,CV,0.9332,0.933,-2.522780154470494,-2.5288974077900948,0.04084,-0.02477,2.5189
2719,388,0.6181,0.3819,CV,0.1875,0.1845,-1.7270336907042687,-1.7349911153280513,0.02982,-0.02267,2.5304
2720,388,0.6183,0.3817,CV,0.2303,0.2288,-1.9302788436551188,-1.9384745530181005,0.03075,-0.01533,2.5431
2721,388,0.6183,0.3817,CV,0.7901,0.791,-1.7507589794045824,-1.7587903380829306,0.02155,-0.00853,2.496
2722,388,0.6187,0.3813,CV,0.5316,0.5341,-1.671711318699543,-1.6815457307149302,-0.00109,-0.00364,2.5386
2723,388,0.6165,0.3835,CV,1.7458,1.746,-3.194138942870114,-3.19381385261389,-0.11448,0.02643,2.5111
2724,388,0.6184,0.3816,CV,0.6389,0.643,-1.7436376697788143,-1.7545956917128591,-0.04879,0.02506,2.5526
2725,388,0.6187,0.3813,CV,0.2534,0.2539,-1.6120826904555425,-1.621543661160016,-0.0191,0.0179,2.583
2726,388,0.6187,0.3813,CV,0.1108,0.1111,-1.5679941457356126,-1.5772573814245003,-0.00554,0.01115,2.5941
2727,388,0.6187,0.3813,CV,0.0808,0.0812,-1.5422045430067153,-1.551421107544826,0.00088,0.00623,2.6039
2728,388,0.6184,0.3816,CV,0.7968,0.7973,-1.6999524608581231,-1.70789287525137,-0.00914,0.00295,2.5519
2729,388,0.6176,0.3824,CV,1.1446,1.1445,-2.1327935979030244,-2.13783123839921,0.07805,0.00085,2.5312
2730,388,0.6187,0.3813,CV,0.8644,0.8683,-1.8108444891787143,-1.8216799099885308,0.01926,-0.02745,2.5829
2731,388,0.6189,0.3811,CV,0.651,0.6529,-1.8617523844912327,-1.8716581361372684,-0.01214,0.00049,2.5469
2732,388,0.6186,0.3814,CV,0.6819,0.6822,-1.7543723534668698,-1.7628838052165916,0.04057,0.0059,2.5211
2733,388,0.619,0.381,CV,0.3508,0.3528,-1.365219254104691,-1.3756041640747232,-0.00136,0.00517,2.5098
2734,388,0.6186,0.3814,CV,0.771,0.772,-2.103710536068574,-2.112039631619005,-0.00931,0.00323,2.557
2735,388,0.6184,0.3816,CV,0.4602,0.4592,-2.5968422401461004,-2.6049809133890007,0.0162,0.00162,2.5806
2736,388,0.6185,0.3815,CV,0.2835,0.2837,-1.7392172022847716,-1.7479060172218313,-0.00719,0.0005,2.5863
2737,388,0.6185,0.3815,CV,0.2817,0.2814,-1.5378596927507842,-1.5463470385972022,-0.02231,-0.0002,2.5931
2738,388,0.6181,0.3819,CV,0.9119,0.9123,-1.7965257881660022,-1.8036023722074437,-0.03205,-0.02647,2.5401
2739,388,0.6184,0.3816,CV,0.2859,0.2829,-1.3049889953969895,-1.3135813542113262,-0.02375,-0.02417,2.519
2740,388,0.6188,0.3812,CV,0.0787,0.0761,-1.2521551048646617,-1.2621324800576252,-0.01359,-0.01611,2.5124
2741,388,0.6189,0.3811,CV,0.4535,0.4546,-1.7980582007240522,-1.8080955653662563,0.00821,0.01902,2.5039
2742,388,0.6186,0.3814,CV,0.7861,0.7869,-1.738014370964162,-1.746193595079446,0.01164,0.02085,2.552
2743,388,0.6179,0.3821,CV,1.0976,1.098,-2.14460462602266,-2.1506237379271482,0.07432,0.0156,2.5143
2744,388,0.6185,0.3815,CV,0.951,0.9543,-1.9042566073723697,-1.9137491901090955,0.00118,-0.01541,2.5476
2745,388,0.6187,0.3813,CV,0.6144,0.6159,-1.9280663755642238,-1.937318287055267,-0.01612,-0.0182,2.5111
2746,388,0.6185,0.3815,CV,0.6761,0.6772,-1.6846412910640434,-1.693095516332832,-0.01453,0.01255,2.5466
2747,388,0.6185,0.3815,CV,0.244,0.2423,-1.5397193231746704,-1.5482367887248119,-0.0097,0.01608,2.5738
2748,388,0.6181,0.3819,CV,0.9486,0.949,-2.1107163163460565,-2.1174094111544894,0.05585,0.01222,2.5837
2749,388,0.6183,0.3817,CV,0.3909,0.3907,-1.5581732903164602,-1.5666011990291067,0.0414,-0.01704,2.5936
2750,388,0.6184,0.3816,CV,0.3282,0.3276,-1.6564421052960232,-1.6650400275155826,0.03801,0.00658,2.6045
2751,388,0.6187,0.3813,CV,0.1847,0.1863,-1.4753543748980062,-1.4847792474756238,0.01196,0.00973,2.6156
2752,388,0.6187,0.3813,CV,0.1215,0.1209,-1.5679671749309194,-1.5771889680048623,0.01376,0.0074,2.6263
2753,388,0.6183,0.3817,CV,0.942,0.9428,-1.8863407778572132,-1.8936728786926857,-0.05659,0.00442,2.6366
2754,388,0.6183,0.3817,CV,0.339,0.336,-1.5002155445008791,-1.508300278559176,-0.05685,0.00207,2.6461
2755,388,0.6183,0.3817,CV,1.2679,1.2709,-2.244098933590912,-2.252252833392369,0.0501,-0.02547,2.6548
2756,388,0.6187,0.3813,CV,0.2136,0.2148,-1.4667746708480611,-1.4764237182858002,0.01821,-0.0241,2.6624
2757,388,0.6181,0.3819,CV,0.8523,0.8512,-1.8871569036425933,-1.89353490186949,0.06989,-0.01658,2.6692
2758,388,0.6188,0.3812,CV,0.7949,0.7987,-1.7517890843126447,-1.762285206618365,-0.0072,0.01653,2.6751
2759,388,0.6186,0.3814,CV,0.5312,0.5312,-1.595831989920867,-1.6045088147321336,-0.03714,-0.00682,2.6801
2760,388,0.6187,0.3813,CV,0.3003,0.3006,-1.484438603223642,-1.4938040416280176,-0.02181,0.01669,2.6843
2761,388,0.6188,0.3812,CV,0.1079,0.1068,-1.4446688139785284,-1.454047188319009,-0.01392,0.0171,2.6878
2762,388,0.6184,0.3816,CV,0.7954,0.7953,-2.065278465570877,-2.072999869456647,0.00392,0.01227,2.628
2763,388,0.6183,0.3817,CV,1.0421,1.0438,-1.9247685678772308,-1.932721368722526,-0.0634,0.00734,2.6584
2764,388,0.6179,0.3821,CV,0.7559,0.7537,-1.6681292309987419,-1.6745529269135404,-0.07516,0.00373,2.6162
2765,388,0.6189,0.3811,CV,1.0024,1.0068,-1.8812768508508897,-1.892281223114863,0.01345,0.00134,2.6447
2766,388,0.6185,0.3815,CV,0.5533,0.5522,-1.676155790971675,-1.684130297978236,0.0424,-9e-05,2.6629
2767,388,0.6185,0.3815,CV,0.3699,0.3697,-1.5074164947669915,-1.5162017925694102,0.02374,0.0241,2.6636
2768,388,0.6185,0.3815,CV,0.8176,0.8192,-1.770742880873664,-1.7791934982582465,-0.03753,-0.00362,2.6644
2769,388,0.6187,0.3813,CV,0.504,0.5059,-1.563877758520663,-1.5732651179837358,0.01088,-0.00941,2.6667
2770,388,0.6184,0.3816,CV,0.8,0.8002,-2.395598917982504,-2.4033454169195076,0.01873,-0.00885,2.6072
2771,388,0.6186,0.3814,CV,0.8727,0.8751,-1.7566188491942496,-1.7658336161479957,-0.03933,-0.00671,2.6385
2772,388,0.6186,0.3814,CV,0.3158,0.3138,-1.4872213189038368,-1.49591189894576,-0.0405,-0.00483,2.6603
2773,388,0.6185,0.3815,CV,0.3923,0.3915,-1.522007195741567,-1.5306219073547194,-0.02795,-0.02876,2.6633
2774,388,0.6187,0.3813,CV,0.2514,0.253,-1.4754701529339802,-1.4849549174675885,-0.01565,-0.00016,2.6654
2775,388,0.6187,0.3813,CV,0.1014,0.1018,-1.4472259379729377,-1.4565114754144655,-0.00664,0.00612,2.6684
2776,388,0.6188,0.3812,CV,0.0603,0.0605,-1.4423903830309601,-1.451708786290625,-0.00077,0.00575,2.6719
2777,388,0.6184,0.3816,CV,0.7815,0.7816,-2.3512847235316006,-2.3591185612660617,0.00294,0.00399,2.6129
2778,388,0.6186,0.3814,CV,0.2613,0.2587,-1.846473513159383,-1.8556827554193664,0.00508,0.00231,2.585
2779,388,0.6183,0.3817,CV,0.7999,0.7995,-2.0573379678546933,-2.064945219082818,0.06335,0.00109,2.5711
2780,388,0.6181,0.3819,CV,0.5976,0.595,-1.5975265909100207,-1.6048669566902627,0.07189,-0.02777,2.5558
2781,388,0.6191,0.3809,CV,0.674,0.6782,-1.625367900304743,-1.6370105219679494,-0.003,0.00224,2.5388
2782,388,0.6183,0.3817,CV,0.9415,0.9418,-1.922885529847984,-1.929719867635813,-0.0301,-0.01791,2.5804
2783,388,0.6183,0.3817,CV,0.7351,0.7357,-1.7945075907503512,-1.802420005915025,0.02114,0.00749,2.5995
2784,388,0.6187,0.3813,CV,0.7565,0.7593,-1.804540735700753,-1.814091990155989,-0.01104,0.01142,2.5392
2785,388,0.6186,0.3814,CV,0.375,0.374,-1.6567995173093304,-1.6653744338442908,-0.02783,0.00914,2.5119
2786,388,0.6186,0.3814,CV,0.4048,0.4039,-1.601381967017759,-1.6101825418780167,-0.02296,0.03324,2.5018
2787,388,0.6184,0.3816,CV,0.767,0.7676,-1.8192540884052824,-1.8272537713423767,-0.0143,0.02771,2.5505
2788,388,0.618,0.382,CV,1.0987,1.0997,-2.1748881534448263,-2.1814228863593184,0.04163,-0.03123,2.5756
2789,388,0.617,0.383,CV,1.2479,1.247,-2.4650921019950083,-2.46816345334721,0.09301,-0.036,2.5208
2790,388,0.6186,0.3814,CV,0.6036,0.6081,-1.7007686586330168,-1.7120702051245076,0.02153,0.00059,2.4978
2791,388,0.6186,0.3814,CV,0.731,0.7327,-1.807955244893148,-1.8169435081655556,-0.00126,0.00812,2.5491
2792,388,0.6182,0.3818,CV,0.7737,0.7733,-1.8834752092086722,-1.8906611648707967,0.04231,-0.01739,2.5771
2793,388,0.618,0.382,CV,1.3484,1.3508,-2.470289419311431,-2.4770215634934396,-0.0611,0.00716,2.586
2794,388,0.6179,0.3821,CV,0.4843,0.481,-1.6579909616847444,-1.6647085801807149,-0.0674,0.01065,2.5952
2795,388,0.6182,0.3818,CV,0.3774,0.3766,-1.5921342834053684,-1.6004908453051117,-0.04994,-0.01655,2.6058
2796,388,0.6182,0.3818,CV,0.7998,0.8,-2.07987764150436,-2.087554560634697,-0.03139,-0.01771,2.5545
2797,388,0.6185,0.3815,CV,0.4428,0.4421,-1.6825601308001914,-1.691591547901076,-0.01706,0.01611,2.5339
2798,388,0.6183,0.3817,CV,1.1976,1.1998,-2.4411776089701385,-2.4488048738680606,0.06064,0.01865,2.5855
2799,388,0.6182,0.3818,CV,0.4499,0.4465,-1.8095378172217456,-1.817020952726293,0.06071,0.01403,2.6121
2800,388,0.6186,0.3814,CV,0.1196,0.121,-1.5151110268003385,-1.5245048092831865,0.03024,0.00888,2.6184
2801,388,0.6186,0.3814,CV,0.3859,0.3866,-1.5688562260300944,-1.577825653910407,0.01405,-0.01995,2.6242
2802,388,0.6186,0.3814,CV,0.1419,0.1413,-1.493366245190161,-1.5023887629196326,0.00527,-0.02041,2.6312
2803,388,0.6187,0.3813,CV,0.4305,0.4316,-2.217254334532546,-2.2264256936152336,-0.01223,0.01109,2.6387
2804,388,0.6183,0.3817,CV,0.8451,0.8453,-2.031041133426453,-2.038585686865801,0.01272,0.01529,2.5839
2805,388,0.6188,0.3812,CV,0.5131,0.5158,-1.6218859076863386,-1.6321568012428782,0.01234,0.01151,2.6187
2806,388,0.6187,0.3813,CV,0.681,0.6815,-1.8752467259463281,-1.8841138538257085,0.00707,-0.01995,2.5809
2807,388,0.6188,0.3812,CV,0.3222,0.322,-1.5467615757771656,-1.5564697083837982,0.00198,0.00765,2.5542
2808,388,0.6183,0.3817,CV,1.0687,1.0701,-2.1318181951490165,-2.1391623841505454,-0.0549,0.01088,2.5999
2809,388,0.6186,0.3814,CV,0.38,0.3809,-1.5303631891542848,-1.5397207669464241,-0.0147,0.00828,2.6217
2810,388,0.6182,0.3818,CV,0.6623,0.6613,-1.68076400559569,-1.6878686217186354,-0.05175,0.00503,2.6249
2811,388,0.6183,0.3817,CV,0.2125,0.2097,-1.4800686034127064,-1.4883488233189228,-0.0446,0.00247,2.6289
2812,388,0.6185,0.3815,CV,0.0527,0.0512,-1.4542066371014128,-1.4631881250495344,-0.02926,0.00074,2.6346
2813,388,0.6186,0.3814,CV,0.3888,0.389,-1.5242248598196932,-1.5330060108598063,-0.01595,-0.02562,2.6414
2814,388,0.6187,0.3813,CV,0.3411,0.3427,-1.5970139088509814,-1.6064820216152096,0.00623,0.00148,2.6484
2815,388,0.6177,0.3823,CV,1.1989,1.1986,-2.4513435951946407,-2.4559990960564875,0.06521,-0.01981,2.5931
2816,388,0.6184,0.3816,CV,0.6467,0.6481,-1.678234433096823,-1.6874816815269966,0.05821,0.0093,2.6276
2817,388,0.6187,0.3813,CV,0.8867,0.8892,-2.079646588708918,-2.0893239274570403,-0.01439,0.01349,2.5892
2818,388,0.6189,0.3811,CV,0.6035,0.6057,-1.528309115307427,-1.5381691693723938,0.00272,0.01013,2.6209
2819,388,0.6186,0.3814,CV,0.5483,0.5481,-1.599808003431605,-1.6082563193095725,-0.03273,0.00625,2.6421
2820,388,0.6184,0.3816,CV,0.3544,0.3524,-1.4982367884383974,-1.5064005473928472,-0.0427,0.00325,2.6454
2821,388,0.6186,0.3814,CV,0.0907,0.0884,-1.4399618702460144,-1.448890447538872,-0.03133,0.00124,2.6486
2822,388,0.6187,0.3813,CV,0.3891,0.3908,-1.7252080722576306,-1.7346038542592863,0.00717,-2e-05,2.6529
2823,388,0.6184,0.3816,CV,0.8048,0.8052,-1.70314986701604,-1.710992503096911,-0.01096,-0.0008,2.5954
2824,388,0.6186,0.3814,CV,0.4197,0.4186,-1.5729547135120727,-1.5818909530768328,0.01887,-0.00124,2.5691
2825,388,0.6189,0.3811,CV,0.1234,0.1226,-1.6697609681632475,-1.6800153384013665,0.00731,-0.00147,2.5567
2826,388,0.6181,0.3819,CV,1.1362,1.1371,-2.1100187515060247,-2.116459511706073,0.05784,-0.02821,2.6019
2827,388,0.6185,0.3815,CV,0.5733,0.5746,-1.6650012295190926,-1.6741621948396752,0.00271,-0.02581,2.6223
2828,388,0.6182,0.3818,CV,1.0201,1.0213,-2.0769628801448947,-2.0843610100688386,0.05409,-0.01745,2.5618
2829,388,0.6185,0.3815,CV,0.5475,0.5485,-1.5784801395742079,-1.5872823552355553,0.03475,-0.00977,2.5925
2830,388,0.6185,0.3815,CV,0.4457,0.4456,-1.5908914373535616,-1.5995011199356108,0.01958,0.0207,2.6159
2831,388,0.6183,0.3817,CV,1.0655,1.0671,-2.377700370247239,-2.3852662955516113,-0.04261,0.02234,2.5593
2832,388,0.6183,0.3817,CV,0.3497,0.3469,-1.6748215650879492,-1.6830988630393842,-0.04388,0.01647,2.5337
2833,388,0.6186,0.3814,CV,0.7893,0.7911,-1.7836918154375119,-1.79275375861191,-0.03114,-0.01617,2.5822
2834,388,0.6184,0.3816,CV,0.35,0.3476,-1.4941090373405634,-1.5022841324321383,-0.0316,-0.0184,2.6068
2835,388,0.6186,0.3814,CV,0.172,0.1725,-1.5443159969310067,-1.5534022381979757,-0.00922,-0.01304,2.6122
2836,388,0.6186,0.3814,CV,0.3897,0.3905,-1.5879128187076084,-1.596781058776674,-0.00054,0.01729,2.6178
2837,388,0.6184,0.3816,CV,0.6541,0.6545,-1.6465779942349053,-1.654629786854994,0.04028,-0.00559,2.625
2838,388,0.6183,0.3817,CV,0.5028,0.5013,-1.6210983901928218,-1.6287688059382897,0.05092,0.01697,2.6332
2839,388,0.6185,0.3815,CV,0.2987,0.2984,-1.5284702971923665,-1.537422271935434,0.03845,-0.00826,2.6416
2840,388,0.6187,0.3813,CV,0.292,0.2923,-1.517380023935611,-1.5265987241938446,0.02385,0.01487,2.6497
2841,388,0.6187,0.3813,CV,0.1114,0.1109,-1.4737791054576712,-1.4831302593689335,0.01252,0.01575,2.6571
2842,388,0.6184,0.3816,CV,0.788,0.7878,-2.2107722524138174,-2.2184297036509024,0.00477,0.01144,2.6012
2843,388,0.6183,0.3817,CV,0.6505,0.6496,-1.683128676044158,-1.691145588107509,-0.04295,0.00687,2.5758
2844,388,0.619,0.381,CV,0.7785,0.782,-1.7248027996776396,-1.7356375789333613,0.00028,0.00346,2.6225
2845,388,0.6186,0.3814,CV,0.8008,0.8015,-2.098431736719272,-2.106891045030237,-0.04489,0.00125,2.5814
2846,388,0.6188,0.3812,CV,0.7583,0.7605,-1.7082061798896446,-1.7178711096067718,0.02767,-9e-05,2.5512
2847,388,0.6188,0.3812,CV,0.2482,0.2466,-1.3890586724230685,-1.3984693526858738,0.03415,-0.00088,2.5358
2848,388,0.6179,0.3821,CV,0.9875,0.987,-1.9859145201148773,-1.9916525306166966,0.06293,-0.00127,2.5799
2849,388,0.6183,0.3817,CV,0.7491,0.7508,-1.817827220257937,-1.8265495648683394,0.0001,-0.02582,2.6008
2850,388,0.6184,0.3816,CV,0.1809,0.1788,-1.7160283673214107,-1.7244099405132762,-0.00338,-0.02357,2.604
2851,388,0.6185,0.3815,CV,0.0928,0.0922,-1.655720959305171,-1.6644680150160234,-0.00538,-0.01595,2.6087
2852,388,0.6179,0.3821,CV,1.1129,1.1135,-2.2141685132956623,-2.220123862067437,-0.0583,-0.00898,2.5537
2853,388,0.6185,0.3815,CV,0.5623,0.5633,-1.8368747731233226,-1.8462413405905247,-0.01222,0.02376,2.531
2854,388,0.6183,0.3817,CV,0.6756,0.6745,-1.8334973726498787,-1.8411664468885824,-0.05627,0.02449,2.5229
2855,388,0.619,0.381,CV,0.5461,0.549,-1.6848183212585668,-1.695722075353249,0.00674,0.01764,2.5131
2856,388,0.6189,0.3811,CV,0.3781,0.3777,-1.389639038164077,-1.399079457484882,0.03138,0.01086,2.5013
2857,388,0.6189,0.3811,CV,0.1218,0.1204,-1.3064084110791225,-1.3160966916198653,0.02666,0.0059,2.4888
2858,388,0.6178,0.3822,CV,1.3602,1.3615,-2.377450719606668,-2.382473824226616,-0.05903,0.00266,2.5353
2859,388,0.6183,0.3817,CV,0.6444,0.6454,-1.7701855058529956,-1.7788791480058406,-0.04967,-0.02429,2.4974
2860,388,0.6184,0.3816,CV,0.3831,0.3824,-1.7354250604265213,-1.7440024599041464,-0.04535,0.00318,2.4726
2861,388,0.6188,0.3812,CV,0.1839,0.1856,-1.3860705141725487,-1.3959427340300752,-0.01631,0.00803,2.4643
2862,388,0.6184,0.3816,CV,0.763,0.7635,-1.9643118323815747,-1.9721223002005608,-0.00365,0.00638,2.5153
2863,388,0.6184,0.3816,CV,0.2929,0.2906,-1.7332580005784313,-1.7413395763266397,0.00213,0.00387,2.5432
2864,388,0.6184,0.3816,CV,0.1141,0.1126,-1.658774272540187,-1.6673202205905053,0.00469,0.00181,2.5529
2865,388,0.6185,0.3815,CV,0.0803,0.0803,-1.6156073938434994,-1.624366551123596,0.0058,0.0004,2.5636
2866,388,0.6186,0.3814,CV,0.1518,0.1523,-1.4722615741570906,-1.4811892809735205,-0.00611,-0.0005,2.5761
2867,388,0.6181,0.3819,CV,0.9195,0.9199,-1.9876644731830462,-1.9945367013792281,0.05779,-0.00103,2.5896
2868,388,0.6187,0.3813,CV,0.4323,0.4354,-1.6352332761431616,-1.6452414088178067,0.00525,-0.00132,2.6031
2869,388,0.6188,0.3812,CV,0.1553,0.1555,-1.5343958165842244,-1.5437230290363617,-0.00662,-0.00146,2.6157
2870,388,0.6187,0.3813,CV,0.3719,0.3719,-1.5750806574117875,-1.584098408690213,-0.00626,0.02433,2.6273
2871,388,0.6186,0.3814,CV,0.6285,0.6293,-1.6293787590484408,-1.6381489166000027,0.03561,-0.00387,2.6379
2872,388,0.6184,0.3816,CV,0.8773,0.8778,-2.1839437723113178,-2.1917326117882583,-0.00525,-0.00987,2.5849
2873,388,0.6186,0.3814,CV,0.8175,0.8197,-1.7811923359153377,-1.7905787549761745,0.04351,-0.00875,2.6207
2874,388,0.6185,0.3815,CV,0.6172,0.6164,-1.931120350468272,-1.939477879541434,0.04241,-0.00657,2.5836
2875,388,0.6188,0.3812,CV,0.9118,0.9149,-1.8865437635734508,-1.8964538739786558,-0.02512,-0.0045,2.6162
2876,388,0.6187,0.3813,CV,0.6059,0.6061,-1.8922638497693933,-1.9011695492594392,-0.03386,-0.00307,2.5757
2877,388,0.6186,0.3814,CV,0.6434,0.644,-1.5748915058663548,-1.5834645667639373,-0.03837,-0.00208,2.6066
2878,388,0.6187,0.3813,CV,0.3725,0.3734,-1.5698923702372458,-1.5791939790716745,-0.00251,-0.00144,2.6281
2879,388,0.6184,0.3816,CV,0.9387,0.9399,-2.3745217932251412,-2.382355773297564,0.03287,-0.02689,2.5694
2880,388,0.6184,0.3816,CV,0.4897,0.4885,-1.5962791853268956,-1.6045889976166907,0.04453,0.00341,2.5421
2881,388,0.6187,0.3813,CV,0.1599,0.1578,-1.4294063068229375,-1.4390341573127474,0.03361,0.0092,2.5304
2882,388,0.6188,0.3812,CV,0.7471,0.7489,-1.6977387934910817,-1.707244565480667,-0.03478,0.00789,2.5181
2883,388,0.6186,0.3814,CV,0.8342,0.8355,-1.8158345034497296,-1.8242431126279126,0.00025,0.00528,2.5634
2884,388,0.6184,0.3816,CV,0.4214,0.4196,-1.784560342092342,-1.7924480198528268,0.01938,0.00314,2.5854
2885,388,0.6184,0.3816,CV,0.1388,0.1367,-1.6663364475538434,-1.6748069321261994,0.01704,0.00165,2.59
2886,388,0.6182,0.3818,CV,1.1221,1.1239,-2.231729730009569,-2.239019513116327,-0.04002,-0.0246,2.5339
2887,388,0.6185,0.3815,CV,0.3612,0.3608,-1.369816745356887,-1.3788100014568834,-0.02733,0.00443,2.5111
2888,388,0.6186,0.3814,CV,0.8869,0.8893,-1.9841544420622452,-1.9932977318720344,0.02307,0.00931,2.5623
2889,388,0.6183,0.3817,CV,0.5235,0.5219,-1.7545762261093312,-1.762285123555602,0.02715,0.03287,2.5896
2890,388,0.6186,0.3814,CV,0.7323,0.7345,-1.880755160197305,-1.8901460757088702,0.01947,0.00252,2.5349
2891,388,0.6187,0.3813,CV,0.5424,0.5439,-1.6896654078593272,-1.6988563181665401,0.01101,-0.00478,2.5698
2892,388,0.6187,0.3813,CV,0.5887,0.5896,-1.6019923585749334,-1.6110975266843524,0.01773,-0.00568,2.5346
2893,388,0.6179,0.3821,CV,1.3032,1.3045,-2.2833456316942495,-2.288971906012085,-0.06615,-0.03062,2.5705
2894,388,0.6181,0.3819,CV,0.7305,0.73,-2.1270282439747463,-2.134632256950589,-0.06782,-0.00154,2.535
2895,388,0.6184,0.3816,CV,0.5914,0.5921,-1.588560075280139,-1.5972320034089473,-0.04729,0.00473,2.5704
2896,388,0.6185,0.3815,CV,0.9623,0.9645,-2.087992200775057,-2.096574557889748,0.03488,0.00489,2.5965
2897,388,0.6178,0.3822,CV,1.5246,1.5271,-3.0704808471511695,-3.076170168471017,-0.07259,0.00348,2.5425
2898,388,0.6186,0.3814,CV,0.8593,0.8623,-1.708550008920022,-1.7185104737706653,0.01109,-0.02525,2.5191
2899,388,0.6181,0.3819,CV,0.8913,0.891,-1.8524943134781688,-1.859318747650439,0.06977,0.0041,2.511
2900,388,0.6181,0.3819,CV,0.8081,0.808,-1.9531177216739948,-1.9604986901231036,0.06173,0.00906,2.5607
2901,388,0.6183,0.3817,CV,0.2968,0.2939,-1.6948896359823993,-1.7030992195688348,0.04228,0.00769,2.5858
2902,388,0.6185,0.3815,CV,0.0979,0.0963,-1.625035079161922,-1.6338353306210258,0.02511,0.00519,2.5922
2903,388,0.6186,0.3814,CV,0.2203,0.2217,-1.4892966249652315,-1.4983723051704605,0.0006,0.00308,2.5992
2904,388,0.6181,0.3819,CV,0.8394,0.8394,-1.9232355351090344,-1.9301523540953547,0.05589,0.00162,2.6082
2905,388,0.6183,0.3817,CV,0.2516,0.2488,-1.5786008425969382,-1.5868584414545226,0.04957,0.00065,2.6182
2906,388,0.6186,0.3814,CV,0.8253,0.8277,-1.8650912173429894,-1.8742312868927038,-0.02041,-0.02545,2.6283
2907,388,0.6186,0.3814,CV,0.186,0.1844,-1.6871714305201826,-1.6961612522585647,-0.01976,-0.02357,2.6379
2908,388,0.6183,0.3817,CV,0.7944,0.794,-1.8835284437213065,-1.8909826854164653,-0.01696,-0.01588,2.5845
2909,388,0.6188,0.3812,CV,0.558,0.5604,-1.5729618090651871,-1.58311075310496,-0.02751,-0.00864,2.62
2910,388,0.6174,0.3826,CV,1.1927,1.1914,-2.0993936687289017,-2.1029601520031234,-0.09271,-0.0035,2.5832
2911,388,0.6189,0.3811,CV,0.9938,0.9991,-2.0636971009020177,-2.0756269432039725,0.00288,-0.00021,2.6162
2912,388,0.6187,0.3813,CV,0.4689,0.4684,-1.572412845935515,-1.5810797881230336,0.00961,0.02728,2.6384
2913,388,0.6186,0.3814,CV,0.7165,0.7175,-2.134420654633739,-2.1431554959949537,0.00777,0.02623,2.5796
2914,388,0.6183,0.3817,CV,0.7897,0.7895,-2.019616906980926,-2.0271195085776434,-0.05072,0.01852,2.5518
2915,388,0.6189,0.3811,CV,0.5172,0.5196,-1.7368609992645774,-1.7474661782147305,0.00771,0.01137,2.5392
2916,388,0.6188,0.3812,CV,0.5766,0.5771,-1.7117147689740255,-1.7209201530013143,-0.03749,0.00619,2.5258
2917,388,0.6188,0.3812,CV,0.1933,0.1916,-1.4959761905593905,-1.5055000381378456,-0.03506,0.00282,2.5114
2918,388,0.6183,0.3817,CV,1.0663,1.0678,-2.1426946100852327,-2.1500576349967226,0.02821,0.00077,2.5557
2919,388,0.6183,0.3817,CV,0.5559,0.5559,-1.7485216338104128,-1.7565665360046312,-0.01334,-0.00038,2.5775
2920,388,0.6184,0.3816,CV,0.178,0.1762,-1.5888742872774906,-1.5971859486709086,-0.01724,-0.00101,2.5822
2921,388,0.6185,0.3815,CV,0.0579,0.0575,-1.5492448887357162,-1.5579343198726754,-0.01181,-0.00134,2.5888
2922,388,0.6185,0.3815,CV,0.17,0.1696,-1.4547299849665398,-1.4634363667202996,-0.01794,-0.0015,2.5978
2923,388,0.6186,0.3814,CV,0.1743,0.1754,-1.5355473647892353,-1.544685659320195,0.00032,-0.00155,2.6081
2924,388,0.6187,0.3813,CV,0.1053,0.1054,-1.5099469577061462,-1.5191265476323097,0.0062,-0.00155,2.6187
2925,388,0.6187,0.3813,CV,0.0788,0.0786,-1.494586509325715,-1.5038718853491997,0.00764,-0.00151,2.629
2926,388,0.618,0.382,CV,1.0609,1.061,-2.398019852672557,-2.4042342499661205,-0.04614,-0.00148,2.5765
2927,388,0.6189,0.3811,CV,0.7633,0.7672,-1.7233408128192986,-1.7342233617493172,0.01416,-0.0014,2.6129
2928,388,0.6188,0.3812,CV,0.3115,0.3108,-1.5361979308291167,-1.5454038265968715,0.02575,-0.00132,2.6388
2929,388,0.6176,0.3824,CV,1.0498,1.0483,-2.176189279604764,-2.180723483890579,0.08646,-0.00122,2.6455
2930,388,0.6187,0.3813,CV,0.6948,0.6988,-1.7095894923759547,-1.7202167057254352,0.01131,0.02429,2.6508
2931,388,0.6184,0.3816,CV,0.8138,0.8141,-2.2257849399007408,-2.2336241314066703,-0.00843,0.02242,2.5937
2932,388,0.6183,0.3817,CV,0.7834,0.7837,-2.0253329166753735,-2.033427591860626,-0.00965,-0.04216,2.5678
2933,388,0.6186,0.3814,CV,0.2722,0.2696,-1.6379441546664326,-1.6472963261884925,-0.00655,-0.04405,2.5559
2934,388,0.6191,0.3809,CV,0.3175,0.3199,-1.5898121754544134,-1.600644845746033,-0.0033,-0.00312,2.5421
2935,388,0.6191,0.3809,CV,0.1411,0.1414,-1.4930193614189635,-1.5031875683912408,-0.00094,0.00666,2.5264
2936,388,0.619,0.381,CV,0.0885,0.0886,-1.443800629115935,-1.453735142000438,0.00055,0.00703,2.5103
2937,388,0.6182,0.3818,CV,0.9541,0.9541,-1.7896122945488369,-1.7960250650697263,0.06748,0.00524,2.495
2938,388,0.6188,0.3812,CV,0.741,0.744,-1.6994918520451237,-1.7096296900917702,-0.00425,0.0296,2.4808
2939,388,0.6182,0.3818,CV,0.8626,0.8629,-2.0203493194752853,-2.027286381548024,-0.0178,0.00046,2.5265
2940,388,0.6187,0.3813,CV,0.4822,0.4849,-1.6276122485384417,-1.6374266275605536,-0.01614,-0.00679,2.4884
2941,388,0.6183,0.3817,CV,0.6121,0.612,-1.814413641883554,-1.8219940196107245,-0.0109,-0.00654,2.5223
2942,388,0.6183,0.3817,CV,0.2872,0.2851,-1.5343125785735046,-1.5423209350760552,-0.01841,-0.0049,2.5496
2943,388,0.6183,0.3817,CV,0.7025,0.7033,-1.7359900761657157,-1.7439024341668115,0.03391,-0.0033,2.5604
2944,388,0.6183,0.3817,CV,0.2424,0.2407,-1.509018247205507,-1.5172683636711175,0.03576,-0.00211,2.5718
2945,388,0.6186,0.3814,CV,0.5026,0.5046,-1.7254972717740866,-1.7347335113182014,-0.01186,-0.00131,2.5845
2946,388,0.6185,0.3815,CV,0.3704,0.3698,-1.5249377291147777,-1.5334679819295338,-0.03182,-0.00079,2.5975
2947,388,0.6186,0.3814,CV,0.4581,0.4591,-1.6069400201596968,-1.6160511228838614,-0.00135,0.02509,2.6103
2948,388,0.6188,0.3812,CV,0.2807,0.2819,-1.6169607290424597,-1.626450972562891,-0.00712,-0.00269,2.6223
2949,388,0.6188,0.3812,CV,0.1186,0.1184,-1.55866536843638,-1.5680515670457686,-0.006,-0.00826,2.6332
2950,388,0.6188,0.3812,CV,0.1987,0.1989,-1.5493315053639063,-1.5587394974028115,0.00935,-0.00735,2.6429
2951,388,0.6183,0.3817,CV,0.7419,0.7412,-1.8239656432944786,-1.8312775225197364,0.04915,-0.03116,2.6518
2952,388,0.6186,0.3814,CV,0.3273,0.3269,-1.5826761785586778,-1.5917652366324404,0.043,-0.00093,2.6597
2953,388,0.6187,0.3813,CV,0.7216,0.7239,-1.7709338947098197,-1.780470436963206,-0.02405,0.00622,2.6665
2954,388,0.6188,0.3812,CV,0.4935,0.4948,-1.619237984614112,-1.6286235808694347,0.01976,0.00625,2.6724
2955,388,0.6188,0.3812,CV,0.1562,0.1551,-1.4989397987238584,-1.5082267352006018,0.0221,0.00468,2.6775
2956,388,0.6188,0.3812,CV,0.0444,0.0436,-1.4784401426036051,-1.4879273435352407,0.01459,0.00313,2.6818
2957,388,0.6185,0.3815,CV,0.7762,0.777,-1.7688596272098849,-1.777082190750974,-0.04507,0.00198,2.6856
2958,388,0.6185,0.3815,CV,0.2792,0.2768,-1.5022341218784103,-1.5108327205543641,-0.04596,0.00121,2.689
2959,388,0.6188,0.3812,CV,0.4758,0.4783,-1.5498419968704378,-1.5598076852075546,0.00572,0.00071,2.6918
2960,388,0.6188,0.3812,CV,0.2248,0.2251,-1.678229445852485,-1.6876558442260632,-0.01137,0.0004,2.6942
2961,388,0.6188,0.3812,CV,0.0992,0.0988,-1.6185731239522498,-1.6280072439428166,-0.01193,0.00021,2.6961
2962,388,0.6181,0.3819,CV,1.0573,1.0576,-2.1283223695023152,-2.1347941520937774,0.04554,0.0001,2.6351
2963,388,0.6184,0.3816,CV,0.314,0.3101,-1.4661577097442335,-1.4747442664258283,0.04309,3e-05,2.6051
2964,388,0.6189,0.3811,CV,0.7248,0.7279,-1.7083218406832,-1.7189014791943968,0.01438,-0.0,2.6479
2965,388,0.6188,0.3812,CV,0.2943,0.2934,-1.5503686118542257,-1.5594982815049512,0.00234,-2e-05,2.6657
2966,388,0.6187,0.3813,CV,0.2647,0.2642,-1.4715974072821465,-1.4804937138933785,-0.01507,-3e-05,2.6646
2967,388,0.6183,0.3817,CV,0.8752,0.8758,-1.9340461006075007,-1.9416659045145663,-0.0422,-4e-05,2.6013
2968,388,0.618,0.382,CV,0.5724,0.5696,-1.4505682921201406,-1.4574588942277806,-0.06395,-4e-05,2.5715
2969,388,0.6187,0.3813,CV,0.4398,0.4413,-1.5034276017100907,-1.513616963506619,-0.02166,-0.02804,2.557
2970,388,0.6189,0.3811,CV,0.16,0.1598,-1.382536584385284,-1.392593872421426,-0.00571,-0.02516,2.5417
2971,388,0.619,0.381,CV,0.3653,0.3668,-1.4214798249797553,-1.4316199567094092,0.00019,0.01096,2.5253
2972,388,0.6181,0.3819,CV,1.0021,1.0022,-2.009361152299806,-2.01556200587991,0.04043,0.01558,2.568
2973,388,0.6181,0.3819,CV,0.3781,0.3744,-1.6144621156440784,-1.6216921877536576,0.03781,0.0126,2.5884
2974,388,0.6183,0.3817,CV,0.1182,0.115,-1.5385399933337571,-1.5468585078805892,0.02592,0.00857,2.5919
2975,388,0.6184,0.3816,CV,0.7627,0.7642,-1.812166615487305,-1.8206584881444798,0.02747,0.0053,2.5351
2976,388,0.6186,0.3814,CV,0.5436,0.5454,-1.592561044281718,-1.6018356035823418,0.00522,0.00305,2.5704
2977,388,0.6179,0.3821,CV,1.1096,1.1098,-2.0432855564920875,-2.0489208235684084,-0.0659,-0.02362,2.5982
2978,388,0.6183,0.3817,CV,0.3086,0.3076,-1.5587028056542798,-1.5672434168451126,-0.05027,0.00269,2.6077
2979,388,0.6185,0.3815,CV,0.1072,0.1063,-1.5033411372266137,-1.5123583017231534,-0.03228,0.00781,2.6162
2980,388,0.6187,0.3813,CV,0.0545,0.0549,-1.487212674999839,-1.4964500145807667,-0.01832,0.00682,2.6252
2981,388,0.6185,0.3815,CV,0.7808,0.7818,-1.7792403733235387,-1.7874353701587218,0.04233,0.00468,2.6343
2982,388,0.6181,0.3819,CV,0.8701,0.8698,-1.7598702555449368,-1.7668366553462351,0.0312,0.02967,2.5809
2983,388,0.6184,0.3816,CV,0.2646,0.2612,-1.3009579506784335,-1.3098955121681932,0.0198,0.02552,2.5577
2984,388,0.6177,0.3823,CV,1.3729,1.3741,-2.7901822025703176,-2.795271275718063,-0.08918,-0.01264,2.5483
2985,388,0.6189,0.3811,CV,0.3699,0.374,-1.721826586365586,-1.7334795864190697,-0.02797,-0.01773,2.5366
2986,388,0.6187,0.3813,CV,0.9629,0.9646,-2.093668290155392,-2.1022769346220196,0.0499,0.01346,2.5225
2987,388,0.6185,0.3815,CV,0.9091,0.9108,-1.9055587106419267,-1.9139353730446689,-0.00048,0.01475,2.5666
2988,388,0.6184,0.3816,CV,0.3401,0.3377,-1.593638483819424,-1.6015928362705314,-0.01043,0.00988,2.5876
2989,388,0.6184,0.3816,CV,0.4042,0.4041,-1.6070660448319338,-1.6153320521306338,-0.00866,-0.01889,2.5915
2990,388,0.6184,0.3816,CV,0.2329,0.2318,-1.4627757747911967,-1.4711295071133763,-0.01683,-0.02056,2.5972
2991,388,0.6182,0.3818,CV,0.9024,0.9033,-1.9100735231383406,-1.9173520121070784,0.04911,-0.01555,2.6054
2992,388,0.6186,0.3814,CV,0.6257,0.6283,-1.6268646154053972,-1.6363960276823863,-0.01268,-0.01026,2.6151
2993,388,0.6183,0.3817,CV,0.7905,0.7907,-2.110168475045701,-2.1179230373790547,-0.00897,-0.0062,2.5627
2994,388,0.6188,0.3812,CV,0.505,0.5078,-1.5598190212656189,-1.5700811176654392,-0.00459,-0.00345,2.5997
2995,388,0.6188,0.3812,CV,0.2476,0.2473,-1.4551508304110796,-1.4645087284468838,-0.01429,-0.00169,2.6267
2996,388,0.6188,0.3812,CV,0.1633,0.1638,-1.5171600078766645,-1.5265532260223469,0.00174,-0.00063,2.634
2997,388,0.6183,0.3817,CV,0.8222,0.8221,-1.827704263271336,-1.834852626634853,0.05652,-1e-05,2.6402
2998,388,0.6188,0.3812,CV,0.4747,0.4778,-1.593069656449044,-1.603130198930883,0.00137,0.00034,2.6467
2999,388,0.6177,0.3823,CV,1.2646,1.2647,-2.675664501048817,-2.680258096334242,-0.0647,0.0273,2.5911
3000,388,0.6181,0.3819,CV,0.727,0.7274,-1.6166704759736388,-1.6248905506697775,-0.07061,-0.00281,2.6255
3001,388,0.6187,0.3813,CV,1.0116,1.0149,-2.2889168339520447,-2.2989436585080405,0.01852,-0.00918,2.5873
3002,388,0.6187,0.3813,CV,0.6576,0.6589,-1.6647334288742401,-1.6738749804908728,0.03247,-0.00774,2.6191
3003,388,0.6186,0.3814,CV,0.8383,0.8398,-1.7798028200376121,-1.7883247046020427,-0.03599,-0.00514,2.6406
3004,388,0.6186,0.3814,CV,0.9809,0.9833,-2.237400270109857,-2.2462973782726516,0.027,-0.00298,2.5814
3005,388,0.6187,0.3813,CV,0.2487,0.2469,-1.8958096115959897,-1.9050198982307056,0.0202,-0.00143,2.553
3006,388,0.6177,0.3823,CV,1.1984,1.1986,-2.2614325841348357,-2.266460938807568,0.08087,-0.00047,2.5993
3007,388,0.6178,0.3822,CV,0.4369,0.4325,-1.6559887783839313,-1.6628918182981158,0.07125,0.00012,2.6222
3008,388,0.6183,0.3817,CV,0.1216,0.1179,-1.5539052420899448,-1.5625301706554686,0.04758,0.00044,2.6261
3009,388,0.6184,0.3816,CV,0.3836,0.3837,-1.5994676949578837,-1.6081081714302332,0.0269,0.02532,2.6303
3010,388,0.6182,0.3818,CV,1.001,1.0023,-1.934784371455725,-1.9421382681069201,-0.05056,0.02324,2.6363
3011,388,0.6184,0.3816,CV,0.3934,0.3933,-1.58248558529398,-1.5912037248632327,-0.04188,-0.00976,2.6433
3012,388,0.6186,0.3814,CV,0.7014,0.7035,-1.7369356119578838,-1.7462078558016683,0.02222,-0.01455,2.6505
3013,388,0.6187,0.3813,CV,0.5355,0.5366,-1.6243172817829061,-1.6334137537684514,-0.0234,-0.01165,2.6573
3014,388,0.6188,0.3812,CV,0.3679,0.3691,-1.500271710914303,-1.5097359287361092,0.01142,-0.00774,2.6637
3015,388,0.6187,0.3813,CV,0.4542,0.4548,-1.5763157641444796,-1.585415314836551,-0.0245,-0.00457,2.6695
3016,388,0.6186,0.3814,CV,0.3521,0.3508,-1.4958489595155362,-1.5044855830208967,-0.03882,-0.0024,2.6747
3017,388,0.6187,0.3813,CV,0.115,0.1129,-1.4409765919670339,-1.4501999487728905,-0.03081,-0.00101,2.6794
3018,388,0.6176,0.3824,CV,1.1003,1.099,-2.855985872399799,-2.860344206265527,-0.07416,-0.00015,2.621
3019,388,0.6189,0.3811,CV,0.9015,0.9065,-1.8412088532195938,-1.852974694149046,0.00982,0.00034,2.6524
3020,388,0.6187,0.3813,CV,0.6382,0.6381,-1.9815937229979617,-1.990318423539402,0.02786,0.00063,2.6106
3021,388,0.6188,0.3812,CV,0.2111,0.2088,-1.6252455990440735,-1.634771019177737,0.02454,0.00077,2.5802
3022,388,0.6189,0.3811,CV,0.2332,0.2317,-1.3746685886012253,-1.3843828606470554,0.03156,0.00082,2.5634
3023,388,0.6186,0.3814,CV,0.4481,0.4465,-1.3933306431215304,-1.4019486431556205,0.05157,0.00082,2.5463
3024,388,0.6181,0.3819,CV,0.8533,0.8529,-1.8547494983629078,-1.8614179976954217,0.05231,0.00078,2.588
3025,388,0.6184,0.3816,CV,0.6459,0.6465,-1.6785741990440437,-1.687168866432561,0.04894,0.02608,2.5443
3026,388,0.6187,0.3813,CV,0.7789,0.7817,-1.6857056251567668,-1.6955383991431474,-0.02146,-0.00301,2.5141
3027,388,0.6184,0.3816,CV,0.8918,0.893,-1.7277356233715588,-1.7356681656769313,0.04762,0.01809,2.5007
3028,388,0.6189,0.3811,CV,0.3446,0.3468,-1.5720449653228326,-1.5822226705547537,0.00507,0.01665,2.4886
3029,388,0.6186,0.3814,CV,0.7415,0.7424,-1.6125309932311442,-1.6209855218254559,0.00458,-0.04232,2.4768
3030,388,0.6182,0.3818,CV,1.0186,1.0199,-1.9357295521488955,-1.9428661419076043,-0.02514,0.00836,2.5241
3031,388,0.6182,0.3818,CV,0.3521,0.35,-1.6658278496066798,-1.6736087555529888,-0.01529,-0.00703,2.5492
3032,388,0.6183,0.3817,CV,0.125,0.1229,-1.5889992955954337,-1.5973384812879305,-0.0112,-0.00844,2.5571
3033,388,0.6179,0.3821,CV,0.7943,0.7937,-1.8683167943613552,-1.8747100444343887,-0.0574,-0.00636,2.5668
3034,388,0.6181,0.3819,CV,0.8691,0.8699,-1.877492693358746,-1.8850713195713222,-0.04051,0.02171,2.5169
3035,388,0.6185,0.3815,CV,0.6044,0.606,-1.6483791775330827,-1.6575118618680809,-0.03898,-0.00566,2.5572
3036,388,0.6186,0.3814,CV,0.5943,0.5946,-1.8635037276206563,-1.8723698305707368,-0.0278,-0.01059,2.5264
3037,388,0.6188,0.3812,CV,0.571,0.5728,-1.642770894475717,-1.6523406021578273,-0.01667,-0.00839,2.5648
3038,388,0.6188,0.3812,CV,0.5543,0.5554,-1.8189326567631223,-1.828418827010934,-0.0086,-0.00539,2.5308
3039,388,0.6175,0.3825,CV,1.4565,1.4575,-2.4918078823723198,-2.4957162773149593,0.08819,-0.00293,2.5674
3040,388,0.6181,0.3819,CV,0.2439,0.2408,-1.7883860444022102,-1.796873182558378,0.05908,-0.00127,2.5946
3041,388,0.6184,0.3816,CV,1.2402,1.2435,-2.492575302887179,-2.5013450717732777,-0.03072,0.02572,2.5411
3042,388,0.6184,0.3816,CV,0.4108,0.4082,-1.6228555484091292,-1.630934844559679,-0.04132,0.02367,2.518
3043,388,0.6176,0.3824,CV,0.8552,0.8528,-1.8797807259619668,-1.8849037702747786,-0.08785,0.01587,2.5105
3044,388,0.619,0.381,CV,0.5026,0.5073,-1.5704589071569168,-1.58234437480952,-0.0152,0.00868,2.5017
3045,388,0.6186,0.3814,CV,0.6758,0.6755,-1.652487794792199,-1.6605784497687202,-0.04858,-0.02349,2.4911
3046,388,0.6185,0.3815,CV,0.9148,0.9167,-1.8800178779323458,-1.888504993184155,0.00012,0.002,2.5384
3047,388,0.6187,0.3813,CV,0.675,0.6769,-1.733985069836684,-1.7432758719102497,0.026,-0.01854,2.5006
3048,388,0.6186,0.3814,CV,0.6307,0.6318,-1.5979471328069716,-1.6067967898758146,-0.02664,-0.01755,2.4756
3049,388,0.6184,0.3816,CV,0.9217,0.9231,-2.1114909103811135,-2.1192828800822867,0.02367,-0.01214,2.5254
3050,388,0.6176,0.3824,CV,1.1739,1.174,-2.207267550156705,-2.212242766325157,0.08135,0.01808,2.4917
3051,388,0.6177,0.3823,CV,0.7171,0.716,-1.9162898163520483,-1.9228978475134413,0.06911,-0.00658,2.5288
3052,388,0.618,0.382,CV,1.4381,1.4416,-2.7125988210769973,-2.7203549491709453,-0.05215,-0.01018,2.5578
3053,388,0.6186,0.3814,CV,0.7563,0.7589,-1.8470043950053032,-1.8565830405189867,-0.0133,-0.00785,2.5072
3054,388,0.6183,0.3817,CV,0.9937,0.9951,-2.104769684825196,-2.1122463303126153,0.05068,-0.00465,2.5457
3055,388,0.6186,0.3814,CV,0.6208,0.6227,-1.815792925169524,-1.825082416217019,-0.00028,0.023,2.5762
3056,388,0.6185,0.3815,CV,0.4172,0.4167,-1.5557831632134405,-1.564216491021822,0.02601,0.02239,2.5879
3057,388,0.6185,0.3815,CV,0.4629,0.4629,-1.7354097473377044,-1.743916709942985,0.03588,-0.00944,2.5985
3058,388,0.6187,0.3813,CV,0.5524,0.5544,-1.6199392159961363,-1.629305878262084,-0.01169,0.01153,2.6095
3059,388,0.6187,0.3813,CV,0.3533,0.3535,-1.5237118434675332,-1.5326940148900605,-0.01991,-0.01311,2.6204
3060,388,0.6185,0.3815,CV,0.466,0.4648,-1.606251219666812,-1.6144021299434141,-0.04273,-0.01479,2.6309
3061,388,0.6187,0.3813,CV,0.0914,0.092,-1.632412563784243,-1.6418920407342195,-0.02278,-0.01081,2.6407
3062,388,0.6181,0.3819,CV,1.1071,1.1077,-2.243028979763288,-2.2495165924357163,0.04237,-0.00655,2.5872
3063,388,0.6187,0.3813,CV,0.5557,0.5577,-1.6970497232641293,-1.706943041964249,0.04189,-0.0033,2.6227
3064,388,0.6188,0.3812,CV,0.4284,0.429,-1.5515149563264208,-1.5609122834834208,0.01551,-0.02731,2.6475
3065,388,0.6188,0.3812,CV,0.1423,0.1414,-1.473924751140265,-1.4832025540830096,0.00397,-0.02349,2.6528
3066,388,0.6187,0.3813,CV,0.1458,0.1456,-1.5805268359208302,-1.589771601866087,0.01148,-0.01458,2.6567
3067,388,0.6188,0.3812,CV,0.0628,0.063,-1.5471402876039069,-1.5564720439510307,0.00795,-0.00688,2.661
3068,388,0.6188,0.3812,CV,0.07,0.0704,-1.5273974619773578,-1.5367621002362206,0.00294,-0.00151,2.6656
3069,388,0.6182,0.3818,CV,0.8942,0.8944,-1.9055827802704468,-1.9126502395063405,-0.05244,0.02759,2.6704
3070,388,0.6183,0.3817,CV,0.3249,0.3218,-1.5475333708559575,-1.5556202618886716,-0.05044,0.02725,2.6753
3071,388,0.6181,0.3819,CV,0.7892,0.7887,-2.136229293913632,-2.1435664698306667,-0.03611,0.02043,2.6171
3072,388,0.6185,0.3815,CV,0.2541,0.2511,-1.6634215909439898,-1.6726227456723552,-0.02213,0.01357,2.5896
3073,388,0.6189,0.3811,CV,0.0992,0.0979,-1.556185909111923,-1.5665389235895792,-0.01186,0.00844,2.5753
3074,388,0.6185,0.3815,CV,1.0897,1.0915,-2.115556750710947,-2.123360778222004,0.04857,0.0049,2.6185
3075,388,0.6186,0.3814,CV,0.554,0.5553,-1.7044062572993532,-1.7136292329611038,-0.00241,0.00278,2.6368
3076,388,0.6183,0.3817,CV,0.7045,0.7045,-1.7851659426988011,-1.792681126764474,0.03672,-0.02291,2.637
3077,388,0.6185,0.3815,CV,0.9637,0.9665,-2.205747955154647,-2.2148253082458815,-0.01666,0.00379,2.5759
3078,388,0.6186,0.3814,CV,0.3144,0.3125,-1.608510384753933,-1.6172761052006555,-0.02308,0.00857,2.5482
3079,388,0.6186,0.3814,CV,0.705,0.7061,-1.7683037915006818,-1.7773696186072094,0.03818,0.00726,2.5362
3080,388,0.619,0.381,CV,0.5263,0.5284,-1.6008719666644828,-1.6111803566907332,-0.01581,0.00492,2.5234
3081,388,0.619,0.381,CV,0.0401,0.0408,-1.2818688671058203,-1.2919079449299133,-0.00894,0.00293,2.5093
3082,388,0.6188,0.3812,CV,0.4198,0.4195,-1.4949505785458932,-1.5040147439486016,-0.01823,0.02821,2.495
3083,388,0.6185,0.3815,CV,0.9241,0.9255,-1.7435280073314632,-1.7515662203314895,0.05142,-0.00175,2.4815
3084,388,0.6188,0.3812,CV,0.1479,0.1495,-1.3710866520630884,-1.3808815578898543,0.02432,-0.00812,2.4689
3085,388,0.6181,0.3819,CV,0.7993,0.7989,-1.936427681599137,-1.9431009144081854,0.02314,-0.00744,2.516
3086,388,0.6181,0.3819,CV,0.3711,0.3681,-1.953639355984989,-1.9609396186111514,0.02685,-0.0055,2.5414
3087,388,0.6185,0.3815,CV,0.8436,0.8462,-1.767208192308658,-1.7762652395319811,-0.00632,-0.02824,2.4877
3088,388,0.6185,0.3815,CV,0.5985,0.5998,-1.6730096229292744,-1.6816548870996026,-0.00033,0.00094,2.5249
3089,388,0.6181,0.3819,CV,0.7694,0.7691,-1.78821919382038,-1.7951763716942966,-0.0377,0.03217,2.5557
3090,388,0.6182,0.3818,CV,0.4579,0.4568,-1.6774094139019267,-1.6852789989700228,-0.04843,0.00494,2.5686
3091,388,0.6182,0.3818,CV,0.3296,0.3272,-1.501607504817929,-1.5095284516659468,-0.04981,-0.00265,2.581
3092,388,0.6186,0.3814,CV,0.1211,0.1234,-1.5467369132381081,-1.5561295797466532,-0.02286,-0.00384,2.5939
3093,388,0.6181,0.3819,CV,1.1333,1.1343,-2.381823362293961,-2.388431964631948,0.04396,-0.0033,2.5447
3094,388,0.6189,0.3811,CV,0.7036,0.7072,-1.7206195049881738,-1.7313201373600582,-0.00971,-0.00237,2.5842
3095,388,0.6187,0.3813,CV,0.6082,0.6082,-1.8701006459704157,-1.8789646820230546,-0.01885,-0.00166,2.5513
3096,388,0.6187,0.3813,CV,0.3126,0.3107,-1.8582884567549298,-1.8674580522890765,-0.02839,-0.00113,2.5287
3097,388,0.618,0.382,CV,0.8114,0.8098,-2.0647102552329413,-2.0710519885852006,-0.07699,-0.00079,2.5194
3098,388,0.6187,0.3813,CV,0.9238,0.9273,-1.8682281422040452,-1.8784589668985756,-0.00832,-0.00055,2.5676
3099,388,0.6188,0.3812,CV,0.6421,0.644,-1.7362119235552518,-1.7458203715074494,0.02497,-0.00041,2.5288
3100,388,0.6187,0.3813,CV,0.2289,0.2276,-1.4260998107326517,-1.4352400212977177,0.02664,-0.00031,2.5021
3101,388,0.6184,0.3816,CV,0.7606,0.761,-1.6352071878552312,-1.6428944510251078,0.03373,-0.00024,2.5497
3102,388,0.6178,0.3822,CV,0.721,0.7185,-1.9955254201557566,-2.0012886860126957,0.06353,-0.0002,2.5753
3103,388,0.618,0.382,CV,0.4455,0.4435,-1.7877476360692883,-1.7951594091187224,0.05171,-0.02427,2.5829
3104,388,0.6184,0.3816,CV,0.268,0.2688,-1.6783648860802043,-1.6872628350209518,0.03353,0.0022,2.5913
3105,388,0.6185,0.3815,CV,0.7798,0.7817,-1.9067480775167367,-1.9153414936908737,-0.03132,0.0077,2.6013
3106,388,0.6186,0.3814,CV,0.475,0.4767,-1.6850769464970756,-1.6943324903508963,0.01302,0.00693,2.612
3107,388,0.6186,0.3814,CV,0.3959,0.396,-1.6253735338233573,-1.6342129479802097,0.01753,-0.02059,2.6227
3108,388,0.6187,0.3813,CV,0.1326,0.1315,-1.5354676500809699,-1.5446398045613063,0.01186,-0.02015,2.633
3109,388,0.6183,0.3817,CV,0.8681,0.8684,-2.1316703323010797,-2.139245905563942,0.00531,0.01345,2.5801
3110,388,0.6185,0.3815,CV,0.2903,0.2874,-1.6146103447495794,-1.6236205861960897,0.00026,0.0171,2.5572
3111,388,0.6189,0.3811,CV,0.6902,0.693,-1.7292745793983464,-1.7396747528343268,-0.00291,0.01308,2.6063
3112,388,0.6188,0.3812,CV,0.4749,0.475,-1.8495124268387115,-1.8585102484650506,0.00816,-0.01707,2.6298
3113,388,0.6187,0.3813,CV,0.2236,0.2229,-1.5467825570258047,-1.555748858848434,-0.00633,-0.01802,2.6335
3114,388,0.6186,0.3814,CV,0.8313,0.8328,-1.8831247144053047,-1.8916981089235545,0.00327,0.01359,2.5746
3115,388,0.6186,0.3814,CV,0.2672,0.2651,-1.4303410136239736,-1.439338101789255,0.00217,0.01667,2.5482
3116,388,0.6188,0.3812,CV,0.7252,0.7273,-1.7210921338390022,-1.730573206432752,-0.01417,0.01254,2.5955
3117,388,0.6188,0.3812,CV,0.5114,0.5126,-1.8274363574556118,-1.8370744036920952,-0.01573,0.00811,2.5563
3118,388,0.6187,0.3813,CV,0.6047,0.6057,-1.6598141985125605,-1.6686163734644543,-0.01282,0.00461,2.5872
3119,388,0.6188,0.3812,CV,0.5403,0.5419,-1.8204151116405622,-1.8299993844740876,-0.00989,0.00227,2.5472
3120,388,0.6188,0.3812,CV,0.1838,0.1828,-1.5357676619778426,-1.5451851652922517,-0.00753,0.0008,2.5204
3121,388,0.6189,0.3811,CV,0.082,0.0813,-1.4636103215132172,-1.4734654285673425,-0.00586,-0.0001,2.5086
3122,388,0.618,0.382,CV,1.0797,1.0801,-2.1712607771595653,-2.1772878109254385,-0.05626,-0.00058,2.556
3123,388,0.6183,0.3817,CV,0.6758,0.677,-1.8334144486179076,-1.8419993987066912,-0.00232,-0.0252,2.5799
3124,388,0.6181,0.3819,CV,0.8048,0.8049,-1.7851340677013119,-1.7921543082953546,-0.05014,0.00095,2.5859
3125,388,0.6185,0.3815,CV,0.708,0.7107,-1.8189442548343229,-1.8281959467415663,0.01566,0.00644,2.5931
3126,388,0.6184,0.3816,CV,0.4839,0.4833,-1.6607687626190355,-1.6687063336000119,0.02633,0.03057,2.6023
3127,388,0.6185,0.3815,CV,0.1655,0.1636,-1.5373707254648619,-1.5460912693992273,0.02159,0.02663,2.6127
3128,388,0.6187,0.3813,CV,0.3592,0.3605,-1.5713797245203205,-1.5807201635657604,0.01444,-0.00824,2.6232
3129,388,0.6187,0.3813,CV,0.1467,0.1462,-1.5044995779423036,-1.5137281618923641,0.00856,-0.01424,2.6332
3130,388,0.6188,0.3812,CV,0.0731,0.0725,-1.4855915255688146,-1.4949596880500378,0.00447,-0.0121,2.6425
3131,388,0.6188,0.3812,CV,0.0516,0.0512,-1.4754248504254706,-1.484868292962835,0.00184,-0.0086,2.6509
3132,388,0.6188,0.3812,CV,0.3694,0.3698,-1.5347163041020078,-1.5439440179964328,0.00024,0.02026,2.6585
3133,388,0.6183,0.3817,CV,0.7716,0.7715,-1.7568495062065814,-1.7643650593056879,-0.05259,0.01998,2.6653
3134,388,0.6188,0.3812,CV,0.3164,0.3191,-1.4863400409158796,-1.4964035641448883,-0.00939,0.01323,2.6713
3135,388,0.6187,0.3813,CV,0.6378,0.6386,-1.8565426747546454,-1.8653162070454297,0.02905,-0.0192,2.6765
3136,388,0.6186,0.3814,CV,0.803,0.8048,-1.7947184369149647,-1.803641567562975,-0.03607,0.00457,2.6811
3137,388,0.6185,0.3815,CV,0.8464,0.8477,-1.8230392661750257,-1.8314351116721395,0.0132,-0.04464,2.6851
3138,388,0.6187,0.3813,CV,0.2332,0.2341,-1.4886336576600432,-1.4981981352013178,0.02031,-0.01646,2.6885
3139,388,0.6184,0.3816,CV,0.7814,0.7812,-2.2357319862012606,-2.243449673743864,0.01629,-0.00545,2.6287
3140,388,0.6186,0.3814,CV,0.2522,0.2494,-1.7496855186642595,-1.758977549517315,0.01048,-0.00133,2.5994
3141,388,0.619,0.381,CV,0.1033,0.1021,-1.627773167013163,-1.6381374487205012,0.0058,0.00021,2.5837
3142,388,0.6191,0.3809,CV,0.0857,0.0862,-1.5583316385326371,-1.5687921174459696,0.00262,0.00075,2.5662
3143,388,0.6185,0.3815,CV,0.8568,0.8569,-1.9105595846970886,-1.9181331329864122,-0.05421,0.02834,2.5475
3144,388,0.6185,0.3815,CV,0.8983,0.9002,-1.808189603000562,-1.8167467972902105,-0.01029,-0.0006,2.5878
3145,388,0.6183,0.3817,CV,0.4339,0.4321,-1.5590405115422108,-1.5667854078394998,0.00267,0.01722,2.6057
3146,388,0.6184,0.3816,CV,0.1419,0.1395,-1.4777286049890102,-1.486070144385123,0.0052,0.0155,2.607
3147,388,0.6184,0.3816,CV,0.4261,0.4266,-1.6673535470603988,-1.6757811227611927,0.0168,-0.01418,2.6105
3148,388,0.6186,0.3814,CV,0.2677,0.2688,-1.485458721259134,-1.49441852851094,0.00246,0.00736,2.6168
3149,388,0.6186,0.3814,CV,0.3069,0.3073,-1.4932765429772175,-1.5021752599110731,-0.00119,-0.01583,2.6247
3150,388,0.6186,0.3814,CV,0.2148,0.2144,-1.5571040440927484,-1.5660905101773246,0.0112,-0.01682,2.6332
3151,388,0.6181,0.3819,CV,0.7453,0.7443,-1.7145481304681152,-1.7214139883167396,0.04905,-0.03805,2.6419
3152,388,0.6183,0.3817,CV,0.4562,0.4552,-1.6153232507075852,-1.6235987590478986,0.05521,-0.00551,2.6503
3153,388,0.6187,0.3813,CV,0.7176,0.7202,-1.7536557301657894,-1.763381070579614,-0.01297,-0.02226,2.658
3154,388,0.6187,0.3813,CV,0.3955,0.396,-1.5640788420557108,-1.5732610349507505,-0.02544,0.00748,2.6648
3155,388,0.618,0.382,CV,0.859,0.8576,-1.8434864306948315,-1.8494756133071397,-0.07405,0.01254,2.6712
3156,388,0.6176,0.3824,CV,0.9267,0.925,-2.306489812142464,-2.3119531909388824,-0.06408,0.03801,2.6144
3157,388,0.6185,0.3815,CV,0.7534,0.7553,-1.9824445389523198,-1.9922052056044506,0.01558,0.03201,2.5879
3158,388,0.6188,0.3812,CV,0.6148,0.6163,-1.7945712045057056,-1.8046666515388883,-0.02886,-0.00797,2.5744
3159,388,0.619,0.381,CV,0.2085,0.2074,-1.5466055691314569,-1.5566554114826954,-0.02791,-0.01438,2.5587
3160,388,0.6167,0.3833,CV,1.8999,1.9015,-3.2949635340728136,-3.2953846012495447,0.10097,-0.03785,2.6012
3161,388,0.6184,0.3816,CV,0.6445,0.6487,-1.6825410047188987,-1.6932107840454957,0.02602,-0.00703,2.6201
3162,388,0.6185,0.3815,CV,0.2443,0.2446,-1.5055842908827215,-1.514406714067811,0.0025,0.00202,2.6212
3163,388,0.6183,0.3817,CV,0.645,0.6451,-1.797888277017095,-1.8055834612389363,-0.04019,0.00396,2.624
3164,388,0.6185,0.3815,CV,0.6491,0.651,-1.7714064096597146,-1.7803757671261966,0.01195,-0.02105,2.6294
3165,388,0.6184,0.3816,CV,0.8536,0.8549,-1.9005832137473768,-1.9085846305653245,-0.03042,0.03065,2.6362
3166,388,0.6183,0.3817,CV,0.4302,0.428,-1.5315042155117902,-1.5392228211509666,-0.04292,0.03341,2.6438
3167,388,0.6187,0.3813,CV,0.2937,0.2956,-1.590896665076885,-1.6005127056490842,-0.00623,0.02421,2.6513
3168,388,0.6188,0.3812,CV,0.1365,0.1368,-1.5366424470217732,-1.5460407389218684,0.00498,0.01464,2.6583
3169,388,0.6186,0.3814,CV,0.5908,0.5912,-1.6259171406197073,-1.6344714345201297,0.03337,-0.01846,2.6648
3170,388,0.6187,0.3813,CV,0.4316,0.433,-1.6383311710756738,-1.6478187832697921,-0.00812,-0.02084,2.6706
3171,388,0.6184,0.3816,CV,0.7873,0.787,-2.035018337829773,-2.0425967742028477,-0.01391,-0.01582,2.6131
3172,388,0.6186,0.3814,CV,0.2459,0.2429,-1.5795743548335086,-1.5888366530279006,-0.00957,-0.01015,2.586
3173,388,0.6187,0.3813,CV,0.9112,0.9136,-1.8076047223183713,-1.8170678471974149,0.0368,-0.00579,2.6314
3174,388,0.6184,0.3816,CV,0.4952,0.4929,-1.697220422050746,-1.7049844350671965,0.04989,-0.00292,2.6518
3175,388,0.6187,0.3813,CV,0.4446,0.4469,-1.606041592745962,-1.6157284885188647,0.00074,-0.00115,2.6527
3176,388,0.6186,0.3814,CV,0.4105,0.4105,-1.6615721982641365,-1.6701598240542201,0.02741,-0.00011,2.6539
3177,388,0.6187,0.3813,CV,0.4379,0.4394,-1.6088890038341068,-1.6180974821841128,-0.01292,0.0005,2.6568
3178,388,0.6187,0.3813,CV,0.4107,0.4114,-1.654373183664002,-1.6633676358543554,0.01982,0.00084,2.6608
3179,388,0.6187,0.3813,CV,0.1393,0.1384,-1.5554167594821524,-1.564525457821944,0.02048,0.001,2.6654
3180,388,0.6187,0.3813,CV,0.0554,0.055,-1.5270753305212947,-1.5364085740366416,0.01372,0.00107,2.6701
3181,388,0.6188,0.3812,CV,0.0488,0.049,-1.5102345872301821,-1.5196535817527208,0.00705,0.00108,2.6745
3182,388,0.6187,0.3813,CV,0.3844,0.3844,-1.5689487598791907,-1.5779240383492585,0.00217,0.0269,2.6787
3183,388,0.6184,0.3816,CV,0.761,0.7613,-1.772043248528702,-1.77998203759724,0.05081,-0.0014,2.6827
3184,388,0.6186,0.3814,CV,0.2841,0.284,-1.4743378447041988,-1.4835501237740991,0.03125,0.01875,2.6863
3185,388,0.6187,0.3813,CV,0.676,0.678,-1.7028199101049224,-1.712190138197757,-0.02378,-0.00881,2.6894
3186,388,0.6187,0.3813,CV,0.2696,0.2682,-1.5047033570319925,-1.5136128527423105,-0.03117,-0.01248,2.6921
3187,388,0.6179,0.3821,CV,0.8567,0.855,-1.826736614193507,-1.8324914199783746,-0.07775,-0.00984,2.6948
3188,388,0.6184,0.3816,CV,0.8991,0.9012,-2.3362713331249862,-2.345399230598847,-0.01245,-0.00642,2.6344
3189,388,0.6189,0.3811,CV,0.5488,0.5519,-1.5437379255619592,-1.5542851744920514,0.00368,-0.00365,2.6638
3190,388,0.6188,0.3812,CV,0.5573,0.5575,-1.996536958349758,-2.0058022996394684,0.00586,-0.00178,2.6202
3191,388,0.6189,0.3811,CV,0.1785,0.1769,-1.6718738030639668,-1.6816380608428523,0.00401,-0.00059,2.5882
3192,388,0.6186,0.3814,CV,0.7623,0.7625,-1.8983776941379904,-1.9066065759332618,-0.05419,0.00011,2.5702
3193,388,0.6189,0.3811,CV,0.6326,0.6351,-1.738113421342055,-1.7484981772829469,0.0052,-0.02702,2.552
3194,388,0.6183,0.3817,CV,1.0404,1.0417,-2.084842216324602,-2.092117365435061,0.01564,0.02799,2.5926
3195,388,0.6187,0.3813,CV,0.5131,0.5146,-1.7456633490351303,-1.7551381461957225,0.0136,0.03275,2.5479
3196,388,0.6184,0.3816,CV,0.6509,0.651,-1.6082203750025468,-1.6159584259716921,-0.00358,0.02353,2.576
3197,388,0.6184,0.3816,CV,0.2431,0.2409,-1.4916275486598285,-1.499881880402642,-0.00654,0.01413,2.5972
3198,388,0.6179,0.3821,CV,0.8536,0.8528,-1.8274952494410668,-1.8335090229111803,-0.05363,0.03121,2.6027
3199,388,0.6184,0.3816,CV,1.1013,1.1047,-2.0970061342629087,-2.105949685999123,0.02581,-0.02458,2.6091
3200,388,0.6184,0.3816,CV,0.2829,0.2812,-1.6314599024073269,-1.639768706029336,0.02371,-0.03091,2.6174
3201,388,0.6186,0.3814,CV,0.177,0.1774,-1.470390233126678,-1.4795200264317148,0.00394,-0.02419,2.6264
3202,388,0.6187,0.3813,CV,0.0709,0.0706,-1.4533419444187003,-1.4625983004409049,-0.00144,-0.01613,2.6355
3203,388,0.6188,0.3812,CV,0.0391,0.039,-1.4484878216523827,-1.457856692541573,-0.00218,-0.00979,2.6441
3204,388,0.6188,0.3812,CV,0.1902,0.1903,-1.5545004884384974,-1.5638514365837866,0.01125,-0.00544,2.6521
3205,388,0.6188,0.3812,CV,0.078,0.0775,-1.5210329809654104,-1.530453981667232,0.01073,-0.00265,2.6594
3206,388,0.6188,0.3812,CV,0.0484,0.0482,-1.504069938951235,-1.513548100484888,0.00721,-0.00095,2.6658
3207,388,0.6179,0.3821,CV,1.1501,1.1503,-2.4794730856483214,-2.485068073050863,-0.05031,0.0272,2.609
3208,388,0.6183,0.3817,CV,0.4242,0.422,-1.7111516276505672,-1.719743441760813,-0.04696,-0.00366,2.5828
3209,388,0.6188,0.3812,CV,0.7092,0.7117,-1.7198702816583977,-1.7300755747718792,-0.03098,-0.00886,2.6288
3210,388,0.6183,0.3817,CV,1.0754,1.0764,-2.0924972225705076,-2.0995741463392235,0.04732,-0.03302,2.6497
3211,388,0.6186,0.3814,CV,0.8708,0.8737,-1.9338266356339529,-1.943305613849172,-0.01171,0.02208,2.6512
3212,388,0.6186,0.3814,CV,0.7791,0.7804,-2.010477302385165,-2.019095676768925,-0.02038,0.00235,2.59
3213,388,0.6187,0.3813,CV,0.5325,0.5344,-1.6230415640559797,-1.6325911438413228,-0.01443,-0.00201,2.6206
3214,388,0.6173,0.3827,CV,1.5315,1.5321,-2.709530574286706,-2.71263582280579,0.09473,-0.00218,2.6433
3215,388,0.6184,0.3816,CV,0.4492,0.4517,-1.6260088163694897,-1.63575982611786,0.04038,-0.02639,2.6479
3216,388,0.6187,0.3813,CV,0.287,0.2892,-1.550543724969142,-1.5601116726194264,0.01656,0.00194,2.6517
3217,388,0.6187,0.3813,CV,0.1266,0.1271,-1.5036596683988628,-1.512908951612732,0.00577,0.00819,2.6562
3218,388,0.6187,0.3813,CV,0.0711,0.0711,-1.4868984760446498,-1.4961904729051914,0.00072,0.0078,2.6613
3219,388,0.6188,0.3812,CV,0.0529,0.0528,-1.4766434720400958,-1.4859962468853614,-0.00169,0.00596,2.6663
3220,388,0.6188,0.3812,CV,0.0456,0.0454,-1.4688800285726282,-1.4782794159489387,-0.00281,0.00423,2.6712
3221,388,0.6183,0.3817,CV,0.8921,0.892,-2.6768481599041247,-2.684046948992356,-0.01688,-0.02403,2.6131
3222,388,0.6189,0.3811,CV,0.66,0.6633,-1.701307779036294,-1.71187735106098,0.01181,0.00555,2.6449
3223,388,0.6183,0.3817,CV,1.0166,1.0172,-2.2544469678789447,-2.2616387005403116,-0.05412,0.01136,2.6039
3224,388,0.6182,0.3818,CV,0.5198,0.5172,-1.7060029581990308,-1.713730515766955,-0.05141,0.03764,2.5746
3225,388,0.6186,0.3814,CV,1.012,1.015,-2.0319532731896226,-2.041393804536731,0.01902,0.03143,2.618
3226,388,0.6188,0.3812,CV,0.6499,0.6517,-1.8546280942656215,-1.8642799442442635,0.03005,-0.00583,2.5748
3227,388,0.6186,0.3814,CV,0.6342,0.6347,-1.717260893076356,-1.7256240233250613,0.02326,-0.01191,2.6029
3228,388,0.6186,0.3814,CV,0.2908,0.29,-1.4907952900121797,-1.499511537318621,0.00249,-0.01033,2.6228
3229,388,0.6186,0.3814,CV,0.1472,0.1462,-1.5710339468187458,-1.5798083665822125,0.00923,-0.0073,2.626
3230,388,0.6185,0.3815,CV,0.7515,0.7528,-1.980994911402704,-1.98958576044034,0.00755,-0.00471,2.5674
3231,388,0.6187,0.3813,CV,0.552,0.5539,-1.5226211061421686,-1.5320879937906564,-0.00884,-0.00285,2.6004
3232,388,0.6183,0.3817,CV,0.8815,0.8818,-1.9408297141042206,-1.9480679121676154,0.05307,-0.00165,2.6252
3233,388,0.6186,0.3814,CV,0.6135,0.6156,-1.726023354449926,-1.7353909887748227,-0.00074,-0.02595,2.6315
3451,391,0.7,0.3,CV,39.5395,39.5395,-13.890145101504086,-13.890145101504086,0.0,0.0,1481.5994
3452,391,0.6451,0.3549,CV,44.431,44.431,-16.91028225536695,-16.91062069019031,17.31014,-5.02399,2013.8775
3453,391,0.605,0.395,CV,64.5127,64.0345,-19.19292873003831,-19.10519899627757,41.75921,-9.97837,3130.4185
3454,391,0.5557,0.4443,CV,71.439,69.0928,-19.945424313209834,-19.71434273935916,53.35731,-21.64605,4367.2293
3455,391,0.5535,0.4465,CV,53.171,48.9228,-20.278983600922974,-20.11118365696343,56.93391,-21.44758,5428.2624
3456,391,0.6141,0.3859,CV,55.4707,57.0469,-33.90861709961517,-33.993860747690626,43.2802,-5.66827,5724.3941
3457,391,0.6172,0.3828,CV,37.746,36.9987,-42.64257789958078,-42.65227406972595,32.20827,2.00944,5613.388
3458,391,0.6159,0.3841,CV,34.4053,33.4684,-56.306997686598024,-56.30659445127817,23.38306,3.5497,5271.5915
3459,391,0.6163,0.3837,CV,28.3342,27.5278,-70.43921299525145,-70.44207254627959,15.59223,3.87035,4833.688
3460,391,0.6252,0.3748,CV,25.2663,25.9845,-66.70145212400357,-66.74170988626985,8.22271,0.94825,4529.91
3461,391,0.6152,0.3848,CV,46.4211,46.0124,-68.68785406314147,-68.67268407850325,11.36899,0.61056,4165.5575
3462,391,0.6004,0.3996,CV,71.1858,70.6106,-69.27654211909069,-69.21387481520644,14.76609,1.17075,3795.8566
3463,391,0.5919,0.4081,CV,62.9736,62.167,-56.87741466399615,-56.8012301055741,16.54144,1.32772,3500.9615
3464,391,0.5912,0.4088,CV,51.8172,50.9523,-51.37024452498161,-51.303768027045024,16.32415,1.10036,3212.7818
3465,391,0.587,0.413,CV,54.257,53.3925,-50.97476078270594,-50.892162699921364,17.42084,0.57023,2958.3299
3466,391,0.5963,0.4037,CV,33.5923,32.7745,-31.108097524620078,-31.069803232722535,15.48877,0.1388,2771.4775
3467,391,0.6073,0.3927,CV,17.1098,16.4168,-21.363615254797814,-21.357649471842986,11.62299,-0.36587,2596.3118
3468,391,0.61,0.39,CV,25.17,24.7126,-24.097164461386214,-24.08646512618217,9.40971,-0.66709,2385.009
3469,391,0.6136,0.3864,CV,38.6947,38.6516,-16.385210006020486,-16.385480201102197,7.05171,-0.73422,2307.1496
3470,391,0.612,0.388,CV,31.0433,30.7173,-17.09525577045047,-17.083560600876016,7.22124,0.04777,2165.1666
3471,391,0.6139,0.3861,CV,16.4012,16.034,-15.458333649607113,-15.457164017116236,5.86682,0.2064,2050.0689
3472,391,0.6177,0.3823,CV,16.5823,16.6781,-11.828332744053881,-11.840219474042987,2.99201,0.63014,1981.1116
3473,391,0.615,0.385,CV,32.0759,31.9152,-14.475459495662491,-14.470577326986703,3.92804,1.42295,1915.7245
3474,391,0.6118,0.3882,CV,40.2956,40.0699,-12.398483688243587,-12.383957429458524,4.70657,2.10979,1878.8994
3475,391,0.6142,0.3858,CV,27.0473,26.9216,-11.784910889502518,-11.785095759704111,2.74711,2.25456,1874.8015
3476,391,0.6128,0.3872,CV,37.0775,36.8506,-12.463377171083172,-12.454113925685778,2.77208,2.59174,1895.7111
3477,391,0.6103,0.3897,CV,49.9072,49.6568,-13.071316801752097,-13.053803479987897,3.61256,3.43256,1922.715
3478,391,0.6117,0.3883,CV,35.6739,35.4204,-12.639091731473036,-12.631254581441345,2.49447,3.94605,1953.1714
3479,391,0.6141,0.3859,CV,44.3346,44.3019,-16.106258422340716,-16.10632512042573,-0.49626,3.3159,2013.3881
3480,391,0.6158,0.3842,CV,26.2412,26.1619,-26.330880904990266,-26.334351050037522,-0.50783,3.2839,2010.9695
3481,391,0.6131,0.3869,CV,68.2727,68.2779,-25.55003442197978,-25.539815152693734,-2.2072,2.50389,1889.1167
3482,391,0.6125,0.3875,CV,33.28,33.0415,-36.14714493468773,-36.13833232269695,-3.43805,3.17314,1863.9806
3483,391,0.6059,0.3941,CV,56.3641,56.1459,-40.791783526228315,-40.75631381640605,-5.84384,0.58239,1781.0757
3832,392,0.7,0.3,CV,31.6648,31.6648,-44.96678110857614,-44.96678110857614,0.0,0.0,18.037
3833,392,0.4955,0.5045,CA,36.2421,36.2421,-83.85814659162055,-83.24315273420996,14.42765,3.45343,28.5917
3834,392,0.011,0.989,CA,40.546,40.0778,-98.19449832594213,-93.39938809280177,47.45096,14.13174,81.7251
3835,392,0.011,0.989,CA,38.1438,37.0834,-63.952994734484776,-59.84042225845927,95.1246,30.0502,139.9271
3836,392,0.0232,0.9768,CA,25.4231,23.6447,-25.46773862133179,-22.119191109854228,129.1624,41.51337,177.3559
3837,392,0.4197,0.5803,CA,12.05,12.4726,-29.70251714418897,-29.750093946650033,123.34223,28.75078,164.2515
3838,392,0.6489,0.3511,CV,16.2716,18.527,-80.02099052092571,-80.44727612958732,-11.28122,-19.20866,165.7796
3839,392,0.4587,0.5413,CA,9.3158,9.0687,-41.52945554304214,-40.844038314018356,14.96575,-14.03841,122.4035
3840,392,0.5312,0.4688,CV,10.9143,11.4313,-11.656040890279698,-11.537605581996583,-16.12729,-11.25091,101.298
3841,392,0.3298,0.6702,CA,14.6156,14.2544,-15.38824985577397,-14.331993609087245,-28.69079,-4.74596,104.3619
3842,392,0.5421,0.4579,CV,10.6159,10.9001,-16.233772911181518,-16.340779045245252,-17.61618,3.81943,94.078
3843,392,0.4866,0.5134,CA,12.1416,12.0227,-27.94203536573429,-27.525486369358063,-16.33613,2.53876,76.8354
3845,392,0.5,0.5,CA,51.0397,51.6748,-127.50933394281144,-112.85108785632744,80.32031,-15.60023,45.2151
3846,392,0.3317,0.6683,CA,19.9903,22.6272,-29.749747819858882,-28.747021276302966,-118.27268,18.90643,86.269
3847,392,0.1475,0.8525,CA,10.3045,8.0622,-11.946555859697732,-10.127423457355889,-143.30243,20.36486,110.3209
3848,392,0.7222,0.2778,CV,8.7888,11.1398,-12.409453237903277,-13.55917221958448,-61.75858,4.64966,77.8859
3849,392,0.6879,0.3121,CV,7.6834,8.3504,-20.002742664603467,-20.161933397996915,3.56201,-3.06694,58.0478
3850,392,0.6433,0.3567,CV,5.0003,4.9604,-8.167390011842759,-8.178516841259631,-3.55561,-1.88063,44.0559
3851,392,0.6128,0.3872,CV,4.2259,4.1,-6.38817222229731,-6.335865682189867,-5.14686,-1.36096,36.4035
3852,392,0.1562,0.8438,CA,18.1743,18.3269,-36.87821467899622,-34.725233563261085,19.48669,-3.0531,37.4215
3853,392,0.4852,0.5148,CA,3.2349,3.4274,-12.853189493668918,-12.97588857743584,16.53257,-2.12547,36.4935
3854,392,0.6013,0.3987,CV,14.6626,15.1413,-22.516776582620796,-22.646485110609117,-8.48582,1.7769,36.244
3855,392,0.3336,0.6664,CA,15.7069,15.4983,-28.509163393328876,-27.36793918051722,-16.47793,4.17117,35.7169
3961,394,0.7,0.3,CV,8.1477,8.1477,-11.383227643105968,-11.383227643105968,0.0,0.0,6.6379
3964,394,0.5,0.5,CA,26.6775,26.6775,-65.7143185830037,-62.00796189206191,14.237,-7.58231,18.8067
3975,396,0.7,0.3,CV,2.8469,2.8469,-16.264579146733645,-16.264579146733645,0.0,0.0,10.3794
3976,396,0.5964,0.4036,CV,13.3948,13.3948,-47.63888811511266,-47.432264643046516,6.63789,-1.00219,14.2326
3982,396,0.5,0.5,CA,123.9127,123.8596,-274.1278197950711,-260.04671568066277,28.23601,-3.06329,26.217
3983,396,0.8244,0.1756,CV,7.4825,8.7589,-9.127091276209224,-10.37120514467606,-6.83474,0.9784,40.1215
3985,396,0.5,0.5,CA,66.8186,66.8642,-228.24671550324769,-213.30206971546045,36.04311,-2.40681,28.64
3986,396,0.0798,0.9202,CA,15.2508,14.0348,-28.551470975593034,-25.803603701670585,59.06005,-3.41151,58.0319
3987,396,0.5454,0.4546,CV,12.4474,12.835,-22.723430967572387,-23.195846657117194,41.97725,-1.01475,49.5455
3988,396,0.0012,0.9988,CA,25.7628,24.9451,-68.6963811560234,-61.62704699873709,104.9142,-1.60862,66.559
3989,396,0.0001,0.9999,CA,28.7944,27.2665,-92.81612896866196,-83.3577079851923,184.79886,-0.65122,59.1707
4219,401,0.7,0.3,CV,51.6509,51.6509,-20.099315574612604,-20.099315574612604,0.0,0.0,1447.218
4220,401,0.6409,0.3591,CV,66.6379,66.6379,-31.263289596377646,-31.24562246604122,28.19311,5.55973,1992.6569
4221,401,0.5855,0.4145,CV,70.3797,69.558,-51.96626795029082,-51.80382939300928,64.61198,11.02082,3144.588
4222,401,0.5031,0.4969,CV,77.0933,74.2196,-67.28694282036808,-66.873392423948,104.36633,25.14743,4466.0713
4223,401,0.4379,0.5621,CA,74.7962,69.3579,-82.41558342743942,-81.85927861553338,145.3427,28.41615,5864.4885
4224,401,0.3411,0.6589,CA,98.0367,90.8923,-61.729514496760984,-60.85726071290266,219.38514,42.00693,7268.1846
4225,401,0.4306,0.5694,CA,57.4178,48.9809,-41.06656071558602,-40.70974782518178,242.18469,42.13749,8356.8617
4226,401,0.5397,0.4603,CV,25.7436,18.6037,-28.728358100163213,-28.683902755870953,200.96646,33.80678,8883.1033
4227,401,0.6057,0.3943,CV,16.3136,16.3837,-19.5297225559472,-19.599710739629014,127.57367,22.20219,8948.0969
4228,401,0.6394,0.3606,CV,28.4174,32.8092,-14.87825368742821,-14.995266019927216,45.90716,9.66693,8523.0499
4229,401,0.6354,0.3646,CV,51.7415,53.4509,-13.899160295222183,-13.94874048558631,-7.90815,1.55452,7818.4805
4230,401,0.6257,0.3743,CV,51.5494,51.3035,-13.400842966231544,-13.414903378132019,-11.6711,-0.63986,7472.0482
4231,401,0.6186,0.3814,CV,41.5428,40.9554,-13.203336700983963,-13.201858271017608,-17.02305,-1.42193,7041.4934
4232,401,0.6111,0.3889,CV,65.555,64.7779,-15.024010621524292,-15.000976992931516,-19.3341,-3.27498,6868.5732
4233,401,0.6141,0.3859,CV,22.2024,21.186,-14.407367928892311,-14.408526750847614,-14.12017,-2.68843,6745.1284
4234,401,0.6137,0.3863,CV,40.2989,39.5866,-14.026849020486306,-14.021481232147739,-12.3051,-2.24073,6598.9904
4235,401,0.6132,0.3868,CV,44.2197,43.5494,-15.366647554262665,-15.360139674238969,-11.11701,-2.18603,6548.952
4236,401,0.6128,0.3872,CV,51.7904,51.1771,-15.796785681212654,-15.788900694896583,-10.62558,-1.84139,6539.3525
4237,401,0.6133,0.3867,CV,48.198,47.6385,-15.60811471180161,-15.603167250064992,-9.63961,-1.16042,6519.1323
4238,401,0.6137,0.3863,CV,49.7037,49.208,-15.095920366390395,-15.091918590235199,-8.88387,-0.32412,6497.0845
4239,401,0.6136,0.3864,CV,53.1732,52.6811,-15.001832424994525,-14.996943977817054,-8.90681,0.18686,6517.0646
4240,401,0.613,0.387,CV,62.0479,61.5604,-15.320942673737283,-15.313626569305093,-9.66627,0.27092,6591.6999
4241,401,0.6124,0.3876,CV,69.8152,69.3204,-15.588164128852842,-15.578866498997627,-10.46595,-0.03613,6745.5393
4242,401,0.6116,0.3884,CV,85.9365,85.5677,-15.078029465924564,-15.066643976635351,-9.97961,1.94785,6617.5206
4243,401,0.6128,0.3872,CV,54.0147,53.5084,-14.133813401912622,-14.128274896010067,-8.27459,2.27708,6523.9009
4244,401,0.6124,0.3876,CV,101.7723,101.6481,-19.54258471969804,-19.53408249259287,-10.79674,-1.20424,6805.906
4245,401,0.6138,0.3862,CV,59.84,59.4545,-19.035375392530185,-19.033109131423025,-8.8258,-2.09225,7126.8103
4246,401,0.6152,0.3848,CV,37.0139,36.4985,-18.015694846974302,-18.01703674131295,-7.198,-2.0072,7327.7394
4247,401,0.6161,0.3839,CV,34.8853,34.5056,-16.747045924444635,-16.750214025543638,-6.24614,-1.97498,7463.1683
4248,401,0.6169,0.3831,CV,26.5793,26.3016,-15.973886197781304,-15.979381329823541,-5.07948,-1.71846,7589.8496
4249,401,0.6174,0.3826,CV,34.3966,34.2527,-15.246161007187064,-15.25231427133712,-3.8905,-1.95905,7660.9535
4250,401,0.6168,0.3832,CV,49.3052,49.0578,-14.209299881207622,-14.212295233515306,-5.38019,-1.92578,7774.3998
4251,401,0.6153,0.3847,CV,69.6228,69.3001,-14.590736843635236,-14.588419049163004,-7.78141,-1.71904,7863.8466
4252,401,0.6142,0.3858,CV,67.6908,67.2352,-14.673236120757668,-14.66851879024178,-9.22134,-1.6563,7932.4837
4253,401,0.6151,0.3849,CV,43.6191,43.0894,-14.49542842531907,-14.496068446032128,-8.40173,-1.19035,7995.2524
4254,401,0.6147,0.3853,CV,59.4871,59.0323,-14.020003321105518,-14.017417455107264,-8.53733,-0.07668,7957.0103
4255,401,0.6124,0.3876,CV,78.3999,77.8889,-15.516175800321939,-15.50470195637923,-9.75283,0.36416,7801.3035
4256,401,0.6142,0.3858,CV,44.5907,44.0481,-16.179488757642027,-16.179017844620816,-9.63234,0.0863,7819.1444
4257,401,0.6156,0.3844,CV,38.5213,38.044,-18.90891601956718,-18.91155185633216,-8.79091,0.82321,7856.9571
4258,401,0.6165,0.3835,CV,31.139,30.6611,-23.215317237156142,-23.219635556912593,-7.48305,1.33781,7823.6529
4259,401,0.6157,0.3843,CV,49.0863,48.662,-29.71063777356499,-29.71049386521627,-8.07174,1.48607,7751.9294
4260,401,0.6142,0.3858,CV,65.0651,64.6303,-24.487969492527643,-24.482460685751455,-9.74016,0.63917,7713.1543
4261,401,0.6148,0.3852,CV,75.4648,75.3465,-24.93987299055057,-24.93911484739135,-6.21062,2.3184,7372.4344
4262,401,0.6191,0.3809,CV,49.2096,49.6669,-19.13799236778799,-19.154622586539197,-1.38203,-0.89247,7385.8283
4263,401,0.619,0.381,CV,17.3396,17.2295,-16.6862294471456,-16.69604968715542,-1.41771,-0.76616,7255.6165
4264,401,0.616,0.384,CV,73.8413,73.7078,-15.429863379502132,-15.427292167852569,-3.69124,-0.55401,6861.4387
4265,401,0.6056,0.3944,CV,110.0006,109.6164,-17.471919861908333,-17.42970183558464,-5.78265,-3.48547,6302.9803
4266,401,0.6079,0.3921,CV,47.3955,46.6943,-13.131861337156769,-13.114706467565474,-7.48142,-4.27187,5927.125
4267,401,0.6098,0.3902,CV,39.0509,38.3323,-13.159830742592973,-13.147473832011798,-8.21159,-4.12095,5498.1047
4268,401,0.5842,0.4158,CV,102.8131,102.1626,-17.861239602226142,-17.739361326647575,-9.48538,-9.56342,4796.9319
4269,401,0.5428,0.4572,CV,243.0303,243.304,-46.93782667862577,-46.685552079632565,-29.20352,2.13296,4771.0313
4272,402,0.7,0.3,CV,113.101,113.101,-18.44365997108975,-18.44365997108975,0.0,0.0,1667.3411
4273,402,0.64,0.36,CV,109.5602,109.5602,-20.097385284165043,-20.075640217351573,-17.15459,-7.26375,2349.7003
4274,402,0.587,0.413,CV,112.8866,112.2569,-34.43023839035134,-34.275095563080576,-56.28325,-27.89108,3570.6956
4275,402,0.5437,0.4563,CV,85.9017,83.0645,-42.90503196633132,-42.65223306533731,-78.39182,-38.18096,4975.6278
4276,402,0.5297,0.4703,CV,71.4594,67.1223,-59.038877250020505,-58.792749951745066,-92.65385,-44.10741,6249.7625
4277,402,0.5574,0.4426,CV,46.761,42.1965,-76.534708712188,-76.42040021429145,-87.77121,-42.32369,7028.9632
4278,402,0.5877,0.4123,CV,32.6958,29.144,-82.69941520312294,-82.6688637215187,-73.81936,-28.60539,7301.4421
4279,402,0.5534,0.4466,CV,79.9673,76.9356,-95.56287225154851,-95.34801201356764,-83.44649,-29.26263,7131.7871
4280,402,0.4634,0.5366,CA,111.884,107.99,-95.75436816020164,-95.22840655431558,-114.84999,-37.65557,6993.7753
4281,402,0.4517,0.5483,CA,80.9153,75.5453,-77.4231337122971,-76.97929760645617,-140.27413,-41.48033,7023.8412
4282,402,0.5156,0.4844,CV,47.9163,43.2651,-66.06036032539589,-65.88944048113284,-134.35901,-34.04433,6879.4594
4283,402,0.599,0.401,CV,30.6435,32.0032,-71.48457838665342,-71.56125545657581,-82.96071,-15.86142,6590.0698
4284,402,0.601,0.399,CV,65.8334,64.8464,-42.97104960153688,-42.934833956694646,-62.18475,-8.35233,6311.7783
4285,402,0.5794,0.4206,CV,109.4779,108.0028,-23.618263495469343,-23.489623519822622,-58.33235,-7.07416,6338.4931
4286,402,0.5772,0.4228,CV,86.4251,84.3046,-18.87418094349185,-18.768557305429756,-55.0637,-4.12844,6338.0408
4287,402,0.6058,0.3942,CV,71.8188,72.0981,-16.548431862167984,-16.564297266505104,-29.14817,1.07092,6458.2723
4288,402,0.6168,0.3832,CV,80.8932,81.6907,-15.406381835172507,-15.426617480137665,-4.52787,4.89972,6493.9176
4289,402,0.6151,0.3849,CV,65.9756,65.8274,-14.833534937356093,-14.830369820543014,5.38502,5.31491,6531.1609
4290,402,0.6148,0.3852,CV,46.0004,45.5363,-19.346251858763473,-19.344068213962437,7.96245,4.50108,6551.948
4291,402,0.6155,0.3845,CV,61.1549,61.0097,-23.883202468215654,-23.88452026893213,8.08891,3.1575,6381.9675
4292,402,0.6067,0.3933,CV,126.1658,125.8652,-22.62706932207805,-22.590486264748613,11.48011,2.07079,5980.8494
4293,402,0.597,0.403,CV,104.7182,104.0125,-21.643118437890763,-21.578810949739392,12.84404,2.01316,5620.603
4294,402,0.5749,0.4251,CV,117.1685,116.2366,-22.868926694643697,-22.72794077336241,13.95932,0.47824,5151.1408
4295,402,0.6061,0.3939,CV,122.5992,123.444,-19.073909293228564,-19.094198947012366,-10.12173,4.01986,4976.2079
